Datetime,Open,High,Low,Close,Volume
2026-01-16 12:05:00-05:00,21.165000915527344,21.174999237060547,21.149999618530273,21.15290069580078,0
2026-01-16 12:10:00-05:00,21.158000946044922,21.18000030517578,21.151399612426758,21.174999237060547,31261
2026-01-16 12:15:00-05:00,21.174999237060547,21.190000534057617,21.165000915527344,21.174999237060547,22645
2026-01-16 12:20:00-05:00,21.174999237060547,21.189899444580078,21.174999237060547,21.189899444580078,5079
2026-01-16 12:25:00-05:00,21.18000030517578,21.186500549316406,21.165000915527344,21.170000076293945,34891
2026-01-16 12:30:00-05:00,21.174999237060547,21.200000762939453,21.170000076293945,21.19499969482422,20843
2026-01-16 12:35:00-05:00,21.19499969482422,21.209999084472656,21.190000534057617,21.204999923706055,39822
2026-01-16 12:40:00-05:00,21.204999923706055,21.20599937438965,21.19499969482422,21.200000762939453,24940
2026-01-16 12:45:00-05:00,21.205400466918945,21.21500015258789,21.184999465942383,21.200000762939453,67888
2026-01-16 12:50:00-05:00,21.209699630737305,21.219999313354492,21.19499969482422,21.21500015258789,45553
2026-01-16 12:55:00-05:00,21.21470069885254,21.2450008392334,21.200000762939453,21.239999771118164,14938
2026-01-16 13:00:00-05:00,21.239999771118164,21.26099967956543,21.239999771118164,21.25,23664
2026-01-16 13:05:00-05:00,21.25510025024414,21.270000457763672,21.25,21.25,17936
2026-01-16 13:10:00-05:00,21.252099990844727,21.252099990844727,21.219999313354492,21.225000381469727,16633
2026-01-16 13:15:00-05:00,21.229999542236328,21.260000228881836,21.229999542236328,21.25,27174
2026-01-16 13:20:00-05:00,21.254600524902344,21.2549991607666,21.239999771118164,21.239999771118164,13485
2026-01-16 13:25:00-05:00,21.25,21.260000228881836,21.239999771118164,21.25,6581
2026-01-16 13:30:00-05:00,21.2450008392334,21.285999298095703,21.2450008392334,21.274999618530273,28408
2026-01-16 13:35:00-05:00,21.280000686645508,21.290000915527344,21.239999771118164,21.2549991607666,27031
2026-01-16 13:40:00-05:00,21.2549991607666,21.270000457763672,21.25,21.264999389648438,6280
2026-01-16 13:45:00-05:00,21.260099411010742,21.280000686645508,21.239999771118164,21.271299362182617,29432
2026-01-16 13:50:00-05:00,21.274999618530273,21.290000915527344,21.264999389648438,21.28499984741211,13570
2026-01-16 13:55:00-05:00,21.280000686645508,21.280000686645508,21.25,21.280000686645508,18613
2026-01-16 14:00:00-05:00,21.289899826049805,21.299999237060547,21.260000228881836,21.28499984741211,39587
2026-01-16 14:05:00-05:00,21.28499984741211,21.287700653076172,21.270000457763672,21.274999618530273,34717
2026-01-16 14:10:00-05:00,21.274999618530273,21.274999618530273,21.2450008392334,21.255399703979492,35073
2026-01-16 14:15:00-05:00,21.260000228881836,21.269699096679688,21.2450008392334,21.259700775146484,130384
2026-01-16 14:20:00-05:00,21.2549991607666,21.2549991607666,21.2450008392334,21.2549991607666,11021
2026-01-16 14:25:00-05:00,21.2549991607666,21.28499984741211,21.2549991607666,21.274999618530273,22779
2026-01-16 14:30:00-05:00,21.274999618530273,21.274999618530273,21.25,21.260000228881836,15885
2026-01-16 14:35:00-05:00,21.260000228881836,21.269899368286133,21.225000381469727,21.231000900268555,29920
2026-01-16 14:40:00-05:00,21.22450065612793,21.25,21.221399307250977,21.25,27433
2026-01-16 14:45:00-05:00,21.2450008392334,21.2549991607666,21.239999771118164,21.2450008392334,14571
2026-01-16 14:50:00-05:00,21.240100860595703,21.260000228881836,21.209999084472656,21.229999542236328,28912
2026-01-16 14:55:00-05:00,21.235000610351562,21.264999389648438,21.200000762939453,21.264999389648438,172028
2026-01-16 15:00:00-05:00,21.270000457763672,21.270000457763672,21.25,21.254499435424805,60481
2026-01-16 15:05:00-05:00,21.2549991607666,21.274999618530273,21.204999923706055,21.274999618530273,39912
2026-01-16 15:10:00-05:00,21.275100708007812,21.299999237060547,21.25,21.2549991607666,70515
2026-01-16 15:15:00-05:00,21.2549991607666,21.2549991607666,21.145000457763672,21.174999237060547,73858
2026-01-16 15:20:00-05:00,21.174999237060547,21.174999237060547,21.139999389648438,21.145000457763672,72791
2026-01-16 15:25:00-05:00,21.149999618530273,21.18000030517578,21.135000228881836,21.15999984741211,78751
2026-01-16 15:30:00-05:00,21.149999618530273,21.149999618530273,21.09000015258789,21.110000610351562,99349
2026-01-16 15:35:00-05:00,21.104999542236328,21.1200008392334,21.079999923706055,21.109699249267578,63882
2026-01-16 15:40:00-05:00,21.110000610351562,21.135499954223633,21.059999465942383,21.1299991607666,137004
2026-01-16 15:45:00-05:00,21.135000228881836,21.149999618530273,21.10460090637207,21.104999542236328,81893
2026-01-16 15:50:00-05:00,21.100000381469727,21.139999389648438,21.094999313354492,21.135000228881836,71079
2026-01-16 15:55:00-05:00,21.135000228881836,21.139299392700195,21.09000015258789,21.09000015258789,282470
2026-01-20 09:30:00-05:00,20.799999237060547,20.829999923706055,20.690000534057617,20.795000076293945,471713
2026-01-20 09:35:00-05:00,20.799999237060547,20.920000076293945,20.760000228881836,20.860000610351562,104607
2026-01-20 09:40:00-05:00,20.8700008392334,20.940000534057617,20.823999404907227,20.8789005279541,112988
2026-01-20 09:45:00-05:00,20.8700008392334,20.885000228881836,20.764999389648438,20.799999237060547,75825
2026-01-20 09:50:00-05:00,20.799999237060547,20.806100845336914,20.75,20.773099899291992,78174
2026-01-20 09:55:00-05:00,20.774499893188477,20.848499298095703,20.75,20.848499298095703,92842
2026-01-20 10:00:00-05:00,20.850000381469727,20.8700008392334,20.80500030517578,20.819900512695312,63216
2026-01-20 10:05:00-05:00,20.815500259399414,20.850000381469727,20.799999237060547,20.8356990814209,103415
2026-01-20 10:10:00-05:00,20.834999084472656,20.844999313354492,20.799999237060547,20.799999237060547,54164
2026-01-20 10:15:00-05:00,20.80500030517578,20.8799991607666,20.799999237060547,20.870100021362305,91229
2026-01-20 10:20:00-05:00,20.8700008392334,20.979900360107422,20.8700008392334,20.969999313354492,87492
2026-01-20 10:25:00-05:00,20.96500015258789,20.985000610351562,20.940099716186523,20.97450065612793,53392
2026-01-20 10:30:00-05:00,20.969999313354492,21.065000534057617,20.934999465942383,21.065000534057617,82937
2026-01-20 10:35:00-05:00,21.065000534057617,21.075000762939453,21.010000228881836,21.045000076293945,77692
2026-01-20 10:40:00-05:00,21.045000076293945,21.070999145507812,21.03499984741211,21.070999145507812,35309
2026-01-20 10:45:00-05:00,21.06999969482422,21.09000015258789,21.040000915527344,21.059999465942383,99716
2026-01-20 10:50:00-05:00,21.059999465942383,21.079999923706055,21.020000457763672,21.024999618530273,52519
2026-01-20 10:55:00-05:00,21.024999618530273,21.040000915527344,21.010000228881836,21.030000686645508,53154
2026-01-20 11:00:00-05:00,21.030000686645508,21.06999969482422,21.024999618530273,21.030000686645508,64297
2026-01-20 11:05:00-05:00,21.020999908447266,21.02989959716797,20.989999771118164,21.020200729370117,31506
2026-01-20 11:10:00-05:00,21.020000457763672,21.065000534057617,21.0,21.024999618530273,43105
2026-01-20 11:15:00-05:00,21.024999618530273,21.03890037536621,21.014999389648438,21.0310001373291,13991
2026-01-20 11:20:00-05:00,21.030099868774414,21.059999465942383,21.030000686645508,21.040000915527344,18246
2026-01-20 11:25:00-05:00,21.040000915527344,21.049999237060547,21.010000228881836,21.020000457763672,29934
2026-01-20 11:30:00-05:00,21.030000686645508,21.100000381469727,21.030000686645508,21.09510040283203,31812
2026-01-20 11:35:00-05:00,21.097000122070312,21.110000610351562,21.079999923706055,21.104999542236328,17524
2026-01-20 11:40:00-05:00,21.110000610351562,21.110000610351562,21.059999465942383,21.064699172973633,20138
2026-01-20 11:45:00-05:00,21.06999969482422,21.1200008392334,21.06999969482422,21.100000381469727,26789
2026-01-20 11:50:00-05:00,21.10379981994629,21.15999984741211,21.102399826049805,21.155000686645508,44563
2026-01-20 11:55:00-05:00,21.15999984741211,21.25,21.149999618530273,21.219999313354492,61735
2026-01-20 12:00:00-05:00,21.209999084472656,21.209999084472656,21.15999984741211,21.15999984741211,51059
2026-01-20 12:05:00-05:00,21.155000686645508,21.195499420166016,21.149999618530273,21.15999984741211,33147
2026-01-20 12:10:00-05:00,21.15999984741211,21.204999923706055,21.139999389648438,21.204999923706055,19445
2026-01-20 12:15:00-05:00,21.204999923706055,21.209999084472656,21.170000076293945,21.170000076293945,30031
2026-01-20 12:20:00-05:00,21.1653995513916,21.1653995513916,21.079999923706055,21.094999313354492,39065
2026-01-20 12:25:00-05:00,21.09000015258789,21.1200008392334,21.068500518798828,21.11009979248047,20544
2026-01-20 12:30:00-05:00,21.110000610351562,21.1200008392334,21.030000686645508,21.030000686645508,20718
2026-01-20 12:35:00-05:00,21.03499984741211,21.03499984741211,20.96500015258789,21.0,100481
2026-01-20 12:40:00-05:00,20.9950008392334,21.014999389648438,20.993099212646484,20.995399475097656,60684
2026-01-20 12:45:00-05:00,20.9950008392334,20.9950008392334,20.94029998779297,20.954999923706055,18115
2026-01-20 12:50:00-05:00,20.954999923706055,20.954999923706055,20.886899948120117,20.905000686645508,57428
2026-01-20 12:55:00-05:00,20.899999618530273,20.940000534057617,20.890100479125977,20.90999984741211,25707
2026-01-20 13:00:00-05:00,20.90999984741211,20.915000915527344,20.889999389648438,20.905000686645508,22980
2026-01-20 13:05:00-05:00,20.905000686645508,20.924999237060547,20.899999618530273,20.90999984741211,21792
2026-01-20 13:10:00-05:00,20.920000076293945,20.954999923706055,20.920000076293945,20.94499969482422,14789
2026-01-20 13:15:00-05:00,20.950000762939453,20.96500015258789,20.90999984741211,20.920000076293945,24085
2026-01-20 13:20:00-05:00,20.924999237060547,20.93000030517578,20.88409996032715,20.88409996032715,19554
2026-01-20 13:25:00-05:00,20.8799991607666,20.889999389648438,20.850000381469727,20.864500045776367,27668
2026-01-20 13:30:00-05:00,20.865100860595703,20.8799991607666,20.840099334716797,20.844999313354492,16498
2026-01-20 13:35:00-05:00,20.843299865722656,20.85540008544922,20.809999465942383,20.81999969482422,37466
2026-01-20 13:40:00-05:00,20.819900512695312,20.83989906311035,20.75,20.82550048828125,159383
2026-01-20 13:45:00-05:00,20.825000762939453,20.829999923706055,20.790000915527344,20.799999237060547,33943
2026-01-20 13:50:00-05:00,20.80500030517578,20.80500030517578,20.780000686645508,20.790000915527344,28071
2026-01-20 13:55:00-05:00,20.795000076293945,20.834999084472656,20.78499984741211,20.81999969482422,37785
2026-01-20 14:00:00-05:00,20.825000762939453,20.860000610351562,20.81999969482422,20.860000610351562,37936
2026-01-20 14:05:00-05:00,20.860000610351562,20.889999389648438,20.850000381469727,20.87969970703125,171477
2026-01-20 14:10:00-05:00,20.8799991607666,20.8799991607666,20.81999969482422,20.854999542236328,26562
2026-01-20 14:15:00-05:00,20.854999542236328,20.854999542236328,20.795000076293945,20.80500030517578,103530
2026-01-20 14:20:00-05:00,20.799999237060547,20.81999969482422,20.799999237060547,20.80500030517578,13051
2026-01-20 14:25:00-05:00,20.809999465942383,20.844999313354492,20.790000915527344,20.844999313354492,39686
2026-01-20 14:30:00-05:00,20.850000381469727,20.850000381469727,20.764999389648438,20.764999389648438,36199
2026-01-20 14:35:00-05:00,20.760000228881836,20.799999237060547,20.7450008392334,20.794599533081055,28597
2026-01-20 14:40:00-05:00,20.795000076293945,20.934999465942383,20.795000076293945,20.934999465942383,107226
2026-01-20 14:45:00-05:00,20.93000030517578,20.94499969482422,20.90999984741211,20.93000030517578,77291
2026-01-20 14:50:00-05:00,20.933900833129883,21.0,20.93000030517578,20.989999771118164,98918
2026-01-20 14:55:00-05:00,21.0,21.05500030517578,20.969999313354492,21.05500030517578,124202
2026-01-20 15:00:00-05:00,21.045000076293945,21.1200008392334,21.03499984741211,21.1200008392334,102497
2026-01-20 15:05:00-05:00,21.1200008392334,21.155000686645508,21.100000381469727,21.125,115375
2026-01-20 15:10:00-05:00,21.1299991607666,21.1299991607666,21.020000457763672,21.079999923706055,70430
2026-01-20 15:15:00-05:00,21.079999923706055,21.149999618530273,21.06999969482422,21.135000228881836,30978
2026-01-20 15:20:00-05:00,21.1299991607666,21.165000915527344,21.045000076293945,21.065000534057617,152789
2026-01-20 15:25:00-05:00,21.062000274658203,21.18000030517578,21.041900634765625,21.179100036621094,169954
2026-01-20 15:30:00-05:00,21.174999237060547,21.209999084472656,21.149999618530273,21.155000686645508,201849
2026-01-20 15:35:00-05:00,21.149999618530273,21.19499969482422,21.1200008392334,21.1299991607666,224040
2026-01-20 15:40:00-05:00,21.138999938964844,21.139999389648438,21.100000381469727,21.104999542236328,52399
2026-01-20 15:45:00-05:00,21.104999542236328,21.114999771118164,21.079999923706055,21.084999084472656,54100
2026-01-20 15:50:00-05:00,21.079999923706055,21.1200008392334,21.079999923706055,21.110000610351562,106910
2026-01-20 15:55:00-05:00,21.104999542236328,21.15999984741211,21.094999313354492,21.100000381469727,173980
2026-01-21 09:30:00-05:00,21.670000076293945,21.829999923706055,21.6299991607666,21.719999313354492,836767
2026-01-21 09:35:00-05:00,21.710100173950195,21.729999542236328,21.530000686645508,21.579999923706055,163425
2026-01-21 09:40:00-05:00,21.5757999420166,21.618999481201172,21.3700008392334,21.395000457763672,143025
2026-01-21 09:45:00-05:00,21.389999389648438,21.5,21.360000610351562,21.459800720214844,106942
2026-01-21 09:50:00-05:00,21.459999084472656,21.618999481201172,21.450000762939453,21.575000762939453,85879
2026-01-21 09:55:00-05:00,21.562000274658203,21.674999237060547,21.559999465942383,21.6299991607666,104335
2026-01-21 10:00:00-05:00,21.618999481201172,21.790000915527344,21.59000015258789,21.75,438237
2026-01-21 10:05:00-05:00,21.75,21.760000228881836,21.68000030517578,21.709999084472656,158302
2026-01-21 10:10:00-05:00,21.713699340820312,21.790000915527344,21.700000762939453,21.76140022277832,89208
2026-01-21 10:15:00-05:00,21.799999237060547,21.924999237060547,21.7450008392334,21.790000915527344,276213
2026-01-21 10:20:00-05:00,21.78499984741211,21.790000915527344,21.71500015258789,21.719999313354492,86425
2026-01-21 10:25:00-05:00,21.717199325561523,21.75,21.700000762939453,21.71269989013672,54103
2026-01-21 10:30:00-05:00,21.71500015258789,21.764999389648438,21.684999465942383,21.71980094909668,151501
2026-01-21 10:35:00-05:00,21.71500015258789,21.75,21.683700561523438,21.74139976501465,33016
2026-01-21 10:40:00-05:00,21.749900817871094,21.759899139404297,21.684999465942383,21.709999084472656,74033
2026-01-21 10:45:00-05:00,21.709999084472656,21.760000228881836,21.6299991607666,21.670000076293945,94711
2026-01-21 10:50:00-05:00,21.665000915527344,21.689157485961914,21.6299991607666,21.68549919128418,35783
2026-01-21 10:55:00-05:00,21.685100555419922,21.790000915527344,21.674999237060547,21.77989959716797,53060
2026-01-21 11:00:00-05:00,21.780000686645508,21.825000762939453,21.739999771118164,21.795000076293945,219256
2026-01-21 11:05:00-05:00,21.795000076293945,21.799999237060547,21.725000381469727,21.799999237060547,41991
2026-01-21 11:10:00-05:00,21.80500030517578,21.899999618530273,21.795000076293945,21.82900047302246,57674
2026-01-21 11:15:00-05:00,21.823299407958984,21.83970069885254,21.804000854492188,21.825000762939453,49306
2026-01-21 11:20:00-05:00,21.825000762939453,21.84000015258789,21.770000457763672,21.829999923706055,90748
2026-01-21 11:25:00-05:00,21.829999923706055,21.84000015258789,21.795000076293945,21.829999923706055,45518
2026-01-21 11:30:00-05:00,21.834999084472656,21.84000015258789,21.75,21.75,40439
2026-01-21 11:35:00-05:00,21.7549991607666,21.780000686645508,21.701400756835938,21.71500015258789,54213
2026-01-21 11:40:00-05:00,21.709999084472656,21.752899169921875,21.703500747680664,21.704999923706055,45610
2026-01-21 11:45:00-05:00,21.700000762939453,21.704500198364258,21.530000686645508,21.635000228881836,187461
2026-01-21 11:50:00-05:00,21.639999389648438,21.65999984741211,21.578399658203125,21.600000381469727,138875
2026-01-21 11:55:00-05:00,21.594999313354492,21.614999771118164,21.584999084472656,21.604999542236328,22750
2026-01-21 12:00:00-05:00,21.610000610351562,21.63990020751953,21.575000762939453,21.600000381469727,54428
2026-01-21 12:05:00-05:00,21.600000381469727,21.639999389648438,21.594999313354492,21.6200008392334,132101
2026-01-21 12:10:00-05:00,21.614999771118164,21.6299991607666,21.560300827026367,21.56999969482422,39037
2026-01-21 12:15:00-05:00,21.56999969482422,21.610000610351562,21.559999465942383,21.594999313354492,38913
2026-01-21 12:20:00-05:00,21.59000015258789,21.65999984741211,21.579999923706055,21.649999618530273,64224
2026-01-21 12:25:00-05:00,21.649900436401367,21.67609977722168,21.635000228881836,21.655000686645508,41632
2026-01-21 12:30:00-05:00,21.649999618530273,21.649999618530273,21.6200008392334,21.635000228881836,33812
2026-01-21 12:35:00-05:00,21.635000228881836,21.649999618530273,21.614999771118164,21.625,58492
2026-01-21 12:40:00-05:00,21.6299991607666,21.639999389648438,21.57349967956543,21.574600219726562,257946
2026-01-21 12:45:00-05:00,21.575000762939453,21.594999313354492,21.549999237060547,21.594999313354492,38027
2026-01-21 12:50:00-05:00,21.59000015258789,21.71500015258789,21.57309913635254,21.674999237060547,92247
2026-01-21 12:55:00-05:00,21.68000030517578,21.770000457763672,21.68000030517578,21.769899368286133,46222
2026-01-21 13:00:00-05:00,21.76140022277832,21.770000457763672,21.649999618530273,21.670000076293945,35603
2026-01-21 13:05:00-05:00,21.68000030517578,21.719999313354492,21.65999984741211,21.670000076293945,19988
2026-01-21 13:10:00-05:00,21.670000076293945,21.704999923706055,21.65999984741211,21.670000076293945,27163
2026-01-21 13:15:00-05:00,21.65999984741211,21.68630027770996,21.652099609375,21.665000915527344,21157
2026-01-21 13:20:00-05:00,21.665000915527344,21.690000534057617,21.6299991607666,21.639999389648438,20512
2026-01-21 13:25:00-05:00,21.635000228881836,21.65999984741211,21.6299991607666,21.659900665283203,20827
2026-01-21 13:30:00-05:00,21.65999984741211,21.68000030517578,21.639999389648438,21.64539909362793,22153
2026-01-21 13:35:00-05:00,21.642200469970703,21.64539909362793,21.600000381469727,21.6200008392334,19011
2026-01-21 13:40:00-05:00,21.6299991607666,21.635000228881836,21.575000762939453,21.584999084472656,29956
2026-01-21 13:45:00-05:00,21.584999084472656,21.59000015258789,21.549999237060547,21.59000015258789,51066
2026-01-21 13:50:00-05:00,21.594999313354492,21.6200008392334,21.58099937438965,21.584999084472656,91170
2026-01-21 13:55:00-05:00,21.584999084472656,21.6299991607666,21.58009910583496,21.6200008392334,23386
2026-01-21 14:00:00-05:00,21.6299991607666,21.635000228881836,21.549999237060547,21.56999969482422,91643
2026-01-21 14:05:00-05:00,21.575000762939453,21.579999923706055,21.545000076293945,21.579999923706055,34008
2026-01-21 14:10:00-05:00,21.584999084472656,21.639999389648438,21.584999084472656,21.636953353881836,49323
2026-01-21 14:15:00-05:00,21.6299991607666,21.670000076293945,21.6299991607666,21.655000686645508,22473
2026-01-21 14:20:00-05:00,21.649999618530273,21.65999984741211,21.634599685668945,21.645000457763672,19599
2026-01-21 14:25:00-05:00,21.639999389648438,21.81999969482422,21.625,21.809999465942383,51372
2026-01-21 14:30:00-05:00,21.809999465942383,21.81999969482422,21.780000686645508,21.809999465942383,54981
2026-01-21 14:35:00-05:00,21.790000915527344,21.834999084472656,21.780000686645508,21.795000076293945,44614
2026-01-21 14:40:00-05:00,21.795000076293945,21.815000534057617,21.774999618530273,21.815000534057617,40241
2026-01-21 14:45:00-05:00,21.809999465942383,21.834999084472656,21.78499984741211,21.829999923706055,37140
2026-01-21 14:50:00-05:00,21.834999084472656,21.834999084472656,21.75,21.799999237060547,41949
2026-01-21 14:55:00-05:00,21.799999237060547,21.809999465942383,21.774999618530273,21.80500030517578,27023
2026-01-21 15:00:00-05:00,21.80500030517578,21.809900283813477,21.774999618530273,21.790000915527344,38264
2026-01-21 15:05:00-05:00,21.780000686645508,21.83009910583496,21.770099639892578,21.816499710083008,53160
2026-01-21 15:10:00-05:00,21.815399169921875,21.829999923706055,21.719999313354492,21.729999542236328,99586
2026-01-21 15:15:00-05:00,21.725000381469727,21.729999542236328,21.690000534057617,21.71500015258789,30834
2026-01-21 15:20:00-05:00,21.71500015258789,21.71500015258789,21.65999984741211,21.704999923706055,27133
2026-01-21 15:25:00-05:00,21.706300735473633,21.706300735473633,21.68000030517578,21.689599990844727,25094
2026-01-21 15:30:00-05:00,21.68000030517578,21.684999465942383,21.639999389648438,21.649700164794922,31323
2026-01-21 15:35:00-05:00,21.639999389648438,21.674999237060547,21.6299991607666,21.635000228881836,28123
2026-01-21 15:40:00-05:00,21.635000228881836,21.645200729370117,21.59000015258789,21.610000610351562,66712
2026-01-21 15:45:00-05:00,21.610000610351562,21.679000854492188,21.604999542236328,21.65999984741211,69869
2026-01-21 15:50:00-05:00,21.649999618530273,21.725000381469727,21.610000610351562,21.725000381469727,116269
2026-01-21 15:55:00-05:00,21.725000381469727,21.749900817871094,21.68000030517578,21.690000534057617,339965
2026-01-22 09:30:00-05:00,22.399999618530273,22.440000534057617,22.170000076293945,22.375,663582
2026-01-22 09:35:00-05:00,22.375,22.489999771118164,22.329999923706055,22.360000610351562,236241
2026-01-22 09:40:00-05:00,22.3700008392334,22.520000457763672,22.3435001373291,22.389999389648438,231629
2026-01-22 09:45:00-05:00,22.3799991607666,22.459999084472656,22.31999969482422,22.332500457763672,302852
2026-01-22 09:50:00-05:00,22.34000015258789,22.440000534057617,22.31999969482422,22.43000030517578,446762
2026-01-22 09:55:00-05:00,22.434999465942383,22.439800262451172,22.34000015258789,22.389999389648438,109087
2026-01-22 10:00:00-05:00,22.386999130249023,22.469999313354492,22.325000762939453,22.3700008392334,318292
2026-01-22 10:05:00-05:00,22.3700008392334,22.510000228881836,22.36009979248047,22.5,191260
2026-01-22 10:10:00-05:00,22.4950008392334,22.635000228881836,22.48740005493164,22.55579948425293,290938
2026-01-22 10:15:00-05:00,22.549999237060547,22.594999313354492,22.5049991607666,22.5049991607666,144780
2026-01-22 10:20:00-05:00,22.5049991607666,22.75,22.489999771118164,22.71500015258789,314701
2026-01-22 10:25:00-05:00,22.709999084472656,22.850000381469727,22.709999084472656,22.7549991607666,243139
2026-01-22 10:30:00-05:00,22.7549991607666,22.84000015258789,22.735000610351562,22.83009910583496,149029
2026-01-22 10:35:00-05:00,22.834999084472656,22.8700008392334,22.795000076293945,22.864999771118164,150722
2026-01-22 10:40:00-05:00,22.8700008392334,22.895000457763672,22.7450008392334,22.81999969482422,224513
2026-01-22 10:45:00-05:00,22.81999969482422,22.81999969482422,22.700000762939453,22.731300354003906,90089
2026-01-22 10:50:00-05:00,22.729999542236328,22.735000610351562,22.610000610351562,22.71500015258789,106587
2026-01-22 10:55:00-05:00,22.719999313354492,22.850000381469727,22.71500015258789,22.850000381469727,128182
2026-01-22 11:00:00-05:00,22.844999313354492,22.889999389648438,22.78499984741211,22.825000762939453,130327
2026-01-22 11:05:00-05:00,22.825000762939453,22.889999389648438,22.799999237060547,22.860000610351562,86005
2026-01-22 11:10:00-05:00,22.864999771118164,22.90999984741211,22.834999084472656,22.854999542236328,129914
2026-01-22 11:15:00-05:00,22.850000381469727,22.860000610351562,22.7549991607666,22.790000915527344,74266
2026-01-22 11:20:00-05:00,22.790000915527344,22.850000381469727,22.78499984741211,22.850000381469727,44656
2026-01-22 11:25:00-05:00,22.844600677490234,23.030000686645508,22.844600677490234,23.014999389648438,272275
2026-01-22 11:30:00-05:00,23.014999389648438,23.065000534057617,22.954999923706055,22.979999542236328,259621
2026-01-22 11:35:00-05:00,22.980100631713867,23.09000015258789,22.94499969482422,23.030000686645508,335327
2026-01-22 11:40:00-05:00,23.024999618530273,23.100000381469727,22.959999084472656,22.96500015258789,205376
2026-01-22 11:45:00-05:00,22.96500015258789,23.03499984741211,22.959999084472656,23.014999389648438,110700
2026-01-22 11:50:00-05:00,23.014999389648438,23.030000686645508,22.954999923706055,23.007600784301758,71328
2026-01-22 11:55:00-05:00,23.0049991607666,23.06999969482422,22.9950008392334,23.06999969482422,69258
2026-01-22 12:00:00-05:00,23.065000534057617,23.079999923706055,22.959999084472656,22.979999542236328,89186
2026-01-22 12:05:00-05:00,22.959999084472656,23.030000686645508,22.8799991607666,23.019899368286133,90026
2026-01-22 12:10:00-05:00,23.010000228881836,23.058900833129883,23.0,23.040000915527344,64813
2026-01-22 12:15:00-05:00,23.040000915527344,23.219999313354492,22.954999923706055,22.979999542236328,516940
2026-01-22 12:20:00-05:00,22.98539924621582,23.139999389648438,22.975000381469727,23.110000610351562,103815
2026-01-22 12:25:00-05:00,23.100000381469727,23.174999237060547,23.065000534057617,23.174999237060547,156574
2026-01-22 12:30:00-05:00,23.18000030517578,23.225000381469727,23.100000381469727,23.225000381469727,160885
2026-01-22 12:35:00-05:00,23.219999313354492,23.219999313354492,23.049999237060547,23.087499618530273,159162
2026-01-22 12:40:00-05:00,23.084999084472656,23.100000381469727,23.040000915527344,23.059999465942383,174990
2026-01-22 12:45:00-05:00,23.076400756835938,23.09000015258789,23.0049991607666,23.010000228881836,93781
2026-01-22 12:50:00-05:00,23.0049991607666,23.049999237060547,23.0,23.025100708007812,110820
2026-01-22 12:55:00-05:00,23.020000457763672,23.020000457763672,22.93000030517578,22.96489906311035,80309
2026-01-22 13:00:00-05:00,22.96500015258789,22.969999313354492,22.8700008392334,22.969999313354492,99547
2026-01-22 13:05:00-05:00,22.959999084472656,22.965499877929688,22.900100708007812,22.905000686645508,163520
2026-01-22 13:10:00-05:00,22.90999984741211,22.920000076293945,22.8700008392334,22.905000686645508,126119
2026-01-22 13:15:00-05:00,22.905000686645508,23.059999465942383,22.905000686645508,23.00510025024414,454919
2026-01-22 13:20:00-05:00,23.0,23.040000915527344,22.985000610351562,23.03499984741211,31548
2026-01-22 13:25:00-05:00,23.031999588012695,23.065000534057617,23.0049991607666,23.05500030517578,50599
2026-01-22 13:30:00-05:00,23.055999755859375,23.059999465942383,22.954999923706055,22.96500015258789,85227
2026-01-22 13:35:00-05:00,22.960100173950195,23.040000915527344,22.90999984741211,22.939800262451172,104830
2026-01-22 13:40:00-05:00,22.93280029296875,23.040000915527344,22.924999237060547,23.0,49933
2026-01-22 13:45:00-05:00,22.9950008392334,23.020000457763672,22.985000610351562,22.989999771118164,52102
2026-01-22 13:50:00-05:00,22.985000610351562,23.024999618530273,22.985000610351562,23.0049991607666,28407
2026-01-22 13:55:00-05:00,23.0049991607666,23.014999389648438,22.959999084472656,22.989999771118164,42018
2026-01-22 14:00:00-05:00,23.0,23.049999237060547,23.0,23.045000076293945,66843
2026-01-22 14:05:00-05:00,23.040000915527344,23.065000534057617,23.014999389648438,23.045400619506836,79188
2026-01-22 14:10:00-05:00,23.045000076293945,23.059999465942383,23.030099868774414,23.03499984741211,60702
2026-01-22 14:15:00-05:00,23.030000686645508,23.040000915527344,22.989999771118164,23.024999618530273,108304
2026-01-22 14:20:00-05:00,23.024999618530273,23.03499984741211,22.989999771118164,23.020000457763672,28627
2026-01-22 14:25:00-05:00,23.025100708007812,23.100000381469727,23.024999618530273,23.094999313354492,142460
2026-01-22 14:30:00-05:00,23.09239959716797,23.094999313354492,23.045000076293945,23.079999923706055,135500
2026-01-22 14:35:00-05:00,23.075000762939453,23.19499969482422,23.065000534057617,23.184999465942383,133400
2026-01-22 14:40:00-05:00,23.184999465942383,23.34000015258789,23.18000030517578,23.336793899536133,299623
2026-01-22 14:45:00-05:00,23.337900161743164,23.389999389648438,23.300100326538086,23.38990020751953,235072
2026-01-22 14:50:00-05:00,23.389999389648438,23.440000534057617,23.290000915527344,23.330900192260742,265186
2026-01-22 14:55:00-05:00,23.335800170898438,23.450000762939453,23.329999923706055,23.42009925842285,209131
2026-01-22 15:00:00-05:00,23.420000076293945,23.459999084472656,23.31999969482422,23.454999923706055,173913
2026-01-22 15:05:00-05:00,23.450000762939453,23.5,23.344999313354492,23.344999313354492,250223
2026-01-22 15:10:00-05:00,23.344999313354492,23.359699249267578,23.299999237060547,23.31999969482422,157722
2026-01-22 15:15:00-05:00,23.31920051574707,23.319799423217773,23.209999084472656,23.209999084472656,120566
2026-01-22 15:20:00-05:00,23.21500015258789,23.229999542236328,23.190000534057617,23.204999923706055,79283
2026-01-22 15:25:00-05:00,23.20800018310547,23.239999771118164,23.174999237060547,23.19499969482422,345491
2026-01-22 15:30:00-05:00,23.19499969482422,23.200000762939453,23.030000686645508,23.049999237060547,127627
2026-01-22 15:35:00-05:00,23.048999786376953,23.104999542236328,23.021400451660156,23.079999923706055,134326
2026-01-22 15:40:00-05:00,23.073200225830078,23.075000762939453,23.030000686645508,23.03499984741211,118662
2026-01-22 15:45:00-05:00,23.03499984741211,23.100000381469727,23.0,23.075000762939453,190676
2026-01-22 15:50:00-05:00,23.079999923706055,23.190000534057617,23.06999969482422,23.179899215698242,465616
2026-01-22 15:55:00-05:00,23.174999237060547,23.239999771118164,23.09000015258789,23.149999618530273,1323516
2026-01-23 09:30:00-05:00,23.139999389648438,23.170000076293945,22.889999389648438,22.969999313354492,543682
2026-01-23 09:35:00-05:00,22.959999084472656,23.04960060119629,22.790000915527344,22.849899291992188,208016
2026-01-23 09:40:00-05:00,22.844999313354492,22.9596004486084,22.770000457763672,22.78700065612793,150950
2026-01-23 09:45:00-05:00,22.789400100708008,22.809999465942383,22.649999618530273,22.72760009765625,160740
2026-01-23 09:50:00-05:00,22.729999542236328,22.920000076293945,22.725000381469727,22.915000915527344,146594
2026-01-23 09:55:00-05:00,22.90999984741211,22.90999984741211,22.81999969482422,22.860000610351562,69157
2026-01-23 10:00:00-05:00,22.864999771118164,22.864999771118164,22.729999542236328,22.729999542236328,100151
2026-01-23 10:05:00-05:00,22.719999313354492,22.731000900268555,22.649999618530273,22.690000534057617,96216
2026-01-23 10:10:00-05:00,22.684999465942383,22.700000762939453,22.565000534057617,22.600000381469727,112982
2026-01-23 10:15:00-05:00,22.610000610351562,22.6200008392334,22.450000762939453,22.4950008392334,294782
2026-01-23 10:20:00-05:00,22.494199752807617,22.530000686645508,22.450000762939453,22.489999771118164,86180
2026-01-23 10:25:00-05:00,22.485000610351562,22.579999923706055,22.484600067138672,22.545000076293945,82375
2026-01-23 10:30:00-05:00,22.540000915527344,22.549999237060547,22.469999313354492,22.496700286865234,71383
2026-01-23 10:35:00-05:00,22.4950008392334,22.4950008392334,22.389999389648438,22.429899215698242,107368
2026-01-23 10:40:00-05:00,22.43000030517578,22.489999771118164,22.420000076293945,22.435400009155273,77743
2026-01-23 10:45:00-05:00,22.434499740600586,22.434499740600586,22.290000915527344,22.349899291992188,144533
2026-01-23 10:50:00-05:00,22.34000015258789,22.3700008392334,22.270000457763672,22.31999969482422,134463
2026-01-23 10:55:00-05:00,22.311399459838867,22.399999618530273,22.299999237060547,22.399999618530273,77762
2026-01-23 11:00:00-05:00,22.395000457763672,22.559999465942383,22.385000228881836,22.479999542236328,162504
2026-01-23 11:05:00-05:00,22.475000381469727,22.485000610351562,22.405000686645508,22.405000686645508,59660
2026-01-23 11:10:00-05:00,22.418399810791016,22.510000228881836,22.399999618530273,22.5049991607666,199275
2026-01-23 11:15:00-05:00,22.5049991607666,22.575700759887695,22.5049991607666,22.545499801635742,79527
2026-01-23 11:20:00-05:00,22.479999542236328,22.549999237060547,22.469999313354492,22.520000457763672,49432
2026-01-23 11:25:00-05:00,22.524999618530273,22.549999237060547,22.489999771118164,22.510000228881836,59008
2026-01-23 11:30:00-05:00,22.510000228881836,22.549999237060547,22.485000610351562,22.54010009765625,35917
2026-01-23 11:35:00-05:00,22.545000076293945,22.610000610351562,22.545000076293945,22.559999465942383,148321
2026-01-23 11:40:00-05:00,22.5664005279541,22.649999618530273,22.5664005279541,22.639999389648438,1649518
2026-01-23 11:45:00-05:00,22.635000228881836,22.69499969482422,22.579999923706055,22.6200008392334,122175
2026-01-23 11:50:00-05:00,22.614599227905273,22.614599227905273,22.559999465942383,22.604999542236328,66881
2026-01-23 11:55:00-05:00,22.610000610351562,22.71540069580078,22.610000610351562,22.709999084472656,122272
2026-01-23 12:00:00-05:00,22.710800170898438,22.829999923706055,22.69499969482422,22.78499984741211,122504
2026-01-23 12:05:00-05:00,22.790000915527344,22.850799560546875,22.68000030517578,22.844999313354492,128155
2026-01-23 12:10:00-05:00,22.844999313354492,22.850000381469727,22.739999771118164,22.768800735473633,67601
2026-01-23 12:15:00-05:00,22.760000228881836,22.815000534057617,22.760000228881836,22.781999588012695,44595
2026-01-23 12:20:00-05:00,22.790000915527344,22.80500030517578,22.7549991607666,22.80500030517578,46376
2026-01-23 12:25:00-05:00,22.799999237060547,22.84000015258789,22.790000915527344,22.81999969482422,57510
2026-01-23 12:30:00-05:00,22.825000762939453,22.829999923706055,22.719999313354492,22.750099182128906,77165
2026-01-23 12:35:00-05:00,22.75,22.774999618530273,22.739999771118164,22.774999618530273,30574
2026-01-23 12:40:00-05:00,22.774999618530273,22.860000610351562,22.75,22.854999542236328,36079
2026-01-23 12:45:00-05:00,22.850000381469727,22.854999542236328,22.799999237060547,22.834999084472656,76137
2026-01-23 12:50:00-05:00,22.834999084472656,22.834999084472656,22.684999465942383,22.709999084472656,72766
2026-01-23 12:55:00-05:00,22.71419906616211,22.719999313354492,22.665000915527344,22.709999084472656,78152
2026-01-23 13:00:00-05:00,22.719999313354492,22.725000381469727,22.680099487304688,22.690000534057617,34162
2026-01-23 13:05:00-05:00,22.690000534057617,22.81999969482422,22.68000030517578,22.809999465942383,260484
2026-01-23 13:10:00-05:00,22.815000534057617,22.815000534057617,22.720600128173828,22.734600067138672,35357
2026-01-23 13:15:00-05:00,22.735000610351562,22.77549934387207,22.735000610351562,22.774999618530273,50305
2026-01-23 13:20:00-05:00,22.779104232788086,22.81999969482422,22.770000457763672,22.78030014038086,44775
2026-01-23 13:25:00-05:00,22.78499984741211,22.825000762939453,22.774599075317383,22.809999465942383,59076
2026-01-23 13:30:00-05:00,22.799999237060547,22.799999237060547,22.709999084472656,22.709999084472656,32793
2026-01-23 13:35:00-05:00,22.71500015258789,22.760000228881836,22.704999923706055,22.7549991607666,50953
2026-01-23 13:40:00-05:00,22.75160026550293,22.790000915527344,22.75,22.789400100708008,47096
2026-01-23 13:45:00-05:00,22.790000915527344,22.825000762939453,22.684999465942383,22.7450008392334,193517
2026-01-23 13:50:00-05:00,22.7450008392334,22.84000015258789,22.709999084472656,22.829999923706055,98544
2026-01-23 13:55:00-05:00,22.84000015258789,22.885000228881836,22.825000762939453,22.854999542236328,95464
2026-01-23 14:00:00-05:00,22.85070037841797,22.859800338745117,22.764999389648438,22.764999389648438,67665
2026-01-23 14:05:00-05:00,22.760000228881836,22.795000076293945,22.75,22.769699096679688,63640
2026-01-23 14:10:00-05:00,22.764999389648438,22.850000381469727,22.7549991607666,22.815399169921875,55911
2026-01-23 14:15:00-05:00,22.810100555419922,22.84000015258789,22.809999465942383,22.83289909362793,19210
2026-01-23 14:20:00-05:00,22.83970069885254,22.850000381469727,22.829999923706055,22.83989906311035,40225
2026-01-23 14:25:00-05:00,22.83799934387207,22.885000228881836,22.83799934387207,22.850000381469727,43532
2026-01-23 14:30:00-05:00,22.857683181762695,22.869699478149414,22.834999084472656,22.860000610351562,42933
2026-01-23 14:35:00-05:00,22.850000381469727,22.850000381469727,22.81999969482422,22.82990074157715,19807
2026-01-23 14:40:00-05:00,22.82349967956543,22.979999542236328,22.82349967956543,22.959999084472656,124515
2026-01-23 14:45:00-05:00,22.960100173950195,23.0,22.93000030517578,22.98080062866211,138176
2026-01-23 14:50:00-05:00,22.969999313354492,23.014999389648438,22.961599349975586,22.96500015258789,79495
2026-01-23 14:55:00-05:00,22.96500015258789,23.059999465942383,22.954999923706055,23.025999069213867,138470
2026-01-23 15:00:00-05:00,23.030000686645508,23.030000686645508,22.950000762939453,23.0049991607666,146516
2026-01-23 15:05:00-05:00,23.010000228881836,23.014999389648438,22.969999313354492,22.970600128173828,56448
2026-01-23 15:10:00-05:00,22.969999313354492,23.036399841308594,22.969999313354492,22.9950008392334,90721
2026-01-23 15:15:00-05:00,22.989999771118164,23.035400390625,22.989999771118164,23.014999389648438,55340
2026-01-23 15:20:00-05:00,23.010000228881836,23.030000686645508,22.9950008392334,23.030000686645508,101570
2026-01-23 15:25:00-05:00,23.024999618530273,23.059999465942383,22.975000381469727,22.979999542236328,123090
2026-01-23 15:30:00-05:00,22.969999313354492,22.969999313354492,22.881399154663086,22.954999923706055,103021
2026-01-23 15:35:00-05:00,22.952899932861328,22.9950008392334,22.952899932861328,22.9950008392334,70867
2026-01-23 15:40:00-05:00,22.9950008392334,23.030000686645508,22.97010040283203,22.991409301757812,133342
2026-01-23 15:45:00-05:00,22.989999771118164,23.014999389648438,22.954999923706055,22.9950008392334,125243
2026-01-23 15:50:00-05:00,22.989999771118164,23.0,22.920000076293945,22.940000534057617,217135
2026-01-23 15:55:00-05:00,22.940000534057617,23.0,22.934999465942383,22.989999771118164,352032
2026-01-26 09:30:00-05:00,23.459999084472656,23.469999313354492,23.324600219726562,23.409400939941406,735742
2026-01-26 09:35:00-05:00,23.405000686645508,23.739999771118164,23.399999618530273,23.639999389648438,673014
2026-01-26 09:40:00-05:00,23.639999389648438,23.799999237060547,23.6200008392334,23.6200008392334,406650
2026-01-26 09:45:00-05:00,23.610000610351562,23.635000228881836,23.469999313354492,23.510000228881836,178323
2026-01-26 09:50:00-05:00,23.51919937133789,23.610000610351562,23.489999771118164,23.59000015258789,174066
2026-01-26 09:55:00-05:00,23.579999923706055,23.595399856567383,23.41010093688965,23.415000915527344,98785
2026-01-26 10:00:00-05:00,23.40999984741211,23.450000762939453,23.270000457763672,23.285499572753906,170791
2026-01-26 10:05:00-05:00,23.28499984741211,23.440000534057617,23.280000686645508,23.375,119420
2026-01-26 10:10:00-05:00,23.375,23.485000610351562,23.34000015258789,23.420000076293945,113111
2026-01-26 10:15:00-05:00,23.40999984741211,23.40999984741211,23.15999984741211,23.239999771118164,128258
2026-01-26 10:20:00-05:00,23.238000869750977,23.334999084472656,23.235000610351562,23.334199905395508,74583
2026-01-26 10:25:00-05:00,23.334999084472656,23.360000610351562,23.270000457763672,23.28499984741211,76168
2026-01-26 10:30:00-05:00,23.28019905090332,23.389999389648438,23.280000686645508,23.36199951171875,51487
2026-01-26 10:35:00-05:00,23.365400314331055,23.3700008392334,23.270000457763672,23.280000686645508,49970
2026-01-26 10:40:00-05:00,23.274999618530273,23.31999969482422,23.239999771118164,23.2450008392334,100541
2026-01-26 10:45:00-05:00,23.2450008392334,23.315000534057617,23.190000534057617,23.295000076293945,75617
2026-01-26 10:50:00-05:00,23.295000076293945,23.399999618530273,23.295000076293945,23.34000015258789,67371
2026-01-26 10:55:00-05:00,23.334999084472656,23.3799991607666,23.260000228881836,23.299999237060547,54757
2026-01-26 11:00:00-05:00,23.299999237060547,23.30769920349121,23.23699951171875,23.23699951171875,42892
2026-01-26 11:05:00-05:00,23.232711791992188,23.235000610351562,23.100000381469727,23.119199752807617,145876
2026-01-26 11:10:00-05:00,23.117599487304688,23.139999389648438,23.010000228881836,23.059999465942383,147359
2026-01-26 11:15:00-05:00,23.059999465942383,23.079999923706055,22.96500015258789,22.975000381469727,129859
2026-01-26 11:20:00-05:00,22.975000381469727,23.020000457763672,22.95009994506836,23.014999389648438,75910
2026-01-26 11:25:00-05:00,23.020000457763672,23.1299991607666,23.010000228881836,23.125,62775
2026-01-26 11:30:00-05:00,23.125,23.239999771118164,23.125,23.19729995727539,107277
2026-01-26 11:35:00-05:00,23.200000762939453,23.219999313354492,23.15999984741211,23.19499969482422,71180
2026-01-26 11:40:00-05:00,23.199899673461914,24.290000915527344,23.19499969482422,23.81999969482422,2713188
2026-01-26 11:45:00-05:00,23.825000762939453,24.187999725341797,23.729999542236328,24.16729736328125,1475831
2026-01-26 11:50:00-05:00,24.1299991607666,24.3799991607666,23.889999389648438,23.980100631713867,1452433
2026-01-26 11:55:00-05:00,23.984500885009766,24.34000015258789,23.889999389648438,24.315000534057617,865066
2026-01-26 12:00:00-05:00,24.315000534057617,24.799999237060547,24.299999237060547,24.610599517822266,1956481
2026-01-26 12:05:00-05:00,24.614999771118164,24.899999618530273,24.469999313354492,24.7549991607666,1294331
2026-01-26 12:10:00-05:00,24.7549991607666,25.010000228881836,24.709999084472656,24.82900047302246,1420962
2026-01-26 12:15:00-05:00,24.81999969482422,24.90999984741211,24.43000030517578,24.75,1093806
2026-01-26 12:20:00-05:00,24.739999771118164,24.7549991607666,24.360000610351562,24.385000228881836,605648
2026-01-26 12:25:00-05:00,24.389999389648438,24.760000228881836,24.34000015258789,24.610300064086914,676375
2026-01-26 12:30:00-05:00,24.610000610351562,24.70159912109375,24.549999237060547,24.61440086364746,429074
2026-01-26 12:35:00-05:00,24.614599227905273,24.799999237060547,24.56999969482422,24.75860023498535,349381
2026-01-26 12:40:00-05:00,24.754899978637695,24.905000686645508,24.68000030517578,24.739999771118164,536065
2026-01-26 12:45:00-05:00,24.735000610351562,25.0,24.719999313354492,24.90999984741211,996844
2026-01-26 12:50:00-05:00,24.920000076293945,25.0,24.704599380493164,24.75,583553
2026-01-26 12:55:00-05:00,24.7549991607666,24.770000457763672,24.649999618530273,24.65369987487793,753972
2026-01-26 13:00:00-05:00,24.649999618530273,24.700000762939453,24.510000228881836,24.649999618530273,326121
2026-01-26 13:05:00-05:00,24.639999389648438,24.825199127197266,24.59000015258789,24.81999969482422,362851
2026-01-26 13:10:00-05:00,24.81999969482422,24.875,24.655000686645508,24.68000030517578,361695
2026-01-26 13:15:00-05:00,24.68000030517578,24.860000610351562,24.6200008392334,24.825000762939453,740133
2026-01-26 13:20:00-05:00,24.825000762939453,24.959999084472656,24.625,24.6299991607666,418725
2026-01-26 13:25:00-05:00,24.635000228881836,24.690000534057617,24.350000381469727,24.529699325561523,464828
2026-01-26 13:30:00-05:00,24.520000457763672,24.520000457763672,24.351999282836914,24.375,232873
2026-01-26 13:35:00-05:00,24.3799991607666,24.43000030517578,24.09000015258789,24.110000610351562,439615
2026-01-26 13:40:00-05:00,24.090099334716797,24.39579963684082,24.090099334716797,24.389999389648438,399631
2026-01-26 13:45:00-05:00,24.389999389648438,24.491600036621094,24.290000915527344,24.459999084472656,287442
2026-01-26 13:50:00-05:00,24.459999084472656,24.545000076293945,24.43000030517578,24.529199600219727,283369
2026-01-26 13:55:00-05:00,24.520000457763672,24.530000686645508,24.440200805664062,24.450000762939453,216657
2026-01-26 14:00:00-05:00,24.459999084472656,24.479999542236328,24.200000762939453,24.335800170898438,295344
2026-01-26 14:05:00-05:00,24.334999084472656,24.389999389648438,24.190000534057617,24.350000381469727,251397
2026-01-26 14:10:00-05:00,24.357999801635742,24.420000076293945,24.18199920654297,24.260099411010742,195231
2026-01-26 14:15:00-05:00,24.260000228881836,24.399999618530273,24.204999923706055,24.364999771118164,206754
2026-01-26 14:20:00-05:00,24.364999771118164,24.364999771118164,23.959999084472656,24.085500717163086,505830
2026-01-26 14:25:00-05:00,24.08799934387207,24.25,24.020000457763672,24.25,1147485
2026-01-26 14:30:00-05:00,24.257200241088867,24.420000076293945,24.239999771118164,24.395000457763672,0
2026-01-26 14:35:00-05:00,24.395000457763672,24.520000457763672,24.350000381469727,24.4950008392334,255720
2026-01-26 14:40:00-05:00,24.49920082092285,24.600000381469727,24.469999313354492,24.4950008392334,908696
2026-01-26 14:45:00-05:00,24.4950008392334,24.614999771118164,24.479999542236328,24.606700897216797,256313
2026-01-26 14:50:00-05:00,24.606000900268555,24.739999771118164,24.584999084472656,24.674999237060547,430601
2026-01-26 14:55:00-05:00,24.670000076293945,24.729999542236328,24.565000534057617,24.584999084472656,339405
2026-01-26 15:00:00-05:00,24.584999084472656,24.584999084472656,24.31999969482422,24.344999313354492,385145
2026-01-26 15:05:00-05:00,24.344999313354492,24.350000381469727,24.110000610351562,24.184999465942383,301676
2026-01-26 15:10:00-05:00,24.184999465942383,24.20989990234375,24.010000228881836,24.084999084472656,262375
2026-01-26 15:15:00-05:00,24.084999084472656,24.1299991607666,23.90999984741211,23.90999984741211,261446
2026-01-26 15:20:00-05:00,23.916500091552734,23.940000534057617,23.760000228881836,23.895000457763672,524049
2026-01-26 15:25:00-05:00,23.8700008392334,23.989999771118164,23.8346004486084,23.8346004486084,236243
2026-01-26 15:30:00-05:00,23.83799934387207,24.010000228881836,23.834999084472656,23.999900817871094,250265
2026-01-26 15:35:00-05:00,23.989999771118164,24.094999313354492,23.96500015258789,23.975000381469727,448340
2026-01-26 15:40:00-05:00,23.975000381469727,23.979999542236328,23.834999084472656,23.8799991607666,352627
2026-01-26 15:45:00-05:00,23.8799991607666,23.989999771118164,23.75,23.815000534057617,592685
2026-01-26 15:50:00-05:00,23.82900047302246,23.940000534057617,23.809999465942383,23.93000030517578,579925
2026-01-26 15:55:00-05:00,23.924999237060547,24.05500030517578,23.899999618530273,24.0049991607666,1401527
2026-01-27 09:30:00-05:00,24.0,24.1299991607666,23.309999465942383,23.574899673461914,1980189
2026-01-27 09:35:00-05:00,23.579999923706055,23.905000686645508,23.469999313354492,23.469999313354492,555634
2026-01-27 09:40:00-05:00,23.472000122070312,23.670000076293945,23.42449951171875,23.53499984741211,374747
2026-01-27 09:45:00-05:00,23.540000915527344,23.639999389648438,23.329999923706055,23.38249969482422,266500
2026-01-27 09:50:00-05:00,23.389999389648438,23.450000762939453,23.239999771118164,23.360000610351562,332908
2026-01-27 09:55:00-05:00,23.350000381469727,23.569900512695312,23.336999893188477,23.459999084472656,184898
2026-01-27 10:00:00-05:00,23.489999771118164,23.58340072631836,23.3799991607666,23.415000915527344,201679
2026-01-27 10:05:00-05:00,23.41029930114746,23.469100952148438,23.290000915527344,23.399999618530273,287799
2026-01-27 10:10:00-05:00,23.395000457763672,23.520000457763672,23.395000457763672,23.459999084472656,205001
2026-01-27 10:15:00-05:00,23.46500015258789,23.649999618530273,23.330900192260742,23.628999710083008,404017
2026-01-27 10:20:00-05:00,23.6200008392334,23.645000457763672,23.524999618530273,23.600000381469727,123459
2026-01-27 10:25:00-05:00,23.600099563598633,23.6200008392334,23.43000030517578,23.459999084472656,125606
2026-01-27 10:30:00-05:00,23.459999084472656,23.596500396728516,23.459999084472656,23.540000915527344,143052
2026-01-27 10:35:00-05:00,23.549999237060547,23.739999771118164,23.53499984741211,23.704599380493164,532013
2026-01-27 10:40:00-05:00,23.709999084472656,23.739999771118164,23.67099952697754,23.716999053955078,292714
2026-01-27 10:45:00-05:00,23.719999313354492,24.079999923706055,23.709999084472656,23.96500015258789,636851
2026-01-27 10:50:00-05:00,23.975000381469727,23.975000381469727,23.889999389648438,23.940000534057617,161426
2026-01-27 10:55:00-05:00,23.93000030517578,23.989999771118164,23.826799392700195,23.96540069580078,234891
2026-01-27 11:00:00-05:00,23.96500015258789,24.299999237060547,23.93000030517578,24.11989974975586,525388
2026-01-27 11:05:00-05:00,24.11240005493164,24.219900131225586,24.06999969482422,24.1200008392334,217783
2026-01-27 11:10:00-05:00,24.1200008392334,24.170000076293945,23.899999618530273,24.024999618530273,565866
2026-01-27 11:15:00-05:00,24.03499984741211,24.075000762939453,23.979999542236328,24.0,275642
2026-01-27 11:20:00-05:00,23.9950008392334,24.03499984741211,23.857500076293945,23.899999618530273,146985
2026-01-27 11:25:00-05:00,23.895099639892578,23.920000076293945,23.709999084472656,23.809999465942383,145765
2026-01-27 11:30:00-05:00,23.815799713134766,24.0,23.799999237060547,23.96500015258789,291775
2026-01-27 11:35:00-05:00,23.96500015258789,24.0,23.840099334716797,23.850799560546875,159402
2026-01-27 11:40:00-05:00,23.854999542236328,24.079999923706055,23.825000762939453,24.079999923706055,103915
2026-01-27 11:45:00-05:00,24.09000015258789,24.18000030517578,24.060100555419922,24.174999237060547,178182
2026-01-27 11:50:00-05:00,24.170000076293945,24.170000076293945,24.059999465942383,24.100000381469727,105392
2026-01-27 11:55:00-05:00,24.09000015258789,24.09000015258789,23.940000534057617,24.019899368286133,102060
2026-01-27 12:00:00-05:00,24.014999389648438,24.079999923706055,23.959999084472656,24.06999969482422,136251
2026-01-27 12:05:00-05:00,24.059999465942383,24.145000457763672,23.979999542236328,24.03499984741211,87974
2026-01-27 12:10:00-05:00,24.03499984741211,24.059999465942383,23.979999542236328,24.010000228881836,48874
2026-01-27 12:15:00-05:00,24.010000228881836,24.03499984741211,23.864999771118164,23.864999771118164,109289
2026-01-27 12:20:00-05:00,23.860000610351562,23.940000534057617,23.84000015258789,23.850000381469727,118038
2026-01-27 12:25:00-05:00,23.85099983215332,23.959999084472656,23.840200424194336,23.924999237060547,43707
2026-01-27 12:30:00-05:00,23.920000076293945,23.93000030517578,23.829999923706055,23.88990020751953,129795
2026-01-27 12:35:00-05:00,23.8799991607666,23.899999618530273,23.834999084472656,23.895000457763672,53335
2026-01-27 12:40:00-05:00,23.898000717163086,24.135000228881836,23.8799991607666,24.094999313354492,337360
2026-01-27 12:45:00-05:00,24.094999313354492,24.219999313354492,24.084999084472656,24.189800262451172,173060
2026-01-27 12:50:00-05:00,24.184999465942383,24.2450008392334,24.17009925842285,24.229999542236328,118051
2026-01-27 12:55:00-05:00,24.2450008392334,24.280000686645508,24.15999984741211,24.190000534057617,135643
2026-01-27 13:00:00-05:00,24.200000762939453,24.200000762939453,24.030000686645508,24.059999465942383,151900
2026-01-27 13:05:00-05:00,24.059999465942383,24.094999313354492,24.010000228881836,24.09000015258789,74248
2026-01-27 13:10:00-05:00,24.100000381469727,24.11479949951172,24.059999465942383,24.079999923706055,95082
2026-01-27 13:15:00-05:00,24.087200164794922,24.15999984741211,24.05500030517578,24.1200008392334,67869
2026-01-27 13:20:00-05:00,24.1200008392334,24.164499282836914,24.079999923706055,24.114999771118164,60648
2026-01-27 13:25:00-05:00,24.110599517822266,24.149999618530273,24.09000015258789,24.125,40306
2026-01-27 13:30:00-05:00,24.125,24.2549991607666,24.110000610351562,24.225000381469727,107684
2026-01-27 13:35:00-05:00,24.219999313354492,24.23080062866211,24.06999969482422,24.09000015258789,55578
2026-01-27 13:40:00-05:00,24.094999313354492,24.170000076293945,24.09000015258789,24.100000381469727,66205
2026-01-27 13:45:00-05:00,24.109399795532227,24.114999771118164,24.03499984741211,24.03499984741211,42417
2026-01-27 13:50:00-05:00,24.03499984741211,24.170000076293945,24.00200080871582,24.170000076293945,69136
2026-01-27 13:55:00-05:00,24.17009925842285,24.219999313354492,24.1200008392334,24.149999618530273,103902
2026-01-27 14:00:00-05:00,24.14299964904785,24.329999923706055,24.1299991607666,24.280000686645508,185964
2026-01-27 14:05:00-05:00,24.287500381469727,24.350000381469727,24.25,24.344999313354492,121126
2026-01-27 14:10:00-05:00,24.34000015258789,24.3700008392334,24.260099411010742,24.354999542236328,113231
2026-01-27 14:15:00-05:00,24.354999542236328,24.479999542236328,24.344999313354492,24.424999237060547,248381
2026-01-27 14:20:00-05:00,24.424999237060547,24.5,24.30500030517578,24.3075008392334,268363
2026-01-27 14:25:00-05:00,24.306100845336914,24.339799880981445,24.2549991607666,24.270000457763672,85161
2026-01-27 14:30:00-05:00,24.274999618530273,24.36949920654297,24.260000228881836,24.334199905395508,75020
2026-01-27 14:35:00-05:00,24.34000015258789,24.469999313354492,24.34000015258789,24.38990020751953,256648
2026-01-27 14:40:00-05:00,24.3799991607666,24.386499404907227,24.219999313354492,24.239999771118164,106911
2026-01-27 14:45:00-05:00,24.239999771118164,24.280000686645508,24.235000610351562,24.270000457763672,71674
2026-01-27 14:50:00-05:00,24.260000228881836,24.299999237060547,24.19499969482422,24.295000076293945,101271
2026-01-27 14:55:00-05:00,24.295000076293945,24.334999084472656,24.25,24.25,81135
2026-01-27 15:00:00-05:00,24.239999771118164,24.289899826049805,24.209999084472656,24.2549991607666,138462
2026-01-27 15:05:00-05:00,24.25979995727539,24.286500930786133,24.25,24.28499984741211,45735
2026-01-27 15:10:00-05:00,24.290000915527344,24.354999542236328,24.211999893188477,24.211999893188477,221095
2026-01-27 15:15:00-05:00,24.21500015258789,24.229999542236328,24.149900436401367,24.16710090637207,140613
2026-01-27 15:20:00-05:00,24.165000915527344,24.25,24.1200008392334,24.2450008392334,98112
2026-01-27 15:25:00-05:00,24.249300003051758,24.2549991607666,24.18000030517578,24.2450008392334,58533
2026-01-27 15:30:00-05:00,24.239999771118164,24.239999771118164,24.06999969482422,24.075000762939453,111728
2026-01-27 15:35:00-05:00,24.075000762939453,24.099899291992188,24.040000915527344,24.09000015258789,113361
2026-01-27 15:40:00-05:00,24.09000015258789,24.219999313354492,24.06999969482422,24.145000457763672,143653
2026-01-27 15:45:00-05:00,24.149999618530273,24.239999771118164,24.139999389648438,24.155000686645508,116864
2026-01-27 15:50:00-05:00,24.155000686645508,24.260000228881836,24.155000686645508,24.225000381469727,239325
2026-01-27 15:55:00-05:00,24.229999542236328,24.260000228881836,24.19499969482422,24.209999084472656,427694
2026-01-28 09:30:00-05:00,24.229999542236328,24.25,23.91029930114746,24.030000686645508,461675
2026-01-28 09:35:00-05:00,24.0216007232666,24.03499984741211,23.809999465942383,23.820600509643555,144343
2026-01-28 09:40:00-05:00,23.81999969482422,23.950000762939453,23.780000686645508,23.834999084472656,184398
2026-01-28 09:45:00-05:00,23.831899642944336,23.831899642944336,23.75,23.790000915527344,131013
2026-01-28 09:50:00-05:00,23.78499984741211,23.78499984741211,23.65999984741211,23.744600296020508,167498
2026-01-28 09:55:00-05:00,23.7450008392334,23.829999923706055,23.729999542236328,23.790000915527344,124794
2026-01-28 10:00:00-05:00,23.795000076293945,23.905000686645508,23.790000915527344,23.854999542236328,155398
2026-01-28 10:05:00-05:00,23.854999542236328,23.959999084472656,23.844999313354492,23.8799991607666,164365
2026-01-28 10:10:00-05:00,23.875,23.875,23.78499984741211,23.81999969482422,100120
2026-01-28 10:15:00-05:00,23.82029914855957,23.834999084472656,23.755800247192383,23.80500030517578,69092
2026-01-28 10:20:00-05:00,23.809900283813477,23.989999771118164,23.807100296020508,23.96500015258789,73360
2026-01-28 10:25:00-05:00,23.975000381469727,24.075000762939453,23.90369987487793,23.94499969482422,97245
2026-01-28 10:30:00-05:00,23.950000762939453,23.9950008392334,23.860000610351562,23.8799991607666,81700
2026-01-28 10:35:00-05:00,23.8700008392334,24.020000457763672,23.809999465942383,24.014999389648438,189906
2026-01-28 10:40:00-05:00,24.014999389648438,24.014999389648438,23.940000534057617,23.975000381469727,54623
2026-01-28 10:45:00-05:00,23.969999313354492,23.985000610351562,23.88010025024414,23.90999984741211,62847
2026-01-28 10:50:00-05:00,23.920000076293945,23.934999465942383,23.790000915527344,23.795000076293945,69940
2026-01-28 10:55:00-05:00,23.79599952697754,23.81999969482422,23.670000076293945,23.674999237060547,88993
2026-01-28 11:00:00-05:00,23.674999237060547,23.739999771118164,23.614999771118164,23.65999984741211,208980
2026-01-28 11:05:00-05:00,23.659700393676758,23.659700393676758,23.483699798583984,23.5049991607666,232245
2026-01-28 11:10:00-05:00,23.5049991607666,23.5049991607666,23.40999984741211,23.450000762939453,176760
2026-01-28 11:15:00-05:00,23.450000762939453,23.524999618530273,23.3700008392334,23.475000381469727,170852
2026-01-28 11:20:00-05:00,23.469999313354492,23.565000534057617,23.459999084472656,23.55900001525879,174701
2026-01-28 11:25:00-05:00,23.566499710083008,23.635000228881836,23.479999542236328,23.6200008392334,139971
2026-01-28 11:30:00-05:00,23.614999771118164,23.65999984741211,23.575000762939453,23.594999313354492,93929
2026-01-28 11:35:00-05:00,23.59000015258789,23.65999984741211,23.559999465942383,23.59000015258789,94671
2026-01-28 11:40:00-05:00,23.579999923706055,23.670000076293945,23.559999465942383,23.56999969482422,38483
2026-01-28 11:45:00-05:00,23.579999923706055,23.69499969482422,23.565000534057617,23.67650032043457,81285
2026-01-28 11:50:00-05:00,23.68000030517578,23.704999923706055,23.645000457763672,23.695600509643555,58962
2026-01-28 11:55:00-05:00,23.700000762939453,23.81999969482422,23.700000762939453,23.7450008392334,162202
2026-01-28 12:00:00-05:00,23.7450008392334,23.780000686645508,23.719999313354492,23.764999389648438,58423
2026-01-28 12:05:00-05:00,23.769899368286133,23.78499984741211,23.753000259399414,23.756181716918945,67423
2026-01-28 12:10:00-05:00,23.756000518798828,23.839399337768555,23.756000518798828,23.770000457763672,60173
2026-01-28 12:15:00-05:00,23.78499984741211,23.78499984741211,23.719999313354492,23.764999389648438,61088
2026-01-28 12:20:00-05:00,23.780000686645508,23.799999237060547,23.764999389648438,23.795000076293945,46762
2026-01-28 12:25:00-05:00,23.799999237060547,23.84000015258789,23.75,23.753299713134766,52615
2026-01-28 12:30:00-05:00,23.75,23.75,23.6200008392334,23.6299991607666,74261
2026-01-28 12:35:00-05:00,23.635000228881836,23.655000686645508,23.604999542236328,23.614999771118164,40800
2026-01-28 12:40:00-05:00,23.610000610351562,23.6299991607666,23.53499984741211,23.53499984741211,48685
2026-01-28 12:45:00-05:00,23.53499984741211,23.579999923706055,23.520000457763672,23.575000762939453,45914
2026-01-28 12:50:00-05:00,23.56999969482422,23.614999771118164,23.565000534057617,23.56999969482422,43280
2026-01-28 12:55:00-05:00,23.56999969482422,23.584999084472656,23.524999618530273,23.53499984741211,84314
2026-01-28 13:00:00-05:00,23.53499984741211,23.55500030517578,23.5,23.510000228881836,75136
2026-01-28 13:05:00-05:00,23.520000457763672,23.566499710083008,23.520000457763672,23.559999465942383,45502
2026-01-28 13:10:00-05:00,23.559999465942383,23.61989974975586,23.540000915527344,23.579999923706055,60311
2026-01-28 13:15:00-05:00,23.584999084472656,23.594999313354492,23.434999465942383,23.56999969482422,189874
2026-01-28 13:20:00-05:00,23.56999969482422,23.59950065612793,23.53499984741211,23.55500030517578,40691
2026-01-28 13:25:00-05:00,23.549999237060547,23.610000610351562,23.520000457763672,23.609899520874023,39965
2026-01-28 13:30:00-05:00,23.607999801635742,23.607999801635742,23.55459976196289,23.578399658203125,26066
2026-01-28 13:35:00-05:00,23.579999923706055,23.649999618530273,23.579999923706055,23.584999084472656,24563
2026-01-28 13:40:00-05:00,23.579999923706055,23.690000534057617,23.579999923706055,23.669099807739258,42746
2026-01-28 13:45:00-05:00,23.665000915527344,23.719999313354492,23.655000686645508,23.655000686645508,70324
2026-01-28 13:50:00-05:00,23.649999618530273,23.65999984741211,23.56999969482422,23.600000381469727,34740
2026-01-28 13:55:00-05:00,23.59000015258789,23.599899291992188,23.559999465942383,23.56999969482422,20925
2026-01-28 14:00:00-05:00,23.549999237060547,23.559999465942383,23.43000030517578,23.489999771118164,65659
2026-01-28 14:05:00-05:00,23.489999771118164,23.549999237060547,23.479999542236328,23.545000076293945,52910
2026-01-28 14:10:00-05:00,23.540000915527344,23.59000015258789,23.524999618530273,23.545000076293945,34900
2026-01-28 14:15:00-05:00,23.545000076293945,23.579999923706055,23.540000915527344,23.544599533081055,26925
2026-01-28 14:20:00-05:00,23.540000915527344,23.610000610351562,23.524999618530273,23.604999542236328,28667
2026-01-28 14:25:00-05:00,23.604999542236328,23.670000076293945,23.466299057006836,23.466299057006836,77305
2026-01-28 14:30:00-05:00,23.46500015258789,23.69499969482422,23.405000686645508,23.56999969482422,163662
2026-01-28 14:35:00-05:00,23.579999923706055,23.59000015258789,23.510000228881836,23.540000915527344,39110
2026-01-28 14:40:00-05:00,23.549999237060547,23.55500030517578,23.440000534057617,23.530000686645508,98493
2026-01-28 14:45:00-05:00,23.540000915527344,23.621000289916992,23.520000457763672,23.606300354003906,328206
2026-01-28 14:50:00-05:00,23.600000381469727,23.600000381469727,23.540000915527344,23.56999969482422,33242
2026-01-28 14:55:00-05:00,23.559999465942383,23.565000534057617,23.475000381469727,23.479999542236328,64723
2026-01-28 15:00:00-05:00,23.489999771118164,23.56999969482422,23.479999542236328,23.510000228881836,43717
2026-01-28 15:05:00-05:00,23.510099411010742,23.55500030517578,23.469999313354492,23.545000076293945,55314
2026-01-28 15:10:00-05:00,23.549999237060547,23.599899291992188,23.545000076293945,23.56999969482422,40793
2026-01-28 15:15:00-05:00,23.565000534057617,23.56999969482422,23.520000457763672,23.53499984741211,52149
2026-01-28 15:20:00-05:00,23.540000915527344,23.604999542236328,23.510000228881836,23.549999237060547,68231
2026-01-28 15:25:00-05:00,23.549999237060547,23.579999923706055,23.459999084472656,23.52549934387207,124895
2026-01-28 15:30:00-05:00,23.520000457763672,23.549999237060547,23.514999389648438,23.545000076293945,50736
2026-01-28 15:35:00-05:00,23.545000076293945,23.61079978942871,23.540000915527344,23.575000762939453,107660
2026-01-28 15:40:00-05:00,23.575000762939453,23.600000381469727,23.545000076293945,23.584999084472656,136567
2026-01-28 15:45:00-05:00,23.584999084472656,23.665000915527344,23.545000076293945,23.6200008392334,211197
2026-01-28 15:50:00-05:00,23.610000610351562,23.68000030517578,23.584999084472656,23.670000076293945,176567
2026-01-28 15:55:00-05:00,23.670000076293945,23.729999542236328,23.6200008392334,23.6200008392334,553352
2026-01-29 09:30:00-05:00,23.5,23.599899291992188,23.152000427246094,23.315000534057617,659965
2026-01-29 09:35:00-05:00,23.329999923706055,23.510000228881836,23.239999771118164,23.469600677490234,210584
2026-01-29 09:40:00-05:00,23.450000762939453,23.450000762939453,23.22010040283203,23.26740074157715,282747
2026-01-29 09:45:00-05:00,23.264699935913086,23.309999465942383,23.110000610351562,23.25,261354
2026-01-29 09:50:00-05:00,23.239999771118164,23.290000915527344,23.079999923706055,23.105300903320312,150920
2026-01-29 09:55:00-05:00,23.100099563598633,23.12420082092285,23.0,23.0049991607666,138387
2026-01-29 10:00:00-05:00,23.0,23.020000457763672,22.899999618530273,22.940000534057617,336056
2026-01-29 10:05:00-05:00,22.950000762939453,23.059999465942383,22.920000076293945,22.937000274658203,134446
2026-01-29 10:10:00-05:00,22.934999465942383,22.94499969482422,22.854999542236328,22.93000030517578,187879
2026-01-29 10:15:00-05:00,22.924999237060547,22.940000534057617,22.829999923706055,22.834999084472656,147436
2026-01-29 10:20:00-05:00,22.829999923706055,22.920000076293945,22.829999923706055,22.899999618530273,63544
2026-01-29 10:25:00-05:00,22.889999389648438,22.979999542236328,22.889999389648438,22.9591007232666,138865
2026-01-29 10:30:00-05:00,22.959999084472656,22.989999771118164,22.900100708007812,22.96739959716797,117824
2026-01-29 10:35:00-05:00,22.96500015258789,22.96500015258789,22.799999237060547,22.834999084472656,134026
2026-01-29 10:40:00-05:00,22.81999969482422,22.834999084472656,22.722400665283203,22.735000610351562,178812
2026-01-29 10:45:00-05:00,22.739999771118164,22.790000915527344,22.700000762939453,22.774999618530273,167209
2026-01-29 10:50:00-05:00,22.770000457763672,22.795000076293945,22.700199127197266,22.730300903320312,100589
2026-01-29 10:55:00-05:00,22.719999313354492,22.888599395751953,22.719999313354492,22.875,78789
2026-01-29 11:00:00-05:00,22.875,22.90999984741211,22.829999923706055,22.832399368286133,94841
2026-01-29 11:05:00-05:00,22.837400436401367,22.864999771118164,22.790000915527344,22.790000915527344,65049
2026-01-29 11:10:00-05:00,22.790000915527344,22.93000030517578,22.774999618530273,22.924999237060547,74837
2026-01-29 11:15:00-05:00,22.924999237060547,22.979999542236328,22.90999984741211,22.940000534057617,47752
2026-01-29 11:20:00-05:00,22.94499969482422,22.968799591064453,22.895000457763672,22.94499969482422,54735
2026-01-29 11:25:00-05:00,22.940000534057617,23.040000915527344,22.934999465942383,23.024999618530273,79846
2026-01-29 11:30:00-05:00,23.030000686645508,23.08930015563965,23.020000457763672,23.023000717163086,77084
2026-01-29 11:35:00-05:00,23.03499984741211,23.045000076293945,22.96500015258789,22.99720001220703,53821
2026-01-29 11:40:00-05:00,22.980199813842773,23.040000915527344,22.97010040283203,23.014999389648438,46699
2026-01-29 11:45:00-05:00,23.010000228881836,23.049999237060547,23.0,23.030000686645508,24325
2026-01-29 11:50:00-05:00,23.03499984741211,23.079999923706055,22.959999084472656,22.979999542236328,37814
2026-01-29 11:55:00-05:00,22.989999771118164,22.990400314331055,22.930299758911133,22.957199096679688,34810
2026-01-29 12:00:00-05:00,22.959999084472656,23.049999237060547,22.959999084472656,23.045000076293945,49986
2026-01-29 12:05:00-05:00,23.04680061340332,23.06999969482422,23.0,23.010000228881836,41929
2026-01-29 12:10:00-05:00,23.020000457763672,23.075000762939453,23.020000457763672,23.05500030517578,16448
2026-01-29 12:15:00-05:00,23.059900283813477,23.149999618530273,23.049999237060547,23.135000228881836,33107
2026-01-29 12:20:00-05:00,23.135000228881836,23.18709945678711,23.135000228881836,23.155000686645508,43501
2026-01-29 12:25:00-05:00,23.153099060058594,23.155000686645508,23.079999923706055,23.10580062866211,77369
2026-01-29 12:30:00-05:00,23.100000381469727,23.114999771118164,23.090299606323242,23.090299606323242,27476
2026-01-29 12:35:00-05:00,23.094999313354492,23.1299991607666,23.090200424194336,23.104999542236328,32775
2026-01-29 12:40:00-05:00,23.104999542236328,23.104999542236328,23.040000915527344,23.06100082397461,29228
2026-01-29 12:45:00-05:00,23.065000534057617,23.065000534057617,23.003700256347656,23.024999618530273,21972
2026-01-29 12:50:00-05:00,23.024999618530273,23.024999618530273,22.885000228881836,22.885000228881836,42246
2026-01-29 12:55:00-05:00,22.889999389648438,22.9950008392334,22.8700008392334,22.954999923706055,51112
2026-01-29 13:00:00-05:00,22.959999084472656,22.989999771118164,22.88010025024414,22.985000610351562,48498
2026-01-29 13:05:00-05:00,22.985000610351562,23.03499984741211,22.980199813842773,23.020000457763672,22383
2026-01-29 13:10:00-05:00,23.020000457763672,23.09000015258789,23.014999389648438,23.0757999420166,30239
2026-01-29 13:15:00-05:00,23.075000762939453,23.09980010986328,23.05900001525879,23.06999969482422,17313
2026-01-29 13:20:00-05:00,23.06999969482422,23.09000015258789,23.06999969482422,23.075000762939453,16435
2026-01-29 13:25:00-05:00,23.06999969482422,23.079599380493164,23.020000457763672,23.03499984741211,25780
2026-01-29 13:30:00-05:00,23.030000686645508,23.030000686645508,22.905000686645508,22.90999984741211,39520
2026-01-29 13:35:00-05:00,22.920000076293945,22.976999282836914,22.920000076293945,22.968799591064453,14784
2026-01-29 13:40:00-05:00,22.969999313354492,22.9950008392334,22.969999313354492,22.979999542236328,15366
2026-01-29 13:45:00-05:00,22.975000381469727,22.975000381469727,22.940000534057617,22.964000701904297,22813
2026-01-29 13:50:00-05:00,22.959999084472656,22.959999084472656,22.90999984741211,22.934999465942383,27852
2026-01-29 13:55:00-05:00,22.940000534057617,22.96500015258789,22.860000610351562,22.864999771118164,31999
2026-01-29 14:00:00-05:00,22.861799240112305,22.954999923706055,22.860000610351562,22.94499969482422,30910
2026-01-29 14:05:00-05:00,22.94499969482422,22.96500015258789,22.920000076293945,22.96500015258789,29060
2026-01-29 14:10:00-05:00,22.96500015258789,22.975000381469727,22.934999465942383,22.934999465942383,74585
2026-01-29 14:15:00-05:00,22.934999465942383,22.989999771118164,22.934999465942383,22.975000381469727,20493
2026-01-29 14:20:00-05:00,22.97480010986328,22.979999542236328,22.959999084472656,22.975000381469727,13243
2026-01-29 14:25:00-05:00,22.979999542236328,22.9950008392334,22.969999313354492,22.985000610351562,9753
2026-01-29 14:30:00-05:00,22.985000610351562,22.989999771118164,22.853900909423828,22.859899520874023,60522
2026-01-29 14:35:00-05:00,22.854999542236328,22.90519905090332,22.850000381469727,22.889999389648438,38327
2026-01-29 14:40:00-05:00,22.895000457763672,22.950000762939453,22.895000457763672,22.93000030517578,40302
2026-01-29 14:45:00-05:00,22.920000076293945,22.920000076293945,22.8799991607666,22.895000457763672,33538
2026-01-29 14:50:00-05:00,22.895000457763672,22.93000030517578,22.8700008392334,22.915000915527344,39301
2026-01-29 14:55:00-05:00,22.915000915527344,22.959999084472656,22.80500030517578,22.809999465942383,52679
2026-01-29 15:00:00-05:00,22.809999465942383,22.829999923706055,22.770099639892578,22.774999618530273,109740
2026-01-29 15:05:00-05:00,22.780000686645508,22.905000686645508,22.760000228881836,22.889999389648438,97660
2026-01-29 15:10:00-05:00,22.885000228881836,22.949800491333008,22.8799991607666,22.90999984741211,58735
2026-01-29 15:15:00-05:00,22.905000686645508,22.94499969482422,22.882099151611328,22.931400299072266,51991
2026-01-29 15:20:00-05:00,22.934999465942383,22.934999465942383,22.885000228881836,22.889999389648438,44319
2026-01-29 15:25:00-05:00,22.895700454711914,22.920000076293945,22.829999923706055,22.834999084472656,53577
2026-01-29 15:30:00-05:00,22.834999084472656,22.878999710083008,22.834999084472656,22.8700008392334,61426
2026-01-29 15:35:00-05:00,22.875,22.899999618530273,22.860000610351562,22.895000457763672,36469
2026-01-29 15:40:00-05:00,22.895000457763672,22.940000534057617,22.860000610351562,22.875,153090
2026-01-29 15:45:00-05:00,22.875,22.93000030517578,22.850000381469727,22.875,85479
2026-01-29 15:50:00-05:00,22.8799991607666,22.920000076293945,22.850000381469727,22.864999771118164,143667
2026-01-29 15:55:00-05:00,22.8700008392334,22.950000762939453,22.790000915527344,22.790000915527344,402697
2026-01-30 09:30:00-05:00,23.290000915527344,23.68000030517578,23.290000915527344,23.584999084472656,978954
2026-01-30 09:35:00-05:00,23.584999084472656,23.809999465942383,23.549999237060547,23.65999984741211,293258
2026-01-30 09:40:00-05:00,23.670000076293945,23.827199935913086,23.600000381469727,23.760000228881836,206875
2026-01-30 09:45:00-05:00,23.770000457763672,23.950000762939453,23.7549991607666,23.81999969482422,271933
2026-01-30 09:50:00-05:00,23.809999465942383,24.010000228881836,23.799999237060547,23.959999084472656,386878
2026-01-30 09:55:00-05:00,23.969999313354492,23.979999542236328,23.780000686645508,23.799999237060547,203071
2026-01-30 10:00:00-05:00,23.799999237060547,23.84000015258789,23.719999313354492,23.719999313354492,198832
2026-01-30 10:05:00-05:00,23.709999084472656,23.889999389648438,23.68000030517578,23.8799991607666,200543
2026-01-30 10:10:00-05:00,23.8799991607666,23.909900665283203,23.639999389648438,23.645000457763672,159800
2026-01-30 10:15:00-05:00,23.645000457763672,23.645000457763672,23.469999313354492,23.600099563598633,181414
2026-01-30 10:20:00-05:00,23.610000610351562,23.670000076293945,23.5,23.510000228881836,147120
2026-01-30 10:25:00-05:00,23.510000228881836,23.58930015563965,23.424999237060547,23.459999084472656,150738
2026-01-30 10:30:00-05:00,23.469999313354492,23.594999313354492,23.450000762939453,23.545000076293945,102714
2026-01-30 10:35:00-05:00,23.545000076293945,23.684999465942383,23.545000076293945,23.665000915527344,138526
2026-01-30 10:40:00-05:00,23.670000076293945,23.76849937438965,23.621400833129883,23.65999984741211,100362
2026-01-30 10:45:00-05:00,23.655000686645508,23.84000015258789,23.655000686645508,23.770000457763672,132681
2026-01-30 10:50:00-05:00,23.775800704956055,23.920000076293945,23.739999771118164,23.799800872802734,188173
2026-01-30 10:55:00-05:00,23.790000915527344,23.834999084472656,23.690000534057617,23.690000534057617,83464
2026-01-30 11:00:00-05:00,23.68790054321289,23.760000228881836,23.684999465942383,23.684999465942383,90164
2026-01-30 11:05:00-05:00,23.681400299072266,23.7450008392334,23.533199310302734,23.6200008392334,163749
2026-01-30 11:10:00-05:00,23.6299991607666,23.684999465942383,23.520000457763672,23.54400062561035,96084
2026-01-30 11:15:00-05:00,23.545900344848633,23.635000228881836,23.469999313354492,23.635000228881836,98896
2026-01-30 11:20:00-05:00,23.635099411010742,23.656999588012695,23.545000076293945,23.560199737548828,42675
2026-01-30 11:25:00-05:00,23.56999969482422,23.600000381469727,23.520000457763672,23.584999084472656,76995
2026-01-30 11:30:00-05:00,23.584999084472656,23.649900436401367,23.56999969482422,23.584999084472656,72639
2026-01-30 11:35:00-05:00,23.584999084472656,23.770000457763672,23.575000762939453,23.760000228881836,158246
2026-01-30 11:40:00-05:00,23.760000228881836,23.920000076293945,23.7450008392334,23.889999389648438,396475
2026-01-30 11:45:00-05:00,23.890300750732422,23.895000457763672,23.729999542236328,23.790000915527344,142309
2026-01-30 11:50:00-05:00,23.793899536132812,23.846099853515625,23.711299896240234,23.846099853515625,62478
2026-01-30 11:55:00-05:00,23.84000015258789,23.899999618530273,23.760000228881836,23.770000457763672,268886
2026-01-30 12:00:00-05:00,23.770000457763672,23.799999237060547,23.6299991607666,23.635499954223633,125983
2026-01-30 12:05:00-05:00,23.635000228881836,23.719999313354492,23.604999542236328,23.690000534057617,110533
2026-01-30 12:10:00-05:00,23.690000534057617,23.81999969482422,23.639999389648438,23.729999542236328,219048
2026-01-30 12:15:00-05:00,23.709999084472656,23.709999084472656,23.600000381469727,23.700000762939453,144811
2026-01-30 12:20:00-05:00,23.71500015258789,23.780000686645508,23.68000030517578,23.703100204467773,109937
2026-01-30 12:25:00-05:00,23.704999923706055,23.729999542236328,23.649999618530273,23.71500015258789,74920
2026-01-30 12:30:00-05:00,23.71500015258789,23.795000076293945,23.68000030517578,23.684999465942383,99230
2026-01-30 12:35:00-05:00,23.68000030517578,23.7549991607666,23.649999618530273,23.666000366210938,54560
2026-01-30 12:40:00-05:00,23.665000915527344,23.68000030517578,23.6299991607666,23.68000030517578,55465
2026-01-30 12:45:00-05:00,23.65999984741211,23.684999465942383,23.600000381469727,23.649999618530273,69271
2026-01-30 12:50:00-05:00,23.649999618530273,23.690000534057617,23.6033992767334,23.635000228881836,58326
2026-01-30 12:55:00-05:00,23.6299991607666,23.639999389648438,23.540000915527344,23.545000076293945,89668
2026-01-30 13:00:00-05:00,23.540000915527344,23.62529945373535,23.540000915527344,23.62529945373535,56957
2026-01-30 13:05:00-05:00,23.6299991607666,23.670000076293945,23.59000015258789,23.649999618530273,37821
2026-01-30 13:10:00-05:00,23.650100708007812,23.650299072265625,23.565000534057617,23.565000534057617,47831
2026-01-30 13:15:00-05:00,23.569900512695312,23.579999923706055,23.520000457763672,23.520000457763672,50844
2026-01-30 13:20:00-05:00,23.510000228881836,23.514999389648438,23.420000076293945,23.485000610351562,150282
2026-01-30 13:25:00-05:00,23.489900588989258,23.530000686645508,23.454999923706055,23.479999542236328,91447
2026-01-30 13:30:00-05:00,23.479999542236328,23.514999389648438,23.389999389648438,23.424999237060547,118428
2026-01-30 13:35:00-05:00,23.420000076293945,23.489999771118164,23.405000686645508,23.405000686645508,72821
2026-01-30 13:40:00-05:00,23.404800415039062,23.489999771118164,23.3700008392334,23.440000534057617,135334
2026-01-30 13:45:00-05:00,23.43000030517578,23.520000457763672,23.40999984741211,23.510000228881836,63481
2026-01-30 13:50:00-05:00,23.520000457763672,23.610000610351562,23.520000457763672,23.610000610351562,361261
2026-01-30 13:55:00-05:00,23.610000610351562,23.735000610351562,23.565000534057617,23.68000030517578,114573
2026-01-30 14:00:00-05:00,23.690000534057617,23.8700008392334,23.690000534057617,23.829999923706055,164708
2026-01-30 14:05:00-05:00,23.829999923706055,23.950000762939453,23.790000915527344,23.934999465942383,185942
2026-01-30 14:10:00-05:00,23.93000030517578,23.979999542236328,23.764999389648438,23.790000915527344,160676
2026-01-30 14:15:00-05:00,23.780000686645508,23.84000015258789,23.770000457763672,23.799999237060547,118672
2026-01-30 14:20:00-05:00,23.795000076293945,23.889999389648438,23.770000457763672,23.790000915527344,172851
2026-01-30 14:25:00-05:00,23.790000915527344,23.809999465942383,23.594999313354492,23.594999313354492,129018
2026-01-30 14:30:00-05:00,23.579999923706055,23.639999389648438,23.520000457763672,23.56999969482422,147857
2026-01-30 14:35:00-05:00,23.56999969482422,23.780000686645508,23.56999969482422,23.76300048828125,201981
2026-01-30 14:40:00-05:00,23.760000228881836,23.829999923706055,23.709999084472656,23.790000915527344,357178
2026-01-30 14:45:00-05:00,23.780000686645508,23.81999969482422,23.6200008392334,23.670000076293945,233584
2026-01-30 14:50:00-05:00,23.649999618530273,23.764999389648438,23.625,23.764999389648438,118303
2026-01-30 14:55:00-05:00,23.769899368286133,23.81999969482422,23.549999237060547,23.581100463867188,189492
2026-01-30 15:00:00-05:00,23.59000015258789,23.6299991607666,23.545000076293945,23.55500030517578,113683
2026-01-30 15:05:00-05:00,23.55299949645996,23.670000076293945,23.520099639892578,23.66010093688965,147986
2026-01-30 15:10:00-05:00,23.66320037841797,23.700000762939453,23.56999969482422,23.56999969482422,91313
2026-01-30 15:15:00-05:00,23.559999465942383,23.639999389648438,23.549999237060547,23.635000228881836,93560
2026-01-30 15:20:00-05:00,23.639999389648438,23.68000030517578,23.59000015258789,23.670000076293945,80917
2026-01-30 15:25:00-05:00,23.68000030517578,23.700000762939453,23.600000381469727,23.684999465942383,694679
2026-01-30 15:30:00-05:00,23.690000534057617,23.700000762939453,23.649999618530273,23.68000030517578,141537
2026-01-30 15:35:00-05:00,23.68000030517578,23.7450008392334,23.659799575805664,23.674999237060547,387595
2026-01-30 15:40:00-05:00,23.670000076293945,23.829999923706055,23.639999389648438,23.709999084472656,265471
2026-01-30 15:45:00-05:00,23.7106990814209,23.799999237060547,23.7106990814209,23.780000686645508,875184
2026-01-30 15:50:00-05:00,23.790000915527344,23.834999084472656,23.700000762939453,23.71500015258789,308967
2026-01-30 15:55:00-05:00,23.71500015258789,23.940000534057617,23.68000030517578,23.924999237060547,993945
2026-02-02 09:30:00-05:00,24.3799991607666,24.959999084472656,24.049999237060547,24.65999984741211,1813733
2026-02-02 09:35:00-05:00,24.690000534057617,25.079999923706055,24.594999313354492,25.059999465942383,999334
2026-02-02 09:40:00-05:00,25.055500030517578,25.110000610351562,24.840099334716797,24.90999984741211,602818
2026-02-02 09:45:00-05:00,24.899999618530273,25.18000030517578,24.770000457763672,25.149999618530273,494399
2026-02-02 09:50:00-05:00,25.170000076293945,25.429899215698242,25.100000381469727,25.392000198364258,621602
2026-02-02 09:55:00-05:00,25.3799991607666,25.48200035095215,25.15999984741211,25.25,845161
2026-02-02 10:00:00-05:00,25.270000457763672,25.399999618530273,25.190000534057617,25.290000915527344,395248
2026-02-02 10:05:00-05:00,25.290000915527344,25.44499969482422,25.225000381469727,25.264999389648438,373247
2026-02-02 10:10:00-05:00,25.264999389648438,25.40999984741211,25.239999771118164,25.239999771118164,255115
2026-02-02 10:15:00-05:00,25.2450008392334,25.344999313354492,25.170000076293945,25.229900360107422,343900
2026-02-02 10:20:00-05:00,25.220699310302734,25.2450008392334,25.020000457763672,25.149999618530273,297548
2026-02-02 10:25:00-05:00,25.139999389648438,25.18000030517578,24.9950008392334,25.100000381469727,231391
2026-02-02 10:30:00-05:00,25.104999542236328,25.299999237060547,25.09510040283203,25.204999923706055,198413
2026-02-02 10:35:00-05:00,25.209999084472656,25.56999969482422,25.200000762939453,25.42490005493164,509919
2026-02-02 10:40:00-05:00,25.42799949645996,25.5049991607666,25.329999923706055,25.443599700927734,227466
2026-02-02 10:45:00-05:00,25.44860076904297,25.584999084472656,25.354999542236328,25.56999969482422,330014
2026-02-02 10:50:00-05:00,25.56999969482422,25.6299991607666,25.40999984741211,25.56999969482422,386850
2026-02-02 10:55:00-05:00,25.577999114990234,25.645000457763672,25.530000686645508,25.545000076293945,215913
2026-02-02 11:00:00-05:00,25.5447998046875,25.559999465942383,25.34000015258789,25.350000381469727,297954
2026-02-02 11:05:00-05:00,25.350000381469727,25.440000534057617,25.31999969482422,25.43000030517578,215106
2026-02-02 11:10:00-05:00,25.43000030517578,25.5,25.385000228881836,25.389999389648438,238682
2026-02-02 11:15:00-05:00,25.384000778198242,25.549999237060547,25.384000778198242,25.510000228881836,289855
2026-02-02 11:20:00-05:00,25.5,25.53499984741211,25.454999923706055,25.485000610351562,122710
2026-02-02 11:25:00-05:00,25.479999542236328,25.479999542236328,25.34000015258789,25.375,176503
2026-02-02 11:30:00-05:00,25.3799991607666,25.43000030517578,25.329999923706055,25.394100189208984,118348
2026-02-02 11:35:00-05:00,25.3799991607666,25.3799991607666,25.200000762939453,25.270000457763672,346540
2026-02-02 11:40:00-05:00,25.274999618530273,25.476999282836914,25.200000762939453,25.469999313354492,219081
2026-02-02 11:45:00-05:00,25.459999084472656,25.5,25.395000457763672,25.489999771118164,118976
2026-02-02 11:50:00-05:00,25.5,25.55500030517578,25.479999542236328,25.520000457763672,213334
2026-02-02 11:55:00-05:00,25.514999389648438,25.549999237060547,25.440000534057617,25.475000381469727,96469
2026-02-02 12:00:00-05:00,25.475000381469727,25.510000228881836,25.420000076293945,25.434999465942383,75867
2026-02-02 12:05:00-05:00,25.439899444580078,25.530000686645508,25.392000198364258,25.420000076293945,101434
2026-02-02 12:10:00-05:00,25.43000030517578,25.469999313354492,25.389999389648438,25.407697677612305,143950
2026-02-02 12:15:00-05:00,25.400100708007812,25.404499053955078,25.325000762939453,25.365100860595703,109478
2026-02-02 12:20:00-05:00,25.362899780273438,25.38010025024414,25.31999969482422,25.339799880981445,187983
2026-02-02 12:25:00-05:00,25.33300018310547,25.33300018310547,25.20009994506836,25.229999542236328,230615
2026-02-02 12:30:00-05:00,25.229999542236328,25.260000228881836,25.190000534057617,25.229999542236328,100774
2026-02-02 12:35:00-05:00,25.229900360107422,25.280000686645508,25.139999389648438,25.229999542236328,200260
2026-02-02 12:40:00-05:00,25.225000381469727,25.290000915527344,25.170000076293945,25.290000915527344,76137
2026-02-02 12:45:00-05:00,25.295499801635742,25.399999618530273,25.270000457763672,25.3700008392334,169283
2026-02-02 12:50:00-05:00,25.3700008392334,25.46500015258789,25.309999465942383,25.350000381469727,178719
2026-02-02 12:55:00-05:00,25.340900421142578,25.469999313354492,25.190000534057617,25.354999542236328,398620
2026-02-02 13:00:00-05:00,25.360000610351562,25.735000610351562,25.350000381469727,25.659900665283203,764791
2026-02-02 13:05:00-05:00,25.649999618530273,25.75,25.540000915527344,25.575000762939453,387820
2026-02-02 13:10:00-05:00,25.575000762939453,25.639999389648438,25.489999771118164,25.5,226047
2026-02-02 13:15:00-05:00,25.49650001525879,25.700000762939453,25.46500015258789,25.700000762939453,183716
2026-02-02 13:20:00-05:00,25.691999435424805,25.799999237060547,25.610000610351562,25.78700065612793,454348
2026-02-02 13:25:00-05:00,25.780000686645508,25.84000015258789,25.603500366210938,25.624399185180664,296051
2026-02-02 13:30:00-05:00,25.6299991607666,25.760000228881836,25.6299991607666,25.66990089416504,155266
2026-02-02 13:35:00-05:00,25.665000915527344,25.75,25.665000915527344,25.71500015258789,94045
2026-02-02 13:40:00-05:00,25.71500015258789,25.719999313354492,25.6033992767334,25.6033992767334,87773
2026-02-02 13:45:00-05:00,25.604999542236328,25.65999984741211,25.55500030517578,25.6299991607666,203750
2026-02-02 13:50:00-05:00,25.6299991607666,25.719999313354492,25.59000015258789,25.604999542236328,155271
2026-02-02 13:55:00-05:00,25.609899520874023,25.81999969482422,25.600000381469727,25.770000457763672,238877
2026-02-02 14:00:00-05:00,25.764999389648438,25.809999465942383,25.709999084472656,25.761899948120117,129699
2026-02-02 14:05:00-05:00,25.770000457763672,25.789899826049805,25.670000076293945,25.69499969482422,208602
2026-02-02 14:10:00-05:00,25.700000762939453,25.729999542236328,25.670000076293945,25.69860076904297,111941
2026-02-02 14:15:00-05:00,25.69499969482422,25.725000381469727,25.64389991760254,25.725000381469727,127217
2026-02-02 14:20:00-05:00,25.725000381469727,25.84000015258789,25.709999084472656,25.834999084472656,150246
2026-02-02 14:25:00-05:00,25.834999084472656,25.8799991607666,25.780000686645508,25.795000076293945,232783
2026-02-02 14:30:00-05:00,25.799699783325195,25.860000610351562,25.789899826049805,25.844999313354492,171690
2026-02-02 14:35:00-05:00,25.844999313354492,25.93000030517578,25.7450008392334,25.795000076293945,233252
2026-02-02 14:40:00-05:00,25.799999237060547,25.885000228881836,25.790000915527344,25.8700008392334,135381
2026-02-02 14:45:00-05:00,25.8799991607666,25.920000076293945,25.81999969482422,25.8799991607666,163446
2026-02-02 14:50:00-05:00,25.8799991607666,25.8799991607666,25.69499969482422,25.719999313354492,363600
2026-02-02 14:55:00-05:00,25.72909927368164,25.769699096679688,25.549999237060547,25.592500686645508,325259
2026-02-02 15:00:00-05:00,25.594999313354492,25.65999984741211,25.510000228881836,25.594999313354492,321963
2026-02-02 15:05:00-05:00,25.594999313354492,25.729999542236328,25.594999313354492,25.649999618530273,185655
2026-02-02 15:10:00-05:00,25.639999389648438,25.639999389648438,25.469999313354492,25.540000915527344,198249
2026-02-02 15:15:00-05:00,25.540000915527344,25.75,25.527999877929688,25.700000762939453,226570
2026-02-02 15:20:00-05:00,25.704999923706055,25.825000762939453,25.690000534057617,25.764999389648438,377564
2026-02-02 15:25:00-05:00,25.770000457763672,25.84000015258789,25.610000610351562,25.6200008392334,343520
2026-02-02 15:30:00-05:00,25.625,25.729999542236328,25.545000076293945,25.5575008392334,231870
2026-02-02 15:35:00-05:00,25.552000045776367,25.645000457763672,25.5,25.645000457763672,286187
2026-02-02 15:40:00-05:00,25.6299991607666,25.67300033569336,25.594999313354492,25.65530014038086,365035
2026-02-02 15:45:00-05:00,25.649999618530273,25.762500762939453,25.625,25.649999618530273,252540
2026-02-02 15:50:00-05:00,25.65999984741211,25.860000610351562,25.65999984741211,25.815000534057617,487347
2026-02-02 15:55:00-05:00,25.815000534057617,25.860000610351562,25.774999618530273,25.84000015258789,919871
2026-02-03 09:30:00-05:00,25.15999984741211,25.299999237060547,24.719999313354492,25.155000686645508,2262479
2026-02-03 09:35:00-05:00,25.149999618530273,25.149999618530273,24.690000534057617,24.700000762939453,685464
2026-02-03 09:40:00-05:00,24.709999084472656,25.110000610351562,24.690000534057617,24.878999710083008,525821
2026-02-03 09:45:00-05:00,24.8700008392334,24.8700008392334,24.459999084472656,24.59000015258789,602355
2026-02-03 09:50:00-05:00,24.594999313354492,24.683000564575195,24.479999542236328,24.600000381469727,389369
2026-02-03 09:55:00-05:00,24.584999084472656,24.59000015258789,24.459999084472656,24.475000381469727,469341
2026-02-03 10:00:00-05:00,24.475000381469727,24.56999969482422,24.329999923706055,24.510000228881836,416382
2026-02-03 10:05:00-05:00,24.500099182128906,24.530000686645508,24.399999618530273,24.46500015258789,154842
2026-02-03 10:10:00-05:00,24.447399139404297,24.530000686645508,24.31999969482422,24.34000015258789,308910
2026-02-03 10:15:00-05:00,24.345500946044922,24.479999542236328,24.31999969482422,24.459999084472656,205610
2026-02-03 10:20:00-05:00,24.459999084472656,24.6299991607666,24.434999465942383,24.540000915527344,291332
2026-02-03 10:25:00-05:00,24.530000686645508,24.69499969482422,24.510000228881836,24.597700119018555,148541
2026-02-03 10:30:00-05:00,24.59000015258789,24.840099334716797,24.579999923706055,24.81570053100586,138034
2026-02-03 10:35:00-05:00,24.81999969482422,24.869800567626953,24.704999923706055,24.84939956665039,108720
2026-02-03 10:40:00-05:00,24.844999313354492,24.850000381469727,24.709999084472656,24.719999313354492,90754
2026-02-03 10:45:00-05:00,24.709999084472656,24.815000534057617,24.69499969482422,24.780099868774414,107760
2026-02-03 10:50:00-05:00,24.78499984741211,24.8700008392334,24.709999084472656,24.760000228881836,93308
2026-02-03 10:55:00-05:00,24.764999389648438,24.774999618530273,24.6200008392334,24.75,125036
2026-02-03 11:00:00-05:00,24.7450008392334,24.790000915527344,24.639999389648438,24.639999389648438,69258
2026-02-03 11:05:00-05:00,24.639999389648438,24.649999618530273,24.530000686645508,24.56999969482422,130010
2026-02-03 11:10:00-05:00,24.56999969482422,24.6200008392334,24.530000686645508,24.575000762939453,139936
2026-02-03 11:15:00-05:00,24.579999923706055,24.584999084472656,24.452299118041992,24.46500015258789,120458
2026-02-03 11:20:00-05:00,24.464399337768555,24.520000457763672,24.420000076293945,24.45509910583496,69334
2026-02-03 11:25:00-05:00,24.454999923706055,24.475000381469727,24.270000457763672,24.284500122070312,291923
2026-02-03 11:30:00-05:00,24.28499984741211,24.3799991607666,24.280000686645508,24.350000381469727,229194
2026-02-03 11:35:00-05:00,24.359800338745117,24.43000030517578,24.309999465942383,24.354999542236328,72931
2026-02-03 11:40:00-05:00,24.354999542236328,24.409299850463867,24.354999542236328,24.375,43464
2026-02-03 11:45:00-05:00,24.3700008392334,24.375,24.27400016784668,24.347700119018555,190211
2026-02-03 11:50:00-05:00,24.353500366210938,24.3799991607666,24.309999465942383,24.34000015258789,72799
2026-02-03 11:55:00-05:00,24.34000015258789,24.454999923706055,24.34000015258789,24.416900634765625,67244
2026-02-03 12:00:00-05:00,24.40999984741211,24.5,24.389999389648438,24.469999313354492,98715
2026-02-03 12:05:00-05:00,24.475000381469727,24.48550033569336,24.385000228881836,24.420000076293945,89564
2026-02-03 12:10:00-05:00,24.43000030517578,24.5,24.399999618530273,24.479999542236328,381313
2026-02-03 12:15:00-05:00,24.475400924682617,24.4955997467041,24.420000076293945,24.460800170898438,66084
2026-02-03 12:20:00-05:00,24.459999084472656,24.57939910888672,24.450000762939453,24.565000534057617,86250
2026-02-03 12:25:00-05:00,24.559999465942383,24.559999465942383,24.479999542236328,24.479999542236328,79285
2026-02-03 12:30:00-05:00,24.479999542236328,24.559999465942383,24.45400047302246,24.530000686645508,74406
2026-02-03 12:35:00-05:00,24.535999298095703,24.575000762939453,24.485000610351562,24.4950008392334,58416
2026-02-03 12:40:00-05:00,24.489999771118164,24.520000457763672,24.3799991607666,24.385000228881836,79311
2026-02-03 12:45:00-05:00,24.3700008392334,24.3700008392334,24.28499984741211,24.31999969482422,86984
2026-02-03 12:50:00-05:00,24.299999237060547,24.3799991607666,24.200000762939453,24.260000228881836,277000
2026-02-03 12:55:00-05:00,24.264999389648438,24.290000915527344,24.149999618530273,24.15999984741211,201233
2026-02-03 13:00:00-05:00,24.165000915527344,24.225000381469727,24.1200008392334,24.216999053955078,185129
2026-02-03 13:05:00-05:00,24.21500015258789,24.309900283813477,24.190099716186523,24.242000579833984,92755
2026-02-03 13:10:00-05:00,24.239999771118164,24.260000228881836,24.010000228881836,24.084999084472656,220857
2026-02-03 13:15:00-05:00,24.084999084472656,24.100000381469727,23.950000762939453,24.030000686645508,336211
2026-02-03 13:20:00-05:00,24.040000915527344,24.049999237060547,23.959999084472656,24.014999389648438,98997
2026-02-03 13:25:00-05:00,24.012399673461914,24.014999389648438,23.860000610351562,23.875,223110
2026-02-03 13:30:00-05:00,23.8799991607666,23.93000030517578,23.84000015258789,23.885000228881836,225113
2026-02-03 13:35:00-05:00,23.885000228881836,24.079999923706055,23.860000610351562,24.079999923706055,313080
2026-02-03 13:40:00-05:00,24.077999114990234,24.08989906311035,23.979999542236328,24.010299682617188,92193
2026-02-03 13:45:00-05:00,24.010000228881836,24.010000228881836,23.905000686645508,23.924999237060547,76721
2026-02-03 13:50:00-05:00,23.920000076293945,24.059999465942383,23.889999389648438,24.020000457763672,81754
2026-02-03 13:55:00-05:00,24.030000686645508,24.170000076293945,24.030000686645508,24.059999465942383,108666
2026-02-03 14:00:00-05:00,24.065000534057617,24.110000610351562,24.020000457763672,24.065000534057617,62525
2026-02-03 14:05:00-05:00,24.06999969482422,24.139999389648438,24.06999969482422,24.11720085144043,101923
2026-02-03 14:10:00-05:00,24.114999771118164,24.280000686645508,24.114999771118164,24.264999389648438,145486
2026-02-03 14:15:00-05:00,24.264999389648438,24.32979965209961,24.18000030517578,24.299999237060547,106680
2026-02-03 14:20:00-05:00,24.309499740600586,24.34000015258789,24.219999313354492,24.25,81945
2026-02-03 14:25:00-05:00,24.25,24.260000228881836,24.155000686645508,24.15999984741211,90892
2026-02-03 14:30:00-05:00,24.15999984741211,24.25,24.079999923706055,24.209999084472656,154613
2026-02-03 14:35:00-05:00,24.21500015258789,24.364999771118164,24.21500015258789,24.350000381469727,63652
2026-02-03 14:40:00-05:00,24.3700008392334,24.479999542236328,24.34000015258789,24.440000534057617,65612
2026-02-03 14:45:00-05:00,24.44890022277832,24.459999084472656,24.360000610351562,24.389999389648438,50869
2026-02-03 14:50:00-05:00,24.399999618530273,24.469999313354492,24.34000015258789,24.389999389648438,57336
2026-02-03 14:55:00-05:00,24.391599655151367,24.43000030517578,24.329999923706055,24.329999923706055,58682
2026-02-03 15:00:00-05:00,24.309999465942383,24.415000915527344,24.291200637817383,24.389999389648438,53138
2026-02-03 15:05:00-05:00,24.3799991607666,24.3799991607666,24.309999465942383,24.315000534057617,33931
2026-02-03 15:10:00-05:00,24.315000534057617,24.359899520874023,24.309900283813477,24.344999313354492,32876
2026-02-03 15:15:00-05:00,24.344999313354492,24.44529914855957,24.329999923706055,24.426000595092773,42261
2026-02-03 15:20:00-05:00,24.424999237060547,24.520000457763672,24.3700008392334,24.5049991607666,89794
2026-02-03 15:25:00-05:00,24.510000228881836,24.530000686645508,24.44499969482422,24.44499969482422,65272
2026-02-03 15:30:00-05:00,24.4414005279541,24.459999084472656,24.360000610351562,24.360000610351562,171074
2026-02-03 15:35:00-05:00,24.364999771118164,24.375,24.324199676513672,24.360000610351562,75411
2026-02-03 15:40:00-05:00,24.360000610351562,24.405000686645508,24.31999969482422,24.39550018310547,89208
2026-02-03 15:45:00-05:00,24.395000457763672,24.459999084472656,24.350000381469727,24.385000228881836,203714
2026-02-03 15:50:00-05:00,24.389999389648438,24.410600662231445,24.344999313354492,24.399999618530273,228456
2026-02-03 15:55:00-05:00,24.399999618530273,24.53499984741211,24.3700008392334,24.520000457763672,454078
2026-02-04 09:30:00-05:00,24.479999542236328,24.64069938659668,24.1200008392334,24.229999542236328,647258
2026-02-04 09:35:00-05:00,24.264999389648438,24.616199493408203,24.149999618530273,24.239999771118164,239444
2026-02-04 09:40:00-05:00,24.209999084472656,24.360000610351562,24.049999237060547,24.360000610351562,178123
2026-02-04 09:45:00-05:00,24.360000610351562,24.59000015258789,24.270000457763672,24.584999084472656,137104
2026-02-04 09:50:00-05:00,24.59480094909668,24.610000610351562,24.399999618530273,24.549999237060547,178994
2026-02-04 09:55:00-05:00,24.556800842285156,24.6299991607666,24.469999313354492,24.524999618530273,279151
2026-02-04 10:00:00-05:00,24.510000228881836,24.530000686645508,24.375,24.5,111727
2026-02-04 10:05:00-05:00,24.5,24.780000686645508,24.434999465942383,24.739999771118164,168511
2026-02-04 10:10:00-05:00,24.760099411010742,24.80430030822754,24.700000762939453,24.739999771118164,143289
2026-02-04 10:15:00-05:00,24.739999771118164,24.84000015258789,24.684099197387695,24.790000915527344,119958
2026-02-04 10:20:00-05:00,24.790000915527344,24.979999542236328,24.780000686645508,24.889999389648438,249260
2026-02-04 10:25:00-05:00,24.889999389648438,25.149999618530273,24.880300521850586,25.06999969482422,299520
2026-02-04 10:30:00-05:00,25.079999923706055,25.079999923706055,24.84000015258789,24.8700008392334,234956
2026-02-04 10:35:00-05:00,24.860000610351562,25.020000457763672,24.729999542236328,24.860000610351562,323775
2026-02-04 10:40:00-05:00,24.860000610351562,25.0,24.860000610351562,24.985000610351562,108789
2026-02-04 10:45:00-05:00,24.989999771118164,25.059999465942383,24.940099716186523,24.967899322509766,135008
2026-02-04 10:50:00-05:00,24.969999313354492,25.040000915527344,24.834999084472656,24.969999313354492,165464
2026-02-04 10:55:00-05:00,24.969999313354492,25.05500030517578,24.93600082397461,24.990100860595703,121252
2026-02-04 11:00:00-05:00,25.0,25.010000228881836,24.790000915527344,24.83300018310547,127817
2026-02-04 11:05:00-05:00,24.81999969482422,24.8799991607666,24.740299224853516,24.770000457763672,109381
2026-02-04 11:10:00-05:00,24.777999877929688,24.84000015258789,24.725000381469727,24.81999969482422,65463
2026-02-04 11:15:00-05:00,24.809999465942383,24.875,24.764999389648438,24.790000915527344,51024
2026-02-04 11:20:00-05:00,24.795000076293945,24.83009910583496,24.709999084472656,24.82990074157715,79788
2026-02-04 11:25:00-05:00,24.81999969482422,24.969999313354492,24.75,24.916500091552734,104555
2026-02-04 11:30:00-05:00,24.90999984741211,24.90999984741211,24.649999618530273,24.649999618530273,95587
2026-02-04 11:35:00-05:00,24.65999984741211,24.739999771118164,24.640100479125977,24.645000457763672,69233
2026-02-04 11:40:00-05:00,24.655000686645508,24.66990089416504,24.540000915527344,24.610000610351562,132450
2026-02-04 11:45:00-05:00,24.600000381469727,24.639999389648438,24.530000686645508,24.557100296020508,97605
2026-02-04 11:50:00-05:00,24.559999465942383,24.56999969482422,24.479999542236328,24.490400314331055,108585
2026-02-04 11:55:00-05:00,24.510000228881836,24.639999389648438,24.510000228881836,24.59000015258789,67542
2026-02-04 12:00:00-05:00,24.59000015258789,24.59000015258789,24.520000457763672,24.520000457763672,67131
2026-02-04 12:05:00-05:00,24.510000228881836,24.540000915527344,24.450000762939453,24.5,35252
2026-02-04 12:10:00-05:00,24.489999771118164,24.6200008392334,24.469999313354492,24.6200008392334,48010
2026-02-04 12:15:00-05:00,24.6200008392334,24.6200008392334,24.540000915527344,24.540300369262695,45280
2026-02-04 12:20:00-05:00,24.540000915527344,24.56999969482422,24.514999389648438,24.52989959716797,34864
2026-02-04 12:25:00-05:00,24.530000686645508,24.540000915527344,24.364999771118164,24.420000076293945,78224
2026-02-04 12:30:00-05:00,24.40999984741211,24.5,24.378999710083008,24.40999984741211,57713
2026-02-04 12:35:00-05:00,24.399999618530273,24.40999984741211,24.299999237060547,24.329999923706055,59055
2026-02-04 12:40:00-05:00,24.31999969482422,24.326000213623047,24.25,24.28969955444336,85992
2026-02-04 12:45:00-05:00,24.290000915527344,24.309999465942383,24.209999084472656,24.25,104541
2026-02-04 12:50:00-05:00,24.229999542236328,24.25,24.200000762939453,24.21299934387207,35259
2026-02-04 12:55:00-05:00,24.219999313354492,24.350000381469727,24.219999313354492,24.350000381469727,38016
2026-02-04 13:00:00-05:00,24.34000015258789,24.344999313354492,24.210100173950195,24.319000244140625,44637
2026-02-04 13:05:00-05:00,24.31999969482422,24.389999389648438,24.235000610351562,24.239999771118164,64325
2026-02-04 13:10:00-05:00,24.25,24.288799285888672,24.18000030517578,24.184999465942383,42873
2026-02-04 13:15:00-05:00,24.18000030517578,24.280000686645508,24.170000076293945,24.209999084472656,60720
2026-02-04 13:20:00-05:00,24.200300216674805,24.290000915527344,24.200300216674805,24.260000228881836,47605
2026-02-04 13:25:00-05:00,24.264999389648438,24.399999618530273,24.264999389648438,24.3700008392334,55074
2026-02-04 13:30:00-05:00,24.3799991607666,24.40999984741211,24.290000915527344,24.329999923706055,62858
2026-02-04 13:35:00-05:00,24.329999923706055,24.360000610351562,24.309999465942383,24.350000381469727,96234
2026-02-04 13:40:00-05:00,24.350000381469727,24.469900131225586,24.350000381469727,24.399999618530273,64668
2026-02-04 13:45:00-05:00,24.40399932861328,24.40999984741211,24.3700008392334,24.385000228881836,43212
2026-02-04 13:50:00-05:00,24.3799991607666,24.43000030517578,24.299999237060547,24.409900665283203,74514
2026-02-04 13:55:00-05:00,24.401100158691406,24.475000381469727,24.350000381469727,24.3799991607666,51208
2026-02-04 14:00:00-05:00,24.3799991607666,24.420000076293945,24.325000762939453,24.360000610351562,45015
2026-02-04 14:05:00-05:00,24.34000015258789,24.469999313354492,24.309999465942383,24.450000762939453,34114
2026-02-04 14:10:00-05:00,24.450000762939453,24.5,24.43000030517578,24.5,35571
2026-02-04 14:15:00-05:00,24.5,24.540000915527344,24.469999313354492,24.510000228881836,37683
2026-02-04 14:20:00-05:00,24.510000228881836,24.639999389648438,24.49920082092285,24.629899978637695,71366
2026-02-04 14:25:00-05:00,24.610000610351562,24.791000366210938,24.59000015258789,24.770099639892578,191208
2026-02-04 14:30:00-05:00,24.780000686645508,24.899999618530273,24.639999389648438,24.899099349975586,209548
2026-02-04 14:35:00-05:00,24.895000457763672,24.899999618530273,24.770000457763672,24.80030059814453,118314
2026-02-04 14:40:00-05:00,24.80500030517578,24.940000534057617,24.799999237060547,24.90999984741211,76644
2026-02-04 14:45:00-05:00,24.90999984741211,24.950000762939453,24.859899520874023,24.899999618530273,134949
2026-02-04 14:50:00-05:00,24.912500381469727,24.985000610351562,24.889999389648438,24.959999084472656,70100
2026-02-04 14:55:00-05:00,24.957000732421875,25.159900665283203,24.954999923706055,25.104999542236328,179690
2026-02-04 15:00:00-05:00,25.104999542236328,25.104999542236328,25.010000228881836,25.094999313354492,94194
2026-02-04 15:05:00-05:00,25.094999313354492,25.09510040283203,24.99139976501465,25.010000228881836,124110
2026-02-04 15:10:00-05:00,25.014999389648438,25.049999237060547,24.934999465942383,25.02989959716797,86793
2026-02-04 15:15:00-05:00,25.040000915527344,25.079999923706055,25.020000457763672,25.024999618530273,390011
2026-02-04 15:20:00-05:00,25.020000457763672,25.049999237060547,25.010000228881836,25.030000686645508,42433
2026-02-04 15:25:00-05:00,25.024999618530273,25.030000686645508,24.940000534057617,24.940000534057617,133817
2026-02-04 15:30:00-05:00,24.94499969482422,24.979999542236328,24.93000030517578,24.959999084472656,56522
2026-02-04 15:35:00-05:00,24.969999313354492,24.98080062866211,24.8700008392334,24.969999313354492,100882
2026-02-04 15:40:00-05:00,24.972900390625,24.9950008392334,24.93000030517578,24.95509910583496,73238
2026-02-04 15:45:00-05:00,24.954999923706055,25.059999465942383,24.954999923706055,25.024999618530273,110276
2026-02-04 15:50:00-05:00,25.020000457763672,25.03499984741211,25.0,25.0049991607666,127601
2026-02-04 15:55:00-05:00,25.0049991607666,25.020000457763672,24.905000686645508,24.989999771118164,301633
2026-02-05 09:30:00-05:00,24.75,24.850000381469727,24.56999969482422,24.674999237060547,526324
2026-02-05 09:35:00-05:00,24.698400497436523,25.010000228881836,24.607999801635742,25.0049991607666,207187
2026-02-05 09:40:00-05:00,25.0,25.190000534057617,24.969999313354492,25.042400360107422,204269
2026-02-05 09:45:00-05:00,25.030000686645508,25.040000915527344,24.889999389648438,25.010000228881836,175636
2026-02-05 09:50:00-05:00,25.024999618530273,25.190000534057617,25.010000228881836,25.15999984741211,152813
2026-02-05 09:55:00-05:00,25.170000076293945,25.299999237060547,25.049999237060547,25.219999313354492,185801
2026-02-05 10:00:00-05:00,25.25,25.34000015258789,25.1200008392334,25.339799880981445,178151
2026-02-05 10:05:00-05:00,25.34000015258789,25.418500900268555,25.264299392700195,25.360000610351562,203213
2026-02-05 10:10:00-05:00,25.350000381469727,25.3700008392334,25.063800811767578,25.079999923706055,240522
2026-02-05 10:15:00-05:00,25.06999969482422,25.350000381469727,25.059999465942383,25.260000228881836,180255
2026-02-05 10:20:00-05:00,25.280000686645508,25.360000610351562,25.209999084472656,25.252500534057617,114602
2026-02-05 10:25:00-05:00,25.270000457763672,25.40999984741211,25.200000762939453,25.389999389648438,155180
2026-02-05 10:30:00-05:00,25.385900497436523,25.420000076293945,25.1299991607666,25.149999618530273,141819
2026-02-05 10:35:00-05:00,25.155000686645508,25.155000686645508,24.979999542236328,25.100000381469727,138207
2026-02-05 10:40:00-05:00,25.100000381469727,25.149999618530273,25.020000457763672,25.040000915527344,82879
2026-02-05 10:45:00-05:00,25.04640007019043,25.1299991607666,25.0,25.020000457763672,180639
2026-02-05 10:50:00-05:00,25.030000686645508,25.125,24.950000762939453,25.045000076293945,89078
2026-02-05 10:55:00-05:00,25.049999237060547,25.149999618530273,25.0,25.1200008392334,81602
2026-02-05 11:00:00-05:00,25.14240074157715,25.227800369262695,25.049999237060547,25.059999465942383,101670
2026-02-05 11:05:00-05:00,25.059999465942383,25.08919906616211,25.014999389648438,25.030000686645508,70895
2026-02-05 11:10:00-05:00,25.040000915527344,25.162599563598633,25.040000915527344,25.1200008392334,66597
2026-02-05 11:15:00-05:00,25.1299991607666,25.358800888061523,25.1299991607666,25.280000686645508,102111
2026-02-05 11:20:00-05:00,25.281999588012695,25.34000015258789,25.22599983215332,25.34000015258789,84093
2026-02-05 11:25:00-05:00,25.334299087524414,25.389999389648438,25.270099639892578,25.309999465942383,74900
2026-02-05 11:30:00-05:00,25.315000534057617,25.385000228881836,25.139999389648438,25.26099967956543,134458
2026-02-05 11:35:00-05:00,25.270000457763672,25.350000381469727,25.239999771118164,25.325000762939453,159425
2026-02-05 11:40:00-05:00,25.315000534057617,25.3799991607666,25.219999313354492,25.239999771118164,93015
2026-02-05 11:45:00-05:00,25.239999771118164,25.25,25.110000610351562,25.229999542236328,118855
2026-02-05 11:50:00-05:00,25.229999542236328,25.325000762939453,25.229999542236328,25.270000457763672,95217
2026-02-05 11:55:00-05:00,25.262800216674805,25.34910011291504,25.219999313354492,25.325000762939453,62160
2026-02-05 12:00:00-05:00,25.325000762939453,25.34000015258789,25.200000762939453,25.210100173950195,75546
2026-02-05 12:05:00-05:00,25.209999084472656,25.315000534057617,25.209999084472656,25.209999084472656,75316
2026-02-05 12:10:00-05:00,25.204999923706055,25.229999542236328,25.139999389648438,25.19499969482422,81202
2026-02-05 12:15:00-05:00,25.190000534057617,25.209999084472656,25.149999618530273,25.15999984741211,62531
2026-02-05 12:20:00-05:00,25.149999618530273,25.239999771118164,25.030000686645508,25.239999771118164,135885
2026-02-05 12:25:00-05:00,25.239999771118164,25.329999923706055,25.229999542236328,25.290000915527344,78619
2026-02-05 12:30:00-05:00,25.280000686645508,25.329999923706055,25.190000534057617,25.309999465942383,367839
2026-02-05 12:35:00-05:00,25.299999237060547,25.3700008392334,25.299999237060547,25.34000015258789,63647
2026-02-05 12:40:00-05:00,25.34000015258789,25.388999938964844,25.31999969482422,25.375,217766
2026-02-05 12:45:00-05:00,25.3799991607666,25.469999313354492,25.3700008392334,25.43000030517578,107688
2026-02-05 12:50:00-05:00,25.40999984741211,25.4950008392334,25.3799991607666,25.424999237060547,186843
2026-02-05 12:55:00-05:00,25.420000076293945,25.468900680541992,25.40019989013672,25.43000030517578,153534
2026-02-05 13:00:00-05:00,25.420000076293945,25.43000030517578,25.18000030517578,25.190000534057617,114599
2026-02-05 13:05:00-05:00,25.184999465942383,25.239999771118164,25.049999237060547,25.079999923706055,96200
2026-02-05 13:10:00-05:00,25.084999084472656,25.219999313354492,25.059999465942383,25.209999084472656,75559
2026-02-05 13:15:00-05:00,25.219999313354492,25.229999542236328,25.051799774169922,25.06999969482422,127742
2026-02-05 13:20:00-05:00,25.06999969482422,25.079999923706055,24.969999313354492,25.07939910888672,122346
2026-02-05 13:25:00-05:00,25.065000534057617,25.1200008392334,25.010000228881836,25.030000686645508,40525
2026-02-05 13:30:00-05:00,25.03499984741211,25.05500030517578,24.97369956970215,24.979999542236328,74044
2026-02-05 13:35:00-05:00,24.979999542236328,24.979999542236328,24.790000915527344,24.83009910583496,222969
2026-02-05 13:40:00-05:00,24.84000015258789,24.850000381469727,24.719999313354492,24.729999542236328,200192
2026-02-05 13:45:00-05:00,24.7450008392334,24.815000534057617,24.7450008392334,24.799999237060547,90028
2026-02-05 13:50:00-05:00,24.780000686645508,24.809999465942383,24.75,24.799999237060547,56677
2026-02-05 13:55:00-05:00,24.795000076293945,24.959999084472656,24.790000915527344,24.93000030517578,86442
2026-02-05 14:00:00-05:00,24.93000030517578,24.969999313354492,24.8700008392334,24.899999618530273,70914
2026-02-05 14:05:00-05:00,24.899999618530273,24.985000610351562,24.889999389648438,24.943099975585938,51376
2026-02-05 14:10:00-05:00,24.940000534057617,24.979999542236328,24.889999389648438,24.90999984741211,52222
2026-02-05 14:15:00-05:00,24.889999389648438,24.950000762939453,24.8700008392334,24.94499969482422,66727
2026-02-05 14:20:00-05:00,24.94499969482422,24.959016799926758,24.84000015258789,24.850000381469727,66536
2026-02-05 14:25:00-05:00,24.84000015258789,24.850000381469727,24.782800674438477,24.809999465942383,36243
2026-02-05 14:30:00-05:00,24.819900512695312,24.819900512695312,24.674999237060547,24.728900909423828,96283
2026-02-05 14:35:00-05:00,24.729999542236328,24.770000457763672,24.719999313354492,24.729999542236328,45971
2026-02-05 14:40:00-05:00,24.719999313354492,24.7549991607666,24.700000762939453,24.729999542236328,55683
2026-02-05 14:45:00-05:00,24.729999542236328,24.770000457763672,24.690000534057617,24.770000457763672,62031
2026-02-05 14:50:00-05:00,24.770000457763672,24.785499572753906,24.719999313354492,24.7450008392334,42968
2026-02-05 14:55:00-05:00,24.770000457763672,24.790000915527344,24.719999313354492,24.770000457763672,53137
2026-02-05 15:00:00-05:00,24.75,24.84000015258789,24.639999389648438,24.829999923706055,61300
2026-02-05 15:05:00-05:00,24.829999923706055,24.90999984741211,24.815000534057617,24.889999389648438,34809
2026-02-05 15:10:00-05:00,24.889999389648438,24.905000686645508,24.75,24.75,49181
2026-02-05 15:15:00-05:00,24.75,24.75,24.612499237060547,24.6200008392334,81298
2026-02-05 15:20:00-05:00,24.61009979248047,24.625,24.549999237060547,24.56999969482422,110365
2026-02-05 15:25:00-05:00,24.56999969482422,24.691999435424805,24.559999465942383,24.649999618530273,79309
2026-02-05 15:30:00-05:00,24.639999389648438,24.689800262451172,24.6200008392334,24.6299991607666,0
2026-02-05 15:35:00-05:00,24.6200008392334,24.75,24.6200008392334,24.75,53919
2026-02-05 15:40:00-05:00,24.75,24.799999237060547,24.68000030517578,24.71500015258789,155910
2026-02-05 15:45:00-05:00,24.71500015258789,24.850000381469727,24.71500015258789,24.795000076293945,194543
2026-02-05 15:50:00-05:00,24.780000686645508,24.829999923706055,24.774999618530273,24.815000534057617,133624
2026-02-05 15:55:00-05:00,24.809999465942383,24.809999465942383,24.665000915527344,24.674999237060547,392305
2026-02-06 09:30:00-05:00,24.799999237060547,25.31999969482422,24.790000915527344,25.1875,807565
2026-02-06 09:35:00-05:00,25.19499969482422,25.19499969482422,24.93000030517578,24.950000762939453,230610
2026-02-06 09:40:00-05:00,24.947599411010742,25.09000015258789,24.91010093688965,25.0,198996
2026-02-06 09:45:00-05:00,25.010000228881836,25.329999923706055,24.969999313354492,25.309999465942383,230772
2026-02-06 09:50:00-05:00,25.309999465942383,25.395000457763672,25.149999618530273,25.155000686645508,176315
2026-02-06 09:55:00-05:00,25.15959930419922,25.215999603271484,25.059999465942383,25.161300659179688,139400
2026-02-06 10:00:00-05:00,25.100099563598633,25.170000076293945,25.059999465942383,25.09000015258789,142428
2026-02-06 10:05:00-05:00,25.100000381469727,25.139999389648438,25.020000457763672,25.03499984741211,112102
2026-02-06 10:10:00-05:00,25.03499984741211,25.135000228881836,24.8700008392334,24.8799991607666,157734
2026-02-06 10:15:00-05:00,24.8700008392334,24.93000030517578,24.790000915527344,24.90999984741211,83391
2026-02-06 10:20:00-05:00,24.90999984741211,25.014999389648438,24.799999237060547,24.860000610351562,83947
2026-02-06 10:25:00-05:00,24.8799991607666,25.014999389648438,24.871999740600586,25.010700225830078,92791
2026-02-06 10:30:00-05:00,25.014999389648438,25.040000915527344,24.920000076293945,24.940000534057617,115968
2026-02-06 10:35:00-05:00,24.93000030517578,24.987300872802734,24.8799991607666,24.974000930786133,79949
2026-02-06 10:40:00-05:00,24.979999542236328,25.0,24.93000030517578,24.985000610351562,55339
2026-02-06 10:45:00-05:00,24.979999542236328,25.040000915527344,24.940000534057617,24.979999542236328,317241
2026-02-06 10:50:00-05:00,24.974000930786133,24.979999542236328,24.790000915527344,24.791000366210938,133056
2026-02-06 10:55:00-05:00,24.795000076293945,24.940000534057617,24.766599655151367,24.920000076293945,71474
2026-02-06 11:00:00-05:00,24.920000076293945,25.040000915527344,24.864999771118164,24.88050079345703,120454
2026-02-06 11:05:00-05:00,24.8799991607666,24.889999389648438,24.760000228881836,24.799999237060547,328608
2026-02-06 11:10:00-05:00,24.795000076293945,24.809999465942383,24.729999542236328,24.795000076293945,105627
2026-02-06 11:15:00-05:00,24.790000915527344,24.790000915527344,24.65999984741211,24.700000762939453,74272
2026-02-06 11:20:00-05:00,24.690000534057617,24.700000762939453,24.6299991607666,24.68000030517578,65669
2026-02-06 11:25:00-05:00,24.670000076293945,24.729999542236328,24.635099411010742,24.718399047851562,90304
2026-02-06 11:30:00-05:00,24.71419906616211,24.81999969482422,24.71419906616211,24.81999969482422,59860
2026-02-06 11:35:00-05:00,24.81999969482422,24.850000381469727,24.739999771118164,24.79599952697754,64312
2026-02-06 11:40:00-05:00,24.795000076293945,24.799999237060547,24.735000610351562,24.740100860595703,41295
2026-02-06 11:45:00-05:00,24.729999542236328,24.84749984741211,24.704999923706055,24.799999237060547,47893
2026-02-06 11:50:00-05:00,24.802499771118164,24.83989906311035,24.764999389648438,24.764999389648438,30268
2026-02-06 11:55:00-05:00,24.764999389648438,24.81999969482422,24.75,24.81999969482422,38504
2026-02-06 12:00:00-05:00,24.790000915527344,24.809999465942383,24.74679946899414,24.760000228881836,31563
2026-02-06 12:05:00-05:00,24.764999389648438,24.850000381469727,24.759000778198242,24.850000381469727,36905
2026-02-06 12:10:00-05:00,24.850000381469727,24.850000381469727,24.740299224853516,24.75,46141
2026-02-06 12:15:00-05:00,24.739999771118164,24.770000457763672,24.690099716186523,24.770000457763672,47074
2026-02-06 12:20:00-05:00,24.760000228881836,24.809900283813477,24.729999542236328,24.807300567626953,47241
2026-02-06 12:25:00-05:00,24.80500030517578,24.829999923706055,24.780000686645508,24.829999923706055,47697
2026-02-06 12:30:00-05:00,24.829999923706055,24.844999313354492,24.77647590637207,24.77647590637207,39739
2026-02-06 12:35:00-05:00,24.780000686645508,24.80500030517578,24.760000228881836,24.77280044555664,58566
2026-02-06 12:40:00-05:00,24.790000915527344,24.790000915527344,24.739999771118164,24.770000457763672,32614
2026-02-06 12:45:00-05:00,24.770000457763672,24.780000686645508,24.739999771118164,24.774999618530273,33182
2026-02-06 12:50:00-05:00,24.770099639892578,24.79990005493164,24.719999313354492,24.719999313354492,52543
2026-02-06 12:55:00-05:00,24.704999923706055,24.739999771118164,24.65135383605957,24.730600357055664,232282
2026-02-06 13:00:00-05:00,24.729999542236328,24.780000686645508,24.69499969482422,24.764999389648438,52064
2026-02-06 13:05:00-05:00,24.764999389648438,24.764999389648438,24.649999618530273,24.655000686645508,57755
2026-02-06 13:10:00-05:00,24.655000686645508,24.719999313354492,24.639999389648438,24.68000030517578,77166
2026-02-06 13:15:00-05:00,24.674999237060547,24.690000534057617,24.649999618530273,24.681299209594727,38972
2026-02-06 13:20:00-05:00,24.684999465942383,24.684999465942383,24.6200008392334,24.620100021362305,65688
2026-02-06 13:25:00-05:00,24.6200008392334,24.625,24.510000228881836,24.56999969482422,170759
2026-02-06 13:30:00-05:00,24.575000762939453,24.575000762939453,24.479999542236328,24.510000228881836,175126
2026-02-06 13:35:00-05:00,24.514999389648438,24.59000015258789,24.4950008392334,24.579999923706055,75388
2026-02-06 13:40:00-05:00,24.582799911499023,24.600000381469727,24.440000534057617,24.545000076293945,261474
2026-02-06 13:45:00-05:00,24.549999237060547,24.56999969482422,24.5,24.55500030517578,81675
2026-02-06 13:50:00-05:00,24.55500030517578,24.600000381469727,24.520000457763672,24.520000457763672,116564
2026-02-06 13:55:00-05:00,24.520000457763672,24.559999465942383,24.479999542236328,24.480100631713867,71229
2026-02-06 14:00:00-05:00,24.499900817871094,24.5,24.445999145507812,24.46980094909668,69350
2026-02-06 14:05:00-05:00,24.46500015258789,24.520000457763672,24.454999923706055,24.479999542236328,100347
2026-02-06 14:10:00-05:00,24.489999771118164,24.690000534057617,24.485000610351562,24.649999618530273,100552
2026-02-06 14:15:00-05:00,24.640199661254883,24.739900588989258,24.610000610351562,24.708999633789062,115132
2026-02-06 14:20:00-05:00,24.709999084472656,24.75,24.649999618530273,24.75,85759
2026-02-06 14:25:00-05:00,24.75,24.870399475097656,24.735000610351562,24.870399475097656,154475
2026-02-06 14:30:00-05:00,24.87969970703125,24.90999984741211,24.809999465942383,24.89929962158203,82982
2026-02-06 14:35:00-05:00,24.8799991607666,24.8799991607666,24.81999969482422,24.860000610351562,42336
2026-02-06 14:40:00-05:00,24.84000015258789,24.84000015258789,24.780000686645508,24.829999923706055,46530
2026-02-06 14:45:00-05:00,24.829999923706055,25.0,24.829999923706055,24.989999771118164,166959
2026-02-06 14:50:00-05:00,24.979999542236328,25.020000457763672,24.93000030517578,25.014999389648438,111871
2026-02-06 14:55:00-05:00,25.010000228881836,25.010000228881836,24.81800079345703,24.81800079345703,92091
2026-02-06 15:00:00-05:00,24.809999465942383,24.8799991607666,24.799999237060547,24.850000381469727,49712
2026-02-06 15:05:00-05:00,24.844999313354492,24.875,24.829999923706055,24.860000610351562,34606
2026-02-06 15:10:00-05:00,24.860000610351562,24.93000030517578,24.809999465942383,24.889999389648438,51929
2026-02-06 15:15:00-05:00,24.894699096679688,24.909900665283203,24.86009979248047,24.895000457763672,36539
2026-02-06 15:20:00-05:00,24.895000457763672,24.969999313354492,24.895000457763672,24.950000762939453,67160
2026-02-06 15:25:00-05:00,24.954999923706055,24.979999542236328,24.889999389648438,24.920000076293945,62562
2026-02-06 15:30:00-05:00,24.90999984741211,24.90999984741211,24.825000762939453,24.875,76783
2026-02-06 15:35:00-05:00,24.875,24.899999618530273,24.834999084472656,24.860000610351562,65429
2026-02-06 15:40:00-05:00,24.8700008392334,24.93000030517578,24.859100341796875,24.93000030517578,81657
2026-02-06 15:45:00-05:00,24.940000534057617,25.024999618530273,24.920000076293945,24.969999313354492,130231
2026-02-06 15:50:00-05:00,24.959999084472656,25.010000228881836,24.899999618530273,24.985000610351562,168817
2026-02-06 15:55:00-05:00,24.985000610351562,25.030000686645508,24.969999313354492,24.9950008392334,465276
2026-02-09 09:30:00-05:00,24.885000228881836,24.969999313354492,24.700000762939453,24.860000610351562,294397
2026-02-09 09:35:00-05:00,24.851200103759766,24.889999389648438,24.690000534057617,24.709999084472656,82683
2026-02-09 09:40:00-05:00,24.700000762939453,24.719900131225586,24.43000030517578,24.51959991455078,232592
2026-02-09 09:45:00-05:00,24.520000457763672,24.579999923706055,24.47010040283203,24.4950008392334,123102
2026-02-09 09:50:00-05:00,24.489999771118164,24.489999771118164,24.239999771118164,24.405000686645508,315271
2026-02-09 09:55:00-05:00,24.420000076293945,24.56999969482422,24.389999389648438,24.440000534057617,194596
2026-02-09 10:00:00-05:00,24.440000534057617,24.450000762939453,24.299999237060547,24.360000610351562,118494
2026-02-09 10:05:00-05:00,24.364999771118164,24.3927001953125,24.290000915527344,24.3700008392334,70307
2026-02-09 10:10:00-05:00,24.3799991607666,24.455799102783203,24.360000610351562,24.420000076293945,52815
2026-02-09 10:15:00-05:00,24.420000076293945,24.461000442504883,24.360000610351562,24.44569969177246,85653
2026-02-09 10:20:00-05:00,24.44499969482422,24.489999771118164,24.270000457763672,24.34000015258789,250736
2026-02-09 10:25:00-05:00,24.350000381469727,24.350000381469727,24.209999084472656,24.219999313354492,166511
2026-02-09 10:30:00-05:00,24.219999313354492,24.350000381469727,24.200000762939453,24.344999313354492,109881
2026-02-09 10:35:00-05:00,24.34320068359375,24.360000610351562,24.280000686645508,24.31999969482422,54885
2026-02-09 10:40:00-05:00,24.315000534057617,24.34000015258789,24.2549991607666,24.34000015258789,96245
2026-02-09 10:45:00-05:00,24.334999084472656,24.450000762939453,24.33009910583496,24.434999465942383,48344
2026-02-09 10:50:00-05:00,24.440000534057617,24.440000534057617,24.320100784301758,24.357999801635742,50556
2026-02-09 10:55:00-05:00,24.360000610351562,24.445499420166016,24.359899520874023,24.445499420166016,48224
2026-02-09 11:00:00-05:00,24.450000762939453,24.540000915527344,24.43600082397461,24.46500015258789,73568
2026-02-09 11:05:00-05:00,24.46980094909668,24.514999389648438,24.43000030517578,24.510000228881836,30142
2026-02-09 11:10:00-05:00,24.5,24.559999465942383,24.4950008392334,24.5393009185791,34106
2026-02-09 11:15:00-05:00,24.540000915527344,24.610000610351562,24.539899826049805,24.569900512695312,65873
2026-02-09 11:20:00-05:00,24.559999465942383,24.5674991607666,24.440000534057617,24.509899139404297,56860
2026-02-09 11:25:00-05:00,24.510000228881836,24.520000457763672,24.459999084472656,24.479000091552734,44718
2026-02-09 11:30:00-05:00,24.479999542236328,24.52989959716797,24.46500015258789,24.520000457763672,28436
2026-02-09 11:35:00-05:00,24.510000228881836,24.514999389648438,24.472700119018555,24.479999542236328,35169
2026-02-09 11:40:00-05:00,24.479999542236328,24.5,24.459999084472656,24.459999084472656,40524
2026-02-09 11:45:00-05:00,24.459999084472656,24.524999618530273,24.459999084472656,24.489999771118164,27090
2026-02-09 11:50:00-05:00,24.489900588989258,24.5,24.469999313354492,24.493900299072266,26157
2026-02-09 11:55:00-05:00,24.5,24.528799057006836,24.49209976196289,24.528799057006836,17390
2026-02-09 12:00:00-05:00,24.520000457763672,24.57509994506836,24.5,24.500200271606445,45441
2026-02-09 12:05:00-05:00,24.50830078125,24.50830078125,24.45009994506836,24.479999542236328,24444
2026-02-09 12:10:00-05:00,24.475000381469727,24.499300003051758,24.420000076293945,24.420299530029297,22424
2026-02-09 12:15:00-05:00,24.420000076293945,24.420000076293945,24.326499938964844,24.329999923706055,71653
2026-02-09 12:20:00-05:00,24.31999969482422,24.359800338745117,24.290000915527344,24.350000381469727,47568
2026-02-09 12:25:00-05:00,24.350099563598633,24.43000030517578,24.34000015258789,24.35449981689453,38587
2026-02-09 12:30:00-05:00,24.360000610351562,24.399999618530273,24.350000381469727,24.36009979248047,19497
2026-02-09 12:35:00-05:00,24.3700008392334,24.3799991607666,24.350000381469727,24.360000610351562,24835
2026-02-09 12:40:00-05:00,24.360000610351562,24.420000076293945,24.360000610351562,24.3799991607666,20561
2026-02-09 12:45:00-05:00,24.389999389648438,24.479999542236328,24.389999389648438,24.475000381469727,45561
2026-02-09 12:50:00-05:00,24.469999313354492,24.549999237060547,24.469999313354492,24.549999237060547,46955
2026-02-09 12:55:00-05:00,24.559999465942383,24.559999465942383,24.514999389648438,24.520000457763672,18311
2026-02-09 13:00:00-05:00,24.520000457763672,24.549999237060547,24.5,24.520000457763672,21559
2026-02-09 13:05:00-05:00,24.514999389648438,24.514999389648438,24.424999237060547,24.469999313354492,34529
2026-02-09 13:10:00-05:00,24.47909927368164,24.5,24.468599319458008,24.479999542236328,33976
2026-02-09 13:15:00-05:00,24.479999542236328,24.49209976196289,24.43000030517578,24.489999771118164,21670
2026-02-09 13:20:00-05:00,24.489999771118164,24.5049991607666,24.399999618530273,24.469999313354492,29407
2026-02-09 13:25:00-05:00,24.46430015563965,24.46430015563965,24.40999984741211,24.42009925842285,20848
2026-02-09 13:30:00-05:00,24.430999755859375,24.45989990234375,24.40999984741211,24.415000915527344,25168
2026-02-09 13:35:00-05:00,24.420000076293945,24.459999084472656,24.420000076293945,24.444499969482422,11737
2026-02-09 13:40:00-05:00,24.450000762939453,24.530000686645508,24.440000534057617,24.496299743652344,31761
2026-02-09 13:45:00-05:00,24.5,24.530000686645508,24.4950008392334,24.510000228881836,21636
2026-02-09 13:50:00-05:00,24.510000228881836,24.524999618530273,24.45989990234375,24.459999084472656,25335
2026-02-09 13:55:00-05:00,24.454999923706055,24.475000381469727,24.40999984741211,24.469999313354492,26943
2026-02-09 14:00:00-05:00,24.469999313354492,24.469999313354492,24.420000076293945,24.459999084472656,18725
2026-02-09 14:05:00-05:00,24.459999084472656,24.459999084472656,24.43000030517578,24.45949935913086,25420
2026-02-09 14:10:00-05:00,24.454999923706055,24.489999771118164,24.449899673461914,24.485000610351562,90919
2026-02-09 14:15:00-05:00,24.489999771118164,24.510000228881836,24.486799240112305,24.5049991607666,24834
2026-02-09 14:20:00-05:00,24.5049991607666,24.54990005493164,24.5049991607666,24.54640007019043,23605
2026-02-09 14:25:00-05:00,24.545000076293945,24.559999465942383,24.510000228881836,24.524999618530273,21644
2026-02-09 14:30:00-05:00,24.524999618530273,24.584999084472656,24.524999618530273,24.584999084472656,52556
2026-02-09 14:35:00-05:00,24.584999084472656,24.719999313354492,24.58300018310547,24.700000762939453,64368
2026-02-09 14:40:00-05:00,24.700000762939453,24.725000381469727,24.604999542236328,24.604999542236328,64449
2026-02-09 14:45:00-05:00,24.610000610351562,24.68600082397461,24.604999542236328,24.68600082397461,33217
2026-02-09 14:50:00-05:00,24.690000534057617,24.700000762939453,24.645000457763672,24.664400100708008,24690
2026-02-09 14:55:00-05:00,24.670000076293945,24.670000076293945,24.6200008392334,24.655000686645508,34362
2026-02-09 15:00:00-05:00,24.649999618530273,24.65999984741211,24.604999542236328,24.6200008392334,48546
2026-02-09 15:05:00-05:00,24.6200008392334,24.690000534057617,24.604999542236328,24.604999542236328,51910
2026-02-09 15:10:00-05:00,24.60300064086914,24.6299991607666,24.600000381469727,24.625,27573
2026-02-09 15:15:00-05:00,24.625,24.739999771118164,24.610000610351562,24.71500015258789,38248
2026-02-09 15:20:00-05:00,24.719999313354492,24.799999237060547,24.709999084472656,24.73780059814453,65518
2026-02-09 15:25:00-05:00,24.729999542236328,24.780000686645508,24.719999313354492,24.773700714111328,39124
2026-02-09 15:30:00-05:00,24.770000457763672,24.819700241088867,24.75349998474121,24.795000076293945,50325
2026-02-09 15:35:00-05:00,24.795000076293945,24.854999542236328,24.790000915527344,24.81999969482422,59019
2026-02-09 15:40:00-05:00,24.829999923706055,24.84000015258789,24.75,24.790000915527344,98469
2026-02-09 15:45:00-05:00,24.799999237060547,24.799999237060547,24.7549991607666,24.7549991607666,54082
2026-02-09 15:50:00-05:00,24.760000228881836,24.799999237060547,24.735000610351562,24.735000610351562,118062
2026-02-09 15:55:00-05:00,24.735000610351562,24.7450008392334,24.6299991607666,24.6299991607666,307819
2026-02-10 09:30:00-05:00,24.510000228881836,24.600000381469727,24.219999313354492,24.219999313354492,249605
2026-02-10 09:35:00-05:00,24.235000610351562,24.25,24.030000686645508,24.229999542236328,203160
2026-02-10 09:40:00-05:00,24.219999313354492,24.359399795532227,24.020000457763672,24.350000381469727,398824
2026-02-10 09:45:00-05:00,24.344999313354492,24.489999771118164,24.290000915527344,24.451000213623047,230956
2026-02-10 09:50:00-05:00,24.440000534057617,24.62980079650879,24.440000534057617,24.530000686645508,275492
2026-02-10 09:55:00-05:00,24.533000946044922,24.700000762939453,24.479999542236328,24.670000076293945,196842
2026-02-10 10:00:00-05:00,24.670000076293945,24.829999923706055,24.645000457763672,24.75,143021
2026-02-10 10:05:00-05:00,24.760000228881836,24.94499969482422,24.75,24.899999618530273,145011
2026-02-10 10:10:00-05:00,24.889999389648438,24.950000762939453,24.760000228881836,24.81999969482422,140810
2026-02-10 10:15:00-05:00,24.829999923706055,24.885000228881836,24.790000915527344,24.8799991607666,78259
2026-02-10 10:20:00-05:00,24.889999389648438,25.079999923706055,24.8799991607666,25.010000228881836,150343
2026-02-10 10:25:00-05:00,25.014999389648438,25.170000076293945,24.9950008392334,25.09000015258789,127535
2026-02-10 10:30:00-05:00,25.098800659179688,25.209999084472656,25.09000015258789,25.200000762939453,149275
2026-02-10 10:35:00-05:00,25.209999084472656,25.209999084472656,24.952499389648438,24.959999084472656,157548
2026-02-10 10:40:00-05:00,24.969999313354492,25.020000457763672,24.920000076293945,25.010000228881836,110713
2026-02-10 10:45:00-05:00,25.010000228881836,25.040000915527344,24.97279930114746,24.985000610351562,58542
2026-02-10 10:50:00-05:00,24.985000610351562,24.985000610351562,24.940000534057617,24.954999923706055,50052
2026-02-10 10:55:00-05:00,24.954500198364258,24.954999923706055,24.860000610351562,24.90999984741211,63876
2026-02-10 11:00:00-05:00,24.90999984741211,25.030000686645508,24.90999984741211,24.92970085144043,85387
2026-02-10 11:05:00-05:00,24.924999237060547,24.940000534057617,24.809999465942383,24.809999465942383,53762
2026-02-10 11:10:00-05:00,24.815000534057617,24.924999237060547,24.815000534057617,24.906400680541992,34441
2026-02-10 11:15:00-05:00,24.899999618530273,24.959999084472656,24.889999389648438,24.91990089416504,32363
2026-02-10 11:20:00-05:00,24.920000076293945,24.940000534057617,24.860000610351562,24.8799991607666,27228
2026-02-10 11:25:00-05:00,24.889999389648438,24.950000762939453,24.860000610351562,24.930099487304688,33755
2026-02-10 11:30:00-05:00,24.940000534057617,24.959999084472656,24.889999389648438,24.949899673461914,31237
2026-02-10 11:35:00-05:00,24.96500015258789,25.0049991607666,24.93000030517578,24.950000762939453,43803
2026-02-10 11:40:00-05:00,24.946500778198242,24.950000762939453,24.860000610351562,24.889999389648438,62407
2026-02-10 11:45:00-05:00,24.889999389648438,24.90999984741211,24.8700008392334,24.875,21861
2026-02-10 11:50:00-05:00,24.8799991607666,24.905000686645508,24.850000381469727,24.905000686645508,32776
2026-02-10 11:55:00-05:00,24.899999618530273,24.90999984741211,24.8799991607666,24.899999618530273,15550
2026-02-10 12:00:00-05:00,24.90489959716797,24.96500015258789,24.8700008392334,24.91990089416504,39761
2026-02-10 12:05:00-05:00,24.90999984741211,24.93000030517578,24.8799991607666,24.889999389648438,30336
2026-02-10 12:10:00-05:00,24.899999618530273,25.010000228881836,24.899999618530273,24.96500015258789,67247
2026-02-10 12:15:00-05:00,24.96500015258789,25.03499984741211,24.95989990234375,25.0049991607666,47917
2026-02-10 12:20:00-05:00,25.0049991607666,25.020000457763672,24.962799072265625,24.979999542236328,49260
2026-02-10 12:25:00-05:00,24.975000381469727,24.991300582885742,24.940000534057617,24.954999923706055,27793
2026-02-10 12:30:00-05:00,24.959999084472656,24.969999313354492,24.90999984741211,24.969999313354492,34297
2026-02-10 12:35:00-05:00,24.970600128173828,25.040000915527344,24.95359992980957,25.010000228881836,46465
2026-02-10 12:40:00-05:00,25.0049991607666,25.030000686645508,25.0049991607666,25.014999389648438,14130
2026-02-10 12:45:00-05:00,25.010000228881836,25.065000534057617,25.0049991607666,25.024999618530273,22547
2026-02-10 12:50:00-05:00,25.030000686645508,25.03499984741211,25.020099639892578,25.030000686645508,19285
2026-02-10 12:55:00-05:00,25.020099639892578,25.087200164794922,25.020099639892578,25.079999923706055,44796
2026-02-10 13:00:00-05:00,25.084999084472656,25.084999084472656,25.030899047851562,25.030899047851562,22750
2026-02-10 13:05:00-05:00,25.03499984741211,25.035499572753906,24.969999313354492,24.979999542236328,31590
2026-02-10 13:10:00-05:00,24.975000381469727,25.010000228881836,24.959999084472656,24.97010040283203,27542
2026-02-10 13:15:00-05:00,24.97909927368164,24.989999771118164,24.90999984741211,24.934999465942383,44355
2026-02-10 13:20:00-05:00,24.93000030517578,24.93000030517578,24.8700008392334,24.900100708007812,36228
2026-02-10 13:25:00-05:00,24.899999618530273,24.905000686645508,24.809999465942383,24.860000610351562,41997
2026-02-10 13:30:00-05:00,24.8700008392334,24.920000076293945,24.829999923706055,24.920000076293945,46539
2026-02-10 13:35:00-05:00,24.920000076293945,24.969999313354492,24.90999984741211,24.93000030517578,29653
2026-02-10 13:40:00-05:00,24.93000030517578,24.950000762939453,24.90999984741211,24.950000762939453,16782
2026-02-10 13:45:00-05:00,24.954999923706055,24.959999084472656,24.875,24.875,54672
2026-02-10 13:50:00-05:00,24.860000610351562,24.864999771118164,24.82069969177246,24.825000762939453,20767
2026-02-10 13:55:00-05:00,24.829999923706055,24.90999984741211,24.829999923706055,24.899999618530273,23885
2026-02-10 14:00:00-05:00,24.905500411987305,24.93000030517578,24.889999389648438,24.889999389648438,26559
2026-02-10 14:05:00-05:00,24.8799991607666,24.920000076293945,24.867900848388672,24.90999984741211,23441
2026-02-10 14:10:00-05:00,24.90999984741211,24.940000534057617,24.90999984741211,24.920000076293945,20587
2026-02-10 14:15:00-05:00,24.924999237060547,24.934999465942383,24.907100677490234,24.93000030517578,14763
2026-02-10 14:20:00-05:00,24.928800582885742,24.96500015258789,24.924999237060547,24.950000762939453,13996
2026-02-10 14:25:00-05:00,24.958999633789062,24.985000610351562,24.950000762939453,24.975000381469727,22973
2026-02-10 14:30:00-05:00,24.975000381469727,24.9950008392334,24.959999084472656,24.975000381469727,17422
2026-02-10 14:35:00-05:00,24.979999542236328,24.989999771118164,24.943500518798828,24.94499969482422,14936
2026-02-10 14:40:00-05:00,24.940000534057617,24.950000762939453,24.905000686645508,24.920299530029297,46172
2026-02-10 14:45:00-05:00,24.924999237060547,24.93000030517578,24.914100646972656,24.920000076293945,23179
2026-02-10 14:50:00-05:00,24.920000076293945,24.93000030517578,24.8799991607666,24.897499084472656,26658
2026-02-10 14:55:00-05:00,24.899999618530273,24.90999984741211,24.88990020751953,24.899999618530273,30492
2026-02-10 15:00:00-05:00,24.889999389648438,24.920000076293945,24.8700008392334,24.890100479125977,23123
2026-02-10 15:05:00-05:00,24.889999389648438,24.924999237060547,24.8799991607666,24.924999237060547,31226
2026-02-10 15:10:00-05:00,24.920000076293945,24.920000076293945,24.868999481201172,24.8700008392334,32909
2026-02-10 15:15:00-05:00,24.8799991607666,24.8799991607666,24.858999252319336,24.875,87530
2026-02-10 15:20:00-05:00,24.875,24.93000030517578,24.850000381469727,24.920000076293945,35401
2026-02-10 15:25:00-05:00,24.920000076293945,24.92259979248047,24.864999771118164,24.8700008392334,31553
2026-02-10 15:30:00-05:00,24.860000610351562,24.860000610351562,24.78499984741211,24.81999969482422,44768
2026-02-10 15:35:00-05:00,24.825000762939453,24.889999389648438,24.825000762939453,24.8799991607666,39928
2026-02-10 15:40:00-05:00,24.870100021362305,24.875,24.84000015258789,24.854999542236328,39784
2026-02-10 15:45:00-05:00,24.860000610351562,24.969999313354492,24.854999542236328,24.96500015258789,83384
2026-02-10 15:50:00-05:00,24.969999313354492,24.989999771118164,24.905000686645508,24.924999237060547,138088
2026-02-10 15:55:00-05:00,24.915000915527344,24.920000076293945,24.790000915527344,24.799999237060547,320815
2026-02-11 09:30:00-05:00,24.809999465942383,24.829999923706055,24.709999084472656,24.795000076293945,271975
2026-02-11 09:35:00-05:00,24.795000076293945,24.809999465942383,24.638700485229492,24.645000457763672,85802
2026-02-11 09:40:00-05:00,24.632600784301758,24.655000686645508,24.459999084472656,24.639999389648438,122092
2026-02-11 09:45:00-05:00,24.600000381469727,24.610000610351562,24.489999771118164,24.540000915527344,65092
2026-02-11 09:50:00-05:00,24.559999465942383,24.579999923706055,24.450000762939453,24.579999923706055,64011
2026-02-11 09:55:00-05:00,24.579999923706055,24.61680030822754,24.540000915527344,24.56369972229004,71491
2026-02-11 10:00:00-05:00,24.584999084472656,24.609899520874023,24.460100173950195,24.469999313354492,57249
2026-02-11 10:05:00-05:00,24.459999084472656,24.469999313354492,24.3700008392334,24.399999618530273,59356
2026-02-11 10:10:00-05:00,24.389999389648438,24.399900436401367,24.329999923706055,24.354999542236328,42812
2026-02-11 10:15:00-05:00,24.350000381469727,24.3700008392334,24.190000534057617,24.190000534057617,243518
2026-02-11 10:20:00-05:00,24.200000762939453,24.25,24.1200008392334,24.1200008392334,156544
2026-02-11 10:25:00-05:00,24.1299991607666,24.290000915527344,24.1299991607666,24.199899673461914,183969
2026-02-11 10:30:00-05:00,24.170000076293945,24.22066879272461,24.110000610351562,24.19499969482422,78259
2026-02-11 10:35:00-05:00,24.190000534057617,24.270000457763672,24.15959930419922,24.25,83111
2026-02-11 10:40:00-05:00,24.260000228881836,24.329200744628906,24.260000228881836,24.309999465942383,67597
2026-02-11 10:45:00-05:00,24.309999465942383,24.312000274658203,24.170000076293945,24.18000030517578,61614
2026-02-11 10:50:00-05:00,24.18000030517578,24.270000457763672,24.15999984741211,24.2549991607666,44964
2026-02-11 10:55:00-05:00,24.260000228881836,24.290000915527344,24.25,24.270000457763672,28797
2026-02-11 11:00:00-05:00,24.266000747680664,24.329999923706055,24.260000228881836,24.28499984741211,42964
2026-02-11 11:05:00-05:00,24.290000915527344,24.290000915527344,24.190000534057617,24.209999084472656,45173
2026-02-11 11:10:00-05:00,24.200000762939453,24.270000457763672,24.190000534057617,24.25,35966
2026-02-11 11:15:00-05:00,24.25,24.270000457763672,24.219999313354492,24.25,31029
2026-02-11 11:20:00-05:00,24.270000457763672,24.34000015258789,24.25,24.31999969482422,29662
2026-02-11 11:25:00-05:00,24.329999923706055,24.399999618530273,24.270000457763672,24.290000915527344,54934
2026-02-11 11:30:00-05:00,24.290000915527344,24.319599151611328,24.270000457763672,24.319599151611328,19440
2026-02-11 11:35:00-05:00,24.31999969482422,24.327299118041992,24.229999542236328,24.280000686645508,51664
2026-02-11 11:40:00-05:00,24.290000915527344,24.34000015258789,24.290000915527344,24.34000015258789,22972
2026-02-11 11:45:00-05:00,24.33099937438965,24.379899978637695,24.295000076293945,24.295000076293945,31545
2026-02-11 11:50:00-05:00,24.295000076293945,24.34000015258789,24.295000076293945,24.321199417114258,12441
2026-02-11 11:55:00-05:00,24.31999969482422,24.325000762939453,24.229999542236328,24.25,33079
2026-02-11 12:00:00-05:00,24.239999771118164,24.282100677490234,24.209999084472656,24.225000381469727,30549
2026-02-11 12:05:00-05:00,24.225500106811523,24.25,24.190000534057617,24.249900817871094,24159
2026-02-11 12:10:00-05:00,24.25,24.270000457763672,24.209999084472656,24.209999084472656,25189
2026-02-11 12:15:00-05:00,24.209999084472656,24.270099639892578,24.200000762939453,24.239999771118164,21683
2026-02-11 12:20:00-05:00,24.25,24.290000915527344,24.209999084472656,24.280000686645508,20856
2026-02-11 12:25:00-05:00,24.280000686645508,24.299999237060547,24.219999313354492,24.229999542236328,45766
2026-02-11 12:30:00-05:00,24.229999542236328,24.239999771118164,24.190000534057617,24.200000762939453,31899
2026-02-11 12:35:00-05:00,24.204500198364258,24.229999542236328,24.190000534057617,24.215499877929688,22059
2026-02-11 12:40:00-05:00,24.200000762939453,24.21500015258789,24.165000915527344,24.209999084472656,49973
2026-02-11 12:45:00-05:00,24.219999313354492,24.219999313354492,24.18000030517578,24.209999084472656,29234
2026-02-11 12:50:00-05:00,24.200000762939453,24.229900360107422,24.18000030517578,24.190000534057617,27465
2026-02-11 12:55:00-05:00,24.19930076599121,24.19930076599121,24.079999923706055,24.095399856567383,54441
2026-02-11 13:00:00-05:00,24.09000015258789,24.109899520874023,24.045000076293945,24.06999969482422,101062
2026-02-11 13:05:00-05:00,24.06999969482422,24.106599807739258,24.059999465942383,24.071699142456055,37519
2026-02-11 13:10:00-05:00,24.06999969482422,24.149999618530273,24.05500030517578,24.1200008392334,42654
2026-02-11 13:15:00-05:00,24.1299991607666,24.200000762939453,24.1200008392334,24.15999984741211,29954
2026-02-11 13:20:00-05:00,24.148000717163086,24.148000717163086,24.065000534057617,24.1200008392334,38676
2026-02-11 13:25:00-05:00,24.114999771118164,24.1299991607666,24.100000381469727,24.125,13790
2026-02-11 13:30:00-05:00,24.1299991607666,24.19499969482422,24.125,24.170000076293945,37471
2026-02-11 13:35:00-05:00,24.165000915527344,24.200000762939453,24.165000915527344,24.19499969482422,21764
2026-02-11 13:40:00-05:00,24.19499969482422,24.25,24.18000030517578,24.209999084472656,52982
2026-02-11 13:45:00-05:00,24.229999542236328,24.280000686645508,24.225000381469727,24.270000457763672,33097
2026-02-11 13:50:00-05:00,24.274999618530273,24.27750015258789,24.184999465942383,24.25,31237
2026-02-11 13:55:00-05:00,24.2549991607666,24.265499114990234,24.229999542236328,24.259899139404297,13444
2026-02-11 14:00:00-05:00,24.260000228881836,24.31999969482422,24.260000228881836,24.290000915527344,50196
2026-02-11 14:05:00-05:00,24.290000915527344,24.299999237060547,24.2450008392334,24.260000228881836,27582
2026-02-11 14:10:00-05:00,24.260000228881836,24.34000015258789,24.260000228881836,24.329999923706055,37382
2026-02-11 14:15:00-05:00,24.315000534057617,24.389999389648438,24.309999465942383,24.34000015258789,40052
2026-02-11 14:20:00-05:00,24.34000015258789,24.364999771118164,24.34000015258789,24.34000015258789,17559
2026-02-11 14:25:00-05:00,24.350000381469727,24.350000381469727,24.31999969482422,24.34000015258789,29342
2026-02-11 14:30:00-05:00,24.350000381469727,24.350000381469727,24.299999237060547,24.329999923706055,39164
2026-02-11 14:35:00-05:00,24.334999084472656,24.33989906311035,24.293399810791016,24.309999465942383,14872
2026-02-11 14:40:00-05:00,24.315000534057617,24.31999969482422,24.295000076293945,24.30500030517578,17050
2026-02-11 14:45:00-05:00,24.309999465942383,24.309999465942383,24.260000228881836,24.30500030517578,45154
2026-02-11 14:50:00-05:00,24.299999237060547,24.31999969482422,24.290000915527344,24.315000534057617,20562
2026-02-11 14:55:00-05:00,24.309999465942383,24.325000762939453,24.272899627685547,24.315000534057617,23054
2026-02-11 15:00:00-05:00,24.309999465942383,24.330699920654297,24.280000686645508,24.31999969482422,21593
2026-02-11 15:05:00-05:00,24.309999465942383,24.309999465942383,24.235000610351562,24.239900588989258,41045
2026-02-11 15:10:00-05:00,24.229999542236328,24.229999542236328,24.170000076293945,24.170000076293945,42468
2026-02-11 15:15:00-05:00,24.170000076293945,24.190000534057617,24.155000686645508,24.18000030517578,20407
2026-02-11 15:20:00-05:00,24.18000030517578,24.197200775146484,24.15999984741211,24.16010093688965,26138
2026-02-11 15:25:00-05:00,24.15999984741211,24.165000915527344,24.135099411010742,24.144500732421875,27495
2026-02-11 15:30:00-05:00,24.139999389648438,24.139999389648438,24.079999923706055,24.114999771118164,58355
2026-02-11 15:35:00-05:00,24.110000610351562,24.19499969482422,24.104999542236328,24.190099716186523,33983
2026-02-11 15:40:00-05:00,24.19499969482422,24.21500015258789,24.149999618530273,24.149999618530273,202550
2026-02-11 15:45:00-05:00,24.15999984741211,24.18000030517578,24.1299991607666,24.174999237060547,49445
2026-02-11 15:50:00-05:00,24.165000915527344,24.165000915527344,24.040000915527344,24.1299991607666,132651
2026-02-11 15:55:00-05:00,24.135000228881836,24.200000762939453,24.065000534057617,24.190000534057617,323408
2026-02-12 09:30:00-05:00,24.209999084472656,24.364999771118164,24.15999984741211,24.2450008392334,195349
2026-02-12 09:35:00-05:00,24.239999771118164,24.270000457763672,24.049999237060547,24.219999313354492,76642
2026-02-12 09:40:00-05:00,24.22640037536621,24.264999389648438,24.040000915527344,24.059999465942383,68698
2026-02-12 09:45:00-05:00,24.079999923706055,24.100000381469727,23.767499923706055,23.799999237060547,279554
2026-02-12 09:50:00-05:00,23.799999237060547,23.940000534057617,23.780000686645508,23.91069984436035,170492
2026-02-12 09:55:00-05:00,23.920000076293945,23.940000534057617,23.813499450683594,23.8346004486084,76142
2026-02-12 10:00:00-05:00,23.8799991607666,23.92919921875,23.850000381469727,23.850200653076172,50830
2026-02-12 10:05:00-05:00,23.860000610351562,23.920000076293945,23.844999313354492,23.860000610351562,52655
2026-02-12 10:10:00-05:00,23.850000381469727,23.879899978637695,23.795000076293945,23.8700008392334,55895
2026-02-12 10:15:00-05:00,23.860000610351562,23.889999389648438,23.815000534057617,23.864999771118164,53201
2026-02-12 10:20:00-05:00,23.860000610351562,23.93000030517578,23.78499984741211,23.790000915527344,51287
2026-02-12 10:25:00-05:00,23.79199981689453,23.809999465942383,23.760000228881836,23.79509925842285,77564
2026-02-12 10:30:00-05:00,23.790000915527344,23.868799209594727,23.760000228881836,23.764999389648438,62874
2026-02-12 10:35:00-05:00,23.764999389648438,23.778200149536133,23.694799423217773,23.69499969482422,158341
2026-02-12 10:40:00-05:00,23.69499969482422,23.780000686645508,23.69499969482422,23.770000457763672,92616
2026-02-12 10:45:00-05:00,23.764999389648438,23.799999237060547,23.719999313354492,23.735000610351562,59014
2026-02-12 10:50:00-05:00,23.729999542236328,23.766599655151367,23.690000534057617,23.705223083496094,34922
2026-02-12 10:55:00-05:00,23.700000762939453,23.700000762939453,23.600000381469727,23.6299991607666,101401
2026-02-12 11:00:00-05:00,23.62980079650879,23.674999237060547,23.610000610351562,23.649999618530273,81666
2026-02-12 11:05:00-05:00,23.65999984741211,23.700000762939453,23.59000015258789,23.684999465942383,115193
2026-02-12 11:10:00-05:00,23.690000534057617,23.690000534057617,23.584999084472656,23.600000381469727,84113
2026-02-12 11:15:00-05:00,23.600000381469727,23.625,23.540000915527344,23.55030059814453,107106
2026-02-12 11:20:00-05:00,23.559999465942383,23.600000381469727,23.530000686645508,23.57990074157715,63305
2026-02-12 11:25:00-05:00,23.56999969482422,23.57990074157715,23.479999542236328,23.489999771118164,157564
2026-02-12 11:30:00-05:00,23.5,23.59000015258789,23.459999084472656,23.55500030517578,126779
2026-02-12 11:35:00-05:00,23.549999237060547,23.655000686645508,23.549999237060547,23.639999389648438,68168
2026-02-12 11:40:00-05:00,23.649999618530273,23.709999084472656,23.610000610351562,23.690000534057617,45432
2026-02-12 11:45:00-05:00,23.690000534057617,23.700000762939453,23.559999465942383,23.610000610351562,38724
2026-02-12 11:50:00-05:00,23.610000610351562,23.610000610351562,23.549999237060547,23.559999465942383,28492
2026-02-12 11:55:00-05:00,23.56999969482422,23.6299991607666,23.559999465942383,23.6299991607666,49955
2026-02-12 12:00:00-05:00,23.639999389648438,23.655000686645508,23.579999923706055,23.6200008392334,68100
2026-02-12 12:05:00-05:00,23.613500595092773,23.68000030517578,23.579999923706055,23.65999984741211,115669
2026-02-12 12:10:00-05:00,23.65999984741211,23.760000228881836,23.659900665283203,23.729999542236328,171310
2026-02-12 12:15:00-05:00,23.737199783325195,23.829999923706055,23.68000030517578,23.80500030517578,233995
2026-02-12 12:20:00-05:00,23.81999969482422,23.915000915527344,23.815000534057617,23.915000915527344,72130
2026-02-12 12:25:00-05:00,23.920000076293945,23.940000534057617,23.829999923706055,23.8700008392334,51349
2026-02-12 12:30:00-05:00,23.8700008392334,23.90999984741211,23.84000015258789,23.90999984741211,23767
2026-02-12 12:35:00-05:00,23.909799575805664,23.989999771118164,23.909799575805664,23.959999084472656,58492
2026-02-12 12:40:00-05:00,23.954999923706055,23.969999313354492,23.90999984741211,23.920000076293945,32665
2026-02-12 12:45:00-05:00,23.920000076293945,23.934999465942383,23.850000381469727,23.8799991607666,33043
2026-02-12 12:50:00-05:00,23.8799991607666,23.90999984741211,23.799999237060547,23.809200286865234,23267
2026-02-12 12:55:00-05:00,23.809999465942383,23.81999969482422,23.790000915527344,23.80500030517578,44487
2026-02-12 13:00:00-05:00,23.80500030517578,23.80500030517578,23.729999542236328,23.735000610351562,39070
2026-02-12 13:05:00-05:00,23.739999771118164,23.790000915527344,23.719999313354492,23.735000610351562,13505
2026-02-12 13:10:00-05:00,23.729999542236328,23.75,23.69499969482422,23.7189998626709,24571
2026-02-12 13:15:00-05:00,23.71500015258789,23.770000457763672,23.709999084472656,23.770000457763672,33119
2026-02-12 13:20:00-05:00,23.75200080871582,23.8799991607666,23.75200080871582,23.8799991607666,35168
2026-02-12 13:25:00-05:00,23.8799991607666,23.93000030517578,23.709999084472656,23.790000915527344,116520
2026-02-12 13:30:00-05:00,23.790000915527344,23.829999923706055,23.75,23.827199935913086,24107
2026-02-12 13:35:00-05:00,23.825000762939453,23.850000381469727,23.809999465942383,23.81730079650879,11986
2026-02-12 13:40:00-05:00,23.815000534057617,23.829999923706055,23.791799545288086,23.829999923706055,12169
2026-02-12 13:45:00-05:00,23.83989906311035,23.83989906311035,23.799999237060547,23.799999237060547,14454
2026-02-12 13:50:00-05:00,23.790000915527344,23.809999465942383,23.77989959716797,23.780000686645508,18402
2026-02-12 13:55:00-05:00,23.77739906311035,23.780000686645508,23.65999984741211,23.725000381469727,30669
2026-02-12 14:00:00-05:00,23.72800064086914,23.764999389648438,23.690000534057617,23.69499969482422,19533
2026-02-12 14:05:00-05:00,23.700000762939453,23.709999084472656,23.690000534057617,23.69499969482422,15333
2026-02-12 14:10:00-05:00,23.700000762939453,23.72909927368164,23.68000030517578,23.709999084472656,19713
2026-02-12 14:15:00-05:00,23.717300415039062,23.739999771118164,23.71500015258789,23.719999313354492,15458
2026-02-12 14:20:00-05:00,23.709999084472656,23.725000381469727,23.684999465942383,23.700000762939453,20521
2026-02-12 14:25:00-05:00,23.700000762939453,23.709999084472656,23.6200008392334,23.6299991607666,27640
2026-02-12 14:30:00-05:00,23.639999389648438,23.684999465942383,23.6299991607666,23.65999984741211,44433
2026-02-12 14:35:00-05:00,23.655000686645508,23.670000076293945,23.649999618530273,23.665000915527344,17745
2026-02-12 14:40:00-05:00,23.65999984741211,23.665000915527344,23.510000228881836,23.565000534057617,329782
2026-02-12 14:45:00-05:00,23.56999969482422,23.614999771118164,23.560901641845703,23.614999771118164,18815
2026-02-12 14:50:00-05:00,23.604999542236328,23.639999389648438,23.57670021057129,23.57670021057129,30115
2026-02-12 14:55:00-05:00,23.579999923706055,23.5802001953125,23.485000610351562,23.50749969482422,54962
2026-02-12 15:00:00-05:00,23.510000228881836,23.56999969482422,23.510000228881836,23.55500030517578,41127
2026-02-12 15:05:00-05:00,23.55500030517578,23.558799743652344,23.459999084472656,23.487600326538086,50384
2026-02-12 15:10:00-05:00,23.479999542236328,23.510000228881836,23.459999084472656,23.5,43593
2026-02-12 15:15:00-05:00,23.510000228881836,23.510000228881836,23.420299530029297,23.44029998779297,87651
2026-02-12 15:20:00-05:00,23.440000534057617,23.440000534057617,23.360000610351562,23.389299392700195,148149
2026-02-12 15:25:00-05:00,23.385000228881836,23.475000381469727,23.385000228881836,23.475000381469727,58304
2026-02-12 15:30:00-05:00,23.479999542236328,23.5,23.43000030517578,23.485000610351562,92402
2026-02-12 15:35:00-05:00,23.485000610351562,23.6299991607666,23.434999465942383,23.594900131225586,243492
2026-02-12 15:40:00-05:00,23.599899291992188,23.6200008392334,23.545000076293945,23.579999923706055,178802
2026-02-12 15:45:00-05:00,23.579999923706055,23.584999084472656,23.53499984741211,23.549999237060547,167101
2026-02-12 15:50:00-05:00,23.540000915527344,23.56999969482422,23.479999542236328,23.520000457763672,204751
2026-02-12 15:55:00-05:00,23.510099411010742,23.549999237060547,23.451000213623047,23.50550079345703,328820
2026-02-13 09:30:00-05:00,23.610000610351562,23.829999923706055,23.610000610351562,23.780000686645508,223218
2026-02-13 09:35:00-05:00,23.764999389648438,23.899999618530273,23.75,23.799999237060547,98199
2026-02-13 09:40:00-05:00,23.801799774169922,23.940000534057617,23.770000457763672,23.889999389648438,83984
2026-02-13 09:45:00-05:00,23.899999618530273,24.09000015258789,23.88360023498535,24.010000228881836,417168
2026-02-13 09:50:00-05:00,24.033000946044922,24.033000946044922,23.899999618530273,23.90999984741211,78802
2026-02-13 09:55:00-05:00,23.90999984741211,23.969100952148438,23.780000686645508,23.795900344848633,136565
2026-02-13 10:00:00-05:00,23.799999237060547,23.905000686645508,23.790000915527344,23.8700008392334,87980
2026-02-13 10:05:00-05:00,23.860000610351562,23.875,23.770000457763672,23.770000457763672,90247
2026-02-13 10:10:00-05:00,23.770000457763672,23.81999969482422,23.709999084472656,23.719999313354492,58266
2026-02-13 10:15:00-05:00,23.719999313354492,23.740999221801758,23.665000915527344,23.709999084472656,65682
2026-02-13 10:20:00-05:00,23.709999084472656,23.799999237060547,23.684999465942383,23.719999313354492,57111
2026-02-13 10:25:00-05:00,23.729999542236328,23.850000381469727,23.729999542236328,23.8125,75756
2026-02-13 10:30:00-05:00,23.809999465942383,23.93000030517578,23.79010009765625,23.855899810791016,55507
2026-02-13 10:35:00-05:00,23.860000610351562,23.940000534057617,23.809999465942383,23.837799072265625,253419
2026-02-13 10:40:00-05:00,23.829999923706055,23.829999923706055,23.760000228881836,23.760000228881836,76484
2026-02-13 10:45:00-05:00,23.764999389648438,23.799999237060547,23.71500015258789,23.75,241446
2026-02-13 10:50:00-05:00,23.7549991607666,23.825000762939453,23.709999084472656,23.71500015258789,52908
2026-02-13 10:55:00-05:00,23.719999313354492,23.739999771118164,23.68000030517578,23.719999313354492,52534
2026-02-13 11:00:00-05:00,23.719999313354492,23.727500915527344,23.670000076293945,23.684999465942383,37347
2026-02-13 11:05:00-05:00,23.689800262451172,23.75,23.670000076293945,23.719999313354492,43983
2026-02-13 11:10:00-05:00,23.719999313354492,23.72369956970215,23.670000076293945,23.690000534057617,39161
2026-02-13 11:15:00-05:00,23.700000762939453,23.729999542236328,23.670000076293945,23.670000076293945,27751
2026-02-13 11:20:00-05:00,23.68000030517578,23.700000762939453,23.670000076293945,23.686800003051758,21389
2026-02-13 11:25:00-05:00,23.690000534057617,23.739999771118164,23.670000076293945,23.739999771118164,34149
2026-02-13 11:30:00-05:00,23.749900817871094,23.77549934387207,23.719999313354492,23.760000228881836,16567
2026-02-13 11:35:00-05:00,23.764999389648438,23.770000457763672,23.73110008239746,23.735000610351562,24377
2026-02-13 11:40:00-05:00,23.729999542236328,23.729999542236328,23.670000076293945,23.68000030517578,44406
2026-02-13 11:45:00-05:00,23.690000534057617,23.739999771118164,23.679800033569336,23.708200454711914,43737
2026-02-13 11:50:00-05:00,23.708900451660156,23.790000915527344,23.70479965209961,23.729999542236328,27818
2026-02-13 11:55:00-05:00,23.735000610351562,23.75,23.68000030517578,23.690000534057617,28358
2026-02-13 12:00:00-05:00,23.690000534057617,23.770000457763672,23.690000534057617,23.75,19507
2026-02-13 12:05:00-05:00,23.7593994140625,23.815000534057617,23.7450008392334,23.815000534057617,34695
2026-02-13 12:10:00-05:00,23.810699462890625,23.8700008392334,23.809999465942383,23.84510040283203,73267
2026-02-13 12:15:00-05:00,23.834400177001953,23.84000015258789,23.760000228881836,23.770000457763672,24957
2026-02-13 12:20:00-05:00,23.760000228881836,23.790000915527344,23.709999084472656,23.739999771118164,32247
2026-02-13 12:25:00-05:00,23.719999313354492,23.780000686645508,23.700000762939453,23.760000228881836,92361
2026-02-13 12:30:00-05:00,23.75,23.770000457763672,23.739999771118164,23.75,14585
2026-02-13 12:35:00-05:00,23.7549991607666,23.818572998046875,23.7549991607666,23.815000534057617,24049
2026-02-13 12:40:00-05:00,23.819900512695312,23.819900512695312,23.774999618530273,23.780000686645508,14017
2026-02-13 12:45:00-05:00,23.774999618530273,23.780000686645508,23.719999313354492,23.719999313354492,21991
2026-02-13 12:50:00-05:00,23.739999771118164,23.766399383544922,23.710100173950195,23.760000228881836,20678
2026-02-13 12:55:00-05:00,23.760000228881836,23.764999389648438,23.729999542236328,23.729999542236328,18086
2026-02-13 13:00:00-05:00,23.739999771118164,23.752099990844727,23.729999542236328,23.739999771118164,244774
2026-02-13 13:05:00-05:00,23.749900817871094,23.75,23.719999313354492,23.739700317382812,10327
2026-02-13 13:10:00-05:00,23.739999771118164,23.790000915527344,23.73509979248047,23.78260040283203,23584
2026-02-13 13:15:00-05:00,23.760000228881836,23.795000076293945,23.739999771118164,23.760000228881836,19281
2026-02-13 13:20:00-05:00,23.760000228881836,23.81999969482422,23.7549991607666,23.81999969482422,29194
2026-02-13 13:25:00-05:00,23.815000534057617,23.84000015258789,23.709999084472656,23.7549991607666,47249
2026-02-13 13:30:00-05:00,23.75,23.80500030517578,23.739999771118164,23.80500030517578,14884
2026-02-13 13:35:00-05:00,23.809900283813477,23.829999923706055,23.739999771118164,23.7450008392334,33420
2026-02-13 13:40:00-05:00,23.739999771118164,23.749900817871094,23.670000076293945,23.690000534057617,29455
2026-02-13 13:45:00-05:00,23.690000534057617,23.71500015258789,23.68000030517578,23.71500015258789,33699
2026-02-13 13:50:00-05:00,23.719999313354492,23.729999542236328,23.670000076293945,23.717599868774414,29076
2026-02-13 13:55:00-05:00,23.709999084472656,23.757200241088867,23.709999084472656,23.729999542236328,23512
2026-02-13 14:00:00-05:00,23.710100173950195,23.7450008392334,23.6299991607666,23.649999618530273,182609
2026-02-13 14:05:00-05:00,23.649999618530273,23.649999618530273,23.56999969482422,23.59000015258789,231355
2026-02-13 14:10:00-05:00,23.579999923706055,23.58009910583496,23.440000534057617,23.5,398918
2026-02-13 14:15:00-05:00,23.5049991607666,23.579999923706055,23.5,23.559999465942383,39344
2026-02-13 14:20:00-05:00,23.565000534057617,23.6299991607666,23.549999237060547,23.6299991607666,37624
2026-02-13 14:25:00-05:00,23.6299991607666,23.6299991607666,23.485000610351562,23.519500732421875,52138
2026-02-13 14:30:00-05:00,23.514999389648438,23.579999923706055,23.490100860595703,23.56999969482422,29354
2026-02-13 14:35:00-05:00,23.579999923706055,23.608600616455078,23.575000762939453,23.583999633789062,16842
2026-02-13 14:40:00-05:00,23.58300018310547,23.59000015258789,23.520000457763672,23.540000915527344,32792
2026-02-13 14:45:00-05:00,23.530000686645508,23.565000534057617,23.489999771118164,23.559999465942383,105638
2026-02-13 14:50:00-05:00,23.560100555419922,23.579500198364258,23.530899047851562,23.549999237060547,60952
2026-02-13 14:55:00-05:00,23.549299240112305,23.549999237060547,23.469999313354492,23.4950008392334,111553
2026-02-13 15:00:00-05:00,23.5,23.540000915527344,23.5,23.524999618530273,130405
2026-02-13 15:05:00-05:00,23.524999618530273,23.565000534057617,23.520000457763672,23.540000915527344,32775
2026-02-13 15:10:00-05:00,23.540000915527344,23.540000915527344,23.479999542236328,23.489999771118164,65271
2026-02-13 15:15:00-05:00,23.479999542236328,23.545000076293945,23.479999542236328,23.53499984741211,40068
2026-02-13 15:20:00-05:00,23.53499984741211,23.540000915527344,23.499900817871094,23.524999618530273,33409
2026-02-13 15:25:00-05:00,23.520000457763672,23.540000915527344,23.489999771118164,23.510000228881836,137827
2026-02-13 15:30:00-05:00,23.514999389648438,23.514999389648438,23.450000762939453,23.46500015258789,109625
2026-02-13 15:35:00-05:00,23.46500015258789,23.5049991607666,23.440000534057617,23.469999313354492,88854
2026-02-13 15:40:00-05:00,23.469999313354492,23.510000228881836,23.469999313354492,23.5049991607666,53433
2026-02-13 15:45:00-05:00,23.510000228881836,23.559999465942383,23.5049991607666,23.55500030517578,68969
2026-02-13 15:50:00-05:00,23.55500030517578,23.55500030517578,23.47100067138672,23.489999771118164,115392
2026-02-13 15:55:00-05:00,23.489999771118164,23.59000015258789,23.46500015258789,23.575000762939453,317428
2026-02-17 09:30:00-05:00,23.549999237060547,23.81999969482422,23.489999771118164,23.76959991455078,328020
2026-02-17 09:35:00-05:00,23.764999389648438,23.799999237060547,23.65999984741211,23.774999618530273,125205
2026-02-17 09:40:00-05:00,23.779499053955078,23.810100555419922,23.610000610351562,23.642200469970703,92159
2026-02-17 09:45:00-05:00,23.645000457763672,23.719999313354492,23.564300537109375,23.670000076293945,122027
2026-02-17 09:50:00-05:00,23.65999984741211,23.690000534057617,23.510000228881836,23.55500030517578,213743
2026-02-17 09:55:00-05:00,23.548999786376953,23.549999237060547,23.489999771118164,23.520000457763672,112548
2026-02-17 10:00:00-05:00,23.514999389648438,23.600000381469727,23.510099411010742,23.56999969482422,58285
2026-02-17 10:05:00-05:00,23.56999969482422,23.684999465942383,23.530000686645508,23.53030014038086,52155
2026-02-17 10:10:00-05:00,23.53499984741211,23.565000534057617,23.440000534057617,23.440000534057617,79809
2026-02-17 10:15:00-05:00,23.450000762939453,23.510000228881836,23.399999618530273,23.450000762939453,85883
2026-02-17 10:20:00-05:00,23.459999084472656,23.489999771118164,23.399999618530273,23.450000762939453,32164
2026-02-17 10:25:00-05:00,23.450000762939453,23.450899124145508,23.350000381469727,23.399999618530273,56134
2026-02-17 10:30:00-05:00,23.399999618530273,23.420000076293945,23.270000457763672,23.32069969177246,118745
2026-02-17 10:35:00-05:00,23.320100784301758,23.38599967956543,23.309999465942383,23.361499786376953,45773
2026-02-17 10:40:00-05:00,23.364999771118164,23.458799362182617,23.360000610351562,23.434999465942383,57628
2026-02-17 10:45:00-05:00,23.434999465942383,23.4783992767334,23.399999618530273,23.450000762939453,44592
2026-02-17 10:50:00-05:00,23.450000762939453,23.469999313354492,23.260000228881836,23.2726993560791,117462
2026-02-17 10:55:00-05:00,23.280000686645508,23.329999923706055,23.25,23.290000915527344,53421
2026-02-17 11:00:00-05:00,23.290000915527344,23.399999618530273,23.280000686645508,23.334999084472656,91537
2026-02-17 11:05:00-05:00,23.329999923706055,23.450000762939453,23.309999465942383,23.450000762939453,59123
2026-02-17 11:10:00-05:00,23.44499969482422,23.497499465942383,23.434999465942383,23.450000762939453,38155
2026-02-17 11:15:00-05:00,23.46500015258789,23.46500015258789,23.389999389648438,23.40999984741211,33471
2026-02-17 11:20:00-05:00,23.399999618530273,23.5,23.3799991607666,23.5,37206
2026-02-17 11:25:00-05:00,23.4950008392334,23.549999237060547,23.450000762939453,23.469999313354492,46066
2026-02-17 11:30:00-05:00,23.459999084472656,23.5049991607666,23.424999237060547,23.5049991607666,23960
2026-02-17 11:35:00-05:00,23.5,23.540000915527344,23.489999771118164,23.510099411010742,26041
2026-02-17 11:40:00-05:00,23.510000228881836,23.524999618530273,23.489999771118164,23.489999771118164,30709
2026-02-17 11:45:00-05:00,23.485000610351562,23.5,23.475000381469727,23.475000381469727,16756
2026-02-17 11:50:00-05:00,23.479999542236328,23.48509979248047,23.454999923706055,23.46500015258789,18236
2026-02-17 11:55:00-05:00,23.469999313354492,23.530000686645508,23.469999313354492,23.5,30878
2026-02-17 12:00:00-05:00,23.489999771118164,23.5049991607666,23.479999542236328,23.485000610351562,15176
2026-02-17 12:05:00-05:00,23.485000610351562,23.524999618530273,23.475000381469727,23.5049991607666,20315
2026-02-17 12:10:00-05:00,23.500200271606445,23.5049991607666,23.459999084472656,23.475000381469727,21445
2026-02-17 12:15:00-05:00,23.471099853515625,23.479999542236328,23.450000762939453,23.457399368286133,35347
2026-02-17 12:20:00-05:00,23.459999084472656,23.5,23.434999465942383,23.469999313354492,33694
2026-02-17 12:25:00-05:00,23.475000381469727,23.5,23.440000534057617,23.4950008392334,35101
2026-02-17 12:30:00-05:00,23.5,23.5049991607666,23.43000030517578,23.489900588989258,35921
2026-02-17 12:35:00-05:00,23.479999542236328,23.479999542236328,23.459999084472656,23.459999084472656,8687
2026-02-17 12:40:00-05:00,23.450000762939453,23.46980094909668,23.40999984741211,23.43000030517578,14926
2026-02-17 12:45:00-05:00,23.415000915527344,23.450000762939453,23.399999618530273,23.434999465942383,14744
2026-02-17 12:50:00-05:00,23.450000762939453,23.454999923706055,23.41069984436035,23.417200088500977,10855
2026-02-17 12:55:00-05:00,23.40999984741211,23.499042510986328,23.395000457763672,23.499042510986328,50546
2026-02-17 13:00:00-05:00,23.493999481201172,23.5049991607666,23.440000534057617,23.489999771118164,28802
2026-02-17 13:05:00-05:00,23.489900588989258,23.489999771118164,23.459999084472656,23.469999313354492,15144
2026-02-17 13:10:00-05:00,23.469999313354492,23.475799560546875,23.459999084472656,23.459999084472656,15926
2026-02-17 13:15:00-05:00,23.450000762939453,23.467500686645508,23.415000915527344,23.46500015258789,35328
2026-02-17 13:20:00-05:00,23.459999084472656,23.5049991607666,23.45009994506836,23.498899459838867,22753
2026-02-17 13:25:00-05:00,23.490299224853516,23.52750015258789,23.475000381469727,23.520000457763672,22861
2026-02-17 13:30:00-05:00,23.519899368286133,23.56999969482422,23.514999389648438,23.543800354003906,31108
2026-02-17 13:35:00-05:00,23.545000076293945,23.604999542236328,23.54010009765625,23.604999542236328,40516
2026-02-17 13:40:00-05:00,23.610000610351562,23.635000228881836,23.594999313354492,23.594999313354492,28771
2026-02-17 13:45:00-05:00,23.594999313354492,23.6200008392334,23.594999313354492,23.610000610351562,15982
2026-02-17 13:50:00-05:00,23.604999542236328,23.6200008392334,23.55500030517578,23.579500198364258,40571
2026-02-17 13:55:00-05:00,23.579999923706055,23.584999084472656,23.524999618530273,23.53499984741211,35347
2026-02-17 14:00:00-05:00,23.535900115966797,23.562599182128906,23.530099868774414,23.53499984741211,14862
2026-02-17 14:05:00-05:00,23.530000686645508,23.53499984741211,23.486400604248047,23.4950008392334,18243
2026-02-17 14:10:00-05:00,23.489999771118164,23.524999618530273,23.475000381469727,23.520000457763672,18923
2026-02-17 14:15:00-05:00,23.52899932861328,23.52899932861328,23.490699768066406,23.5049991607666,10919
2026-02-17 14:20:00-05:00,23.5049991607666,23.53499984741211,23.5,23.525100708007812,17723
2026-02-17 14:25:00-05:00,23.520000457763672,23.520000457763672,23.440000534057617,23.450000762939453,34010
2026-02-17 14:30:00-05:00,23.459999084472656,23.49570083618164,23.459999084472656,23.469999313354492,12030
2026-02-17 14:35:00-05:00,23.459999084472656,23.459999084472656,23.43000030517578,23.450000762939453,36009
2026-02-17 14:40:00-05:00,23.450000762939453,23.489999771118164,23.440099716186523,23.489999771118164,17912
2026-02-17 14:45:00-05:00,23.479999542236328,23.48579978942871,23.450000762939453,23.469999313354492,21995
2026-02-17 14:50:00-05:00,23.469999313354492,23.476499557495117,23.43280029296875,23.454999923706055,15037
2026-02-17 14:55:00-05:00,23.450000762939453,23.540000915527344,23.450000762939453,23.475000381469727,29495
2026-02-17 15:00:00-05:00,23.479999542236328,23.510000228881836,23.450000762939453,23.469999313354492,40730
2026-02-17 15:05:00-05:00,23.469999313354492,23.469999313354492,23.440000534057617,23.440000534057617,11822
2026-02-17 15:10:00-05:00,23.440000534057617,23.459999084472656,23.43000030517578,23.44499969482422,27877
2026-02-17 15:15:00-05:00,23.440000534057617,23.44499969482422,23.420000076293945,23.43000030517578,18238
2026-02-17 15:20:00-05:00,23.420000076293945,23.43000030517578,23.360000610351562,23.360000610351562,44736
2026-02-17 15:25:00-05:00,23.350099563598633,23.3700008392334,23.30500030517578,23.30500030517578,67464
2026-02-17 15:30:00-05:00,23.299999237060547,23.329999923706055,23.290000915527344,23.295000076293945,76238
2026-02-17 15:35:00-05:00,23.295000076293945,23.299999237060547,23.2549991607666,23.2549991607666,45397
2026-02-17 15:40:00-05:00,23.260000228881836,23.299999237060547,23.260000228881836,23.295000076293945,79142
2026-02-17 15:45:00-05:00,23.290000915527344,23.309999465942383,23.274999618530273,23.274999618530273,62510
2026-02-17 15:50:00-05:00,23.280000686645508,23.309999465942383,23.274999618530273,23.30500030517578,93318
2026-02-17 15:55:00-05:00,23.309999465942383,23.309999465942383,23.240699768066406,23.280000686645508,308897
2026-02-18 09:30:00-05:00,23.25,23.260000228881836,23.086999893188477,23.170000076293945,310409
2026-02-18 09:35:00-05:00,23.15999984741211,23.1968994140625,23.100000381469727,23.114999771118164,49989
2026-02-18 09:40:00-05:00,23.11319923400879,23.184999465942383,23.084999084472656,23.128999710083008,70475
2026-02-18 09:45:00-05:00,23.139999389648438,23.200000762939453,23.11090087890625,23.190000534057617,62840
2026-02-18 09:50:00-05:00,23.18000030517578,23.291799545288086,23.18000030517578,23.290000915527344,38574
2026-02-18 09:55:00-05:00,23.290000915527344,23.309999465942383,23.24020004272461,23.309999465942383,32681
2026-02-18 10:00:00-05:00,23.31999969482422,23.395000457763672,23.310300827026367,23.3799991607666,33496
2026-02-18 10:05:00-05:00,23.389999389648438,23.420000076293945,23.350000381469727,23.350000381469727,29147
2026-02-18 10:10:00-05:00,23.340099334716797,23.350000381469727,23.264999389648438,23.280000686645508,35679
2026-02-18 10:15:00-05:00,23.274999618530273,23.359800338745117,23.274999618530273,23.288999557495117,23617
2026-02-18 10:20:00-05:00,23.309999465942383,23.389999389648438,23.309999465942383,23.3700008392334,33389
2026-02-18 10:25:00-05:00,23.3700008392334,23.420000076293945,23.36009979248047,23.412200927734375,16198
2026-02-18 10:30:00-05:00,23.40999984741211,23.44499969482422,23.385000228881836,23.392000198364258,40152
2026-02-18 10:35:00-05:00,23.3981990814209,23.569700241088867,23.3981990814209,23.569700241088867,97286
2026-02-18 10:40:00-05:00,23.562000274658203,23.56999969482422,23.524999618530273,23.55500030517578,62849
2026-02-18 10:45:00-05:00,23.553600311279297,23.709999084472656,23.553600311279297,23.65999984741211,133762
2026-02-18 10:50:00-05:00,23.65999984741211,23.676300048828125,23.600000381469727,23.600000381469727,52624
2026-02-18 10:55:00-05:00,23.610000610351562,23.655000686645508,23.610000610351562,23.6299991607666,58964
2026-02-18 11:00:00-05:00,23.6299991607666,23.655000686645508,23.540000915527344,23.640718460083008,89244
2026-02-18 11:05:00-05:00,23.645000457763672,23.649999618530273,23.549999237060547,23.549999237060547,52575
2026-02-18 11:10:00-05:00,23.545000076293945,23.594999313354492,23.545000076293945,23.568099975585938,44350
2026-02-18 11:15:00-05:00,23.559999465942383,23.56999969482422,23.540000915527344,23.559099197387695,34645
2026-02-18 11:20:00-05:00,23.55500030517578,23.604999542236328,23.545000076293945,23.604999542236328,40744
2026-02-18 11:25:00-05:00,23.604999542236328,23.670000076293945,23.59000015258789,23.65999984741211,30764
2026-02-18 11:30:00-05:00,23.66010093688965,23.739999771118164,23.65999984741211,23.665000915527344,36589
2026-02-18 11:35:00-05:00,23.665000915527344,23.665000915527344,23.6200008392334,23.65999984741211,26529
2026-02-18 11:40:00-05:00,23.65999984741211,23.674999237060547,23.640100479125977,23.645000457763672,11488
2026-02-18 11:45:00-05:00,23.639999389648438,23.670000076293945,23.610000610351562,23.639999389648438,71721
2026-02-18 11:50:00-05:00,23.649999618530273,23.684999465942383,23.610000610351562,23.630800247192383,36837
2026-02-18 11:55:00-05:00,23.6299991607666,23.639999389648438,23.604999542236328,23.614999771118164,8608
2026-02-18 12:00:00-05:00,23.6200008392334,23.770000457763672,23.6200008392334,23.764999389648438,59536
2026-02-18 12:05:00-05:00,23.764999389648438,23.834999084472656,23.719900131225586,23.729999542236328,108321
2026-02-18 12:10:00-05:00,23.729999542236328,23.7450008392334,23.690000534057617,23.704999923706055,50650
2026-02-18 12:15:00-05:00,23.704999923706055,23.729999542236328,23.700000762939453,23.725000381469727,12838
2026-02-18 12:20:00-05:00,23.719999313354492,23.729900360107422,23.684999465942383,23.684999465942383,73961
2026-02-18 12:25:00-05:00,23.674999237060547,23.700000762939453,23.664899826049805,23.675500869750977,21448
2026-02-18 12:30:00-05:00,23.674999237060547,23.704999923706055,23.670000076293945,23.704999923706055,15795
2026-02-18 12:35:00-05:00,23.700700759887695,23.780000686645508,23.700000762939453,23.770000457763672,24502
2026-02-18 12:40:00-05:00,23.764999389648438,23.860000610351562,23.739999771118164,23.81999969482422,110400
2026-02-18 12:45:00-05:00,23.809999465942383,23.834999084472656,23.774999618530273,23.809999465942383,18615
2026-02-18 12:50:00-05:00,23.809999465942383,23.895000457763672,23.809999465942383,23.829999923706055,108834
2026-02-18 12:55:00-05:00,23.820899963378906,23.829999923706055,23.760000228881836,23.764999389648438,27912
2026-02-18 13:00:00-05:00,23.770000457763672,23.81999969482422,23.770000457763672,23.793899536132812,41938
2026-02-18 13:05:00-05:00,23.79990005493164,23.809999465942383,23.770000457763672,23.795000076293945,34016
2026-02-18 13:10:00-05:00,23.799999237060547,23.860000610351562,23.774999618530273,23.829999923706055,45781
2026-02-18 13:15:00-05:00,23.822999954223633,23.905000686645508,23.809999465942383,23.8799991607666,56994
2026-02-18 13:20:00-05:00,23.885000228881836,23.885000228881836,23.79829978942871,23.834999084472656,78643
2026-02-18 13:25:00-05:00,23.834999084472656,23.834999084472656,23.75,23.78499984741211,71725
2026-02-18 13:30:00-05:00,23.790000915527344,23.799999237060547,23.770000457763672,23.799999237060547,23944
2026-02-18 13:35:00-05:00,23.795000076293945,23.815000534057617,23.795000076293945,23.815000534057617,38773
2026-02-18 13:40:00-05:00,23.815000534057617,23.815000534057617,23.704999923706055,23.71500015258789,39474
2026-02-18 13:45:00-05:00,23.719900131225586,23.760000228881836,23.719900131225586,23.7450008392334,23550
2026-02-18 13:50:00-05:00,23.7450008392334,23.7549991607666,23.700000762939453,23.730300903320312,30270
2026-02-18 13:55:00-05:00,23.73509979248047,23.739999771118164,23.706899642944336,23.71500015258789,16305
2026-02-18 14:00:00-05:00,23.71500015258789,23.719999313354492,23.670000076293945,23.68589973449707,31373
2026-02-18 14:05:00-05:00,23.690000534057617,23.75,23.68000030517578,23.71500015258789,26955
2026-02-18 14:10:00-05:00,23.719999313354492,23.735000610351562,23.690000534057617,23.700000762939453,21125
2026-02-18 14:15:00-05:00,23.700000762939453,23.700000762939453,23.65999984741211,23.670000076293945,13025
2026-02-18 14:20:00-05:00,23.674999237060547,23.93000030517578,23.649999618530273,23.885000228881836,114633
2026-02-18 14:25:00-05:00,23.8799991607666,23.9950008392334,23.75,23.790000915527344,338661
2026-02-18 14:30:00-05:00,23.790000915527344,23.807199478149414,23.729799270629883,23.805099487304688,44014
2026-02-18 14:35:00-05:00,23.809999465942383,23.864999771118164,23.789899826049805,23.864999771118164,57398
2026-02-18 14:40:00-05:00,23.860700607299805,23.950000762939453,23.81999969482422,23.889999389648438,84435
2026-02-18 14:45:00-05:00,23.8799991607666,23.936899185180664,23.854999542236328,23.930200576782227,94878
2026-02-18 14:50:00-05:00,23.934999465942383,23.96500015258789,23.850000381469727,23.860000610351562,52855
2026-02-18 14:55:00-05:00,23.851600646972656,23.959999084472656,23.850000381469727,23.889999389648438,85346
2026-02-18 15:00:00-05:00,23.889999389648438,23.954999923706055,23.88960075378418,23.920000076293945,53392
2026-02-18 15:05:00-05:00,23.91990089416504,23.959999084472656,23.8799991607666,23.94499969482422,37446
2026-02-18 15:10:00-05:00,23.940000534057617,23.940000534057617,23.8799991607666,23.885000228881836,46147
2026-02-18 15:15:00-05:00,23.889999389648438,23.940000534057617,23.8700008392334,23.920000076293945,18716
2026-02-18 15:20:00-05:00,23.910400390625,23.954999923706055,23.905000686645508,23.94930076599121,37235
2026-02-18 15:25:00-05:00,23.94499969482422,23.985000610351562,23.850000381469727,23.854999542236328,74831
2026-02-18 15:30:00-05:00,23.850000381469727,23.939300537109375,23.84000015258789,23.905000686645508,43403
2026-02-18 15:35:00-05:00,23.905000686645508,23.959999084472656,23.899999618530273,23.94499969482422,48922
2026-02-18 15:40:00-05:00,23.940000534057617,23.94499969482422,23.915000915527344,23.934999465942383,28858
2026-02-18 15:45:00-05:00,23.93000030517578,23.9950008392334,23.905000686645508,23.975000381469727,87495
2026-02-18 15:50:00-05:00,23.975000381469727,24.03499984741211,23.959999084472656,24.024999618530273,126777
2026-02-18 15:55:00-05:00,24.020000457763672,24.024999618530273,23.879899978637695,23.889999389648438,333001
2026-02-19 09:30:00-05:00,23.770000457763672,23.780000686645508,23.579999923706055,23.76799964904785,261820
2026-02-19 09:35:00-05:00,23.75,23.829999923706055,23.65999984741211,23.81999969482422,59981
2026-02-19 09:40:00-05:00,23.809999465942383,23.829999923706055,23.710399627685547,23.81999969482422,49830
2026-02-19 09:45:00-05:00,23.825000762939453,23.829999923706055,23.739999771118164,23.76460075378418,34654
2026-02-19 09:50:00-05:00,23.75,23.850000381469727,23.729999542236328,23.834999084472656,65497
2026-02-19 09:55:00-05:00,23.83009910583496,23.920000076293945,23.780000686645508,23.809999465942383,65879
2026-02-19 10:00:00-05:00,23.809999465942383,23.81999969482422,23.770000457763672,23.780000686645508,21820
2026-02-19 10:05:00-05:00,23.780000686645508,23.809999465942383,23.681299209594727,23.690099716186523,72603
2026-02-19 10:10:00-05:00,23.700000762939453,23.709999084472656,23.6299991607666,23.68000030517578,44917
2026-02-19 10:15:00-05:00,23.68000030517578,23.740100860595703,23.68000030517578,23.719999313354492,26461
2026-02-19 10:20:00-05:00,23.735000610351562,23.769100189208984,23.707300186157227,23.764999389648438,22233
2026-02-19 10:25:00-05:00,23.770000457763672,23.770999908447266,23.735000610351562,23.770999908447266,12744
2026-02-19 10:30:00-05:00,23.780000686645508,23.90999984741211,23.770000457763672,23.885099411010742,65582
2026-02-19 10:35:00-05:00,23.890899658203125,24.045000076293945,23.8799991607666,24.0049991607666,128615
2026-02-19 10:40:00-05:00,24.010000228881836,24.09000015258789,23.954999923706055,23.959999084472656,78215
2026-02-19 10:45:00-05:00,23.969999313354492,24.06999969482422,23.969999313354492,24.0,72679
2026-02-19 10:50:00-05:00,24.0,24.0,23.854999542236328,23.889999389648438,48655
2026-02-19 10:55:00-05:00,23.899999618530273,23.959999084472656,23.899999618530273,23.959999084472656,33660
2026-02-19 11:00:00-05:00,23.959999084472656,23.989999771118164,23.950000762939453,23.950000762939453,19237
2026-02-19 11:05:00-05:00,23.920000076293945,23.920000076293945,23.850000381469727,23.900100708007812,85873
2026-02-19 11:10:00-05:00,23.920000076293945,23.940000534057617,23.889999389648438,23.940000534057617,27771
2026-02-19 11:15:00-05:00,23.93000030517578,24.020000457763672,23.93000030517578,24.020000457763672,107319
2026-02-19 11:20:00-05:00,24.014999389648438,24.014999389648438,23.954999923706055,23.959999084472656,102970
2026-02-19 11:25:00-05:00,23.969900131225586,23.969900131225586,23.899999618530273,23.915000915527344,25453
2026-02-19 11:30:00-05:00,23.920000076293945,24.040000915527344,23.90999984741211,24.039899826049805,60886
2026-02-19 11:35:00-05:00,24.03499984741211,24.040000915527344,23.959999084472656,23.969999313354492,80765
2026-02-19 11:40:00-05:00,23.969999313354492,23.979000091552734,23.920000076293945,23.920000076293945,17605
2026-02-19 11:45:00-05:00,23.940000534057617,23.940000534057617,23.8799991607666,23.889999389648438,29223
2026-02-19 11:50:00-05:00,23.889999389648438,23.907499313354492,23.860000610351562,23.907499313354492,15904
2026-02-19 11:55:00-05:00,23.905000686645508,23.909900665283203,23.8700008392334,23.877599716186523,24610
2026-02-19 12:00:00-05:00,23.871000289916992,23.889999389648438,23.850000381469727,23.879899978637695,31276
2026-02-19 12:05:00-05:00,23.87299919128418,23.90999984741211,23.8700008392334,23.889999389648438,9736
2026-02-19 12:10:00-05:00,23.885000228881836,23.93000030517578,23.885000228881836,23.899700164794922,26481
2026-02-19 12:15:00-05:00,23.899999618530273,23.900299072265625,23.840299606323242,23.875,35889
2026-02-19 12:20:00-05:00,23.87350082397461,23.950000762939453,23.87350082397461,23.945100784301758,24704
2026-02-19 12:25:00-05:00,23.944299697875977,23.975000381469727,23.889999389648438,23.90999984741211,37494
2026-02-19 12:30:00-05:00,23.899999618530273,23.90999984741211,23.875,23.875,14739
2026-02-19 12:35:00-05:00,23.8700008392334,23.88990020751953,23.83300018310547,23.84000015258789,84207
2026-02-19 12:40:00-05:00,23.84000015258789,23.850000381469727,23.81999969482422,23.81999969482422,13793
2026-02-19 12:45:00-05:00,23.81999969482422,23.824899673461914,23.78499984741211,23.824899673461914,26182
2026-02-19 12:50:00-05:00,23.81999969482422,23.829999923706055,23.799999237060547,23.824499130249023,11116
2026-02-19 12:55:00-05:00,23.829999923706055,23.84000015258789,23.809999465942383,23.8164005279541,11829
2026-02-19 13:00:00-05:00,23.809999465942383,23.809999465942383,23.75,23.760000228881836,22961
2026-02-19 13:05:00-05:00,23.75,23.780000686645508,23.742799758911133,23.780000686645508,13119
2026-02-19 13:10:00-05:00,23.78499984741211,23.79990005493164,23.75,23.780000686645508,29425
2026-02-19 13:15:00-05:00,23.780000686645508,23.790000915527344,23.733999252319336,23.739999771118164,8609
2026-02-19 13:20:00-05:00,23.729999542236328,23.78499984741211,23.71139907836914,23.770000457763672,20923
2026-02-19 13:25:00-05:00,23.77910041809082,23.809900283813477,23.770000457763672,23.80500030517578,8424
2026-02-19 13:30:00-05:00,23.80500030517578,23.829999923706055,23.799999237060547,23.815000534057617,32214
2026-02-19 13:35:00-05:00,23.81999969482422,23.834999084472656,23.809999465942383,23.828899383544922,15270
2026-02-19 13:40:00-05:00,23.830299377441406,23.830299377441406,23.794099807739258,23.809999465942383,16350
2026-02-19 13:45:00-05:00,23.799999237060547,23.826799392700195,23.799999237060547,23.81999969482422,4815
2026-02-19 13:50:00-05:00,23.825000762939453,23.854999542236328,23.825000762939453,23.834299087524414,11591
2026-02-19 13:55:00-05:00,23.829999923706055,23.83989906311035,23.799999237060547,23.829999923706055,13368
2026-02-19 14:00:00-05:00,23.829999923706055,23.850000381469727,23.813499450683594,23.844999313354492,41442
2026-02-19 14:05:00-05:00,23.850000381469727,23.899999618530273,23.84000015258789,23.860000610351562,37063
2026-02-19 14:10:00-05:00,23.850000381469727,23.864999771118164,23.84000015258789,23.864999771118164,11525
2026-02-19 14:15:00-05:00,23.854999542236328,23.854999542236328,23.809999465942383,23.81999969482422,8304
2026-02-19 14:20:00-05:00,23.81999969482422,23.84000015258789,23.80500030517578,23.829999923706055,7599
2026-02-19 14:25:00-05:00,23.825000762939453,23.825000762939453,23.735000610351562,23.760000228881836,25162
2026-02-19 14:30:00-05:00,23.760000228881836,23.769899368286133,23.7549991607666,23.769899368286133,9460
2026-02-19 14:35:00-05:00,23.760000228881836,23.770000457763672,23.729999542236328,23.739999771118164,15636
2026-02-19 14:40:00-05:00,23.739999771118164,23.760000228881836,23.729999542236328,23.75979995727539,56356
2026-02-19 14:45:00-05:00,23.760000228881836,23.770000457763672,23.739999771118164,23.770000457763672,6574
2026-02-19 14:50:00-05:00,23.770000457763672,23.790000915527344,23.75,23.780000686645508,15104
2026-02-19 14:55:00-05:00,23.780000686645508,23.801000595092773,23.709999084472656,23.730899810791016,39083
2026-02-19 15:00:00-05:00,23.7450008392334,23.84000015258789,23.739999771118164,23.825000762939453,31588
2026-02-19 15:05:00-05:00,23.829999923706055,23.8700008392334,23.829999923706055,23.860000610351562,15073
2026-02-19 15:10:00-05:00,23.860000610351562,23.89929962158203,23.850000381469727,23.889999389648438,12132
2026-02-19 15:15:00-05:00,23.889999389648438,23.926300048828125,23.8700008392334,23.924999237060547,74806
2026-02-19 15:20:00-05:00,23.920000076293945,23.935100555419922,23.90999984741211,23.90999984741211,18886
2026-02-19 15:25:00-05:00,23.905000686645508,23.93000030517578,23.885000228881836,23.924999237060547,37597
2026-02-19 15:30:00-05:00,23.920000076293945,23.979999542236328,23.899999618530273,23.950000762939453,68599
2026-02-19 15:35:00-05:00,23.950000762939453,23.950000762939453,23.890899658203125,23.915000915527344,35597
2026-02-19 15:40:00-05:00,23.920000076293945,23.959999084472656,23.899999618530273,23.94499969482422,49311
2026-02-19 15:45:00-05:00,23.94499969482422,23.985000610351562,23.84000015258789,23.860000610351562,101305
2026-02-19 15:50:00-05:00,23.860000610351562,23.954999923706055,23.860000610351562,23.895000457763672,60821
2026-02-19 15:55:00-05:00,23.899999618530273,23.94499969482422,23.899999618530273,23.905000686645508,137108
2026-02-20 09:30:00-05:00,23.559999465942383,23.780000686645508,23.420000076293945,23.71500015258789,380071
2026-02-20 09:35:00-05:00,23.71500015258789,23.809999465942383,23.68000030517578,23.719999313354492,97073
2026-02-20 09:40:00-05:00,23.725000381469727,23.780000686645508,23.649999618530273,23.670000076293945,58915
2026-02-20 09:45:00-05:00,23.65999984741211,23.670000076293945,23.559999465942383,23.610000610351562,89813
2026-02-20 09:50:00-05:00,23.610000610351562,23.649999618530273,23.530000686645508,23.540000915527344,65140
2026-02-20 09:55:00-05:00,23.540000915527344,23.56999969482422,23.479999542236328,23.479999542236328,58943
2026-02-20 10:00:00-05:00,23.489999771118164,23.689899444580078,23.479999542236328,23.600000381469727,86401
2026-02-20 10:05:00-05:00,23.59000015258789,23.59000015258789,23.4601993560791,23.540000915527344,73624
2026-02-20 10:10:00-05:00,23.55500030517578,23.639999389648438,23.520000457763672,23.520000457763672,53525
2026-02-20 10:15:00-05:00,23.510000228881836,23.56999969482422,23.440000534057617,23.530000686645508,85833
2026-02-20 10:20:00-05:00,23.530000686645508,23.600000381469727,23.510099411010742,23.540000915527344,30407
2026-02-20 10:25:00-05:00,23.540000915527344,23.610000610351562,23.5,23.549999237060547,39460
2026-02-20 10:30:00-05:00,23.57990074157715,23.6299991607666,23.55139923095703,23.600000381469727,47089
2026-02-20 10:35:00-05:00,23.610000610351562,23.68000030517578,23.594999313354492,23.600000381469727,35001
2026-02-20 10:40:00-05:00,23.600000381469727,23.6299991607666,23.530000686645508,23.59000015258789,42520
2026-02-20 10:45:00-05:00,23.594999313354492,23.613500595092773,23.559999465942383,23.57990074157715,17170
2026-02-20 10:50:00-05:00,23.573699951171875,23.6200008392334,23.54800033569336,23.610000610351562,25170
2026-02-20 10:55:00-05:00,23.614999771118164,23.670000076293945,23.614999771118164,23.6299991607666,30998
2026-02-20 11:00:00-05:00,23.6299991607666,23.670000076293945,23.6200008392334,23.65999984741211,38191
2026-02-20 11:05:00-05:00,23.665000915527344,23.719999313354492,23.649999618530273,23.719999313354492,58643
2026-02-20 11:10:00-05:00,23.71500015258789,23.725000381469727,23.559999465942383,23.56999969482422,68614
2026-02-20 11:15:00-05:00,23.579999923706055,23.584999084472656,23.549999237060547,23.575000762939453,34870
2026-02-20 11:20:00-05:00,23.56999969482422,23.56999969482422,23.510099411010742,23.545000076293945,33397
2026-02-20 11:25:00-05:00,23.549999237060547,23.549999237060547,23.5049991607666,23.51930046081543,27189
2026-02-20 11:30:00-05:00,23.5,23.543100357055664,23.485000610351562,23.520000457763672,32394
2026-02-20 11:35:00-05:00,23.511699676513672,23.530000686645508,23.500499725341797,23.524999618530273,17424
2026-02-20 11:40:00-05:00,23.530000686645508,23.549999237060547,23.493900299072266,23.530000686645508,21270
2026-02-20 11:45:00-05:00,23.530000686645508,23.59000015258789,23.530000686645508,23.56999969482422,26707
2026-02-20 11:50:00-05:00,23.567100524902344,23.56999969482422,23.549999237060547,23.565000534057617,15113
2026-02-20 11:55:00-05:00,23.56999969482422,23.600000381469727,23.56999969482422,23.59000015258789,36195
2026-02-20 12:00:00-05:00,23.59000015258789,23.59000015258789,23.545000076293945,23.54990005493164,13827
2026-02-20 12:04:49-05:00,23.540199279785156,23.540199279785156,23.540199279785156,23.540199279785156,0
