date,open,high,low,close,adj_close,volume
2002-02-13,2.40625,2.515000104904175,2.3812499046325684,2.512500047683716,1.691666603088379,76216000
2002-02-14,2.543750047683716,2.5487499237060547,2.481250047683716,2.5,1.6832499504089355,11021600
2002-02-15,2.5,2.5062499046325684,2.4625000953674316,2.487499952316284,1.674834132194519,8389600
2002-02-19,2.4749999046325684,2.4749999046325684,2.34375,2.387500047683716,1.6075042486190796,7410400
2002-02-20,2.4000000953674316,2.46875,2.3812499046325684,2.46875,1.6622098684310913,6892800
2002-02-21,2.4600000381469727,2.481250047683716,2.4375,2.4625000953674316,1.65800142288208,6976800
2002-02-22,2.481250047683716,2.481250047683716,2.4000000953674316,2.418750047683716,1.6285449266433716,3525600
2002-02-25,2.4124999046325684,2.456249952316284,2.384999990463257,2.4375,1.6411685943603516,3453600
2002-02-26,2.424999952316284,2.4625000953674316,2.3862500190734863,2.4375,1.6411685943603516,2761600
2002-02-27,2.418750047683716,2.4200000762939453,2.375,2.393749952316284,1.6117122173309326,4091200
2002-02-28,2.4000000953674316,2.4312500953674316,2.387500047683716,2.387500047683716,1.6075042486190796,2751200
2002-03-01,2.3812499046325684,2.4437499046325684,2.372499942779541,2.421250104904175,1.6302279233932495,1913600
2002-03-04,2.4312500953674316,2.476249933242798,2.427500009536743,2.4625000953674316,1.65800142288208,3180800
2002-03-05,2.450000047683716,2.456249952316284,2.3949999809265137,2.40625,1.6201281547546387,3444800
2002-03-06,2.4049999713897705,2.4287500381469727,2.4000000953674316,2.418750047683716,1.6285449266433716,1316800
2002-03-07,2.418750047683716,2.575000047683716,2.418750047683716,2.552500009536743,1.71859872341156,2700800
2002-03-08,2.5374999046325684,2.625,2.5374999046325684,2.612499952316284,1.7589964866638184,1600800
2002-03-11,2.5999999046325684,2.674999952316284,2.59375,2.646250009536743,1.7817206382751465,5462400
2002-03-12,2.625,2.737499952316284,2.625,2.6500000953674316,1.7842457294464111,5819200
2002-03-13,2.6500000953674316,2.6875,2.581249952316284,2.627500057220459,1.7690961360931396,5063200
2002-03-14,2.627500057220459,2.6500000953674316,2.6050000190734863,2.625,1.7674129009246826,1696800
2002-03-15,2.625,2.637500047683716,2.487499952316284,2.543750047683716,1.7127071619033813,1708000
2002-03-18,2.549999952316284,2.549999952316284,2.3812499046325684,2.4124999046325684,1.62433660030365,2207200
2002-03-19,2.4312500953674316,2.4375,2.325000047683716,2.3375000953674316,1.573839545249939,3229600
2002-03-20,2.3187499046325684,2.3187499046325684,2.125,2.252500057220459,1.5166085958480835,9236000
2002-03-21,2.252500057220459,2.40625,2.252500057220459,2.34375,1.5780470371246338,4427200
2002-03-22,2.34375,2.4487500190734863,2.3137500286102295,2.4124999046325684,1.62433660030365,2494400
2002-03-25,2.4375,2.476249933242798,2.3975000381469727,2.4649999141693115,1.6596852540969849,7571200
2002-03-26,2.5,2.512500047683716,2.4725000858306885,2.497499942779541,1.6815673112869263,1816800
2002-03-27,2.497499942779541,2.625,2.487499952316284,2.575000047683716,1.7337478399276733,1369600
2002-03-28,2.5625,2.575000047683716,2.512500047683716,2.5250000953674316,1.7000828981399536,1714400
2002-04-01,2.5062499046325684,2.5062499046325684,2.375,2.3812499046325684,1.603295922279358,1880000
2002-04-02,2.375,2.375,2.293750047683716,2.3299999237060547,1.5687891244888306,2098400
2002-04-03,2.331249952316284,2.3499999046325684,2.305000066757202,2.325000047683716,1.565422773361206,567200
2002-04-04,2.3187499046325684,2.3812499046325684,2.3187499046325684,2.3687500953674316,1.5948796272277832,763200
2002-04-05,2.3687500953674316,2.424999952316284,2.3112499713897705,2.3112499713897705,1.5561648607254028,837600
2002-04-08,2.325000047683716,2.325000047683716,2.221250057220459,2.2874999046325684,1.5401740074157715,1558400
2002-04-09,2.2750000953674316,2.4000000953674316,2.2750000953674316,2.3687500953674316,1.5948796272277832,3562400
2002-04-10,2.362499952316284,2.3812499046325684,2.34375,2.365000009536743,1.5923547744750977,1302400
2002-04-11,2.3637499809265137,2.3637499809265137,2.3125,2.3125,1.5570068359375,1444000
2002-04-12,2.331249952316284,2.331249952316284,2.257499933242798,2.28125,1.5359662771224976,1236000
2002-04-15,2.2750000953674316,2.3212499618530273,2.273750066757202,2.319999933242798,1.5620561838150024,1559200
2002-04-16,2.34375,2.4000000953674316,2.34375,2.375,1.5990880727767944,1225600
2002-04-17,2.40625,2.53125,2.40625,2.476249933242798,1.667259693145752,3348800
2002-04-18,2.476249933242798,2.518749952316284,2.4674999713897705,2.476249933242798,1.667259693145752,984800
2002-04-19,2.476249933242798,2.543750047683716,2.476249933242798,2.533750057220459,1.7059743404388428,646400
2002-04-22,2.518749952316284,2.518749952316284,2.476249933242798,2.5,1.6832499504089355,772800
2002-04-23,2.4937500953674316,2.53125,2.4375,2.4437499046325684,1.6453769207000732,824800
2002-04-24,2.440000057220459,2.4512500762939453,2.424999952316284,2.4262499809265137,1.633594274520874,1064800
2002-04-25,2.4262499809265137,2.4262499809265137,2.396250009536743,2.424999952316284,1.6327526569366455,1727200
2002-04-26,2.4124999046325684,2.447499990463257,2.40625,2.40625,1.6201281547546387,1653600
2002-04-29,2.393749952316284,2.393749952316284,2.3499999046325684,2.362499952316284,1.5906713008880615,2562400
2002-04-30,2.34375,2.4124999046325684,2.3375000953674316,2.3812499046325684,1.603295922279358,6894400
2002-05-01,2.4124999046325684,2.5625,2.4124999046325684,2.5625,1.7253313064575195,1672000
2002-05-02,2.549999952316284,2.6237499713897705,2.549999952316284,2.603749990463257,1.7531044483184814,3316000
2002-05-03,2.5999999046325684,2.601249933242798,2.569999933242798,2.5999999046325684,1.7505803108215332,463200
2002-05-06,2.598750114440918,2.8237500190734863,2.598750114440918,2.71875,1.8305350542068481,2146400
2002-05-07,2.706249952316284,2.75,2.6812500953674316,2.6875,1.809494137763977,452800
2002-05-08,2.7125000953674316,2.8125,2.7125000953674316,2.799999952316284,1.8852405548095703,658400
2002-05-09,2.8125,2.9000000953674316,2.8125,2.856250047683716,1.9231138229370117,847200
2002-05-10,2.875,2.9287500381469727,2.75,2.757499933242798,1.8566248416900635,696000
2002-05-13,2.7587499618530273,2.7587499618530273,2.606250047683716,2.6875,1.809494137763977,1929600
2002-05-14,2.75,2.799999952316284,2.5999999046325684,2.5999999046325684,1.7505803108215332,3958400
2002-05-15,2.5875000953674316,2.625,2.481250047683716,2.481250047683716,1.6706260442733765,5829600
2002-05-16,2.481250047683716,2.5875000953674316,2.481250047683716,2.575000047683716,1.7337478399276733,5286400
2002-05-17,2.59375,2.6875,2.59375,2.653749942779541,1.786769986152649,4351200
2002-05-20,2.653749942779541,2.6875,2.637500047683716,2.672499895095825,1.7993948459625244,2336000
2002-05-21,2.825000047683716,2.831249952316284,2.5562500953674316,2.5625,1.7253313064575195,3872000
2002-05-22,2.557499885559082,2.6875,2.5374999046325684,2.65625,1.7884533405303955,1847200
2002-05-23,2.65625,2.8375000953674316,2.65625,2.8012499809265137,1.8860818147659302,2157600
2002-05-24,2.7925000190734863,2.9625000953674316,2.7925000190734863,2.932499885559082,1.9744523763656616,2212000
2002-05-28,2.9437499046325684,3.036250114440918,2.9124999046325684,3.026249885559082,2.03757381439209,2082400
2002-05-29,3.026249885559082,3.026249885559082,2.9375,2.950000047683716,1.9862350225448608,4728000
2002-05-30,2.950000047683716,2.950000047683716,2.893749952316284,2.9075000286102295,1.9576197862625122,3941600
2002-05-31,2.9075000286102295,3.0374999046325684,2.9075000286102295,3.023750066757202,2.0358920097351074,2708000
2002-06-03,3.023750066757202,3.023750066757202,2.8924999237060547,2.90625,1.956778645515442,1817600
2002-06-04,2.901249885559082,2.987499952316284,2.862499952316284,2.9287500381469727,1.9719278812408447,1933600
2002-06-05,2.9375,2.9600000381469727,2.8887500762939453,2.90625,1.956778645515442,1752000
2002-06-06,2.90625,2.956249952316284,2.898750066757202,2.90625,1.956778645515442,1403200
2002-06-07,2.875,2.9049999713897705,2.819999933242798,2.8687500953674316,1.9315299987792969,1752000
2002-06-10,2.8687500953674316,2.9124999046325684,2.7874999046325684,2.8125,1.8936564922332764,854400
2002-06-11,2.827500104904175,2.84375,2.815000057220459,2.84375,1.914697527885437,323200
2002-06-12,2.8137500286102295,2.815000057220459,2.7274999618530273,2.799999952316284,1.8852405548095703,532000
2002-06-13,2.799999952316284,2.887500047683716,2.762500047683716,2.869999885559082,1.9323710203170776,1297600
2002-06-14,2.867500066757202,2.867500066757202,2.668750047683716,2.8137500286102295,1.8944989442825317,718400
2002-06-17,2.825000047683716,2.9312500953674316,2.825000047683716,2.877500057220459,1.9374208450317383,936800
2002-06-18,2.877500057220459,2.893749952316284,2.7874999046325684,2.815000057220459,1.8953405618667603,260000
2002-06-19,2.8125,2.893749952316284,2.8125,2.875,1.935738205909729,905600
2002-06-20,2.8575000762939453,2.8575000762939453,2.723750114440918,2.737499952316284,1.8431588411331177,509600
2002-06-21,2.71875,2.71875,2.612499952316284,2.625,1.7674129009246826,1016000
2002-06-24,2.625,2.625,2.487499952316284,2.565000057220459,1.7270145416259766,1092800
2002-06-25,2.565000057220459,2.598750114440918,2.497499942779541,2.497499942779541,1.6815673112869263,829600
2002-06-26,2.46875,2.46875,2.2950000762939453,2.3687500953674316,1.5948796272277832,2882400
2002-06-27,2.387500047683716,2.5,2.3637499809265137,2.5,1.6832499504089355,1632000
2002-06-28,2.4937500953674316,2.6649999618530273,2.478749990463257,2.6237499713897705,1.766571283340454,3480000
2002-07-01,2.612499952316284,2.6237499713897705,2.456249952316284,2.4674999713897705,1.6613682508468628,1088000
2002-07-02,2.466249942779541,2.466249942779541,2.233750104904175,2.3450000286102295,1.5788886547088623,1637600
2002-07-03,2.3375000953674316,2.387500047683716,2.15625,2.3125,1.5570068359375,2226400
2002-07-05,2.325000047683716,2.432499885559082,2.325000047683716,2.3762500286102295,1.5999295711517334,455200
2002-07-08,2.387500047683716,2.543750047683716,2.3712499141693115,2.476249933242798,1.667259693145752,1433600
2002-07-09,2.4625000953674316,2.5537500381469727,2.4049999713897705,2.4375,1.6411685943603516,2162400
2002-07-10,2.4375,2.512500047683716,2.3687500953674316,2.4000000953674316,1.6159204244613647,2144000
2002-07-11,2.3812499046325684,2.3862500190734863,2.21875,2.3037500381469727,1.5511151552200317,2443200
2002-07-12,2.3037500381469727,2.3037500381469727,2.1962499618530273,2.211250066757202,1.4888349771499634,1052800
2002-07-15,2.208750009536743,2.208750009536743,1.975000023841858,2.0875000953674316,1.405514121055603,1300000
2002-07-16,2.0562500953674316,2.108750104904175,2.0112500190734863,2.023750066757202,1.3625911474227905,1246400
2002-07-17,2.0299999713897705,2.081249952316284,1.787500023841858,2.0112500190734863,1.354175090789795,6398400
2002-07-18,2.0112500190734863,2.049999952316284,1.9950000047683716,2.005000114440918,1.3499667644500732,1261600
2002-07-19,1.993749976158142,2.0012500286102295,1.9562499523162842,1.972499966621399,1.3280845880508423,1353600
2002-07-22,1.965000033378601,2.0587499141693115,1.9500000476837158,1.975000023841858,1.3297679424285889,999200
2002-07-23,1.9874999523162842,2.049999952316284,1.90625,2.0,1.3466002941131592,2536000
2002-07-24,1.975000023841858,2.202500104904175,1.8737499713897705,2.1987500190734863,1.4804186820983887,1784800
2002-07-25,2.200000047683716,2.200000047683716,2.075000047683716,2.122499942779541,1.429079294204712,560800
2002-07-26,2.1237499713897705,2.2125000953674316,2.1237499713897705,2.192500114440918,1.4762104749679565,668800
2002-07-29,2.194999933242798,2.293750047683716,2.194999933242798,2.2874999046325684,1.5401740074157715,936000
2002-07-30,2.2874999046325684,2.299999952316284,2.206249952316284,2.2437500953674316,1.5107170343399048,716800
2002-07-31,2.21875,2.2200000286102295,2.153749942779541,2.1875,1.472843885421753,777600
2002-08-01,2.174999952316284,2.174999952316284,2.026249885559082,2.086250066757202,1.4046722650527954,1011200
2002-08-02,2.0687499046325684,2.0687499046325684,1.8562500476837158,1.8875000476837158,1.2708539962768555,1099200
2002-08-05,1.8875000476837158,1.9600000381469727,1.8875000476837158,1.9187500476837158,1.291894793510437,702400
2002-08-06,1.9375,1.9862500429153442,1.9375,1.9737499952316284,1.3289263248443604,1688800
2002-08-07,1.9774999618530273,2.0,1.931249976158142,1.9862500429153442,1.3373425006866455,1560800
2002-08-08,1.975000023841858,1.9812500476837158,1.7312500476837158,1.8624999523162842,1.254021406173706,4937600
2002-08-09,1.8624999523162842,1.9500000476837158,1.8624999523162842,1.90625,1.2834784984588623,946400
2002-08-12,1.9049999713897705,2.03125,1.899999976158142,2.03125,1.367640733718872,926400
2002-08-13,2.0625,2.151249885559082,2.0325000286102295,2.043750047683716,1.3760572671890259,1760800
2002-08-14,2.043750047683716,2.2249999046325684,2.043750047683716,2.1624999046325684,1.4560112953186035,3224800
2002-08-15,2.25,2.34375,2.25,2.262500047683716,1.5233417749404907,3407200
2002-08-16,2.262500047683716,2.4749999046325684,2.262500047683716,2.3662500381469727,1.5931962728500366,1723200
2002-08-19,2.3662500381469727,2.5537500381469727,2.3375000953674316,2.4937500953674316,1.6790425777435303,1722400
2002-08-20,2.5875000953674316,2.6875,2.5250000953674316,2.615000009536743,1.7606797218322754,5432800
2002-08-21,2.6187500953674316,2.6875,2.565000057220459,2.6812500953674316,1.8052862882614136,1994400
2002-08-22,2.6500000953674316,2.6875,2.549999952316284,2.5625,1.7253313064575195,3035200
2002-08-23,2.5625,2.5637500286102295,2.46875,2.46875,1.6622098684310913,1333600
2002-08-26,2.4700000286102295,2.59375,2.466249942779541,2.5824999809265137,1.7387975454330444,2069600
2002-08-27,2.5875000953674316,2.630000114440918,2.5562500953674316,2.5762500762939453,1.7345894575119019,1864800
2002-08-28,2.5687499046325684,2.65625,2.5450000762939453,2.612499952316284,1.7589964866638184,2461600
2002-08-29,2.6024999618530273,2.680000066757202,2.5587499141693115,2.6787500381469727,1.803602933883667,1388000
2002-08-30,2.700000047683716,2.7487499713897705,2.5999999046325684,2.5999999046325684,1.7505803108215332,778400
2002-09-03,2.5999999046325684,2.5999999046325684,2.4437499046325684,2.5,1.6832499504089355,1085600
2002-09-04,2.5250000953674316,2.572499990463257,2.325000047683716,2.325000047683716,1.565422773361206,2308800
2002-09-05,2.3125,2.4375,2.3037500381469727,2.3975000381469727,1.6142370700836182,1292800
2002-09-06,2.40625,2.4749999046325684,2.40625,2.4512500762939453,1.650427222251892,1339200
2002-09-09,2.456249952316284,2.5062499046325684,2.325000047683716,2.5062499046325684,1.6874583959579468,1700000
2002-09-10,2.515000104904175,2.5612499713897705,2.4800000190734863,2.549999952316284,1.7169151306152344,1416800
2002-09-11,2.575000047683716,2.6112499237060547,2.575000047683716,2.5999999046325684,1.7505803108215332,599200
2002-09-12,2.6312499046325684,2.634999990463257,2.549999952316284,2.549999952316284,1.7169151306152344,1172000
2002-09-13,2.5250000953674316,2.5250000953674316,2.450000047683716,2.450000047683716,1.6495853662490845,288000
2002-09-16,2.4512500762939453,2.5299999713897705,2.450000047683716,2.526249885559082,1.7009245157241821,484800
2002-09-17,2.557499885559082,2.6075000762939453,2.4825000762939453,2.552500009536743,1.71859872341156,388800
2002-09-18,2.5374999046325684,2.5487499237060547,2.481250047683716,2.512500047683716,1.691666603088379,408000
2002-09-19,2.5250000953674316,2.59375,2.5,2.5350000858306885,1.7068157196044922,3078400
2002-09-20,2.608750104904175,2.608750104904175,2.4749999046325684,2.5062499046325684,1.6874583959579468,737600
2002-09-23,2.507499933242798,2.5112500190734863,2.484999895095825,2.487499952316284,1.674834132194519,1595200
2002-09-24,2.4825000762939453,2.483750104904175,2.331249952316284,2.427500009536743,1.6344358921051025,1099200
2002-09-25,2.432499885559082,2.471250057220459,2.4312500953674316,2.456249952316284,1.653793454170227,840000
2002-09-26,2.4749999046325684,2.581249952316284,2.46875,2.581249952316284,1.737955927848816,1353600
2002-09-27,2.581249952316284,2.768749952316284,2.581249952316284,2.6600000858306885,1.7909785509109497,2938400
2002-09-30,2.6600000858306885,2.674999952316284,2.4312500953674316,2.5562500953674316,1.7211236953735352,2290400
2002-10-01,2.5562500953674316,2.5562500953674316,2.3762500286102295,2.5,1.6832499504089355,3411200
2002-10-02,2.481250047683716,2.4987499713897705,2.4124999046325684,2.4749999046325684,1.6664178371429443,1560000
2002-10-03,2.484999895095825,2.484999895095825,2.393749952316284,2.393749952316284,1.6117122173309326,1212000
2002-10-04,2.411250114440918,2.456249952316284,2.3125,2.413749933242798,1.6251782178878784,2060800
2002-10-07,2.387500047683716,2.4000000953674316,2.325000047683716,2.325000047683716,1.565422773361206,1420800
2002-10-08,2.3499999046325684,2.4100000858306885,2.346250057220459,2.362499952316284,1.5906713008880615,1255200
2002-10-09,2.3499999046325684,2.362499952316284,2.1837499141693115,2.1837499141693115,1.4703187942504883,1482400
2002-10-10,2.1875,2.341249942779541,2.158750057220459,2.288749933242798,1.541015863418579,2052800
2002-10-11,2.3012499809265137,2.34375,2.299999952316284,2.3212499618530273,1.56289803981781,1828000
2002-10-14,2.3087499141693115,2.356250047683716,2.293750047683716,2.3424999713897705,1.5772056579589844,673600
2002-10-15,2.4375,2.481250047683716,2.396250009536743,2.4487500190734863,1.648743987083435,1840800
2002-10-16,2.4387500286102295,2.4625000953674316,2.3949999809265137,2.4375,1.6411685943603516,1138400
2002-10-17,2.4625000953674316,2.5824999809265137,2.434999942779541,2.4725000858306885,1.6647348403930664,1288800
2002-10-18,2.4725000858306885,2.6112499237060547,2.4700000286102295,2.543750047683716,1.7127071619033813,1427200
2002-10-21,2.5450000762939453,2.6237499713897705,2.512500047683716,2.606250047683716,1.7547886371612549,1616800
2002-10-22,2.2750000953674316,2.4749999046325684,2.2750000953674316,2.396250009536743,1.6133955717086792,7187200
2002-10-23,2.3924999237060547,2.505000114440918,2.3924999237060547,2.492500066757202,1.6782010793685913,1184800
2002-10-24,2.512500047683716,2.559999942779541,2.512500047683716,2.549999952316284,1.7169151306152344,1300800
2002-10-25,2.5374999046325684,2.625,2.5299999713897705,2.543750047683716,1.7127071619033813,2435200
2002-10-28,2.5625,2.5625,2.315000057220459,2.3187499046325684,1.5612144470214844,4722400
2002-10-29,2.319999933242798,2.319999933242798,2.2274999618530273,2.25,1.514925479888916,4871200
2002-10-30,2.2874999046325684,2.3187499046325684,2.244999885559082,2.25,1.514925479888916,4926400
2002-10-31,2.268749952316284,2.268749952316284,2.2249999046325684,2.237499952316284,1.5065090656280518,1644000
2002-11-01,2.237499952316284,2.237499952316284,2.1475000381469727,2.203749895095825,1.4837851524353027,2742400
2002-11-04,2.234999895095825,2.293750047683716,2.234999895095825,2.259999990463257,1.5216588973999023,1336800
2002-11-05,2.2612500190734863,2.34375,2.2387499809265137,2.34375,1.5780470371246338,2224800
2002-11-06,2.346250057220459,2.372499942779541,2.3125,2.325000047683716,1.565422773361206,910400
2002-11-07,2.3062500953674316,2.3450000286102295,2.28125,2.3087499141693115,1.554481863975525,834400
2002-11-08,2.3087499141693115,2.3087499141693115,2.1287500858306885,2.1287500858306885,1.4332876205444336,2266400
2002-11-11,2.137500047683716,2.184999942779541,2.112499952316284,2.174999952316284,1.4644274711608887,1081600
2002-11-12,2.1812500953674316,2.377500057220459,2.180000066757202,2.299999952316284,1.548590064048767,2532000
2002-11-13,2.299999952316284,2.3949999809265137,2.252500057220459,2.375,1.5990880727767944,3766400
2002-11-14,2.387500047683716,2.4412500858306885,2.34375,2.375,1.5990880727767944,1755200
2002-11-15,2.387500047683716,2.549999952316284,2.387500047683716,2.521250009536743,1.697557806968689,2507200
2002-11-18,2.612499952316284,2.6187500953674316,2.4749999046325684,2.5299999713897705,1.7034493684768677,4120000
2002-11-19,2.3812499046325684,2.387500047683716,2.200000047683716,2.387500047683716,1.6075042486190796,9400000
2002-11-20,2.387500047683716,2.4437499046325684,2.3187499046325684,2.40625,1.6201281547546387,2154400
2002-11-21,2.424999952316284,2.4625000953674316,2.34375,2.430000066757202,1.6361193656921387,2915200
2002-11-22,2.430000066757202,2.430000066757202,2.2874999046325684,2.3125,1.5570068359375,3816800
2002-11-25,2.3375000953674316,2.3687500953674316,2.3125,2.319999933242798,1.5620561838150024,1702400
2002-11-26,2.3212499618530273,2.353749990463257,2.257499933242798,2.3125,1.5570068359375,1782400
2002-11-27,2.325000047683716,2.358750104904175,2.309999942779541,2.333750009536743,1.5713142156600952,1418400
2002-11-29,2.393749952316284,2.393749952316284,2.325000047683716,2.325000047683716,1.565422773361206,461600
2002-12-02,2.375,2.46875,2.34375,2.362499952316284,1.5906713008880615,3728000
2002-12-03,2.34375,2.416249990463257,2.2825000286102295,2.382499933242798,1.6041373014450073,1670400
2002-12-04,2.3687500953674316,2.40625,2.3499999046325684,2.3499999046325684,1.5822553634643555,1547200
2002-12-05,2.356250047683716,2.466249942779541,2.3499999046325684,2.40625,1.6201281547546387,2463200
2002-12-06,2.393749952316284,2.4124999046325684,2.34375,2.4024999141693115,1.6176036596298218,1127200
2002-12-09,2.325000047683716,2.3399999141693115,2.2437500953674316,2.268749952316284,1.5275496244430542,1407200
2002-12-10,2.293750047683716,2.325000047683716,2.255000114440918,2.265000104904175,1.5250247716903687,2289600
2002-12-11,2.2750000953674316,2.2950000762939453,2.143749952316284,2.151249885559082,1.448436975479126,2988800
2002-12-12,2.151249885559082,2.262500047683716,2.143749952316284,2.262500047683716,1.5233417749404907,1598400
2002-12-13,2.2125000953674316,2.2125000953674316,1.975000023841858,1.975000023841858,1.3297679424285889,5163200
2002-12-16,2.0,2.036250114440918,1.9874999523162842,2.0,1.3466002941131592,3011200
2002-12-17,2.0250000953674316,2.0299999713897705,1.818750023841858,1.8624999523162842,1.254021406173706,6561600
2002-12-18,1.6875,1.712499976158142,1.5850000381469727,1.6649999618530273,1.121044635772705,15253600
2002-12-19,1.2412500381469727,1.3125,1.127500057220459,1.1649999618530273,0.7843945622444153,38963200
2002-12-20,1.1875,1.2062499523162842,1.1412500143051147,1.183750033378601,0.7970191240310669,23508800
2002-12-23,1.1799999475479126,1.1987500190734863,1.15625,1.1749999523162842,0.7911276817321777,10243200
2002-12-24,1.1375000476837158,1.149999976158142,1.1150000095367432,1.1437499523162842,0.7700870037078857,4208000
2002-12-26,1.15625,1.1749999523162842,1.1449999809265137,1.149999976158142,0.7742950320243835,2602400
2002-12-27,1.149999976158142,1.1725000143051147,1.1349999904632568,1.1687500476837158,0.7869197726249695,4116000
2002-12-30,1.15625,1.2174999713897705,1.1487499475479126,1.216249942779541,0.8189011216163635,2522400
2002-12-31,1.216249942779541,1.2312500476837158,1.15625,1.225000023841858,0.8247926831245422,2881600
2003-01-02,1.225000023841858,1.243749976158142,1.1974999904632568,1.215000033378601,0.8180596828460693,2815200
2003-01-03,1.21875,1.246250033378601,1.2074999809265137,1.2337499856948853,0.8306841254234314,1894400
2003-01-06,1.287500023841858,1.287500023841858,1.21875,1.2350000143051147,0.8315256237983704,2815200
2003-01-07,1.274999976158142,1.2912499904632568,1.25,1.2625000476837158,0.8500414490699768,3504000
2003-01-08,1.34375,1.34375,1.246250033378601,1.2687499523162842,0.8542494773864746,3288800
2003-01-09,1.308750033378601,1.3600000143051147,1.308750033378601,1.3250000476837158,0.8921228647232056,10240800
2003-01-10,1.3250000476837158,1.3312499523162842,1.2762500047683716,1.2975000143051147,0.8736068606376648,2906400
2003-01-13,1.3250000476837158,1.3387500047683716,1.2999999523162842,1.318750023841858,0.8879144787788391,1628800
2003-01-14,1.315000057220459,1.315000057220459,1.225000023841858,1.2374999523162842,0.8332089185714722,5394400
2003-01-15,1.2362500429153442,1.2362500429153442,1.091249942779541,1.1924999952316284,0.8029104471206665,9749600
2003-01-16,1.2050000429153442,1.221250057220459,1.181249976158142,1.193750023841858,0.8037521243095398,2660000
2003-01-17,1.181249976158142,1.2062499523162842,1.158750057220459,1.193750023841858,0.8037521243095398,2741600
2003-01-21,1.181249976158142,1.2087500095367432,1.1437499523162842,1.2062499523162842,0.812168300151825,3869600
2003-01-22,1.193750023841858,1.2374999523162842,1.1675000190734863,1.2374999523162842,0.8332089185714722,2268800
2003-01-23,1.2350000143051147,1.2374999523162842,1.1687500476837158,1.21875,0.8205842971801758,2531200
2003-01-24,1.1875,1.1987500190734863,1.1337499618530273,1.1762499809265137,0.7919690608978271,5676000
2003-01-27,1.1649999618530273,1.181249976158142,1.125,1.125,0.757462739944458,3596800
2003-01-28,1.1375000476837158,1.15625,1.1124999523162842,1.1237499713897705,0.7566208839416504,5787200
2003-01-29,1.1237499713897705,1.1362500190734863,1.1024999618530273,1.125,0.757462739944458,3560800
2003-01-30,1.1375000476837158,1.1475000381469727,1.0625,1.1087499856948853,0.7465217709541321,3940800
2003-01-31,1.1087499856948853,1.1162500381469727,1.0625,1.0625,0.715381383895874,2208000
2003-02-03,1.0750000476837158,1.1012500524520874,1.024999976158142,1.0325000286102295,0.6951823234558105,2149600
2003-02-04,1.024999976158142,1.0812499523162842,1.0199999809265137,1.0612499713897705,0.714539647102356,2489600
2003-02-05,1.0625,1.0774999856948853,1.0237499475479126,1.03125,0.6943408250808716,3685600
2003-02-06,1.03125,1.0499999523162842,0.9775000214576721,1.0,0.6733001470565796,3609600
2003-02-07,1.0049999952316284,1.0237499475479126,0.987500011920929,0.9900000095367432,0.6665670871734619,2403200
2003-02-10,0.9775000214576721,1.0,0.956250011920929,0.9649999737739563,0.649734616279602,3335200
2003-02-11,0.9775000214576721,0.9987499713897705,0.9375,0.9487500190734863,0.6387935280799866,5256000
2003-02-12,0.956250011920929,1.0187499523162842,0.956250011920929,1.0,0.6733001470565796,2116000
2003-02-13,1.0049999952316284,1.0225000381469727,0.9649999737739563,0.9900000095367432,0.6665670871734619,3216800
2003-02-14,0.9937499761581421,1.03125,0.9850000143051147,1.028749942779541,0.6926573514938354,1928800
2003-02-18,1.125,1.28125,1.1162500381469727,1.274999976158142,0.8584575653076172,14183200
2003-02-19,1.28125,1.316249966621399,1.25,1.2999999523162842,0.8752901554107666,4581600
2003-02-20,1.2999999523162842,1.306249976158142,1.2712500095367432,1.2737499475479126,0.8576158881187439,2695200
2003-02-21,1.284999966621399,1.3312499523162842,1.28125,1.3250000476837158,0.8921228647232056,4217600
2003-02-24,1.308750033378601,1.34375,1.2549999952316284,1.2937500476837158,0.871082067489624,2048800
2003-02-25,1.25,1.2999999523162842,1.225000023841858,1.2887500524520874,0.8677154779434204,2479200
2003-02-26,1.28125,1.3137500286102295,1.2687499523162842,1.2699999809265137,0.8550910949707031,901600
2003-02-27,1.25,1.347499966621399,1.243749976158142,1.2825000286102295,0.8635072708129883,3037600
2003-02-28,1.287500023841858,1.3224999904632568,1.274999976158142,1.3125,0.8837064504623413,2528800
2003-03-03,1.318750023841858,1.3612500429153442,1.318750023841858,1.347499966621399,0.9072718620300293,1984000
2003-03-04,1.350000023841858,1.350000023841858,1.2937500476837158,1.2999999523162842,0.8752901554107666,1655200
2003-03-05,1.2949999570846558,1.318750023841858,1.28125,1.3125,0.8837064504623413,3040800
2003-03-06,1.3125,1.372499942779541,1.2925000190734863,1.350000023841858,0.9089551568031311,1593600
2003-03-07,1.3512500524520874,1.3825000524520874,1.3312499523162842,1.3650000095367432,0.9190547466278076,2727200
2003-03-10,1.3650000095367432,1.3674999475479126,1.3250000476837158,1.3250000476837158,0.8921228647232056,1478400
2003-03-11,1.337499976158142,1.3624999523162842,1.3250000476837158,1.340000033378601,0.9022222757339478,871200
2003-03-12,1.3424999713897705,1.3962500095367432,1.3337500095367432,1.375,0.9257878065109253,2159200
2003-03-13,1.399999976158142,1.4812500476837158,1.3887499570846558,1.4424999952316284,0.9712352156639099,5355200
2003-03-14,1.5,1.5425000190734863,1.5,1.5125000476837158,1.0183663368225098,7757600
2003-03-17,1.5,1.5412499904632568,1.4850000143051147,1.5187499523162842,1.022574543952942,2560000
2003-03-18,1.5362499952316284,1.5625,1.5112500190734863,1.5125000476837158,1.0183663368225098,1610400
2003-03-19,1.5187499523162842,1.5487500429153442,1.5,1.5162500143051147,1.020891547203064,2491200
2003-03-20,1.40625,1.4824999570846558,1.375,1.475000023841858,0.9931175112724304,5579200
2003-03-21,1.4812500476837158,1.537500023841858,1.4812500476837158,1.5149999856948853,1.0200494527816772,2633600
2003-03-24,1.5,1.503749966621399,1.4562499523162842,1.471250057220459,0.9905927181243896,1311200
2003-03-25,1.46875,1.5,1.4487500190734863,1.4874999523162842,1.00153386592865,2338400
2003-03-26,1.4812500476837158,1.5087499618530273,1.4700000286102295,1.5,1.0099502801895142,3872000
2003-03-27,1.4874999523162842,1.5187499523162842,1.46875,1.5,1.0099502801895142,1572800
2003-03-28,1.5,1.5412499904632568,1.462499976158142,1.5049999952316284,1.0133166313171387,1539200
2003-03-31,1.5,1.524999976158142,1.4600000381469727,1.5,1.0099502801895142,2738400
2003-04-01,1.5012500286102295,1.5225000381469727,1.4812500476837158,1.5012500286102295,1.0107917785644531,1600800
2003-04-02,1.5212500095367432,1.5499999523162842,1.5212500095367432,1.5225000381469727,1.0250993967056274,2104800
2003-04-03,1.5237499475479126,1.5425000190734863,1.497499942779541,1.497499942779541,1.0082670450210571,1254400
2003-04-04,1.5175000429153442,1.6100000143051147,1.497499942779541,1.6100000143051147,1.0840133428573608,2118400
2003-04-07,1.618749976158142,1.6699999570846558,1.6100000143051147,1.618749976158142,1.0899046659469604,5702400
2003-04-08,1.618749976158142,1.658750057220459,1.5774999856948853,1.600000023841858,1.0772801637649536,2711200
2003-04-09,1.587499976158142,1.6174999475479126,1.556249976158142,1.5700000524520874,1.0570811033248901,1153600
2003-04-10,1.5499999523162842,1.5750000476837158,1.5,1.5412499904632568,1.0377237796783447,852000
2003-04-11,1.587499976158142,1.6100000143051147,1.5512499809265137,1.5525000095367432,1.045298457145691,1669600
2003-04-14,1.5774999856948853,1.6024999618530273,1.5512499809265137,1.59375,1.073072075843811,874400
2003-04-15,1.5812499523162842,1.59375,1.565000057220459,1.568750023841858,1.056239366531372,707200
2003-04-16,1.5712499618530273,1.6124999523162842,1.5712499618530273,1.5787500143051147,1.0629727840423584,2460800
2003-04-17,1.568750023841858,1.5862499475479126,1.5475000143051147,1.5475000143051147,1.0419317483901978,1225600
2003-04-21,1.5499999523162842,1.5800000429153442,1.5462499856948853,1.5750000476837158,1.0604478120803833,614400
2003-04-22,1.5762499570846558,1.6262500286102295,1.5412499904632568,1.587499976158142,1.0688642263412476,1528000
2003-04-23,1.600000023841858,1.6399999856948853,1.590000033378601,1.625,1.0941126346588135,742400
2003-04-24,1.6124999523162842,1.621250033378601,1.506250023841858,1.5499999523162842,1.0436149835586548,2826400
2003-04-25,1.568750023841858,1.5712499618530273,1.5049999952316284,1.5099999904632568,1.0166829824447632,979200
2003-04-28,1.5225000381469727,1.5637500286102295,1.5225000381469727,1.534999966621399,1.0335155725479126,1275200
2003-04-29,1.556249976158142,1.600000023841858,1.556249976158142,1.5850000381469727,1.0671805143356323,1404000
2003-04-30,1.5212500095367432,1.5325000286102295,1.4812500476837158,1.493749976158142,1.0057419538497925,4572800
2003-05-01,1.493749976158142,1.497499942779541,1.3849999904632568,1.4249999523162842,0.9594528079032898,6383200
2003-05-02,1.475000023841858,1.4862500429153442,1.40625,1.4075000286102295,0.9476702809333801,3861600
2003-05-05,1.412500023841858,1.4987499713897705,1.412500023841858,1.496250033378601,1.007425308227539,5194400
2003-05-06,1.4987499713897705,1.5499999523162842,1.4674999713897705,1.4674999713897705,0.9880679249763489,2504800
2003-05-07,1.5125000476837158,1.6612499952316284,1.506250023841858,1.659999966621399,1.1176782846450806,7851200
2003-05-08,1.6475000381469727,1.653749942779541,1.6062500476837158,1.631250023841858,1.098320722579956,3544800
2003-05-09,1.628749966621399,1.6675000190734863,1.6262500286102295,1.6612499952316284,1.118519902229309,2789600
2003-05-12,1.649999976158142,1.7350000143051147,1.625,1.7137500047683716,1.1538679599761963,2990400
2003-05-13,1.625,1.6737500429153442,1.6150000095367432,1.628749966621399,1.096637487411499,5832000
2003-05-14,1.649999976158142,1.7087500095367432,1.649999976158142,1.6687500476837158,1.1235694885253906,3248000
2003-05-15,1.681249976158142,1.6887500286102295,1.6200000047683716,1.6237499713897705,1.0932713747024536,2109600
2003-05-16,1.6062500476837158,1.6375000476837158,1.600000023841858,1.625,1.0941126346588135,3456800
2003-05-19,1.6124999523162842,1.618749976158142,1.5437500476837158,1.5537500381469727,1.046140432357788,1703200
2003-05-20,1.559999942779541,1.587499976158142,1.4700000286102295,1.5099999904632568,1.0166829824447632,5705600
2003-05-21,1.5112500190734863,1.559999942779541,1.496250033378601,1.5437500476837158,1.0394071340560913,3861600
2003-05-22,1.5625,1.5625,1.4187500476837158,1.443750023841858,0.9720770716667175,12603200
2003-05-23,1.4500000476837158,1.4874999523162842,1.443750023841858,1.46875,0.9889094829559326,3620000
2003-05-27,1.472499966621399,1.5225000381469727,1.46875,1.506250023841858,1.0141583681106567,6578400
2003-05-28,1.5750000476837158,1.5862499475479126,1.528749942779541,1.558750033378601,1.0495067834854126,5043200
2003-05-29,1.5812499523162842,1.59375,1.5499999523162842,1.558750033378601,1.0495067834854126,3565600
2003-05-30,1.5750000476837158,1.6399999856948853,1.566249966621399,1.566249966621399,1.054556131362915,5804800
2003-06-02,1.568750023841858,1.6299999952316284,1.568750023841858,1.5800000429153442,1.0638142824172974,6280000
2003-06-03,1.600000023841858,1.600000023841858,1.5575000047683716,1.5774999856948853,1.0621306896209717,3224800
2003-06-04,1.587499976158142,1.600000023841858,1.5625,1.5750000476837158,1.0604478120803833,2476000
2003-06-05,1.5750000476837158,1.6124999523162842,1.5674999952316284,1.6062500476837158,1.0814884901046753,2214400
2003-06-06,1.6062500476837158,1.649999976158142,1.597499966621399,1.6124999523162842,1.0856963396072388,2603200
2003-06-09,1.6124999523162842,1.6237499713897705,1.5762499570846558,1.59375,1.073072075843811,1652800
2003-06-10,1.5924999713897705,1.6100000143051147,1.5837500095367432,1.59375,1.073072075843811,1913600
2003-06-11,1.600000023841858,1.6062500476837158,1.587499976158142,1.59375,1.073072075843811,985600
2003-06-12,1.6062500476837158,1.628749966621399,1.587499976158142,1.5887500047683716,1.0697054862976074,2263200
2003-06-13,1.5812499523162842,1.618749976158142,1.5762499570846558,1.59375,1.073072075843811,856800
2003-06-16,1.5950000286102295,1.65625,1.5950000286102295,1.6487499475479126,1.1101033687591553,3298400
2003-06-17,1.662500023841858,1.777500033378601,1.658750057220459,1.7350000143051147,1.1681759357452393,7159200
2003-06-18,1.7337499856948853,1.7512500286102295,1.7062499523162842,1.7337499856948853,1.1673340797424316,1871200
2003-06-19,1.7337499856948853,1.752500057220459,1.6762499809265137,1.6924999952316284,1.139560341835022,2144800
2003-06-20,1.691249966621399,1.716249942779541,1.6799999475479126,1.6974999904632568,1.1429269313812256,643200
2003-06-23,1.7000000476837158,1.7000000476837158,1.6375000476837158,1.6375000476837158,1.102528691291809,2215200
2003-06-24,1.6375000476837158,1.683750033378601,1.6375000476837158,1.6725000143051147,1.1260944604873657,2541600
2003-06-25,1.684999942779541,1.684999942779541,1.649999976158142,1.649999976158142,1.110945224761963,876000
2003-06-26,1.6375000476837158,1.6399999856948853,1.5924999713897705,1.6174999475479126,1.0890631675720215,3217600
2003-06-27,1.6174999475479126,1.627500057220459,1.566249966621399,1.568750023841858,1.056239366531372,4385600
2003-06-30,1.568750023841858,1.621250033378601,1.566249966621399,1.6150000095367432,1.0873799324035645,7811200
2003-07-01,1.631250023841858,1.6512500047683716,1.59375,1.6487499475479126,1.1101033687591553,2725600
2003-07-02,1.649999976158142,1.7300000190734863,1.6425000429153442,1.7000000476837158,1.1446104049682617,3976000
2003-07-03,1.6875,1.6875,1.65625,1.662500023841858,1.1193615198135376,698400
2003-07-07,1.6749999523162842,1.725000023841858,1.6749999523162842,1.721250057220459,1.158917784690857,2100800
2003-07-08,1.7337499856948853,1.84375,1.716249942779541,1.8237500190734863,1.2279311418533325,7599200
2003-07-09,1.8287500143051147,1.8562500476837158,1.7987500429153442,1.8562500476837158,1.2498129606246948,2591200
2003-07-10,1.837499976158142,1.8450000286102295,1.787500023841858,1.787500023841858,1.203523874282837,2032800
2003-07-11,1.783750057220459,1.7999999523162842,1.7412500381469727,1.756250023841858,1.1824835538864136,3182400
2003-07-14,1.787500023841858,1.8324999809265137,1.787500023841858,1.7999999523162842,1.2119399309158325,2216800
2003-07-15,1.8125,1.816249966621399,1.743749976158142,1.7649999856948853,1.188374638557434,1241600
2003-07-16,1.7649999856948853,1.7675000429153442,1.7012499570846558,1.7024999856948853,1.1462934017181396,1678400
2003-07-17,1.65625,1.6875,1.622499942779541,1.6875,1.1361943483352661,6809600
2003-07-18,1.6875,1.7400000095367432,1.6612499952316284,1.693750023841858,1.14040207862854,1889600
2003-07-21,1.693750023841858,1.693750023841858,1.649999976158142,1.649999976158142,1.110945224761963,1136800
2003-07-22,1.65625,1.715000033378601,1.65625,1.715000033378601,1.154709815979004,780800
2003-07-23,1.7024999856948853,1.7024999856948853,1.6575000286102295,1.6575000286102295,1.1159948110580444,1536800
2003-07-24,1.6699999570846558,1.7087500095367432,1.6699999570846558,1.681249976158142,1.1319860219955444,3165600
2003-07-25,1.6875,1.712499976158142,1.658750057220459,1.6875,1.1361943483352661,4858400
2003-07-28,1.681249976158142,1.7687499523162842,1.681249976158142,1.7625000476837158,1.1866912841796875,1265600
2003-07-29,1.7725000381469727,1.8250000476837158,1.7337499856948853,1.78125,1.1993157863616943,1875200
2003-07-30,1.7687499523162842,1.783750057220459,1.743749976158142,1.7687499523162842,1.1908998489379883,1607200
2003-07-31,1.7687499523162842,1.7687499523162842,1.6875,1.7000000476837158,1.1446104049682617,1833600
2003-08-01,1.7012499570846558,1.7037500143051147,1.6637500524520874,1.691249966621399,1.1387184858322144,1719200
2003-08-04,1.6875,1.71875,1.6412500143051147,1.71875,1.1572346687316895,1385600
2003-08-05,1.712499976158142,1.712499976158142,1.6649999618530273,1.6749999523162842,1.1277775764465332,1742400
2003-08-06,1.65625,1.65625,1.6012500524520874,1.6375000476837158,1.102528691291809,3007200
2003-08-07,1.6375000476837158,1.6637500524520874,1.6137499809265137,1.6425000429153442,1.1058956384658813,1733600
2003-08-08,1.6475000381469727,1.659999966621399,1.590000033378601,1.590000033378601,1.070547342300415,3044800
2003-08-11,1.591249942779541,1.618749976158142,1.565000057220459,1.5824999809265137,1.0654972791671753,1729600
2003-08-12,1.5824999809265137,1.6150000095367432,1.5824999809265137,1.59375,1.073072075843811,1381600
2003-08-13,1.6062500476837158,1.6112500429153442,1.600000023841858,1.6062500476837158,1.0814884901046753,1910400
2003-08-14,1.618749976158142,1.653749942779541,1.596250057220459,1.6375000476837158,1.102528691291809,3041600
2003-08-15,1.6387499570846558,1.649999976158142,1.631250023841858,1.649999976158142,1.110945224761963,880000
2003-08-18,1.649999976158142,1.6775000095367432,1.6062500476837158,1.625,1.0941126346588135,5063200
2003-08-19,1.6875,1.8012499809265137,1.6875,1.7899999618530273,1.2052068710327148,9913600
2003-08-20,1.7687499523162842,1.871250033378601,1.75,1.846250057220459,1.243080496788025,5542400
2003-08-21,1.837499976158142,1.9787499904632568,1.8262499570846558,1.9550000429153442,1.3163018226623535,7432800
2003-08-22,2.0062499046325684,2.0487499237060547,2.0,2.0350000858306885,1.3701657056808472,4632000
2003-08-25,2.049999952316284,2.0824999809265137,2.049999952316284,2.0625,1.3886816501617432,3606400
2003-08-26,2.0250000953674316,2.049999952316284,1.9737499952316284,1.993749976158142,1.3423922061920166,4282400
2003-08-27,1.9812500476837158,2.065000057220459,1.9812500476837158,2.049999952316284,1.380265235900879,1772800
2003-08-28,2.0625,2.0899999141693115,2.038749933242798,2.0625,1.3886816501617432,2484000
2003-08-29,2.069999933242798,2.1237499713897705,2.069999933242798,2.078749895095825,1.399622917175293,1029600
2003-09-02,2.09375,2.172499895095825,2.09375,2.1624999046325684,1.4560112953186035,2410400
2003-09-03,2.174999952316284,2.2325000762939453,2.174999952316284,2.221250057220459,1.4955679178237915,3322400
2003-09-04,2.200000047683716,2.28125,2.1875,2.247499942779541,1.5132417678833008,3259200
2003-09-05,2.234999895095825,2.262500047683716,2.2225000858306885,2.25,1.514925479888916,3857600
2003-09-08,2.25,2.262500047683716,2.15625,2.2300000190734863,1.5014592409133911,3529600
2003-09-09,2.2300000190734863,2.259999990463257,2.202500104904175,2.2125000953674316,1.4896764755249023,2056800
2003-09-10,2.1937499046325684,2.197499990463257,2.1387500762939453,2.1549999713897705,1.4509613513946533,4885600
2003-09-11,2.15625,2.1837499141693115,2.0999999046325684,2.1237499713897705,1.42992103099823,2279200
2003-09-12,2.1237499713897705,2.1237499713897705,1.962499976158142,2.101249933242798,1.4147716760635376,8944000
2003-09-15,2.101249933242798,2.1737499237060547,2.101249933242798,2.1500000953674316,1.447595477104187,4904000
2003-09-16,2.161250114440918,2.161250114440918,2.0999999046325684,2.106250047683716,1.4181382656097412,2780000
2003-09-17,2.125,2.1875,2.112499952316284,2.158750057220459,1.453486680984497,1543200
2003-09-18,2.143749952316284,2.1787500381469727,2.1337499618530273,2.143749952316284,1.4433870315551758,1971200
2003-09-19,2.140000104904175,2.168750047683716,2.1387500762939453,2.143749952316284,1.4433870315551758,2948000
2003-09-22,2.1312499046325684,2.1312499046325684,2.0875000953674316,2.0975000858306885,1.4122470617294312,1579200
2003-09-23,2.0975000858306885,2.1500000953674316,2.081249952316284,2.143749952316284,1.4433870315551758,2878400
2003-09-24,2.1337499618530273,2.1500000953674316,2.043750047683716,2.047499895095825,1.3785816431045532,1897600
2003-09-25,2.047499895095825,2.1024999618530273,2.0,2.0,1.3466002941131592,2580000
2003-09-26,2.012500047683716,2.049999952316284,1.9874999523162842,2.03125,1.367640733718872,2954400
2003-09-29,2.03125,2.0399999618530273,1.9562499523162842,2.0374999046325684,1.3718490600585938,1711200
2003-09-30,2.049999952316284,2.0562500953674316,1.96875,1.9874999523162842,1.338184118270874,1328800
2003-10-01,1.9874999523162842,2.081249952316284,1.9874999523162842,2.03125,1.367640733718872,2031200
2003-10-02,2.0250000953674316,2.075000047683716,2.0250000953674316,2.072499990463257,1.3954143524169922,1287200
2003-10-03,2.0850000381469727,2.1237499713897705,2.0625,2.0850000381469727,1.4038307666778564,1417600
2003-10-06,2.0975000858306885,2.15625,2.059999942779541,2.15625,1.4518035650253296,862400
2003-10-07,2.125,2.1675000190734863,2.1075000762939453,2.15625,1.4518035650253296,1112000
2003-10-08,2.15625,2.184999942779541,2.132499933242798,2.134999990463257,1.4374957084655762,1096000
2003-10-09,2.1500000953674316,2.2074999809265137,2.1500000953674316,2.1875,1.472843885421753,1604800
2003-10-10,2.1937499046325684,2.1987500190734863,2.137500047683716,2.177500009536743,1.4661109447479248,1479200
2003-10-13,2.174999952316284,2.331249952316284,2.1624999046325684,2.3037500381469727,1.5511151552200317,4789600
2003-10-14,2.293750047683716,2.356250047683716,2.2774999141693115,2.356250047683716,1.586463451385498,2483200
2003-10-15,2.375,2.3812499046325684,2.353749990463257,2.365000009536743,1.5923547744750977,3519200
2003-10-16,2.362499952316284,2.362499952316284,2.3125,2.3399999141693115,1.5755221843719482,2020000
2003-10-17,2.3125,2.34375,2.2750000953674316,2.28125,1.5359662771224976,1344000
2003-10-20,2.2750000953674316,2.3062500953674316,2.234999895095825,2.2562499046325684,1.51913321018219,2658400
2003-10-21,2.2562499046325684,2.2699999809265137,2.2412500381469727,2.2512500286102295,1.5157670974731445,3004000
2003-10-22,2.2487499713897705,2.25,2.174999952316284,2.1937499046325684,1.477051854133606,3074400
2003-10-23,2.1500000953674316,2.2012500762939453,2.119999885559082,2.1262500286102295,1.4316045045852661,3544000
2003-10-24,2.106250047683716,2.106250047683716,1.9612499475479126,2.0087499618530273,1.3524914979934692,5844000
2003-10-27,2.0199999809265137,2.0950000286102295,2.0199999809265137,2.0850000381469727,1.4038307666778564,1797600
2003-10-28,2.109999895095825,2.2200000286102295,2.106250047683716,2.168750047683716,1.4602196216583252,2028000
2003-10-29,2.15625,2.15625,2.101249933242798,2.125,1.430762767791748,999200
2003-10-30,2.15625,2.1875,2.125,2.125,1.430762767791748,1977600
2003-10-31,2.1262500286102295,2.15625,2.0875000953674316,2.1024999618530273,1.4156135320663452,2096800
2003-11-03,2.007499933242798,2.1500000953674316,1.9249999523162842,1.9524999856948853,1.3146182298660278,8729600
2003-11-04,1.9950000047683716,2.0137500762939453,1.9824999570846558,1.9837499856948853,1.3356590270996094,5112800
2003-11-05,2.0,2.106250047683716,1.996250033378601,2.0875000953674316,1.405514121055603,4628800
2003-11-06,2.0875000953674316,2.200000047683716,2.049999952316284,2.112499952316284,1.4223464727401733,6298400
2003-11-07,2.1187500953674316,2.148750066757202,2.0999999046325684,2.0999999046325684,1.413930058479309,1880000
2003-11-10,2.101249933242798,2.101249933242798,2.0625,2.081249952316284,1.4013057947158813,2553600
2003-11-11,2.065000057220459,2.112499952316284,2.065000057220459,2.112499952316284,1.4223464727401733,3220000
2003-11-12,2.109999895095825,2.1624999046325684,2.109999895095825,2.158750057220459,1.453486680984497,2810400
2003-11-13,2.146250009536743,2.146250009536743,2.083750009536743,2.0875000953674316,1.405514121055603,2245600
2003-11-14,2.0875000953674316,2.0924999713897705,2.0,2.021250009536743,1.360908031463623,1969600
2003-11-17,2.021250009536743,2.03125,1.971250057220459,2.0,1.3466002941131592,2148800
2003-11-18,2.0,2.0537500381469727,1.8799999952316284,1.8937499523162842,1.2750619649887085,5380000
2003-11-19,1.9249999523162842,1.9674999713897705,1.8937499523162842,1.9262499809265137,1.2969443798065186,2281600
2003-11-20,1.9562499523162842,2.081249952316284,1.9562499523162842,2.0274999141693115,1.365116000175476,6318400
2003-11-21,2.052500009536743,2.072499990463257,2.012500047683716,2.021250009536743,1.360908031463623,1628800
2003-11-24,2.043750047683716,2.081249952316284,2.0250000953674316,2.0587499141693115,1.3861565589904785,1812000
2003-11-25,2.069999933242798,2.077500104904175,2.012500047683716,2.016249895095825,1.3575413227081299,2044800
2003-11-26,2.0225000381469727,2.0687499046325684,2.0137500762939453,2.0199999809265137,1.3600661754608154,1508000
2003-11-28,2.0250000953674316,2.036250114440918,2.0137500762939453,2.018749952316284,1.359224796295166,765600
2003-12-01,2.043750047683716,2.043750047683716,1.9737499952316284,1.9987499713897705,1.3457589149475098,3568000
2003-12-02,1.9874999523162842,1.9874999523162842,1.8887499570846558,1.90625,1.2834784984588623,4720800
2003-12-03,1.9249999523162842,1.943750023841858,1.9075000286102295,1.912500023841858,1.2876865863800049,3321600
2003-12-04,1.912500023841858,1.912500023841858,1.7662500143051147,1.8574999570846558,1.2506548166275024,4660800
2003-12-05,1.8450000286102295,1.8562500476837158,1.8212499618530273,1.837499976158142,1.2371889352798462,2948000
2003-12-08,1.8250000476837158,1.84375,1.8125,1.8337500095367432,1.234663963317871,1979200
2003-12-09,1.837499976158142,1.8574999570846558,1.7862499952316284,1.787500023841858,1.203523874282837,1828000
2003-12-10,1.7887500524520874,1.8200000524520874,1.784999966621399,1.8075000047683716,1.2169901132583618,2492000
2003-12-11,1.8125,1.9187500476837158,1.8125,1.912500023841858,1.2876865863800049,3736800
2003-12-12,1.899999976158142,1.9249999523162842,1.875,1.8925000429153442,1.2742204666137695,1320800
2003-12-15,1.9237500429153442,1.9287500381469727,1.7999999523162842,1.8012499809265137,1.2127820253372192,2688800
2003-12-16,1.8125,1.8674999475479126,1.8012499809265137,1.8674999475479126,1.2573878765106201,2509600
2003-12-17,1.8562500476837158,1.8574999570846558,1.818750023841858,1.837499976158142,1.2371889352798462,2261600
2003-12-18,1.850000023841858,1.9175000190734863,1.84375,1.8937499523162842,1.2750619649887085,2147200
2003-12-19,1.899999976158142,1.9487500190734863,1.8962500095367432,1.9237500429153442,1.295261025428772,2088000
2003-12-22,1.899999976158142,1.912500023841858,1.8762500286102295,1.8799999952316284,1.2658042907714844,1568800
2003-12-23,1.8862500190734863,1.966249942779541,1.8862500190734863,1.966249942779541,1.3238766193389893,1188000
2003-12-24,1.9537500143051147,1.9537500143051147,1.868749976158142,1.8737499713897705,1.2615962028503418,893600
2003-12-26,1.8937499523162842,1.899999976158142,1.875,1.8825000524520874,1.267487645149231,596000
2003-12-29,1.8949999809265137,1.9249999523162842,1.8637499809265137,1.9249999523162842,1.296102523803711,1125600
2003-12-30,1.9199999570846558,1.9500000476837158,1.9175000190734863,1.941249966621399,1.3070436716079712,1088800
2003-12-31,1.9537500143051147,1.9550000429153442,1.9137500524520874,1.9262499809265137,1.2969443798065186,1160800
2004-01-02,1.975000023841858,1.975000023841858,1.881250023841858,1.8912500143051147,1.273378849029541,1301600
2004-01-05,1.9049999713897705,2.007499933242798,1.8949999809265137,2.007499933242798,1.3516501188278198,3140800
2004-01-06,2.1212499141693115,2.3037500381469727,2.1212499141693115,2.25,1.514925479888916,10285600
2004-01-07,2.2249999046325684,2.2537500858306885,2.125,2.1312499046325684,1.4349709749221802,3737600
2004-01-08,2.2437500953674316,2.362499952316284,2.2012500762939453,2.3212499618530273,1.56289803981781,5824800
2004-01-09,2.268749952316284,2.3187499046325684,2.242500066757202,2.2462499141693115,1.5124002695083618,3762400
2004-01-12,2.247499942779541,2.262500047683716,2.216249942779541,2.244999885559082,1.5115586519241333,3532000
2004-01-13,2.244999885559082,2.244999885559082,2.1787500381469727,2.2274999618530273,1.499775767326355,1687200
2004-01-14,2.2325000762939453,2.2325000762939453,2.1887500286102295,2.197499990463257,1.4795773029327393,1610400
2004-01-15,2.2100000381469727,2.2100000381469727,2.143749952316284,2.174999952316284,1.4644274711608887,2018400
2004-01-16,2.2125000953674316,2.2125000953674316,2.171250104904175,2.1875,1.472843885421753,2268000
2004-01-20,2.177500009536743,2.2362499237060547,2.1649999618530273,2.174999952316284,1.4644274711608887,2199200
2004-01-21,2.184999942779541,2.197499990463257,2.1475000381469727,2.182499885559082,1.4694771766662598,2417600
2004-01-22,2.190000057220459,2.200000047683716,2.1262500286102295,2.151249885559082,1.448436975479126,2157600
2004-01-23,2.1575000286102295,2.1575000286102295,2.0999999046325684,2.1237499713897705,1.42992103099823,1616800
2004-01-26,2.1312499046325684,2.153749942779541,2.0799999237060547,2.1424999237060547,1.4425452947616577,2102400
2004-01-27,2.15625,2.174999952316284,2.1212499141693115,2.1312499046325684,1.4349709749221802,1401600
2004-01-28,2.127500057220459,2.1287500858306885,2.038749933242798,2.0687499046325684,1.3928896188735962,1510400
2004-01-29,2.0625,2.117500066757202,1.9912500381469727,2.0625,1.3886816501617432,2201600
2004-01-30,2.049999952316284,2.0975000858306885,2.0374999046325684,2.075000047683716,1.3970979452133179,1152000
2004-02-02,2.1262500286102295,2.1312499046325684,2.041249990463257,2.043750047683716,1.3760572671890259,2384000
2004-02-03,2.049999952316284,2.081249952316284,2.03125,2.036250114440918,1.3710076808929443,1553600
2004-02-04,2.03125,2.052500009536743,2.0087499618530273,2.0399999618530273,1.3735321760177612,2297600
2004-02-05,2.043750047683716,2.0999999046325684,2.043750047683716,2.0625,1.3886816501617432,1414400
2004-02-06,2.0875000953674316,2.177500009536743,2.083750009536743,2.177500009536743,1.4661109447479248,2170400
2004-02-09,2.168750047683716,2.168750047683716,2.09375,2.0999999046325684,1.413930058479309,2311200
2004-02-10,2.112499952316284,2.153749942779541,2.103749990463257,2.1500000953674316,1.447595477104187,1301600
2004-02-11,2.15625,2.2149999141693115,2.143749952316284,2.1875,1.472843885421753,1499200
2004-02-12,2.1887500286102295,2.200000047683716,2.180000066757202,2.1875,1.472843885421753,1062400
2004-02-13,2.200000047683716,2.200000047683716,2.140000104904175,2.1475000381469727,1.4459118843078613,1412800
2004-02-17,2.1524999141693115,2.288749933242798,2.1524999141693115,2.288749933242798,1.541015863418579,2278400
2004-02-18,2.3012499809265137,2.325000047683716,2.206249952316284,2.2562499046325684,1.51913321018219,2777600
2004-02-19,2.3062500953674316,2.3087499141693115,2.2512500286102295,2.257499933242798,1.519975185394287,2091200
2004-02-20,2.25,2.257499933242798,2.2100000381469727,2.25,1.514925479888916,1675200
2004-02-23,2.25,2.25,2.2125000953674316,2.226249933242798,1.4989343881607056,2349600
2004-02-24,2.2750000953674316,2.356250047683716,2.237499952316284,2.328749895095825,1.5679473876953125,5475200
2004-02-25,2.328749895095825,2.3712499141693115,2.307499885559082,2.331249952316284,1.5696308612823486,1902400
2004-02-26,2.25,2.3187499046325684,2.231250047683716,2.309999942779541,1.5553228855133057,2088000
2004-02-27,2.322499990463257,2.341249942779541,2.3012499809265137,2.331249952316284,1.5696308612823486,1702400
2004-03-01,2.331249952316284,2.341249942779541,2.299999952316284,2.319999933242798,1.5620561838150024,974400
2004-03-02,2.322499990463257,2.3424999713897705,2.252500057220459,2.268749952316284,1.5275496244430542,2381600
2004-03-03,2.28125,2.3162500858306885,2.233750104904175,2.286250114440918,1.5393327474594116,1089600
2004-03-04,2.2874999046325684,2.2874999046325684,2.2387499809265137,2.2512500286102295,1.5157670974731445,1819200
2004-03-05,2.231250047683716,2.276249885559082,2.2100000381469727,2.262500047683716,1.5233417749404907,823200
2004-03-08,2.2562499046325684,2.2674999237060547,2.216249942779541,2.2249999046325684,1.4980928897857666,893600
2004-03-09,2.25,2.25,2.202500104904175,2.216249942779541,1.4922012090682983,1060800
2004-03-10,2.2174999713897705,2.262500047683716,2.125,2.1337499618530273,1.436653733253479,2227200
2004-03-11,2.143749952316284,2.163749933242798,2.1075000762939453,2.1075000762939453,1.4189801216125488,1601600
2004-03-12,2.125,2.237499952316284,2.1237499713897705,2.237499952316284,1.5065090656280518,1474400
2004-03-15,2.2249999046325684,2.2249999046325684,2.1600000858306885,2.197499990463257,1.4795773029327393,1458400
2004-03-16,2.197499990463257,2.208750009536743,2.0975000858306885,2.146250009536743,1.4450703859329224,1356800
2004-03-17,2.146250009536743,2.1762499809265137,2.0637500286102295,2.108750104904175,1.4198216199874878,3562400
2004-03-18,2.112499952316284,2.112499952316284,2.075000047683716,2.091249942779541,1.4080389738082886,1796800
2004-03-19,2.103749990463257,2.143749952316284,2.09375,2.1337499618530273,1.436653733253479,2048800
2004-03-22,2.1387500762939453,2.1387500762939453,2.0612499713897705,2.0637500286102295,1.3895231485366821,1509600
2004-03-23,2.0999999046325684,2.125,2.075000047683716,2.125,1.430762767791748,1937600
2004-03-24,2.1312499046325684,2.15625,2.106250047683716,2.1237499713897705,1.42992103099823,2676000
2004-03-25,2.1500000953674316,2.1812500953674316,2.137500047683716,2.15625,1.4518035650253296,1376000
2004-03-26,2.15625,2.192500114440918,2.1549999713897705,2.184999942779541,1.471160650253296,2542400
2004-03-29,2.25,2.2987499237060547,2.237499952316284,2.266249895095825,1.5258663892745972,2706400
2004-03-30,2.262500047683716,2.265000104904175,2.216249942779541,2.244999885559082,1.5115586519241333,1578400
2004-03-31,2.2612500190734863,2.273750066757202,2.234999895095825,2.252500057220459,1.5166085958480835,1370400
2004-04-01,2.25,2.28125,2.2274999618530273,2.2412500381469727,1.5090337991714478,1200000
2004-04-02,2.2699999809265137,2.3112499713897705,2.262500047683716,2.2950000762939453,1.5452239513397217,1431200
2004-04-05,2.2950000762939453,2.315000057220459,2.283750057220459,2.307499885559082,1.5536397695541382,1612800
2004-04-06,2.2874999046325684,2.3062500953674316,2.2799999713897705,2.299999952316284,1.548590064048767,1045600
2004-04-07,2.2874999046325684,2.299999952316284,2.2674999237060547,2.2899999618530273,1.541857361793518,870400
2004-04-08,2.331249952316284,2.341249942779541,2.2987499237060547,2.302500009536743,1.5502735376358032,1216000
2004-04-12,2.299999952316284,2.328749895095825,2.291249990463257,2.3062500953674316,1.5527986288070679,578400
2004-04-13,2.3062500953674316,2.325000047683716,2.2300000190734863,2.2437500953674316,1.5107170343399048,1197600
2004-04-14,2.21875,2.286250114440918,2.182499885559082,2.2387499809265137,1.507350206375122,1248000
2004-04-15,2.2562499046325684,2.293750047683716,2.252500057220459,2.286250114440918,1.5393327474594116,863200
2004-04-16,2.268749952316284,2.305000066757202,2.2512500286102295,2.2774999141693115,1.5334413051605225,993600
2004-04-19,2.2774999141693115,2.2899999618530273,2.2462499141693115,2.283750057220459,1.5376490354537964,567200
2004-04-20,2.299999952316284,2.299999952316284,2.2487499713897705,2.2487499713897705,1.5140836238861084,713600
2004-04-21,2.2562499046325684,2.327500104904175,2.2487499713897705,2.3112499713897705,1.5561648607254028,1426400
2004-04-22,2.3112499713897705,2.3375000953674316,2.2950000762939453,2.317500114440918,1.560373067855835,1044000
2004-04-23,2.3187499046325684,2.3237500190734863,2.257499933242798,2.268749952316284,1.5275496244430542,1183200
2004-04-26,2.2874999046325684,2.2874999046325684,2.257499933242798,2.2699999809265137,1.5283913612365723,544800
2004-04-27,2.278749942779541,2.3125,2.2750000953674316,2.2850000858306885,1.538490891456604,961600
2004-04-28,2.2725000381469727,2.276249885559082,2.2462499141693115,2.2487499713897705,1.5140836238861084,1119200
2004-04-29,2.262500047683716,2.2637500762939453,2.2012500762939453,2.21875,1.4938844442367554,880000
2004-04-30,2.231250047683716,2.231250047683716,2.172499895095825,2.2012500762939453,1.4821021556854248,2173600
2004-05-03,2.1962499618530273,2.273750066757202,2.1937499046325684,2.221250057220459,1.4955679178237915,1444000
2004-05-04,2.221250057220459,2.3062500953674316,2.221250057220459,2.2725000381469727,1.5300744771957397,1389600
2004-05-05,2.265000104904175,2.2874999046325684,2.2512500286102295,2.259999990463257,1.5216588973999023,812800
2004-05-06,2.247499942779541,2.265000104904175,2.21875,2.2562499046325684,1.51913321018219,1055200
2004-05-07,2.2437500953674316,2.2562499046325684,2.1987500190734863,2.200000047683716,1.4812601804733276,1816000
2004-05-10,2.1875,2.233750104904175,2.1424999237060547,2.1500000953674316,1.447595477104187,1288800
2004-05-11,2.1812500953674316,2.2125000953674316,2.168750047683716,2.1875,1.472843885421753,2290400
2004-05-12,2.184999942779541,2.203749895095825,2.101249933242798,2.1675000190734863,1.4593778848648071,1540800
2004-05-13,2.1675000190734863,2.2149999141693115,2.125,2.15625,1.4518035650253296,1621600
2004-05-14,2.15625,2.1700000762939453,2.125,2.1337499618530273,1.436653733253479,1024000
2004-05-17,2.1237499713897705,2.125,2.057499885559082,2.0662500858306885,1.3912063837051392,1733600
2004-05-18,2.0250000953674316,2.0250000953674316,1.90625,1.96875,1.3255596160888672,5284800
2004-05-19,2.018749952316284,2.0562500953674316,1.9187500476837158,1.9375,1.3045190572738647,3824800
2004-05-20,1.9562499523162842,1.997499942779541,1.8937499523162842,1.9162499904632568,1.2902113199234009,3968000
2004-05-21,1.933750033378601,1.9424999952316284,1.9187500476837158,1.9249999523162842,1.296102523803711,2605600
2004-05-24,1.9375,1.997499942779541,1.912500023841858,1.9237500429153442,1.295261025428772,1155200
2004-05-25,1.9237500429153442,1.934999942779541,1.909999966621399,1.9249999523162842,1.296102523803711,3429600
2004-05-26,1.9287500381469727,1.9800000190734863,1.9149999618530273,1.962499976158142,1.3213516473770142,3244000
2004-05-27,1.9574999809265137,1.9874999523162842,1.9524999856948853,1.966249942779541,1.3238766193389893,1440800
2004-05-28,1.966249942779541,1.975000023841858,1.9500000476837158,1.9524999856948853,1.3146182298660278,1972000
2004-06-01,1.9524999856948853,1.9800000190734863,1.9387500286102295,1.940000057220459,1.3062022924423218,2676800
2004-06-02,1.940000057220459,1.9562499523162842,1.9362499713897705,1.9450000524520874,1.309569001197815,3504800
2004-06-03,1.9450000524520874,1.9462499618530273,1.9012500047683716,1.912500023841858,1.2876865863800049,5264800
2004-06-04,1.9249999523162842,1.9637500047683716,1.9199999570846558,1.9487500190734863,1.3120933771133423,3554400
2004-06-07,1.975000023841858,2.005000114440918,1.96875,1.993749976158142,1.3423922061920166,2432000
2004-06-08,1.9874999523162842,2.0062499046325684,1.9800000190734863,1.993749976158142,1.3423922061920166,1524000
2004-06-09,1.9874999523162842,2.0350000858306885,1.9874999523162842,2.0087499618530273,1.3524914979934692,3109600
2004-06-10,2.009999990463257,2.0112500190734863,1.9637500047683716,1.9774999618530273,1.3314509391784668,2831200
2004-06-14,1.96875,1.96875,1.9075000286102295,1.9262499809265137,1.2969443798065186,2829600
2004-06-15,1.9375,1.965000033378601,1.912500023841858,1.9249999523162842,1.296102523803711,3318400
2004-06-16,1.933750033378601,1.9774999618530273,1.931249976158142,1.972499966621399,1.3280845880508423,1603200
2004-06-17,1.9600000381469727,1.9600000381469727,1.9187500476837158,1.9387500286102295,1.3053606748580933,1549600
2004-06-18,1.940000057220459,1.941249966621399,1.877500057220459,1.878749966621399,1.2649626731872559,2098400
2004-06-21,1.8799999952316284,1.9049999713897705,1.875,1.875,1.2624379396438599,3212800
2004-06-22,1.875,1.8762500286102295,1.8125,1.8174999952316284,1.2237228155136108,4074400
2004-06-23,1.8274999856948853,1.8624999523162842,1.808750033378601,1.8550000190734863,1.248971700668335,4132000
2004-06-24,1.8612500429153442,1.868749976158142,1.8387500047683716,1.841249942779541,1.2397135496139526,2618400
2004-06-25,1.8537499904632568,1.8875000476837158,1.815000057220459,1.8875000476837158,1.2708539962768555,4368000
2004-06-28,1.8875000476837158,1.90625,1.868749976158142,1.8762500286102295,1.2632791996002197,1071200
2004-06-29,1.8912500143051147,1.8937499523162842,1.8600000143051147,1.8624999523162842,1.254021406173706,951200
2004-06-30,1.878749966621399,1.9162499904632568,1.8700000047683716,1.902500033378601,1.2809535264968872,2249600
2004-07-01,1.902500033378601,1.912500023841858,1.8337500095367432,1.850000023841858,1.2456051111221313,1580800
2004-07-02,1.8624999523162842,1.8825000524520874,1.846250057220459,1.8574999570846558,1.2506548166275024,1110400
2004-07-06,1.8587499856948853,1.881250023841858,1.8212499618530273,1.84375,1.2413970232009888,1435200
2004-07-07,1.8350000381469727,1.875,1.8224999904632568,1.8224999904632568,1.227089524269104,2023200
2004-07-08,1.8224999904632568,1.8424999713897705,1.806249976158142,1.837499976158142,1.2371889352798462,2152000
2004-07-09,1.8312499523162842,1.8537499904632568,1.7962499856948853,1.850000023841858,1.2456051111221313,1757600
2004-07-12,1.837499976158142,1.875,1.816249966621399,1.875,1.2624379396438599,1244000
2004-07-13,1.877500057220459,1.9187500476837158,1.8762500286102295,1.8925000429153442,1.2742204666137695,3024800
2004-07-14,1.8875000476837158,1.912500023841858,1.875,1.8937499523162842,1.2750619649887085,2243200
2004-07-15,1.8849999904632568,1.9049999713897705,1.878749966621399,1.8862500190734863,1.270012378692627,2975200
2004-07-16,1.8912500143051147,1.8912500143051147,1.8487499952316284,1.881250023841858,1.266645908355713,1953600
2004-07-19,1.8762500286102295,1.8887499570846558,1.8487499952316284,1.850000023841858,1.2456051111221313,1305600
2004-07-20,1.837499976158142,1.912500023841858,1.8262499570846558,1.8975000381469727,1.2775870561599731,1123200
2004-07-21,1.9187500476837158,1.9900000095367432,1.9012500047683716,1.940000057220459,1.3062022924423218,3187200
2004-07-22,1.9375,1.941249966621399,1.8875000476837158,1.9187500476837158,1.291894793510437,1840800
2004-07-23,1.908750057220459,1.908750057220459,1.8125,1.8200000524520874,1.225406289100647,2850400
2004-07-26,1.8312499523162842,1.846250057220459,1.8212499618530273,1.8212499618530273,1.226248025894165,1063200
2004-07-27,1.8312499523162842,1.912500023841858,1.8262499570846558,1.9112499952316284,1.2868449687957764,1923200
2004-07-28,1.899999976158142,1.899999976158142,1.875,1.8887499570846558,1.2716954946517944,1484800
2004-07-29,1.8949999809265137,1.9287500381469727,1.8937499523162842,1.9237500429153442,1.295261025428772,948800
2004-07-30,1.9187500476837158,1.9375,1.9112499952316284,1.9249999523162842,1.296102523803711,649600
2004-08-02,1.9149999618530273,1.9612499475479126,1.90625,1.9600000381469727,1.3196685314178467,728000
2004-08-03,1.9462499618530273,1.966249942779541,1.9049999713897705,1.912500023841858,1.2876865863800049,2539200
2004-08-04,1.912500023841858,1.9375,1.8887499570846558,1.899999976158142,1.2792701721191406,1422400
2004-08-05,1.8937499523162842,1.9012500047683716,1.8612500429153442,1.868749976158142,1.2582297325134277,1144000
2004-08-06,1.850000023841858,1.8799999952316284,1.808750033378601,1.875,1.2624379396438599,2006400
2004-08-09,1.875,1.90625,1.850000023841858,1.8587499856948853,1.251496434211731,1792800
2004-08-10,1.871250033378601,1.9375,1.871250033378601,1.8862500190734863,1.270012378692627,817600
2004-08-11,1.8875000476837158,1.9049999713897705,1.8637499809265137,1.8799999952316284,1.2658042907714844,982400
2004-08-12,1.868749976158142,1.8899999856948853,1.8324999809265137,1.8637499809265137,1.2548631429672241,961600
2004-08-13,1.868749976158142,1.8925000429153442,1.8524999618530273,1.875,1.2624379396438599,681600
2004-08-16,1.8624999523162842,1.9874999523162842,1.8624999523162842,1.975000023841858,1.3297679424285889,2464800
2004-08-17,1.9812500476837158,2.028749942779541,1.962499976158142,2.0062499046325684,1.3508083820343018,5612000
2004-08-18,2.0012500286102295,2.09375,1.9900000095367432,2.0924999713897705,1.4088804721832275,1912000
2004-08-19,2.077500104904175,2.148750066757202,2.0587499141693115,2.143749952316284,1.4433870315551758,3917600
2004-08-20,2.168750047683716,2.202500104904175,2.096250057220459,2.125,1.430762767791748,3558400
2004-08-23,2.1312499046325684,2.134999990463257,2.0762500762939453,2.091249942779541,1.4080389738082886,923200
2004-08-24,2.0950000286102295,2.1500000953674316,2.0950000286102295,2.119999885559082,1.4273957014083862,1626400
2004-08-25,2.119999885559082,2.1337499618530273,2.109999895095825,2.125,1.430762767791748,743200
2004-08-26,2.1187500953674316,2.132499933242798,2.101249933242798,2.108750104904175,1.4198216199874878,623200
2004-08-27,2.1187500953674316,2.1337499618530273,2.109999895095825,2.1237499713897705,1.42992103099823,968000
2004-08-30,2.117500066757202,2.168750047683716,2.108750104904175,2.1387500762939453,1.4400207996368408,1219200
2004-08-31,2.143749952316284,2.1475000381469727,2.0875000953674316,2.0950000286102295,1.4105637073516846,1634400
2004-09-01,2.0950000286102295,2.146250009536743,2.0950000286102295,2.117500066757202,1.4257128238677979,1335200
2004-09-02,2.117500066757202,2.1675000190734863,2.117500066757202,2.1624999046325684,1.4560112953186035,988000
2004-09-03,2.1624999046325684,2.1624999046325684,2.0999999046325684,2.1575000286102295,1.4526453018188477,797600
2004-09-07,2.163749933242798,2.1812500953674316,2.125,2.166249990463257,1.4585363864898682,762400
2004-09-08,2.171250104904175,2.1862499713897705,2.1287500858306885,2.130000114440918,1.434129238128662,520800
2004-09-09,2.134999990463257,2.1675000190734863,2.125,2.1575000286102295,1.4526453018188477,684000
2004-09-10,2.151249885559082,2.1762499809265137,2.137500047683716,2.1549999713897705,1.4509613513946533,618400
2004-09-13,2.1549999713897705,2.197499990463257,2.1549999713897705,2.166249990463257,1.4585363864898682,1047200
2004-09-14,2.148750066757202,2.216249942779541,2.1475000381469727,2.1812500953674316,1.4686357975006104,837600
2004-09-15,2.1649999618530273,2.211250066757202,2.1649999618530273,2.1912500858306885,1.475368857383728,900800
2004-09-16,2.1987500190734863,2.2300000190734863,2.1937499046325684,2.2225000858306885,1.4964097738265991,697600
2004-09-17,2.2412500381469727,2.34375,2.1875,2.34375,1.5780470371246338,3007200
2004-09-20,2.2874999046325684,2.3125,2.2437500953674316,2.262500047683716,1.5233417749404907,1695200
2004-09-21,2.268749952316284,2.3125,2.2562499046325684,2.3125,1.5570068359375,1024800
2004-09-22,2.3125,2.315000057220459,2.231250047683716,2.2750000953674316,1.5317580699920654,1588800
2004-09-23,2.2750000953674316,2.2774999141693115,2.2225000858306885,2.231250047683716,1.5023010969161987,1520000
2004-09-24,2.234999895095825,2.286250114440918,2.2200000286102295,2.28125,1.5359662771224976,1889600
2004-09-27,2.2750000953674316,2.2774999141693115,2.237499952316284,2.240000009536743,1.5081924200057983,750400
2004-09-28,2.240000009536743,2.2437500953674316,2.208750009536743,2.2225000858306885,1.4964097738265991,1472000
2004-09-29,2.206249952316284,2.2725000381469727,2.206249952316284,2.271250009536743,1.5292329788208008,1319200
2004-09-30,2.271250009536743,2.3187499046325684,2.262500047683716,2.3137500286102295,1.5578479766845703,2827200
2004-10-01,2.317500114440918,2.3662500381469727,2.309999942779541,2.365000009536743,1.5923547744750977,2232000
2004-10-04,2.375,2.5112500190734863,2.3262500762939453,2.4937500953674316,1.6790425777435303,7313600
2004-10-05,2.4749999046325684,2.557499885559082,2.4749999046325684,2.528749942779541,1.7026078701019287,2984800
2004-10-06,2.5199999809265137,2.5425000190734863,2.4412500858306885,2.4862499237060547,1.67399263381958,4059200
2004-10-07,2.424999952316284,2.4262499809265137,2.2750000953674316,2.365000009536743,1.5923547744750977,7043200
2004-10-08,2.3637499809265137,2.3837499618530273,2.331249952316284,2.3399999141693115,1.5755221843719482,3828800
2004-10-11,2.351249933242798,2.408750057220459,2.3375000953674316,2.390000104904175,1.6091872453689575,2159200
2004-10-12,2.390000104904175,2.411250114440918,2.3399999141693115,2.4000000953674316,1.6159204244613647,2926400
2004-10-13,2.4124999046325684,2.430000066757202,2.351249933242798,2.356250047683716,1.586463451385498,1616000
2004-10-14,2.356250047683716,2.3575000762939453,2.291249990463257,2.3062500953674316,1.5527986288070679,3718400
2004-10-15,2.309999942779541,2.424999952316284,2.3087499141693115,2.3862500190734863,1.6066621541976929,3322400
2004-10-18,2.3812499046325684,2.3949999809265137,2.359999895095825,2.387500047683716,1.6075042486190796,2380800
2004-10-19,2.391249895095825,2.424999952316284,2.358750104904175,2.3662500381469727,1.5931962728500366,1657600
2004-10-20,2.3499999046325684,2.3924999237060547,2.333750009536743,2.3924999237060547,1.6108704805374146,1814400
2004-10-21,2.398750066757202,2.452500104904175,2.3812499046325684,2.434999942779541,1.6394855976104736,1550400
2004-10-22,2.4287500381469727,2.4437499046325684,2.3762500286102295,2.408750057220459,1.6218116283416748,908800
2004-10-25,2.396250009536743,2.401249885559082,2.372499942779541,2.4000000953674316,1.6159204244613647,1267200
2004-10-26,2.393749952316284,2.4437499046325684,2.393749952316284,2.4312500953674316,1.6369609832763672,2827200
2004-10-27,2.4375,2.5250000953674316,2.424999952316284,2.5012500286102295,1.6840919256210327,2916000
2004-10-28,2.5,2.5274999141693115,2.476249933242798,2.487499952316284,1.674834132194519,1605600
2004-10-29,2.481250047683716,2.487499952316284,2.416249990463257,2.4487500190734863,1.648743987083435,3236000
2004-11-01,2.450000047683716,2.483750104904175,2.450000047683716,2.476249933242798,1.667259693145752,948000
2004-11-02,2.4749999046325684,2.5299999713897705,2.46875,2.507499933242798,1.6883001327514648,2162400
2004-11-03,2.515000104904175,2.538749933242798,2.483750104904175,2.494999885559082,1.6798840761184692,3718400
2004-11-04,2.490000009536743,2.559999942779541,2.456249952316284,2.5374999046325684,1.7084989547729492,2680800
2004-11-05,2.6812500953674316,2.7100000381469727,2.625,2.6912500858306885,1.8120194673538208,8309600
2004-11-08,2.8499999046325684,2.8887500762939453,2.7799999713897705,2.856250047683716,1.9231138229370117,7368800
2004-11-09,2.856250047683716,2.8575000762939453,2.7487499713897705,2.7487499713897705,1.8507332801818848,7088800
2004-11-10,2.75,2.75,2.668750047683716,2.674999952316284,1.8010778427124023,5512800
2004-11-11,2.6875,2.700000047683716,2.583750009536743,2.6737499237060547,1.8002362251281738,9748000
2004-11-12,2.700000047683716,2.9387500286102295,2.700000047683716,2.9375,1.9778189659118652,16881600
2004-11-15,2.862499952316284,2.893749952316284,2.7874999046325684,2.893749952316284,1.9483624696731567,19627200
2004-11-16,2.887500047683716,2.8949999809265137,2.757499933242798,2.788749933242798,1.8776658773422241,9755200
2004-11-17,2.7799999713897705,2.8550000190734863,2.75,2.75,1.8515756130218506,8394400
2004-11-18,2.7437500953674316,2.7437500953674316,2.6887500286102295,2.737499952316284,1.8431588411331177,6096000
2004-11-19,2.6812500953674316,2.6812500953674316,2.5587499141693115,2.567500114440918,1.728698492050171,12897600
2004-11-22,2.5625,2.583750009536743,2.461250066757202,2.473750114440918,1.6655763387680054,10712800
2004-11-23,2.5587499141693115,2.6937499046325684,2.549999952316284,2.575000047683716,1.7337478399276733,14652800
2004-11-24,2.606250047683716,2.684999942779541,2.596250057220459,2.684999942779541,1.80781090259552,7044800
2004-11-26,2.684999942779541,2.7225000858306885,2.6762499809265137,2.7125000953674316,1.8263267278671265,1196000
2004-11-29,2.75,2.75,2.668750047683716,2.668750047683716,1.7968697547912598,3623200
2004-11-30,2.6875,2.737499952316284,2.6362500190734863,2.6362500190734863,1.7749872207641602,4353600
2004-12-01,2.648750066757202,2.661250114440918,2.6187500953674316,2.637500047683716,1.7758289575576782,4403200
2004-12-02,2.640000104904175,2.672499895095825,2.6162500381469727,2.632499933242798,1.7724628448486328,2610400
2004-12-03,2.612499952316284,2.6312499046325684,2.588749885559082,2.625,1.7674129009246826,4351200
2004-12-06,2.6312499046325684,2.661250114440918,2.625,2.630000114440918,1.7707792520523071,2752800
2004-12-07,2.627500057220459,2.648750066757202,2.615000009536743,2.637500047683716,1.7758289575576782,2380800
2004-12-08,2.6500000953674316,2.677500009536743,2.619999885559082,2.677500009536743,1.802761435508728,4167200
2004-12-09,2.668750047683716,2.6937499046325684,2.5562500953674316,2.677500009536743,1.802761435508728,5212800
2004-12-10,2.6624999046325684,2.708750009536743,2.5999999046325684,2.706249952316284,1.822118878364563,6703200
2004-12-13,2.71875,2.731250047683716,2.658750057220459,2.6875,1.809494137763977,2736800
2004-12-14,2.6875,2.697499990463257,2.625,2.653749942779541,1.786769986152649,4604000
2004-12-15,2.6649999618530273,2.668750047683716,2.6337499618530273,2.6575000286102295,1.7892950773239136,3222400
2004-12-16,2.668750047683716,2.6937499046325684,2.6475000381469727,2.6837499141693115,1.8069695234298706,2415200
2004-12-17,2.6837499141693115,2.6837499141693115,2.6075000762939453,2.643749952316284,1.7800372838974,1572000
2004-12-20,2.648750066757202,2.6600000858306885,2.5850000381469727,2.627500057220459,1.7690961360931396,3081600
2004-12-21,2.625,2.6500000953674316,2.5999999046325684,2.6500000953674316,1.7842457294464111,2907200
2004-12-22,2.6549999713897705,2.75,2.6500000953674316,2.7412500381469727,1.8456835746765137,3844000
2004-12-23,2.742500066757202,2.752500057220459,2.6700000762939453,2.682499885559082,1.8061277866363525,2253600
2004-12-27,2.713749885559082,2.75,2.6575000286102295,2.6649999618530273,1.7943449020385742,2680000
2004-12-28,2.666249990463257,2.793750047683716,2.663749933242798,2.78125,1.8726156949996948,3252800
2004-12-29,2.78125,2.799999952316284,2.759999990463257,2.791249990463257,1.8793492317199707,2148000
2004-12-30,2.8187499046325684,2.825000047683716,2.788749933242798,2.807499885559082,1.8902907371520996,1840000
2004-12-31,2.8125,2.819999933242798,2.793750047683716,2.7950000762939453,1.881873607635498,1420800
2005-01-03,2.8687500953674316,2.8687500953674316,2.6575000286102295,2.6912500858306885,1.8120194673538208,4844800
2005-01-04,2.6912500858306885,2.7012500762939453,2.5662500858306885,2.6624999046325684,1.792661428451538,4378400
2005-01-05,2.637500047683716,2.6812500953674316,2.6287500858306885,2.6600000858306885,1.7909785509109497,3254400
2005-01-06,2.6600000858306885,2.668750047683716,2.643749952316284,2.643749952316284,1.7800372838974,4820800
2005-01-07,2.487499952316284,2.487499952316284,2.34375,2.4437499046325684,1.6453769207000732,29349600
2005-01-10,2.4262499809265137,2.450000047683716,2.413749933242798,2.424999952316284,1.6327526569366455,9423200
2005-01-11,2.424999952316284,2.4262499809265137,2.391249895095825,2.393749952316284,1.6117122173309326,3978400
2005-01-12,2.4000000953674316,2.4000000953674316,2.3575000762939453,2.380000114440918,1.602454423904419,3815200
2005-01-13,2.375,2.391249895095825,2.365000009536743,2.372499942779541,1.5974045991897583,4097600
2005-01-14,2.3687500953674316,2.3975000381469727,2.3662500381469727,2.3812499046325684,1.603295922279358,2755200
2005-01-18,2.382499933242798,2.4149999618530273,2.369999885559082,2.4149999618530273,1.6260197162628174,3188000
2005-01-19,2.413749933242798,2.4487500190734863,2.3887500762939453,2.4200000762939453,1.6293865442276,4810400
2005-01-20,2.4075000286102295,2.4287500381469727,2.396250009536743,2.396250009536743,1.6133955717086792,2950400
2005-01-21,2.4000000953674316,2.4049999713897705,2.3687500953674316,2.387500047683716,1.6075042486190796,2614400
2005-01-24,2.3862500190734863,2.387500047683716,2.319999933242798,2.3350000381469727,1.5721557140350342,2801600
2005-01-25,2.333750009536743,2.367500066757202,2.328749895095825,2.336250066757202,1.5729970932006836,4086400
2005-01-26,2.338749885559082,2.396250009536743,2.338749885559082,2.390000104904175,1.6091872453689575,1232000
2005-01-27,2.3924999237060547,2.40625,2.375,2.4049999713897705,1.6192865371704102,1806400
2005-01-28,2.377500057220459,2.3949999809265137,2.3424999713897705,2.3499999046325684,1.5822553634643555,4199200
2005-01-31,2.362499952316284,2.393749952316284,2.359999895095825,2.3862500190734863,1.6066621541976929,2201600
2005-02-01,2.3812499046325684,2.416249990463257,2.3812499046325684,2.408750057220459,1.6218116283416748,2048000
2005-02-02,2.418750047683716,2.507499933242798,2.416249990463257,2.505000114440918,1.6866170167922974,4252800
2005-02-03,2.5,2.5,2.432499885559082,2.4512500762939453,1.650427222251892,4172800
2005-02-04,2.4437499046325684,2.478749990463257,2.4375,2.4574999809265137,1.6546348333358765,1685600
2005-02-07,2.4512500762939453,2.4512500762939453,2.4312500953674316,2.4375,1.6411685943603516,3222400
2005-02-08,2.424999952316284,2.442500114440918,2.4175000190734863,2.4375,1.6411685943603516,2110400
2005-02-09,2.4312500953674316,2.456249952316284,2.390000104904175,2.390000104904175,1.6091872453689575,919200
2005-02-10,2.396250009536743,2.40625,2.365000009536743,2.365000009536743,1.5923547744750977,1378400
2005-02-11,2.375,2.4100000858306885,2.348750114440918,2.393749952316284,1.6117122173309326,1637600
2005-02-14,2.398750066757202,2.4149999618530273,2.3837499618530273,2.40625,1.6201281547546387,1470400
2005-02-15,2.418750047683716,2.461250066757202,2.4000000953674316,2.461250066757202,1.6571600437164307,1599200
2005-02-16,2.4574999809265137,2.476249933242798,2.4462499618530273,2.4625000953674316,1.65800142288208,2590400
2005-02-17,2.4749999046325684,2.490000009536743,2.4462499618530273,2.4700000286102295,1.6630512475967407,1955200
2005-02-18,2.4800000190734863,2.484999895095825,2.4049999713897705,2.4412500858306885,1.6436940431594849,1799200
2005-02-22,2.4412500858306885,2.444999933242798,2.3350000381469727,2.338749885559082,1.5746804475784302,1946400
2005-02-23,2.3612499237060547,2.365000009536743,2.3424999713897705,2.3550000190734863,1.585621953010559,936000
2005-02-24,2.362499952316284,2.375,2.3162500858306885,2.325000047683716,1.565422773361206,1944000
2005-02-25,2.3187499046325684,2.4124999046325684,2.3187499046325684,2.403749942779541,1.6184453964233398,1598400
2005-02-28,2.4000000953674316,2.4487500190734863,2.4000000953674316,2.4262499809265137,1.633594274520874,1068000
2005-03-01,2.450000047683716,2.5625,2.424999952316284,2.533750057220459,1.7059743404388428,3182400
2005-03-02,2.533750057220459,2.5450000762939453,2.5087499618530273,2.5350000858306885,1.7068157196044922,2640000
2005-03-03,2.559999942779541,2.5625,2.5062499046325684,2.543750047683716,1.7127071619033813,2439200
2005-03-04,2.547499895095825,2.586250066757202,2.538749933242798,2.586250066757202,1.741322636604309,1810400
2005-03-07,2.59375,2.6312499046325684,2.567500114440918,2.601249933242798,1.7514221668243408,1349600
2005-03-08,2.601249933242798,2.601249933242798,2.5662500858306885,2.5662500858306885,1.7278566360473633,1009600
2005-03-09,2.567500114440918,2.567500114440918,2.5250000953674316,2.5325000286102295,1.7051324844360352,2252800
2005-03-10,2.538749933242798,2.5425000190734863,2.5199999809265137,2.5374999046325684,1.7084989547729492,1504800
2005-03-11,2.543750047683716,2.5537500381469727,2.526249885559082,2.536250114440918,1.707657814025879,3028000
2005-03-14,2.4962499141693115,2.5137500762939453,2.450000047683716,2.4574999809265137,1.6546348333358765,5665600
2005-03-15,2.456249952316284,2.6600000858306885,2.450000047683716,2.648750066757202,1.7834038734436035,6571200
2005-03-16,2.648750066757202,2.6500000953674316,2.5875000953674316,2.5999999046325684,1.7505803108215332,1516000
2005-03-17,2.5875000953674316,2.6424999237060547,2.586250066757202,2.6287500858306885,1.7699376344680786,2931200
2005-03-18,2.65625,2.668750047683716,2.6137499809265137,2.627500057220459,1.7690961360931396,1794400
2005-03-21,2.627500057220459,2.627500057220459,2.5537500381469727,2.5762500762939453,1.7345894575119019,2173600
2005-03-22,2.5137500762939453,2.5374999046325684,2.424999952316284,2.4375,1.6411685943603516,8909600
2005-03-23,2.625,2.797499895095825,2.6050000190734863,2.7437500953674316,1.8473674058914185,17444800
2005-03-24,2.7750000953674316,2.8687500953674316,2.716249942779541,2.8187499046325684,1.8978639841079712,6767200
2005-03-28,2.882499933242798,2.952500104904175,2.877500057220459,2.927500009536743,1.9710863828659058,8504000
2005-03-29,2.8787500858306885,2.930000066757202,2.819999933242798,2.8212499618530273,1.899548053741455,3860000
2005-03-30,2.8125,2.848750114440918,2.783750057220459,2.8399999141693115,1.9121726751327515,2196000
2005-03-31,2.831249952316284,2.841249942779541,2.7537500858306885,2.7699999809265137,1.8650412559509277,1920000
2005-04-01,2.8012499809265137,2.8125,2.694999933242798,2.721250057220459,1.8322176933288574,2340000
2005-04-04,2.731250047683716,2.731250047683716,2.6787500381469727,2.7225000858306885,1.833059310913086,2744800
2005-04-05,2.737499952316284,2.7637500762939453,2.721250057220459,2.7637500762939453,1.8608328104019165,2912800
2005-04-06,2.762500047683716,2.7987499237060547,2.7387499809265137,2.7412500381469727,1.8456835746765137,1942400
2005-04-07,2.728749990463257,2.757499933242798,2.6837499141693115,2.7487499713897705,1.8507332801818848,2375200
2005-04-08,2.7562499046325684,2.783750057220459,2.7225000858306885,2.7225000858306885,1.833059310913086,2092000
2005-04-11,2.731250047683716,2.731250047683716,2.668750047683716,2.6887500286102295,1.810335636138916,1980800
2005-04-12,2.6937499046325684,2.7587499618530273,2.668750047683716,2.7437500953674316,1.8473674058914185,2481600
2005-04-13,2.737499952316284,2.744999885559082,2.6887500286102295,2.690000057220459,1.8111772537231445,1120800
2005-04-14,2.6912500858306885,2.713749885559082,2.5924999713897705,2.6137499809265137,1.7598379850387573,1500000
2005-04-15,2.6137499809265137,2.7100000381469727,2.6137499809265137,2.7012500762939453,1.8187521696090698,4920000
2005-04-18,2.674999952316284,3.2125000953674316,2.5999999046325684,2.963749885559082,1.9954934120178223,62324800
2005-04-19,2.9937500953674316,3.03125,2.952500104904175,3.012500047683716,2.0283167362213135,9079200
2005-04-20,3.0,3.03125,2.8975000381469727,2.927500009536743,1.9710863828659058,6829600
2005-04-21,2.9462499618530273,3.0,2.9437499046325684,2.990000009536743,2.013166904449463,6945600
2005-04-22,2.96875,2.981250047683716,2.9387500286102295,2.956249952316284,1.990443229675293,10447200
2005-04-25,2.9574999809265137,3.0487499237060547,2.956249952316284,3.0450000762939453,2.050198793411255,8039200
2005-04-26,3.046250104904175,3.0924999713897705,3.0062499046325684,3.072499990463257,2.068714141845703,6420000
2005-04-27,3.047499895095825,3.067500114440918,3.0012500286102295,3.0587499141693115,2.0594568252563477,6429600
2005-04-28,3.0512499809265137,3.1162500381469727,3.043750047683716,3.0662500858306885,2.0645058155059814,7337600
2005-04-29,3.072499990463257,3.109999895095825,3.0374999046325684,3.0762500762939453,2.071239471435547,3612000
2005-05-02,3.0875000953674316,3.2300000190734863,3.077500104904175,3.2049999237060547,2.1579270362854004,4989600
2005-05-03,3.1937499046325684,3.247499942779541,3.1524999141693115,3.1875,2.146144151687622,7068000
2005-05-04,3.172499895095825,3.2387499809265137,3.1237499713897705,3.143749952316284,2.116687536239624,4074400
2005-05-05,3.1500000953674316,3.2750000953674316,3.140000104904175,3.2249999046325684,2.1713926792144775,4544800
2005-05-06,3.206249952316284,3.2537500858306885,3.182499885559082,3.228749990463257,2.173917531967163,2811200
2005-05-09,3.21875,3.2437500953674316,3.1875,3.21875,2.167185068130493,2540800
2005-05-10,3.2225000858306885,3.2300000190734863,3.1875,3.2074999809265137,2.1596102714538574,4499200
2005-05-11,3.2125000953674316,3.2249999046325684,3.168750047683716,3.216249942779541,2.165501594543457,2894400
2005-05-12,3.21875,3.2612500190734863,3.194999933242798,3.2249999046325684,2.1713926792144775,5621600
2005-05-13,3.2174999713897705,3.2249999046325684,3.1500000953674316,3.1862499713897705,2.1453025341033936,5629600
2005-05-16,3.206249952316284,3.228749990463257,3.1737499237060547,3.208750009536743,2.160451889038086,2190400
2005-05-17,3.2174999713897705,3.2925000190734863,3.184999942779541,3.2750000953674316,2.205057382583618,4449600
2005-05-18,3.2874999046325684,3.403749942779541,3.276249885559082,3.396250009536743,2.2866954803466797,5760000
2005-05-19,3.450000047683716,3.5225000381469727,3.424999952316284,3.502500057220459,2.35823392868042,5181600
2005-05-20,3.512500047683716,3.5174999237060547,3.450000047683716,3.502500057220459,2.35823392868042,3736800
2005-05-23,3.5250000953674316,3.632499933242798,3.523750066757202,3.567500114440918,2.401998281478882,9228000
2005-05-24,3.7437500953674316,3.891249895095825,3.6575000286102295,3.71875,2.5038352012634277,19811200
2005-05-25,3.7249999046325684,3.726249933242798,3.5374999046325684,3.5737500190734863,2.4062063694000244,6977600
2005-05-26,3.578749895095825,3.690000057220459,3.549999952316284,3.6837499141693115,2.480268955230713,5831200
2005-05-27,3.75,3.755000114440918,3.6875,3.733750104904175,2.513934850692749,5091200
2005-05-31,3.7437500953674316,3.757499933242798,3.6449999809265137,3.6449999809265137,2.454179048538208,4625600
2005-06-01,3.6500000953674316,3.7874999046325684,3.609999895095825,3.755000114440918,2.5282418727874756,9328800
2005-06-02,3.7562499046325684,3.8062500953674316,3.755000114440918,3.762500047683716,2.533291816711426,5056800
2005-06-03,3.78125,3.9487500190734863,3.7799999713897705,3.884999990463257,2.6157710552215576,10910400
2005-06-06,3.9000000953674316,4.087500095367432,3.838749885559082,4.066249847412109,2.737806558609009,11956800
2005-06-07,4.131249904632568,4.137499809265137,3.966249942779541,4.003749847412109,2.695725202560425,10453600
2005-06-08,4.06125020980835,4.06125020980835,3.8787500858306885,3.9000000953674316,2.625870704650879,10082400
2005-06-09,4.006249904632568,4.047500133514404,3.9124999046325684,4.036250114440918,2.7176074981689453,13045600
2005-06-10,4.09375,4.121250152587891,4.06374979019165,4.096250057220459,2.758005142211914,5294400
2005-06-13,4.103750228881836,4.103750228881836,4.06374979019165,4.074999809265137,2.7436981201171875,5081600
2005-06-14,4.087500095367432,4.116250038146973,3.932499885559082,4.047500133514404,2.725182294845581,8160000
2005-06-15,4.047500133514404,4.195000171661377,4.03125,4.190000057220459,2.821127414703369,5979200
2005-06-16,4.24875020980835,4.287499904632568,4.074999809265137,4.12375020980835,2.776521682739258,5376800
2005-06-17,4.133749961853027,4.1875,4.118750095367432,4.133749961853027,2.7832541465759277,5526400
2005-06-20,4.133749961853027,4.136250019073486,4.006249904632568,4.048749923706055,2.7260234355926514,4430400
2005-06-21,4.043749809265137,4.081250190734863,3.992500066757202,4.006249904632568,2.697408437728882,3296000
2005-06-22,4.006249904632568,4.068749904632568,3.9749999046325684,4.0625,2.735281467437744,5134400
2005-06-23,4.068749904632568,4.121250152587891,4.052499771118164,4.0625,2.735281467437744,4787200
2005-06-24,4.073750019073486,4.074999809265137,4.012499809265137,4.012499809265137,2.7016167640686035,5144800
2005-06-27,4.025000095367432,4.025000095367432,3.9437499046325684,3.947499990463257,2.6578526496887207,2436000
2005-06-28,4.0,4.068749904632568,3.987499952316284,4.052499771118164,2.728548765182495,4951200
2005-06-29,4.065000057220459,4.071249961853027,4.037499904632568,4.058750152587891,2.7327568531036377,3894400
2005-06-30,4.0625,4.144999980926514,4.0625,4.088749885559082,2.752955675125122,3630400
2005-07-01,4.088749885559082,4.125,4.06374979019165,4.101250171661377,2.7613720893859863,2636000
2005-07-05,4.03125,4.136250019073486,3.9962499141693115,4.136250019073486,2.7849373817443848,5974400
2005-07-06,4.15625,4.24875020980835,4.151249885559082,4.203750133514404,2.830385446548462,4544000
2005-07-07,4.201250076293945,4.28125,4.128749847412109,4.277500152587891,2.8800415992736816,3616000
2005-07-08,4.306250095367432,4.401249885559082,4.304999828338623,4.394999980926514,2.9591546058654785,4782400
2005-07-11,4.456250190734863,4.457499980926514,4.403749942779541,4.433750152587891,2.9852454662323,4837600
2005-07-12,4.474999904632568,4.521249771118164,4.442500114440918,4.462500095367432,3.0046021938323975,4825600
2005-07-13,4.485000133514404,4.497499942779541,4.37624979019165,4.434999942779541,2.9860870838165283,6147200
2005-07-14,4.4375,4.491250038146973,4.413750171661377,4.421249866485596,2.9768290519714355,4058400
2005-07-15,4.425000190734863,4.443749904632568,4.361249923706055,4.398749828338623,2.9616785049438477,3233600
2005-07-18,4.397500038146973,4.402500152587891,4.320000171661377,4.372499942779541,2.944005012512207,4751200
2005-07-19,4.387499809265137,4.402500152587891,4.364999771118164,4.372499942779541,2.944005012512207,5283200
2005-07-20,4.37375020980835,4.422500133514404,4.37375020980835,4.409999847412109,2.9692540168762207,2126400
2005-07-21,4.408750057220459,4.434999942779541,4.349999904632568,4.377500057220459,2.947371244430542,2002400
2005-07-22,4.371250152587891,4.375,4.28000020980835,4.304999828338623,2.89855694770813,3260000
2005-07-25,4.300000190734863,4.332499980926514,4.266250133514404,4.272500038146973,2.8766748905181885,2082400
2005-07-26,4.206250190734863,4.284999847412109,4.102499961853027,4.256249904632568,2.8657338619232178,10003200
2005-07-27,4.3125,4.372499942779541,4.300000190734863,4.369999885559082,2.942321300506592,5293600
2005-07-28,4.369999885559082,4.4375,4.369999885559082,4.418749809265137,2.975144386291504,4013600
2005-07-29,4.428750038146973,4.441249847412109,4.28125,4.293749809265137,2.8909823894500732,4046400
2005-08-01,4.318749904632568,4.323750019073486,4.255000114440918,4.263750076293945,2.870783805847168,4022400
2005-08-02,4.275000095367432,4.349999904632568,4.266250133514404,4.337500095367432,2.9204392433166504,3236800
2005-08-03,4.337500095367432,4.337500095367432,4.276249885559082,4.288750171661377,2.887615919113159,2520000
2005-08-04,4.289999961853027,4.289999961853027,4.179999828338623,4.183750152587891,2.8169190883636475,2731200
2005-08-05,4.168749809265137,4.18625020980835,3.9625000953674316,4.025000095367432,2.7100329399108887,8782400
2005-08-08,4.03125,4.081250190734863,4.012499809265137,4.026249885559082,2.710874319076538,2602400
2005-08-09,4.034999847412109,4.143750190734863,4.034999847412109,4.112500190734863,2.768946886062622,7405600
2005-08-10,4.125,4.18625020980835,4.09375,4.117499828338623,2.772313117980957,5344800
2005-08-11,4.117499828338623,4.118750095367432,4.054999828338623,4.0625,2.735281467437744,3891200
2005-08-12,4.059999942779541,4.059999942779541,3.84375,3.924999952316284,2.6427032947540283,9870400
2005-08-15,3.9749999046325684,3.992500066757202,3.9149999618530273,3.9437499046325684,2.655327320098877,6760000
2005-08-16,3.9375,3.9375,3.723750114440918,3.7587499618530273,2.530766725540161,8929600
2005-08-17,3.6624999046325684,3.71875,3.578749895095825,3.6812500953674316,2.478586196899414,12528800
2005-08-18,3.643749952316284,4.071249961853027,3.575000047683716,4.042500019073486,2.721816062927246,30152000
2005-08-19,4.050000190734863,4.18625020980835,3.9574999809265137,4.122499942779541,2.77567982673645,9533600
2005-08-22,4.247499942779541,4.28249979019165,4.191249847412109,4.28125,2.88256573677063,9614400
2005-08-23,4.331250190734863,4.392499923706055,4.300000190734863,4.360000133514404,2.9355885982513428,11461600
2005-08-24,4.349999904632568,4.360000133514404,4.28125,4.3125,2.903607130050659,6655200
2005-08-25,4.3125,4.355000019073486,4.295000076293945,4.306250095367432,2.8993983268737793,4289600
2005-08-26,4.307499885559082,4.315000057220459,4.206250190734863,4.25124979019165,2.8623669147491455,4119200
2005-08-29,4.199999809265137,4.235000133514404,4.139999866485596,4.21875,2.840484619140625,5644800
2005-08-30,4.21875,4.278749942779541,4.087500095367432,4.164999961853027,2.8042948246002197,5616000
2005-08-31,4.1875,4.238749980926514,4.138750076293945,4.21875,2.840484619140625,3615200
2005-09-01,4.212500095367432,4.263750076293945,4.170000076293945,4.1875,2.819444179534912,4422400
2005-09-02,4.181250095367432,4.231249809265137,4.176249980926514,4.228750228881836,2.8472182750701904,2591200
2005-09-06,4.28125,4.46750020980835,4.266250133514404,4.465000152587891,3.0062854290008545,10426400
2005-09-07,4.46999979019165,4.551249980926514,4.418749809265137,4.528749942779541,3.0492076873779297,4876000
2005-09-08,4.517499923706055,4.543749809265137,4.46999979019165,4.50124979019165,3.0306918621063232,4820800
2005-09-09,4.5,4.59375,4.481249809265137,4.517499923706055,3.0416336059570312,3808800
2005-09-12,4.525000095367432,4.552499771118164,4.471250057220459,4.545000076293945,3.0601489543914795,2681600
2005-09-13,4.545000076293945,4.573750019073486,4.513750076293945,4.53000020980835,3.0500495433807373,3542400
2005-09-14,4.526249885559082,4.801249980926514,4.525000095367432,4.587500095367432,3.088764190673828,10896000
2005-09-15,4.587500095367432,4.606249809265137,4.40625,4.480000019073486,3.0163848400115967,5410400
2005-09-16,4.481249809265137,4.550000190734863,4.481249809265137,4.502500057220459,3.031534194946289,2892800
2005-09-19,4.527500152587891,4.572500228881836,4.440000057220459,4.497499942779541,3.028167247772217,5140800
2005-09-20,4.503749847412109,4.516250133514404,4.400000095367432,4.413750171661377,2.971778392791748,5376800
2005-09-21,4.381249904632568,4.381249904632568,4.12624979019165,4.139999866485596,2.7874627113342285,10058400
2005-09-22,4.168749809265137,4.192500114440918,4.018750190734863,4.175000190734863,2.811028242111206,10666400
2005-09-23,4.175000190734863,4.278749942779541,4.175000190734863,4.224999904632568,2.8446929454803467,4352800
2005-09-26,4.25,4.292500019073486,4.147500038146973,4.161250114440918,2.8017702102661133,5928800
2005-09-27,4.164999961853027,4.168749809265137,4.037499904632568,4.090000152587891,2.7537975311279297,10540800
2005-09-28,4.083749771118164,4.176249980926514,4.0,4.106249809265137,2.7647385597229004,9587200
2005-09-29,4.118750095367432,4.121250152587891,3.9800000190734863,4.012499809265137,2.7016167640686035,10675200
2005-09-30,4.012499809265137,4.012499809265137,3.831249952316284,3.9337499141693115,2.648594617843628,15973600
2005-10-03,3.9700000286102295,3.997499942779541,3.858750104904175,3.8712499141693115,2.606513500213623,8705600
2005-10-04,3.8887500762939453,4.051249980926514,3.8812499046325684,3.934999942779541,2.6494359970092773,8649600
2005-10-05,4.0625,4.118750095367432,3.984999895095825,4.00124979019165,2.6940417289733887,17377600
2005-10-06,3.9887499809265137,3.990000009536743,3.862499952316284,3.875,2.6090381145477295,10563200
2005-10-07,3.90625,3.9549999237060547,3.809999942779541,3.8375000953674316,2.583789587020874,52832800
2005-10-10,3.8812499046325684,3.9487500190734863,3.848750114440918,3.9049999713897705,2.6292364597320557,14907200
2005-10-11,3.9375,3.950000047683716,3.8299999237060547,3.862499952316284,2.6006219387054443,15512800
2005-10-12,3.856250047683716,3.884999990463257,3.8062500953674316,3.84375,2.5879974365234375,13842400
2005-10-13,3.75,3.8399999141693115,3.7437500953674316,3.8324999809265137,2.5804226398468018,9798400
2005-10-14,3.84375,3.8862500190734863,3.8062500953674316,3.8687500953674316,2.604830026626587,9545600
2005-10-17,3.8687500953674316,3.9487500190734863,3.8687500953674316,3.9437499046325684,2.655327320098877,8855200
2005-10-18,4.002500057220459,4.125,4.0,4.105000019073486,2.763897657394409,13924800
2005-10-19,4.105000019073486,4.3125,4.091249942779541,4.244999885559082,2.858158588409424,13252800
2005-10-20,4.244999885559082,4.331250190734863,4.237500190734863,4.255000114440918,2.8648922443389893,11249600
2005-10-21,4.268750190734863,4.352499961853027,4.231249809265137,4.261250019073486,2.8690998554229736,6864800
2005-10-24,4.3125,4.338749885559082,4.238749980926514,4.338749885559082,2.9212799072265625,5791200
2005-10-25,4.59375,4.675000190734863,4.4375,4.458749771118164,3.0020766258239746,24702400
2005-10-26,4.46999979019165,4.481249809265137,4.224999904632568,4.235000133514404,2.8514256477355957,13603200
2005-10-27,4.241250038146973,4.28125,4.086249828338623,4.130000114440918,2.780729293823242,9168800
2005-10-28,4.1875,4.31374979019165,4.112500190734863,4.309999942779541,2.9019227027893066,8584000
2005-10-31,4.331250190734863,4.474999904632568,4.331250190734863,4.434999942779541,2.9860870838165283,9989600
2005-11-01,4.433750152587891,4.518750190734863,4.391250133514404,4.449999809265137,2.996185779571533,8176800
2005-11-02,4.456250190734863,4.53249979019165,4.412499904632568,4.53125,3.0508906841278076,9165600
2005-11-03,4.59375,4.65749979019165,4.573750019073486,4.62375020980835,3.1131715774536133,8779200
2005-11-04,4.643750190734863,4.651249885559082,4.53125,4.547500133514404,3.0618326663970947,6818400
2005-11-07,4.602499961853027,4.676249980926514,4.512499809265137,4.650000095367432,3.130845546722412,5389600
2005-11-08,4.621250152587891,4.628749847412109,4.525000095367432,4.548749923706055,3.0626742839813232,6180000
2005-11-09,4.556250095367432,4.678750038146973,4.548749923706055,4.619999885559082,3.1106457710266113,5386400
2005-11-10,4.570000171661377,4.616250038146973,4.454999923706055,4.597499847412109,3.095496416091919,10495200
2005-11-11,4.581250190734863,4.585000038146973,4.487500190734863,4.488749980926514,3.022275686264038,5192800
2005-11-14,4.485000133514404,4.557499885559082,4.351250171661377,4.513750076293945,3.0391087532043457,13801600
2005-11-15,4.525000095367432,4.534999847412109,4.40625,4.442500114440918,2.991135835647583,7923200
2005-11-16,4.449999809265137,4.462500095367432,4.362500190734863,4.431250095367432,2.9835615158081055,7541600
2005-11-17,4.474999904632568,4.536250114440918,4.451250076293945,4.465000152587891,3.0062854290008545,7339200
2005-11-18,4.59375,4.625,4.401249885559082,4.533750057220459,3.052574396133423,21448000
2005-11-21,4.601250171661377,4.727499961853027,4.508749961853027,4.724999904632568,3.181342601776123,19488000
2005-11-22,4.724999904632568,4.773749828338623,4.50124979019165,4.572500228881836,3.0786654949188232,27897600
2005-11-23,4.574999809265137,4.599999904632568,4.425000190734863,4.432499885559082,2.9844024181365967,26180000
2005-11-25,4.480000019073486,4.668749809265137,4.471250057220459,4.567500114440918,3.0752980709075928,11036000
2005-11-28,4.599999904632568,4.672500133514404,4.397500038146973,4.397500038146973,2.9608373641967773,20941600
2005-11-29,4.275000095367432,4.663750171661377,4.271249771118164,4.37375020980835,2.9448461532592773,39403200
2005-11-30,4.331250190734863,4.34375,4.153749942779541,4.204999923706055,2.8312270641326904,29410400
2005-12-01,4.204999923706055,4.246250152587891,4.074999809265137,4.201250076293945,2.828702449798584,21526400
2005-12-02,4.287499904632568,4.40625,4.25124979019165,4.400000095367432,2.9625203609466553,14757600
2005-12-05,4.40625,4.456250190734863,4.357500076293945,4.360000133514404,2.9355885982513428,10442400
2005-12-06,4.412499904632568,4.440000057220459,4.366250038146973,4.375,2.945687770843506,8649600
2005-12-07,4.377500057220459,4.393750190734863,4.276249885559082,4.292500019073486,2.8901407718658447,6916000
2005-12-08,4.318749904632568,4.40625,4.283750057220459,4.331250190734863,2.916231393814087,6964800
2005-12-09,4.306250095367432,4.306250095367432,4.195000171661377,4.243750095367432,2.8573179244995117,8983200
2005-12-12,4.287499904632568,4.301249980926514,4.261250019073486,4.268750190734863,2.874150037765503,6884000
2005-12-13,4.262499809265137,4.263750076293945,4.101250171661377,4.113749980926514,2.7697882652282715,20328000
2005-12-14,4.125,4.159999847412109,4.105000019073486,4.114999771118164,2.770629405975342,8283200
2005-12-15,4.096250057220459,4.097499847412109,3.9375,3.9512500762939453,2.660377025604248,29805600
2005-12-16,3.9512500762939453,3.9749999046325684,3.913749933242798,3.942500114440918,2.6544859409332275,14536000
2005-12-19,3.9462499618530273,3.981250047683716,3.8575000762939453,3.858750104904175,2.598097324371338,9797600
2005-12-20,3.862499952316284,3.891249895095825,3.778749942779541,3.8062500953674316,2.562748670578003,12994400
2005-12-21,3.862499952316284,3.9362499713897705,3.8125,3.848750114440918,2.5913641452789307,23754400
2005-12-22,3.8187499046325684,3.8375000953674316,3.7750000953674316,3.817500114440918,2.5703234672546387,10518400
2005-12-23,3.817500114440918,3.8687500953674316,3.8125,3.828749895095825,2.5778980255126953,5524000
2005-12-27,3.8375000953674316,3.865000009536743,3.793750047683716,3.858750104904175,2.598097324371338,8728800
2005-12-28,3.887500047683716,4.025000095367432,3.877500057220459,3.940000057220459,2.6528027057647705,11119200
2005-12-29,3.940000057220459,3.987499952316284,3.9262499809265137,3.9700000286102295,2.673002004623413,10356800
2005-12-30,3.9725000858306885,4.010000228881836,3.950000047683716,3.9774999618530273,2.678050994873047,9986400
2006-01-03,3.9774999618530273,4.079999923706055,3.893749952316284,4.038750171661377,2.7192909717559814,14340000
2006-01-04,4.039999961853027,4.18874979019165,4.039999961853027,4.181250095367432,2.8152365684509277,18158400
2006-01-05,4.675000190734863,4.806250095367432,4.59375,4.663750171661377,3.140103816986084,64004000
2006-01-06,4.6875,4.846250057220459,4.53125,4.815000057220459,3.2419393062591553,25268800
2006-01-09,4.68874979019165,4.837500095367432,4.638750076293945,4.791250228881836,3.225949287414551,19167200
2006-01-10,4.75,4.860000133514404,4.706250190734863,4.837500095367432,3.257089853286743,12179200
2006-01-11,4.835000038146973,4.920000076293945,4.786250114440918,4.897500038146973,3.29748797416687,16179200
2006-01-12,4.868750095367432,4.891250133514404,4.772500038146973,4.817500114440918,3.2436232566833496,9652800
2006-01-13,4.789999961853027,4.896249771118164,4.786250114440918,4.792500019073486,3.2267911434173584,8151200
2006-01-17,4.75,4.797500133514404,4.71999979019165,4.783750057220459,3.2208993434906006,5452000
2006-01-18,4.71750020980835,4.817500114440918,4.712500095367432,4.757500171661377,3.2032253742218018,9820000
2006-01-19,4.75,4.853750228881836,4.743750095367432,4.836249828338623,3.2562472820281982,7996800
2006-01-20,4.84375,4.862500190734863,4.747499942779541,4.764999866485596,3.2082746028900146,6880800
2006-01-23,4.75,4.793749809265137,4.693749904632568,4.762499809265137,3.206591844558716,6049600
2006-01-24,4.75,4.81374979019165,4.735000133514404,4.762499809265137,3.206591844558716,4924800
2006-01-25,4.768750190734863,4.81125020980835,4.738749980926514,4.788750171661377,3.224266290664673,5652800
2006-01-26,4.806250095367432,4.858749866485596,4.788750171661377,4.840000152587891,3.2587730884552,6236000
2006-01-27,4.841249942779541,5.137499809265137,4.832499980926514,4.892499923706055,3.2941205501556396,14284800
2006-01-30,4.887499809265137,4.977499961853027,4.868750095367432,4.943749904632568,3.328627824783325,6882400
2006-01-31,4.949999809265137,5.052499771118164,4.912499904632568,5.038750171661377,3.3925914764404297,10189600
2006-02-01,5.038750171661377,5.287499904632568,5.038750171661377,5.273749828338623,3.5508170127868652,22532800
2006-02-02,5.262499809265137,5.262499809265137,5.131249904632568,5.257500171661377,3.5398752689361572,14772800
2006-02-03,5.28125,5.446249961853027,5.231249809265137,5.321249961853027,3.582798957824707,13072000
2006-02-06,5.321249961853027,5.394999980926514,5.275000095367432,5.387499809265137,3.627403974533081,8327200
2006-02-07,5.387499809265137,5.409999847412109,5.223750114440918,5.236249923706055,3.5255677700042725,8088800
2006-02-08,5.236249923706055,5.237500190734863,5.012499809265137,5.21875,3.513784885406494,6632800
2006-02-09,5.21875,5.292500019073486,5.048749923706055,5.057499885559082,3.4052157402038574,7375200
2006-02-10,5.046249866485596,5.081250190734863,4.981249809265137,5.059999942779541,3.4068987369537354,6680000
2006-02-13,5.059999942779541,5.132500171661377,4.988749980926514,5.023749828338623,3.3824918270111084,3857600
2006-02-14,5.056250095367432,5.066249847412109,4.947500228881836,5.066249847412109,3.4111058712005615,5366400
2006-02-15,5.066249847412109,5.197500228881836,5.033750057220459,5.078750133514404,3.419523000717163,7472800
2006-02-16,5.179999828338623,5.241250038146973,5.021249771118164,5.212500095367432,3.5095772743225098,7809600
2006-02-17,5.231249809265137,5.231249809265137,5.125,5.143750190734863,3.463287591934204,5732000
2006-02-21,5.125,5.148749828338623,5.026249885559082,5.06374979019165,3.409423828125,4985600
2006-02-22,5.06374979019165,5.243750095367432,5.026249885559082,5.130000114440918,3.454029083251953,4616800
2006-02-23,5.112500190734863,5.117499828338623,4.994999885559082,4.994999885559082,3.3631346225738525,5284800
2006-02-24,4.96875,5.038750171661377,4.90749979019165,5.006249904632568,3.370708703994751,3040800
2006-02-27,5.0,5.072500228881836,4.991250038146973,5.03000020980835,3.386699676513672,4370400
2006-02-28,5.03000020980835,5.036250114440918,4.943749904632568,5.003749847412109,3.369025468826294,5433600
2006-03-01,5.005000114440918,5.135000228881836,5.005000114440918,5.122499942779541,3.448979616165161,5396000
2006-03-02,5.074999809265137,5.139999866485596,5.016250133514404,5.037499904632568,3.3917484283447266,5779200
2006-03-03,5.0,5.158750057220459,5.0,5.125,3.450662612915039,4959200
2006-03-06,5.03000020980835,5.199999809265137,5.03000020980835,5.098750114440918,3.4329895973205566,4565600
2006-03-07,5.098750114440918,5.098750114440918,4.947500228881836,4.992499828338623,3.361450672149658,5328800
2006-03-08,4.974999904632568,4.974999904632568,4.798749923706055,4.84375,3.2612974643707275,6636800
2006-03-09,4.862500190734863,4.909999847412109,4.763750076293945,4.78125,3.2192161083221436,4141600
2006-03-10,4.756249904632568,4.882500171661377,4.65749979019165,4.849999904632568,3.265505313873291,5876800
2006-03-13,4.849999904632568,4.974999904632568,4.849999904632568,4.889999866485596,3.292437791824341,6683200
2006-03-14,4.889999866485596,5.117499828338623,4.87624979019165,5.054999828338623,3.4035325050354004,10702400
2006-03-15,5.056250095367432,5.184999942779541,4.960000038146973,4.973750114440918,3.3488261699676514,9444000
2006-03-16,4.986249923706055,5.114999771118164,4.980000019073486,5.012499809265137,3.3749167919158936,3470400
2006-03-17,5.0625,5.175000190734863,5.016250133514404,5.137499809265137,3.4590799808502197,8017600
2006-03-20,5.118750095367432,5.215000152587891,5.065000057220459,5.175000190734863,3.484328269958496,5472000
2006-03-21,5.53125,5.747499942779541,5.526249885559082,5.625,3.7873129844665527,34934400
2006-03-22,5.5,5.703750133514404,5.49875020980835,5.679999828338623,3.824345350265503,9578400
2006-03-23,5.618750095367432,5.762499809265137,5.618750095367432,5.647500038146973,3.802462577819824,9898400
2006-03-24,5.648749828338623,5.892499923706055,5.619999885559082,5.851250171661377,3.9396467208862305,8592800
2006-03-27,5.824999809265137,5.991250038146973,5.804999828338623,5.860000133514404,3.9455387592315674,8910400
2006-03-28,5.916250228881836,5.961249828338623,5.783750057220459,5.793749809265137,3.9009318351745605,8101600
2006-03-29,5.792500019073486,5.972499847412109,5.792500019073486,5.875,3.9556379318237305,5836000
2006-03-30,5.87624979019165,5.96999979019165,5.855000019073486,5.875,3.9556379318237305,7541600
2006-03-31,5.900000095367432,5.9375,5.851250171661377,5.892499923706055,3.967420816421509,7366400
2006-04-03,5.892499923706055,6.037499904632568,5.778749942779541,5.807499885559082,3.9101903438568115,7973600
2006-04-04,5.807499885559082,6.005000114440918,5.788750171661377,6.005000114440918,4.0431671142578125,7552800
2006-04-05,6.005000114440918,6.171249866485596,5.996250152587891,6.083749771118164,4.096189498901367,10348800
2006-04-06,6.071249961853027,6.144999980926514,6.034999847412109,6.12375020980835,4.1231231689453125,4656800
2006-04-07,6.131249904632568,6.182499885559082,6.073750019073486,6.121250152587891,4.121438026428223,4709600
2006-04-10,6.12375020980835,6.210000038146973,6.077499866485596,6.082499980926514,4.095348834991455,8205600
2006-04-11,5.875,5.90625,5.84375,5.872499942779541,3.9539549350738525,15877600
2006-04-12,5.877500057220459,5.918749809265137,5.858749866485596,5.888750076293945,3.9648966789245605,6859200
2006-04-13,5.877500057220459,5.901249885559082,5.855000019073486,5.857500076293945,3.9438557624816895,5961600
2006-04-17,5.849999904632568,5.851250171661377,5.75,5.824999809265137,3.9219729900360107,6667200
2006-04-18,5.849999904632568,5.868750095367432,5.742499828338623,5.847499847412109,3.937122106552124,7016800
2006-04-19,5.875,5.894999980926514,5.8125,5.883749961853027,3.9615299701690674,3589600
2006-04-20,5.87624979019165,5.987500190734863,5.84499979019165,5.940000057220459,3.999403476715088,4015200
2006-04-21,5.952499866485596,5.952499866485596,5.797500133514404,5.87375020980835,3.95479679107666,4872800
2006-04-24,5.856249809265137,5.875,5.78125,5.84499979019165,3.9354374408721924,8646400
2006-04-25,5.875,5.901249885559082,5.816249847412109,5.849999904632568,3.9388067722320557,4122400
2006-04-26,5.869999885559082,5.957499980926514,5.863749980926514,5.922500133514404,3.9876201152801514,5029600
2006-04-27,5.891250133514404,5.949999809265137,5.762499809265137,5.918749809265137,3.985095262527466,8373600
2006-04-28,5.918749809265137,5.991250038146973,5.860000133514404,5.900000095367432,3.9724700450897217,6791200
2006-05-01,5.912499904632568,6.026249885559082,5.912499904632568,5.949999809265137,4.0061354637146,8448800
2006-05-02,6.025000095367432,6.054999828338623,5.961249828338623,6.002500057220459,4.041482925415039,10076800
2006-05-03,6.002500057220459,6.039999961853027,5.958749771118164,5.996250152587891,4.037276744842529,9106400
2006-05-04,6.028749942779541,6.028749942779541,5.8125,5.927499771118164,3.9909868240356445,8647200
2006-05-05,5.927499771118164,6.06374979019165,5.927499771118164,6.027500152587891,4.058317184448242,7203200
2006-05-08,6.0,6.033750057220459,5.914999961853027,5.933750152587891,3.995195150375366,5166400
2006-05-09,5.913750171661377,5.996250152587891,5.90625,5.945000171661377,4.002769470214844,2714400
2006-05-10,5.913750171661377,5.93625020980835,5.78000020980835,5.801249980926514,3.905982255935669,6000800
2006-05-11,5.815000057220459,5.832499980926514,5.56374979019165,5.613749980926514,3.7797391414642334,9512000
2006-05-12,5.613749980926514,5.613749980926514,5.46875,5.493750095367432,3.698942184448242,6625600
2006-05-15,5.40625,5.446249961853027,5.238749980926514,5.429999828338623,3.6560184955596924,14463200
2006-05-16,5.541250228881836,5.75124979019165,5.53000020980835,5.537499904632568,3.728398561477661,15004000
2006-05-17,5.6875,5.6875,5.550000190734863,5.574999809265137,3.753648042678833,13900800
2006-05-18,5.90749979019165,5.963749885559082,5.668749809265137,5.672500133514404,3.8192946910858154,27920800
2006-05-19,5.699999809265137,5.75,5.482500076293945,5.621250152587891,3.7847888469696045,17420000
2006-05-22,5.53249979019165,5.599999904632568,5.301249980926514,5.416250228881836,3.646760940551758,13483200
2006-05-23,5.462500095367432,5.527500152587891,5.40500020980835,5.40500020980835,3.6391875743865967,8955200
2006-05-24,5.417500019073486,5.49875020980835,5.15500020980835,5.256249904632568,3.539034128189087,9572000
2006-05-25,5.336249828338623,5.50124979019165,5.322500228881836,5.433750152587891,3.6585443019866943,9716000
2006-05-26,5.452499866485596,5.510000228881836,5.426249980926514,5.447500228881836,3.66780161857605,2690400
2006-05-30,5.417500019073486,5.418749809265137,5.266250133514404,5.272500038146973,3.5499744415283203,4466400
2006-05-31,5.358749866485596,5.429999828338623,5.306250095367432,5.367499828338623,3.613939046859741,8531200
2006-06-01,5.368750095367432,5.505000114440918,5.300000190734863,5.491250038146973,3.6972591876983643,6748800
2006-06-02,5.50124979019165,5.550000190734863,5.393750190734863,5.428750038146973,3.655177116394043,3640000
2006-06-05,5.403749942779541,5.425000190734863,5.110000133514404,5.121250152587891,3.4481379985809326,9801600
2006-06-06,5.137499809265137,5.216249942779541,5.076250076293945,5.210000038146973,3.5078935623168945,8560800
2006-06-07,5.24875020980835,5.301249980926514,5.144999980926514,5.15625,3.4717042446136475,9148000
2006-06-08,5.125,5.127500057220459,4.875,5.118750095367432,3.4464545249938965,14679200
2006-06-09,5.131249904632568,5.235000133514404,5.131249904632568,5.175000190734863,3.484328269958496,7392000
2006-06-12,5.177499771118164,5.197500228881836,4.867499828338623,5.012499809265137,3.3749167919158936,12683200
2006-06-13,5.0,5.076250076293945,4.483749866485596,4.93874979019165,3.3252599239349365,34932000
2006-06-14,5.03125,5.172500133514404,4.966249942779541,5.047500133514404,3.398481845855713,11556800
2006-06-15,5.026249885559082,5.164999961853027,4.863749980926514,5.15625,3.4717042446136475,12840000
2006-06-16,5.078750133514404,5.09499979019165,4.903749942779541,4.928750038146973,3.3185276985168457,19246400
2006-06-19,4.928750038146973,4.932499885559082,4.731249809265137,4.739999771118164,3.1914424896240234,9212800
2006-06-20,4.731249809265137,4.739999771118164,4.574999809265137,4.585000038146973,3.08708119392395,10371200
2006-06-21,4.586249828338623,4.818749904632568,4.550000190734863,4.802499771118164,3.233524799346924,17034400
2006-06-22,4.697500228881836,4.78000020980835,4.513750076293945,4.601250171661377,3.098022699356079,15736800
2006-06-23,4.631249904632568,4.763750076293945,4.577499866485596,4.708749771118164,3.1704015731811523,9082400
2006-06-26,4.71750020980835,4.771249771118164,4.53125,4.641250133514404,3.1249544620513916,8500000
2006-06-27,4.650000095367432,4.6875,4.56125020980835,4.597499847412109,3.095496416091919,7832800
2006-06-28,4.611249923706055,4.652500152587891,4.576250076293945,4.642499923706055,3.12579607963562,8960000
2006-06-29,4.715000152587891,4.894999980926514,4.667500019073486,4.894999980926514,3.2958035469055176,10038400
2006-06-30,4.901249885559082,5.25,4.738749980926514,5.25,3.5348258018493652,40900800
2006-07-03,5.058750152587891,5.0625,4.949999809265137,4.971250057220459,3.3471438884735107,9300800
2006-07-05,4.971250057220459,4.971250057220459,4.800000190734863,4.855000019073486,3.268871784210205,8599200
2006-07-06,4.855000019073486,4.960000038146973,4.832499980926514,4.901249885559082,3.3000123500823975,7608000
2006-07-07,4.883749961853027,4.891250133514404,4.743750095367432,4.760000228881836,3.204908847808838,8792000
2006-07-10,4.768750190734863,4.787499904632568,4.59499979019165,4.62624979019165,3.114854335784912,9079200
2006-07-11,4.631249904632568,4.676249980926514,4.5625,4.664999961853027,3.140944242477417,6838400
2006-07-12,4.65625,4.699999809265137,4.518750190734863,4.613749980926514,3.106438159942627,11244000
2006-07-13,4.613749980926514,4.960000038146973,4.608749866485596,4.917500019073486,3.3109543323516846,27345600
2006-07-14,4.885000228881836,4.994999885559082,4.773749828338623,4.867499828338623,3.2772884368896484,25800000
2006-07-17,4.862500190734863,4.893750190734863,4.704999923706055,4.708749771118164,3.1704015731811523,8840000
2006-07-18,4.806250095367432,4.956250190734863,4.775000095367432,4.929999828338623,3.3193705081939697,10285600
2006-07-19,4.929999828338623,5.166250228881836,4.891250133514404,5.114999771118164,3.443929672241211,14404800
2006-07-20,5.116250038146973,5.125,4.761250019073486,4.858749866485596,3.2713968753814697,13608800
2006-07-21,4.84375,4.851250171661377,4.68625020980835,4.733749866485596,3.187234401702881,7272800
2006-07-24,4.75,4.90500020980835,4.75,4.885000228881836,3.2890710830688477,6758400
2006-07-25,4.886250019073486,5.036250114440918,4.869999885559082,5.033750057220459,3.3892245292663574,11869600
2006-07-26,5.034999847412109,5.118750095367432,4.992499828338623,5.107500076293945,3.438880681991577,9171200
2006-07-27,5.137499809265137,5.284999847412109,5.071249961853027,5.106249809265137,3.4380383491516113,11804800
2006-07-28,5.118750095367432,5.315000057220459,5.113749980926514,5.277500152587891,3.5533413887023926,6951200
2006-07-31,5.277500152587891,5.28000020980835,5.197500228881836,5.201250076293945,3.5020017623901367,5831200
2006-08-01,5.1875,5.18874979019165,5.011250019073486,5.058750152587891,3.406057119369507,9466400
2006-08-02,5.131249904632568,5.411250114440918,5.12375020980835,5.363749980926514,3.611412525177002,14356000
2006-08-03,5.349999904632568,5.568749904632568,5.295000076293945,5.551249980926514,3.737656354904175,11303200
2006-08-04,5.635000228881836,5.731249809265137,5.449999809265137,5.537499904632568,3.728398561477661,12148000
2006-08-07,5.525000095367432,5.608749866485596,5.386250019073486,5.587500095367432,3.762063503265381,6837600
2006-08-08,5.633749961853027,5.662499904632568,5.521249771118164,5.543749809265137,3.732607126235962,7664800
2006-08-09,5.59375,5.601250171661377,5.473750114440918,5.473750114440918,3.685476779937744,6882400
2006-08-10,5.443749904632568,5.606249809265137,5.443749904632568,5.570000171661377,3.750282049179077,5800000
2006-08-11,5.661250114440918,5.875,5.619999885559082,5.806250095367432,3.909348964691162,14607200
2006-08-14,5.856249809265137,5.872499942779541,5.71999979019165,5.763750076293945,3.8807337284088135,5054400
2006-08-15,5.715000152587891,5.881249904632568,5.684999942779541,5.788750171661377,3.8975653648376465,7867200
2006-08-16,5.827499866485596,5.912499904632568,5.775000095367432,5.875,3.9556379318237305,15787200
2006-08-17,5.387499809265137,5.864999771118164,5.375,5.651249885559082,3.8049874305725098,39456800
2006-08-18,5.651249885559082,5.673749923706055,5.508749961853027,5.553750038146973,3.7393407821655273,11964000
2006-08-21,5.496250152587891,5.510000228881836,5.367499828338623,5.383749961853027,3.6248795986175537,12586400
2006-08-22,5.375,5.478750228881836,5.364999771118164,5.451250076293945,3.67032790184021,8999200
2006-08-23,5.525000095367432,5.546249866485596,5.40625,5.454999923706055,3.672852039337158,10399200
2006-08-24,5.473750114440918,5.477499961853027,5.25,5.278749942779541,3.5541839599609375,11295200
2006-08-25,5.25,5.273749828338623,5.159999847412109,5.232500076293945,3.523043394088745,13466400
2006-08-28,5.231249809265137,5.347499847412109,5.230000019073486,5.321249961853027,3.582798957824707,6683200
2006-08-29,5.327499866485596,5.414999961853027,5.241250038146973,5.388750076293945,3.628246307373047,6012000
2006-08-30,5.388750076293945,5.457499980926514,5.295000076293945,5.449999809265137,3.669485092163086,11145600
2006-08-31,5.478750228881836,5.487500190734863,5.417500019073486,5.460000038146973,3.6762189865112305,3318400
2006-09-01,5.472499847412109,5.497499942779541,5.367499828338623,5.40749979019165,3.6408705711364746,6332800
2006-09-05,5.409999847412109,5.545000076293945,5.394999980926514,5.522500038146973,3.71829891204834,6214400
2006-09-06,5.447500228881836,5.538750171661377,5.411250114440918,5.457499980926514,3.674535036087036,11133600
2006-09-07,5.433750152587891,5.510000228881836,5.302499771118164,5.461249828338623,3.67706036567688,8399200
2006-09-08,5.568749904632568,5.644999980926514,5.512499809265137,5.59375,3.7662734985351562,12696000
2006-09-11,5.596250057220459,5.730000019073486,5.514999866485596,5.699999809265137,3.837811231613159,10446400
2006-09-12,5.699999809265137,5.977499961853027,5.668749809265137,5.909999847412109,3.979203462600708,12341600
2006-09-13,5.909999847412109,6.0,5.797500133514404,5.993750095367432,4.035592079162598,8590400
2006-09-14,5.96875,5.976250171661377,5.795000076293945,5.897500038146973,3.9707860946655273,11056000
2006-09-15,5.956250190734863,5.974999904632568,5.848750114440918,5.956250190734863,4.0103440284729,14955200
2006-09-18,5.943749904632568,6.085000038146973,5.921249866485596,6.018750190734863,4.052425384521484,10916800
2006-09-19,6.006249904632568,6.012499809265137,5.837500095367432,5.996250152587891,4.037276744842529,9942400
2006-09-20,5.949999809265137,6.128749847412109,5.949999809265137,6.046249866485596,4.070940971374512,14860000
2006-09-21,6.21875,6.21875,6.067500114440918,6.106249809265137,4.1113386154174805,14238400
2006-09-22,6.106249809265137,6.106249809265137,5.588749885559082,5.891250133514404,3.9665796756744385,35704000
2006-09-25,5.9375,6.050000190734863,5.795000076293945,5.997499942779541,4.038118839263916,13921600
2006-09-26,6.012499809265137,6.09250020980835,5.941249847412109,6.03125,4.060842037200928,9628000
2006-09-27,6.028749942779541,6.081250190734863,5.883749961853027,5.901249885559082,3.9733128547668457,12991200
2006-09-28,5.90625,5.988749980926514,5.78125,5.829999923706055,3.925339460372925,18363200
2006-09-29,5.84375,5.889999866485596,5.776249885559082,5.784999847412109,3.8950414657592773,5998400
2006-10-02,5.837500095367432,5.84499979019165,5.722499847412109,5.763750076293945,3.8807337284088135,7277600
2006-10-03,5.756249904632568,5.941249847412109,5.704999923706055,5.914999961853027,3.9825704097747803,9816000
2006-10-04,5.914999961853027,6.025000095367432,5.885000228881836,5.997499942779541,4.038118839263916,5933600
2006-10-05,6.03125,6.09375,5.947500228881836,6.028749942779541,4.0591583251953125,5426400
2006-10-06,6.028749942779541,6.03125,5.880000114440918,5.951250076293945,4.006977558135986,6384800
2006-10-09,5.9375,6.017499923706055,5.869999885559082,6.006249904632568,4.044008731842041,4200000
2006-10-10,6.039999961853027,6.043749809265137,5.888750076293945,5.99875020980835,4.038959503173828,13952000
2006-10-11,5.99875020980835,6.206250190734863,5.953750133514404,6.131249904632568,4.128171443939209,14608800
2006-10-12,6.137499809265137,6.337500095367432,6.112500190734863,6.283750057220459,4.230848789215088,12948800
2006-10-13,6.368750095367432,6.581250190734863,6.362500190734863,6.465000152587891,4.352886199951172,24780000
2006-10-16,6.506249904632568,6.523749828338623,6.43874979019165,6.46999979019165,4.356252670288086,5661600
2006-10-17,6.46999979019165,6.497499942779541,6.34499979019165,6.393750190734863,4.304912567138672,5338400
2006-10-18,6.440000057220459,6.491250038146973,6.324999809265137,6.372499942779541,4.290605068206787,5908800
2006-10-19,6.372499942779541,6.456250190734863,6.286250114440918,6.408750057220459,4.315011024475098,5388800
2006-10-20,6.396249771118164,6.466249942779541,6.289999961853027,6.40625,4.313329219818115,6804000
2006-10-23,6.375,6.536250114440918,6.3125,6.511250019073486,4.3840250968933105,7506400
2006-10-24,6.46750020980835,6.591249942779541,6.298749923706055,6.362500190734863,4.283872127532959,11533600
2006-10-25,6.337500095367432,6.40625,6.171249866485596,6.210000038146973,4.181193828582764,7942400
2006-10-26,6.266250133514404,6.46750020980835,6.264999866485596,6.445000171661377,4.339419841766357,7327200
2006-10-27,6.445000171661377,6.514999866485596,6.366250038146973,6.454999923706055,4.3461527824401855,6628800
2006-10-30,6.425000190734863,6.446249961853027,6.307499885559082,6.361249923706055,4.283030986785889,10313600
2006-10-31,6.367499828338623,6.40625,6.28125,6.382500171661377,4.297338008880615,9998400
2006-11-01,6.400000095367432,6.432499885559082,6.231249809265137,6.261250019073486,4.215700149536133,6600000
2006-11-02,6.212500095367432,6.34499979019165,6.12624979019165,6.287499904632568,4.233375072479248,7436800
2006-11-03,6.49875020980835,6.724999904632568,6.49875020980835,6.690000057220459,4.504377841949463,19126400
2006-11-06,6.71875,6.761250019073486,6.625,6.65749979019165,4.4824957847595215,6737600
2006-11-07,6.65749979019165,6.809999942779541,6.547500133514404,6.630000114440918,4.463979244232178,9868800
2006-11-08,6.612500190734863,6.732500076293945,6.568749904632568,6.658750057220459,4.483336925506592,6965600
2006-11-09,6.690000057220459,6.690000057220459,6.487500190734863,6.49875020980835,4.375609397888184,11314400
2006-11-10,6.5,6.553750038146973,6.451250076293945,6.536250114440918,4.4008588790893555,10802400
2006-11-13,6.551249980926514,6.681250095367432,6.534999847412109,6.536250114440918,4.4008588790893555,10700000
2006-11-14,6.539999961853027,6.647500038146973,6.423749923706055,6.637499809265137,4.469029426574707,12220800
2006-11-15,6.643750190734863,6.730000019073486,6.566249847412109,6.591249942779541,4.437889099121094,6547200
2006-11-16,6.618750095367432,6.618750095367432,6.46875,6.533750057220459,4.399175643920898,9756000
2006-11-17,6.528749942779541,6.53000020980835,6.40500020980835,6.46750020980835,4.354568004608154,13632800
2006-11-20,6.658750057220459,6.658750057220459,6.336249828338623,6.394999980926514,4.3057541847229,22174400
2006-11-21,6.337500095367432,6.866250038146973,6.21750020980835,6.625,4.46061372756958,40560000
2006-11-22,6.661250114440918,7.022500038146973,6.661250114440918,6.917500019073486,4.657552719116211,18607200
2006-11-24,6.917500019073486,7.148749828338623,6.916250228881836,7.081250190734863,4.767805576324463,12698400
2006-11-27,7.081250190734863,7.099999904632568,6.851250171661377,6.87624979019165,4.6297807693481445,13477600
2006-11-28,6.87624979019165,6.973750114440918,6.769999980926514,6.800000190734863,4.578441619873047,11149600
2006-11-29,6.831250190734863,6.962500095367432,6.828750133514404,6.900000095367432,4.645771026611328,9834400
2006-11-30,6.900000095367432,7.027500152587891,6.837500095367432,7.006249904632568,4.717309474945068,12468000
2006-12-01,6.987500190734863,7.025000095367432,6.817500114440918,6.947500228881836,4.677752494812012,12235200
2006-12-04,6.925000190734863,7.098750114440918,6.925000190734863,7.033750057220459,4.735824108123779,6208800
2006-12-05,7.039999961853027,7.176249980926514,6.993750095367432,7.09375,4.776223182678223,7396000
2006-12-06,7.09375,7.302499771118164,7.083749771118164,7.183750152587891,4.836819171905518,10467200
2006-12-07,7.183750152587891,7.25,7.112500190734863,7.150000095367432,4.814095497131348,8781600
2006-12-08,7.164999961853027,7.301249980926514,7.142499923706055,7.223750114440918,4.863751411437988,8603200
2006-12-11,7.222499847412109,7.223750114440918,7.103750228881836,7.153749942779541,4.816620349884033,4446400
2006-12-12,7.150000095367432,7.204999923706055,7.022500038146973,7.050000190734863,4.74676513671875,7372800
2006-12-13,7.066249847412109,7.125,6.966249942779541,7.034999847412109,4.736666202545166,7944000
2006-12-14,7.03249979019165,7.143750190734863,7.023749828338623,7.12375020980835,4.796421527862549,7160800
2006-12-15,7.12375020980835,7.192500114440918,7.073750019073486,7.074999809265137,4.763599395751953,7248000
2006-12-18,7.106249809265137,7.153749942779541,6.902500152587891,6.932499885559082,4.667652130126953,11616800
2006-12-19,6.913750171661377,6.914999961853027,6.735000133514404,6.881249904632568,4.6331467628479,17598400
2006-12-20,6.882500171661377,7.00124979019165,6.863749980926514,6.894999980926514,4.642405033111572,7730400
2006-12-21,6.887499809265137,6.993750095367432,6.887499809265137,6.93625020980835,4.670177459716797,7573600
2006-12-22,6.928750038146973,6.958749771118164,6.888750076293945,6.90625,4.649979591369629,2655200
2006-12-26,6.862500190734863,6.892499923706055,6.800000190734863,6.877500057220459,4.630621433258057,3079200
2006-12-27,6.900000095367432,7.012499809265137,6.891250133514404,6.963749885559082,4.688693523406982,5771200
2006-12-28,6.961249828338623,7.03000020980835,6.917500019073486,6.973750114440918,4.6954264640808105,4487200
2006-12-29,6.949999809265137,6.997499942779541,6.877500057220459,6.888750076293945,4.63819694519043,5423200
2007-01-03,6.888750076293945,6.892499923706055,6.667500019073486,6.862500190734863,4.6205220222473145,15924800
2007-01-04,6.903749942779541,7.012499809265137,6.852499961853027,6.926249980926514,4.663445949554443,19406400
2007-01-05,6.926249980926514,7.007500171661377,6.913750171661377,6.93625020980835,4.670177459716797,10751200
2007-01-08,6.9375,6.960000038146973,6.764999866485596,6.8125,4.586856842041016,10454400
2007-01-09,6.818749904632568,7.081250190734863,6.815000057220459,7.043749809265137,4.742557525634766,12871200
2007-01-10,7.03000020980835,7.090000152587891,6.983749866485596,7.079999923706055,4.766964912414551,6720000
2007-01-11,7.128749847412109,7.260000228881836,7.110000133514404,7.252500057220459,4.8831095695495605,8252000
2007-01-12,7.253749847412109,7.277500152587891,7.15749979019165,7.204999923706055,4.851128101348877,5542400
2007-01-16,7.224999904632568,7.301249980926514,7.181250095367432,7.211249828338623,4.855334758758545,4962400
2007-01-17,7.193749904632568,7.28000020980835,7.179999828338623,7.195000171661377,4.844394207000732,4578400
2007-01-18,7.1875,7.224999904632568,7.090000152587891,7.106249809265137,4.78463888168335,5757600
2007-01-19,7.090000152587891,7.090000152587891,6.946249961853027,7.003749847412109,4.715625286102295,6128000
2007-01-22,6.989999771118164,7.008749961853027,6.8125,6.881249904632568,4.6331467628479,12960800
2007-01-23,6.875,6.951250076293945,6.856249809265137,6.864999771118164,4.622204780578613,6670400
2007-01-24,6.896249771118164,7.041250228881836,6.896249771118164,6.96999979019165,4.692902088165283,6088800
2007-01-25,6.988749980926514,6.993750095367432,6.631249904632568,6.707499980926514,4.516159534454346,14985600
2007-01-26,6.737500190734863,6.739999771118164,6.388750076293945,6.53125,4.397491455078125,23704000
2007-01-29,6.53125,6.671249866485596,6.505000114440918,6.635000228881836,4.467347621917725,9475200
2007-01-30,6.643750190734863,6.697500228881836,6.5625,6.59250020980835,4.438731670379639,9476800
2007-01-31,6.59250020980835,6.708749771118164,6.565000057220459,6.678750038146973,4.4968037605285645,7724000
2007-02-01,6.710000038146973,6.78125,6.6875,6.730000019073486,4.531310558319092,13054400
2007-02-02,6.761250019073486,6.836249828338623,6.707499980926514,6.737500190734863,4.5363593101501465,8032800
2007-02-05,6.737500190734863,6.755000114440918,6.614999771118164,6.625,4.46061372756958,4761600
2007-02-06,6.639999866485596,6.650000095367432,6.536250114440918,6.59250020980835,4.438731670379639,6634400
2007-02-07,6.607500076293945,6.74875020980835,6.574999809265137,6.713749885559082,4.5203680992126465,7500800
2007-02-08,6.693749904632568,6.715000152587891,6.621250152587891,6.65625,4.481653690338135,4455200
2007-02-09,6.642499923706055,6.731249809265137,6.627500057220459,6.691249847412109,4.505219459533691,9247200
2007-02-12,6.737500190734863,6.75,6.599999904632568,6.630000114440918,4.463979244232178,7309600
2007-02-13,6.65625,6.739999771118164,6.638750076293945,6.702499866485596,4.51279354095459,6283200
2007-02-14,6.715000152587891,6.769999980926514,6.706250190734863,6.739999771118164,4.5380425453186035,7787200
2007-02-15,6.84375,6.84375,6.710000038146973,6.716249942779541,4.52205228805542,5329600
2007-02-16,6.716249942779541,6.758749961853027,6.675000190734863,6.71750020980835,4.522894859313965,8016000
2007-02-20,6.71750020980835,6.788750171661377,6.693749904632568,6.738749980926514,4.53720235824585,5933600
2007-02-21,6.727499961853027,7.021249771118164,6.727499961853027,6.914999961853027,4.655869483947754,12452800
2007-02-22,6.914999961853027,6.918749809265137,6.602499961853027,6.788750171661377,4.570866107940674,12582400
2007-02-23,6.775000095367432,6.803750038146973,6.662499904632568,6.728750228881836,4.530467987060547,6705600
2007-02-26,6.752500057220459,6.771249771118164,6.668749809265137,6.672500133514404,4.4925947189331055,5396800
2007-02-27,6.545000076293945,6.642499923706055,6.473750114440918,6.517499923706055,4.388233661651611,7116000
2007-02-28,6.53125,6.628749847412109,6.387499809265137,6.547500133514404,4.408432483673096,7252000
2007-03-01,6.412499904632568,6.611249923706055,6.337500095367432,6.521249771118164,4.390758514404297,8226400
2007-03-02,6.511250019073486,6.59375,6.397500038146973,6.411250114440918,4.316694736480713,5709600
2007-03-05,6.362500190734863,6.49875020980835,6.237500190734863,6.391250133514404,4.303229331970215,6351200
2007-03-06,6.425000190734863,6.523749828338623,6.40625,6.473750114440918,4.358776092529297,4760000
2007-03-07,6.481249809265137,6.573750019073486,6.449999809265137,6.474999904632568,4.359618663787842,6049600
2007-03-08,6.542500019073486,6.762499809265137,6.514999866485596,6.71999979019165,4.5245771408081055,7842400
2007-03-09,6.71999979019165,6.787499904632568,6.703750133514404,6.775000095367432,4.56160831451416,6910400
2007-03-12,6.733749866485596,6.871250152587891,6.731249809265137,6.853750228881836,4.614631652832031,4426400
2007-03-13,6.820000171661377,6.820000171661377,6.71999979019165,6.739999771118164,4.5380425453186035,4496800
2007-03-14,6.731249809265137,6.732500076293945,6.519999980926514,6.658750057220459,4.483336925506592,5252800
2007-03-15,6.658750057220459,6.784999847412109,6.646249771118164,6.769999980926514,4.558241367340088,4846400
2007-03-16,6.786250114440918,6.824999809265137,6.625,6.681250095367432,4.4984869956970215,5856000
2007-03-19,6.707499980926514,6.804999828338623,6.679999828338623,6.802499771118164,4.580123424530029,5823200
2007-03-20,6.802499771118164,6.927499771118164,6.789999961853027,6.912499904632568,4.654186725616455,6427600
2007-03-21,6.894999980926514,6.932499885559082,6.820000171661377,6.90749979019165,4.650821685791016,4846000
2007-03-22,6.9375,6.974999904632568,6.75,6.829999923706055,4.598639965057373,5526000
2007-03-23,6.849999904632568,6.920000076293945,6.744999885559082,6.832499980926514,4.600322246551514,5724400
2007-03-26,6.882500171661377,7.03000020980835,6.787499904632568,6.992499828338623,4.708050727844238,7596000
2007-03-27,7.664999961853027,7.857500076293945,7.5625,7.789999961853027,5.24500846862793,36956800
2007-03-28,7.78000020980835,8.244999885559082,7.732500076293945,8.149999618530273,5.487396240234375,20805600
2007-03-29,8.149999618530273,8.149999618530273,7.947500228881836,8.104999542236328,5.45709753036499,12156000
2007-03-30,8.087499618530273,8.227499961853027,7.987500190734863,8.142499923706055,5.482346057891846,7696800
2007-04-02,8.162500381469727,8.350000381469727,8.142499923706055,8.232500076293945,5.54294490814209,7650800
2007-04-03,8.2475004196167,8.367500305175781,8.227499961853027,8.297499656677246,5.5867085456848145,6009600
2007-04-04,8.260000228881836,8.345000267028809,8.204999923706055,8.244999885559082,5.5513596534729,5212400
2007-04-05,8.225000381469727,8.352499961853027,8.217499732971191,8.329999923706055,5.6085896492004395,4191200
2007-04-09,8.350000381469727,8.362500190734863,8.180000305175781,8.274999618530273,5.571558475494385,4532000
2007-04-10,8.302499771118164,8.557499885559082,8.212499618530273,8.515000343322754,5.733150482177734,7423600
2007-04-11,8.637499809265137,8.6875,8.385000228881836,8.585000038146973,5.7802815437316895,9722400
2007-04-12,8.585000038146973,8.59749984741211,8.399999618530273,8.477499961853027,5.707902431488037,5889600
2007-04-13,8.489999771118164,8.53499984741211,8.3125,8.447500228881836,5.687703609466553,5085200
2007-04-16,8.477499961853027,8.574999809265137,8.295000076293945,8.457500457763672,5.694436550140381,6413200
2007-04-17,8.482500076293945,8.625,8.414999961853027,8.487500190734863,5.714635848999023,7720400
2007-04-18,8.482500076293945,8.522500038146973,8.362500190734863,8.380000114440918,5.642254829406738,4162400
2007-04-19,8.282500267028809,8.337499618530273,8.154999732971191,8.257499694824219,5.559774875640869,7272800
2007-04-20,8.4375,8.574999809265137,8.3725004196167,8.512499809265137,5.7314677238464355,6918400
2007-04-23,8.524999618530273,8.962499618530273,8.524999618530273,8.737500190734863,5.88295841217041,9291600
2007-04-24,8.75,8.75,8.5024995803833,8.537500381469727,5.748300075531006,7319600
2007-04-25,8.545000076293945,8.625,8.404999732971191,8.454999923706055,5.692750930786133,8018000
2007-04-26,8.479999542236328,8.569999694824219,8.40999984741211,8.507499694824219,5.728099346160889,7824000
2007-04-27,8.510000228881836,8.520000457763672,8.367500305175781,8.40250015258789,5.657404899597168,9876800
2007-04-30,8.449999809265137,8.515000343322754,8.274999618530273,8.292499542236328,5.583341121673584,6036000
2007-05-01,8.350000381469727,8.395000457763672,8.09000015258789,8.375,5.638888359069824,8882000
2007-05-02,8.3774995803833,8.507499694824219,8.359999656677246,8.449999809265137,5.689385890960693,7223200
2007-05-03,8.28499984741211,8.462499618530273,8.262499809265137,8.397500038146973,5.654038429260254,9219600
2007-05-04,8.425000190734863,8.427499771118164,8.262499809265137,8.3125,5.596807956695557,6704800
2007-05-07,8.337499618530273,8.3725004196167,8.237500190734863,8.327500343322754,5.606906890869141,11877200
2007-05-08,8.3125,8.417499542236328,8.182499885559082,8.364999771118164,5.632155895233154,7112000
2007-05-09,8.335000038146973,8.412500381469727,8.270000457763672,8.375,5.638888359069824,5039200
2007-05-10,8.3774995803833,8.467499732971191,8.170000076293945,8.229999542236328,5.541258811950684,5690400
2007-05-11,8.272500038146973,8.297499656677246,8.077500343322754,8.15999984741211,5.494128704071045,8081200
2007-05-14,8.22249984741211,8.319999694824219,8.162500381469727,8.244999885559082,5.5513596534729,7761600
2007-05-15,8.244999885559082,8.822500228881836,8.244999885559082,8.567500114440918,5.768499374389648,15605600
2007-05-16,8.595000267028809,8.842499732971191,8.5600004196167,8.8125,5.93345832824707,10438400
2007-05-17,8.805000305175781,9.25,8.805000305175781,8.899999618530273,5.992371559143066,13776000
2007-05-18,8.917499542236328,8.949999809265137,8.704999923706055,8.897500038146973,5.990686893463135,11480000
2007-05-21,8.949999809265137,9.467499732971191,8.949999809265137,9.274999618530273,6.2448577880859375,19506800
2007-05-22,9.337499618530273,9.425000190734863,9.050000190734863,9.420000076293945,6.342487812042236,13271200
2007-05-23,9.194999694824219,9.337499618530273,8.904999732971191,8.962499618530273,6.034451961517334,22241200
2007-05-24,8.967499732971191,9.0625,8.697500228881836,8.802499771118164,5.926723957061768,12748800
2007-05-25,8.807499885559082,8.970000267028809,8.765000343322754,8.947500228881836,6.024354457855225,6572400
2007-05-29,9.055000305175781,9.0649995803833,8.895000457763672,9.005000114440918,6.063068389892578,8673200
2007-05-30,8.925000190734863,9.135000228881836,8.862500190734863,9.104999542236328,6.130397796630859,6937600
2007-05-31,9.167499542236328,9.345000267028809,9.15250015258789,9.244999885559082,6.224659442901611,17145600
2007-06-01,9.28499984741211,9.449999809265137,9.28499984741211,9.420000076293945,6.342487812042236,8202000
2007-06-04,9.515000343322754,9.59749984741211,9.375,9.5649995803833,6.440114498138428,8198800
2007-06-05,9.5649995803833,9.585000038146973,9.4375,9.53499984741211,6.419917583465576,7040800
2007-06-06,9.462499618530273,9.4975004196167,9.274999618530273,9.350000381469727,6.295358180999756,5462800
2007-06-07,9.47249984741211,9.47249984741211,9.055000305175781,9.104999542236328,6.130397796630859,6544000
2007-06-08,9.069999694824219,9.335000038146973,9.055000305175781,9.317500114440918,6.273475646972656,5400000
2007-06-11,9.274999618530273,9.3125,9.140000343322754,9.227499961853027,6.212876319885254,3978800
2007-06-12,9.1875,9.217499732971191,9.052499771118164,9.09000015258789,6.120297908782959,5590400
2007-06-13,9.15999984741211,9.337499618530273,9.140000343322754,9.255000114440918,6.231391906738281,5360800
2007-06-14,9.234999656677246,9.412500381469727,9.227499961853027,9.3149995803833,6.27178955078125,7034800
2007-06-15,9.489999771118164,9.967499732971191,9.46500015258789,9.802499771118164,6.600024700164795,13245600
2007-06-18,10.125,10.292499542236328,9.967499732971191,10.045000076293945,6.763299942016602,14488000
2007-06-19,10.042499542236328,10.145000457763672,9.904999732971191,10.012499809265137,6.741417407989502,9126400
2007-06-20,10.057499885559082,10.1225004196167,9.90250015258789,9.90250015258789,6.667353630065918,6679200
2007-06-21,9.859999656677246,10.037500381469727,9.727499961853027,10.012499809265137,6.741417407989502,8609600
2007-06-22,10.007499694824219,10.100000381469727,9.837499618530273,10.015000343322754,6.743101119995117,7596400
2007-06-25,10.015000343322754,10.130000114440918,9.942500114440918,9.994999885559082,6.729633331298828,8621600
2007-06-26,10.012499809265137,10.03499984741211,9.837499618530273,9.8774995803833,6.650519847869873,10896800
2007-06-27,9.824999809265137,10.102499961853027,9.8125,10.095000267028809,6.796963691711426,8023600
2007-06-28,10.087499618530273,10.125,9.817500114440918,9.979999542236328,6.719536304473877,9085600
2007-06-29,9.979999542236328,10.09749984741211,9.727499961853027,9.774999618530273,6.581507682800293,7270000
2007-07-02,9.789999961853027,10.050000190734863,9.77750015258789,10.050000190734863,6.766666412353516,5043600
2007-07-03,10.0600004196167,10.22249984741211,10.020000457763672,10.112500190734863,6.808747291564941,3930800
2007-07-05,10.112500190734863,10.387499809265137,9.977499961853027,10.3774995803833,6.987170219421387,10054000
2007-07-06,10.375,10.447500228881836,10.27750015258789,10.387499809265137,6.993905544281006,6941600
2007-07-09,10.460000038146973,10.819999694824219,10.407500267028809,10.8125,7.280058860778809,14075200
2007-07-10,11.0,11.0,10.524999618530273,10.532500267028809,7.091532230377197,8712800
2007-07-11,10.52750015258789,10.6225004196167,10.395000457763672,10.4375,7.027569770812988,7340800
2007-07-12,10.552499771118164,10.645000457763672,10.3774995803833,10.604999542236328,7.140347480773926,8340800
2007-07-13,10.612500190734863,10.680000305175781,10.46500015258789,10.5,7.0696516036987305,6658000
2007-07-16,10.449999809265137,10.607500076293945,10.40999984741211,10.517499923706055,7.08143424987793,4695200
2007-07-17,10.515000343322754,10.595000267028809,10.395000457763672,10.40250015258789,7.004003524780273,2922400
2007-07-18,10.327500343322754,10.567500114440918,10.164999961853027,10.524999618530273,7.086484909057617,9935600
2007-07-19,10.607500076293945,10.662500381469727,10.392499923706055,10.417499542236328,7.014103412628174,5072000
2007-07-20,10.399999618530273,10.552499771118164,10.255000114440918,10.482500076293945,7.057868003845215,4552800
2007-07-23,10.550000190734863,10.592499732971191,10.267499923706055,10.272500038146973,6.916475296020508,4889200
2007-07-24,10.3125,10.762499809265137,10.257499694824219,10.40250015258789,7.004003524780273,7830000
2007-07-25,10.475000381469727,10.592499732971191,10.322500228881836,10.5024995803833,7.0713348388671875,6957200
2007-07-26,10.375,10.640000343322754,10.069999694824219,10.265000343322754,6.911426544189453,8762400
2007-07-27,10.199999809265137,10.492500305175781,10.069999694824219,10.100000381469727,6.8003315925598145,7153600
2007-07-30,10.109999656677246,10.272500038146973,9.9375,10.180000305175781,6.854194641113281,8771600
2007-07-31,10.444999694824219,10.550000190734863,10.050000190734863,10.087499618530273,6.791914939880371,7746800
2007-08-01,10.057499885559082,10.21500015258789,9.887499809265137,10.024999618530273,6.749833583831787,11194800
2007-08-02,10.0600004196167,10.387499809265137,10.050000190734863,10.3774995803833,6.987170219421387,7012000
2007-08-03,9.90250015258789,10.15250015258789,9.387499809265137,9.887499809265137,6.65725564956665,25260400
2007-08-06,10.0,10.287500381469727,9.787500381469727,10.149999618530273,6.833995819091797,10832000
2007-08-07,10.149999618530273,10.864999771118164,10.100000381469727,10.6899995803833,7.197579383850098,12259600
2007-08-08,10.737500190734863,11.1899995803833,10.625,11.010000228881836,7.413034439086914,8939200
2007-08-09,10.772500038146973,10.772500038146973,10.087499618530273,10.237500190734863,6.892909049987793,13578000
2007-08-10,9.875,10.210000038146973,9.797499656677246,9.970000267028809,6.712804317474365,11581200
2007-08-13,10.210000038146973,10.449999809265137,10.0,10.172499656677246,6.849145889282227,6788400
2007-08-14,10.239999771118164,10.302499771118164,9.9375,10.017499923706055,6.744783878326416,7792000
2007-08-15,9.97249984741211,10.1875,9.817500114440918,9.885000228881836,6.655572414398193,8548800
2007-08-16,9.6850004196167,9.779999732971191,9.350000381469727,9.744999885559082,6.561309814453125,13521200
2007-08-17,10.017499923706055,10.15999984741211,9.6875,9.975000381469727,6.716170310974121,9318000
2007-08-20,10.1875,10.494999885559082,10.069999694824219,10.420000076293945,7.015787124633789,7671200
2007-08-21,10.494999885559082,10.8125,10.425000190734863,10.739999771118164,7.23124361038208,7677200
2007-08-22,10.9399995803833,10.954999923706055,10.795000076293945,10.854999542236328,7.308671951293945,10826400
2007-08-23,11.515000343322754,12.21500015258789,11.422499656677246,11.862500190734863,7.987021446228027,36215600
2007-08-24,12.100000381469727,12.454999923706055,11.77750015258789,12.357500076293945,8.320304870605469,16282000
2007-08-27,12.387499809265137,12.460000038146973,12.069999694824219,12.177499771118164,8.199113845825195,8902800
2007-08-28,12.149999618530273,12.154999732971191,11.604999542236328,11.604999542236328,7.813648223876953,9943600
2007-08-29,11.7524995803833,12.430000305175781,11.7524995803833,12.40999984741211,8.355655670166016,9858800
2007-08-30,12.262499809265137,12.582500457763672,12.0024995803833,12.207500457763672,8.219311714172363,11760800
2007-08-31,12.375,12.630000114440918,12.262499809265137,12.53499984741211,8.43981647491455,8497600
2007-09-04,12.625,12.9975004196167,12.592499732971191,12.782500267028809,8.60645866394043,7339200
2007-09-05,12.625,12.6274995803833,12.329999923706055,12.417499542236328,8.360702514648438,7518000
2007-09-06,12.5,12.619999885559082,12.255000114440918,12.512499809265137,8.42466926574707,5309200
2007-09-07,12.262499809265137,12.287500381469727,11.932499885559082,12.052499771118164,8.114951133728027,8721200
2007-09-10,12.114999771118164,12.327500343322754,11.862500190734863,12.202500343322754,8.215944290161133,6490800
2007-09-11,12.27750015258789,12.619999885559082,12.27750015258789,12.545000076293945,8.446549415588379,6751200
2007-09-12,12.542499542236328,12.6225004196167,12.412500381469727,12.587499618530273,8.4751615524292,4645200
2007-09-13,12.619999885559082,12.672499656677246,12.449999809265137,12.452500343322754,8.384265899658203,6732400
2007-09-14,12.417499542236328,13.0,12.350000381469727,12.96500015258789,8.72933578491211,15742800
2007-09-17,12.854999542236328,13.114999771118164,12.767499923706055,12.850000381469727,8.651907920837402,7458800
2007-09-18,12.987500190734863,13.082500457763672,12.789999961853027,13.052499771118164,8.788247108459473,10555200
2007-09-19,13.117500305175781,13.477499961853027,13.100000381469727,13.352499961853027,8.990236282348633,11312800
2007-09-20,13.337499618530273,13.680000305175781,13.274999618530273,13.6225004196167,9.172029495239258,11533600
2007-09-21,13.77750015258789,13.992500305175781,13.677499771118164,13.819999694824219,9.305008888244629,14216800
2007-09-24,14.207500457763672,14.207500457763672,13.832500457763672,14.042499542236328,9.454813003540039,15665200
2007-09-25,13.8725004196167,14.292499542236328,13.65250015258789,14.257499694824219,9.599576950073242,13652800
2007-09-26,14.260000228881836,14.807499885559082,14.25,14.694999694824219,9.894142150878906,15681200
2007-09-27,14.467499732971191,14.487500190734863,13.762499809265137,14.197500228881836,9.559178352355957,20450800
2007-09-28,14.265000343322754,14.375,14.029999732971191,14.087499618530273,9.485115051269531,10254400
2007-10-01,14.182499885559082,14.274999618530273,13.729999542236328,14.037500381469727,9.451448440551758,10108400
2007-10-02,14.047499656677246,14.460000038146973,14.0024995803833,14.399999618530273,9.69551944732666,8101200
2007-10-03,14.109999656677246,14.279999732971191,14.039999961853027,14.15250015258789,9.528881072998047,9836400
2007-10-04,14.220000267028809,14.25,13.515000343322754,13.657500267028809,9.195597648620605,8743200
2007-10-05,13.774999618530273,14.192500114440918,13.699999809265137,14.180000305175781,9.547395706176758,9329600
2007-10-08,14.212499618530273,14.475000381469727,14.074999809265137,14.162500381469727,9.535611152648926,4688800
2007-10-09,14.302499771118164,14.72249984741211,14.270000457763672,14.677499771118164,9.882363319396973,11420800
2007-10-10,14.6875,14.862500190734863,14.5,14.742500305175781,9.926129341125488,8718800
2007-10-11,14.782500267028809,14.850000381469727,14.0,14.262499809265137,9.60294246673584,6229600
2007-10-12,14.232500076293945,14.3725004196167,14.007499694824219,14.350000381469727,9.661857604980469,8033200
2007-10-15,14.524999618530273,14.8725004196167,14.319999694824219,14.505000114440918,9.766219139099121,11118400
2007-10-16,14.3725004196167,14.800000190734863,14.3725004196167,14.529999732971191,9.783049583435059,7624000
2007-10-17,14.869999885559082,15.037500381469727,14.430000305175781,14.6274995803833,9.8486967086792,12518000
2007-10-18,14.600000381469727,14.782500267028809,14.454999923706055,14.59749984741211,9.828498840332031,5218800
2007-10-19,14.6274995803833,14.742500305175781,14.175000190734863,14.1850004196167,9.550764083862305,4996400
2007-10-22,13.975000381469727,14.5,13.3125,14.1899995803833,9.554129600524902,10362000
2007-10-23,14.305000305175781,15.032500267028809,14.162500381469727,15.012499809265137,10.107918739318848,9815200
2007-10-24,15.162500381469727,15.199999809265137,14.239999771118164,14.532500267028809,9.784734725952148,7404000
2007-10-25,14.602499961853027,14.670000076293945,13.962499618530273,14.15250015258789,9.528881072998047,8461200
2007-10-26,14.642499923706055,14.737500190734863,14.25,14.359999656677246,9.668591499328613,13177200
2007-10-29,14.710000038146973,14.864999771118164,14.489999771118164,14.567500114440918,9.80829906463623,9931200
2007-10-30,14.524999618530273,14.75,14.369999885559082,14.375,9.678689002990723,4704000
2007-10-31,14.452500343322754,14.8125,14.432499885559082,14.805000305175781,9.968208312988281,9824000
2007-11-01,14.6875,15.125,14.462499618530273,14.462499618530273,9.737601280212402,9021200
2007-11-02,14.737500190734863,14.862500190734863,13.84000015258789,14.132499694824219,9.515413284301758,8757600
2007-11-05,14.125,14.319999694824219,13.850000381469727,14.244999885559082,9.591160774230957,6502400
2007-11-06,14.282500267028809,14.737500190734863,14.282500267028809,14.672499656677246,9.878995895385742,7791200
2007-11-07,14.329999923706055,14.8149995803833,14.09749984741211,14.104999542236328,9.496899604797363,7603200
2007-11-08,14.125,14.300000190734863,13.125,13.949999809265137,9.392539978027344,12534800
2007-11-09,13.375,13.585000038146973,12.954999923706055,13.194999694824219,8.884194374084473,13440800
2007-11-12,12.795000076293945,13.1875,12.572500228881836,13.0,8.752901077270508,11782000
2007-11-13,13.095000267028809,13.757499694824219,13.095000267028809,13.607500076293945,9.161931991577148,8614000
2007-11-14,14.052499771118164,14.232500076293945,13.414999961853027,13.467499732971191,9.067669868469238,9347200
2007-11-15,13.65999984741211,14.140000343322754,13.467499732971191,13.982500076293945,9.414420127868652,12091200
2007-11-16,13.917499542236328,13.917499542236328,13.125,13.75,9.257877349853516,15406800
2007-11-19,13.912500381469727,13.912500381469727,12.824999809265137,13.2475004196167,8.91954231262207,21253200
2007-11-20,12.332500457763672,13.27750015258789,11.864999771118164,12.7524995803833,8.586258888244629,46295600
2007-11-21,12.572500228881836,12.572500228881836,12.1875,12.329999923706055,8.301790237426758,14115200
2007-11-23,12.609999656677246,12.667499542236328,12.34000015258789,12.537500381469727,8.441502571105957,4015200
2007-11-26,12.75,13.234999656677246,12.637499809265137,12.869999885559082,8.665371894836426,15294000
2007-11-27,13.082500457763672,13.460000038146973,13.037500381469727,13.28499984741211,8.944790840148926,12078000
2007-11-28,13.582500457763672,14.012499809265137,13.537500381469727,13.942500114440918,9.38748836517334,13355200
2007-11-29,14.147500038146973,14.147500038146973,13.600000381469727,13.96500015258789,9.40263557434082,9410000
2007-11-30,14.260000228881836,14.404999732971191,14.087499618530273,14.362500190734863,9.670272827148438,17945600
2007-12-03,14.5,14.720000267028809,14.25,14.399999618530273,9.69551944732666,10230000
2007-12-04,14.2475004196167,14.420000076293945,14.02750015258789,14.302499771118164,9.629874229431152,8308400
2007-12-05,14.507499694824219,14.625,14.295000076293945,14.475000381469727,9.74601936340332,6776800
2007-12-06,14.727499961853027,15.02750015258789,14.265000343322754,14.912500381469727,10.04058837890625,28446800
2007-12-07,15.147500038146973,15.942500114440918,15.104999542236328,15.194999694824219,10.230794906616211,14952800
2007-12-10,15.225000381469727,15.510000228881836,14.962499618530273,15.0,10.099503517150879,9276800
2007-12-11,15.067500114440918,15.104999542236328,14.392499923706055,14.529999732971191,9.783049583435059,10792400
2007-12-12,14.8725004196167,15.020000457763672,14.454999923706055,14.654999732971191,9.867212295532227,10628000
2007-12-13,14.5600004196167,14.75,14.279999732971191,14.387499809265137,9.687105178833008,71285200
2007-12-14,14.375,14.862500190734863,14.225000381469727,14.552499771118164,9.798200607299805,14204400
2007-12-17,14.5,14.75,14.449999809265137,14.537500381469727,9.788102149963379,14002400
2007-12-18,14.672499656677246,15.292499542236328,14.647500038146973,15.239999771118164,10.261094093322754,16019200
2007-12-19,15.369999885559082,15.482500076293945,15.055000305175781,15.242500305175781,10.262777328491211,10536800
2007-12-20,15.324999809265137,15.547499656677246,15.175000190734863,15.524999618530273,10.452982902526855,9072400
2007-12-21,15.632499694824219,15.6899995803833,15.307499885559082,15.362500190734863,10.343572616577148,16519200
2007-12-24,15.677499771118164,15.875,15.475000381469727,15.824999809265137,10.654974937438965,5382000
2007-12-26,15.920000076293945,15.920000076293945,15.457500457763672,15.720000267028809,10.584280014038086,6859200
2007-12-27,15.632499694824219,15.75,15.364999771118164,15.550000190734863,10.469815254211426,8374000
2007-12-28,15.557499885559082,15.7475004196167,15.479999542236328,15.574999809265137,10.486649513244629,7000000
2007-12-31,15.479999542236328,15.635000228881836,15.442500114440918,15.52750015258789,10.454665184020996,8378400
2008-01-02,15.537500381469727,15.572500228881836,14.8100004196167,15.074999809265137,10.149998664855957,9398800
2008-01-03,15.074999809265137,15.352499961853027,14.9375,15.02750015258789,10.118019104003906,9843200
2008-01-04,14.737500190734863,14.737500190734863,14.182499885559082,14.260000228881836,9.601261138916016,16070400
2008-01-07,14.137499809265137,14.475000381469727,13.962499618530273,14.130000114440918,9.513731956481934,13208800
2008-01-08,14.262499809265137,14.772500038146973,13.96500015258789,14.024999618530273,9.443032264709473,12886400
2008-01-09,13.989999771118164,14.149999618530273,13.2475004196167,13.77750015258789,9.27639389038086,26118800
2008-01-10,13.532500267028809,13.762499809265137,12.5625,13.067500114440918,8.798351287841797,40060000
2008-01-11,13.0,13.375,12.899999618530273,13.029999732971191,8.773099899291992,19846000
2008-01-14,13.085000038146973,13.494999885559082,13.069999694824219,13.427499771118164,9.040736198425293,13277600
2008-01-15,13.362500190734863,13.362500190734863,12.574999809265137,12.702500343322754,8.552596092224121,15774400
2008-01-16,12.369999885559082,12.962499618530273,12.369999885559082,12.827500343322754,8.636756896972656,19882400
2008-01-17,12.842499732971191,13.412500381469727,12.342499732971191,12.430000305175781,8.369123458862305,18054400
2008-01-18,12.517499923706055,12.994999885559082,12.262499809265137,12.329999923706055,8.301790237426758,15501200
2008-01-22,11.647500038146973,12.767499923706055,11.1899995803833,12.617500305175781,8.49536418914795,24653200
2008-01-23,12.272500038146973,13.029999732971191,11.9375,13.012499809265137,8.76131820678711,23099200
2008-01-24,13.112500190734863,13.244999885559082,12.7524995803833,13.104999542236328,8.82359790802002,14777600
2008-01-25,13.257499694824219,13.380000114440918,12.34000015258789,12.399999618530273,8.348919868469238,14676800
2008-01-28,12.392499923706055,12.657500267028809,12.0024995803833,12.637499809265137,8.508832931518555,10268000
2008-01-29,12.694999694824219,12.694999694824219,12.272500038146973,12.417499542236328,8.360702514648438,9950400
2008-01-30,12.380000114440918,12.517499923706055,12.074999809265137,12.270000457763672,8.261392593383789,9477600
2008-01-31,12.100000381469727,13.085000038146973,12.052499771118164,12.890000343322754,8.678839683532715,12497200
2008-02-01,12.962499618530273,13.239999771118164,12.824999809265137,13.130000114440918,8.84043025970459,8606400
2008-02-04,13.547499656677246,13.7475004196167,12.987500190734863,13.0,8.752901077270508,9960000
2008-02-05,12.75,12.984999656677246,12.34000015258789,12.34000015258789,8.308525085449219,8459200
2008-02-06,12.447500228881836,12.71500015258789,12.260000228881836,12.319999694824219,8.295058250427246,10170800
2008-02-07,12.194999694824219,12.4350004196167,11.802499771118164,12.292499542236328,8.276541709899902,11981600
2008-02-08,12.25,12.710000038146973,12.107500076293945,12.5600004196167,8.456648826599121,7503600
2008-02-11,12.34000015258789,12.637499809265137,12.1875,12.5600004196167,8.456648826599121,10498800
2008-02-12,12.609999656677246,12.635000228881836,12.172499656677246,12.274999618530273,8.264758110046387,13856400
2008-02-13,12.345000267028809,12.382499694824219,11.5625,11.829999923706055,7.9651408195495605,18358000
2008-02-14,11.829999923706055,11.864999771118164,11.220000267028809,11.4399995803833,7.702552795410156,21073600
2008-02-15,11.307499885559082,11.930000305175781,11.0649995803833,11.907500267028809,8.017321586608887,28404800
2008-02-19,12.0,12.032500267028809,11.59000015258789,11.71500015258789,7.887711524963379,13709200
2008-02-20,11.645000457763672,11.645000457763672,11.15999984741211,11.4350004196167,7.699184894561768,15053600
2008-02-21,11.4975004196167,11.744999885559082,11.385000228881836,11.4975004196167,7.741268157958984,9418800
2008-02-22,11.567500114440918,11.635000228881836,11.260000228881836,11.567500114440918,7.788398742675781,9797200
2008-02-25,11.587499618530273,11.59000015258789,11.25,11.515000343322754,7.753051280975342,10012800
2008-02-26,11.40999984741211,11.850000381469727,11.34000015258789,11.77750015258789,7.929793357849121,9491200
2008-02-27,11.729999542236328,11.962499618530273,11.6274995803833,11.852499961853027,7.980288028717041,6761200
2008-02-28,11.744999885559082,11.75,11.244999885559082,11.265000343322754,7.584726810455322,11685200
2008-02-29,11.22249984741211,11.22249984741211,10.567500114440918,10.59000015258789,7.130249500274658,16601600
2008-03-03,10.574999809265137,10.707500457763672,10.194999694824219,10.6850004196167,7.194211959838867,12508800
2008-03-04,10.5649995803833,10.912500381469727,10.5,10.899999618530273,7.338970184326172,11981200
2008-03-05,10.975000381469727,11.329999923706055,10.857500076293945,11.307499885559082,7.613341331481934,14798000
2008-03-06,11.274999618530273,11.375,10.817500114440918,10.84000015258789,7.298573970794678,9648000
2008-03-07,10.727499961853027,11.020000457763672,10.477499961853027,10.670000076293945,7.184111595153809,7842400
2008-03-10,10.657500267028809,10.96500015258789,10.604999542236328,10.832500457763672,7.293521881103516,12572800
2008-03-11,11.335000038146973,11.72249984741211,11.182499885559082,11.717499732971191,7.8893914222717285,13702000
2008-03-12,11.712499618530273,11.987500190734863,11.53499984741211,11.5625,7.785031795501709,8811600
2008-03-13,11.417499542236328,11.864999771118164,11.125,11.792499542236328,7.9398932456970215,9716400
2008-03-14,12.074999809265137,12.3125,11.59000015258789,12.262499809265137,8.256342887878418,20089200
2008-03-17,11.52750015258789,12.157500267028809,11.2524995803833,11.75,7.911275863647461,16108400
2008-03-18,12.2475004196167,12.375,11.172499656677246,12.137499809265137,8.172179222106934,35311200
2008-03-19,12.207500457763672,12.4975004196167,11.734999656677246,11.744999885559082,7.907909870147705,15634000
2008-03-20,11.7475004196167,12.547499656677246,11.7475004196167,12.545000076293945,8.446549415588379,17160800
2008-03-24,12.6225004196167,13.6875,12.6225004196167,13.4975004196167,9.087871551513672,21702800
2008-03-25,13.5600004196167,13.5625,13.1875,13.462499618530273,9.064303398132324,13272800
2008-03-26,13.3774995803833,13.460000038146973,13.057499885559082,13.244999885559082,8.917859077453613,9238000
2008-03-27,13.300000190734863,13.619999885559082,13.300000190734863,13.5,9.089554786682129,10036800
2008-03-28,13.452500343322754,13.452500343322754,12.859999656677246,12.97249984741211,8.734386444091797,11335200
2008-03-31,12.8725004196167,13.1225004196167,12.725000381469727,12.927499771118164,8.704087257385254,13848000
2008-04-01,13.182499885559082,13.962499618530273,13.182499885559082,13.917499542236328,9.370655059814453,17945200
2008-04-02,13.957500457763672,14.207500457763672,13.677499771118164,13.917499542236328,9.370655059814453,13132000
2008-04-03,13.859999656677246,14.199999809265137,13.65999984741211,14.100000381469727,9.4935302734375,8529200
2008-04-04,14.0,14.229999542236328,13.850000381469727,14.104999542236328,9.496899604797363,6052000
2008-04-07,14.270000457763672,14.270000457763672,13.887499809265137,14.015000343322754,9.436301231384277,6571600
2008-04-08,13.8149995803833,13.962499618530273,13.585000038146973,13.837499618530273,9.316791534423828,7986800
2008-04-09,13.737500190734863,13.90999984741211,13.234999656677246,13.422499656677246,9.037372589111328,13598000
2008-04-10,13.397500038146973,13.890000343322754,13.397500038146973,13.797499656677246,9.2898588180542,12056400
2008-04-11,13.579999923706055,13.859999656677246,13.53499984741211,13.635000228881836,9.180445671081543,6223200
2008-04-14,13.602499961853027,13.9375,13.414999961853027,13.72249984741211,9.239361763000488,6964000
2008-04-15,13.8725004196167,13.982500076293945,13.6875,13.962499618530273,9.40095329284668,8661200
2008-04-16,14.0600004196167,14.237500190734863,13.96500015258789,14.164999961853027,9.537298202514648,9032000
2008-04-17,14.22249984741211,14.582500457763672,14.104999542236328,14.260000228881836,9.601261138916016,8637600
2008-04-18,14.529999732971191,14.782500267028809,14.012499809265137,14.15999984741211,9.533929824829102,18530400
2008-04-21,13.574999809265137,13.949999809265137,13.462499618530273,13.892499923706055,9.35382080078125,12316000
2008-04-22,13.8125,13.857500076293945,13.5625,13.712499618530273,9.232626914978027,7740400
2008-04-23,13.505000114440918,13.920000076293945,13.505000114440918,13.802499771118164,9.293225288391113,9008400
2008-04-24,13.792499542236328,14.1899995803833,13.774999618530273,13.992500305175781,9.421151161193848,7333600
2008-04-25,14.09000015258789,14.112500190734863,13.875,14.045000076293945,9.456501007080078,8757200
2008-04-28,14.050000190734863,14.050000190734863,13.71500015258789,13.779999732971191,9.278077125549316,10067200
2008-04-29,13.850000381469727,14.074999809265137,13.607500076293945,13.657500267028809,9.195597648620605,8226800
2008-04-30,13.727499961853027,14.0,13.542499542236328,13.760000228881836,9.264609336853027,10017200
2008-05-01,13.8125,14.300000190734863,13.6875,14.09749984741211,9.491849899291992,10534000
2008-05-02,14.15250015258789,14.194999694824219,13.335000038146973,13.4975004196167,9.087871551513672,13057600
2008-05-05,13.545000076293945,13.557499885559082,13.140000343322754,13.1875,8.879142761230469,10268000
2008-05-06,13.087499618530273,13.59000015258789,13.024999618530273,13.475000381469727,9.072718620300293,9750000
2008-05-07,13.425000190734863,13.425000190734863,13.0,13.045000076293945,8.783202171325684,11799200
2008-05-08,13.119999885559082,13.242500305175781,12.704999923706055,12.765000343322754,8.59467601776123,11374400
2008-05-09,12.6850004196167,12.957500457763672,12.515000343322754,12.807499885559082,8.623291015625,8953200
2008-05-12,12.930000305175781,13.607500076293945,12.807499885559082,13.524999618530273,9.106383323669434,14618800
2008-05-13,13.604999542236328,13.734999656677246,13.454999923706055,13.649999618530273,9.190545082092285,8144800
2008-05-14,13.789999961853027,13.967499732971191,13.649999618530273,13.742500305175781,9.252827644348145,7578000
2008-05-15,13.77750015258789,14.0,13.614999771118164,13.862500190734863,9.333622932434082,11836400
2008-05-16,13.782500267028809,13.875,13.069999694824219,13.467499732971191,9.067669868469238,10736800
2008-05-19,13.40999984741211,13.4975004196167,12.954999923706055,13.050000190734863,8.786565780639648,8378800
2008-05-20,12.912500381469727,12.949999809265137,12.632499694824219,12.895000457763672,8.682207107543945,11591600
2008-05-21,12.954999923706055,13.22249984741211,12.710000038146973,12.710000038146973,8.55764389038086,13868000
2008-05-22,11.6850004196167,12.34000015258789,11.02750015258789,12.212499618530273,8.222677230834961,69192800
2008-05-23,12.27750015258789,12.5,11.942500114440918,12.342499732971191,8.31020450592041,21610000
2008-05-27,12.295000076293945,12.427499771118164,12.067500114440918,12.375,8.332090377807617,15632800
2008-05-28,12.470000267028809,12.607500076293945,12.3100004196167,12.572500228881836,8.465065956115723,12170000
2008-05-29,12.515000343322754,12.667499542236328,12.2475004196167,12.297499656677246,8.279911041259766,16644800
2008-05-30,12.307499885559082,12.442500114440918,12.069999694824219,12.399999618530273,8.348919868469238,11706400
2008-06-02,12.354999542236328,12.46500015258789,12.010000228881836,12.289999961853027,8.274856567382812,12183200
2008-06-03,12.3100004196167,12.3725004196167,11.984999656677246,12.107500076293945,8.151981353759766,14062400
2008-06-04,12.09000015258789,12.102499961853027,11.630000114440918,11.845000267028809,7.975240230560303,15030000
2008-06-05,11.952500343322754,12.03499984741211,11.734999656677246,11.890000343322754,8.005538940429688,16022000
2008-06-06,11.682499885559082,11.832500457763672,11.25,11.25,7.5746259689331055,18682000
2008-06-09,11.375,11.617500305175781,11.229999542236328,11.457500457763672,7.714335918426514,14682800
2008-06-10,11.414999961853027,11.479999542236328,11.085000038146973,11.157500267028809,7.512348175048828,16049600
2008-06-11,11.149999618530273,11.170000076293945,10.6274995803833,10.6274995803833,7.155498504638672,19711600
2008-06-12,10.772500038146973,11.204999923706055,10.637499809265137,10.729999542236328,7.22451114654541,18547600
2008-06-13,10.882499694824219,11.192500114440918,10.880000114440918,11.1274995803833,7.492147922515869,18588400
2008-06-16,11.397500038146973,12.132499694824219,11.364999771118164,11.984999656677246,8.069501876831055,26889200
2008-06-17,12.042499542236328,12.067500114440918,11.53499984741211,11.71500015258789,7.887711524963379,14980000
2008-06-18,11.607500076293945,11.880000114440918,11.449999809265137,11.662500381469727,7.852365016937256,14089200
2008-06-19,11.632499694824219,12.0,11.552499771118164,11.984999656677246,8.069501876831055,15765600
2008-06-20,11.8725004196167,11.8725004196167,11.354999542236328,11.354999542236328,7.645322799682617,17922400
2008-06-23,11.359999656677246,11.482500076293945,11.157500267028809,11.4350004196167,7.699184894561768,14428000
2008-06-24,11.3725004196167,11.65250015258789,11.237500190734863,11.350000381469727,7.641956329345703,10932000
2008-06-25,11.482500076293945,11.742500305175781,11.362500190734863,11.505000114440918,7.746317386627197,10594400
2008-06-26,11.352499961853027,11.352499961853027,10.859999656677246,10.882499694824219,7.327189922332764,10815600
2008-06-27,10.882499694824219,10.992500305175781,10.677499771118164,10.707500457763672,7.209362030029297,15141600
2008-06-30,10.6274995803833,10.789999961853027,10.067500114440918,10.100000381469727,6.8003315925598145,20155600
2008-07-01,10.012499809265137,10.21500015258789,9.8125,10.1875,6.859246253967285,20770800
2008-07-02,10.25,10.602499961853027,10.077500343322754,10.102499961853027,6.802013397216797,15804800
2008-07-03,10.109999656677246,10.2475004196167,9.579999923706055,9.694999694824219,6.527643203735352,8804800
2008-07-07,9.755000114440918,9.967499732971191,9.6875,9.84000015258789,6.625272750854492,14674400
2008-07-08,9.7524995803833,10.204999923706055,9.52750015258789,10.177499771118164,6.852512836456299,15121600
2008-07-09,10.225000381469727,10.364999771118164,9.822500228881836,9.845000267028809,6.628640174865723,13638800
2008-07-10,9.827500343322754,10.0649995803833,9.6274995803833,9.729999542236328,6.551208972930908,10499200
2008-07-11,9.6225004196167,10.1274995803833,9.404999732971191,9.819999694824219,6.611807346343994,16315600
2008-07-14,10.012499809265137,10.25,9.9399995803833,10.067500114440918,6.778449058532715,13985200
2008-07-15,10.024999618530273,10.65999984741211,9.657500267028809,10.302499771118164,6.936673641204834,19512800
2008-07-16,10.337499618530273,10.720000267028809,10.130000114440918,10.6875,7.195895671844482,10628400
2008-07-17,10.6875,11.1899995803833,10.47249984741211,10.832500457763672,7.293521881103516,10802800
2008-07-18,11.212499618530273,11.362500190734863,10.787500381469727,11.3125,7.616707801818848,17629200
2008-07-21,11.319999694824219,11.447500228881836,10.707500457763672,10.762499809265137,7.246393203735352,10062000
2008-07-22,10.664999961853027,10.984999656677246,10.420000076293945,10.859999656677246,7.312036991119385,12102800
2008-07-23,10.850000381469727,11.385000228881836,10.707500457763672,11.057499885559082,7.445017337799072,16638000
2008-07-24,10.9350004196167,11.114999771118164,10.595000267028809,10.640000343322754,7.163914203643799,8073200
2008-07-25,10.725000381469727,10.829999923706055,10.335000038146973,10.385000228881836,6.992221832275391,11425600
2008-07-28,10.364999771118164,10.387499809265137,9.8725004196167,10.145000457763672,6.830631256103516,15166400
2008-07-29,10.145000457763672,10.5,9.960000038146973,10.375,6.985490322113037,10380800
2008-07-30,10.430000305175781,10.574999809265137,9.907500267028809,10.255000114440918,6.904694080352783,13275600
2008-07-31,10.1274995803833,10.492500305175781,10.095000267028809,10.1274995803833,6.81884765625,7168800
2008-08-01,10.22249984741211,10.22249984741211,9.767499923706055,9.957500457763672,6.704385757446289,7149600
2008-08-04,9.9375,10.0024995803833,9.704999923706055,9.857500076293945,6.637055397033691,7437200
2008-08-05,9.944999694824219,10.765000343322754,9.944999694824219,10.725000381469727,7.221145153045654,9434800
2008-08-06,10.649999618530273,10.875,10.420000076293945,10.694999694824219,7.200944900512695,8805600
2008-08-07,10.602499961853027,10.602499961853027,10.319999694824219,10.354999542236328,6.972022533416748,8546400
2008-08-08,10.305000305175781,11.109999656677246,10.297499656677246,11.055000305175781,7.443331241607666,11020000
2008-08-11,10.930000305175781,11.922499656677246,10.867500305175781,11.442500114440918,7.704237937927246,20922800
2008-08-12,11.397500038146973,11.397500038146973,11.177499771118164,11.287500381469727,7.59987735748291,12188400
2008-08-13,11.2475004196167,11.25,10.850000381469727,11.052499771118164,7.441648006439209,10420800
2008-08-14,11.079999923706055,11.25,10.835000038146973,11.107500076293945,7.478681564331055,9440000
2008-08-15,11.1875,11.282500267028809,10.757499694824219,10.802499771118164,7.273324012756348,13044000
2008-08-18,10.869999885559082,11.09000015258789,10.617500305175781,11.045000076293945,7.43659782409668,14777600
2008-08-19,10.987500190734863,11.255000114440918,10.8149995803833,11.010000228881836,7.413034439086914,12618400
2008-08-20,11.1225004196167,11.1225004196167,10.6899995803833,10.880000114440918,7.32550573348999,11106400
2008-08-21,10.392499923706055,10.96500015258789,9.975000381469727,10.869999885559082,7.318772792816162,45804800
2008-08-22,10.9975004196167,11.1875,10.824999809265137,11.039999961853027,7.433233261108398,10726000
2008-08-25,10.917499542236328,11.037500381469727,10.699999809265137,10.8149995803833,7.281741142272949,8637600
2008-08-26,10.77750015258789,10.807499885559082,10.524999618530273,10.77750015258789,7.256492614746094,12825600
2008-08-27,10.774999618530273,10.912500381469727,10.707500457763672,10.774999618530273,7.254807949066162,7100800
2008-08-28,10.8149995803833,11.072500228881836,10.8149995803833,11.022500038146973,7.421450614929199,6842800
2008-08-29,11.0,11.1875,10.90999984741211,10.967499732971191,7.38441801071167,6734800
2008-09-02,11.085000038146973,11.557499885559082,11.085000038146973,11.345000267028809,7.638589382171631,15146000
2008-09-03,11.364999771118164,11.375,10.90999984741211,10.975000381469727,7.389469623565674,9074000
2008-09-04,10.875,11.140000343322754,10.807499885559082,10.982500076293945,7.3945183753967285,11927600
2008-09-05,10.8774995803833,11.024999618530273,10.595000267028809,10.907500267028809,7.344020843505859,10644000
2008-09-08,11.067500114440918,11.59000015258789,10.800000190734863,11.069999694824219,7.453432559967041,14582800
2008-09-09,11.135000228881836,11.297499656677246,10.765000343322754,10.887499809265137,7.330554962158203,11334000
2008-09-10,10.887499809265137,11.0625,10.595000267028809,10.6899995803833,7.197579383850098,9796800
2008-09-11,10.512499809265137,10.725000381469727,10.382499694824219,10.675000190734863,7.187479019165039,9519200
2008-09-12,10.520000457763672,10.520000457763672,10.102499961853027,10.302499771118164,6.936673641204834,13232000
2008-09-15,9.827500343322754,10.414999961853027,9.5625,9.725000381469727,6.547843933105469,16810000
2008-09-16,9.505000114440918,10.157500267028809,9.40999984741211,10.020000457763672,6.7464680671691895,14190400
2008-09-17,9.882499694824219,9.994999885559082,9.362500190734863,9.399999618530273,6.329021453857422,19856800
2008-09-18,9.552499771118164,9.744999885559082,8.755000114440918,9.6225004196167,6.478830814361572,25745600
2008-09-19,10.15250015258789,10.40250015258789,9.25,9.425000190734863,6.345853805541992,23282800
2008-09-22,9.482500076293945,9.482500076293945,9.020000457763672,9.069999694824219,6.106830596923828,12012400
2008-09-23,9.1225004196167,9.217499732971191,8.630000114440918,8.734999656677246,5.881275177001953,13957200
2008-09-24,8.757499694824219,8.757499694824219,8.322500228881836,8.649999618530273,5.824045181274414,18436400
2008-09-25,8.757499694824219,9.25,8.694999694824219,9.010000228881836,6.066434383392334,12844800
2008-09-26,8.8125,9.0625,8.725000381469727,9.039999961853027,6.086635589599609,7502400
2008-09-29,9.095000267028809,9.15999984741211,8.199999809265137,8.550000190734863,5.756716251373291,17368000
2008-09-30,8.734999656677246,8.75,8.420000076293945,8.552499771118164,5.758398532867432,10832400
2008-10-01,8.467499732971191,9.0600004196167,8.467499732971191,9.010000228881836,6.066434383392334,14468400
2008-10-02,9.0,9.0625,8.7475004196167,8.952500343322754,6.027719020843506,14665600
2008-10-03,9.112500190734863,9.604999542236328,8.744999885559082,8.819999694824219,5.938508033752441,16381600
2008-10-06,8.475000381469727,8.6225004196167,7.8125,8.52750015258789,5.741567611694336,16781600
2008-10-07,8.5024995803833,8.725000381469727,7.677499771118164,7.6875,5.175994873046875,15159600
2008-10-08,7.392499923706055,7.817500114440918,7.320000171661377,7.552499771118164,5.085097789764404,24096800
2008-10-09,7.642499923706055,7.985000133514404,7.204999923706055,7.272500038146973,4.896575927734375,12377600
2008-10-10,6.744999885559082,7.542500019073486,6.597499847412109,7.275000095367432,4.898257732391357,17067600
2008-10-13,7.902500152587891,8.395000457763672,7.59250020980835,8.380000114440918,5.642254829406738,11892800
2008-10-14,8.7475004196167,9.210000038146973,7.369999885559082,7.590000152587891,5.110348224639893,17392400
2008-10-15,7.539999961853027,7.542500019073486,6.925000190734863,6.932499885559082,4.667652130126953,10457200
2008-10-16,7.082499980926514,7.8125,6.804999828338623,7.702499866485596,5.186093807220459,19504800
2008-10-17,7.519999980926514,8.260000228881836,7.472499847412109,7.960000038146973,5.359469413757324,15007600
2008-10-20,8.055000305175781,8.487500190734863,7.860000133514404,8.297499656677246,5.5867085456848145,9182800
2008-10-21,8.300000190734863,8.380000114440918,7.554999828338623,7.614999771118164,5.1271796226501465,11535200
2008-10-22,7.59250020980835,7.602499961853027,6.715000152587891,7.057499885559082,4.7518157958984375,11143600
2008-10-23,6.997499942779541,7.172500133514404,6.302499771118164,6.767499923706055,4.556558609008789,13702000
2008-10-24,6.070000171661377,6.610000133514404,6.022500038146973,6.432499885559082,4.331003189086914,10107600
2008-10-27,6.322500228881836,6.670000076293945,6.25,6.302499771118164,4.243474960327148,7350800
2008-10-28,6.492499828338623,7.227499961853027,6.127500057220459,7.227499961853027,4.86627721786499,10413200
2008-10-29,7.119999885559082,7.824999809265137,6.925000190734863,7.357500076293945,4.953805446624756,12296800
2008-10-30,7.614999771118164,7.867499828338623,7.322500228881836,7.357500076293945,4.953805446624756,8937200
2008-10-31,6.960000038146973,7.224999904632568,6.630000114440918,6.847499847412109,4.610422134399414,18198800
2008-11-03,6.945000171661377,6.945000171661377,6.632500171661377,6.742499828338623,4.5397257804870605,12913200
2008-11-04,6.877500057220459,7.0,6.792500019073486,6.9375,4.6710205078125,10694800
2008-11-05,6.837500095367432,6.837500095367432,6.295000076293945,6.320000171661377,4.2552571296691895,9225600
2008-11-06,6.262499809265137,6.369999885559082,5.882500171661377,5.952499866485596,4.007819652557373,12471200
2008-11-07,6.014999866485596,6.322500228881836,5.989999771118164,6.275000095367432,4.224957466125488,11724800
2008-11-10,6.432499885559082,6.614999771118164,6.014999866485596,6.119999885559082,4.120595932006836,6611600
2008-11-11,6.03249979019165,6.085000038146973,5.775000095367432,5.852499961853027,3.940488338470459,7261600
2008-11-12,5.482500076293945,5.579999923706055,5.289999961853027,5.510000228881836,3.7098846435546875,12023600
2008-11-13,5.452499866485596,6.224999904632568,5.300000190734863,6.207499980926514,4.179510593414307,11899200
2008-11-14,6.085000038146973,6.53249979019165,5.820000171661377,5.820000171661377,3.918606758117676,17737200
2008-11-17,5.815000057220459,6.0625,5.675000190734863,5.6875,3.829395055770874,10797200
2008-11-18,5.684999942779541,5.822500228881836,5.367499828338623,5.552499771118164,3.738499164581299,10996000
2008-11-19,5.525000095367432,5.617499828338623,5.077499866485596,5.139999866485596,3.4607620239257812,14096000
2008-11-20,4.78000020980835,4.997499942779541,4.227499961853027,4.375,2.945687770843506,34066000
2008-11-21,4.667500019073486,4.667500019073486,4.242499828338623,4.494999885559082,3.0264835357666016,23882400
2008-11-24,4.582499980926514,5.139999866485596,4.4375,5.052499771118164,3.4018490314483643,17435600
2008-11-25,5.152500152587891,5.412499904632568,4.954999923706055,5.167500019073486,3.4792795181274414,13656400
2008-11-26,5.065000057220459,5.539999961853027,4.952499866485596,5.5,3.703151226043701,15137600
2008-11-28,5.5,5.625,5.327499866485596,5.462500095367432,3.677900791168213,3492400
2008-12-01,5.412499904632568,5.412499904632568,4.775000095367432,4.837500095367432,3.257089853286743,16041200
2008-12-02,4.902500152587891,4.987500190734863,4.637499809265137,4.752500057220459,3.199859142303467,13370000
2008-12-03,4.625,4.9375,4.525000095367432,4.712500095367432,3.172926902770996,17088000
2008-12-04,4.614999771118164,5.302499771118164,4.502500057220459,5.045000076293945,3.396799087524414,14238800
2008-12-05,5.039999961853027,5.409999847412109,4.757500171661377,5.317500114440918,3.580273151397705,16196400
2008-12-08,5.59499979019165,6.275000095367432,5.442500114440918,6.25,4.208125591278076,19515600
2008-12-09,6.099999904632568,6.25,5.712500095367432,5.807499885559082,3.9101903438568115,20840800
2008-12-10,5.690000057220459,6.074999809265137,5.492499828338623,6.022500038146973,4.054949760437012,17691200
2008-12-11,5.96999979019165,6.184999942779541,5.635000228881836,5.710000038146973,3.844543218612671,12814800
2008-12-12,5.53000020980835,6.119999885559082,5.53000020980835,6.03249979019165,4.061683654785156,11752800
2008-12-15,6.047500133514404,6.167500019073486,5.635000228881836,5.78000020980835,3.8916757106781006,9152400
2008-12-16,5.875,6.474999904632568,5.864999771118164,6.422500133514404,4.324269771575928,13348800
2008-12-17,6.262499809265137,6.627500057220459,6.144999980926514,6.417500019073486,4.320903778076172,13346400
2008-12-18,6.442500114440918,6.512499809265137,5.960000038146973,6.097499847412109,4.105447292327881,12953600
2008-12-19,6.182499885559082,6.295000076293945,6.025000095367432,6.150000095367432,4.14079475402832,9903600
2008-12-22,6.212500095367432,6.212500095367432,5.605000019073486,5.784999847412109,3.8950414657592773,8427200
2008-12-23,5.885000228881836,5.887499809265137,5.492499828338623,5.545000076293945,3.7334487438201904,7179600
2008-12-24,5.492499828338623,5.847499847412109,5.492499828338623,5.827499866485596,3.9236557483673096,3049200
2008-12-26,5.857500076293945,5.857500076293945,5.684999942779541,5.784999847412109,3.8950414657592773,2639600
2008-12-29,5.797500133514404,5.797500133514404,5.369999885559082,5.487500190734863,3.694734811782837,8405200
2008-12-30,5.489999771118164,5.622499942779541,5.422500133514404,5.534999847412109,3.7267162799835205,6538400
2008-12-31,5.517499923706055,5.59250020980835,5.364999771118164,5.414999961853027,3.6459202766418457,10700000
2009-01-02,5.432499885559082,5.9375,5.260000228881836,5.797500133514404,3.9034583568573,13963600
2009-01-05,5.809999942779541,6.122499942779541,5.75,5.957499980926514,4.011185169219971,13637600
2009-01-06,6.012499809265137,6.132500171661377,5.787499904632568,5.880000114440918,3.9590036869049072,13866000
2009-01-07,5.855000019073486,5.855000019073486,5.565000057220459,5.652500152587891,3.805828809738159,11122800
2009-01-08,6.172500133514404,6.537499904632568,5.75,6.394999980926514,4.3057541847229,42152000
2009-01-09,6.394999980926514,6.6875,6.21750020980835,6.53249979019165,4.398331642150879,18159600
2009-01-12,6.497499942779541,6.517499923706055,6.239999771118164,6.367499828338623,4.2872395515441895,14668400
2009-01-13,6.297500133514404,6.447500228881836,6.052499771118164,6.159999847412109,4.147529125213623,12873600
2009-01-14,6.110000133514404,6.110000133514404,5.757500171661377,5.857500076293945,3.9438557624816895,16432400
2009-01-15,5.892499923706055,6.137499809265137,5.672500133514404,5.957499980926514,4.011185169219971,23565200
2009-01-16,6.132500171661377,6.227499961853027,5.820000171661377,6.170000076293945,4.154262542724609,15144800
2009-01-20,6.144999980926514,6.244999885559082,5.730000019073486,5.762499809265137,3.879891872406006,13612400
2009-01-21,5.992499828338623,6.110000133514404,5.684999942779541,6.107500076293945,4.112179279327393,10744800
2009-01-22,6.047500133514404,6.25,5.802499771118164,6.082499980926514,4.095348834991455,14352800
2009-01-23,6.022500038146973,6.565000057220459,5.815000057220459,6.452499866485596,4.344468116760254,16519200
2009-01-26,6.494999885559082,6.757500171661377,6.422500133514404,6.639999866485596,4.470713138580322,17713600
2009-01-27,6.659999847412109,6.807499885559082,6.497499942779541,6.59250020980835,4.438731670379639,10235600
2009-01-28,6.8125,7.057499885559082,6.752500057220459,7.034999847412109,4.736666202545166,11984800
2009-01-29,6.912499904632568,6.914999961853027,6.550000190734863,6.579999923706055,4.430314064025879,10453600
2009-01-30,6.602499961853027,6.727499961853027,6.175000190734863,6.195000171661377,4.171093940734863,15813200
2009-02-02,6.127500057220459,6.457499980926514,6.0625,6.364999771118164,4.285555362701416,11117200
2009-02-03,6.367499828338623,6.46999979019165,6.244999885559082,6.40500020980835,4.312487602233887,11142800
2009-02-04,6.420000076293945,6.730000019073486,6.28000020980835,6.497499942779541,4.374767303466797,11842800
2009-02-05,6.480000019073486,6.862500190734863,6.440000057220459,6.777500152587891,4.563292026519775,11081600
2009-02-06,6.867499828338623,7.079999923706055,6.75,7.002500057220459,4.714784622192383,9702400
2009-02-09,6.902500152587891,7.0625,6.802499771118164,6.855000019073486,4.615471839904785,6362000
2009-02-10,6.789999961853027,6.982500076293945,6.514999866485596,6.724999904632568,4.527944087982178,13442000
2009-02-11,6.769999980926514,6.787499904632568,6.514999866485596,6.627500057220459,4.462296485900879,8349200
2009-02-12,6.582499980926514,6.769999980926514,6.417500019073486,6.747499942779541,4.543092250823975,10009200
2009-02-13,6.704999923706055,6.809999942779541,6.477499961853027,6.5625,4.418531894683838,14056800
2009-02-17,6.382500171661377,6.482500076293945,6.175000190734863,6.255000114440918,4.21149206161499,13674800
2009-02-18,6.302499771118164,6.382500171661377,6.15500020980835,6.21750020980835,4.186244010925293,8056000
2009-02-19,7.037499904632568,7.102499961853027,6.579999923706055,6.65749979019165,4.4824957847595215,30934000
2009-02-20,6.534999847412109,6.764999866485596,6.397500038146973,6.670000076293945,4.490911960601807,21009200
2009-02-23,6.795000076293945,6.824999809265137,6.522500038146973,6.554999828338623,4.413481712341309,14442800
2009-02-24,6.642499923706055,6.992499828338623,6.577499866485596,6.840000152587891,4.605372905731201,16203600
2009-02-25,6.787499904632568,7.269999980926514,6.71750020980835,7.077499866485596,4.765282154083252,20710000
2009-02-26,7.182499885559082,7.199999809265137,6.744999885559082,6.75,4.5447773933410645,16187600
2009-02-27,6.614999771118164,6.889999866485596,6.552499771118164,6.730000019073486,4.531310558319092,12968800
2009-03-02,6.587500095367432,6.767499923706055,6.477499961853027,6.522500038146973,4.391601085662842,11168000
2009-03-03,6.622499942779541,6.707499980926514,6.412499904632568,6.494999885559082,4.3730854988098145,9038000
2009-03-04,6.635000228881836,6.929999828338623,6.625,6.824999809265137,4.595272541046143,11398000
2009-03-05,6.667500019073486,6.724999904632568,5.585000038146973,5.864999771118164,3.9489047527313232,60038400
2009-03-06,5.949999809265137,6.047500133514404,5.454999923706055,5.59499979019165,3.76711368560791,27643200
2009-03-09,5.545000076293945,5.764999866485596,5.452499866485596,5.724999904632568,3.8546433448791504,18562000
2009-03-10,5.869999885559082,6.347499847412109,5.8125,6.302499771118164,4.243474960327148,16247600
2009-03-11,6.28249979019165,6.53249979019165,6.162499904632568,6.315000057220459,4.251891136169434,13239600
2009-03-12,6.3125,6.369999885559082,6.005000114440918,6.349999904632568,4.27545690536499,12505200
2009-03-13,6.375,6.525000095367432,6.272500038146973,6.414999961853027,4.319220542907715,13562800
2009-03-16,6.5,6.5,6.065000057220459,6.102499961853027,4.108813285827637,10923600
2009-03-17,6.090000152587891,6.255000114440918,5.96999979019165,6.237500190734863,4.199709892272949,12678800
2009-03-18,6.199999809265137,6.445000171661377,6.085000038146973,6.207499980926514,4.179510593414307,18758400
2009-03-19,6.28000020980835,6.46750020980835,6.057499885559082,6.355000019073486,4.27882194519043,14676000
2009-03-20,6.452499866485596,6.482500076293945,6.125,6.212500095367432,4.182877063751221,14899200
2009-03-23,6.367499828338623,6.737500190734863,6.324999809265137,6.65500020980835,4.480813026428223,21946000
2009-03-24,6.565000057220459,6.980000019073486,6.449999809265137,6.762499809265137,4.553191661834717,25125200
2009-03-25,6.84250020980835,6.84250020980835,6.375,6.710000038146973,4.517843723297119,25804400
2009-03-26,7.047500133514404,7.112500190734863,6.447500228881836,6.552499771118164,4.41179895401001,43962800
2009-03-27,6.517499923706055,6.997499942779541,6.454999923706055,6.957499980926514,4.684486389160156,22048800
2009-03-30,6.795000076293945,6.84499979019165,6.579999923706055,6.767499923706055,4.556558609008789,13361600
2009-03-31,6.829999923706055,7.239999771118164,6.789999961853027,7.005000114440918,4.71646785736084,21632000
2009-04-01,7.135000228881836,7.135000228881836,6.894999980926514,7.050000190734863,4.74676513671875,16029200
2009-04-02,7.177499771118164,7.627500057220459,7.125,7.525000095367432,5.066583633422852,17236400
2009-04-03,7.512499809265137,7.822500228881836,7.289999961853027,7.445000171661377,5.01271915435791,28170800
2009-04-06,7.179999828338623,7.337500095367432,7.0,7.15500020980835,4.817463397979736,24378400
2009-04-07,7.03000020980835,7.382500171661377,6.885000228881836,7.3125,4.9235076904296875,15189200
2009-04-08,7.335000038146973,7.585000038146973,7.320000171661377,7.585000038146973,5.10698127746582,10800000
2009-04-09,7.752500057220459,8.114999771118164,7.554999828338623,8.104999542236328,5.45709753036499,13712000
2009-04-13,8.069999694824219,8.204999923706055,7.957499980926514,8.072500228881836,5.435214996337891,15403200
2009-04-14,8.012499809265137,8.069999694824219,7.84250020980835,7.872499942779541,5.300555229187012,12311200
2009-04-15,7.872499942779541,8.010000228881836,7.775000095367432,7.974999904632568,5.369568824768066,8244400
2009-04-16,8.130000114440918,8.130000114440918,7.335000038146973,7.425000190734863,4.999251842498779,36771600
2009-04-17,7.5625,7.635000228881836,6.965000152587891,7.207499980926514,4.852811813354492,34494400
2009-04-20,7.079999923706055,7.144999980926514,6.954999923706055,7.099999904632568,4.780431270599365,11553600
2009-04-21,7.097499847412109,7.5,7.010000228881836,7.449999809265137,5.016085624694824,12638400
2009-04-22,7.382500171661377,7.712500095367432,7.21750020980835,7.465000152587891,5.026185989379883,16529200
2009-04-23,7.465000152587891,7.65749979019165,7.409999847412109,7.625,5.133913993835449,12307200
2009-04-24,7.704999923706055,7.920000076293945,7.525000095367432,7.827499866485596,5.270256519317627,10360000
2009-04-27,7.677499771118164,7.797500133514404,7.53000020980835,7.619999885559082,5.130547046661377,9435200
2009-04-28,7.525000095367432,7.644999980926514,7.329999923706055,7.417500019073486,4.994203567504883,9591600
2009-04-29,7.487500190734863,7.704999923706055,7.4375,7.522500038146973,5.064900875091553,11000800
2009-04-30,7.6875,7.769999980926514,7.487500190734863,7.539999961853027,5.0766825675964355,13025600
2009-05-01,7.525000095367432,7.537499904632568,7.255000114440918,7.335000038146973,4.938655853271484,10718000
2009-05-04,7.40749979019165,7.572500228881836,7.257500171661377,7.335000038146973,4.938655853271484,14536000
2009-05-05,7.372499942779541,7.402500152587891,7.135000228881836,7.272500038146973,4.896575927734375,13023600
2009-05-06,7.275000095367432,7.275000095367432,6.755000114440918,6.877500057220459,4.630621433258057,27962400
2009-05-07,6.920000076293945,6.997499942779541,6.480000019073486,6.727499961853027,4.529626369476318,23629600
2009-05-08,6.807499885559082,6.885000228881836,6.472499847412109,6.53249979019165,4.398331642150879,19250400
2009-05-11,6.547500133514404,6.71750020980835,6.3125,6.664999961853027,4.487545490264893,15956400
2009-05-12,6.737500190734863,6.75,6.389999866485596,6.5625,4.418531894683838,12664400
2009-05-13,6.445000171661377,6.480000019073486,6.275000095367432,6.414999961853027,4.319220542907715,13865600
2009-05-14,6.417500019073486,6.71999979019165,6.317500114440918,6.492499828338623,4.371401309967041,19002000
2009-05-15,6.472499847412109,6.795000076293945,6.46999979019165,6.617499828338623,4.455563068389893,16987200
2009-05-18,6.710000038146973,6.710000038146973,6.394999980926514,6.570000171661377,4.423582553863525,17980000
2009-05-19,6.542500019073486,6.559999942779541,6.409999847412109,6.454999923706055,4.3461527824401855,15981600
2009-05-20,6.489999771118164,6.78249979019165,6.465000152587891,6.617499828338623,4.455563068389893,22625600
2009-05-21,5.847499847412109,5.897500038146973,5.462500095367432,5.59499979019165,3.76711368560791,93280800
2009-05-22,5.737500190734863,5.817500114440918,5.59499979019165,5.637499809265137,3.7957279682159424,29644400
2009-05-26,5.622499942779541,5.909999847412109,5.567500114440918,5.840000152587891,3.932072162628174,26845200
2009-05-27,5.849999904632568,5.849999904632568,5.494999885559082,5.502500057220459,3.704834222793579,31670000
2009-05-28,5.579999923706055,5.90500020980835,5.579999923706055,5.882500171661377,3.9606876373291016,28178400
2009-05-29,5.925000190734863,6.237500190734863,5.902500152587891,6.237500190734863,4.199709892272949,28922800
2009-06-01,6.292500019073486,6.625,6.25,6.449999809265137,4.342785358428955,22536000
2009-06-02,6.392499923706055,6.454999923706055,5.980000019073486,6.079999923706055,4.093666076660156,28647600
2009-06-03,6.110000133514404,6.15749979019165,5.989999771118164,6.042500019073486,4.068416118621826,17809600
2009-06-04,6.090000152587891,6.122499942779541,5.837500095367432,6.112500190734863,4.115547180175781,26048400
2009-06-05,6.172500133514404,6.242499828338623,5.892499923706055,5.972499847412109,4.021284580230713,22467600
2009-06-08,5.875,6.119999885559082,5.852499961853027,6.082499980926514,4.095348834991455,15417600
2009-06-09,6.110000133514404,6.292500019073486,6.110000133514404,6.25,4.208125591278076,13499200
2009-06-10,6.292500019073486,6.332499980926514,6.119999885559082,6.237500190734863,4.199709892272949,17362000
2009-06-11,6.239999771118164,6.372499942779541,6.119999885559082,6.152500152587891,4.142478942871094,15526400
2009-06-12,6.125,6.15749979019165,5.882500171661377,6.03000020980835,4.059999465942383,25776000
2009-06-15,5.980000019073486,5.980000019073486,5.800000190734863,5.917500019073486,3.9842541217803955,17307600
2009-06-16,5.927499771118164,5.927499771118164,5.699999809265137,5.747499942779541,3.8697922229766846,17450000
2009-06-17,5.727499961853027,5.909999847412109,5.670000076293945,5.809999942779541,3.9118735790252686,13238800
2009-06-18,5.8125,5.912499904632568,5.672500133514404,5.699999809265137,3.837811231613159,13021200
2009-06-19,5.739999771118164,5.807499885559082,5.662499904632568,5.737500190734863,3.8630599975585938,16404000
2009-06-22,5.71999979019165,5.71999979019165,5.485000133514404,5.489999771118164,3.696418285369873,16922000
2009-06-23,5.372499942779541,5.5,5.110000133514404,5.465000152587891,3.679584264755249,53730400
2009-06-24,5.514999866485596,5.627500057220459,5.420000076293945,5.457499980926514,3.674535036087036,17768400
2009-06-25,5.412499904632568,5.65749979019165,5.402500152587891,5.552499771118164,3.738499164581299,16520800
2009-06-26,5.53000020980835,5.632500171661377,5.46999979019165,5.542500019073486,3.73176646232605,11630000
2009-06-29,5.554999828338623,5.677499771118164,5.434999942779541,5.542500019073486,3.73176646232605,13016800
2009-06-30,5.557499885559082,5.659999847412109,5.452499866485596,5.502500057220459,3.704834222793579,14904800
2009-07-01,5.565000057220459,5.639999866485596,5.525000095367432,5.614999771118164,3.780581474304199,14216800
2009-07-02,5.552499771118164,5.552499771118164,5.21999979019165,5.267499923706055,3.5466079711914062,23488000
2009-07-06,5.177499771118164,5.327499866485596,5.167500019073486,5.260000228881836,3.5415585041046143,13345600
2009-07-07,5.262499809265137,5.28249979019165,5.097499847412109,5.114999771118164,3.443929672241211,12082400
2009-07-08,5.114999771118164,5.252500057220459,5.054999828338623,5.235000133514404,3.524726152420044,15794400
2009-07-09,5.255000114440918,5.300000190734863,5.077499866485596,5.172500133514404,3.482645273208618,13632400
2009-07-10,5.127500057220459,5.204999923706055,5.0625,5.110000133514404,3.440563440322876,11711600
2009-07-13,5.119999885559082,5.260000228881836,5.005000114440918,5.257500171661377,3.5398752689361572,12709600
2009-07-14,5.255000114440918,5.417500019073486,5.15749979019165,5.40749979019165,3.6408705711364746,16020800
2009-07-15,5.465000152587891,5.489999771118164,5.337500095367432,5.409999847412109,3.6425530910491943,14714400
2009-07-16,5.355000019073486,5.557499885559082,5.275000095367432,5.537499904632568,3.728398561477661,17691200
2009-07-17,5.457499980926514,5.542500019073486,5.357500076293945,5.489999771118164,3.696418285369873,17236400
2009-07-20,5.514999866485596,5.630000114440918,5.502500057220459,5.585000038146973,3.7603819370269775,13197200
2009-07-21,5.607500076293945,5.739999771118164,5.502500057220459,5.730000019073486,3.8580095767974854,19525600
2009-07-22,5.702499866485596,5.947500228881836,5.679999828338623,5.90500020980835,3.975836753845215,20105200
2009-07-23,5.90749979019165,6.050000190734863,5.784999847412109,5.974999904632568,4.02296781539917,23842400
2009-07-24,5.864999771118164,6.0625,5.832499980926514,6.037499904632568,4.065048694610596,21429600
2009-07-27,6.010000228881836,6.027500152587891,5.787499904632568,5.882500171661377,3.9606876373291016,22301200
2009-07-28,5.829999923706055,5.877500057220459,5.675000190734863,5.699999809265137,3.837811231613159,23062800
2009-07-29,5.664999961853027,5.722499847412109,5.462500095367432,5.46750020980835,3.6812679767608643,27248400
2009-07-30,5.522500038146973,5.659999847412109,5.364999771118164,5.369999885559082,3.61562180519104,24278400
2009-07-31,5.372499942779541,5.585000038146973,5.372499942779541,5.472499847412109,3.6846354007720947,19539600
2009-08-03,5.510000228881836,5.744999885559082,5.510000228881836,5.715000152587891,3.8479104042053223,17851600
2009-08-04,5.849999904632568,6.147500038146973,5.775000095367432,6.105000019073486,4.11049747467041,34184000
2009-08-05,6.107500076293945,6.212500095367432,5.994999885559082,6.037499904632568,4.065048694610596,21148000
2009-08-06,6.122499942779541,6.210000038146973,6.03000020980835,6.130000114440918,4.127330303192139,16098000
2009-08-07,6.159999847412109,6.340000152587891,6.087500095367432,6.289999961853027,4.235057353973389,14760800
2009-08-10,6.329999923706055,6.377500057220459,5.96999979019165,6.039999961853027,4.066731929779053,18084000
2009-08-11,6.037499904632568,6.215000152587891,6.012499809265137,6.175000190734863,4.157628536224365,15786400
2009-08-12,6.152500152587891,6.482500076293945,6.132500171661377,6.409999847412109,4.315854072570801,23210000
2009-08-13,6.452499866485596,6.614999771118164,6.315000057220459,6.582499980926514,4.431998252868652,26032400
2009-08-14,6.454999923706055,6.664999961853027,6.440000057220459,6.610000133514404,4.4505133628845215,31286800
2009-08-17,6.315000057220459,6.460000038146973,6.257500171661377,6.272500038146973,4.2232747077941895,19117600
2009-08-18,6.302499771118164,6.320000171661377,6.025000095367432,6.135000228881836,4.1306962966918945,29814000
2009-08-19,6.057499885559082,6.352499961853027,6.037499904632568,6.295000076293945,4.238423824310303,26332000
2009-08-20,5.809999942779541,6.025000095367432,5.752500057220459,5.852499961853027,3.940488338470459,67452800
2009-08-21,5.902500152587891,5.957499980926514,5.755000114440918,5.78249979019165,3.893357753753662,29613600
2009-08-24,5.802499771118164,5.8125,5.574999809265137,5.639999866485596,3.7974131107330322,29498400
2009-08-25,5.667500019073486,5.710000038146973,5.579999923706055,5.607500076293945,3.7755298614501953,27330800
2009-08-26,5.610000133514404,5.735000133514404,5.514999866485596,5.639999866485596,3.7974131107330322,20362800
2009-08-27,5.625,5.817500114440918,5.574999809265137,5.755000114440918,3.8748416900634766,20830400
2009-08-28,5.807499885559082,5.892499923706055,5.755000114440918,5.867499828338623,3.9505879878997803,21142000
2009-08-31,6.077499866485596,6.110000133514404,5.917500019073486,5.949999809265137,4.0061354637146,30459600
2009-09-01,5.912499904632568,6.045000076293945,5.820000171661377,5.829999923706055,3.925339460372925,17736000
2009-09-02,5.822500228881836,5.929999828338623,5.735000133514404,5.864999771118164,3.9489047527313232,17472400
2009-09-03,5.84250020980835,6.0,5.78249979019165,5.987500190734863,4.031383991241455,11936000
2009-09-04,5.980000019073486,6.034999847412109,5.860000133514404,6.014999866485596,4.049901008605957,12266800
2009-09-08,6.112500190734863,6.257500171661377,6.067500114440918,6.232500076293945,4.196343898773193,18980000
2009-09-09,6.28000020980835,6.349999904632568,6.199999809265137,6.262499809265137,4.2165422439575195,14990400
2009-09-10,6.284999847412109,6.297500133514404,6.102499961853027,6.255000114440918,4.21149206161499,14457200
2009-09-11,6.269999980926514,6.269999980926514,6.135000228881836,6.175000190734863,4.157628536224365,12579600
2009-09-14,6.127500057220459,6.474999904632568,6.0625,6.397500038146973,4.307436943054199,27324000
2009-09-15,6.414999961853027,6.460000038146973,6.317500114440918,6.335000038146973,4.265356540679932,14134800
2009-09-16,6.349999904632568,6.494999885559082,6.25,6.454999923706055,4.3461527824401855,17892000
2009-09-17,6.454999923706055,6.497499942779541,6.392499923706055,6.449999809265137,4.342785358428955,14788400
2009-09-18,6.477499961853027,6.829999923706055,6.420000076293945,6.697500228881836,4.509427547454834,36131600
2009-09-21,6.695000171661377,6.767499923706055,6.534999847412109,6.570000171661377,4.423582553863525,17578800
2009-09-22,6.619999885559082,6.65500020980835,6.497499942779541,6.559999942779541,4.416849136352539,9724800
2009-09-23,6.5625,6.804999828338623,6.502500057220459,6.664999961853027,4.487545490264893,18429600
2009-09-24,6.699999809265137,6.739999771118164,6.517499923706055,6.557499885559082,4.415164947509766,13425600
2009-09-25,6.517499923706055,6.597499847412109,6.442500114440918,6.510000228881836,4.383185386657715,10657200
2009-09-28,6.527500152587891,6.619999885559082,6.465000152587891,6.552499771118164,4.41179895401001,10503200
2009-09-29,6.579999923706055,6.764999866485596,6.574999809265137,6.697500228881836,4.509427547454834,11655200
2009-09-30,6.727499961853027,6.757500171661377,6.542500019073486,6.617499828338623,4.455563068389893,17042000
2009-10-01,6.635000228881836,6.702499866485596,6.482500076293945,6.505000114440918,4.379817485809326,18036000
2009-10-02,6.434999942779541,6.550000190734863,6.402500152587891,6.420000076293945,4.322587490081787,12916000
2009-10-05,6.40749979019165,6.525000095367432,6.352499961853027,6.507500171661377,4.381500720977783,12717600
2009-10-06,6.572500228881836,6.699999809265137,6.377500057220459,6.65500020980835,4.480813026428223,10194000
2009-10-07,6.585000038146973,6.65749979019165,6.525000095367432,6.559999942779541,4.416849136352539,16032800
2009-10-08,6.762499809265137,6.912499904632568,6.670000076293945,6.84250020980835,4.607056140899658,29264000
2009-10-09,6.840000152587891,6.840000152587891,6.692500114440918,6.739999771118164,4.5380425453186035,15445200
2009-10-12,6.767499923706055,6.860000133514404,6.664999961853027,6.715000152587891,4.521210670471191,10214000
2009-10-13,6.707499980926514,6.882500171661377,6.65500020980835,6.835000038146973,4.602005958557129,17388400
2009-10-14,6.897500038146973,7.0625,6.897500038146973,7.039999961853027,4.74003267288208,19975200
2009-10-15,7.014999866485596,7.15500020980835,6.932499885559082,6.960000038146973,4.686169147491455,23774800
2009-10-16,6.917500019073486,7.014999866485596,6.832499980926514,6.932499885559082,4.667652130126953,15250800
2009-10-19,6.974999904632568,7.074999809265137,6.945000171661377,7.039999961853027,4.74003267288208,9785600
2009-10-20,6.789999961853027,6.792500019073486,6.367499828338623,6.412499904632568,4.317538261413574,50180000
2009-10-21,6.414999961853027,6.537499904632568,6.322500228881836,6.335000038146973,4.265356540679932,29969200
2009-10-22,6.349999904632568,6.440000057220459,6.222499847412109,6.309999942779541,4.248522758483887,22136400
2009-10-23,6.434999942779541,6.434999942779541,6.139999866485596,6.192500114440918,4.169412136077881,19331600
2009-10-26,6.227499961853027,6.307499885559082,5.977499961853027,6.019999980926514,4.053266525268555,24907600
2009-10-27,6.034999847412109,6.170000076293945,5.992499828338623,6.150000095367432,4.14079475402832,28021600
2009-10-28,6.175000190734863,6.190000057220459,6.045000076293945,6.057499885559082,4.078515529632568,19852400
2009-10-29,6.105000019073486,6.1875,6.054999828338623,6.137499809265137,4.132379055023193,14058800
2009-10-30,6.112500190734863,6.127500057220459,6.002500057220459,6.072500228881836,4.088614463806152,26188000
2009-11-02,6.112500190734863,6.159999847412109,5.952499866485596,6.047500133514404,4.071784019470215,16268800
2009-11-03,6.014999866485596,6.085000038146973,5.909999847412109,5.994999885559082,4.036434173583984,11898000
2009-11-04,6.067500114440918,6.087500095367432,5.922500133514404,5.934999942779541,3.9960365295410156,13658000
2009-11-05,5.977499961853027,6.125,5.932499885559082,6.047500133514404,4.071784019470215,12047200
2009-11-06,6.010000228881836,6.164999961853027,5.974999904632568,6.15749979019165,4.14584493637085,9437600
2009-11-09,6.247499942779541,6.400000095367432,6.212500095367432,6.375,4.292288303375244,12618800
2009-11-10,6.507500171661377,6.507500171661377,6.230000019073486,6.295000076293945,4.238423824310303,17291600
2009-11-11,6.28249979019165,6.28249979019165,6.0,6.107500076293945,4.112179279327393,24894000
2009-11-12,6.039999961853027,6.204999923706055,6.037499904632568,6.15500020980835,4.144162654876709,17740800
2009-11-13,6.162499904632568,6.227499961853027,5.860000133514404,5.922500133514404,3.9876201152801514,30455600
2009-11-16,5.945000171661377,6.167500019073486,5.942500114440918,6.099999904632568,4.10713005065918,17727200
2009-11-17,6.079999923706055,6.087500095367432,5.872499942779541,5.992499828338623,4.034750938415527,13722800
2009-11-18,6.037499904632568,6.050000190734863,5.949999809265137,6.022500038146973,4.054949760437012,16356400
2009-11-19,6.125,6.162499904632568,6.0,6.125,4.123963832855225,28052000
2009-11-20,6.102499961853027,6.412499904632568,6.102499961853027,6.372499942779541,4.290605068206787,24193200
2009-11-23,6.449999809265137,6.512499809265137,6.367499828338623,6.414999961853027,4.319220542907715,18866400
2009-11-24,6.434999942779541,6.474999904632568,6.292500019073486,6.320000171661377,4.2552571296691895,15699200
2009-11-25,6.340000152587891,6.429999828338623,6.275000095367432,6.400000095367432,4.3091206550598145,12368400
2009-11-27,6.235000133514404,6.364999771118164,6.184999942779541,6.329999923706055,4.261989116668701,7013600
2009-11-30,6.327499866485596,6.337500095367432,5.9375,6.102499961853027,4.108813285827637,32250400
2009-12-01,6.159999847412109,6.202499866485596,5.929999828338623,5.960000038146973,4.012868404388428,24110000
2009-12-02,5.772500038146973,5.840000152587891,5.340000152587891,5.46750020980835,3.6812679767608643,82857600
2009-12-03,5.539999961853027,5.574999809265137,5.337500095367432,5.337500095367432,3.5937395095825195,32134000
2009-12-04,5.402500152587891,5.4375,5.244999885559082,5.332499980926514,3.5903735160827637,28291600
2009-12-07,5.304999828338623,5.5,5.277500152587891,5.482500076293945,3.6913671493530273,29156400
2009-12-08,5.287499904632568,5.372499942779541,5.21999979019165,5.337500095367432,3.5937395095825195,24618400
2009-12-09,5.335000038146973,5.335000038146973,5.172500133514404,5.204999923706055,3.5045278072357178,25552400
2009-12-10,5.230000019073486,5.302499771118164,5.21750020980835,5.295000076293945,3.565124750137329,21166400
2009-12-11,5.590000152587891,5.625,5.362500190734863,5.429999828338623,3.6560184955596924,43557200
2009-12-14,5.489999771118164,5.597499847412109,5.429999828338623,5.570000171661377,3.750282049179077,18072000
2009-12-15,5.534999847412109,5.582499980926514,5.480000019073486,5.577499866485596,3.7553317546844482,15962000
2009-12-16,5.597499847412109,5.632500171661377,5.557499885559082,5.610000133514404,3.777215003967285,13728400
2009-12-17,5.597499847412109,5.664999961853027,5.53000020980835,5.662499904632568,3.8125624656677246,16027200
2009-12-18,5.662499904632568,5.6875,5.570000171661377,5.619999885559082,3.783945322036743,17775600
2009-12-21,5.619999885559082,5.682499885559082,5.607500076293945,5.65500020980835,3.807511806488037,9394400
2009-12-22,5.65500020980835,5.662499904632568,5.537499904632568,5.554999828338623,3.740182876586914,12574000
2009-12-23,5.534999847412109,5.567500114440918,5.482500076293945,5.502500057220459,3.704834222793579,14990800
2009-12-24,5.5,5.53000020980835,5.492499828338623,5.502500057220459,3.704834222793579,3045600
2009-12-28,5.545000076293945,5.612500190734863,5.534999847412109,5.559999942779541,3.743549108505249,12622400
2009-12-29,5.582499980926514,5.582499980926514,5.522500038146973,5.542500019073486,3.73176646232605,9635200
2009-12-30,5.537499904632568,5.547500133514404,5.510000228881836,5.542500019073486,3.73176646232605,6336000
2009-12-31,5.519999980926514,5.545000076293945,5.485000133514404,5.485000133514404,3.6930510997772217,8567200
2010-01-04,5.517499923706055,5.737500190734863,5.5,5.724999904632568,3.8546433448791504,26702800
2010-01-05,5.727499961853027,5.934999942779541,5.724999904632568,5.880000114440918,3.9590036869049072,21269600
2010-01-06,5.864999771118164,6.025000095367432,5.804999828338623,6.007500171661377,4.044850826263428,21471200
2010-01-07,5.002500057220459,5.292500019073486,4.855000019073486,5.114999771118164,3.443929672241211,164761200
2010-01-08,5.159999847412109,5.307499885559082,5.057499885559082,5.072500228881836,3.415315628051758,47872400
2010-01-11,5.135000228881836,5.147500038146973,5.027500152587891,5.079999923706055,3.4203643798828125,28085200
2010-01-12,5.164999961853027,5.199999809265137,5.074999809265137,5.192500114440918,3.4961109161376953,28486000
2010-01-13,5.207499980926514,5.224999904632568,5.15500020980835,5.197500228881836,3.4994778633117676,17787600
2010-01-14,5.179999828338623,5.207499980926514,5.097499847412109,5.125,3.450662612915039,27087600
2010-01-15,5.122499942779541,5.167500019073486,5.102499961853027,5.125,3.450662612915039,24515200
2010-01-19,5.162499904632568,5.202499866485596,5.099999904632568,5.202499866485596,3.5028443336486816,16406800
2010-01-20,5.162499904632568,5.192500114440918,5.097499847412109,5.127500057220459,3.4523470401763916,16296800
2010-01-21,5.107500076293945,5.162499904632568,5.082499980926514,5.105000019073486,3.43719744682312,17704000
2010-01-22,5.105000019073486,5.110000133514404,4.994999885559082,5.007500171661377,3.3715505599975586,13537600
2010-01-25,5.03000020980835,5.072500228881836,4.974999904632568,4.982500076293945,3.35471773147583,14026400
2010-01-26,4.957499980926514,5.012499809265137,4.880000114440918,4.909999847412109,3.305903673171997,25002400
2010-01-27,4.917500019073486,5.002500057220459,4.875,4.985000133514404,3.3564021587371826,26276000
2010-01-28,5.002500057220459,5.002500057220459,4.9375,4.965000152587891,3.342935800552368,17192800
2010-01-29,4.985000133514404,5.010000228881836,4.929999828338623,4.942500114440918,3.3277862071990967,18107600
2010-02-01,4.994999885559082,5.017499923706055,4.914999961853027,4.982500076293945,3.35471773147583,22914400
2010-02-02,4.985000133514404,5.074999809265137,4.965000152587891,5.057499885559082,3.4052157402038574,17193200
2010-02-03,5.067500114440918,5.142499923706055,5.014999866485596,5.127500057220459,3.4523470401763916,13012000
2010-02-04,5.090000152587891,5.105000019073486,4.992499828338623,5.025000095367432,3.383333206176758,20178400
2010-02-05,5.042500019073486,5.077499866485596,4.96999979019165,5.037499904632568,3.3917484283447266,13127200
2010-02-08,5.034999847412109,5.034999847412109,4.917500019073486,4.922500133514404,3.3143200874328613,16622400
2010-02-09,4.744999885559082,4.787499904632568,4.567500114440918,4.704999923706055,3.1678762435913086,44096400
2010-02-10,4.704999923706055,4.824999809265137,4.697500228881836,4.792500019073486,3.2267911434173584,22481600
2010-02-11,4.797500133514404,4.880000114440918,4.78249979019165,4.840000152587891,3.2587730884552,16944400
2010-02-12,4.807499885559082,4.815000057220459,4.699999809265137,4.792500019073486,3.2267911434173584,19654800
2010-02-16,4.795000076293945,4.8125,4.712500095367432,4.747499942779541,3.1964921951293945,15120800
2010-02-17,4.739999771118164,4.829999923706055,4.737500190734863,4.820000171661377,3.245306968688965,12235200
2010-02-18,4.807499885559082,4.875,4.777500152587891,4.855000019073486,3.268871784210205,9183200
2010-02-19,4.832499980926514,4.860000133514404,4.807499885559082,4.827499866485596,3.250356435775757,11946800
2010-02-22,4.837500095367432,4.837500095367432,4.75,4.769999980926514,3.211641788482666,10532800
2010-02-23,4.752500057220459,4.784999847412109,4.704999923706055,4.71750020980835,3.17629337310791,14362000
2010-02-24,4.735000133514404,4.744999885559082,4.684999942779541,4.715000152587891,3.174609661102295,15390400
2010-02-25,4.369999885559082,4.382500171661377,4.28000020980835,4.377500057220459,2.947371244430542,65709600
2010-02-26,4.397500038146973,4.442500114440918,4.28249979019165,4.300000190734863,2.895190954208374,27936800
2010-03-01,4.322500228881836,4.394999980926514,4.315000057220459,4.372499942779541,2.944005012512207,18755200
2010-03-02,4.394999980926514,4.432499885559082,4.340000152587891,4.372499942779541,2.944005012512207,13546400
2010-03-03,4.389999866485596,4.485000133514404,4.367499828338623,4.462500095367432,3.0046021938323975,18618800
2010-03-04,4.46999979019165,4.542500019073486,4.409999847412109,4.447500228881836,2.994502544403076,19592400
2010-03-05,4.462500095367432,4.537499904632568,4.4375,4.519999980926514,3.0433177947998047,17628800
2010-03-08,4.53249979019165,4.652500152587891,4.522500038146973,4.617499828338623,3.10896372795105,14404400
2010-03-09,4.605000019073486,4.644999980926514,4.46999979019165,4.514999866485596,3.039950370788574,20690400
2010-03-10,4.507500171661377,4.587500095367432,4.485000133514404,4.570000171661377,3.076981782913208,15324000
2010-03-11,4.559999942779541,4.929999828338623,4.534999847412109,4.837500095367432,3.257089853286743,70812800
2010-03-12,4.882500171661377,4.960000038146973,4.78000020980835,4.802499771118164,3.233524799346924,19390800
2010-03-15,4.797500133514404,4.862500190734863,4.684999942779541,4.849999904632568,3.265505313873291,16786000
2010-03-16,4.872499942779541,4.872499942779541,4.775000095367432,4.852499961853027,3.267188549041748,14022800
2010-03-17,4.847499847412109,4.977499961853027,4.817500114440918,4.965000152587891,3.342935800552368,29221600
2010-03-18,5.382500171661377,5.527500152587891,5.257500171661377,5.289999961853027,3.5617573261260986,75227200
2010-03-19,5.277500152587891,5.34499979019165,5.224999904632568,5.277500152587891,3.5533413887023926,31450800
2010-03-22,5.409999847412109,5.502500057220459,5.349999904632568,5.400000095367432,3.6358206272125244,32534400
2010-03-23,5.387499809265137,5.574999809265137,5.362500190734863,5.550000190734863,3.736816883087158,29708800
2010-03-24,5.514999866485596,5.514999866485596,5.380000114440918,5.427499771118164,3.6543359756469727,22520800
2010-03-25,5.5,5.550000190734863,5.429999828338623,5.445000171661377,3.666118621826172,17515200
2010-03-26,5.454999923706055,5.5,5.392499923706055,5.5,3.703151226043701,11542800
2010-03-29,5.534999847412109,5.574999809265137,5.432499885559082,5.442500114440918,3.664435386657715,13868000
2010-03-30,5.442500114440918,5.512499809265137,5.414999961853027,5.454999923706055,3.672852039337158,11360400
2010-03-31,5.414999961853027,5.505000114440918,5.414999961853027,5.477499961853027,3.6880006790161133,17516000
2010-04-01,5.480000019073486,5.619999885559082,5.480000019073486,5.599999904632568,3.7704811096191406,15999600
2010-04-05,5.614999771118164,5.664999961853027,5.587500095367432,5.659999847412109,3.8108792304992676,12947600
2010-04-06,5.642499923706055,5.659999847412109,5.585000038146973,5.627500057220459,3.7889978885650635,10560400
2010-04-07,5.597499847412109,5.672500133514404,5.582499980926514,5.670000076293945,3.8176112174987793,17577200
2010-04-08,5.659999847412109,5.804999828338623,5.622499942779541,5.78000020980835,3.8916757106781006,17962800
2010-04-09,5.802499771118164,5.84499979019165,5.697500228881836,5.824999809265137,3.9219729900360107,14136400
2010-04-12,5.84250020980835,5.90749979019165,5.797500133514404,5.867499828338623,3.9505879878997803,17782800
2010-04-13,5.860000133514404,5.922500133514404,5.804999828338623,5.914999961853027,3.9825704097747803,18796000
2010-04-14,5.9375,6.002500057220459,5.909999847412109,5.987500190734863,4.031383991241455,20700800
2010-04-15,6.0,6.222499847412109,5.972499847412109,6.105000019073486,4.11049747467041,28872400
2010-04-16,6.375,6.387499809265137,6.142499923706055,6.202499866485596,4.176144599914551,44103600
2010-04-19,6.262499809265137,6.417500019073486,6.242499828338623,6.324999809265137,4.258623123168945,47649600
2010-04-20,6.369999885559082,6.387499809265137,6.284999847412109,6.349999904632568,4.27545690536499,27440000
2010-04-21,6.340000152587891,6.340000152587891,6.192500114440918,6.284999847412109,4.231691360473633,28300400
2010-04-22,6.25,6.292500019073486,6.199999809265137,6.257500171661377,4.213175296783447,40112000
2010-04-23,6.247499942779541,6.317500114440918,6.21750020980835,6.304999828338623,4.245156764984131,26032800
2010-04-26,6.284999847412109,6.385000228881836,6.237500190734863,6.364999771118164,4.285555362701416,21112000
2010-04-27,6.332499980926514,6.4375,6.110000133514404,6.135000228881836,4.1306962966918945,24509600
2010-04-28,6.147500038146973,6.267499923706055,6.105000019073486,6.179999828338623,4.160995006561279,14573600
2010-04-29,6.247499942779541,6.317500114440918,6.172500133514404,6.247499942779541,4.206442832946777,13401600
2010-04-30,6.264999866485596,6.284999847412109,6.052499771118164,6.077499866485596,4.091981887817383,16750000
2010-05-03,6.150000095367432,6.327499866485596,6.077499866485596,6.284999847412109,4.231691360473633,13205200
2010-05-04,6.324999809265137,6.324999809265137,6.119999885559082,6.184999942779541,4.164361476898193,19578400
2010-05-05,6.099999904632568,6.21999979019165,5.929999828338623,6.127500057220459,4.125647068023682,17316800
2010-05-06,6.070000171661377,6.107500076293945,5.522500038146973,5.795000076293945,3.901775360107422,26537200
2010-05-07,5.752500057220459,5.837500095367432,5.480000019073486,5.644999980926514,3.8007798194885254,28214400
2010-05-10,5.900000095367432,5.982500076293945,5.730000019073486,5.824999809265137,3.9219729900360107,19441200
2010-05-11,5.722499847412109,5.820000171661377,5.557499885559082,5.735000133514404,3.861375570297241,25358000
2010-05-12,5.697500228881836,5.807499885559082,5.570000171661377,5.784999847412109,3.8950414657592773,20704000
2010-05-13,5.777500152587891,5.862500190734863,5.662499904632568,5.670000076293945,3.8176112174987793,14396400
2010-05-14,5.425000190734863,5.574999809265137,5.21750020980835,5.462500095367432,3.677900791168213,37874000
2010-05-17,5.457499980926514,5.512499809265137,5.322500228881836,5.507500171661377,3.708200454711914,20410800
2010-05-18,5.545000076293945,5.602499961853027,5.327499866485596,5.352499961853027,3.60383939743042,17028000
2010-05-19,5.337500095367432,5.375,5.175000190734863,5.317500114440918,3.580273151397705,25809600
2010-05-20,5.387499809265137,5.712500095367432,5.152500152587891,5.15500020980835,3.4708619117736816,58545600
2010-05-21,5.117499828338623,5.400000095367432,5.070000171661377,5.324999809265137,3.585322856903076,24071200
2010-05-24,5.329999923706055,5.392499923706055,5.25,5.320000171661377,3.5819571018218994,19369200
2010-05-25,5.197500228881836,5.5,5.164999961853027,5.477499961853027,3.6880006790161133,32569200
2010-05-26,5.519999980926514,5.550000190734863,5.402500152587891,5.414999961853027,3.6459202766418457,20909200
2010-05-27,5.644999980926514,5.755000114440918,5.625,5.744999885559082,3.868109703063965,19578400
2010-05-28,5.730000019073486,5.787499904632568,5.570000171661377,5.697500228881836,3.836127758026123,15776800
2010-06-01,5.650000095367432,5.667500019073486,5.465000152587891,5.465000152587891,3.679584264755249,16959200
2010-06-02,5.482500076293945,5.559999942779541,5.422500133514404,5.53249979019165,3.7250328063964844,14154800
2010-06-03,5.542500019073486,5.684999942779541,5.507500171661377,5.670000076293945,3.8176112174987793,13562000
2010-06-04,5.539999961853027,5.627500057220459,5.387499809265137,5.442500114440918,3.664435386657715,16968000
2010-06-07,5.445000171661377,5.510000228881836,5.275000095367432,5.284999847412109,3.558391571044922,17799600
2010-06-08,5.28249979019165,5.307499885559082,5.125,5.247499942779541,3.533142566680908,25142000
2010-06-09,5.269999980926514,5.357500076293945,5.21999979019165,5.247499942779541,3.533142566680908,15337600
2010-06-10,5.337500095367432,5.412499904632568,5.262499809265137,5.307499885559082,3.573539972305298,14132800
2010-06-11,5.260000228881836,5.507500171661377,5.212500095367432,5.414999961853027,3.6459202766418457,20270000
2010-06-14,5.425000190734863,5.542500019073486,5.402500152587891,5.46999979019165,3.6829519271850586,17182000
2010-06-15,5.482500076293945,5.539999961853027,4.949999809265137,5.177499771118164,3.486011266708374,86314800
2010-06-16,5.142499923706055,5.147500038146973,4.869999885559082,4.909999847412109,3.305903673171997,40100400
2010-06-17,4.912499904632568,4.949999809265137,4.800000190734863,4.840000152587891,3.2587730884552,26484400
2010-06-18,4.837500095367432,4.869999885559082,4.775000095367432,4.802499771118164,3.233524799346924,24309600
2010-06-21,4.880000114440918,4.880000114440918,4.684999942779541,4.715000152587891,3.174609661102295,19453600
2010-06-22,4.715000152587891,4.800000190734863,4.684999942779541,4.707499980926514,3.169560194015503,19208800
2010-06-23,4.690000057220459,4.757500171661377,4.632500171661377,4.722499847412109,3.179659366607666,14618800
2010-06-24,4.702499866485596,4.737500190734863,4.567500114440918,4.59250020980835,3.0921308994293213,24058000
2010-06-25,4.602499961853027,4.682499885559082,4.537499904632568,4.627500057220459,3.1156959533691406,25433200
2010-06-28,4.579999923706055,4.724999904632568,4.542500019073486,4.6875,3.1560940742492676,21330400
2010-06-29,4.639999866485596,4.639999866485596,4.489999771118164,4.579999923706055,3.083714723587036,27437600
2010-06-30,4.587500095367432,4.71999979019165,4.559999942779541,4.697500228881836,3.162827491760254,32174400
2010-07-01,4.670000076293945,4.832499980926514,4.662499904632568,4.767499923706055,3.209958791732788,39145600
2010-07-02,4.755000114440918,4.795000076293945,4.559999942779541,4.567500114440918,3.0752980709075928,22867200
2010-07-06,4.599999904632568,4.710000038146973,4.5625,4.599999904632568,3.097180128097534,16960800
2010-07-07,4.622499942779541,4.710000038146973,4.59499979019165,4.6875,3.1560940742492676,16324400
2010-07-08,4.712500095367432,4.797500133514404,4.677499771118164,4.712500095367432,3.172926902770996,16996400
2010-07-09,4.699999809265137,4.775000095367432,4.642499923706055,4.757500171661377,3.2032253742218018,10320000
2010-07-12,4.75,4.860000133514404,4.747499942779541,4.829999923706055,3.2520394325256348,15144400
2010-07-13,4.875,4.927499771118164,4.822500228881836,4.877500057220459,3.284022092819214,12702800
2010-07-14,4.875,4.965000152587891,4.795000076293945,4.877500057220459,3.284022092819214,15780000
2010-07-15,4.872499942779541,4.902500152587891,4.795000076293945,4.880000114440918,3.2857046127319336,13475600
2010-07-16,4.849999904632568,4.862500190734863,4.707499980926514,4.737500190734863,3.1897592544555664,17426800
2010-07-19,4.747499942779541,4.862500190734863,4.747499942779541,4.849999904632568,3.265505313873291,15486400
2010-07-20,4.784999847412109,4.952499866485596,4.769999980926514,4.949999809265137,3.3328356742858887,11388000
2010-07-21,4.960000038146973,5.010000228881836,4.902500152587891,4.914999961853027,3.309269666671753,16517200
2010-07-22,4.962500095367432,5.027500152587891,4.929999828338623,4.997499942779541,3.364816665649414,13131600
2010-07-23,4.980000019073486,5.125,4.947500228881836,5.125,3.450662612915039,12521600
2010-07-26,5.110000133514404,5.222499847412109,5.077499866485596,5.222499847412109,3.5163092613220215,7603600
2010-07-27,5.252500057220459,5.252500057220459,5.0625,5.072500228881836,3.415315628051758,13526000
2010-07-28,5.077499866485596,5.170000076293945,4.994999885559082,5.002500057220459,3.3681838512420654,11020000
2010-07-29,5.010000228881836,5.042500019073486,4.862500190734863,4.934999942779541,3.3227365016937256,14032400
2010-07-30,4.877500057220459,5.017499923706055,4.849999904632568,5.012499809265137,3.3749167919158936,9482400
2010-08-02,5.057499885559082,5.289999961853027,5.057499885559082,5.277500152587891,3.5533413887023926,18259600
2010-08-03,5.272500038146973,5.272500038146973,5.127500057220459,5.164999961853027,3.477595090866089,9780400
2010-08-04,5.202499866485596,5.372499942779541,5.170000076293945,5.315000057220459,3.578590154647827,14005600
2010-08-05,5.300000190734863,5.304999828338623,5.202499866485596,5.28249979019165,3.556708335876465,8965600
2010-08-06,5.232500076293945,5.25,5.110000133514404,5.242499828338623,3.529775857925415,10918000
2010-08-09,5.289999961853027,5.349999904632568,5.21750020980835,5.239999771118164,3.528092384338379,13735200
2010-08-10,5.1875,5.232500076293945,5.102499961853027,5.132500171661377,3.4557132720947266,14230000
2010-08-11,5.074999809265137,5.09250020980835,4.942500114440918,4.965000152587891,3.342935800552368,17867600
2010-08-12,4.922500133514404,5.034999847412109,4.860000133514404,4.927499771118164,3.317686080932617,14706400
2010-08-13,4.90500020980835,4.934999942779541,4.864999771118164,4.892499923706055,3.2941205501556396,9609200
2010-08-16,4.867499828338623,4.982500076293945,4.787499904632568,4.957499980926514,3.337885856628418,8584000
2010-08-17,5.0,5.052499771118164,4.940000057220459,5.005000114440918,3.3698675632476807,6376800
2010-08-18,4.977499961853027,5.21750020980835,4.977499961853027,5.190000057220459,3.494427442550659,13283200
2010-08-19,4.84250020980835,4.917500019073486,4.712500095367432,4.764999866485596,3.2082746028900146,47737200
2010-08-20,4.739999771118164,4.78000020980835,4.639999866485596,4.702499866485596,3.166193723678589,16035600
2010-08-23,4.732500076293945,4.747499942779541,4.579999923706055,4.605000019073486,3.1005470752716064,11727200
2010-08-24,4.559999942779541,4.632500171661377,4.492499828338623,4.585000038146973,3.08708119392395,13345600
2010-08-25,4.534999847412109,4.639999866485596,4.505000114440918,4.605000019073486,3.1005470752716064,13495600
2010-08-26,4.617499828338623,4.65500020980835,4.552499771118164,4.585000038146973,3.08708119392395,13732000
2010-08-27,4.610000133514404,4.610000133514404,4.474999904632568,4.582499980926514,3.085397720336914,13263600
2010-08-30,4.542500019073486,4.550000190734863,4.440000057220459,4.46750020980835,3.007969617843628,11451600
2010-08-31,4.445000171661377,4.53249979019165,4.425000190734863,4.482500076293945,3.0180675983428955,16536400
2010-09-01,4.539999961853027,4.617499828338623,4.514999866485596,4.570000171661377,3.076981782913208,12469200
2010-09-02,4.574999809265137,4.667500019073486,4.574999809265137,4.625,3.114013671875,7676800
2010-09-03,4.672500133514404,4.775000095367432,4.672500133514404,4.752500057220459,3.199859142303467,7668000
2010-09-07,4.739999771118164,4.742499828338623,4.675000190734863,4.6875,3.1560940742492676,6510400
2010-09-08,4.667500019073486,4.71999979019165,4.625,4.642499923706055,3.12579607963562,8611600
2010-09-09,4.672500133514404,4.692500114440918,4.577499866485596,4.59499979019165,3.09381365776062,8307200
2010-09-10,4.614999771118164,4.632500171661377,4.554999828338623,4.5625,3.071932554244995,12256400
2010-09-13,4.612500190734863,4.71999979019165,4.607500076293945,4.662499904632568,3.1392617225646973,10225200
2010-09-14,4.677499771118164,4.747499942779541,4.647500038146973,4.652500152587891,3.1325290203094482,12170800
2010-09-15,4.622499942779541,4.675000190734863,4.590000152587891,4.647500038146973,3.129161834716797,8092800
2010-09-16,4.887499809265137,5.050000190734863,4.809999942779541,4.849999904632568,3.265505313873291,44586000
2010-09-17,4.90749979019165,4.90749979019165,4.764999866485596,4.84250020980835,3.260455846786499,20073200
2010-09-20,4.869999885559082,4.934999942779541,4.847499847412109,4.889999866485596,3.292437791824341,15766800
2010-09-21,4.889999866485596,4.9375,4.824999809265137,4.869999885559082,3.2789711952209473,13212800
2010-09-22,4.857500076293945,4.885000228881836,4.822500228881836,4.875,3.282337188720703,10188800
2010-09-23,4.852499961853027,4.962500095367432,4.824999809265137,4.885000228881836,3.2890710830688477,11340800
2010-09-24,4.962500095367432,5.010000228881836,4.90500020980835,4.980000019073486,3.353034019470215,11678800
2010-09-27,5.010000228881836,5.012499809265137,4.934999942779541,4.954999923706055,3.33620285987854,5881200
2010-09-28,4.982500076293945,5.002500057220459,4.877500057220459,4.96999979019165,3.3463022708892822,10490400
2010-09-29,4.954999923706055,4.987500190734863,4.912499904632568,4.925000190734863,3.31600284576416,6109200
2010-09-30,4.947500228881836,4.992499828338623,4.840000152587891,4.927499771118164,3.317686080932617,8918000
2010-10-01,4.987500190734863,5.012499809265137,4.877500057220459,5.0,3.366499900817871,11784400
2010-10-04,4.96750020980835,5.0,4.90500020980835,4.972499847412109,3.34798526763916,8826400
2010-10-05,5.019999980926514,5.147500038146973,5.012499809265137,5.059999942779541,3.4068987369537354,12304400
2010-10-06,5.052499771118164,5.087500095367432,5.017499923706055,5.052499771118164,3.4018490314483643,9574800
2010-10-07,5.065000057220459,5.090000152587891,4.962500095367432,4.980000019073486,3.353034019470215,8383200
2010-10-08,4.980000019073486,5.050000190734863,4.960000038146973,5.019999980926514,3.3799664974212646,8096400
2010-10-11,5.019999980926514,5.097499847412109,4.997499942779541,5.09250020980835,3.428781032562256,9967200
2010-10-12,5.042500019073486,5.050000190734863,4.875,4.949999809265137,3.3328356742858887,21450800
2010-10-13,4.96999979019165,4.96999979019165,4.807499885559082,4.8125,3.2402563095092773,20300800
2010-10-14,4.8125,4.849999904632568,4.662499904632568,4.704999923706055,3.1678762435913086,22972000
2010-10-15,4.707499980926514,4.735000133514404,4.550000190734863,4.579999923706055,3.083714723587036,30591200
2010-10-18,4.607500076293945,4.659999847412109,4.482500076293945,4.567500114440918,3.0752980709075928,25016000
2010-10-19,4.522500038146973,4.667500019073486,4.514999866485596,4.605000019073486,3.1005470752716064,28256400
2010-10-20,4.619999885559082,4.78249979019165,4.577499866485596,4.739999771118164,3.1914424896240234,22742800
2010-10-21,4.747499942779541,4.777500152587891,4.727499961853027,4.760000228881836,3.204908847808838,13030400
2010-10-22,4.769999980926514,4.789999961853027,4.730000019073486,4.78249979019165,3.220057249069214,9695200
2010-10-25,4.8125,4.849999904632568,4.755000114440918,4.807499885559082,3.2368907928466797,12758000
2010-10-26,4.784999847412109,4.869999885559082,4.75,4.849999904632568,3.265505313873291,8827200
2010-10-27,4.824999809265137,4.849999904632568,4.757500171661377,4.84499979019165,3.262138843536377,13015600
2010-10-28,4.877500057220459,4.897500038146973,4.817500114440918,4.852499961853027,3.267188549041748,8272400
2010-10-29,4.840000152587891,4.914999961853027,4.797500133514404,4.912499904632568,3.307586908340454,9536000
2010-11-01,4.934999942779541,4.954999923706055,4.789999961853027,4.827499866485596,3.250356435775757,9892000
2010-11-02,4.855000019073486,4.929999828338623,4.817500114440918,4.894999980926514,3.2958035469055176,7034400
2010-11-03,4.90749979019165,4.962500095367432,4.840000152587891,4.887499809265137,3.2907538414001465,10092400
2010-11-04,4.909999847412109,4.992499828338623,4.909999847412109,4.987500190734863,3.3580851554870605,11070400
2010-11-05,4.96750020980835,5.090000152587891,4.962500095367432,4.997499942779541,3.364816665649414,14497200
2010-11-08,5.002500057220459,5.190000057220459,4.940000057220459,5.132500171661377,3.4557132720947266,14281600
2010-11-09,5.147500038146973,5.170000076293945,5.039999961853027,5.047500133514404,3.398481845855713,15514000
2010-11-10,5.054999828338623,5.09250020980835,5.012499809265137,5.034999847412109,3.390066385269165,16176400
2010-11-11,5.0,5.287499904632568,4.952499866485596,5.275000095367432,3.5516579151153564,29224000
2010-11-12,5.252500057220459,5.300000190734863,5.159999847412109,5.207499980926514,3.506208896636963,13454000
2010-11-15,5.237500190734863,5.260000228881836,5.172500133514404,5.179999828338623,3.48769474029541,8705200
2010-11-16,5.150000095367432,5.302499771118164,5.137499809265137,5.212500095367432,3.5095772743225098,23330800
2010-11-17,5.357500076293945,5.53249979019165,5.244999885559082,5.25,3.5348258018493652,46576000
2010-11-18,5.125,5.417500019073486,5.014999866485596,5.099999904632568,3.4338302612304688,44690400
2010-11-19,5.090000152587891,5.099999904632568,4.974999904632568,5.03000020980835,3.386699676513672,14322800
2010-11-22,5.027500152587891,5.162499904632568,5.010000228881836,5.09499979019165,3.4304635524749756,13339600
2010-11-23,5.0625,5.112500190734863,5.025000095367432,5.052499771118164,3.4018490314483643,8614400
2010-11-24,5.087500095367432,5.125,5.039999961853027,5.087500095367432,3.4254143238067627,7475200
2010-11-26,5.082499980926514,5.182499885559082,5.0625,5.125,3.450662612915039,4770000
2010-11-29,5.09499979019165,5.114999771118164,5.019999980926514,5.03000020980835,3.386699676513672,10330400
2010-11-30,5.0,5.065000057220459,4.972499847412109,4.980000019073486,3.353034019470215,12746000
2010-12-01,5.054999828338623,5.125,4.974999904632568,5.067500114440918,3.4119486808776855,17286400
2010-12-02,5.079999923706055,5.307499885559082,5.050000190734863,5.287499904632568,3.5600745677948,21618400
2010-12-03,5.28249979019165,5.352499961853027,5.252500057220459,5.332499980926514,3.5903735160827637,15067200
2010-12-06,5.329999923706055,5.347499847412109,5.255000114440918,5.3125,3.576906681060791,8966800
2010-12-07,5.352499961853027,5.389999866485596,5.340000152587891,5.360000133514404,3.608889102935791,12620400
2010-12-08,5.372499942779541,5.40500020980835,5.302499771118164,5.329999923706055,3.5886898040771484,10954000
2010-12-09,5.369999885559082,5.434999942779541,5.349999904632568,5.409999847412109,3.6425530910491943,10022800
2010-12-10,5.434999942779541,5.567500114440918,5.434999942779541,5.559999942779541,3.743549108505249,14664800
2010-12-13,5.590000152587891,5.590000152587891,5.440000057220459,5.480000019073486,3.6896846294403076,14086800
2010-12-14,5.432499885559082,5.46750020980835,5.324999809265137,5.434999942779541,3.659386396408081,16030000
2010-12-15,5.425000190734863,5.497499942779541,5.380000114440918,5.389999866485596,3.629087448120117,15179200
2010-12-16,5.40500020980835,5.442500114440918,5.324999809265137,5.427499771118164,3.6543359756469727,9459600
2010-12-17,5.412499904632568,5.460000038146973,5.377500057220459,5.417500019073486,3.6476027965545654,9826000
2010-12-20,5.447500228881836,5.457499980926514,5.307499885559082,5.315000057220459,3.578590154647827,13609200
2010-12-21,5.34250020980835,5.417500019073486,5.324999809265137,5.409999847412109,3.6425530910491943,7195200
2010-12-22,5.417500019073486,5.454999923706055,5.364999771118164,5.425000190734863,3.652653455734253,5863600
2010-12-23,5.429999828338623,5.577499866485596,5.420000076293945,5.554999828338623,3.740182876586914,12488400
2010-12-27,5.53249979019165,5.607500076293945,5.519999980926514,5.5625,3.7452313899993896,7621600
2010-12-28,5.559999942779541,5.637499809265137,5.525000095367432,5.630000114440918,3.7906811237335205,7936000
2010-12-29,5.637499809265137,5.659999847412109,5.599999904632568,5.627500057220459,3.7889978885650635,7957600
2010-12-30,5.632500171661377,5.75,5.619999885559082,5.737500190734863,3.8630599975585938,12323200
2010-12-31,5.737500190734863,5.747499942779541,5.684999942779541,5.71999979019165,3.851276397705078,6328800
2011-01-03,5.767499923706055,5.807499885559082,5.724999904632568,5.727499961853027,3.856327772140503,9595200
2011-01-04,5.742499828338623,5.744999885559082,5.617499828338623,5.625,3.7873129844665527,11084000
2011-01-05,5.622499942779541,5.662499904632568,5.46999979019165,5.472499847412109,3.6846354007720947,24244800
2011-01-06,5.322500228881836,5.329999923706055,5.137499809265137,5.15749979019165,3.472545862197876,45365600
2011-01-07,5.15500020980835,5.239999771118164,5.045000076293945,5.192500114440918,3.4961109161376953,23160800
2011-01-10,5.162499904632568,5.1875,5.074999809265137,5.175000190734863,3.484328269958496,14912000
2011-01-11,5.164999961853027,5.175000190734863,5.027500152587891,5.047500133514404,3.398481845855713,17895600
2011-01-12,5.0625,5.192500114440918,5.050000190734863,5.167500019073486,3.4792795181274414,18063200
2011-01-13,5.15749979019165,5.25,5.142499923706055,5.150000095367432,3.4674956798553467,14550400
2011-01-14,5.147500038146973,5.15749979019165,5.079999923706055,5.09250020980835,3.428781032562256,16853600
2011-01-18,5.105000019073486,5.144999980926514,5.03000020980835,5.09250020980835,3.428781032562256,11729200
2011-01-19,5.079999923706055,5.130000114440918,5.03000020980835,5.114999771118164,3.443929672241211,15343600
2011-01-20,5.107500076293945,5.255000114440918,5.107500076293945,5.252500057220459,3.536508560180664,19676800
2011-01-21,5.295000076293945,5.302499771118164,5.199999809265137,5.224999904632568,3.5179929733276367,17216000
2011-01-24,5.210000038146973,5.272500038146973,5.122499942779541,5.272500038146973,3.5499744415283203,11408800
2011-01-25,5.247499942779541,5.272500038146973,5.202499866485596,5.264999866485596,3.5449256896972656,11108400
2011-01-26,5.267499923706055,5.3125,5.232500076293945,5.260000228881836,3.5415585041046143,8602800
2011-01-27,5.262499809265137,5.3125,5.237500190734863,5.267499923706055,3.5466079711914062,13016400
2011-01-28,5.267499923706055,5.295000076293945,5.167500019073486,5.244999885559082,3.531459331512451,13380400
2011-01-31,5.272500038146973,5.295000076293945,5.207499980926514,5.267499923706055,3.5466079711914062,8538000
2011-02-01,5.284999847412109,5.295000076293945,5.130000114440918,5.137499809265137,3.4590799808502197,16999600
2011-02-02,5.114999771118164,5.114999771118164,4.932499885559082,4.954999923706055,3.33620285987854,30396000
2011-02-03,4.947500228881836,5.047500133514404,4.797500133514404,4.875,3.282337188720703,25717600
2011-02-04,4.922500133514404,5.082499980926514,4.922500133514404,5.012499809265137,3.3749167919158936,23932800
2011-02-07,5.034999847412109,5.067500114440918,5.012499809265137,5.034999847412109,3.390066385269165,14493200
2011-02-08,5.034999847412109,5.039999961853027,4.960000038146973,5.005000114440918,3.3698675632476807,18070400
2011-02-09,5.010000228881836,5.03000020980835,4.90749979019165,4.925000190734863,3.31600284576416,15080800
2011-02-10,4.894999980926514,5.170000076293945,4.877500057220459,5.09250020980835,3.428781032562256,24326000
2011-02-11,5.067500114440918,5.102499961853027,5.017499923706055,5.070000171661377,3.4136314392089844,16693600
2011-02-14,4.917500019073486,5.0,4.889999866485596,4.96750020980835,3.344618082046509,19096800
2011-02-15,4.945000171661377,5.037499904632568,4.945000171661377,5.010000228881836,3.3732340335845947,17814400
2011-02-16,5.03249979019165,5.077499866485596,4.994999885559082,5.067500114440918,3.4119486808776855,17260400
2011-02-17,5.045000076293945,5.144999980926514,5.014999866485596,5.027500152587891,3.385016679763794,12615200
2011-02-18,5.042500019073486,5.090000152587891,4.965000152587891,4.987500190734863,3.3580851554870605,14541600
2011-02-22,4.997499942779541,5.007500171661377,4.889999866485596,4.920000076293945,3.312636375427246,21687200
2011-02-23,4.925000190734863,4.974999904632568,4.885000228881836,4.920000076293945,3.312636375427246,16189600
2011-02-24,4.917500019073486,4.929999828338623,4.862500190734863,4.877500057220459,3.284022092819214,14920000
2011-02-25,4.90500020980835,4.96999979019165,4.872499942779541,4.962500095367432,3.341252088546753,9886000
2011-02-28,5.0,5.002500057220459,4.940000057220459,4.987500190734863,3.3580851554870605,8912400
2011-03-01,4.987500190734863,5.012499809265137,4.914999961853027,4.929999828338623,3.3193705081939697,15414400
2011-03-02,4.914999961853027,4.982500076293945,4.902500152587891,4.925000190734863,3.31600284576416,11159600
2011-03-03,4.954999923706055,5.042500019073486,4.909999847412109,5.03249979019165,3.3883819580078125,13021200
2011-03-04,5.005000114440918,5.034999847412109,4.980000019073486,5.012499809265137,3.3749167919158936,9802800
2011-03-07,5.03000020980835,5.070000171661377,4.922500133514404,4.927499771118164,3.317686080932617,14274400
2011-03-08,4.925000190734863,5.007500171661377,4.864999771118164,4.954999923706055,3.33620285987854,9460400
2011-03-09,4.954999923706055,4.972499847412109,4.925000190734863,4.940000057220459,3.3261024951934814,15137200
2011-03-10,4.917500019073486,4.945000171661377,4.875,4.894999980926514,3.2958035469055176,20054400
2011-03-11,4.862500190734863,4.977499961853027,4.862500190734863,4.942500114440918,3.3277862071990967,13231600
2011-03-14,4.912499904632568,5.027500152587891,4.897500038146973,4.954999923706055,3.33620285987854,16224400
2011-03-15,4.857500076293945,5.172500133514404,4.855000019073486,5.132500171661377,3.4557132720947266,26211600
2011-03-16,5.112500190734863,5.212500095367432,5.079999923706055,5.135000228881836,3.457396984100342,21472400
2011-03-17,5.197500228881836,5.327499866485596,5.175000190734863,5.244999885559082,3.531459331512451,17913200
2011-03-18,5.289999961853027,5.292500019073486,5.152500152587891,5.239999771118164,3.528092384338379,22613600
2011-03-21,5.277500152587891,5.307499885559082,5.230000019073486,5.297500133514404,3.566807746887207,14425600
2011-03-22,5.302499771118164,5.324999809265137,5.247499942779541,5.255000114440918,3.5381922721862793,10503600
2011-03-23,5.239999771118164,5.295000076293945,5.172500133514404,5.277500152587891,3.5533413887023926,15660000
2011-03-24,5.554999828338623,5.599999904632568,5.377500057220459,5.432499885559082,3.6577022075653076,36630400
2011-03-25,5.460000038146973,5.512499809265137,5.425000190734863,5.429999828338623,3.6560184955596924,20421600
2011-03-28,5.449999809265137,5.510000228881836,5.449999809265137,5.492499828338623,3.6981005668640137,11341600
2011-03-29,5.485000133514404,5.614999771118164,5.477499961853027,5.579999923706055,3.7570152282714844,15980000
2011-03-30,5.630000114440918,5.695000171661377,5.5625,5.65749979019165,3.8091940879821777,14192400
2011-03-31,5.642499923706055,5.662499904632568,5.567500114440918,5.630000114440918,3.7906811237335205,11223200
2011-04-01,5.670000076293945,5.757500171661377,5.639999866485596,5.730000019073486,3.8580095767974854,21412000
2011-04-04,5.730000019073486,5.784999847412109,5.617499828338623,5.642499923706055,3.79909610748291,10445200
2011-04-05,5.642499923706055,5.997499942779541,5.632500171661377,5.894999980926514,3.9691030979156494,26934800
2011-04-06,5.894999980926514,6.054999828338623,5.887499809265137,5.974999904632568,4.02296781539917,19400000
2011-04-07,5.985000133514404,6.102499961853027,5.96999979019165,6.007500171661377,4.044850826263428,19617200
2011-04-08,6.005000114440918,6.045000076293945,5.885000228881836,5.952499866485596,4.007819652557373,15777600
2011-04-11,5.934999942779541,6.017499923706055,5.912499904632568,5.9375,3.9977200031280518,15544400
2011-04-12,5.90749979019165,6.037499904632568,5.887499809265137,5.949999809265137,4.0061354637146,15611600
2011-04-13,5.987500190734863,6.412499904632568,5.980000019073486,6.340000152587891,4.268722057342529,64732400
2011-04-14,6.317500114440918,6.550000190734863,6.287499904632568,6.352499961853027,4.277139186859131,42023200
2011-04-15,6.3125,6.619999885559082,6.25,6.599999904632568,4.443780899047852,43878800
2011-04-18,6.552499771118164,6.659999847412109,6.40749979019165,6.534999847412109,4.4000163078308105,38931600
2011-04-19,6.53000020980835,6.647500038146973,6.519999980926514,6.639999866485596,4.470713138580322,17207200
2011-04-20,6.699999809265137,6.735000133514404,6.577499866485596,6.587500095367432,4.435364246368408,20801600
2011-04-21,6.565000057220459,6.722499847412109,6.5,6.635000228881836,4.467347621917725,21595200
2011-04-25,6.627500057220459,6.642499923706055,6.522500038146973,6.622499942779541,4.458929538726807,17385600
2011-04-26,6.614999771118164,6.65500020980835,6.545000076293945,6.572500228881836,4.425264835357666,14800000
2011-04-27,6.599999904632568,6.650000095367432,6.53249979019165,6.554999828338623,4.413481712341309,17640400
2011-04-28,6.527500152587891,6.622499942779541,6.527500152587891,6.550000190734863,4.410114765167236,11770000
2011-04-29,6.472499847412109,6.519999980926514,6.402500152587891,6.420000076293945,4.322587490081787,21600000
2011-05-02,6.539999961853027,6.617499828338623,6.40749979019165,6.445000171661377,4.339419841766357,15980000
2011-05-03,6.422500133514404,6.534999847412109,6.422500133514404,6.465000152587891,4.352886199951172,12833600
2011-05-04,6.447500228881836,6.527500152587891,6.362500190734863,6.420000076293945,4.322587490081787,12828400
2011-05-05,6.40500020980835,6.534999847412109,6.397500038146973,6.46750020980835,4.354568004608154,13301200
2011-05-06,6.517499923706055,6.542500019073486,6.340000152587891,6.364999771118164,4.285555362701416,12817600
2011-05-09,6.372499942779541,6.40500020980835,6.320000171661377,6.369999885559082,4.288921356201172,7954400
2011-05-10,6.394999980926514,6.472499847412109,6.362500190734863,6.445000171661377,4.339419841766357,9244800
2011-05-11,6.427499771118164,6.46750020980835,6.352499961853027,6.449999809265137,4.342785358428955,8936000
2011-05-12,6.445000171661377,6.497499942779541,6.382500171661377,6.482500076293945,4.364667892456055,10474000
2011-05-13,6.642499923706055,6.922500133514404,6.627500057220459,6.679999828338623,4.497645378112793,22156000
2011-05-16,6.677499771118164,6.682499885559082,6.534999847412109,6.619999885559082,4.457247734069824,17397600
2011-05-17,6.545000076293945,6.644999980926514,6.505000114440918,6.587500095367432,4.435364246368408,11913600
2011-05-18,6.622499942779541,6.699999809265137,6.579999923706055,6.670000076293945,4.490911960601807,14644000
2011-05-19,6.362500190734863,6.855000019073486,6.137499809265137,6.829999923706055,4.598639965057373,55522800
2011-05-20,6.862500190734863,7.054999828338623,6.802499771118164,6.96999979019165,4.692902088165283,30978000
2011-05-23,6.909999847412109,7.012499809265137,6.852499961853027,6.914999961853027,4.655869483947754,16475600
2011-05-24,6.934999942779541,7.164999961853027,6.900000095367432,6.90500020980835,4.649137496948242,24013200
2011-05-25,6.869999885559082,6.994999885559082,6.727499961853027,6.9375,4.6710205078125,20483600
2011-05-26,6.927499771118164,6.977499961853027,6.872499942779541,6.9375,4.6710205078125,10902400
2011-05-27,6.980000019073486,7.057499885559082,6.954999923706055,7.052499771118164,4.748449802398682,9684000
2011-05-31,7.077499866485596,7.119999885559082,6.909999847412109,6.994999885559082,4.7097344398498535,19066400
2011-06-01,6.980000019073486,7.005000114440918,6.860000133514404,6.867499828338623,4.6238884925842285,15425600
2011-06-02,6.954999923706055,6.954999923706055,6.762499809265137,6.815000057220459,4.588540554046631,12416000
2011-06-03,6.742499828338623,6.792500019073486,6.574999809265137,6.682499885559082,4.499327659606934,12872000
2011-06-06,6.682499885559082,6.755000114440918,6.627500057220459,6.642499923706055,4.472395420074463,8754400
2011-06-07,6.659999847412109,6.675000190734863,6.545000076293945,6.545000076293945,4.406749248504639,11732400
2011-06-08,6.542500019073486,6.590000152587891,6.412499904632568,6.567500114440918,4.42189884185791,13476400
2011-06-09,6.552499771118164,6.662499904632568,6.505000114440918,6.625,4.46061372756958,10146400
2011-06-10,6.605000019073486,6.632500171661377,6.517499923706055,6.565000057220459,4.420215129852295,14767600
2011-06-13,6.59499979019165,6.625,6.505000114440918,6.5625,4.418531894683838,8031200
2011-06-14,6.612500190734863,6.630000114440918,6.492499828338623,6.607500076293945,4.4488301277160645,12146000
2011-06-15,6.550000190734863,6.607500076293945,6.489999771118164,6.53000020980835,4.396649360656738,13243200
2011-06-16,6.539999961853027,6.590000152587891,6.5,6.550000190734863,4.410114765167236,13257600
2011-06-17,6.585000038146973,6.642499923706055,6.565000057220459,6.610000133514404,4.4505133628845215,12077600
2011-06-20,6.585000038146973,6.699999809265137,6.559999942779541,6.699999809265137,4.511110305786133,8456800
2011-06-21,6.744999885559082,6.885000228881836,6.707499980926514,6.877500057220459,4.630621433258057,7831200
2011-06-22,6.829999923706055,6.84499979019165,6.625,6.635000228881836,4.467347621917725,15025200
2011-06-23,6.577499866485596,6.627500057220459,6.472499847412109,6.565000057220459,4.420215129852295,14934000
2011-06-24,6.579999923706055,6.590000152587891,6.472499847412109,6.53000020980835,4.396649360656738,12753600
2011-06-27,6.514999866485596,6.550000190734863,6.425000190734863,6.447500228881836,4.341103553771973,15545200
2011-06-28,6.492499828338623,6.607500076293945,6.447500228881836,6.587500095367432,4.435364246368408,10897600
2011-06-29,6.625,6.695000171661377,6.492499828338623,6.497499942779541,4.374767303466797,13839600
2011-06-30,6.527500152587891,6.675000190734863,6.497499942779541,6.667500019073486,4.489228248596191,12476400
2011-07-01,6.677499771118164,6.755000114440918,6.627500057220459,6.732500076293945,4.532992839813232,12165200
2011-07-05,6.832499980926514,6.862500190734863,6.742499828338623,6.849999904632568,4.612105846405029,16248400
2011-07-06,6.822500228881836,6.862500190734863,6.767499923706055,6.827499866485596,4.5969557762146,7729600
2011-07-07,6.862500190734863,6.949999809265137,6.804999828338623,6.804999828338623,4.581806659698486,16264000
2011-07-08,6.735000133514404,6.762499809265137,6.647500038146973,6.712500095367432,4.519526481628418,8712800
2011-07-11,6.639999866485596,6.6875,6.457499980926514,6.487500190734863,4.368034362792969,14364800
2011-07-12,6.347499847412109,6.355000019073486,6.172500133514404,6.202499866485596,4.176144599914551,32717200
2011-07-13,6.207499980926514,6.247499942779541,6.047500133514404,6.057499885559082,4.078515529632568,28590800
2011-07-14,6.090000152587891,6.105000019073486,5.942500114440918,5.957499980926514,4.011185169219971,27652400
2011-07-15,5.962500095367432,5.994999885559082,5.849999904632568,5.897500038146973,3.9707860946655273,16677200
2011-07-18,5.912499904632568,5.927499771118164,5.795000076293945,5.855000019073486,3.9421727657318115,22974800
2011-07-19,5.897500038146973,5.992499828338623,5.869999885559082,5.927499771118164,3.9909868240356445,13097600
2011-07-20,5.997499942779541,6.014999866485596,5.807499885559082,5.820000171661377,3.918606758117676,14250000
2011-07-21,5.84499979019165,5.875,5.802499771118164,5.829999923706055,3.925339460372925,17092400
2011-07-22,5.822500228881836,5.912499904632568,5.752500057220459,5.867499828338623,3.9505879878997803,11617200
2011-07-25,5.800000190734863,5.952499866485596,5.797500133514404,5.90749979019165,3.977520704269409,13225200
2011-07-26,5.912499904632568,5.989999771118164,5.869999885559082,5.940000057220459,3.999403476715088,9678400
2011-07-27,5.892499923706055,5.940000057220459,5.827499866485596,5.875,3.9556379318237305,16062000
2011-07-28,5.849999904632568,5.980000019073486,5.827499866485596,5.889999866485596,3.9657368659973145,16191600
2011-07-29,5.829999923706055,5.927499771118164,5.775000095367432,5.894999980926514,3.9691030979156494,13779600
2011-08-01,5.952499866485596,5.954999923706055,5.739999771118164,5.777500152587891,3.8899917602539062,13510000
2011-08-02,5.737500190734863,5.840000152587891,5.727499961853027,5.727499961853027,3.856327772140503,18875600
2011-08-03,5.71750020980835,5.78000020980835,5.617499828338623,5.712500095367432,3.8462276458740234,19775200
2011-08-04,5.644999980926514,5.672500133514404,5.46999979019165,5.46999979019165,3.6829519271850586,23584400
2011-08-05,5.519999980926514,5.610000133514404,5.375,5.53249979019165,3.7250328063964844,29738800
2011-08-08,5.409999847412109,5.445000171661377,5.087500095367432,5.139999866485596,3.4607620239257812,23076800
2011-08-09,5.172500133514404,5.347499847412109,5.054999828338623,5.340000152587891,3.5954229831695557,19598000
2011-08-10,5.222499847412109,5.297500133514404,5.110000133514404,5.135000228881836,3.457396984100342,15165200
2011-08-11,5.159999847412109,5.434999942779541,5.117499828338623,5.360000133514404,3.608889102935791,11655200
2011-08-12,5.369999885559082,5.369999885559082,5.117499828338623,5.179999828338623,3.48769474029541,17011600
2011-08-15,5.195000171661377,5.257500171661377,5.137499809265137,5.237500190734863,3.52640962600708,14981200
2011-08-16,5.192500114440918,5.372499942779541,5.159999847412109,5.347499847412109,3.6004724502563477,14374800
2011-08-17,5.355000019073486,5.380000114440918,5.034999847412109,5.114999771118164,3.443929672241211,21244800
2011-08-18,4.677499771118164,5.357500076293945,4.585000038146973,5.357500076293945,3.607205867767334,56232000
2011-08-19,5.267499923706055,5.732500076293945,5.25,5.392499923706055,3.6307709217071533,32240000
2011-08-22,5.492499828338623,5.492499828338623,5.255000114440918,5.402500152587891,3.6375043392181396,22248400
2011-08-23,5.442500114440918,5.644999980926514,5.355000019073486,5.644999980926514,3.8007798194885254,20627200
2011-08-24,5.627500057220459,5.862500190734863,5.627500057220459,5.837500095367432,3.9303901195526123,20480800
2011-08-25,5.860000133514404,5.90500020980835,5.617499828338623,5.625,3.7873129844665527,14174800
2011-08-26,5.597499847412109,5.752500057220459,5.514999866485596,5.695000171661377,3.834444284439087,12893600
2011-08-29,5.735000133514404,5.775000095367432,5.659999847412109,5.775000095367432,3.88830828666687,15113600
2011-08-30,5.769999980926514,5.992499828338623,5.75,5.840000152587891,3.932072162628174,14685200
2011-08-31,5.875,6.012499809265137,5.84250020980835,5.982500076293945,4.028019428253174,17735600
2011-09-01,5.960000038146973,5.989999771118164,5.760000228881836,5.760000228881836,3.878209114074707,10999200
2011-09-02,5.675000190734863,5.712500095367432,5.527500152587891,5.537499904632568,3.728398561477661,10083200
2011-09-06,5.392499923706055,5.735000133514404,5.392499923706055,5.702499866485596,3.8394927978515625,16112800
2011-09-07,5.767499923706055,5.832499980926514,5.707499980926514,5.804999828338623,3.9085068702697754,12966000
2011-09-08,5.78000020980835,5.852499961853027,5.727499961853027,5.727499961853027,3.856327772140503,9410400
2011-09-09,5.690000057220459,5.855000019073486,5.690000057220459,5.78249979019165,3.893357753753662,15778400
2011-09-12,5.722499847412109,5.820000171661377,5.627500057220459,5.804999828338623,3.9085068702697754,16685600
2011-09-13,5.802499771118164,5.855000019073486,5.697500228881836,5.792500019073486,3.900090456008911,11058800
2011-09-14,5.84250020980835,6.03000020980835,5.809999942779541,5.977499961853027,4.024651527404785,14910800
2011-09-15,6.019999980926514,6.159999847412109,5.989999771118164,6.159999847412109,4.147529125213623,18059600
2011-09-16,6.207499980926514,6.269999980926514,6.150000095367432,6.222499847412109,4.189611434936523,13714000
2011-09-19,6.09499979019165,6.114999771118164,5.949999809265137,6.057499885559082,4.078515529632568,12439600
2011-09-20,6.057499885559082,6.125,5.987500190734863,5.994999885559082,4.036434173583984,10584800
2011-09-21,5.96999979019165,6.067500114440918,5.855000019073486,5.860000133514404,3.9455387592315674,12878800
2011-09-22,5.702499866485596,5.804999828338623,5.574999809265137,5.652500152587891,3.805828809738159,15713600
2011-09-23,5.622499942779541,5.732500076293945,5.597499847412109,5.627500057220459,3.7889978885650635,10035200
2011-09-26,5.677499771118164,5.90749979019165,5.659999847412109,5.902500152587891,3.974154233932495,8322000
2011-09-27,5.994999885559082,6.130000114440918,5.914999961853027,5.96999979019165,4.019601821899414,10263200
2011-09-28,6.007500171661377,6.090000152587891,5.867499828338623,5.880000114440918,3.9590036869049072,9391200
2011-09-29,5.972499847412109,6.0625,5.84250020980835,5.997499942779541,4.038118839263916,12208000
2011-09-30,5.914999961853027,5.965000152587891,5.772500038146973,5.775000095367432,3.88830828666687,10776400
2011-10-03,5.75,5.807499885559082,5.632500171661377,5.742499828338623,3.866425037384033,19232800
2011-10-04,5.650000095367432,5.947500228881836,5.539999961853027,5.947500228881836,4.004453182220459,15200000
2011-10-05,5.962500095367432,5.994999885559082,5.809999942779541,5.96750020980835,4.017919540405273,12040400
2011-10-06,5.940000057220459,6.047500133514404,5.932499885559082,6.014999866485596,4.049901008605957,15905200
2011-10-07,6.082499980926514,6.159999847412109,6.022500038146973,6.082499980926514,4.095348834991455,16062800
2011-10-10,6.167500019073486,6.255000114440918,6.072500228881836,6.144999980926514,4.137428283691406,13271600
2011-10-11,6.132500171661377,6.239999771118164,6.070000171661377,6.230000019073486,4.194660186767578,11053600
2011-10-12,6.25,6.517499923706055,6.227499961853027,6.412499904632568,4.317538261413574,24020400
2011-10-13,6.352499961853027,6.412499904632568,6.272500038146973,6.304999828338623,4.245156764984131,10555600
2011-10-14,6.352499961853027,6.369999885559082,6.232500076293945,6.289999961853027,4.235057353973389,11832000
2011-10-17,6.284999847412109,6.292500019073486,5.957499980926514,6.059999942779541,4.080197811126709,23942800
2011-10-18,6.054999828338623,6.295000076293945,6.039999961853027,6.244999885559082,4.204758167266846,14472400
2011-10-19,6.21999979019165,6.252500057220459,6.159999847412109,6.21750020980835,4.186244010925293,11357600
2011-10-20,6.21750020980835,6.28000020980835,6.170000076293945,6.264999866485596,4.21822452545166,7989600
2011-10-21,6.347499847412109,6.474999904632568,6.260000228881836,6.260000228881836,4.214858531951904,18337600
2011-10-24,6.28249979019165,6.394999980926514,6.215000152587891,6.394999980926514,4.3057541847229,18266000
2011-10-25,6.349999904632568,6.510000228881836,6.307499885559082,6.400000095367432,4.3091206550598145,14421600
2011-10-26,6.422500133514404,6.447500228881836,6.237500190734863,6.260000228881836,4.214858531951904,17634000
2011-10-27,6.442500114440918,6.512499809265137,6.315000057220459,6.477499961853027,4.361301422119141,10923200
2011-10-28,6.472499847412109,6.664999961853027,6.460000038146973,6.550000190734863,4.410114765167236,12758000
2011-10-31,6.505000114440918,6.534999847412109,6.387499809265137,6.392499923706055,4.304070949554443,15808400
2011-11-01,6.224999904632568,6.324999809265137,6.130000114440918,6.260000228881836,4.214858531951904,15141600
2011-11-02,6.3125,6.347499847412109,6.252500057220459,6.275000095367432,4.224957466125488,13692400
2011-11-03,6.320000171661377,6.465000152587891,6.222499847412109,6.457499980926514,4.347835063934326,10368400
2011-11-04,6.429999828338623,6.472499847412109,6.369999885559082,6.422500133514404,4.324269771575928,10893200
2011-11-07,6.427499771118164,6.445000171661377,6.327499866485596,6.362500190734863,4.283872127532959,7739200
2011-11-08,6.377500057220459,6.427499771118164,6.28000020980835,6.409999847412109,4.315854072570801,7874000
2011-11-09,6.275000095367432,6.375,6.21750020980835,6.230000019073486,4.194660186767578,7390400
2011-11-10,6.297500133514404,6.297500133514404,6.105000019073486,6.150000095367432,4.14079475402832,13498800
2011-11-11,6.215000152587891,6.362500190734863,6.179999828338623,6.292500019073486,4.236741065979004,9797200
2011-11-14,6.210000038146973,6.210000038146973,6.005000114440918,6.159999847412109,4.147529125213623,12884400
2011-11-15,6.125,6.127500057220459,5.880000114440918,5.889999866485596,3.9657368659973145,28351600
2011-11-16,5.802499771118164,5.815000057220459,5.559999942779541,5.630000114440918,3.7906811237335205,46004000
2011-11-17,5.550000190734863,5.710000038146973,5.4375,5.482500076293945,3.6913671493530273,28222800
2011-11-18,5.502500057220459,5.699999809265137,5.482500076293945,5.614999771118164,3.780581474304199,24363600
2011-11-21,5.517499923706055,5.735000133514404,5.472499847412109,5.679999828338623,3.824345350265503,22012800
2011-11-22,5.65500020980835,5.684999942779541,5.597499847412109,5.607500076293945,3.7755298614501953,15705200
2011-11-23,5.572500228881836,5.590000152587891,5.465000152587891,5.527500152587891,3.721665620803833,15152000
2011-11-25,5.485000133514404,5.507500171661377,5.364999771118164,5.377500057220459,3.620671272277832,7029200
2011-11-28,5.510000228881836,5.622499942779541,5.510000228881836,5.590000152587891,3.763747215270996,13752000
2011-11-29,5.632500171661377,5.809999942779541,5.625,5.6875,3.829395055770874,19185200
2011-11-30,5.817500114440918,5.855000019073486,5.675000190734863,5.78000020980835,3.8916757106781006,13308800
2011-12-01,5.775000095367432,5.877500057220459,5.727499961853027,5.840000152587891,3.932072162628174,9447600
2011-12-02,5.932499885559082,5.962500095367432,5.78249979019165,5.804999828338623,3.9085068702697754,8672400
2011-12-05,5.862500190734863,5.927499771118164,5.795000076293945,5.920000076293945,3.9859366416931152,10777600
2011-12-06,5.882500171661377,5.90749979019165,5.832499980926514,5.835000038146973,3.928706169128418,8608400
2011-12-07,5.809999942779541,5.992499828338623,5.78249979019165,5.922500133514404,3.9876201152801514,14136800
2011-12-08,5.889999866485596,5.960000038146973,5.852499961853027,5.892499923706055,3.967420816421509,12201600
2011-12-09,5.897500038146973,6.077499866485596,5.897500038146973,6.050000190734863,4.073465347290039,13990400
2011-12-12,6.022500038146973,6.1875,5.957499980926514,6.177499771118164,4.159311294555664,16758800
2011-12-13,6.147500038146973,6.159999847412109,5.992499828338623,6.017499923706055,4.051583290100098,16990800
2011-12-14,5.989999771118164,6.007500171661377,5.852499961853027,5.872499942779541,3.9539549350738525,13432000
2011-12-15,5.917500019073486,6.002500057220459,5.90749979019165,5.925000190734863,3.9893016815185547,13529200
2011-12-16,5.954999923706055,5.980000019073486,5.795000076293945,5.835000038146973,3.928706169128418,10618800
2011-12-19,5.864999771118164,5.872499942779541,5.659999847412109,5.667500019073486,3.8159279823303223,8103200
2011-12-20,5.767499923706055,5.880000114440918,5.764999866485596,5.867499828338623,3.9505879878997803,7109600
2011-12-21,5.869999885559082,5.920000076293945,5.804999828338623,5.885000228881836,3.9623708724975586,5641600
2011-12-22,5.912499904632568,6.019999980926514,5.887499809265137,5.947500228881836,4.004453182220459,7314800
2011-12-23,5.972499847412109,6.005000114440918,5.934999942779541,5.980000019073486,4.026333808898926,6116400
2011-12-27,5.96750020980835,6.0,5.894999980926514,5.980000019073486,4.026333808898926,4909200
2011-12-28,6.005000114440918,6.039999961853027,5.934999942779541,6.017499923706055,4.051583290100098,7046000
2011-12-29,6.012499809265137,6.09250020980835,5.982500076293945,6.087500095367432,4.0987138748168945,5242800
2011-12-30,6.070000171661377,6.087500095367432,6.03249979019165,6.03249979019165,4.061683654785156,4189200
2012-01-03,6.107500076293945,6.147500038146973,5.9375,5.947500228881836,4.004453182220459,10252800
2012-01-04,5.9375,6.045000076293945,5.922500133514404,6.03249979019165,4.061683654785156,8317600
2012-01-05,5.997499942779541,6.320000171661377,5.965000152587891,6.315000057220459,4.251891136169434,14776000
2012-01-06,6.302499771118164,6.307499885559082,6.175000190734863,6.21750020980835,4.186244010925293,15113600
2012-01-09,6.164999961853027,6.175000190734863,5.84499979019165,5.997499942779541,4.038118839263916,27824000
2012-01-10,6.014999866485596,6.077499866485596,5.862500190734863,6.057499885559082,4.078515529632568,15462400
2012-01-11,6.045000076293945,6.125,6.045000076293945,6.09499979019165,4.103764057159424,14062000
2012-01-12,6.117499828338623,6.125,6.005000114440918,6.045000076293945,4.070099830627441,12018400
2012-01-13,5.997499942779541,6.0,5.804999828338623,5.877500057220459,3.9573214054107666,16946400
2012-01-17,5.9375,5.952499866485596,5.775000095367432,5.807499885559082,3.9101903438568115,11883600
2012-01-18,5.815000057220459,6.014999866485596,5.775000095367432,6.005000114440918,4.0431671142578125,9771600
2012-01-19,5.977499961853027,6.222499847412109,5.977499961853027,6.210000038146973,4.181193828582764,13097200
2012-01-20,6.237500190734863,6.25,6.125,6.137499809265137,4.132379055023193,10272800
2012-01-23,6.137499809265137,6.21750020980835,6.137499809265137,6.190000057220459,4.167726993560791,6712000
2012-01-24,6.164999961853027,6.210000038146973,6.132500171661377,6.1875,4.166045188903809,6417600
2012-01-25,6.182499885559082,6.25,6.097499847412109,6.25,4.208125591278076,10460400
2012-01-26,6.207499980926514,6.207499980926514,5.662499904632568,6.175000190734863,4.157628536224365,24179200
2012-01-27,6.150000095367432,6.152500152587891,6.074999809265137,6.079999923706055,4.093666076660156,13709200
2012-01-30,6.037499904632568,6.045000076293945,5.862500190734863,5.934999942779541,3.9960365295410156,21557600
2012-01-31,5.945000171661377,5.957499980926514,5.807499885559082,5.840000152587891,3.932072162628174,17175200
2012-02-01,5.860000133514404,5.925000190734863,5.792500019073486,5.827499866485596,3.9236557483673096,13552000
2012-02-02,5.860000133514404,5.882500171661377,5.804999828338623,5.817500114440918,3.916923999786377,13637600
2012-02-03,5.877500057220459,5.949999809265137,5.869999885559082,5.909999847412109,3.979203462600708,10115200
2012-02-06,5.900000095367432,5.914999961853027,5.804999828338623,5.852499961853027,3.940488338470459,14635600
2012-02-07,5.832499980926514,5.942500114440918,5.832499980926514,5.932499885559082,3.994353771209717,11467200
2012-02-08,6.065000057220459,6.465000152587891,6.037499904632568,6.122499942779541,4.122279167175293,34136000
2012-02-09,6.144999980926514,6.144999980926514,6.0,6.019999980926514,4.053266525268555,15364800
2012-02-10,5.872499942779541,5.902500152587891,5.664999961853027,5.71999979019165,3.851276397705078,32256400
2012-02-13,5.752500057220459,5.764999866485596,5.635000228881836,5.735000133514404,3.861375570297241,22461200
2012-02-14,5.71999979019165,5.75,5.659999847412109,5.744999885559082,3.868109703063965,15697200
2012-02-15,5.75,5.762499809265137,5.697500228881836,5.702499866485596,3.8394927978515625,14384400
2012-02-16,5.684999942779541,5.795000076293945,5.684999942779541,5.760000228881836,3.9038808345794678,11904800
2012-02-17,5.797500133514404,5.827499866485596,5.75,5.795000076293945,3.927603244781494,7900000
2012-02-21,5.832499980926514,5.9375,5.792500019073486,5.824999809265137,3.947934627532959,8568000
2012-02-22,5.84499979019165,5.869999885559082,5.715000152587891,5.742499828338623,3.892019748687744,9381600
2012-02-23,5.737500190734863,5.894999980926514,5.724999904632568,5.822500228881836,3.9462411403656006,7327600
2012-02-24,5.804999828338623,5.829999923706055,5.677499771118164,5.682499885559082,3.8513553142547607,10578400
2012-02-27,5.679999828338623,5.815000057220459,5.672500133514404,5.75,3.8971035480499268,8053600
2012-02-28,5.744999885559082,5.849999904632568,5.727499961853027,5.832499980926514,3.9530181884765625,9181200
2012-02-29,5.840000152587891,5.857500076293945,5.690000057220459,5.695000171661377,3.8598268032073975,12888400
2012-03-01,5.722499847412109,5.965000152587891,5.71750020980835,5.960000038146973,4.039431571960449,19594000
2012-03-02,5.960000038146973,6.067500114440918,5.897500038146973,5.96750020980835,4.044516086578369,15591200
2012-03-05,5.96750020980835,6.137499809265137,5.900000095367432,6.039999961853027,4.093652725219727,20442400
2012-03-06,5.960000038146973,5.997499942779541,5.925000190734863,5.947500228881836,4.030961036682129,6191200
2012-03-07,5.96999979019165,5.989999771118164,5.922500133514404,5.974999904632568,4.049598693847656,9006400
2012-03-08,6.002500057220459,6.09250020980835,5.992499828338623,6.052499771118164,4.102123737335205,13078400
2012-03-09,5.982500076293945,6.03000020980835,5.889999866485596,5.974999904632568,4.049598693847656,20076800
2012-03-12,5.974999904632568,6.012499809265137,5.889999866485596,5.942500114440918,4.027570724487305,8457200
2012-03-13,6.017499923706055,6.017499923706055,5.882500171661377,5.947500228881836,4.030961036682129,13164000
2012-03-14,5.940000057220459,5.985000133514404,5.832499980926514,5.875,3.9818222522735596,13883200
2012-03-15,5.875,5.952499866485596,5.824999809265137,5.952499866485596,4.03434944152832,11116400
2012-03-16,5.965000152587891,5.974999904632568,5.880000114440918,5.889999866485596,3.9919888973236084,15375600
2012-03-19,5.909999847412109,6.037499904632568,5.889999866485596,5.987500190734863,4.058070659637451,14823600
2012-03-20,5.992499828338623,6.077499866485596,5.902500152587891,6.002500057220459,4.068236827850342,14239600
2012-03-21,6.007500171661377,6.1875,6.0,6.167500019073486,4.180065631866455,17963600
2012-03-22,6.309999942779541,6.442500114440918,5.75,5.789999961853027,3.9242138862609863,44606800
2012-03-23,5.822500228881836,5.940000057220459,5.737500190734863,5.90500020980835,4.00215482711792,15335600
2012-03-26,5.962500095367432,6.019999980926514,5.880000114440918,5.949999809265137,4.032654762268066,12685600
2012-03-27,5.972499847412109,5.992499828338623,5.900000095367432,5.940000057220459,4.025877475738525,8856400
2012-03-28,5.932499885559082,5.940000057220459,5.800000190734863,5.872499942779541,3.980128526687622,12501600
2012-03-29,5.802499771118164,5.914999961853027,5.514999866485596,5.647500038146973,3.8276329040527344,35629600
2012-03-30,5.704999923706055,5.704999923706055,5.454999923706055,5.460000038146973,3.7005538940429688,19977200
2012-04-02,5.434999942779541,5.662499904632568,5.40749979019165,5.614999771118164,3.8056070804595947,20012000
2012-04-03,5.622499942779541,5.684999942779541,5.482500076293945,5.510000228881836,3.7344417572021484,15712400
2012-04-04,5.494999885559082,5.565000057220459,5.429999828338623,5.487500190734863,3.7191922664642334,11406000
2012-04-05,5.457499980926514,5.527500152587891,5.412499904632568,5.432499885559082,3.681915044784546,11237600
2012-04-09,5.387499809265137,5.519999980926514,5.357500076293945,5.462500095367432,3.702246904373169,10108000
2012-04-10,5.440000057220459,5.487500190734863,5.324999809265137,5.355000019073486,3.629390239715576,11930400
2012-04-11,5.329999923706055,5.380000114440918,5.235000133514404,5.317500114440918,3.603972911834717,19562000
2012-04-12,5.324999809265137,5.427499771118164,5.3125,5.389999866485596,3.6531105041503906,8414800
2012-04-13,5.375,5.375,5.28000020980835,5.307499885559082,3.597196102142334,8956000
2012-04-16,5.324999809265137,5.452499866485596,5.242499828338623,5.425000190734863,3.6768321990966797,13710000
2012-04-17,5.454999923706055,5.550000190734863,5.449999809265137,5.537499904632568,3.753079652786255,16022400
2012-04-18,5.512499809265137,5.59250020980835,5.474999904632568,5.572500228881836,3.776801347732544,15372800
2012-04-19,5.5625,5.635000228881836,5.53249979019165,5.572500228881836,3.776801347732544,14128400
2012-04-20,5.607500076293945,5.677499771118164,5.552499771118164,5.59499979019165,3.79205060005188,12587200
2012-04-23,5.542500019073486,5.602499961853027,5.460000038146973,5.59250020980835,3.7903566360473633,11351200
2012-04-24,5.590000152587891,5.647500038146973,5.539999961853027,5.570000171661377,3.7751078605651855,14316400
2012-04-25,5.632500171661377,5.652500152587891,5.559999942779541,5.644999980926514,3.8259384632110596,8114000
2012-04-26,5.635000228881836,5.697500228881836,5.617499828338623,5.644999980926514,3.8259384632110596,6651600
2012-04-27,5.690000057220459,5.690000057220459,5.565000057220459,5.670000076293945,3.842881917953491,10965200
2012-04-30,5.664999961853027,5.695000171661377,5.559999942779541,5.690000057220459,3.856438636779785,6708400
2012-05-01,5.690000057220459,5.769999980926514,5.602499961853027,5.715000152587891,3.8733811378479004,12510000
2012-05-02,5.672500133514404,5.712500095367432,5.627500057220459,5.692500114440918,3.8581326007843018,6326800
2012-05-03,5.679999828338623,5.695000171661377,5.492499828338623,5.619999885559082,3.8089938163757324,10063600
2012-05-04,5.59250020980835,5.625,5.457499980926514,5.457499980926514,3.698859214782715,7302000
2012-05-07,5.425000190734863,5.5,5.262499809265137,5.272500038146973,3.573474407196045,11707600
2012-05-08,5.227499961853027,5.392499923706055,5.175000190734863,5.277500152587891,3.5768632888793945,17536000
2012-05-09,5.210000038146973,5.287499904632568,5.175000190734863,5.227499961853027,3.5429749488830566,16157600
2012-05-10,5.257500171661377,5.304999828338623,5.21999979019165,5.267499923706055,3.570084571838379,10103600
2012-05-11,5.212500095367432,5.309999942779541,5.042500019073486,5.082499980926514,3.444700002670288,20427200
2012-05-14,5.037499904632568,5.302499771118164,5.017499923706055,5.21999979019165,3.5378916263580322,12568800
2012-05-15,5.195000171661377,5.224999904632568,5.090000152587891,5.15500020980835,3.493837594985962,12344400
2012-05-16,5.182499885559082,5.275000095367432,5.172500133514404,5.210000038146973,3.5311148166656494,13711600
2012-05-17,4.985000133514404,5.050000190734863,4.614999771118164,4.630000114440918,3.1380155086517334,48078800
2012-05-18,4.617499828338623,4.835000038146973,4.53249979019165,4.767499923706055,3.2312071323394775,19713200
2012-05-21,4.769999980926514,4.8125,4.732500076293945,4.744999885559082,3.2159574031829834,19206400
2012-05-22,4.784999847412109,4.820000171661377,4.737500190734863,4.760000228881836,3.2261240482330322,14009200
2012-05-23,4.735000133514404,4.820000171661377,4.670000076293945,4.769999980926514,3.2329013347625732,22000000
2012-05-24,4.772500038146973,4.800000190734863,4.6875,4.792500019073486,3.2738890647888184,19172800
2012-05-25,4.807499885559082,4.934999942779541,4.804999828338623,4.880000114440918,3.333662509918213,12567200
2012-05-29,4.900000095367432,4.945000171661377,4.824999809265137,4.927499771118164,3.3661110401153564,10799200
2012-05-30,4.877500057220459,5.284999847412109,4.775000095367432,4.914999961853027,3.357572555541992,26932000
2012-05-31,4.867499828338623,4.934999942779541,4.747499942779541,4.795000076293945,3.2755966186523438,11325600
2012-06-01,4.692500114440918,4.862500190734863,4.664999961853027,4.800000190734863,3.279012441635132,14711600
2012-06-04,4.795000076293945,4.817500114440918,4.710000038146973,4.800000190734863,3.279012441635132,14632400
2012-06-05,4.775000095367432,4.90749979019165,4.762499809265137,4.885000228881836,3.3370790481567383,8927200
2012-06-06,4.917500019073486,4.945000171661377,4.797500133514404,4.837500095367432,3.3046298027038574,11188400
2012-06-07,4.875,4.90749979019165,4.670000076293945,4.699999809265137,3.2106995582580566,18900000
2012-06-08,4.690000057220459,4.760000228881836,4.672500133514404,4.757500171661377,3.2499799728393555,9390800
2012-06-11,4.795000076293945,4.857500076293945,4.565000057220459,4.570000171661377,3.1218924522399902,12740000
2012-06-12,4.579999923706055,4.662499904632568,4.537499904632568,4.642499923706055,3.171419143676758,16974400
2012-06-13,4.610000133514404,4.667500019073486,4.517499923706055,4.527500152587891,3.092860221862793,11235600
2012-06-14,4.550000190734863,4.5625,4.347499847412109,4.434999942779541,3.0296711921691895,34551200
2012-06-15,4.362500190734863,4.477499961853027,4.277500152587891,4.457499980926514,3.04504132270813,33386400
2012-06-18,4.460000038146973,4.5625,4.409999847412109,4.554999828338623,3.1116459369659424,13329200
2012-06-19,4.585000038146973,4.664999961853027,4.565000057220459,4.59250020980835,3.137263536453247,14520800
2012-06-20,4.599999904632568,4.610000133514404,4.53000020980835,4.534999847412109,3.09798264503479,9554000
2012-06-21,4.547500133514404,4.547500133514404,4.377500057220459,4.389999866485596,2.998929262161255,11077200
2012-06-22,4.434999942779541,4.445000171661377,4.369999885559082,4.422500133514404,3.021131992340088,14879600
2012-06-25,4.385000228881836,4.400000095367432,4.275000095367432,4.297500133514404,2.9357411861419678,10786400
2012-06-26,4.352499961853027,4.412499904632568,4.297500133514404,4.369999885559082,2.9852676391601562,8789600
2012-06-27,4.382500171661377,4.465000152587891,4.369999885559082,4.454999923706055,3.0433332920074463,8732000
2012-06-28,4.440000057220459,4.480000019073486,4.382500171661377,4.452499866485596,3.0416259765625,6937200
2012-06-29,4.514999866485596,4.612500190734863,4.462500095367432,4.590000152587891,3.1355559825897217,14131200
2012-07-02,4.610000133514404,4.622499942779541,4.465000152587891,4.494999885559082,3.070657730102539,8324800
2012-07-03,4.514999866485596,4.672500133514404,4.477499961853027,4.59250020980835,3.137263536453247,5462400
2012-07-05,4.582499980926514,4.662499904632568,4.552499771118164,4.567500114440918,3.120185136795044,6496000
2012-07-06,4.527500152587891,4.572500228881836,4.5,4.53249979019165,3.096275806427002,6242400
2012-07-09,4.570000171661377,4.625,4.3125,4.380000114440918,2.992098808288574,11924000
2012-07-10,4.400000095367432,4.460000038146973,4.372499942779541,4.387499809265137,2.9972219467163086,7181200
2012-07-11,4.372499942779541,4.432499885559082,4.300000190734863,4.302499771118164,2.9391562938690186,10302400
2012-07-12,4.284999847412109,4.3125,4.224999904632568,4.275000095367432,2.920370578765869,8160400
2012-07-13,4.304999828338623,4.349999904632568,4.179999828338623,4.207499980926514,2.8742589950561523,11265200
2012-07-16,4.182499885559082,4.199999809265137,4.090000152587891,4.142499923706055,2.8298561573028564,11256400
2012-07-17,4.15749979019165,4.202499866485596,4.130000114440918,4.184999942779541,2.8588883876800537,6441600
2012-07-18,4.170000076293945,4.284999847412109,4.15500020980835,4.224999904632568,2.886213779449463,7468000
2012-07-19,4.247499942779541,4.287499904632568,4.1875,4.199999809265137,2.869136095046997,10988800
2012-07-20,4.175000190734863,4.21999979019165,4.0625,4.074999809265137,2.783745050430298,7732400
2012-07-23,4.03249979019165,4.057499885559082,3.9700000286102295,4.034999847412109,2.7564198970794678,8456400
2012-07-24,4.03000020980835,4.09250020980835,3.867500066757202,3.932499885559082,2.686399221420288,15271200
2012-07-25,3.9549999237060547,3.997499942779541,3.9100000858306885,3.942500114440918,2.693229913711548,10493600
2012-07-26,3.997499942779541,4.014999866485596,3.942500114440918,3.992500066757202,2.727386713027954,9646400
2012-07-27,4.025000095367432,4.087500095367432,3.987499952316284,4.034999847412109,2.7564198970794678,7937200
2012-07-30,4.050000190734863,4.059999942779541,3.9674999713897705,4.005000114440918,2.7359259128570557,7613600
2012-07-31,3.992500066757202,4.022500038146973,3.9600000381469727,4.005000114440918,2.7359259128570557,6473600
2012-08-01,4.010000228881836,4.597499847412109,3.9749999046325684,4.017499923706055,2.7444651126861572,30748800
2012-08-02,3.987499952316284,4.027500152587891,3.8299999237060547,3.9375,2.689814567565918,15403600
2012-08-03,3.984999895095825,4.03000020980835,3.9649999141693115,3.9749999046325684,2.7154324054718018,9270800
2012-08-06,4.022500038146973,4.09250020980835,3.9700000286102295,4.002500057220459,2.734217882156372,10794000
2012-08-07,4.002500057220459,4.25,3.997499942779541,4.202499866485596,2.8708434104919434,11186400
2012-08-08,4.184999942779541,4.21750020980835,4.167500019073486,4.182499885559082,2.8571810722351074,5980000
2012-08-09,4.175000190734863,4.21999979019165,4.130000114440918,4.207499980926514,2.8742589950561523,6773200
2012-08-10,4.204999923706055,4.434999942779541,4.15500020980835,4.434999942779541,3.0296711921691895,18812000
2012-08-13,4.630000114440918,4.712500095367432,4.400000095367432,4.472499847412109,3.0552875995635986,21730400
2012-08-14,4.492499828338623,4.522500038146973,4.300000190734863,4.320000171661377,2.951111078262329,20002400
2012-08-15,4.322500228881836,4.409999847412109,4.260000228881836,4.262499809265137,2.9118306636810303,18440000
2012-08-16,4.324999809265137,4.565000057220459,4.150000095367432,4.494999885559082,3.070657730102539,44530800
2012-08-17,4.5,4.684999942779541,4.440000057220459,4.642499923706055,3.171419143676758,24764000
2012-08-20,4.692500114440918,4.897500038146973,4.627500057220459,4.872499942779541,3.3285388946533203,27220800
2012-08-21,4.869999885559082,4.889999866485596,4.727499961853027,4.872499942779541,3.3285388946533203,20158400
2012-08-22,4.872499942779541,4.887499809265137,4.652500152587891,4.697500228881836,3.2089920043945312,18076400
2012-08-23,4.715000152587891,4.762499809265137,4.697500228881836,4.724999904632568,3.227778196334839,10826000
2012-08-24,4.664999961853027,4.6875,4.572500228881836,4.605000019073486,3.1879711151123047,12168800
2012-08-27,4.625,4.630000114440918,4.53249979019165,4.537499904632568,3.1412417888641357,8438000
2012-08-28,4.545000076293945,4.572500228881836,4.517499923706055,4.534999847412109,3.1395108699798584,8153200
2012-08-29,4.547500133514404,4.675000190734863,4.485000133514404,4.652500152587891,3.2208545207977295,14051600
2012-08-30,4.65749979019165,4.837500095367432,4.630000114440918,4.789999961853027,3.3160436153411865,13877200
2012-08-31,4.797500133514404,4.807499885559082,4.724999904632568,4.769999980926514,3.302198886871338,15605600
2012-09-04,4.962500095367432,5.170000076293945,4.957499980926514,5.102499961853027,3.532383918762207,28348800
2012-09-05,5.110000133514404,5.182499885559082,5.087500095367432,5.137499809265137,3.556612968444824,17060000
2012-09-06,5.1875,5.28000020980835,5.112500190734863,5.264999866485596,3.6448800563812256,13804400
2012-09-07,5.28000020980835,5.454999923706055,5.257500171661377,5.414999961853027,3.7487223148345947,13737600
2012-09-10,5.387499809265137,5.457499980926514,5.324999809265137,5.397500038146973,3.736607789993286,13571200
2012-09-11,5.380000114440918,5.514999866485596,5.369999885559082,5.442500114440918,3.7677600383758545,12690000
2012-09-12,5.46750020980835,5.537499904632568,5.46750020980835,5.517499923706055,3.8196823596954346,8313200
2012-09-13,5.517499923706055,5.632500171661377,5.454999923706055,5.59499979019165,3.8733327388763428,11631600
2012-09-14,5.619999885559082,5.947500228881836,5.619999885559082,5.787499904632568,4.006597995758057,15521600
2012-09-17,5.769999980926514,5.769999980926514,5.570000171661377,5.572500228881836,3.8577582836151123,13833600
2012-09-18,5.627500057220459,5.702499866485596,5.539999961853027,5.607500076293945,3.8819868564605713,7451200
2012-09-19,5.617499828338623,5.742499828338623,5.574999809265137,5.707499980926514,3.9512155055999756,11372800
2012-09-20,5.675000190734863,5.702499866485596,5.570000171661377,5.684999942779541,3.9356396198272705,7367600
2012-09-21,5.712500095367432,5.739999771118164,5.5625,5.574999809265137,3.8594870567321777,13615600
2012-09-24,5.59499979019165,5.597499847412109,5.465000152587891,5.53249979019165,3.8300657272338867,11012000
2012-09-25,5.525000095367432,5.527500152587891,5.212500095367432,5.21999979019165,3.6137259006500244,18663200
2012-09-26,5.232500076293945,5.309999942779541,5.125,5.28000020980835,3.655263662338257,15690800
2012-09-27,5.287499904632568,5.3125,5.199999809265137,5.230000019073486,3.6206493377685547,7704400
2012-09-28,5.21750020980835,5.257500171661377,5.137499809265137,5.25,3.634495735168457,12090400
2012-10-01,5.355000019073486,5.400000095367432,5.295000076293945,5.309999942779541,3.6760318279266357,10143600
2012-10-02,5.304999828338623,5.369999885559082,5.262499809265137,5.332499980926514,3.6916086673736572,11360000
2012-10-03,5.332499980926514,5.377500057220459,5.307499885559082,5.324999809265137,3.6864163875579834,8414400
2012-10-04,5.364999771118164,5.617499828338623,5.360000133514404,5.59250020980835,3.871603488922119,14410400
2012-10-05,5.622499942779541,5.869999885559082,5.597499847412109,5.769999980926514,3.99448299407959,16248000
2012-10-08,5.75,5.832499980926514,5.707499980926514,5.8125,4.0239057540893555,11357600
2012-10-09,5.824999809265137,6.122499942779541,5.787499904632568,5.997499942779541,4.151978015899658,19618400
2012-10-10,5.994999885559082,5.994999885559082,5.707499980926514,5.739999771118164,3.9737138748168945,14328800
2012-10-11,5.797500133514404,5.980000019073486,5.707499980926514,5.715000152587891,3.9564077854156494,16682800
2012-10-12,5.722499847412109,5.772500038146973,5.647500038146973,5.692500114440918,3.9408316612243652,9075600
2012-10-15,5.727499961853027,5.817500114440918,5.672500133514404,5.695000171661377,3.9425623416900635,7262400
2012-10-16,5.722499847412109,5.764999866485596,5.695000171661377,5.737500190734863,3.971982955932617,5444000
2012-10-17,5.744999885559082,5.755000114440918,5.670000076293945,5.735000133514404,3.970252752304077,6500000
2012-10-18,5.730000019073486,5.892499923706055,5.695000171661377,5.860000133514404,4.056789398193359,9088000
2012-10-19,5.840000152587891,5.892499923706055,5.724999904632568,5.78000020980835,4.001406669616699,9161200
2012-10-22,5.764999866485596,5.8125,5.722499847412109,5.800000190734863,4.015253067016602,6562000
2012-10-23,5.737500190734863,5.867499828338623,5.644999980926514,5.775000095367432,3.99794602394104,10731200
2012-10-24,5.75,5.840000152587891,5.65500020980835,5.820000171661377,4.029097080230713,11906400
2012-10-25,5.849999904632568,5.997499942779541,5.840000152587891,5.929999828338623,4.105249404907227,8462800
2012-10-26,5.917500019073486,5.925000190734863,5.699999809265137,5.75,3.980637788772583,9349200
2012-10-31,5.762499809265137,5.809999942779541,5.6875,5.707499980926514,3.9512155055999756,7060400
2012-11-01,5.710000038146973,5.914999961853027,5.695000171661377,5.900000095367432,4.084479331970215,6469200
2012-11-02,5.897500038146973,5.985000133514404,5.897500038146973,5.952499866485596,4.120824337005615,9767600
2012-11-05,5.960000038146973,6.072500228881836,5.914999961853027,5.929999828338623,4.105249404907227,7708400
2012-11-06,5.972499847412109,6.03249979019165,5.942500114440918,5.980000019073486,4.139862060546875,5580400
2012-11-07,5.947500228881836,5.974999904632568,5.807499885559082,5.849999904632568,4.04986572265625,7892400
2012-11-08,5.835000038146973,5.855000019073486,5.514999866485596,5.630000114440918,3.8975632190704346,11655200
2012-11-09,5.554999828338623,5.672500133514404,5.352499961853027,5.527500152587891,3.826603651046753,13927200
2012-11-12,5.534999847412109,5.8125,5.53249979019165,5.772500038146973,3.9962151050567627,11094400
2012-11-13,5.742499828338623,5.817500114440918,5.587500095367432,5.815000057220459,4.025637149810791,13159200
2012-11-14,5.84499979019165,6.0625,5.800000190734863,5.869999885559082,4.063711643218994,25697200
2012-11-15,6.005000114440918,6.21999979019165,5.75,6.125,4.2402448654174805,43767600
2012-11-16,6.162499904632568,6.40500020980835,6.162499904632568,6.387499809265137,4.421968936920166,29376000
2012-11-19,6.46750020980835,6.554999828338623,6.324999809265137,6.480000019073486,4.486006259918213,23256000
2012-11-20,6.487500190734863,6.619999885559082,6.442500114440918,6.617499828338623,4.5811944007873535,11994400
2012-11-21,6.607500076293945,6.789999961853027,6.565000057220459,6.769999980926514,4.686768054962158,22854400
2012-11-23,6.832499980926514,7.0,6.737500190734863,6.767499923706055,4.685037136077881,10151600
2012-11-26,6.707499980926514,6.747499942779541,6.602499961853027,6.704999923706055,4.685037136077881,9468400
2012-11-27,6.712500095367432,6.880000114440918,6.662499904632568,6.670000076293945,4.660581111907959,12588400
2012-11-28,6.662499904632568,6.6875,6.559999942779541,6.610000133514404,4.618657112121582,14475600
2012-11-29,6.642499923706055,6.670000076293945,6.462500095367432,6.552499771118164,4.5784807205200195,10922800
2012-11-30,6.579999923706055,6.642499923706055,6.517499923706055,6.5625,4.5854668617248535,10282000
2012-12-03,6.612500190734863,6.614999771118164,6.447500228881836,6.457499980926514,4.512099266052246,9694400
2012-12-04,6.457499980926514,6.559999942779541,6.394999980926514,6.46999979019165,4.520833969116211,14253200
2012-12-05,6.452499866485596,6.579999923706055,6.349999904632568,6.492499828338623,4.536555290222168,11141200
2012-12-06,6.502500057220459,6.730000019073486,6.497499942779541,6.659999847412109,4.653594017028809,9926800
2012-12-07,6.672500133514404,6.855000019073486,6.642499923706055,6.824999809265137,4.768886566162109,10037200
2012-12-10,6.835000038146973,6.887499809265137,6.747499942779541,6.860000133514404,4.793342113494873,10475600
2012-12-11,6.860000133514404,6.957499980926514,6.84250020980835,6.927499771118164,4.840506553649902,9984800
2012-12-12,6.952499866485596,7.047500133514404,6.932499885559082,6.957499980926514,4.8614678382873535,11078000
2012-12-13,6.957499980926514,7.087500095367432,6.864999771118164,6.902500152587891,4.823037147521973,17790000
2012-12-14,6.769999980926514,6.96999979019165,6.769999980926514,6.877500057220459,4.805569648742676,10138000
2012-12-17,6.897500038146973,6.920000076293945,6.829999923706055,6.880000114440918,4.807315826416016,9475200
2012-12-18,6.957499980926514,6.960000038146973,6.852499961853027,6.929999828338623,4.842254161834717,13050400
2012-12-19,6.949999809265137,7.0,6.769999980926514,6.887499809265137,4.812557697296143,17166000
2012-12-20,6.84499979019165,6.864999771118164,6.472499847412109,6.53249979019165,4.564505100250244,17246400
2012-12-21,6.46750020980835,6.527500152587891,6.327499866485596,6.392499923706055,4.466681480407715,14838000
2012-12-24,6.397500038146973,6.457499980926514,6.375,6.394999980926514,4.468429088592529,2161600
2012-12-26,6.420000076293945,6.53249979019165,6.15500020980835,6.222499847412109,4.347897052764893,8402400
2012-12-27,6.230000019073486,6.25,5.980000019073486,6.167500019073486,4.3094658851623535,9706800
2012-12-28,6.125,6.182499885559082,6.079999923706055,6.132500171661377,4.285009860992432,5726000
2012-12-31,6.097499847412109,6.289999961853027,6.074999809265137,6.272500038146973,4.382833003997803,8393600
2013-01-02,6.394999980926514,6.46750020980835,6.247499942779541,6.414999961853027,4.482404708862305,19592400
2013-01-03,6.394999980926514,6.422500133514404,5.980000019073486,6.090000152587891,4.255313873291016,42571200
2013-01-04,6.105000019073486,6.292500019073486,6.090000152587891,6.199999809265137,4.332174777984619,16160000
2013-01-07,6.164999961853027,6.230000019073486,5.96750020980835,6.1875,4.323441982269287,15935600
2013-01-08,5.732500076293945,5.989999771118164,5.664999961853027,5.797500133514404,4.050933361053467,44524800
2013-01-09,5.78000020980835,5.829999923706055,5.630000114440918,5.652500152587891,3.949615001678467,17327600
2013-01-10,5.702499866485596,5.71999979019165,5.599999904632568,5.697500228881836,3.9810593128204346,15601200
2013-01-11,5.670000076293945,5.8125,5.574999809265137,5.8125,4.061413288116455,21068400
2013-01-14,5.797500133514404,5.840000152587891,5.712500095367432,5.752500057220459,4.019489288330078,14018800
2013-01-15,5.724999904632568,5.795000076293945,5.6875,5.789999961853027,4.0456929206848145,11430000
2013-01-16,5.78249979019165,5.829999923706055,5.744999885559082,5.767499923706055,4.029970169067383,10560000
2013-01-17,5.807499885559082,5.942500114440918,5.789999961853027,5.872499942779541,4.103338718414307,10398400
2013-01-18,5.882500171661377,5.885000228881836,5.797500133514404,5.820000171661377,4.066654205322266,8466000
2013-01-22,5.837500095367432,5.860000133514404,5.787499904632568,5.829999923706055,4.073642253875732,7628400
2013-01-23,5.832499980926514,5.872499942779541,5.747499942779541,5.787499904632568,4.0439453125,7164800
2013-01-24,5.797500133514404,5.885000228881836,5.777500152587891,5.867499828338623,4.099843502044678,9199200
2013-01-25,5.897500038146973,5.945000171661377,5.849999904632568,5.927499771118164,4.141767978668213,8050400
2013-01-28,5.9375,5.949999809265137,5.882500171661377,5.945000171661377,4.153995990753174,6575600
2013-01-29,5.912499904632568,6.054999828338623,5.862500190734863,6.005000114440918,4.195921421051025,9616400
2013-01-30,5.997499942779541,6.047500133514404,5.894999980926514,5.909999847412109,4.12954044342041,8915600
2013-01-31,5.914999961853027,5.925000190734863,5.642499923706055,5.800000190734863,4.052680492401123,20644000
2013-02-01,6.072500228881836,6.202499866485596,5.864999771118164,6.172500133514404,4.312960147857666,17624800
2013-02-04,6.150000095367432,6.425000190734863,6.082499980926514,6.3125,4.410783290863037,17586400
2013-02-05,6.324999809265137,6.752500057220459,6.304999828338623,6.702499866485596,4.683290481567383,23107200
2013-02-06,6.239999771118164,6.307499885559082,5.9375,6.300000190734863,4.402048587799072,39911200
2013-02-07,6.284999847412109,6.362500190734863,6.230000019073486,6.352499961853027,4.438732147216797,11059600
2013-02-08,6.389999866485596,6.5625,6.385000228881836,6.514999866485596,4.552277565002441,13020800
2013-02-11,6.539999961853027,6.644999980926514,6.497499942779541,6.550000190734863,4.576733112335205,11470400
2013-02-12,6.572500228881836,6.574999809265137,6.349999904632568,6.462500095367432,4.515593528747559,13946800
2013-02-13,6.489999771118164,6.5625,6.422500133514404,6.507500171661377,4.547036647796631,10458400
2013-02-14,6.477499961853027,6.534999847412109,6.427499771118164,6.4375,4.498124599456787,6522800
2013-02-15,6.502500057220459,6.502500057220459,6.284999847412109,6.34250020980835,4.431745529174805,12339200
2013-02-19,6.309999942779541,6.385000228881836,6.139999866485596,6.375,4.454453468322754,13305200
2013-02-20,6.40500020980835,6.497499942779541,6.317500114440918,6.332499980926514,4.424757480621338,9223600
2013-02-21,6.427499771118164,6.462500095367432,6.025000095367432,6.182499885559082,4.319947242736816,16028800
2013-02-22,6.227499961853027,6.287499904632568,6.152500152587891,6.204999923706055,4.335668563842773,10165600
2013-02-25,6.272500038146973,6.300000190734863,6.152500152587891,6.152500152587891,4.298985004425049,6154800
2013-02-26,6.192500114440918,6.304999828338623,5.945000171661377,6.197500228881836,4.330427646636963,10722000
2013-02-27,6.177499771118164,6.347499847412109,6.15749979019165,6.309999942779541,4.409036159515381,13807200
2013-02-28,6.329999923706055,6.414999961853027,6.262499809265137,6.264999866485596,4.37759256362915,10794400
2013-03-01,6.159999847412109,6.212500095367432,5.987500190734863,6.012499809265137,4.247774600982666,14103600
2013-03-04,5.989999771118164,6.017499923706055,5.840000152587891,5.885000228881836,4.157698631286621,13199200
2013-03-05,5.945000171661377,6.090000152587891,5.917500019073486,6.074999809265137,4.291932106018066,13888000
2013-03-06,6.142499923706055,6.190000057220459,6.025000095367432,6.102499961853027,4.311359882354736,8697600
2013-03-07,6.09250020980835,6.190000057220459,6.045000076293945,6.135000228881836,4.334321022033691,5027600
2013-03-08,6.167500019073486,6.244999885559082,6.074999809265137,6.167500019073486,4.357280731201172,5762400
2013-03-11,6.164999961853027,6.317500114440918,6.090000152587891,6.315000057220459,4.461488723754883,8355600
2013-03-12,6.317500114440918,6.385000228881836,6.25,6.369999885559082,4.500345230102539,6461200
2013-03-13,6.357500076293945,6.465000152587891,6.352499961853027,6.412499904632568,4.530371189117432,5648400
2013-03-14,6.425000190734863,6.425000190734863,6.28000020980835,6.352499961853027,4.487982273101807,6496000
2013-03-15,6.332499980926514,6.369999885559082,6.239999771118164,6.362500190734863,4.495047092437744,10422800
2013-03-18,6.292500019073486,6.449999809265137,6.292500019073486,6.429999828338623,4.5427350997924805,5818000
2013-03-19,6.445000171661377,6.445000171661377,6.222499847412109,6.309999942779541,4.457955837249756,5177200
2013-03-20,6.347499847412109,6.380000114440918,6.260000228881836,6.362500190734863,4.495047092437744,7318400
2013-03-21,6.337500095367432,6.417500019073486,6.252500057220459,6.309999942779541,4.457955837249756,7572000
2013-03-22,6.335000038146973,6.447500228881836,6.269999980926514,6.414999961853027,4.532136917114258,4812800
2013-03-25,6.452499866485596,6.542500019073486,6.302499771118164,6.34499979019165,4.482684135437012,8667600
2013-03-26,6.40749979019165,6.599999904632568,6.357500076293945,6.590000152587891,4.655774116516113,14184000
2013-03-27,6.570000171661377,6.667500019073486,6.534999847412109,6.612500190734863,4.6716694831848145,12135200
2013-03-28,6.3125,7.167500019073486,6.3125,6.992499828338623,4.940136432647705,39372800
2013-04-01,7.0,7.517499923706055,6.982500076293945,7.440000057220459,5.256290435791016,28086000
2013-04-02,7.434999942779541,7.585000038146973,7.264999866485596,7.559999942779541,5.341070175170898,16349200
2013-04-03,7.567500114440918,7.652500152587891,7.5,7.5625,5.342834949493408,18020400
2013-04-04,7.552499771118164,7.775000095367432,7.372499942779541,7.472499847412109,5.279251575469971,17995200
2013-04-05,7.409999847412109,7.517499923706055,7.327499866485596,7.489999771118164,5.2916154861450195,11217200
2013-04-08,7.510000228881836,7.635000228881836,7.457499980926514,7.565000057220459,5.344602108001709,11594000
2013-04-09,7.550000190734863,7.59499979019165,7.460000038146973,7.46999979019165,5.277484893798828,9748000
2013-04-10,7.497499942779541,7.559999942779541,7.375,7.477499961853027,5.282783508300781,11600000
2013-04-11,7.5,7.9375,7.480000019073486,7.920000076293945,5.595406532287598,25042000
2013-04-12,7.887499809265137,8.082500457763672,7.787499904632568,8.005000114440918,5.655457496643066,11446800
2013-04-15,8.0,8.042499542236328,7.832499980926514,7.84499979019165,5.542418956756592,11366800
2013-04-16,7.882500171661377,8.082500457763672,7.817500114440918,8.074999809265137,5.7049126625061035,11226800
2013-04-17,7.987500190734863,8.204999923706055,7.892499923706055,8.192500114440918,5.787925720214844,18656400
2013-04-18,8.15999984741211,8.3149995803833,8.125,8.170000076293945,5.772028923034668,18770400
2013-04-19,8.157500267028809,8.270000457763672,8.067500114440918,8.182499885559082,5.78085994720459,12038000
2013-04-22,8.182499885559082,8.292499542236328,7.960000038146973,8.130000114440918,5.74376916885376,12639600
2013-04-23,8.1850004196167,8.305000305175781,8.1274995803833,8.297499656677246,5.862105846405029,11824000
2013-04-24,8.295000076293945,8.637499809265137,8.2524995803833,8.557499885559082,6.045793533325195,12242400
2013-04-25,8.5600004196167,8.642499923706055,8.454999923706055,8.5600004196167,6.04755973815918,11951200
2013-04-26,8.53499984741211,8.742500305175781,8.510000228881836,8.654999732971191,6.1146769523620605,7236800
2013-04-29,8.664999961853027,8.824999809265137,8.587499618530273,8.642499923706055,6.1058454513549805,9066000
2013-04-30,8.649999618530273,8.854999542236328,8.612500190734863,8.725000381469727,6.164132595062256,12765600
2013-05-01,8.737500190734863,8.789999961853027,8.582500457763672,8.6850004196167,6.1358723640441895,7445200
2013-05-02,8.680000305175781,9.085000038146973,8.65250015258789,9.077500343322754,6.413169860839844,8562800
2013-05-03,9.142499923706055,9.307499885559082,9.112500190734863,9.287500381469727,6.561530590057373,10840400
2013-05-06,9.2475004196167,9.364999771118164,9.162500381469727,9.297499656677246,6.568597793579102,8249600
2013-05-07,9.425000190734863,9.425000190734863,9.227499961853027,9.322500228881836,6.586259365081787,12170000
2013-05-08,9.375,9.642499923706055,9.270000457763672,9.28499984741211,6.559765338897705,12584800
2013-05-09,9.27750015258789,9.3774995803833,9.145000457763672,9.272500038146973,6.550934791564941,13998400
2013-05-10,9.287500381469727,9.600000381469727,9.27750015258789,9.595000267028809,6.778777599334717,9331200
2013-05-13,9.5649995803833,9.65250015258789,9.545000076293945,9.567500114440918,6.759347915649414,11100800
2013-05-14,9.552499771118164,9.75,9.552499771118164,9.65999984741211,6.824699401855469,9750800
2013-05-15,9.649999618530273,9.8149995803833,9.607500076293945,9.7475004196167,6.886519432067871,7657600
2013-05-16,9.699999809265137,9.71500015258789,9.454999923706055,9.512499809265137,6.720492839813232,9675600
2013-05-17,9.600000381469727,9.967499732971191,9.574999809265137,9.9399995803833,7.022518157958984,15209200
2013-05-20,9.9399995803833,9.949999809265137,9.6850004196167,9.6899995803833,6.845896244049072,10988400
2013-05-21,9.770000457763672,9.817500114440918,8.9375,9.194999694824219,6.496181488037109,34144800
2013-05-22,9.09749984741211,9.350000381469727,8.927499771118164,9.0625,6.402572154998779,25998400
2013-05-23,8.994999885559082,9.199999809265137,8.699999809265137,9.0024995803833,6.36018180847168,33572800
2013-05-24,8.800000190734863,8.859999656677246,7.735000133514404,8.02750015258789,5.671353816986084,55468800
2013-05-28,8.202500343322754,8.392499923706055,7.877500057220459,7.929999828338623,5.602471351623535,19694800
2013-05-29,7.887499809265137,8.024999618530273,7.867499828338623,7.954999923706055,5.620133399963379,8894400
2013-05-30,7.90749979019165,8.427499771118164,7.90749979019165,8.375,5.916858673095703,16263600
2013-05-31,8.182499885559082,8.462499618530273,8.154999732971191,8.289999961853027,5.905283451080322,13592000
2013-06-03,8.295000076293945,8.65999984741211,8.289999961853027,8.600000381469727,6.126110553741455,19293600
2013-06-04,8.585000038146973,9.010000228881836,8.567500114440918,8.8725004196167,6.320220947265625,26521200
2013-06-05,8.832500457763672,8.942500114440918,8.5600004196167,8.71500015258789,6.2080278396606445,17047600
2013-06-06,8.729999542236328,8.942500114440918,8.494999885559082,8.654999732971191,6.165287017822266,16494400
2013-06-07,8.899999618530273,9.367500305175781,8.885000228881836,9.1875,6.544607639312744,28413200
2013-06-10,9.1875,9.25,8.710000038146973,8.7475004196167,6.231179237365723,17507200
2013-06-11,9.15250015258789,9.670000076293945,9.107500076293945,9.430000305175781,6.717348575592041,35602800
2013-06-12,9.505000114440918,9.552499771118164,9.114999771118164,9.147500038146973,6.516112804412842,14868800
2013-06-13,9.164999961853027,9.550000190734863,9.050000190734863,9.382499694824219,6.68351411819458,13186000
2013-06-14,9.65999984741211,9.942500114440918,9.647500038146973,9.7524995803833,6.947076797485352,24263600
2013-06-17,9.755000114440918,9.842499732971191,9.507499694824219,9.625,6.856255531311035,9991600
2013-06-18,9.572500228881836,9.619999885559082,9.482500076293945,9.614999771118164,6.849132061004639,6765600
2013-06-19,9.569999694824219,9.762499809265137,9.52750015258789,9.632499694824219,6.861598014831543,6960000
2013-06-20,10.079999923706055,10.342499732971191,9.90250015258789,10.234999656677246,7.290781021118164,34425600
2013-06-21,10.352499961853027,10.382499694824219,10.109999656677246,10.194999694824219,7.2622880935668945,24414800
2013-06-24,10.074999809265137,10.180000305175781,9.9350004196167,9.975000381469727,7.1055731773376465,16722400
2013-06-25,10.039999961853027,10.107500076293945,9.864999771118164,10.015000343322754,7.134067058563232,12790000
2013-06-26,10.022500038146973,10.154999732971191,9.8725004196167,10.095000267028809,7.191054344177246,10692800
2013-06-27,10.125,10.267499923706055,10.09749984741211,10.217499732971191,7.27831506729126,8042400
2013-06-28,10.279999732971191,10.710000038146973,10.279999732971191,10.507499694824219,7.484892845153809,13968400
2013-07-01,10.5,10.585000038146973,10.414999961853027,10.552499771118164,7.516948223114014,7224400
2013-07-02,10.572500228881836,10.6850004196167,10.5024995803833,10.542499542236328,7.509823799133301,10888400
2013-07-03,10.537500381469727,10.6899995803833,10.522500038146973,10.595000267028809,7.547221660614014,2504000
2013-07-05,10.65250015258789,10.7524995803833,10.414999961853027,10.7475004196167,7.655856609344482,4302400
2013-07-08,10.770000457763672,10.827500343322754,10.592499732971191,10.657500267028809,7.591742992401123,9387200
2013-07-09,10.680000305175781,10.8100004196167,10.5625,10.672499656677246,7.602428913116455,6728800
2013-07-10,10.667499542236328,10.734999656677246,10.550000190734863,10.604999542236328,7.554347038269043,7175200
2013-07-11,10.7475004196167,10.8100004196167,10.5600004196167,10.649999618530273,7.586402416229248,8972000
2013-07-12,10.654999732971191,10.795000076293945,10.52750015258789,10.792499542236328,7.687909126281738,7475200
2013-07-15,10.792499542236328,10.8774995803833,10.742500305175781,10.869999885559082,7.743114948272705,7650800
2013-07-16,10.842499732971191,10.979999542236328,10.617500305175781,10.960000038146973,7.807225704193115,14174000
2013-07-17,10.977499961853027,11.03499984741211,10.835000038146973,10.869999885559082,7.743114948272705,7836800
2013-07-18,10.875,11.0,10.8725004196167,10.907500267028809,7.769829273223877,3755200
2013-07-19,10.967499732971191,11.112500190734863,10.829999923706055,10.864999771118164,7.7395548820495605,6703200
2013-07-22,10.875,10.949999809265137,10.744999885559082,10.755000114440918,7.661196708679199,4352000
2013-07-23,10.779999732971191,10.850000381469727,10.582500457763672,10.604999542236328,7.554347038269043,7554400
2013-07-24,10.6899995803833,11.104999542236328,10.680000305175781,10.8100004196167,7.700376033782959,10179600
2013-07-25,10.779999732971191,11.109999656677246,10.707500457763672,11.102499961853027,7.908734321594238,7434800
2013-07-26,11.015000343322754,11.462499618530273,10.967499732971191,11.449999809265137,8.156270980834961,10391600
2013-07-29,11.417499542236328,11.4350004196167,11.142499923706055,11.34749984741211,8.083258628845215,7770800
2013-07-30,11.362500190734863,11.8125,11.359999656677246,11.727499961853027,8.353947639465332,10822800
2013-07-31,11.78499984741211,12.380000114440918,11.78499984741211,12.265000343322754,8.73682689666748,18825200
2013-08-01,12.380000114440918,12.84000015258789,12.3149995803833,12.494999885559082,8.900666236877441,16776400
2013-08-02,12.242500305175781,12.664999961853027,11.994999885559082,12.59749984741211,8.973679542541504,15702000
2013-08-05,12.579999923706055,12.78499984741211,12.462499618530273,12.572500228881836,8.95587158203125,10920400
2013-08-06,12.550000190734863,12.662500381469727,12.1875,12.2475004196167,8.72436237335205,14586400
2013-08-07,12.15250015258789,12.225000381469727,11.795000076293945,11.970000267028809,8.526686668395996,14761600
2013-08-08,11.970000267028809,12.177499771118164,11.907500267028809,12.1225004196167,8.635320663452148,11133200
2013-08-09,12.057499885559082,12.359999656677246,12.02750015258789,12.242500305175781,8.72080135345459,6906000
2013-08-12,12.137499809265137,12.399999618530273,12.09749984741211,12.369999885559082,8.811624526977539,5619600
2013-08-13,12.399999618530273,12.414999961853027,12.1875,12.3100004196167,8.768882751464844,6287600
2013-08-14,12.270000457763672,12.407500267028809,12.132499694824219,12.172499656677246,8.670937538146973,5108000
2013-08-15,12.052499771118164,12.114999771118164,11.837499618530273,11.922499656677246,8.492854118347168,5038800
2013-08-16,11.869999885559082,12.135000228881836,11.760000228881836,11.895000457763672,8.473264694213867,6299200
2013-08-19,11.930000305175781,12.055000305175781,11.892499923706055,11.925000190734863,8.494633674621582,6885600
2013-08-20,12.039999961853027,12.09000015258789,11.932499885559082,12.0600004196167,8.590798377990723,7826000
2013-08-21,12.0,12.162500381469727,11.827500343322754,11.904999732971191,8.480386734008789,6636000
2013-08-22,13.487500190734863,14.020000457763672,12.892499923706055,12.977499961853027,9.244369506835938,40547600
2013-08-23,13.149999618530273,13.204999923706055,12.699999809265137,12.904999732971191,9.19272518157959,9461200
2013-08-26,12.892499923706055,13.300000190734863,12.892499923706055,13.095000267028809,9.328067779541016,9117600
2013-08-27,13.015000343322754,13.020000457763672,12.335000038146973,12.342499732971191,8.792037010192871,10185200
2013-08-28,12.337499618530273,12.567500114440918,12.324999809265137,12.475000381469727,8.886417388916016,8990400
2013-08-29,12.46500015258789,12.867500305175781,12.425000190734863,12.664999961853027,9.071759223937988,5702000
2013-08-30,12.774999618530273,12.774999618530273,12.417499542236328,12.552499771118164,8.991177558898926,8118800
2013-09-03,12.692500114440918,12.800000190734863,12.482500076293945,12.492500305175781,8.948198318481445,5745200
2013-09-04,12.462499618530273,12.595000267028809,12.34749984741211,12.40999984741211,8.889103889465332,7009600
2013-09-05,12.414999961853027,12.869999885559082,12.414999961853027,12.800000190734863,9.168458938598633,6313200
2013-09-06,12.807499885559082,12.882499694824219,12.364999771118164,12.40250015258789,8.883733749389648,7304800
2013-09-09,12.515000343322754,12.702500343322754,12.430000305175781,12.524999618530273,8.971478462219238,7003600
2013-09-10,12.5649995803833,12.670000076293945,12.524999618530273,12.585000038146973,9.014453887939453,4505600
2013-09-11,12.557499885559082,12.6225004196167,12.307499885559082,12.390000343322754,8.874778747558594,5350000
2013-09-12,12.412500381469727,12.462499618530273,12.234999656677246,12.362500190734863,8.855082511901855,4783200
2013-09-13,12.404999732971191,13.135000228881836,12.390000343322754,13.112500190734863,9.39229679107666,11580000
2013-09-16,13.220000267028809,13.319999694824219,13.024999618530273,13.029999732971191,9.333202362060547,7050000
2013-09-17,13.137499809265137,13.28499984741211,12.96500015258789,13.154999732971191,9.422739028930664,8488400
2013-09-18,13.114999771118164,13.15999984741211,12.582500457763672,12.845000267028809,9.200691223144531,8842400
2013-09-19,13.017499923706055,13.0625,12.895000457763672,12.960000038146973,9.283062934875488,5529200
2013-09-20,12.96500015258789,12.96500015258789,12.289999961853027,12.357500076293945,8.851502418518066,14769200
2013-09-23,12.375,12.507499694824219,12.162500381469727,12.452500343322754,8.919548034667969,8452400
2013-09-24,12.492500305175781,12.837499618530273,12.47249984741211,12.762499809265137,9.141595840454102,7662000
2013-09-25,12.817500114440918,12.925000190734863,12.529999732971191,12.699999809265137,9.09682846069336,6532000
2013-09-26,12.682499885559082,12.78499984741211,12.397500038146973,12.607500076293945,9.030572891235352,5015200
2013-09-27,12.520000457763672,12.630000114440918,12.387499809265137,12.412500381469727,8.890896797180176,5275200
2013-09-30,12.3125,12.484999656677246,12.262499809265137,12.412500381469727,8.890896797180176,7489200
2013-10-01,12.397500038146973,12.805000305175781,12.390000343322754,12.802499771118164,9.170247077941895,10804400
2013-10-02,12.720000267028809,12.744999885559082,12.454999923706055,12.579999923706055,9.010873794555664,5959600
2013-10-03,12.547499656677246,12.670000076293945,11.932499885559082,12.454999923706055,8.921339988708496,5899200
2013-10-04,12.4375,12.725000381469727,12.352499961853027,12.675000190734863,9.078920364379883,5106800
2013-10-07,12.555000305175781,12.702500343322754,12.392499923706055,12.395000457763672,8.878361701965332,4756000
2013-10-08,12.425000190734863,12.6875,12.217499732971191,12.329999923706055,8.831803321838379,7138400
2013-10-09,12.375,12.557499885559082,12.1274995803833,12.505000114440918,8.957152366638184,6132800
2013-10-10,12.664999961853027,13.207500457763672,12.640000343322754,12.97249984741211,9.292014122009277,12719200
2013-10-11,12.885000228881836,13.037500381469727,12.8125,12.890000343322754,9.232922554016113,6244000
2013-10-14,12.772500038146973,12.967499732971191,12.702500343322754,12.944999694824219,9.272315979003906,4960000
2013-10-15,12.947500228881836,13.020000457763672,12.75,12.824999809265137,9.186365127563477,7324400
2013-10-16,12.869999885559082,12.992500305175781,12.757499694824219,12.914999961853027,9.250829696655273,7542800
2013-10-17,12.914999961853027,13.175000190734863,12.852499961853027,13.167499542236328,9.431692123413086,6847200
2013-10-18,13.257499694824219,13.5,13.007499694824219,13.470000267028809,9.648366928100586,6705600
2013-10-21,13.569999694824219,13.707500457763672,13.342499732971191,13.662500381469727,9.786252975463867,6783600
2013-10-22,13.6850004196167,13.819999694824219,13.550000190734863,13.6899995803833,9.805950164794922,7547600
2013-10-23,13.642499923706055,13.710000038146973,13.395000457763672,13.617500305175781,9.754019737243652,5396000
2013-10-24,13.649999618530273,13.770000457763672,13.6274995803833,13.699999809265137,9.813115119934082,4599200
2013-10-25,13.732500076293945,13.842499732971191,13.592499732971191,13.720000267028809,9.82744026184082,3676400
2013-10-28,13.720000267028809,13.757499694824219,13.547499656677246,13.602499961853027,9.74327564239502,4799600
2013-10-29,13.725000381469727,13.922499656677246,13.177499771118164,13.862500190734863,9.929510116577148,7617600
2013-10-30,13.957500457763672,14.0,13.725000381469727,13.805000305175781,9.888322830200195,5788000
2013-10-31,13.800000190734863,13.84000015258789,13.515000343322754,13.704999923706055,9.816696166992188,7030800
2013-11-01,13.772500038146973,13.842499732971191,13.682499885559082,13.762499809265137,9.857880592346191,9355600
2013-11-04,13.862500190734863,13.932499885559082,13.742500305175781,13.824999809265137,9.902649879455566,5709600
2013-11-05,13.84000015258789,14.1875,13.637499809265137,14.140000343322754,10.128279685974121,10962800
2013-11-06,14.175000190734863,14.302499771118164,13.960000038146973,14.012499809265137,10.036952018737793,6945600
2013-11-07,13.987500190734863,14.079999923706055,13.40999984741211,13.454999923706055,9.63762092590332,9811600
2013-11-08,13.475000381469727,13.880000114440918,13.447500228881836,13.869999885559082,9.934882164001465,5989600
2013-11-11,13.797499656677246,13.944999694824219,13.510000228881836,13.845000267028809,9.916975975036621,6014000
2013-11-12,13.84000015258789,14.27750015258789,13.75,14.239999771118164,10.199906349182129,9398800
2013-11-13,14.135000228881836,14.40250015258789,14.135000228881836,14.397500038146973,10.312722206115723,7041600
2013-11-14,14.420000076293945,14.4350004196167,14.229999542236328,14.357500076293945,10.284071922302246,6816000
2013-11-15,14.375,14.387499809265137,13.904999732971191,14.132499694824219,10.122908592224121,11509600
2013-11-18,14.272500038146973,14.297499656677246,13.6850004196167,13.760000228881836,9.856090545654297,10570400
2013-11-19,13.819999694824219,13.832500457763672,13.2475004196167,13.297499656677246,9.524809837341309,12419200
2013-11-20,13.3149995803833,13.332500457763672,12.952500343322754,13.109999656677246,9.390504837036133,16545600
2013-11-21,12.547499656677246,12.5625,11.664999961853027,12.199999809265137,8.73868465423584,58424000
2013-11-22,12.484999656677246,12.5024995803833,12.145000457763672,12.46500015258789,8.92850112915039,20955200
2013-11-25,12.677499771118164,12.680000305175781,12.1899995803833,12.225000381469727,8.756591796875,22014000
2013-11-26,12.242500305175781,12.34000015258789,12.0,12.0649995803833,8.641987800598145,18137200
2013-11-27,12.074999809265137,12.147500038146973,11.920000076293945,11.942500114440918,8.554240226745605,14298800
2013-11-29,12.052499771118164,12.1875,11.984999656677246,12.0625,8.640195846557617,9180800
2013-12-02,12.125,12.147500038146973,11.694999694824219,11.742500305175781,8.459197998046875,16794000
2013-12-03,11.6899995803833,11.725000381469727,11.229999542236328,11.487500190734863,8.275497436523438,32862800
2013-12-04,11.510000228881836,11.672499656677246,11.412500381469727,11.442500114440918,8.243080139160156,18393600
2013-12-05,11.412500381469727,11.53499984741211,11.267499923706055,11.282500267028809,8.127816200256348,17945200
2013-12-06,11.422499656677246,11.635000228881836,11.217499732971191,11.270000457763672,8.118813514709473,15780800
2013-12-09,11.272500038146973,11.52750015258789,11.25,11.395000457763672,8.208864212036133,17645600
2013-12-10,11.3725004196167,11.479999542236328,11.295000076293945,11.442500114440918,8.243080139160156,13598000
2013-12-11,11.442500114440918,11.609999656677246,11.257499694824219,11.302499771118164,8.14222526550293,11872800
2013-12-12,11.282500267028809,11.617500305175781,11.272500038146973,11.40250015258789,8.214263916015625,11870000
2013-12-13,11.5,11.949999809265137,11.5,11.822500228881836,8.516829490661621,19215600
2013-12-16,11.845000267028809,12.125,11.845000267028809,12.02750015258789,8.664509773254395,14051600
2013-12-17,12.012499809265137,12.28499984741211,11.954999923706055,12.244999885559082,8.821192741394043,11594800
2013-12-18,12.2524995803833,12.537500381469727,12.135000228881836,12.482500076293945,8.992287635803223,14142000
2013-12-19,12.420000076293945,12.6225004196167,12.305000305175781,12.467499732971191,8.981480598449707,9278400
2013-12-20,12.477499961853027,12.537500381469727,12.292499542236328,12.3125,8.869820594787598,11484000
2013-12-23,12.335000038146973,12.640000343322754,12.260000228881836,12.630000114440918,9.098546028137207,7376000
2013-12-24,12.59000015258789,12.802499771118164,12.59000015258789,12.742500305175781,9.179588317871094,4603200
2013-12-26,12.767499923706055,12.887499809265137,12.547499656677246,12.59000015258789,9.069731712341309,6075200
2013-12-27,12.582500457763672,12.65250015258789,12.227499961853027,12.260000228881836,8.832002639770508,8428800
2013-12-30,12.2475004196167,12.345000267028809,12.042499542236328,12.317500114440918,8.873424530029297,7888400
2013-12-31,12.359999656677246,12.447500228881836,12.279999732971191,12.3149995803833,8.871622085571289,6984400
2014-01-02,12.287500381469727,12.4399995803833,12.02750015258789,12.412500381469727,8.94186019897461,11337200
2014-01-03,12.427499771118164,12.5,12.267499923706055,12.3100004196167,8.868021011352539,5271200
2014-01-06,12.3100004196167,12.324999809265137,11.994999885559082,12.042499542236328,8.675314903259277,11595600
2014-01-07,12.112500190734863,12.270000457763672,10.899999618530273,11.03499984741211,7.949520587921143,60224000
2014-01-08,10.979999542236328,11.407500267028809,10.904999732971191,11.337499618530273,8.167439460754395,29900800
2014-01-09,11.34000015258789,11.352499961853027,11.074999809265137,11.242500305175781,8.099000930786133,15887200
2014-01-10,11.125,11.397500038146973,11.125,11.380000114440918,8.198054313659668,8870000
2014-01-13,11.367500305175781,11.460000038146973,11.272500038146973,11.329999923706055,8.162035942077637,17146000
2014-01-14,9.600000381469727,9.774999618530273,9.0,9.077500343322754,6.5393548011779785,94026800
2014-01-15,9.1850004196167,9.257499694824219,9.0625,9.242500305175781,6.658217906951904,33702400
2014-01-16,9.1850004196167,9.642499923706055,9.1274995803833,9.4375,6.798694610595703,34463600
2014-01-17,9.470000267028809,9.600000381469727,9.244999885559082,9.412500381469727,6.780684947967529,25863200
2014-01-21,9.630000114440918,9.84749984741211,9.532500267028809,9.552499771118164,6.881539821624756,24843200
2014-01-22,9.529999732971191,9.84749984741211,9.5,9.8125,7.068841934204102,15303200
2014-01-23,9.850000381469727,9.8774995803833,9.442500114440918,9.5625,6.8887434005737305,19949200
2014-01-24,9.482500076293945,9.482500076293945,9.095000267028809,9.130000114440918,6.577173709869385,21522400
2014-01-27,9.149999618530273,9.380000114440918,9.039999961853027,9.329999923706055,6.721252918243408,15472400
2014-01-28,9.322500228881836,9.395000457763672,8.949999809265137,9.012499809265137,6.492527484893799,18165200
2014-01-29,8.925000190734863,9.085000038146973,8.7524995803833,8.767499923706055,6.3160319328308105,19112000
2014-01-30,8.875,8.9399995803833,8.675000190734863,8.827500343322754,6.359256267547607,16910800
2014-01-31,8.757499694824219,8.857500076293945,8.702500343322754,8.767499923706055,6.3160319328308105,17035200
2014-02-03,8.742500305175781,8.779999732971191,8.274999618530273,8.457500457763672,6.092713356018066,26290000
2014-02-04,8.492500305175781,8.595000267028809,8.279999732971191,8.487500190734863,6.114323139190674,22790000
2014-02-05,8.417499542236328,8.75,8.387499809265137,8.6899995803833,6.260201930999756,17794800
2014-02-06,8.647500038146973,8.904999732971191,8.640000343322754,8.837499618530273,6.36646032333374,10514400
2014-02-07,8.852499961853027,8.942500114440918,8.75,8.875,6.393475532531738,13534000
2014-02-10,8.875,9.172499656677246,8.84749984741211,9.104999542236328,6.559163570404053,17729600
2014-02-11,9.109999656677246,9.149999618530273,8.927499771118164,8.9375,6.438499450683594,23831200
2014-02-12,8.96500015258789,9.194999694824219,8.917499542236328,9.1274995803833,6.575374126434326,13958800
2014-02-13,9.055000305175781,9.069999694824219,8.842499732971191,8.96500015258789,6.458310604095459,15523200
2014-02-14,8.925000190734863,8.932499885559082,8.755000114440918,8.90250015258789,6.413285732269287,13072400
2014-02-18,8.954999923706055,9.114999771118164,8.832500457763672,9.03499984741211,6.508736610412598,10734000
2014-02-19,9.02750015258789,9.02750015258789,8.8125,8.899999618530273,6.411484241485596,14306800
2014-02-20,8.90250015258789,8.947500228881836,8.84000015258789,8.90999984741211,6.4186882972717285,8972800
2014-02-21,8.892499923706055,8.927499771118164,8.832500457763672,8.890000343322754,6.404280185699463,10791600
2014-02-24,8.899999618530273,9.092499732971191,8.850000381469727,9.012499809265137,6.492527484893799,11340800
2014-02-25,9.0649995803833,9.75,9.042499542236328,9.617500305175781,6.928365707397461,27935600
2014-02-26,9.582500457763672,9.647500038146973,9.397500038146973,9.517499923706055,6.856326103210449,13794400
2014-02-27,9.412500381469727,9.47249984741211,9.227499961853027,9.3125,6.708646774291992,11474800
2014-02-28,9.34749984741211,9.4350004196167,9.227499961853027,9.327500343322754,6.719453811645508,8571200
2014-03-03,9.262499809265137,9.417499542236328,9.207500457763672,9.297499656677246,6.697841167449951,6933200
2014-03-04,9.375,9.457500457763672,9.305000305175781,9.337499618530273,6.726655960083008,6133200
2014-03-05,9.432499885559082,9.7475004196167,9.375,9.6875,6.978793144226074,15731200
2014-03-06,9.694999694824219,9.835000038146973,9.602499961853027,9.672499656677246,6.967987060546875,11832800
2014-03-07,9.7475004196167,9.795000076293945,9.604999542236328,9.630000114440918,6.937370300292969,8106400
2014-03-10,9.630000114440918,9.744999885559082,9.517499923706055,9.6274995803833,6.935569763183594,9502000
2014-03-11,9.614999771118164,9.699999809265137,9.567500114440918,9.6225004196167,6.931968688964844,8839200
2014-03-12,9.494999885559082,9.640000343322754,9.494999885559082,9.625,6.933767795562744,8959200
2014-03-13,9.572500228881836,9.614999771118164,9.257499694824219,9.279999732971191,6.743030071258545,12641200
2014-03-14,9.220000267028809,9.787500381469727,9.1899995803833,9.744999885559082,7.080907821655273,16728400
2014-03-17,9.755000114440918,9.962499618530273,9.720000267028809,9.9375,7.220783710479736,11348800
2014-03-18,9.470000267028809,9.667499542236328,9.337499618530273,9.59749984741211,6.973731994628906,30610000
2014-03-19,9.607500076293945,9.645000457763672,9.319999694824219,9.40250015258789,6.832041263580322,11680800
2014-03-20,9.357500076293945,9.664999961853027,9.357500076293945,9.609999656677246,6.982815742492676,8980000
2014-03-21,9.667499542236328,9.717499732971191,9.4399995803833,9.454999923706055,6.870189189910889,11760000
2014-03-24,9.4975004196167,9.640000343322754,9.404999732971191,9.52750015258789,6.922869682312012,12948000
2014-03-25,9.607500076293945,9.637499809265137,9.442500114440918,9.447500228881836,6.864740371704102,12698400
2014-03-26,9.524999618530273,9.75,9.507499694824219,9.725000381469727,7.06637716293335,22553600
2014-03-27,9.279999732971191,9.4375,8.817500114440918,9.332500457763672,6.781178951263428,42473200
2014-03-28,9.342499732971191,10.162500381469727,9.342499732971191,10.154999732971191,7.378824234008789,29237200
2014-03-31,10.180000305175781,10.392499923706055,10.057499885559082,10.274999618530273,7.466017723083496,16544000
2014-04-01,10.262499809265137,10.677499771118164,10.234999656677246,10.645000457763672,7.734867572784424,17088400
2014-04-02,10.649999618530273,10.859999656677246,10.607500076293945,10.842499732971191,7.878374099731445,18085600
2014-04-03,10.8774995803833,11.114999771118164,10.850000381469727,11.09749984741211,8.063663482666016,21476000
2014-04-04,11.359999656677246,11.369999885559082,10.592499732971191,10.710000038146973,7.782097816467285,27134000
2014-04-07,10.670000076293945,10.930000305175781,10.522500038146973,10.880000114440918,7.9056220054626465,16592400
2014-04-08,10.892499923706055,11.024999618530273,10.852499961853027,10.9350004196167,7.945586681365967,15609600
2014-04-09,10.947500228881836,10.947500228881836,10.699999809265137,10.795000076293945,7.843860626220703,13522800
2014-04-10,10.795000076293945,10.875,10.28499984741211,10.302499771118164,7.485998630523682,23130400
2014-04-11,10.182499885559082,10.302499771118164,10.0625,10.130000114440918,7.360656261444092,13264400
2014-04-14,10.21500015258789,10.404999732971191,10.177499771118164,10.292499542236328,7.478733062744141,13408800
2014-04-15,10.324999809265137,10.46500015258789,10.1899995803833,10.362500190734863,7.52959680557251,14148800
2014-04-16,10.460000038146973,10.505000114440918,10.157500267028809,10.1850004196167,7.40062141418457,8252000
2014-04-17,10.149999618530273,10.397500038146973,10.032500267028809,10.367500305175781,7.533230304718018,9644000
2014-04-21,10.354999542236328,10.477499961853027,10.192500114440918,10.242500305175781,7.442401885986328,7421200
2014-04-22,10.21500015258789,10.704999923706055,10.21500015258789,10.567500114440918,7.678554058074951,11579600
2014-04-23,10.595000267028809,10.670000076293945,9.970000267028809,9.977499961853027,7.249848365783691,14692800
2014-04-24,10.057499885559082,10.147500038146973,9.867500305175781,10.052499771118164,7.304344177246094,8976800
2014-04-25,9.925000190734863,9.992500305175781,9.742500305175781,9.842499732971191,7.15175199508667,6581200
2014-04-28,9.90250015258789,10.119999885559082,9.802499771118164,10.085000038146973,7.327958583831787,7139200
2014-04-29,10.077500343322754,10.1225004196167,9.907500267028809,10.087499618530273,7.329775810241699,7624000
2014-04-30,10.037500381469727,10.069999694824219,9.767499923706055,9.920000076293945,7.208067893981934,8044800
2014-05-01,9.970000267028809,10.045000076293945,9.807499885559082,9.8149995803833,7.131771564483643,8942000
2014-05-02,9.835000038146973,10.1225004196167,9.8149995803833,9.979999542236328,7.251664638519287,7522800
2014-05-05,9.842499732971191,9.869999885559082,9.529999732971191,9.537500381469727,6.930135250091553,11861600
2014-05-06,9.582500457763672,9.59000015258789,9.404999732971191,9.414999961853027,6.841125965118408,9692000
2014-05-07,9.47249984741211,9.5,8.917499542236328,8.960000038146973,6.510511875152588,22162400
2014-05-08,8.944999694824219,9.197500228881836,8.922499656677246,9.005000114440918,6.543209552764893,11555200
2014-05-09,9.0024995803833,9.194999694824219,8.9399995803833,9.140000343322754,6.641303539276123,7016400
2014-05-12,9.147500038146973,9.324999809265137,9.137499809265137,9.204999923706055,6.688534259796143,7760800
2014-05-13,9.234999656677246,9.5,9.21500015258789,9.462499618530273,6.87563943862915,10346400
2014-05-14,9.412500381469727,9.422499656677246,9.095000267028809,9.114999771118164,6.623137474060059,8714400
2014-05-15,9.03499984741211,9.055000305175781,8.774999618530273,8.967499732971191,6.515961170196533,9629600
2014-05-16,8.859999656677246,9.057499885559082,8.854999542236328,9.055000305175781,6.57954216003418,7777600
2014-05-19,9.077500343322754,9.292499542236328,8.942500114440918,9.244999885559082,6.717598915100098,14664400
2014-05-20,9.220000267028809,9.292499542236328,9.067500114440918,9.107500076293945,6.61768913269043,13653200
2014-05-21,9.112500190734863,9.327500343322754,9.112500190734863,9.234999656677246,6.710333824157715,10674800
2014-05-22,9.199999809265137,9.359999656677246,9.012499809265137,9.220000267028809,6.69943380355835,16339200
2014-05-23,9.635000228881836,9.882499694824219,9.505000114440918,9.607500076293945,6.98099946975708,24071600
2014-05-27,9.675000190734863,9.762499809265137,9.289999961853027,9.322500228881836,6.773911952972412,12504400
2014-05-28,9.322500228881836,9.567500114440918,9.194999694824219,9.552499771118164,6.94103479385376,11018400
2014-05-29,9.574999809265137,9.649999618530273,9.432499885559082,9.542499542236328,6.933768272399902,9859200
2014-05-30,9.542499542236328,9.577500343322754,9.4375,9.462499618530273,6.87563943862915,9635600
2014-06-02,9.420000076293945,9.462499618530273,9.135000228881836,9.140000343322754,6.699716567993164,8949200
2014-06-03,9.112500190734863,9.1850004196167,8.97249984741211,9.142499923706055,6.7015509605407715,11521600
2014-06-04,9.119999885559082,9.46500015258789,9.072500228881836,9.3149995803833,6.8279924392700195,7606400
2014-06-05,9.3125,9.329999923706055,9.102499961853027,9.172499656677246,6.723538398742676,6580400
2014-06-06,9.177499771118164,9.364999771118164,9.172499656677246,9.319999694824219,6.831657409667969,7308000
2014-06-09,9.324999809265137,9.404999732971191,9.119999885559082,9.130000114440918,6.692385673522949,7674000
2014-06-10,9.135000228881836,9.342499732971191,9.077500343322754,9.322500228881836,6.83349084854126,8293200
2014-06-11,9.335000038146973,9.767499923706055,9.322500228881836,9.4350004196167,6.915956497192383,13596800
2014-06-12,9.387499809265137,9.399999618530273,9.045000076293945,9.074999809265137,6.652069568634033,10489600
2014-06-13,9.082500457763672,9.274999618530273,9.020000457763672,9.2475004196167,6.778515338897705,7460400
2014-06-16,9.212499618530273,9.4350004196167,9.197500228881836,9.430000305175781,6.912289142608643,7273600
2014-06-17,9.739999771118164,10.085000038146973,9.59000015258789,10.072500228881836,7.383248329162598,20228400
2014-06-18,10.079999923706055,10.079999923706055,9.859999656677246,10.0,7.330104827880859,11353600
2014-06-19,10.02750015258789,10.104999542236328,9.922499656677246,9.989999771118164,7.322775363922119,9364800
2014-06-20,10.0,10.104999542236328,9.97249984741211,10.02750015258789,7.35026216506958,11714800
2014-06-23,10.022500038146973,10.140000343322754,9.954999923706055,10.100000381469727,7.403408050537109,6448000
2014-06-24,10.085000038146973,10.1850004196167,10.0,10.0600004196167,7.374084949493408,7699200
2014-06-25,10.037500381469727,10.119999885559082,9.954999923706055,10.052499771118164,7.368587493896484,8234800
2014-06-26,10.0600004196167,10.15250015258789,9.927499771118164,10.142499923706055,7.434559345245361,7635600
2014-06-27,10.107500076293945,10.2475004196167,10.0625,10.087499618530273,7.394244194030762,11698400
2014-06-30,10.107500076293945,10.197500228881836,10.069999694824219,10.117500305175781,7.416234016418457,6017600
2014-07-01,10.1274995803833,10.220000267028809,10.069999694824219,10.125,7.421730995178223,6431600
2014-07-02,10.149999618530273,10.302499771118164,10.1274995803833,10.217499732971191,7.489535331726074,6895200
2014-07-03,10.237500190734863,10.454999923706055,10.21500015258789,10.4399995803833,7.6526288986206055,4632400
2014-07-07,10.387499809265137,10.454999923706055,10.362500190734863,10.397500038146973,7.621476173400879,5614000
2014-07-08,10.364999771118164,10.422499656677246,10.25,10.40999984741211,7.630638599395752,10330000
2014-07-09,10.420000076293945,10.71500015258789,10.357500076293945,10.447500228881836,7.658127784729004,10606400
2014-07-10,10.262499809265137,10.512499809265137,10.1899995803833,10.444999694824219,7.656295299530029,8253200
2014-07-11,10.40250015258789,10.444999694824219,10.210000038146973,10.3100004196167,7.5573410987854,7210400
2014-07-14,10.460000038146973,10.517499923706055,10.364999771118164,10.444999694824219,7.656295299530029,5525600
2014-07-15,10.422499656677246,10.484999656677246,10.217499732971191,10.255000114440918,7.51702356338501,7142000
2014-07-16,10.317500114440918,10.430000305175781,10.262499809265137,10.385000228881836,7.612314224243164,5677600
2014-07-17,10.40999984741211,10.505000114440918,10.279999732971191,10.3125,7.559171676635742,9124000
2014-07-18,10.430000305175781,10.842499732971191,10.375,10.707500457763672,7.848710060119629,15965200
2014-07-21,10.642499923706055,10.8100004196167,10.600000381469727,10.712499618530273,7.852375030517578,10919200
2014-07-22,10.729999542236328,11.082500457763672,10.6274995803833,11.022500038146973,8.079607963562012,10909600
2014-07-23,11.130000114440918,11.422499656677246,11.022500038146973,11.180000305175781,8.19505786895752,16192400
2014-07-24,11.192500114440918,11.550000190734863,11.192500114440918,11.524999618530273,8.447945594787598,17061600
2014-07-25,11.46500015258789,11.520000457763672,11.395000457763672,11.420000076293945,8.370981216430664,5972800
2014-07-28,11.46500015258789,11.637499809265137,11.46500015258789,11.520000457763672,8.444282531738281,6551600
2014-07-29,11.515000343322754,11.647500038146973,10.470000267028809,10.857500076293945,7.958662033081055,50204800
2014-07-30,10.970000267028809,11.125,10.772500038146973,10.78499984741211,7.905519962310791,21596000
2014-07-31,10.737500190734863,10.760000228881836,10.484999656677246,10.492500305175781,7.691113471984863,9102800
2014-08-01,10.4975004196167,10.640000343322754,10.265000343322754,10.305000305175781,7.553672790527344,9872000
2014-08-04,10.337499618530273,10.529999732971191,10.329999923706055,10.422499656677246,7.639802932739258,10934000
2014-08-05,10.375,10.505000114440918,10.287500381469727,10.332500457763672,7.573832035064697,6903200
2014-08-06,10.257499694824219,10.454999923706055,10.217499732971191,10.375,7.604982852935791,6443600
2014-08-07,10.4350004196167,10.487500190734863,10.212499618530273,10.217499732971191,7.489535331726074,4842000
2014-08-08,10.234999656677246,10.234999656677246,10.067500114440918,10.175000190734863,7.458384037017822,7065200
2014-08-11,10.2475004196167,10.427499771118164,10.175000190734863,10.40999984741211,7.630638599395752,5984000
2014-08-12,10.404999732971191,10.407500267028809,10.15250015258789,10.232500076293945,7.500529766082764,6754400
2014-08-13,10.302499771118164,10.342499732971191,10.104999542236328,10.335000038146973,7.57566499710083,5554000
2014-08-14,10.3725004196167,10.475000381469727,10.197500228881836,10.457500457763672,7.665459156036377,8917600
2014-08-15,10.467499732971191,10.47249984741211,9.850000381469727,9.90999984741211,7.264134883880615,17036400
2014-08-18,10.015000343322754,10.1850004196167,9.987500190734863,10.162500381469727,7.449220180511475,10640800
2014-08-19,10.199999809265137,10.322500228881836,10.1850004196167,10.220000267028809,7.491368770599365,8368000
2014-08-20,10.21500015258789,10.345000267028809,10.015000343322754,10.332500457763672,7.573832035064697,9188000
2014-08-21,10.417499542236328,10.432499885559082,10.077500343322754,10.1225004196167,7.41989803314209,19876000
2014-08-22,10.920000076293945,11.125,10.595000267028809,10.725000381469727,7.861537456512451,34313200
2014-08-25,10.895000457763672,10.895000457763672,10.470000267028809,10.602499961853027,7.771744728088379,13844400
2014-08-26,10.609999656677246,10.737500190734863,10.475000381469727,10.692500114440918,7.837716102600098,9614800
2014-08-27,10.742500305175781,10.77750015258789,10.642499923706055,10.7475004196167,7.878030776977539,4411200
2014-08-28,10.6875,10.800000190734863,10.5625,10.792499542236328,7.911016464233398,7231600
2014-08-29,10.734999656677246,10.744999885559082,10.52750015258789,10.550000190734863,7.792830944061279,7246400
2014-09-02,10.572500228881836,10.987500190734863,10.557499885559082,10.9375,8.079059600830078,12292800
2014-09-03,11.0,11.020000457763672,10.854999542236328,10.882499694824219,8.038434028625488,6695600
2014-09-04,10.899999618530273,11.1225004196167,10.885000228881836,11.109999656677246,8.206478118896484,9081200
2014-09-05,11.077500343322754,11.3125,10.942500114440918,11.3100004196167,8.35421085357666,11084800
2014-09-08,11.274999618530273,11.352499961853027,11.047499656677246,11.069999694824219,8.176932334899902,7970000
2014-09-09,11.037500381469727,11.069999694824219,10.765000343322754,10.789999961853027,7.970108509063721,10428400
2014-09-10,10.857500076293945,10.890000343322754,10.6875,10.78499984741211,7.966415882110596,8990400
2014-09-11,10.765000343322754,10.9975004196167,10.744999885559082,10.989999771118164,8.117839813232422,7767600
2014-09-12,11.007499694824219,11.100000381469727,10.867500305175781,10.90250015258789,8.053206443786621,6821600
2014-09-15,10.895000457763672,10.944999694824219,10.797499656677246,10.8774995803833,8.034741401672363,4722400
2014-09-16,10.862500190734863,11.362500190734863,10.822500228881836,11.212499618530273,8.282191276550293,10979200
2014-09-17,11.212499618530273,11.239999771118164,10.987500190734863,11.005000114440918,8.128921508789062,8987600
2014-09-18,11.0,11.09749984741211,10.880000114440918,11.057499885559082,8.167699813842773,7438400
2014-09-19,11.082500457763672,11.107500076293945,10.817500114440918,10.845000267028809,8.010735511779785,9978400
2014-09-22,10.832500457763672,10.864999771118164,10.755000114440918,10.845000267028809,8.010735511779785,5281200
2014-09-23,10.837499618530273,10.837499618530273,10.595000267028809,10.595000267028809,7.826070785522461,5280000
2014-09-24,10.587499618530273,10.819999694824219,10.52750015258789,10.792499542236328,7.971956253051758,8474800
2014-09-25,10.832500457763672,10.920000076293945,10.515000343322754,10.515000343322754,7.766977787017822,8304000
2014-09-26,10.515000343322754,10.654999732971191,10.417499542236328,10.510000228881836,7.763285160064697,6391200
2014-09-29,10.4350004196167,10.592499732971191,10.354999542236328,10.515000343322754,7.766977787017822,5400000
2014-09-30,10.5,10.53499984741211,10.297499656677246,10.300000190734863,7.608166217803955,8336000
2014-10-01,10.279999732971191,10.28499984741211,10.069999694824219,10.095000267028809,7.456742286682129,9305600
2014-10-02,10.079999923706055,10.279999732971191,9.90250015258789,10.220000267028809,7.549074649810791,10038000
2014-10-03,10.282500267028809,10.3725004196167,10.109999656677246,10.114999771118164,7.471515655517578,7416400
2014-10-06,10.125,10.147500038146973,9.887499809265137,9.890000343322754,7.305316925048828,9934400
2014-10-07,9.859999656677246,10.007499694824219,9.75,9.7524995803833,7.203752517700195,10106400
2014-10-08,9.787500381469727,9.932499885559082,9.649999618530273,9.90999984741211,7.3200907707214355,10581600
2014-10-09,9.890000343322754,9.96500015258789,9.524999618530273,9.574999809265137,7.072640895843506,9502400
2014-10-10,9.552499771118164,9.867500305175781,9.547499656677246,9.577500343322754,7.074488162994385,12431200
2014-10-13,9.532500267028809,9.59749984741211,9.274999618530273,9.300000190734863,6.869511127471924,9831200
2014-10-14,9.322500228881836,9.387499809265137,9.217499732971191,9.300000190734863,6.869511127471924,12075200
2014-10-15,9.114999771118164,9.702500343322754,8.954999923706055,9.614999771118164,7.1021881103515625,14822800
2014-10-16,9.444999694824219,10.039999961853027,9.385000228881836,9.807499885559082,7.244377613067627,15447600
2014-10-17,9.912500381469727,10.09000015258789,9.850000381469727,9.96500015258789,7.360716819763184,16314400
2014-10-20,9.925000190734863,10.2524995803833,9.880000114440918,10.164999961853027,7.508447170257568,12018000
2014-10-21,10.210000038146973,10.295000076293945,10.130000114440918,10.177499771118164,7.517681121826172,9868400
2014-10-22,10.202500343322754,10.292499542236328,10.140000343322754,10.149999618530273,7.497368812561035,6621200
2014-10-23,10.212499618530273,10.412500381469727,10.1850004196167,10.3149995803833,7.619245529174805,5678800
2014-10-24,10.329999923706055,10.59749984741211,10.265000343322754,10.507499694824219,7.761438369750977,7592800
2014-10-27,10.5,10.612500190734863,10.392499923706055,10.452500343322754,7.720813274383545,8297200
2014-10-28,10.297499656677246,10.322500228881836,9.827500343322754,10.257499694824219,7.576774597167969,16464800
2014-10-29,10.257499694824219,10.457500457763672,10.204999923706055,10.382499694824219,7.669107437133789,6072400
2014-10-30,10.345000267028809,10.587499618530273,10.345000267028809,10.520000457763672,7.77067232131958,5934800
2014-10-31,10.635000228881836,10.97249984741211,10.632499694824219,10.6899995803833,7.896244049072266,11985200
2014-11-03,10.6899995803833,10.78499984741211,10.595000267028809,10.677499771118164,7.887009143829346,6033600
2014-11-04,10.632499694824219,10.702500343322754,10.529999732971191,10.682499885559082,7.890701770782471,5909600
2014-11-05,10.880000114440918,10.962499618530273,10.677499771118164,10.760000228881836,7.9479498863220215,5540000
2014-11-06,10.762499809265137,11.210000038146973,10.762499809265137,11.182499885559082,8.260032653808594,12739600
2014-11-07,11.167499542236328,11.194999694824219,10.90999984741211,10.922499656677246,8.06798267364502,9416400
2014-11-10,10.920000076293945,11.0024995803833,10.595000267028809,10.6850004196167,7.892549514770508,15391600
2014-11-11,10.717499732971191,10.802499771118164,10.59000015258789,10.625,7.848231792449951,7190000
2014-11-12,10.6274995803833,10.922499656677246,10.6274995803833,10.852499961853027,8.016275405883789,9143200
2014-11-13,11.037500381469727,11.175000190734863,10.975000381469727,11.114999771118164,8.21017074584961,12180400
2014-11-14,10.887499809265137,11.1225004196167,10.725000381469727,11.100000381469727,8.19909381866455,11161200
2014-11-17,11.09000015258789,11.175000190734863,10.949999809265137,11.024999618530273,8.143692970275879,8082800
2014-11-18,11.024999618530273,11.100000381469727,10.885000228881836,11.005000114440918,8.128921508789062,8024400
2014-11-19,11.095000267028809,11.114999771118164,10.832500457763672,10.90250015258789,8.053206443786621,15128400
2014-11-20,11.042499542236328,11.175000190734863,10.817500114440918,10.967499732971191,8.101218223571777,23846000
2014-11-21,9.852499961853027,9.987500190734863,9.27750015258789,9.46500015258789,7.044377326965332,75044400
2014-11-24,9.432499885559082,9.557499885559082,9.220000267028809,9.4399995803833,7.025770664215088,31472800
2014-11-25,9.52750015258789,9.567500114440918,9.262499809265137,9.350000381469727,6.958789348602295,20687200
2014-11-26,9.3774995803833,9.427499771118164,9.267499923706055,9.300000190734863,6.921576499938965,10280000
2014-11-28,9.302499771118164,9.494999885559082,9.302499771118164,9.452500343322754,7.035074234008789,7681600
2014-12-01,9.404999732971191,9.417499542236328,8.907500267028809,8.957500457763672,6.666667461395264,27137200
2014-12-02,9.0,9.1875,8.824999809265137,8.885000228881836,6.6127095222473145,14692400
2014-12-03,8.864999771118164,9.177499771118164,8.787500381469727,9.15250015258789,6.811798572540283,18127200
2014-12-04,9.154999732971191,9.28499984741211,9.03499984741211,9.267499923706055,6.89738655090332,12595600
2014-12-05,9.257499694824219,9.369999885559082,9.145000457763672,9.354999542236328,6.962510108947754,11269200
2014-12-08,9.274999618530273,9.274999618530273,8.692500114440918,8.797499656677246,6.547588348388672,18082800
2014-12-09,8.654999732971191,8.912500381469727,8.5,8.892499923706055,6.618292331695557,20448400
2014-12-10,8.6850004196167,8.729999542236328,8.329999923706055,8.332500457763672,6.20150899887085,21374000
2014-12-11,8.412500381469727,8.7475004196167,8.382499694824219,8.477499961853027,6.3094258308410645,20112000
2014-12-12,8.427499771118164,8.5,8.0649995803833,8.074999809265137,6.009861946105957,23647600
2014-12-15,8.15250015258789,8.380000114440918,8.0024995803833,8.232500076293945,6.127083778381348,17962400
2014-12-16,8.147500038146973,8.387499809265137,7.952499866485596,7.980000019073486,5.939159393310547,17685600
2014-12-17,8.02750015258789,8.182499885559082,7.974999904632568,8.172499656677246,6.082427978515625,14442400
2014-12-18,8.3125,8.412500381469727,8.100000381469727,8.274999618530273,6.1587138175964355,13588800
2014-12-19,8.367500305175781,8.625,8.232500076293945,8.625,6.41920280456543,18333200
2014-12-22,9.119999885559082,9.149999618530273,8.460000038146973,8.529999732971191,6.348498344421387,20784800
2014-12-23,8.572500228881836,8.779999732971191,8.529999732971191,8.657500267028809,6.4433913230896,15212400
2014-12-24,8.71500015258789,8.71500015258789,8.305000305175781,8.34749984741211,6.212673187255859,10998400
2014-12-26,8.395000457763672,8.512499809265137,8.297499656677246,8.412500381469727,6.261049270629883,15397600
2014-12-29,8.382499694824219,8.454999923706055,8.225000381469727,8.412500381469727,6.261049270629883,9599600
2014-12-30,8.362500190734863,8.587499618530273,8.300000190734863,8.457500457763672,6.2945404052734375,8536400
2014-12-31,8.557499885559082,8.602499961853027,8.427499771118164,8.449999809265137,6.28895902633667,6459200
2015-01-02,8.515000343322754,8.539999961853027,8.3125,8.449999809265137,6.28895902633667,6450800
2015-01-05,8.380000114440918,8.720000267028809,8.332500457763672,8.680000305175781,6.460137367248535,19739600
2015-01-06,8.792499542236328,9.007499694824219,8.380000114440918,8.422499656677246,6.268490791320801,19540400
2015-01-07,8.572500228881836,8.670000076293945,8.244999885559082,8.324999809265137,6.195926666259766,10233200
2015-01-08,8.399999618530273,8.542499542236328,8.329999923706055,8.422499656677246,6.268490791320801,18189600
2015-01-09,8.397500038146973,8.427499771118164,8.022500038146973,8.067500114440918,6.004281520843506,16299600
2015-01-12,8.137499809265137,8.460000038146973,7.922500133514404,8.442500114440918,6.283376693725586,14482000
2015-01-13,8.550000190734863,8.774999618530273,8.175000190734863,8.192500114440918,6.097312927246094,11729200
2015-01-14,9.300000190734863,9.337499618530273,8.960000038146973,9.052499771118164,6.737373352050781,29746400
2015-01-15,9.007499694824219,9.1875,8.555000305175781,8.614999771118164,6.4117608070373535,20556800
2015-01-16,8.922499656677246,9.102499961853027,8.729999542236328,9.087499618530273,6.763420581817627,17027200
2015-01-20,9.082500457763672,9.1875,8.802499771118164,9.017499923706055,6.7113237380981445,18146400
2015-01-21,8.917499542236328,9.274999618530273,8.867500305175781,9.210000038146973,6.854591369628906,11862400
2015-01-22,9.3100004196167,9.3100004196167,9.037500381469727,9.279999732971191,6.906689643859863,8621200
2015-01-23,9.237500190734863,9.375,9.107500076293945,9.350000381469727,6.958789348602295,7202000
2015-01-26,9.34749984741211,9.614999771118164,9.317500114440918,9.539999961853027,7.100196838378906,9706000
2015-01-27,9.53499984741211,9.75,9.397500038146973,9.569999694824219,7.122524738311768,8028000
2015-01-28,9.625,9.824999809265137,9.359999656677246,9.40250015258789,6.997861862182617,11009200
2015-01-29,9.454999923706055,9.454999923706055,8.867500305175781,9.067500114440918,6.74853515625,13562400
2015-01-30,8.960000038146973,9.024999618530273,8.765000343322754,8.8125,6.558750629425049,12139200
2015-02-02,8.77750015258789,9.232500076293945,8.630000114440918,9.207500457763672,6.852732181549072,9705200
2015-02-03,9.197500228881836,9.479999542236328,9.09749984741211,9.375,6.977395057678223,5846400
2015-02-04,9.292499542236328,9.354999542236328,8.914999961853027,9.157500267028809,6.815519332885742,8152400
2015-02-05,9.1850004196167,9.319999694824219,9.0649995803833,9.175000190734863,6.828543663024902,5452400
2015-02-06,9.239999771118164,9.34749984741211,9.109999656677246,9.1899995803833,6.83970832824707,5929200
2015-02-09,9.135000228881836,9.395000457763672,9.130000114440918,9.295000076293945,6.917854309082031,6226000
2015-02-10,9.297499656677246,9.532500267028809,9.2524995803833,9.510000228881836,7.0778679847717285,9737600
2015-02-11,9.520000457763672,9.547499656677246,9.3149995803833,9.380000114440918,6.981115818023682,5919200
2015-02-12,9.399999618530273,9.442500114440918,9.25,9.3125,6.930878639221191,4923600
2015-02-13,9.260000228881836,9.475000381469727,9.217499732971191,9.337499618530273,6.949484348297119,6658800
2015-02-17,9.337499618530273,9.552499771118164,9.199999809265137,9.34000015258789,6.951346397399902,5420400
2015-02-18,9.2475004196167,9.387499809265137,9.149999618530273,9.375,6.977395057678223,4199600
2015-02-19,9.422499656677246,9.422499656677246,9.262499809265137,9.382499694824219,6.982975959777832,3096000
2015-02-20,9.414999961853027,9.510000228881836,9.352499961853027,9.3725004196167,6.975534915924072,5183600
2015-02-23,9.484999656677246,9.4975004196167,9.2524995803833,9.337499618530273,6.949484348297119,4601600
2015-02-24,9.414999961853027,9.447500228881836,9.227499961853027,9.28499984741211,6.9104108810424805,3007200
2015-02-25,9.337499618530273,9.454999923706055,9.229999542236328,9.319999694824219,6.936460971832275,4074000
2015-02-26,9.3125,9.369999885559082,9.207500457763672,9.257499694824219,6.8899455070495605,4559200
2015-02-27,9.27750015258789,9.430000305175781,9.172499656677246,9.242500305175781,6.878779411315918,5850800
2015-03-02,9.242500305175781,9.725000381469727,9.242500305175781,9.667499542236328,7.1950883865356445,9590000
2015-03-03,9.739999771118164,9.8125,9.635000228881836,9.670000076293945,7.1969499588012695,4709600
2015-03-04,9.795000076293945,10.112500190734863,9.680000305175781,10.007499694824219,7.448136329650879,8379200
2015-03-05,9.994999885559082,10.140000343322754,9.882499694824219,10.0,7.442554473876953,4857200
2015-03-06,9.954999923706055,10.145000457763672,9.954999923706055,10.039999961853027,7.4723219871521,4742000
2015-03-09,10.029999732971191,10.367500305175781,9.952500343322754,10.207500457763672,7.596987247467041,6152400
2015-03-10,10.132499694824219,10.289999961853027,10.02750015258789,10.162500381469727,7.563496112823486,5972400
2015-03-11,10.324999809265137,10.667499542236328,9.779999732971191,9.869999885559082,7.3458027839660645,7636400
2015-03-12,9.987500190734863,10.052499771118164,9.765000343322754,9.920000076293945,7.383013725280762,4531600
2015-03-13,10.0600004196167,10.22249984741211,9.989999771118164,10.175000190734863,7.642134189605713,7166400
2015-03-16,10.182499885559082,10.319999694824219,10.162500381469727,10.272500038146973,7.715362548828125,4221200
2015-03-17,10.289999961853027,10.324999809265137,10.1274995803833,10.227499961853027,7.6815643310546875,3508000
2015-03-18,10.1899995803833,10.337499618530273,10.039999961853027,10.279999732971191,7.720994472503662,4463200
2015-03-19,10.270000457763672,10.292499542236328,10.15250015258789,10.197500228881836,7.659032821655273,3588400
2015-03-20,10.212499618530273,10.297499656677246,10.132499694824219,10.229999542236328,7.683441162109375,9629200
2015-03-23,10.267499923706055,10.432499885559082,10.1875,10.335000038146973,7.762303829193115,7013600
2015-03-24,10.319999694824219,10.382499694824219,10.225000381469727,10.227499961853027,7.6815643310546875,10312000
2015-03-25,10.227499961853027,10.302499771118164,9.949999809265137,9.952500343322754,7.475019454956055,8285200
2015-03-26,9.8725004196167,9.949999809265137,9.645000457763672,9.697500228881836,7.283497333526611,19414000
2015-03-27,9.417499542236328,9.697500228881836,9.28499984741211,9.59000015258789,7.202757358551025,21983200
2015-03-30,9.600000381469727,9.625,9.3774995803833,9.422499656677246,7.076952934265137,11960400
2015-03-31,9.345000267028809,9.637499809265137,9.305000305175781,9.489999771118164,7.127650737762451,8458800
2015-04-01,9.46500015258789,9.625,9.332500457763672,9.444999694824219,7.093852996826172,9859600
2015-04-02,9.515000343322754,9.702500343322754,9.470000267028809,9.550000190734863,7.1727142333984375,4690400
2015-04-06,9.5,9.59749984741211,9.420000076293945,9.592499732971191,7.204636573791504,5935600
2015-04-07,9.592499732971191,9.625,9.479999542236328,9.494999885559082,7.131405353546143,5328400
2015-04-08,9.449999809265137,9.694999694824219,9.4350004196167,9.677499771118164,7.268474578857422,6596800
2015-04-09,9.6899995803833,10.0,9.587499618530273,9.9975004196167,7.508820056915283,7646400
2015-04-10,10.045000076293945,10.102499961853027,9.890000343322754,10.100000381469727,7.585803508758545,5076000
2015-04-13,10.100000381469727,10.199999809265137,9.864999771118164,10.104999542236328,7.589557647705078,7375600
2015-04-14,10.0625,10.130000114440918,9.920000076293945,10.100000381469727,7.585803508758545,5990400
2015-04-15,10.145000457763672,10.239999771118164,9.989999771118164,10.22249984741211,7.67780876159668,9188400
2015-04-16,10.234999656677246,10.324999809265137,10.170000076293945,10.234999656677246,7.687198162078857,5828800
2015-04-17,10.177499771118164,10.1875,9.864999771118164,9.914999961853027,7.446854114532471,6248400
2015-04-20,9.947500228881836,10.109999656677246,9.9399995803833,10.079999923706055,7.570781230926514,5238400
2015-04-21,10.109999656677246,10.1225004196167,9.932499885559082,10.020000457763672,7.525718688964844,5508000
2015-04-22,10.0,10.09000015258789,9.899999618530273,10.0600004196167,7.555758476257324,3904400
2015-04-23,10.0625,10.135000228881836,10.012499809265137,10.079999923706055,7.570781230926514,3466400
2015-04-24,10.074999809265137,10.192500114440918,10.03499984741211,10.177499771118164,7.644010543823242,3487200
2015-04-27,10.182499885559082,10.2524995803833,10.0625,10.069999694824219,7.56326961517334,4195200
2015-04-28,10.045000076293945,10.117500305175781,9.890000343322754,10.09749984741211,7.583924293518066,3791200
2015-04-29,10.017499923706055,10.135000228881836,9.789999961853027,9.832500457763672,7.384890556335449,4985200
2015-04-30,9.807499885559082,9.832500457763672,9.604999542236328,9.635000228881836,7.236555576324463,4542800
2015-05-01,9.657500267028809,9.797499656677246,9.614999771118164,9.792499542236328,7.354849338531494,3079200
2015-05-04,9.827500343322754,10.039999961853027,9.774999618530273,10.029999732971191,7.53322696685791,3512000
2015-05-05,9.982500076293945,10.072500228881836,9.9350004196167,10.005000114440918,7.514451026916504,4387600
2015-05-06,9.975000381469727,9.975000381469727,9.6875,9.782500267028809,7.347339153289795,5807600
2015-05-07,9.78499984741211,9.904999732971191,9.617500305175781,9.8774995803833,7.4186906814575195,6820400
2015-05-08,9.960000038146973,10.125,9.930000305175781,10.047499656677246,7.546371936798096,4222000
2015-05-11,10.022500038146973,10.1225004196167,9.9350004196167,9.9399995803833,7.465630531311035,4075600
2015-05-12,9.875,9.954999923706055,9.755000114440918,9.762499809265137,7.3323163986206055,5334400
2015-05-13,9.767499923706055,9.845000267028809,9.630000114440918,9.800000190734863,7.360482692718506,6279200
2015-05-14,9.845000267028809,9.850000381469727,9.6875,9.792499542236328,7.354849338531494,2988800
2015-05-15,9.792499542236328,10.022500038146973,9.774999618530273,10.015000343322754,7.521961212158203,5546800
2015-05-18,10.024999618530273,10.077500343322754,9.925000190734863,10.0600004196167,7.555758476257324,4638800
2015-05-19,10.095000267028809,10.107500076293945,10.007499694824219,10.077500343322754,7.56890344619751,4007600
2015-05-20,10.050000190734863,10.082500457763672,9.920000076293945,10.03499984741211,7.536981105804443,4026000
2015-05-21,10.107500076293945,10.229999542236328,10.0625,10.192500114440918,7.655276298522949,5148000
2015-05-22,10.1899995803833,10.244999885559082,10.095000267028809,10.199999809265137,7.660910129547119,4556400
2015-05-26,10.172499656677246,10.244999885559082,9.962499618530273,10.045000076293945,7.544493675231934,4948400
2015-05-27,10.137499809265137,10.154999732971191,9.850000381469727,9.867500305175781,7.411179065704346,7198800
2015-05-28,9.892499923706055,10.329999923706055,9.8774995803833,10.229999542236328,7.683441162109375,15432800
2015-05-29,10.994999885559082,11.1225004196167,10.779999732971191,10.852499961853027,8.150983810424805,34731200
2015-06-01,10.9350004196167,11.024999618530273,10.602499961853027,10.867500305175781,8.162248611450195,13171200
2015-06-02,10.84749984741211,11.104999542236328,10.692500114440918,10.992500305175781,8.256132125854492,9230000
2015-06-03,10.9975004196167,11.077500343322754,10.899999618530273,10.930000305175781,8.20919132232666,7961200
2015-06-04,11.037500381469727,11.114999771118164,10.967499732971191,11.005000114440918,8.265521049499512,7472000
2015-06-05,11.024999618530273,11.0625,10.897500038146973,11.03499984741211,8.288053512573242,5970000
2015-06-08,11.005000114440918,11.069999694824219,10.755000114440918,10.762499809265137,8.149856567382812,5908000
2015-06-09,10.779999732971191,10.862500190734863,10.72249984741211,10.725000381469727,8.121458053588867,5136800
2015-06-10,10.787500381469727,10.869999885559082,10.675000190734863,10.712499618530273,8.111991882324219,7138800
2015-06-11,10.802499771118164,10.932499885559082,10.6875,10.75,8.140389442443848,7231600
2015-06-12,10.729999542236328,10.817500114440918,10.672499656677246,10.739999771118164,8.132817268371582,5338800
2015-06-15,10.717499732971191,10.817500114440918,10.579999923706055,10.630000114440918,8.049522399902344,7436800
2015-06-16,10.604999542236328,10.662500381469727,10.492500305175781,10.6274995803833,8.047628402709961,5532000
2015-06-17,10.630000114440918,10.807499885559082,10.545000076293945,10.757499694824219,8.146069526672363,8661200
2015-06-18,10.800000190734863,10.84749984741211,10.71500015258789,10.797499656677246,8.176360130310059,8083200
2015-06-19,10.850000381469727,10.954999923706055,10.75,10.772500038146973,8.157427787780762,9357200
2015-06-22,10.8125,11.029999732971191,10.7524995803833,10.97249984741211,8.308876991271973,10163600
2015-06-23,11.007499694824219,11.137499809265137,10.960000038146973,11.09000015258789,8.397852897644043,7034000
2015-06-24,11.047499656677246,11.375,11.039999961853027,11.137499809265137,8.433821678161621,9687600
2015-06-25,11.145000457763672,11.182499885559082,10.912500381469727,10.914999961853027,8.265336036682129,6468400
2015-06-26,10.944999694824219,11.03499984741211,10.842499732971191,11.010000228881836,8.337275505065918,7603600
2015-06-29,10.932499885559082,10.982500076293945,10.6899995803833,10.692500114440918,8.096848487854004,4458800
2015-06-30,10.770000457763672,10.800000190734863,10.692500114440918,10.739999771118164,8.132817268371582,4470800
2015-07-01,10.8125,11.102499961853027,10.789999961853027,11.029999732971191,8.352418899536133,6925600
2015-07-02,10.952500343322754,11.125,10.875,10.890000343322754,8.246404647827148,4818400
2015-07-06,10.779999732971191,11.087499618530273,10.742500305175781,11.079999923706055,8.390279769897461,6026800
2015-07-07,11.072500228881836,11.512499809265137,11.007499694824219,11.507499694824219,8.71400260925293,9638800
2015-07-08,11.442500114440918,11.557499885559082,11.3725004196167,11.4350004196167,8.659104347229004,9792000
2015-07-09,11.600000381469727,11.772500038146973,11.470000267028809,11.725000381469727,8.878705024719238,10862400
2015-07-10,11.822500228881836,11.835000038146973,11.600000381469727,11.739999771118164,8.89006233215332,5966000
2015-07-13,11.802499771118164,11.914999961853027,11.710000038146973,11.837499618530273,8.96389389038086,6607200
2015-07-14,11.805000305175781,11.862500190734863,11.5625,11.682499885559082,8.846521377563477,10610800
2015-07-15,11.712499618530273,11.75,11.587499618530273,11.604999542236328,8.787836074829102,5383200
2015-07-16,11.619999885559082,11.9399995803833,11.545000076293945,11.807499885559082,8.94117546081543,10452000
2015-07-17,11.807499885559082,11.887499809265137,11.595000267028809,11.667499542236328,8.835164070129395,5317200
2015-07-20,11.625,11.737500190734863,11.537500381469727,11.707500457763672,8.86545467376709,5273200
2015-07-21,11.680000305175781,11.739999771118164,11.557499885559082,11.734999656677246,8.886276245117188,5106000
2015-07-22,11.692500114440918,11.880000114440918,11.600000381469727,11.800000190734863,8.935498237609863,6506800
2015-07-23,11.807499885559082,11.904999732971191,11.647500038146973,11.734999656677246,8.886276245117188,3849200
2015-07-24,11.75,11.770000457763672,11.332500457763672,11.3725004196167,8.611776351928711,8122800
2015-07-27,11.350000381469727,11.454999923706055,11.225000381469727,11.329999923706055,8.579591751098633,6295200
2015-07-28,11.375,11.4350004196167,11.182499885559082,11.319999694824219,8.572019577026367,4929600
2015-07-29,11.359999656677246,11.47249984741211,11.297499656677246,11.467499732971191,8.683713912963867,4004800
2015-07-30,11.4375,11.612500190734863,11.357500076293945,11.539999961853027,8.738615036010742,3734400
2015-07-31,11.5649995803833,11.617500305175781,11.407500267028809,11.462499618530273,8.679927825927734,4383200
2015-08-03,11.494999885559082,11.545000076293945,11.210000038146973,11.237500190734863,8.509546279907227,4821200
2015-08-04,11.177499771118164,11.412500381469727,11.1274995803833,11.392499923706055,8.626920700073242,7212400
2015-08-05,11.420000076293945,11.657500267028809,11.40999984741211,11.59749984741211,8.782155990600586,4967600
2015-08-06,11.555000305175781,11.579999923706055,11.229999542236328,11.337499618530273,8.585271835327148,4446800
2015-08-07,11.335000038146973,11.352499961853027,11.162500381469727,11.292499542236328,8.55119514465332,3788400
2015-08-10,11.470000267028809,11.510000228881836,11.335000038146973,11.452500343322754,8.672355651855469,4864800
2015-08-11,11.357500076293945,11.449999809265137,11.25,11.430000305175781,8.655318260192871,4988800
2015-08-12,11.332500457763672,11.47249984741211,11.157500267028809,11.404999732971191,8.63638687133789,5104400
2015-08-13,11.412500381469727,11.717499732971191,11.397500038146973,11.524999618530273,8.727254867553711,4406400
2015-08-14,11.637499809265137,11.957500457763672,11.637499809265137,11.859999656677246,8.980931282043457,9747600
2015-08-17,11.859999656677246,11.867500305175781,11.614999771118164,11.737500190734863,8.888168334960938,4342400
2015-08-18,11.760000228881836,11.927499771118164,11.725000381469727,11.7475004196167,8.895742416381836,6476000
2015-08-19,11.707500457763672,11.792499542236328,11.4350004196167,11.612500190734863,8.793513298034668,7016000
2015-08-20,11.414999961853027,11.5,11.297499656677246,11.307499885559082,8.562554359436035,6032000
2015-08-21,11.192500114440918,11.52750015258789,11.15999984741211,11.207500457763672,8.486828804016113,8100800
2015-08-24,10.46500015258789,11.037500381469727,9.664999961853027,10.739999771118164,8.132817268371582,9250800
2015-08-25,11.020000457763672,11.170000076293945,10.817500114440918,10.97249984741211,8.308876991271973,18920400
2015-08-26,11.170000076293945,11.382499694824219,11.007499694824219,11.34000015258789,8.587166786193848,15134400
2015-08-27,11.552499771118164,11.75,11.359999656677246,11.550000190734863,8.746186256408691,11679600
2015-08-28,11.164999961853027,11.234999656677246,10.385000228881836,10.6225004196167,8.043841361999512,33722000
2015-08-31,10.567500114440918,10.65250015258789,10.387499809265137,10.619999885559082,8.041947364807129,9861200
2015-09-01,10.382499694824219,10.537500381469727,10.180000305175781,10.295000076293945,7.795843124389648,9354400
2015-09-02,10.420000076293945,10.520000457763672,10.279999732971191,10.452500343322754,7.9151105880737305,10147600
2015-09-03,10.5,10.694999694824219,10.385000228881836,10.427499771118164,7.896177291870117,8372800
2015-09-04,10.300000190734863,10.390000343322754,10.177499771118164,10.3125,7.877081871032715,6127600
2015-09-08,10.492500305175781,10.492500305175781,10.1899995803833,10.447500228881836,7.980199337005615,8708000
2015-09-09,10.507499694824219,10.5600004196167,10.412500381469727,10.447500228881836,7.980199337005615,5874800
2015-09-10,10.414999961853027,10.72249984741211,10.375,10.587499618530273,8.087136268615723,5733200
2015-09-11,10.557499885559082,10.717499732971191,10.420000076293945,10.694999694824219,8.169252395629883,6061600
2015-09-14,10.710000038146973,10.800000190734863,10.5649995803833,10.792499542236328,8.243724822998047,5638800
2015-09-15,10.8149995803833,10.829999923706055,10.6899995803833,10.75,8.211262702941895,4498400
2015-09-16,10.737500190734863,11.037500381469727,10.725000381469727,10.994999885559082,8.398401260375977,6159200
2015-09-17,10.9975004196167,11.107500076293945,10.717499732971191,10.90250015258789,8.327747344970703,6796400
2015-09-18,10.787500381469727,10.895000457763672,10.557499885559082,10.567500114440918,8.07186222076416,8250400
2015-09-21,10.680000305175781,10.707500457763672,10.359999656677246,10.430000305175781,7.96683406829834,6620000
2015-09-22,10.3149995803833,10.4399995803833,10.2524995803833,10.337499618530273,7.896178245544434,4002800
2015-09-23,10.305000305175781,10.395000457763672,10.162500381469727,10.270000457763672,7.8446197509765625,3140800
2015-09-24,10.1850004196167,10.3725004196167,10.15250015258789,10.300000190734863,7.867534160614014,5456800
2015-09-25,10.327500343322754,10.46500015258789,10.112500190734863,10.25,7.829342842102051,6662800
2015-09-28,10.210000038146973,10.267499923706055,9.984999656677246,10.074999809265137,7.695671081542969,6852800
2015-09-29,10.050000190734863,10.227499961853027,9.914999961853027,10.107500076293945,7.720497131347656,8432000
2015-09-30,10.2524995803833,10.329999923706055,10.15250015258789,10.302499771118164,7.869445323944092,6866400
2015-10-01,10.324999809265137,10.407500267028809,9.952500343322754,10.130000114440918,7.7376813888549805,7833600
2015-10-02,10.069999694824219,10.387499809265137,10.0024995803833,10.375,7.92482328414917,5966400
2015-10-05,10.399999618530273,10.65999984741211,10.382499694824219,10.619999885559082,8.111963272094727,7671600
2015-10-06,10.609999656677246,10.869999885559082,10.602499961853027,10.835000038146973,8.276189804077148,7518000
2015-10-07,10.857500076293945,10.952500343322754,10.654999732971191,10.859999656677246,8.295283317565918,4901600
2015-10-08,10.760000228881836,11.085000038146973,10.760000228881836,10.994999885559082,8.398401260375977,4536400
2015-10-09,10.930000305175781,11.114999771118164,10.864999771118164,11.102499961853027,8.480515480041504,3824800
2015-10-12,11.069999694824219,11.15999984741211,10.960000038146973,10.984999656677246,8.390763282775879,2991600
2015-10-13,10.927499771118164,11.039999961853027,10.850000381469727,10.880000114440918,8.31056022644043,3242000
2015-10-14,10.864999771118164,10.930000305175781,10.682499885559082,10.762499809265137,8.220808982849121,3027600
2015-10-15,10.8149995803833,10.992500305175781,10.712499618530273,10.982500076293945,8.388854026794434,3522000
2015-10-16,11.069999694824219,11.1225004196167,10.897500038146973,11.114999771118164,8.49006462097168,3594000
2015-10-19,11.114999771118164,11.234999656677246,11.0024995803833,11.180000305175781,8.539712905883789,3046400
2015-10-20,11.194999694824219,11.404999732971191,11.182499885559082,11.274999618530273,8.612276077270508,6144800
2015-10-21,11.319999694824219,11.552499771118164,11.282500267028809,11.510000228881836,8.791777610778809,4631600
2015-10-22,11.545000076293945,11.817500114440918,11.397500038146973,11.744999885559082,8.971282005310059,6262000
2015-10-23,11.904999732971191,11.904999732971191,11.272500038146973,11.337499618530273,8.660017967224121,9208400
2015-10-26,11.342499732971191,11.382499694824219,11.087499618530273,11.167499542236328,8.53016185760498,5856400
2015-10-27,11.180000305175781,11.227499961853027,10.887499809265137,11.0625,8.44996166229248,4584000
2015-10-28,11.114999771118164,11.422499656677246,11.072500228881836,11.387499809265137,8.698209762573242,3632000
2015-10-29,11.40999984741211,11.545000076293945,11.342499732971191,11.427499771118164,8.728761672973633,2984400
2015-10-30,11.479999542236328,11.637499809265137,11.392499923706055,11.517499923706055,8.79750919342041,4879200
2015-11-02,11.507499694824219,11.6225004196167,11.392499923706055,11.545000076293945,8.818512916564941,3821200
2015-11-03,11.574999809265137,11.699999809265137,11.517499923706055,11.6875,8.927361488342285,5713200
2015-11-04,11.682499885559082,11.77750015258789,11.654999732971191,11.712499618530273,8.946456909179688,5235600
2015-11-05,11.737500190734863,11.789999961853027,11.574999809265137,11.734999656677246,8.963643074035645,3947600
2015-11-06,11.6875,11.869999885559082,11.587499618530273,11.704999923706055,8.940727233886719,7676800
2015-11-09,11.692500114440918,11.704999923706055,11.357500076293945,11.375,8.688661575317383,6093200
2015-11-10,11.359999656677246,11.552499771118164,11.3125,11.484999656677246,8.772683143615723,6072800
2015-11-11,11.520000457763672,11.574999809265137,11.107500076293945,11.145000457763672,8.512977600097656,7525200
2015-11-12,11.114999771118164,11.199999809265137,10.967499732971191,11.132499694824219,8.503429412841797,7546000
2015-11-13,9.984999656677246,10.024999618530273,9.267499923706055,9.295000076293945,7.099876880645752,38060800
2015-11-16,9.25,9.547499656677246,9.237500190734863,9.522500038146973,7.273650646209717,10280000
2015-11-17,9.574999809265137,9.574999809265137,9.225000381469727,9.289999961853027,7.096057891845703,10395200
2015-11-18,9.392499923706055,9.515000343322754,9.307499885559082,9.452500343322754,7.220181941986084,9136800
2015-11-19,9.412500381469727,9.739999771118164,9.375,9.614999771118164,7.344305515289307,8218800
2015-11-20,9.774999618530273,9.942500114440918,9.642499923706055,9.8149995803833,7.497072219848633,11176800
2015-11-23,8.28499984741211,9.422499656677246,8.25,9.40250015258789,7.181989669799805,67735200
2015-11-24,8.9975004196167,9.557499885559082,8.982500076293945,9.477499961853027,7.2392778396606445,21452000
2015-11-25,9.447500228881836,9.507499694824219,9.149999618530273,9.15999984741211,6.996758937835693,8231600
2015-11-27,9.220000267028809,9.237500190734863,8.949999809265137,9.0024995803833,6.876453876495361,4770000
2015-11-30,8.890000343322754,8.957500457763672,8.725000381469727,8.757499694824219,6.689314365386963,12892400
2015-12-01,8.762499809265137,8.792499542236328,8.5625,8.675000190734863,6.695102691650391,8725200
2015-12-02,8.675000190734863,8.710000038146973,8.46500015258789,8.467499732971191,6.5349602699279785,11470800
2015-12-03,8.462499618530273,8.462499618530273,8.047499656677246,8.194999694824219,6.324653148651123,14872000
2015-12-04,8.192500114440918,8.337499618530273,8.0600004196167,8.324999809265137,6.42498254776001,14113200
2015-12-07,8.300000190734863,8.34749984741211,8.125,8.267499923706055,6.380605697631836,11792400
2015-12-08,8.149999618530273,8.47249984741211,8.067500114440918,8.4350004196167,6.509878635406494,11211200
2015-12-09,8.27750015258789,8.507499694824219,8.100000381469727,8.109999656677246,6.259052276611328,10329200
2015-12-10,8.137499809265137,8.225000381469727,7.867499828338623,8.0024995803833,6.176086902618408,16325600
2015-12-11,7.554999828338623,7.837500095367432,7.485000133514404,7.5,5.788272380828857,26372000
2015-12-14,7.5,7.664999961853027,7.429999828338623,7.567500114440918,5.840367794036865,11758000
2015-12-15,7.684999942779541,7.787499904632568,7.599999904632568,7.635000228881836,5.892461776733398,10153200
2015-12-16,7.704999923706055,7.75,7.53000020980835,7.639999866485596,5.896320343017578,8740400
2015-12-17,7.639999866485596,7.677499771118164,7.262499809265137,7.262499809265137,5.604978084564209,9117600
2015-12-18,7.230000019073486,7.235000133514404,6.974999904632568,7.190000057220459,5.5490241050720215,22410000
2015-12-21,7.132500171661377,7.275000095367432,7.012499809265137,7.1875,5.54709529876709,13672800
2015-12-22,7.224999904632568,7.224999904632568,7.039999961853027,7.150000095367432,5.518153667449951,12263600
2015-12-23,7.199999809265137,7.232500076293945,7.065000057220459,7.1875,5.54709529876709,11113200
2015-12-24,7.15500020980835,7.199999809265137,7.070000171661377,7.09250020980835,5.473776817321777,3476000
2015-12-28,7.09250020980835,7.235000133514404,7.034999847412109,7.117499828338623,5.49307107925415,9301600
2015-12-29,7.15500020980835,7.199999809265137,7.082499980926514,7.107500076293945,5.485352993011475,8161600
2015-12-30,7.09250020980835,7.235000133514404,7.059999942779541,7.119999885559082,5.49500036239624,5753200
2015-12-31,7.107500076293945,7.215000152587891,7.007500171661377,7.010000228881836,5.4101057052612305,6784000
2016-01-04,6.760000228881836,7.114999771118164,6.752500057220459,7.077499866485596,5.462201118469238,17321600
2016-01-05,7.147500038146973,7.252500057220459,7.014999866485596,7.192500114440918,5.5509538650512695,13666400
2016-01-06,7.057499885559082,7.184999942779541,6.860000133514404,7.09250020980835,5.473776817321777,15025600
2016-01-07,7.03000020980835,7.192500114440918,6.934999942779541,7.112500190734863,5.489212512969971,10651200
2016-01-08,7.175000190734863,7.197500228881836,7.010000228881836,7.09250020980835,5.473776817321777,10796800
2016-01-11,7.082499980926514,7.387499809265137,6.997499942779541,7.34499979019165,5.6686482429504395,13026800
2016-01-12,7.237500190734863,7.304999828338623,6.577499866485596,6.96999979019165,5.379234313964844,32357600
2016-01-13,6.927499771118164,6.954999923706055,6.619999885559082,6.735000133514404,5.197869777679443,11686400
2016-01-14,6.855000019073486,6.855000019073486,6.295000076293945,6.394999980926514,4.935466766357422,18357600
2016-01-15,6.264999866485596,6.485000133514404,6.212500095367432,6.409999847412109,4.947044372558594,12750800
2016-01-19,6.489999771118164,6.494999885559082,6.262499809265137,6.377500057220459,4.921962261199951,11138000
2016-01-20,6.302499771118164,6.362500190734863,6.082499980926514,6.297500133514404,4.860219955444336,8945200
2016-01-21,6.297500133514404,6.485000133514404,6.287499904632568,6.322500228881836,4.879514217376709,8473200
2016-01-22,6.432499885559082,6.507500171661377,6.357500076293945,6.417500019073486,4.952831745147705,7054400
2016-01-25,6.400000095367432,6.492499828338623,6.227499961853027,6.264999866485596,4.835137844085693,5780800
2016-01-26,6.337500095367432,6.619999885559082,6.284999847412109,6.514999866485596,5.028079986572266,11076000
2016-01-27,6.559999942779541,6.695000171661377,6.454999923706055,6.537499904632568,5.045444011688232,8011600
2016-01-28,6.622499942779541,6.652500152587891,6.417500019073486,6.427499771118164,4.960549831390381,5595600
2016-01-29,6.440000057220459,6.5625,6.402500152587891,6.552499771118164,5.057020664215088,9271200
2016-02-01,6.550000190734863,6.715000152587891,6.462500095367432,6.702499866485596,5.172785758972168,11149200
2016-02-02,6.65749979019165,6.677499771118164,6.397500038146973,6.480000019073486,5.001067638397217,7362400
2016-02-03,6.527500152587891,6.570000171661377,6.1875,6.542500019073486,5.04930305480957,8893600
2016-02-04,6.514999866485596,6.797500133514404,6.34499979019165,6.752500057220459,5.211375713348389,8000800
2016-02-05,6.752500057220459,6.795000076293945,6.607500076293945,6.707499980926514,5.176645755767822,6183200
2016-02-08,6.637499809265137,6.989999771118164,6.625,6.972499847412109,5.38116455078125,11779200
2016-02-09,6.912499904632568,6.96999979019165,6.677499771118164,6.78000020980835,5.232598781585693,13147200
2016-02-10,6.800000190734863,6.822500228881836,6.65500020980835,6.662499904632568,5.141915798187256,5480400
2016-02-11,6.612500190734863,6.737500190734863,6.534999847412109,6.667500019073486,5.1457743644714355,5918800
2016-02-12,6.692500114440918,6.84499979019165,6.574999809265137,6.744999885559082,5.205587387084961,10327200
2016-02-16,6.832499980926514,7.012499809265137,6.722499847412109,7.0,5.402388095855713,5744000
2016-02-17,7.054999828338623,7.25,6.989999771118164,7.184999942779541,5.545165538787842,6689600
2016-02-18,7.199999809265137,7.449999809265137,7.167500019073486,7.309999942779541,5.641635894775391,11048000
2016-02-19,7.304999828338623,7.304999828338623,6.945000171661377,7.047500133514404,5.439047813415527,8530000
2016-02-22,7.132500171661377,7.40749979019165,7.107500076293945,7.302499771118164,5.635848045349121,6722400
2016-02-23,7.400000095367432,7.465000152587891,7.244999885559082,7.360000133514404,5.680225849151611,5059600
2016-02-24,7.355000019073486,7.474999904632568,7.065000057220459,7.472499847412109,5.767049789428711,6416800
2016-02-25,7.400000095367432,7.514999866485596,7.327499866485596,7.489999771118164,5.78055477142334,6115600
2016-02-26,7.527500152587891,7.652500152587891,7.482500076293945,7.635000228881836,5.892461776733398,6775600
2016-02-29,7.610000133514404,7.772500038146973,7.505000114440918,7.704999923706055,5.94648551940918,9401600
2016-03-01,7.762499809265137,7.809999942779541,7.622499942779541,7.735000133514404,5.969638824462891,8520400
2016-03-02,7.71999979019165,7.920000076293945,7.289999961853027,7.822500228881836,6.037169456481934,16452400
2016-03-03,7.840000152587891,8.237500190734863,7.820000171661377,8.177499771118164,6.3111467361450195,14196000
2016-03-04,8.067500114440918,8.140000343322754,7.797500133514404,7.807499885559082,6.094529628753662,10121600
2016-03-07,7.757500171661377,7.925000190734863,7.59499979019165,7.684999942779541,5.998907089233398,11321200
2016-03-08,7.722499847412109,7.747499942779541,7.452499866485596,7.53000020980835,5.877915382385254,9314000
2016-03-09,7.59499979019165,7.892499923706055,7.539999961853027,7.822500228881836,6.1062397956848145,10378000
2016-03-10,7.832499980926514,7.832499980926514,7.485000133514404,7.610000133514404,5.940361976623535,8197200
2016-03-11,7.635000228881836,7.772500038146973,7.610000133514404,7.6875,6.000858783721924,6477200
2016-03-14,7.690000057220459,8.007499694824219,7.679999828338623,7.914999961853027,6.178444862365723,6921600
2016-03-15,7.877500057220459,7.932499885559082,7.492499828338623,7.695000171661377,6.006711959838867,8111600
2016-03-16,7.787499904632568,8.0024995803833,7.704999923706055,7.977499961853027,6.227232456207275,6249600
2016-03-17,8.045000076293945,8.055000305175781,7.752500057220459,7.840000152587891,6.119899749755859,12200800
2016-03-18,7.894999980926514,8.072500228881836,7.697500228881836,7.707499980926514,6.016469955444336,22170800
2016-03-21,7.730000019073486,7.914999961853027,7.512499809265137,7.712500095367432,6.020373344421387,13434800
2016-03-22,7.6875,7.697500228881836,7.502500057220459,7.545000076293945,5.889623641967773,8700000
2016-03-23,7.545000076293945,7.702499866485596,7.512499809265137,7.59250020980835,5.926701545715332,7876800
2016-03-24,7.585000038146973,7.625,7.402500152587891,7.567500114440918,5.907186985015869,17952400
2016-03-28,7.237500190734863,7.737500190734863,7.099999904632568,7.522500038146973,5.8720598220825195,32988800
2016-03-29,7.545000076293945,7.982500076293945,7.5,7.877500057220459,6.149172306060791,15210000
2016-03-30,7.892499923706055,7.992499828338623,7.75,7.940000057220459,6.1979594230651855,10088400
2016-03-31,7.96750020980835,8.107500076293945,7.917500019073486,7.932499885559082,6.192105770111084,8376000
2016-04-01,7.932499885559082,7.940000057220459,7.677499771118164,7.835000038146973,6.115996837615967,8540400
2016-04-04,7.847499847412109,7.855000019073486,7.677499771118164,7.732500076293945,6.035986423492432,5967200
2016-04-05,7.699999809265137,7.769999980926514,7.554999828338623,7.572500228881836,5.91109037399292,7004000
2016-04-06,7.5625,7.775000095367432,7.447500228881836,7.522500038146973,5.8720598220825195,9206000
2016-04-07,7.527500152587891,7.552499771118164,7.25,7.28000020980835,5.682764530181885,14695600
2016-04-08,7.317500114440918,7.46750020980835,7.28000020980835,7.372499942779541,5.754969120025635,8490400
2016-04-11,7.434999942779541,7.65500020980835,7.429999828338623,7.46999979019165,5.8310770988464355,8181200
2016-04-12,7.5,7.617499828338623,7.427499771118164,7.522500038146973,5.8720598220825195,7840400
2016-04-13,7.5625,7.900000095367432,7.547500133514404,7.867499828338623,6.141366958618164,8691600
2016-04-14,7.840000152587891,7.932499885559082,7.652500152587891,7.912499904632568,6.176494121551514,10259600
2016-04-15,7.9375,8.03499984741211,7.877500057220459,7.947500228881836,6.203815460205078,10342000
2016-04-18,7.965000152587891,8.09749984741211,7.90749979019165,8.052499771118164,6.285777568817139,7128800
2016-04-19,8.085000038146973,8.137499809265137,8.029999732971191,8.112500190734863,6.332613945007324,6650800
2016-04-20,8.1225004196167,8.322500228881836,8.082500457763672,8.22249984741211,6.418479919433594,11016000
2016-04-21,8.22249984741211,8.272500038146973,8.052499771118164,8.077500343322754,6.305292129516602,10325600
2016-04-22,8.067500114440918,8.225000381469727,8.047499656677246,8.199999809265137,6.400915145874023,88882000
2016-04-25,8.170000076293945,8.25,8.107500076293945,8.199999809265137,6.400915145874023,8251200
2016-04-26,8.1875,8.335000038146973,8.149999618530273,8.329999923706055,6.5023932456970215,7961200
2016-04-27,8.300000190734863,8.430000305175781,8.274999618530273,8.345000267028809,6.514103412628174,11343200
2016-04-28,8.292499542236328,8.329999923706055,8.194999694824219,8.225000381469727,6.420431613922119,8579200
2016-04-29,8.225000381469727,8.255000114440918,8.092499732971191,8.199999809265137,6.400915145874023,8473600
2016-05-02,8.202500343322754,8.21500015258789,7.987500190734863,8.09000015258789,6.31505012512207,10590000
2016-05-03,8.052499771118164,8.092499732971191,7.824999809265137,7.824999809265137,6.108191013336182,10560800
2016-05-04,7.800000190734863,7.835000038146973,7.582499980926514,7.684999942779541,5.998907089233398,11483200
2016-05-05,7.672500133514404,7.690000057220459,7.492499828338623,7.527500152587891,5.875962734222412,8590800
2016-05-06,7.552499771118164,7.557499885559082,7.34250020980835,7.522500038146973,5.8720598220825195,7822800
2016-05-09,7.525000095367432,7.622499942779541,7.510000228881836,7.547500133514404,5.891575336456299,7538400
2016-05-10,7.565000057220459,7.664999961853027,7.502500057220459,7.630000114440918,5.955974578857422,5274800
2016-05-11,7.537499904632568,7.537499904632568,7.230000019073486,7.300000190734863,5.6983771324157715,11997200
2016-05-12,7.324999809265137,7.347499847412109,7.212500095367432,7.275000095367432,5.67886209487915,8598800
2016-05-13,7.275000095367432,7.329999923706055,7.102499961853027,7.182499885559082,5.606656074523926,11854400
2016-05-16,7.190000057220459,7.28000020980835,7.139999866485596,7.255000114440918,5.663249492645264,12104400
2016-05-17,7.272500038146973,7.349999904632568,7.102499961853027,7.114999771118164,5.5539655685424805,12189200
2016-05-18,7.082499980926514,7.09250020980835,6.945000171661377,7.007500171661377,5.4700517654418945,15548800
2016-05-19,7.010000228881836,7.144999980926514,6.880000114440918,7.137499809265137,5.571529388427734,12570000
2016-05-20,7.170000076293945,7.184999942779541,7.050000190734863,7.119999885559082,5.557868003845215,9317200
2016-05-23,7.152500152587891,7.21750020980835,7.077499866485596,7.117499828338623,5.555917263031006,8022800
2016-05-24,7.097499847412109,7.239999771118164,7.037499904632568,7.175000190734863,5.600802421569824,14090400
2016-05-25,7.192500114440918,7.460000038146973,7.167500019073486,7.432499885559082,5.8018059730529785,18447200
2016-05-26,7.497499942779541,7.605000019073486,7.472499847412109,7.494999885559082,5.850593090057373,13702000
2016-05-27,7.010000228881836,7.232500076293945,6.912499904632568,7.199999809265137,5.620316505432129,30238400
2016-05-31,7.222499847412109,7.337500095367432,7.15749979019165,7.275000095367432,5.67886209487915,39743200
2016-06-01,7.255000114440918,7.300000190734863,7.112500190734863,7.237500190734863,5.6495890617370605,14889200
2016-06-02,7.244999885559082,7.329999923706055,7.1875,7.222499847412109,5.637880325317383,7872400
2016-06-03,7.239999771118164,7.262499809265137,7.077499866485596,7.15749979019165,5.587140083312988,8838800
2016-06-06,7.067500114440918,7.150000095367432,7.010000228881836,7.117499828338623,5.628659248352051,7820800
2016-06-07,7.122499942779541,7.197500228881836,7.099999904632568,7.114999771118164,5.626681327819824,7284000
2016-06-08,7.117499828338623,7.15500020980835,7.045000076293945,7.057499885559082,5.581209659576416,7681600
2016-06-09,7.017499923706055,7.067500114440918,6.787499904632568,6.817500114440918,5.391412734985352,13588000
2016-06-10,6.737500190734863,6.737500190734863,6.539999961853027,6.632500171661377,5.245111465454102,18088400
2016-06-13,6.612500190734863,6.667500019073486,6.505000114440918,6.507500171661377,5.14625883102417,9326800
2016-06-14,6.492499828338623,6.510000228881836,6.337500095367432,6.432499885559082,5.086947441101074,12596000
2016-06-15,6.425000190734863,6.605000019073486,6.402500152587891,6.53249979019165,5.1660284996032715,14506400
2016-06-16,6.514999866485596,6.545000076293945,6.432499885559082,6.482500076293945,5.12648868560791,8923200
2016-06-17,6.494999885559082,6.650000095367432,6.445000171661377,6.537499904632568,5.16998291015625,10379200
2016-06-20,6.612500190734863,6.704999923706055,6.587500095367432,6.599999904632568,5.219409942626953,9122400
2016-06-21,6.59250020980835,6.612500190734863,6.427499771118164,6.460000038146973,5.108695030212402,6278400
2016-06-22,6.489999771118164,6.570000171661377,6.452499866485596,6.5,5.140327453613281,7146800
2016-06-23,6.607500076293945,6.637499809265137,6.542500019073486,6.582499980926514,5.205570697784424,6074000
2016-06-24,6.320000171661377,6.432499885559082,6.315000057220459,6.335000038146973,5.009842395782471,7372000
2016-06-27,6.327499866485596,6.492499828338623,6.295000076293945,6.375,5.041475772857666,12242800
2016-06-28,6.457499980926514,6.545000076293945,6.40500020980835,6.512499809265137,5.150212287902832,11523200
2016-06-29,6.617499828338623,6.742499828338623,6.59250020980835,6.602499961853027,5.221386432647705,9941200
2016-06-30,6.627500057220459,6.672500133514404,6.505000114440918,6.644999980926514,5.254996299743652,7436800
2016-07-01,6.71999979019165,6.84499979019165,6.682499885559082,6.764999866485596,5.349895000457764,10530400
2016-07-05,6.757500171661377,6.764999866485596,6.489999771118164,6.574999809265137,5.199639320373535,8564400
2016-07-06,6.557499885559082,6.619999885559082,6.432499885559082,6.617499828338623,5.233248710632324,9961200
2016-07-07,6.630000114440918,6.757500171661377,6.547500133514404,6.582499980926514,5.205570697784424,9082800
2016-07-08,6.667500019073486,6.847499847412109,6.664999961853027,6.84250020980835,5.4111833572387695,8416400
2016-07-11,7.027500152587891,7.197500228881836,7.012499809265137,7.112500190734863,5.624704837799072,14266800
2016-07-12,7.179999828338623,7.242499828338623,7.125,7.184999942779541,5.682039737701416,12093200
2016-07-13,7.210000038146973,7.300000190734863,7.170000076293945,7.212500095367432,5.703786849975586,11811200
2016-07-14,7.237500190734863,7.275000095367432,7.114999771118164,7.15500020980835,5.658315181732178,7988400
2016-07-15,7.199999809265137,7.199999809265137,6.994999885559082,6.997499942779541,5.5337605476379395,9874000
2016-07-18,7.0,7.599999904632568,6.96750020980835,7.547500133514404,5.9687113761901855,31168800
2016-07-19,7.71750020980835,7.824999809265137,7.502500057220459,7.547500133514404,5.9687113761901855,17436800
2016-07-20,7.527500152587891,7.829999923706055,7.510000228881836,7.78000020980835,6.152577877044678,15084400
2016-07-21,7.787499904632568,7.962500095367432,7.737500190734863,7.752500057220459,6.130829811096191,17460400
2016-07-22,7.75,7.797500133514404,7.662499904632568,7.702499866485596,6.091288089752197,10361600
2016-07-25,7.630000114440918,7.739999771118164,7.512499809265137,7.71999979019165,6.105127811431885,9008800
2016-07-26,7.704999923706055,7.824999809265137,7.610000133514404,7.8125,6.17827844619751,10084400
2016-07-27,7.855000019073486,7.894999980926514,7.775000095367432,7.829999923706055,6.192117691040039,8732800
2016-07-28,7.800000190734863,7.832499980926514,7.697500228881836,7.792500019073486,6.16246223449707,5687600
2016-07-29,7.8125,7.8125,7.639999866485596,7.737500190734863,6.118967056274414,6389200
2016-08-01,7.742499828338623,7.747499942779541,7.545000076293945,7.587500095367432,6.000344276428223,11550400
2016-08-02,7.639999866485596,7.65500020980835,7.304999828338623,7.309999942779541,5.780890941619873,13682800
2016-08-03,7.260000228881836,7.457499980926514,7.142499923706055,7.409999847412109,5.859973430633545,9440400
2016-08-04,7.385000228881836,7.5,7.357500076293945,7.414999961853027,5.863927841186523,4826400
2016-08-05,7.472499847412109,7.647500038146973,7.452499866485596,7.510000228881836,5.939055919647217,10449200
2016-08-08,7.534999847412109,7.597499847412109,7.409999847412109,7.447500228881836,5.889629364013672,8176400
2016-08-09,7.440000057220459,7.554999828338623,7.375,7.40749979019165,5.857995986938477,8990400
2016-08-10,7.400000095367432,7.557499885559082,7.400000095367432,7.537499904632568,5.960803031921387,7001200
2016-08-11,7.632500171661377,7.792500019073486,7.607500076293945,7.777500152587891,6.150600433349609,9911200
2016-08-12,7.75,7.932499885559082,7.704999923706055,7.837500095367432,6.198049545288086,8584000
2016-08-15,7.827499866485596,8.020000457763672,7.827499866485596,7.932499885559082,6.273177146911621,5720400
2016-08-16,7.914999961853027,7.987500190734863,7.789999961853027,7.792500019073486,6.16246223449707,6347600
2016-08-17,7.71750020980835,7.735000133514404,7.625,7.704999923706055,6.093266010284424,7049600
2016-08-18,7.732500076293945,7.797500133514404,7.642499923706055,7.792500019073486,6.16246223449707,6320400
2016-08-19,7.764999866485596,7.980000019073486,7.722499847412109,7.929999828338623,6.271199703216553,8659200
2016-08-22,8.0,8.024999618530273,7.815000057220459,7.864999771118164,6.219796657562256,6687600
2016-08-23,8.007499694824219,8.167499542236328,7.957499980926514,8.022500038146973,6.344351291656494,11361200
2016-08-24,8.032500267028809,8.102499961853027,7.90500020980835,7.927499771118164,6.269223213195801,10861600
2016-08-25,7.917500019073486,8.0625,7.820000171661377,8.039999961853027,6.358189582824707,24669200
2016-08-26,7.554999828338623,7.627500057220459,7.172500133514404,7.184999942779541,5.682039737701416,57973600
2016-08-29,7.1875,7.242499828338623,7.085000038146973,7.242499828338623,5.727511405944824,17622400
2016-08-30,7.222499847412109,7.239999771118164,7.067500114440918,7.122499942779541,5.632613182067871,11436400
2016-08-31,7.119999885559082,7.237500190734863,7.077499866485596,7.097499847412109,5.612843036651611,11312000
2016-09-01,7.117499828338623,7.144999980926514,6.992499828338623,7.007500171661377,5.5416693687438965,8379200
2016-09-02,7.052499771118164,7.119999885559082,7.010000228881836,7.097499847412109,5.612843036651611,6760400
2016-09-06,7.09499979019165,7.167500019073486,7.0625,7.09250020980835,5.608888626098633,7776400
2016-09-07,7.007500171661377,7.057499885559082,6.972499847412109,7.03249979019165,5.634930610656738,6064400
2016-09-08,6.992499828338623,7.027500152587891,6.9375,6.945000171661377,5.564818859100342,6915200
2016-09-09,6.985000133514404,7.007500171661377,6.792500019073486,6.795000076293945,5.444628715515137,9941600
2016-09-12,6.84499979019165,6.84499979019165,6.712500095367432,6.760000228881836,5.41658353805542,14428000
2016-09-13,6.737500190734863,6.847499847412109,6.702499866485596,6.747499942779541,5.406567096710205,11301600
2016-09-14,6.90749979019165,6.90749979019165,6.735000133514404,6.757500171661377,5.414581298828125,7417200
2016-09-15,6.71999979019165,6.817500114440918,6.672500133514404,6.8125,5.4586501121521,8842000
2016-09-16,6.802499771118164,6.815000057220459,6.724999904632568,6.772500038146973,5.426599979400635,7688000
2016-09-19,6.847499847412109,7.045000076293945,6.847499847412109,6.974999904632568,5.588857173919678,13399200
2016-09-20,7.019999980926514,7.045000076293945,6.90749979019165,6.929999828338623,5.552799224853516,7460400
2016-09-21,6.947500228881836,7.039999961853027,6.927499771118164,7.03249979019165,5.634930610656738,6654800
2016-09-22,7.072500228881836,7.112500190734863,6.972499847412109,7.067500114440918,5.6629743576049805,7161200
2016-09-23,7.059999942779541,7.144999980926514,7.047500133514404,7.047500133514404,5.64694881439209,5480800
2016-09-26,7.027500152587891,7.050000190734863,6.909999847412109,6.909999847412109,5.536774158477783,4299600
2016-09-27,6.912499904632568,6.940000057220459,6.817500114440918,6.857500076293945,5.494707107543945,5772000
2016-09-28,6.862500190734863,6.965000152587891,6.800000190734863,6.872499942779541,5.5067267417907715,4665600
2016-09-29,6.875,6.914999961853027,6.78249979019165,6.784999847412109,5.43661642074585,7032400
2016-09-30,6.84499979019165,6.925000190734863,6.8125,6.897500038146973,5.526758193969727,7155200
2016-10-03,6.897500038146973,6.965000152587891,6.862500190734863,6.945000171661377,5.564818859100342,6501600
2016-10-04,6.945000171661377,6.960000038146973,6.757500171661377,6.78249979019165,5.434611797332764,9382800
2016-10-05,6.817500114440918,6.869999885559082,6.737500190734863,6.800000190734863,5.448634624481201,7764400
2016-10-06,6.769999980926514,6.775000095367432,6.574999809265137,6.670000076293945,5.34446907043457,14990000
2016-10-07,6.699999809265137,6.732500076293945,6.617499828338623,6.670000076293945,5.34446907043457,8581600
2016-10-10,6.710000038146973,6.784999847412109,6.662499904632568,6.707499980926514,5.37451696395874,6398400
2016-10-11,6.704999923706055,6.715000152587891,6.502500057220459,6.512499809265137,5.218268871307373,8568800
2016-10-12,6.534999847412109,6.614999771118164,6.5,6.53000020980835,5.232292175292969,9787200
2016-10-13,6.5,6.534999847412109,6.337500095367432,6.367499828338623,5.102085590362549,10721200
2016-10-14,6.394999980926514,6.422500133514404,6.277500152587891,6.34499979019165,5.084056854248047,12544400
2016-10-17,6.329999923706055,6.392499923706055,6.162499904632568,6.175000190734863,4.947841167449951,21926000
2016-10-18,6.242499828338623,6.277500152587891,6.195000171661377,6.204999923706055,4.971879005432129,8277600
2016-10-19,6.21999979019165,6.252500057220459,6.112500190734863,6.25,5.007936000823975,9329600
2016-10-20,6.237500190734863,6.300000190734863,6.227499961853027,6.277500152587891,5.029971122741699,9061600
2016-10-21,6.272500038146973,6.272500038146973,6.179999828338623,6.252500057220459,5.009939670562744,7012800
2016-10-24,6.34250020980835,6.34250020980835,6.212500095367432,6.284999847412109,5.035980224609375,7494000
2016-10-25,6.255000114440918,6.287499904632568,6.162499904632568,6.1875,4.957857131958008,7639600
2016-10-26,6.182499885559082,6.297500133514404,6.087500095367432,6.192500114440918,4.961862564086914,13295600
2016-10-27,6.210000038146973,6.227499961853027,5.972499847412109,5.997499942779541,4.8056159019470215,10813600
2016-10-28,5.997499942779541,6.054999828338623,5.922500133514404,5.974999904632568,4.7875871658325195,7484400
2016-10-31,5.987500190734863,6.045000076293945,5.940000057220459,6.012499809265137,4.817634582519531,8604800
2016-11-01,6.002500057220459,6.002500057220459,5.829999923706055,5.889999866485596,4.719478607177734,9996800
2016-11-02,5.147500038146973,5.385000228881836,5.025000095367432,5.232500076293945,4.1926445960998535,54613200
2016-11-03,5.192500114440918,5.230000019073486,5.130000114440918,5.207499980926514,4.172611713409424,22239600
2016-11-04,5.197500228881836,5.304999828338623,5.152500152587891,5.182499885559082,4.152581214904785,12305600
2016-11-07,5.25,5.382500171661377,5.1875,5.309999942779541,4.25474214553833,11527200
2016-11-08,5.284999847412109,5.3125,5.215000152587891,5.227499961853027,4.188637733459473,7536000
2016-11-09,5.147500038146973,5.402500152587891,5.125,5.382500171661377,4.312834739685059,6962000
2016-11-10,5.440000057220459,5.630000114440918,5.427499771118164,5.46750020980835,4.3809428215026855,10095200
2016-11-11,5.452499866485596,5.59250020980835,5.375,5.579999923706055,4.471085548400879,8789600
2016-11-14,5.610000133514404,5.822500228881836,5.599999904632568,5.747499942779541,4.6052985191345215,8301600
2016-11-15,5.732500076293945,5.747499942779541,5.547500133514404,5.662499904632568,4.537189960479736,8867200
2016-11-16,5.632500171661377,5.795000076293945,5.610000133514404,5.764999866485596,4.619320392608643,6833200
2016-11-17,5.827499866485596,5.875,5.752500057220459,5.864999771118164,4.6994476318359375,4574000
2016-11-18,5.84250020980835,5.885000228881836,5.757500171661377,5.864999771118164,4.6994476318359375,6716000
2016-11-21,5.882500171661377,5.892499923706055,5.789999961853027,5.864999771118164,4.6994476318359375,8942000
2016-11-22,5.922500133514404,6.052499771118164,5.900000095367432,6.027500152587891,4.829653739929199,14966800
2016-11-23,6.195000171661377,6.602499961853027,6.159999847412109,6.514999866485596,5.220272064208984,37507200
2016-11-25,6.534999847412109,6.622499942779541,6.445000171661377,6.454999923706055,5.172197341918945,9253200
2016-11-28,6.5,6.5,6.190000057220459,6.287499904632568,5.037983417510986,11262800
2016-11-29,6.212500095367432,6.257500171661377,6.087500095367432,6.122499942779541,4.979024887084961,9284400
2016-11-30,6.114999771118164,6.210000038146973,6.0625,6.172500133514404,5.019686222076416,12769200
2016-12-01,6.164999961853027,6.255000114440918,6.112500190734863,6.159999847412109,5.009520530700684,5762800
2016-12-02,6.152500152587891,6.207499980926514,6.03249979019165,6.067500114440918,4.934296607971191,6291200
2016-12-05,6.110000133514404,6.21999979019165,6.067500114440918,6.130000114440918,4.985123634338379,9341200
2016-12-06,6.162499904632568,6.232500076293945,6.147500038146973,6.222499847412109,5.060348033905029,6032000
2016-12-07,6.292500019073486,6.527500152587891,6.289999961853027,6.485000133514404,5.273821830749512,11197200
2016-12-08,6.5,6.545000076293945,6.385000228881836,6.492499828338623,5.279921054840088,12400800
2016-12-09,6.474999904632568,6.582499980926514,6.442500114440918,6.505000114440918,5.290085792541504,9806800
2016-12-12,6.514999866485596,6.617499828338623,6.442500114440918,6.605000019073486,5.371409893035889,8584800
2016-12-13,6.627500057220459,6.712500095367432,6.582499980926514,6.597499847412109,5.365310192108154,9597200
2016-12-14,6.585000038146973,6.605000019073486,6.297500133514404,6.320000171661377,5.139638423919678,9493200
2016-12-15,6.317500114440918,6.427499771118164,6.275000095367432,6.335000038146973,5.151836395263672,7859200
2016-12-16,6.337500095367432,6.420000076293945,6.322500228881836,6.355000019073486,5.168100833892822,13533200
2016-12-19,6.352499961853027,6.477499961853027,6.352499961853027,6.474999904632568,5.265688896179199,5266800
2016-12-20,6.465000152587891,6.539999961853027,6.460000038146973,6.53000020980835,5.310417175292969,4126800
2016-12-21,6.517499923706055,6.635000228881836,6.462500095367432,6.597499847412109,5.365310192108154,7517600
2016-12-22,6.59250020980835,6.59250020980835,6.260000228881836,6.264999866485596,5.09490966796875,9186000
2016-12-23,6.389999866485596,6.502500057220459,6.329999923706055,6.352499961853027,5.1660685539245605,7910400
2016-12-27,6.352499961853027,6.5,6.349999904632568,6.487500190734863,5.275855541229248,6384400
2016-12-28,6.447500228881836,6.487500190734863,6.269999980926514,6.317500114440918,5.1376051902771,6864400
2016-12-29,6.309999942779541,6.440000057220459,6.309999942779541,6.335000038146973,5.151836395263672,6859200
2016-12-30,6.355000019073486,6.4375,6.304999828338623,6.315000057220459,5.135571479797363,6991200
2017-01-03,6.360000133514404,6.367499828338623,6.255000114440918,6.34250020980835,5.157935619354248,7765600
2017-01-04,6.394999980926514,6.512499809265137,6.394999980926514,6.480000019073486,5.269755840301514,8977200
2017-01-05,6.389999866485596,6.389999866485596,6.224999904632568,6.25,5.082711696624756,12150800
2017-01-06,6.287499904632568,6.292500019073486,6.125,6.130000114440918,4.985123634338379,9334400
2017-01-09,6.150000095367432,6.164999961853027,6.082499980926514,6.122499942779541,4.979024887084961,6586800
2017-01-10,6.130000114440918,6.275000095367432,6.110000133514404,6.159999847412109,5.009520530700684,8972400
2017-01-11,6.184999942779541,6.28249979019165,6.125,6.152500152587891,5.003421783447266,10173600
2017-01-12,6.152500152587891,6.235000133514404,6.144999980926514,6.179999828338623,5.025784969329834,10572800
2017-01-13,5.572500228881836,5.797500133514404,5.567500114440918,5.682499885559082,4.621201515197754,59295600
2017-01-17,5.684999942779541,5.9375,5.670000076293945,5.835000038146973,4.745219707489014,19933600
2017-01-18,5.824999809265137,5.90500020980835,5.724999904632568,5.872499942779541,4.7757158279418945,8723600
2017-01-19,5.882500171661377,5.922500133514404,5.795000076293945,5.827499866485596,4.7391204833984375,8009600
2017-01-20,5.864999771118164,5.90749979019165,5.832499980926514,5.894999980926514,4.7940144538879395,10264400
2017-01-23,5.917500019073486,6.0,5.862500190734863,5.982500076293945,4.865171432495117,8745200
2017-01-24,5.985000133514404,6.037499904632568,5.929999828338623,5.96750020980835,4.852972984313965,11402400
2017-01-25,6.0,6.054999828338623,5.982500076293945,6.042500019073486,4.913965702056885,7550800
2017-01-26,6.0625,6.172500133514404,6.03000020980835,6.054999828338623,4.924130916595459,12641200
2017-01-27,6.070000171661377,6.125,5.989999771118164,6.077499866485596,4.942429065704346,10677600
2017-01-30,6.03000020980835,6.057499885559082,5.962500095367432,6.045000076293945,4.915998458862305,6925200
2017-01-31,5.994999885559082,6.135000228881836,5.965000152587891,6.122499942779541,4.979024887084961,6387600
2017-02-01,6.122499942779541,6.159999847412109,6.019999980926514,6.074999809265137,4.940395355224609,7011600
2017-02-02,6.097499847412109,6.144999980926514,6.067500114440918,6.09499979019165,4.956660270690918,6607200
2017-02-03,6.087500095367432,6.224999904632568,6.070000171661377,6.184999942779541,5.02985143661499,8970800
2017-02-06,6.184999942779541,6.237500190734863,6.130000114440918,6.170000076293945,5.01765251159668,6818400
2017-02-07,6.175000190734863,6.25,6.127500057220459,6.15749979019165,5.007487773895264,8718400
2017-02-08,6.147500038146973,6.215000152587891,6.135000228881836,6.197500228881836,5.0400166511535645,5553600
2017-02-09,6.197500228881836,6.349999904632568,6.1875,6.347499847412109,5.162001609802246,5953200
2017-02-10,6.380000114440918,6.4375,6.322500228881836,6.414999961853027,5.216895580291748,6084000
2017-02-13,6.4375,6.462500095367432,6.324999809265137,6.34250020980835,5.157935619354248,5883200
2017-02-14,6.317500114440918,6.46750020980835,6.3125,6.434999942779541,5.23315954208374,6170800
2017-02-15,6.4375,6.519999980926514,6.385000228881836,6.445000171661377,5.2412919998168945,8586800
2017-02-16,6.425000190734863,6.46999979019165,6.324999809265137,6.355000019073486,5.168100833892822,7183200
2017-02-17,6.34250020980835,6.402500152587891,6.322500228881836,6.392499923706055,5.198597431182861,4966800
2017-02-21,6.460000038146973,6.5625,6.4375,6.554999828338623,5.330747604370117,10881200
2017-02-22,6.550000190734863,6.574999809265137,6.505000114440918,6.565000057220459,5.3388800621032715,5510800
2017-02-23,6.579999923706055,6.585000038146973,6.380000114440918,6.389999866485596,5.196564197540283,9848800
2017-02-24,6.387499809265137,6.625,6.362500190734863,6.570000171661377,5.342946529388428,7966800
2017-02-27,6.552499771118164,6.670000076293945,6.420000076293945,6.630000114440918,5.391740322113037,9205200
2017-02-28,6.582499980926514,6.582499980926514,5.892499923706055,6.110000133514404,4.96885871887207,31031600
2017-03-01,6.142499923706055,6.232500076293945,6.070000171661377,6.119999885559082,4.976991653442383,13366000
2017-03-02,6.117499828338623,6.275000095367432,6.112500190734863,6.244999885559082,5.078644752502441,9901600
2017-03-03,6.264999866485596,6.329999923706055,6.252500057220459,6.320000171661377,5.139638423919678,7311600
2017-03-06,6.320000171661377,6.324999809265137,6.177499771118164,6.227499961853027,5.064414024353027,9102400
2017-03-07,6.197500228881836,6.21750020980835,6.105000019073486,6.167500019073486,5.01561975479126,9258400
2017-03-08,6.1875,6.292500019073486,6.152500152587891,6.25,5.082711696624756,9521600
2017-03-09,6.25,6.309999942779541,6.204999923706055,6.25,5.082711696624756,9594800
2017-03-10,6.175000190734863,6.324999809265137,6.15749979019165,6.295000076293945,5.198322296142578,12197600
2017-03-13,6.192500114440918,6.199999809265137,6.027500152587891,6.047500133514404,4.9939398765563965,15760400
2017-03-14,6.045000076293945,6.159999847412109,6.0,6.139999866485596,5.070324897766113,7399200
2017-03-15,6.164999961853027,6.195000171661377,6.074999809265137,6.167500019073486,5.093033790588379,11586000
2017-03-16,6.147500038146973,6.150000095367432,6.010000228881836,6.065000057220459,5.0083909034729,12534000
2017-03-17,6.072500228881836,6.167500019073486,6.050000190734863,6.159999847412109,5.086841106414795,21716400
2017-03-20,6.164999961853027,6.210000038146973,5.940000057220459,5.96999979019165,4.929940700531006,16464800
2017-03-21,6.007500171661377,6.034999847412109,5.852499961853027,6.002500057220459,4.956779479980469,11402000
2017-03-22,6.005000114440918,6.027500152587891,5.940000057220459,6.022500038146973,4.97329568862915,8168000
2017-03-23,6.037499904632568,6.110000133514404,5.949999809265137,5.989999771118164,4.946456432342529,18648800
2017-03-24,5.34250020980835,5.389999866485596,5.164999961853027,5.175000190734863,4.273441791534424,63778400
2017-03-27,5.082499980926514,5.272500038146973,5.059999942779541,5.212500095367432,4.304408550262451,27849200
2017-03-28,5.21999979019165,5.445000171661377,5.182499885559082,5.429999828338623,4.484016418457031,17114400
2017-03-29,5.445000171661377,5.534999847412109,5.392499923706055,5.487500190734863,4.53149938583374,13033200
2017-03-30,5.474999904632568,5.622499942779541,5.465000152587891,5.614999771118164,4.636786937713623,8888000
2017-03-31,5.614999771118164,5.684999942779541,5.59250020980835,5.637499809265137,4.655367374420166,11736800
2017-04-03,5.630000114440918,5.65500020980835,5.480000019073486,5.5,4.541822910308838,10836400
2017-04-04,5.485000133514404,5.552499771118164,5.434999942779541,5.494999885559082,4.537693023681641,8948000
2017-04-05,5.547500133514404,5.572500228881836,5.434999942779541,5.440000057220459,4.492274761199951,8675600
2017-04-06,5.489999771118164,5.542500019073486,5.434999942779541,5.460000038146973,4.508790016174316,13184800
2017-04-07,5.454999923706055,5.505000114440918,5.394999980926514,5.414999961853027,4.471630096435547,15018000
2017-04-10,5.400000095367432,5.53000020980835,5.389999866485596,5.46999979019165,4.517047882080078,9381200
2017-04-11,5.449999809265137,5.537499904632568,5.420000076293945,5.527500152587891,4.564530849456787,10873600
2017-04-12,5.545000076293945,5.545000076293945,5.46750020980835,5.517499923706055,4.556273460388184,7532400
2017-04-13,5.514999866485596,5.610000133514404,5.494999885559082,5.59499979019165,4.620272159576416,14654400
2017-04-17,5.612500190734863,5.737500190734863,5.599999904632568,5.722499847412109,4.725558757781982,14218000
2017-04-18,5.710000038146973,5.744999885559082,5.652500152587891,5.710000038146973,4.715237140655518,7945200
2017-04-19,5.730000019073486,5.78249979019165,5.690000057220459,5.695000171661377,4.702850341796875,6722000
2017-04-20,5.737500190734863,5.857500076293945,5.737500190734863,5.797500133514404,4.787493705749512,7626400
2017-04-21,5.809999942779541,5.817500114440918,5.735000133514404,5.797500133514404,4.787493705749512,7064800
2017-04-24,5.849999904632568,5.872499942779541,5.739999771118164,5.804999828338623,4.793686866760254,10865600
2017-04-25,5.829999923706055,5.872499942779541,5.775000095367432,5.849999904632568,4.830847263336182,5766800
2017-04-26,5.855000019073486,5.994999885559082,5.827499866485596,5.912499904632568,4.882458209991455,8846400
2017-04-27,5.917500019073486,5.927499771118164,5.760000228881836,5.775000095367432,4.768913745880127,11881200
2017-04-28,5.772500038146973,5.772500038146973,5.617499828338623,5.672500133514404,4.68427038192749,12417200
2017-05-01,5.692500114440918,5.809999942779541,5.639999866485596,5.695000171661377,4.702850341796875,10979200
2017-05-02,5.707499980926514,5.887499809265137,5.684999942779541,5.860000133514404,4.839105129241943,7152800
2017-05-03,5.864999771118164,6.0,5.84499979019165,5.992499828338623,4.948521137237549,12509200
2017-05-04,5.994999885559082,6.034999847412109,5.882500171661377,5.892499923706055,4.86594295501709,5856000
2017-05-05,5.925000190734863,6.002500057220459,5.894999980926514,6.0,4.954714775085449,4682400
2017-05-08,6.0,6.117499828338623,5.960000038146973,6.09499979019165,5.0331645011901855,8862800
2017-05-09,6.082499980926514,6.184999942779541,6.022500038146973,6.122499942779541,5.055873870849609,7800000
2017-05-10,6.135000228881836,6.28249979019165,6.110000133514404,6.237500190734863,5.150839328765869,9637200
2017-05-11,6.277500152587891,6.327499866485596,6.059999942779541,6.087500095367432,5.026971817016602,12190800
2017-05-12,6.070000171661377,6.087500095367432,5.945000171661377,6.007500171661377,4.960907936096191,7281200
2017-05-15,6.034999847412109,6.170000076293945,6.025000095367432,6.090000152587891,5.0290350914001465,8557600
2017-05-16,6.082499980926514,6.127500057220459,5.974999904632568,6.117499828338623,5.05174446105957,8138800
2017-05-17,6.117499828338623,6.117499828338623,5.9375,5.960000038146973,4.921683311462402,8830800
2017-05-18,5.985000133514404,6.012499809265137,5.880000114440918,5.945000171661377,4.909296989440918,6992800
2017-05-19,5.949999809265137,6.077499866485596,5.894999980926514,6.054999828338623,5.000133037567139,10678400
2017-05-22,6.087500095367432,6.150000095367432,6.010000228881836,6.012499809265137,4.9650373458862305,9823600
2017-05-23,6.09250020980835,6.09250020980835,5.65749979019165,5.664999961853027,4.67807674407959,22539200
2017-05-24,5.652500152587891,5.71750020980835,5.607500076293945,5.677499771118164,4.688398838043213,9792400
2017-05-25,5.900000095367432,5.917500019073486,5.682499885559082,5.90500020980835,4.876265525817871,30954000
2017-05-26,5.53000020980835,5.602499961853027,5.3125,5.554999828338623,4.587240219116211,56848000
2017-05-30,5.545000076293945,5.732500076293945,5.542500019073486,5.642499923706055,4.659496784210205,22719600
2017-05-31,5.659999847412109,5.675000190734863,5.472499847412109,5.534999847412109,4.5707244873046875,21626000
2017-06-01,5.537499904632568,5.739999771118164,5.527500152587891,5.695000171661377,4.702850341796875,14764000
2017-06-02,5.682499885559082,5.695000171661377,5.587500095367432,5.667500019073486,4.680141448974609,9402000
2017-06-05,5.5625,5.642499923706055,5.489999771118164,5.619999885559082,4.720034599304199,7822800
2017-06-06,5.5625,5.590000152587891,5.472499847412109,5.474999904632568,4.598254680633545,12421600
2017-06-07,5.489999771118164,5.552499771118164,5.457499980926514,5.510000228881836,4.627649784088135,8619200
2017-06-08,5.537499904632568,5.607500076293945,5.332499980926514,5.34250020980835,4.486972808837891,14475200
2017-06-09,5.332499980926514,5.522500038146973,5.324999809265137,5.502500057220459,4.62135124206543,11822800
2017-06-12,5.485000133514404,5.537499904632568,5.397500038146973,5.427499771118164,4.558360576629639,13127600
2017-06-13,5.445000171661377,5.542500019073486,5.392499923706055,5.494999885559082,4.615052223205566,7673600
2017-06-14,5.489999771118164,5.489999771118164,5.3125,5.40749979019165,4.541563987731934,9924400
2017-06-15,5.380000114440918,5.412499904632568,5.284999847412109,5.304999828338623,4.455477714538574,9284400
2017-06-16,5.28000020980835,5.292500019073486,5.125,5.147500038146973,4.323199272155762,14732000
2017-06-19,5.162499904632568,5.242499828338623,5.087500095367432,5.199999809265137,4.3672919273376465,8533600
2017-06-20,5.179999828338623,5.195000171661377,5.117499828338623,5.159999847412109,4.3336968421936035,7184800
2017-06-21,5.164999961853027,5.237500190734863,5.072500228881836,5.114999771118164,4.295903205871582,8776800
2017-06-22,5.122499942779541,5.197500228881836,5.110000133514404,5.135000228881836,4.312701225280762,16845600
2017-06-23,5.117499828338623,5.164999961853027,5.065000057220459,5.162499904632568,4.33579683303833,6991200
2017-06-26,5.167500019073486,5.292500019073486,5.164999961853027,5.28249979019165,4.436580181121826,9228800
2017-06-27,5.267499923706055,5.375,5.260000228881836,5.34499979019165,4.489072322845459,6988800
2017-06-28,5.375,5.440000057220459,5.357500076293945,5.377500057220459,4.5163679122924805,12645600
2017-06-29,5.389999866485596,5.445000171661377,5.320000171661377,5.402500152587891,4.537364959716797,6932800
2017-06-30,5.4375,5.449999809265137,5.347499847412109,5.402500152587891,4.537364959716797,4604400
2017-07-03,5.442500114440918,5.5,5.389999866485596,5.400000095367432,4.53526496887207,5637600
2017-07-05,5.389999866485596,5.427499771118164,5.34499979019165,5.377500057220459,4.5163679122924805,10736800
2017-07-06,5.34250020980835,5.385000228881836,5.267499923706055,5.28000020980835,4.434481143951416,6033200
2017-07-07,5.287499904632568,5.320000171661377,5.215000152587891,5.227499961853027,4.390388011932373,7423600
2017-07-10,5.222499847412109,5.255000114440918,5.197500228881836,5.222499847412109,4.386188983917236,6586000
2017-07-11,5.239999771118164,5.267499923706055,5.202499866485596,5.239999771118164,4.400886535644531,4670800
2017-07-12,5.287499904632568,5.315000057220459,5.244999885559082,5.247499942779541,4.407185077667236,4348000
2017-07-13,5.309999942779541,5.357500076293945,5.260000228881836,5.289999961853027,4.4428791999816895,6997600
2017-07-14,5.3125,5.329999923706055,5.242499828338623,5.255000114440918,4.413485050201416,4919600
2017-07-17,5.257500171661377,5.394999980926514,5.244999885559082,5.320000171661377,4.468075752258301,6917200
2017-07-18,5.34499979019165,5.347499847412109,5.244999885559082,5.272500038146973,4.428182125091553,4412800
2017-07-19,5.287499904632568,5.367499828338623,5.264999866485596,5.337500095367432,4.482773303985596,3891600
2017-07-20,5.324999809265137,5.335000038146973,5.275000095367432,5.275000095367432,4.430282115936279,7422800
2017-07-21,5.284999847412109,5.295000076293945,5.179999828338623,5.195000171661377,4.36309289932251,14301600
2017-07-24,5.175000190734863,5.25,5.162499904632568,5.199999809265137,4.3672919273376465,6337200
2017-07-25,5.247499942779541,5.34250020980835,5.235000133514404,5.315000057220459,4.463875770568848,8422000
2017-07-26,5.320000171661377,5.332499980926514,5.237500190734863,5.260000228881836,4.4176836013793945,7079600
2017-07-27,5.272500038146973,5.440000057220459,5.257500171661377,5.425000190734863,4.5562615394592285,15353600
2017-07-28,5.409999847412109,5.432499885559082,5.349999904632568,5.375,4.51426887512207,4938800
2017-07-31,5.387499809265137,5.440000057220459,5.352499961853027,5.422500133514404,4.554161548614502,5477600
2017-08-01,5.422500133514404,5.422500133514404,5.284999847412109,5.340000152587891,4.484872341156006,12236400
2017-08-02,5.329999923706055,5.40500020980835,5.317500114440918,5.34499979019165,4.489072322845459,4464400
2017-08-03,5.329999923706055,5.454999923706055,5.329999923706055,5.414999961853027,4.547863006591797,4191600
2017-08-04,5.445000171661377,5.527500152587891,5.422500133514404,5.482500076293945,4.60455322265625,4544400
2017-08-07,5.485000133514404,5.565000057220459,5.457499980926514,5.542500019073486,4.654945373535156,5110400
2017-08-08,5.550000190734863,5.59250020980835,5.474999904632568,5.485000133514404,4.606653213500977,5690000
2017-08-09,5.4375,5.53000020980835,5.40500020980835,5.519999980926514,4.636048793792725,6014000
2017-08-10,5.477499961853027,5.477499961853027,5.364999771118164,5.367499828338623,4.507968902587891,6085200
2017-08-11,5.309999942779541,5.457499980926514,5.267499923706055,5.440000057220459,4.568859577178955,6477200
2017-08-14,5.487500190734863,5.497499942779541,5.429999828338623,5.462500095367432,4.587756633758545,6135600
2017-08-15,5.425000190734863,5.442500114440918,5.195000171661377,5.232500076293945,4.394587993621826,15553600
2017-08-16,5.28000020980835,5.372499942779541,5.269999980926514,5.347499847412109,4.491170883178711,9757600
2017-08-17,5.34250020980835,5.414999961853027,5.25,5.275000095367432,4.430282115936279,7758400
2017-08-18,5.262499809265137,5.332499980926514,5.242499828338623,5.304999828338623,4.455477714538574,8494000
2017-08-21,5.289999961853027,5.340000152587891,5.242499828338623,5.244999885559082,4.405086517333984,6532400
2017-08-22,5.28000020980835,5.422500133514404,5.272500038146973,5.409999847412109,4.543663501739502,9895200
2017-08-23,5.397500038146973,5.454999923706055,5.302499771118164,5.369999885559082,4.510069370269775,9731600
2017-08-24,5.4375,5.53000020980835,5.412499904632568,5.445000171661377,4.573058605194092,16938400
2017-08-25,4.974999904632568,4.985000133514404,4.679999828338623,4.849999904632568,4.073339939117432,82002800
2017-08-28,4.852499961853027,4.925000190734863,4.739999771118164,4.787499904632568,4.020848751068115,20913600
2017-08-29,4.732500076293945,4.767499923706055,4.659999847412109,4.6875,3.9368622303009033,18670800
2017-08-30,4.6875,4.742499828338623,4.670000076293945,4.697500228881836,3.945260524749756,8840400
2017-08-31,4.707499980926514,4.71750020980835,4.617499828338623,4.625,3.884370803833008,10518400
2017-09-01,4.650000095367432,4.71999979019165,4.650000095367432,4.667500019073486,3.920064926147461,9377200
2017-09-05,4.672500133514404,4.739999771118164,4.639999866485596,4.735000133514404,3.9767556190490723,10584000
2017-09-06,4.75,4.837500095367432,4.747499942779541,4.835000038146973,4.060741424560547,11683200
2017-09-07,4.755000114440918,4.835000038146973,4.702499866485596,4.712500095367432,4.037182807922363,11212000
2017-09-08,4.712500095367432,4.797500133514404,4.684999942779541,4.787499904632568,4.101434230804443,8876800
2017-09-11,4.802499771118164,4.862500190734863,4.78249979019165,4.800000190734863,4.112143516540527,8818400
2017-09-12,4.815000057220459,4.985000133514404,4.802499771118164,4.882500171661377,4.182821273803711,13388000
2017-09-13,4.900000095367432,5.010000228881836,4.887499809265137,5.005000114440918,4.287765979766846,7023600
2017-09-14,5.014999866485596,5.074999809265137,4.972499847412109,5.019999980926514,4.30061674118042,7686800
2017-09-15,5.017499923706055,5.110000133514404,5.0,5.072500228881836,4.345592975616455,10021600
2017-09-18,5.097499847412109,5.15749979019165,5.025000095367432,5.042500019073486,4.319891929626465,8383600
2017-09-19,5.042500019073486,5.065000057220459,4.980000019073486,5.047500133514404,4.32417631149292,5441200
2017-09-20,5.03249979019165,5.045000076293945,5.002500057220459,5.025000095367432,4.3048996925354,4860000
2017-09-21,5.0,5.047500133514404,4.96750020980835,4.972499847412109,4.259923458099365,5662000
2017-09-22,4.96750020980835,5.010000228881836,4.965000152587891,5.002500057220459,4.285624980926514,4003600
2017-09-25,5.007500171661377,5.117499828338623,5.002500057220459,5.110000133514404,4.377719879150391,4635200
2017-09-26,5.137499809265137,5.192500114440918,5.085000038146973,5.162499904632568,4.422695636749268,8520400
2017-09-27,5.195000171661377,5.242499828338623,5.125,5.212500095367432,4.465530872344971,8193600
2017-09-28,5.202499866485596,5.232500076293945,5.152500152587891,5.197500228881836,4.452680587768555,6883600
2017-09-29,5.199999809265137,5.212500095367432,5.130000114440918,5.164999961853027,4.424837589263916,6262800
2017-10-02,5.162499904632568,5.170000076293945,5.087500095367432,5.117499828338623,4.384144306182861,6238800
2017-10-03,5.125,5.127500057220459,5.022500038146973,5.052499771118164,4.328458786010742,5561200
2017-10-04,5.022500038146973,5.072500228881836,5.007500171661377,5.0625,4.337026596069336,4735200
2017-10-05,5.074999809265137,5.132500171661377,5.054999828338623,5.130000114440918,4.394853115081787,4584000
2017-10-06,5.102499961853027,5.122499942779541,5.005000114440918,5.005000114440918,4.287765979766846,6607200
2017-10-09,5.017499923706055,5.0625,4.997499942779541,5.037499904632568,4.315609455108643,7199600
2017-10-10,5.047500133514404,5.072500228881836,4.987500190734863,5.057499885559082,4.332742214202881,7053200
2017-10-11,5.054999828338623,5.054999828338623,4.864999771118164,4.897500038146973,4.195671558380127,9236000
2017-10-12,4.897500038146973,4.922500133514404,4.829999923706055,4.875,4.176395893096924,7103200
2017-10-13,4.909999847412109,4.942500114440918,4.877500057220459,4.927499771118164,4.221371650695801,4371600
2017-10-16,4.922500133514404,4.925000190734863,4.800000190734863,4.852499961853027,4.1571197509765625,6058800
2017-10-17,4.864999771118164,4.925000190734863,4.837500095367432,4.914999961853027,4.210662841796875,5004400
2017-10-18,4.929999828338623,5.022500038146973,4.90500020980835,5.012499809265137,4.294190883636475,7648800
2017-10-19,5.002500057220459,5.037499904632568,4.982500076293945,5.012499809265137,4.294190883636475,5086400
2017-10-20,5.03249979019165,5.079999923706055,5.010000228881836,5.03249979019165,4.3113250732421875,6760800
2017-10-23,5.034999847412109,5.137499809265137,5.034999847412109,5.070000171661377,4.343451499938965,6814400
2017-10-24,5.105000019073486,5.119999885559082,4.985000133514404,4.989999771118164,4.27491569519043,6804800
2017-10-25,4.989999771118164,5.0,4.835000038146973,4.902500152587891,4.199955463409424,10313600
2017-10-26,4.887499809265137,4.934999942779541,4.817500114440918,4.877500057220459,4.178537845611572,8568400
2017-10-27,4.849999904632568,4.862500190734863,4.730000019073486,4.835000038146973,4.142127513885498,8920800
2017-10-30,4.857500076293945,4.867499828338623,4.650000095367432,4.692500114440918,4.02004861831665,9008000
2017-10-31,4.722499847412109,4.760000228881836,4.647500038146973,4.672500133514404,4.002915382385254,8775600
2017-11-01,4.667500019073486,4.737500190734863,4.632500171661377,4.650000095367432,3.9836394786834717,9954800
2017-11-02,4.650000095367432,4.650000095367432,4.554999828338623,4.627500057220459,3.964362621307373,11618400
2017-11-03,4.625,4.637499809265137,4.525000095367432,4.525000095367432,3.876551866531372,8081600
2017-11-06,4.517499923706055,4.552499771118164,4.427499771118164,4.457499980926514,3.818725109100342,12196000
2017-11-07,4.46999979019165,4.497499942779541,4.267499923706055,4.277500152587891,3.6645193099975586,11377600
2017-11-08,4.292500019073486,4.322500228881836,4.244999885559082,4.300000190734863,3.68379545211792,8921600
2017-11-09,4.284999847412109,4.497499942779541,4.277500152587891,4.389999866485596,3.7608978748321533,11451600
2017-11-10,4.355000019073486,4.355000019073486,4.054999828338623,4.107500076293945,3.518880844116211,23149600
2017-11-13,4.107500076293945,4.210000038146973,3.9774999618530273,4.050000190734863,3.469621419906616,17498800
2017-11-14,4.025000095367432,4.09499979019165,3.9625000953674316,4.047500133514404,3.4674794673919678,14071200
2017-11-15,4.019999980926514,4.125,3.9625000953674316,4.0,3.426786184310913,15286000
2017-11-16,4.002500057220459,4.197500228881836,4.002500057220459,4.045000076293945,3.4653375148773193,19420400
2017-11-17,4.077499866485596,4.144999980926514,4.037499904632568,4.077499866485596,3.4931800365448,12778000
2017-11-20,4.099999904632568,4.114999771118164,4.007500171661377,4.110000133514404,3.5210227966308594,15186800
2017-11-21,4.125,4.197500228881836,4.065000057220459,4.182499885559082,3.5831332206726074,37409600
2017-11-22,4.462500095367432,4.675000190734863,4.324999809265137,4.34250020980835,3.7202045917510986,80569600
2017-11-24,4.357500076293945,4.545000076293945,4.337500095367432,4.355000019073486,3.7309136390686035,25896800
2017-11-27,4.397500038146973,4.547500133514404,4.397500038146973,4.542500019073486,3.8915443420410156,23387200
2017-11-28,4.542500019073486,4.764999866485596,4.542500019073486,4.755000114440918,4.073592185974121,23533600
2017-11-29,4.772500038146973,4.922500133514404,4.764999866485596,4.880000114440918,4.180678844451904,25909200
2017-11-30,4.804999828338623,4.835000038146973,4.675000190734863,4.6875,4.095492839813232,20098800
2017-12-01,4.682499885559082,4.789999961853027,4.619999885559082,4.692500114440918,4.0998616218566895,15327600
2017-12-04,4.760000228881836,4.965000152587891,4.747499942779541,4.849999904632568,4.2374701499938965,17445200
2017-12-05,4.882500171661377,4.912499904632568,4.737500190734863,4.817500114440918,4.2090744972229,12323600
2017-12-06,4.817500114440918,4.837500095367432,4.732500076293945,4.752500057220459,4.152283668518066,9721200
2017-12-07,4.747499942779541,4.787499904632568,4.652500152587891,4.65749979019165,4.069281578063965,13109200
2017-12-08,4.71999979019165,4.84499979019165,4.667500019073486,4.800000190734863,4.193784713745117,12568400
2017-12-11,4.820000171661377,4.840000152587891,4.667500019073486,4.767499923706055,4.165389060974121,14610000
2017-12-12,4.787499904632568,4.824999809265137,4.739999771118164,4.777500152587891,4.174126148223877,10131600
2017-12-13,4.775000095367432,4.789999961853027,4.652500152587891,4.667500019073486,4.078018665313721,12346400
2017-12-14,4.702499866485596,4.732500076293945,4.585000038146973,4.59499979019165,4.014675140380859,11272400
2017-12-15,4.610000133514404,4.644999980926514,4.542500019073486,4.585000038146973,4.0059380531311035,15500800
2017-12-18,4.612500190734863,4.6875,4.599999904632568,4.664999961853027,4.07583475112915,12825600
2017-12-19,4.675000190734863,4.699999809265137,4.59250020980835,4.597499847412109,4.01685905456543,9014800
2017-12-20,4.632500171661377,4.65749979019165,4.552499771118164,4.5625,3.986279249191284,9218000
2017-12-21,4.572500228881836,4.617499828338623,4.502500057220459,4.612500190734863,4.029964923858643,11448400
2017-12-22,4.612500190734863,4.632500171661377,4.5625,4.572500228881836,3.9950168132781982,8341600
2017-12-26,4.572500228881836,4.795000076293945,4.567500114440918,4.627500057220459,4.043069839477539,12936800
2017-12-27,4.627500057220459,4.642499923706055,4.550000190734863,4.5625,3.986279249191284,7350400
2017-12-28,4.567500114440918,4.570000171661377,4.505000114440918,4.542500019073486,3.968806028366089,7757600
2017-12-29,4.557499885559082,4.582499980926514,4.485000133514404,4.487500190734863,3.9207520484924316,8255600
2018-01-02,4.489999771118164,4.572500228881836,4.445000171661377,4.565000057220459,3.988464117050171,11330800
2018-01-03,4.572500228881836,4.59250020980835,4.480000019073486,4.550000190734863,3.975358724594116,15156800
2018-01-04,4.550000190734863,4.59499979019165,4.489999771118164,4.579999923706055,4.001569747924805,11125200
2018-01-05,4.59499979019165,4.682499885559082,4.554999828338623,4.670000076293945,4.080203056335449,12076000
2018-01-08,4.699999809265137,4.849999904632568,4.699999809265137,4.807499885559082,4.200337886810303,14673600
2018-01-09,4.827499866485596,4.9375,4.827499866485596,4.887499809265137,4.270233631134033,14650400
2018-01-10,4.847499847412109,4.980000019073486,4.832499980926514,4.920000076293945,4.298629283905029,16051200
2018-01-11,4.980000019073486,5.077499866485596,4.942500114440918,4.989999771118164,4.35978889465332,16852400
2018-01-12,4.625,4.635000228881836,4.40749979019165,4.440000057220459,3.879251003265381,61783200
2018-01-16,4.5,4.570000171661377,4.260000228881836,4.289999961853027,3.7481954097747803,31410000
2018-01-17,4.309999942779541,4.427499771118164,4.292500019073486,4.375,3.822460412979126,17038800
2018-01-18,4.367499828338623,4.482500076293945,4.302499771118164,4.465000152587891,3.9010939598083496,17062800
2018-01-19,4.472499847412109,4.545000076293945,4.4375,4.53249979019165,3.960068702697754,12776000
2018-01-22,4.554999828338623,4.567500114440918,4.367499828338623,4.387499809265137,3.833380937576294,20939200
2018-01-23,4.380000114440918,4.392499923706055,4.292500019073486,4.349999904632568,3.8006174564361572,14514000
2018-01-24,4.349999904632568,4.362500190734863,4.182499885559082,4.244999885559082,3.7088782787323,16295600
2018-01-25,4.244999885559082,4.260000228881836,4.152500152587891,4.210000038146973,3.6782991886138916,10807200
2018-01-26,4.215000152587891,4.272500038146973,4.152500152587891,4.264999866485596,3.7263524532318115,13395200
2018-01-29,4.262499809265137,4.300000190734863,4.199999809265137,4.287499904632568,3.7460110187530518,12618800
2018-01-30,4.269999980926514,4.304999828338623,4.215000152587891,4.267499923706055,3.72853684425354,7544000
2018-01-31,4.284999847412109,4.317500114440918,4.175000190734863,4.202499866485596,3.671746015548706,10996800
2018-02-01,4.175000190734863,4.252500057220459,4.142499923706055,4.164999961853027,3.638981819152832,11748400
2018-02-02,4.139999866485596,4.164999961853027,4.054999828338623,4.057499885559082,3.5450587272644043,13014000
2018-02-05,4.034999847412109,4.054999828338623,3.9100000858306885,3.9124999046325684,3.4183716773986816,16524400
2018-02-06,3.8399999141693115,4.09499979019165,3.7750000953674316,4.034999847412109,3.525400400161743,19848800
2018-02-07,4.039999961853027,4.167500019073486,4.037499904632568,4.117499828338623,3.5974807739257812,17654000
2018-02-08,4.112500190734863,4.137499809265137,3.940000057220459,3.9574999809265137,3.457688093185425,17146800
2018-02-09,3.994999885559082,4.082499980926514,3.9175000190734863,4.042500019073486,3.5319530963897705,22563600
2018-02-12,4.072500228881836,4.082499980926514,3.9049999713897705,3.950000047683716,3.4511353969573975,9727200
2018-02-13,3.940000057220459,3.9649999141693115,3.872499942779541,3.8949999809265137,3.4030814170837402,9855600
2018-02-14,3.8949999809265137,4.099999904632568,3.882499933242798,4.054999828338623,3.5428740978240967,12863600
2018-02-15,4.074999809265137,4.125,4.059999942779541,4.102499961853027,3.5843753814697266,9052400
2018-02-16,4.130000114440918,4.242499828338623,4.0625,4.099999904632568,3.582190990447998,10824400
2018-02-20,4.074999809265137,4.079999923706055,3.944999933242798,3.9649999141693115,3.464240789413452,9959200
2018-02-21,3.9749999046325684,4.052499771118164,3.9149999618530273,3.922499895095825,3.4271085262298584,12124800
2018-02-22,3.952500104904175,3.9825000762939453,3.8924999237060547,3.9049999713897705,3.411818742752075,9808800
2018-02-23,3.947499990463257,3.997499942779541,3.9175000190734863,3.992500066757202,3.4882681369781494,10321200
2018-02-26,4.0,4.025000095367432,3.9600000381469727,4.019999980926514,3.5122947692871094,11084800
2018-02-27,4.025000095367432,4.147500038146973,3.8924999237060547,3.8924999237060547,3.400897264480591,17896000
2018-02-28,3.9124999046325684,3.987499952316284,3.8949999809265137,3.922499895095825,3.4271085262298584,18948000
2018-03-01,3.947499990463257,4.057499885559082,3.940000057220459,3.992500066757202,3.4882681369781494,12530000
2018-03-02,3.890000104904175,3.997499942779541,3.8450000286102295,3.9825000762939453,3.564343214035034,14215600
2018-03-05,3.9674999713897705,4.027500152587891,3.9200000762939453,4.012499809265137,3.5911927223205566,16944400
2018-03-06,4.012499809265137,4.042500019073486,3.950000047683716,4.014999866485596,3.593430280685425,10670400
2018-03-07,3.9625000953674316,4.042500019073486,3.9600000381469727,3.984999895095825,3.5665805339813232,11957600
2018-03-08,3.987499952316284,4.012499809265137,3.869999885559082,3.9100000858306885,3.499455213546753,11897600
2018-03-09,3.922499895095825,3.9725000858306885,3.877500057220459,3.9625000953674316,3.546442985534668,15879600
2018-03-12,3.9625000953674316,4.002500057220459,3.875,3.887500047683716,3.4793179035186768,15514400
2018-03-13,3.9075000286102295,4.002500057220459,3.8949999809265137,3.9024999141693115,3.4927427768707275,11566000
2018-03-14,3.930000066757202,3.9549999237060547,3.8575000762939453,3.865000009536743,3.4591803550720215,10072400
2018-03-15,3.875,3.9049999713897705,3.815000057220459,3.827500104904175,3.4256176948547363,7468000
2018-03-16,3.8350000381469727,3.9149999618530273,3.8299999237060547,3.8550000190734863,3.450230360031128,20336000
2018-03-19,3.809999942779541,3.8524999618530273,3.690000057220459,3.702500104904175,3.3137426376342773,15904400
2018-03-20,3.7049999237060547,3.737499952316284,3.5875000953674316,3.617500066757202,3.2376675605773926,17136000
2018-03-21,3.577500104904175,3.612499952316284,3.502500057220459,3.505000114440918,3.1369800567626953,17644800
2018-03-22,3.484999895095825,3.5225000381469727,3.3975000381469727,3.4574999809265137,3.0944674015045166,17769200
2018-03-23,3.4800000190734863,3.484999895095825,3.372499942779541,3.375,3.0206298828125,15245600
2018-03-26,3.424999952316284,3.5225000381469727,3.3975000381469727,3.509999990463257,3.1414546966552734,20062800
2018-03-27,3.5174999237060547,3.552500009536743,3.442500114440918,3.4700000286102295,3.1056549549102783,17923600
2018-03-28,3.5,3.577500104904175,3.452500104904175,3.5374999046325684,3.166067361831665,30536000
2018-03-29,3.1624999046325684,3.25,3.049999952316284,3.1549999713897705,2.8237292766571045,101847200
2018-04-02,3.127500057220459,3.319999933242798,3.125,3.2049999237060547,2.8684792518615723,44520000
2018-04-03,3.1600000858306885,3.2825000286102295,3.1500000953674316,3.252500057220459,2.910991907119751,22988800
2018-04-04,3.2049999237060547,3.369999885559082,3.177500009536743,3.3350000381469727,2.9848294258117676,25535200
2018-04-05,3.3375000953674316,3.4075000286102295,3.317500114440918,3.390000104904175,3.0340545177459717,20562400
2018-04-06,3.3550000190734863,3.4149999618530273,3.309999942779541,3.3575000762939453,3.004967212677002,16953200
2018-04-09,3.377500057220459,3.440000057220459,3.3575000762939453,3.369999885559082,3.0161545276641846,22814400
2018-04-10,3.4200000762939453,3.4649999141693115,3.377500057220459,3.4200000762939453,3.0609047412872314,23154400
2018-04-11,3.4049999713897705,3.494999885559082,3.4000000953674316,3.4600000381469727,3.0967047214508057,17136000
2018-04-12,3.4649999141693115,3.4674999713897705,3.367500066757202,3.4075000286102295,3.0497171878814697,12457600
2018-04-13,3.432499885559082,3.484999895095825,3.387500047683716,3.4024999141693115,3.0452420711517334,12754800
2018-04-16,3.432499885559082,3.4749999046325684,3.4000000953674316,3.452500104904175,3.0899922847747803,12910800
2018-04-17,3.4725000858306885,3.5450000762939453,3.4600000381469727,3.484999895095825,3.11907958984375,17155600
2018-04-18,3.497499942779541,3.507499933242798,3.4000000953674316,3.4149999618530273,3.056429386138916,14293200
2018-04-19,3.4149999618530273,3.444999933242798,3.362499952316284,3.380000114440918,3.0251047611236572,10029600
2018-04-20,3.367500066757202,3.384999990463257,3.202500104904175,3.2200000286102295,2.881904363632202,24803200
2018-04-23,3.2249999046325684,3.3375000953674316,3.2249999046325684,3.299999952316284,2.9535045623779297,14771600
2018-04-24,3.322499990463257,3.4100000858306885,3.2799999713897705,3.3524999618530273,3.0004918575286865,14454400
2018-04-25,3.3375000953674316,3.4075000286102295,3.322499990463257,3.365000009536743,3.0116796493530273,14588400
2018-04-26,3.4000000953674316,3.4700000286102295,3.362499952316284,3.4175000190734863,3.0586671829223633,12848000
2018-04-27,3.4200000762939453,3.4774999618530273,3.4000000953674316,3.4649999141693115,3.101179599761963,10002400
2018-04-30,3.492500066757202,3.5,3.390000104904175,3.4124999046325684,3.054192066192627,12607600
2018-05-01,3.3949999809265137,3.4725000858306885,3.367500066757202,3.4625000953674316,3.098942279815674,9638800
2018-05-02,3.4649999141693115,3.4674999713897705,3.3375000953674316,3.362499952316284,3.00944185256958,12727200
2018-05-03,3.3550000190734863,3.372499942779541,3.200000047683716,3.2074999809265137,2.8707168102264404,20365600
2018-05-04,3.2074999809265137,3.2699999809265137,3.184999942779541,3.25,2.9087541103363037,19612400
2018-05-07,3.255000114440918,3.257499933242798,3.194999933242798,3.2225000858306885,2.884141683578491,12474000
2018-05-08,3.2100000381469727,3.234999895095825,3.137500047683716,3.197499990463257,2.861767053604126,15356000
2018-05-09,3.2049999237060547,3.240000009536743,3.1524999141693115,3.2325000762939453,2.893091917037964,15011600
2018-05-10,3.240000009536743,3.299999952316284,3.2200000286102295,3.257499933242798,2.9154670238494873,12474000
2018-05-11,3.1500000953674316,3.2100000381469727,3.117500066757202,3.177500009536743,2.8438668251037598,22029600
2018-05-14,3.172499895095825,3.369999885559082,3.1524999141693115,3.315000057220459,2.9669291973114014,23629600
2018-05-15,3.3125,3.4024999141693115,3.307499885559082,3.377500057220459,3.022867202758789,15160800
2018-05-16,3.4375,3.4700000286102295,3.3324999809265137,3.387500047683716,3.0318169593811035,26954000
2018-05-17,3.375,3.442500114440918,3.369999885559082,3.4049999713897705,3.0474796295166016,11648000
2018-05-18,3.382499933242798,3.382499933242798,3.065000057220459,3.115000009536743,2.7879292964935303,40947600
2018-05-21,3.130000114440918,3.2225000858306885,3.122499942779541,3.194999933242798,2.8595292568206787,20262800
2018-05-22,3.194999933242798,3.2274999618530273,3.134999990463257,3.1675000190734863,2.834916830062866,18169600
2018-05-23,3.134999990463257,3.1875,3.109999895095825,3.180000066757202,2.846104383468628,12640400
2018-05-24,3.1449999809265137,3.194999933242798,3.112499952316284,3.184999942779541,2.850579261779785,12308000
2018-05-25,3.190000057220459,3.200000047683716,3.1449999809265137,3.1675000190734863,2.834916830062866,9776000
2018-05-29,3.1449999809265137,3.2774999141693115,3.137500047683716,3.262500047683716,2.9199421405792236,16962800
2018-05-30,3.2750000953674316,3.4000000953674316,3.2225000858306885,3.3550000190734863,3.002729654312134,19965200
2018-05-31,3.369999885559082,3.3975000381469727,3.242500066757202,3.299999952316284,2.9535045623779297,25956800
2018-06-01,3.200000047683716,3.430000066757202,3.197499990463257,3.430000066757202,3.069854736328125,103296000
2018-06-04,3.447499990463257,3.5625,3.359999895095825,3.559999942779541,3.186204671859741,29186400
2018-06-05,3.559999942779541,3.6624999046325684,3.5,3.6500000953674316,3.2667551040649414,22786000
2018-06-06,3.6700000762939453,3.672499895095825,3.5625,3.6050000190734863,3.2264797687530518,20594400
2018-06-07,3.625,3.6624999046325684,3.5924999713897705,3.622499942779541,3.24214243888855,12854000
2018-06-08,3.632499933242798,3.6549999713897705,3.6024999618530273,3.632499933242798,3.2510926723480225,20124000
2018-06-11,3.5374999046325684,3.5824999809265137,3.515000104904175,3.572499990463257,3.2832584381103516,18871200
2018-06-12,3.5799999237060547,3.5924999713897705,3.512500047683716,3.512500047683716,3.228116512298584,13536400
2018-06-13,3.492500066757202,3.492500066757202,3.262500047683716,3.3324999809265137,3.062689781188965,35296400
2018-06-14,3.325000047683716,3.3299999237060547,3.174999952316284,3.2125000953674316,2.9524054527282715,30128800
2018-06-15,3.190000057220459,3.5899999141693115,3.190000057220459,3.490000009536743,3.2074382305145264,52570800
2018-06-18,3.487499952316284,3.944999933242798,3.3424999713897705,3.799999952316284,3.492339611053467,95155600
2018-06-19,3.8375000953674316,3.940000057220459,3.7750000953674316,3.9375,3.6187071800231934,40562400
2018-06-20,3.944999933242798,3.952500104904175,3.8299999237060547,3.927500009536743,3.6095166206359863,20656800
2018-06-21,3.952500104904175,3.994999885559082,3.872499942779541,3.882499933242798,3.568160057067871,14252400
2018-06-22,3.887500047683716,3.922499895095825,3.7774999141693115,3.880000114440918,3.5658626556396484,38308800
2018-06-25,3.8524999618530273,3.930000066757202,3.734999895095825,3.7774999141693115,3.471661329269409,10738800
2018-06-26,3.797499895095825,3.799999952316284,3.672499895095825,3.742500066757202,3.439495086669922,10790000
2018-06-27,3.75,3.7925000190734863,3.6449999809265137,3.6500000953674316,3.3544843196868896,9022800
2018-06-28,3.6475000381469727,3.7225000858306885,3.622499942779541,3.7200000286102295,3.418816566467285,7620800
2018-06-29,3.747499942779541,3.7674999237060547,3.627500057220459,3.6424999237060547,3.3475911617279053,13604400
2018-07-02,3.6475000381469727,3.674999952316284,3.507499933242798,3.5399999618530273,3.253389835357666,14893200
2018-07-03,3.5425000190734863,3.577500104904175,3.5,3.512500047683716,3.228116512298584,5157200
2018-07-05,3.5199999809265137,3.674999952316284,3.509999990463257,3.6575000286102295,3.3613767623901367,18887200
2018-07-06,3.6675000190734863,3.807499885559082,3.6600000858306885,3.7874999046325684,3.480851411819458,16204400
2018-07-09,3.8924999237060547,3.9075000286102295,3.7925000190734863,3.867500066757202,3.5543744564056396,15678000
2018-07-10,3.882499933242798,3.884999990463257,3.702500104904175,3.7149999141693115,3.4142212867736816,11666800
2018-07-11,3.692500114440918,3.7074999809265137,3.615000009536743,3.674999952316284,3.377459764480591,9150800
2018-07-12,3.6875,3.7799999713897705,3.684999942779541,3.7725000381469727,3.4670662879943848,7703600
2018-07-13,3.747499942779541,3.865000009536743,3.747499942779541,3.819999933242798,3.5107202529907227,9328800
2018-07-16,3.817500114440918,3.8450000286102295,3.765000104904175,3.805000066757202,3.4969348907470703,7226000
2018-07-17,3.7925000190734863,3.8550000190734863,3.634999990463257,3.6449999809265137,3.349889039993286,12180400
2018-07-18,3.6500000953674316,3.6624999046325684,3.5799999237060547,3.6449999809265137,3.349889039993286,8198800
2018-07-19,3.6449999809265137,3.757499933242798,3.625,3.7300000190734863,3.428007125854492,6913600
2018-07-20,3.7274999618530273,3.802500009536743,3.7200000286102295,3.7699999809265137,3.464768409729004,8591600
2018-07-23,3.762500047683716,3.7725000381469727,3.694999933242798,3.7225000858306885,3.421114206314087,7335200
2018-07-24,3.744999885559082,3.744999885559082,3.6649999618530273,3.694999933242798,3.395840644836426,6170400
2018-07-25,3.672499895095825,3.674999952316284,3.5625,3.627500057220459,3.333805799484253,13380000
2018-07-26,3.627500057220459,3.759999990463257,3.625,3.702500104904175,3.402733564376831,6756800
2018-07-27,3.7274999618530273,3.742500066757202,3.637500047683716,3.7074999809265137,3.4073288440704346,5658000
2018-07-30,3.7200000286102295,3.744999885559082,3.6475000381469727,3.674999952316284,3.377459764480591,6311200
2018-07-31,3.680000066757202,3.682499885559082,3.6024999618530273,3.6024999618530273,3.3108296394348145,11030000
2018-08-01,3.6050000190734863,3.7200000286102295,3.5999999046325684,3.682499885559082,3.384352684020996,8318800
2018-08-02,3.6524999141693115,3.694999933242798,3.6024999618530273,3.6549999713897705,3.359079122543335,10116400
2018-08-03,3.672499895095825,3.7249999046325684,3.6500000953674316,3.7125000953674316,3.411923885345459,10228800
2018-08-06,3.7200000286102295,3.744999885559082,3.684999942779541,3.7149999141693115,3.4142212867736816,8300000
2018-08-07,3.7300000190734863,3.805000066757202,3.7049999237060547,3.7799999713897705,3.473958730697632,7813600
2018-08-08,3.7799999713897705,3.8299999237060547,3.752500057220459,3.8125,3.5038273334503174,8715600
2018-08-09,3.8125,3.865000009536743,3.744999885559082,3.802500009536743,3.4946370124816895,9370800
2018-08-10,3.7950000762939453,3.9000000953674316,3.7750000953674316,3.8299999237060547,3.5199103355407715,9665600
2018-08-13,3.8375000953674316,3.8450000286102295,3.7774999141693115,3.802500009536743,3.4946370124816895,8403600
2018-08-14,3.817500114440918,3.8924999237060547,3.799999952316284,3.875,3.561267375946045,7813600
2018-08-15,3.865000009536743,3.875,3.797499895095825,3.8550000190734863,3.542886734008789,8390400
2018-08-16,3.884999990463257,3.890000104904175,3.805000066757202,3.805000066757202,3.4969348907470703,6878800
2018-08-17,3.7925000190734863,3.8375000953674316,3.747499942779541,3.8324999809265137,3.5222082138061523,6533200
2018-08-20,3.8499999046325684,3.994999885559082,3.8375000953674316,3.9625000953674316,3.6416831016540527,14427600
2018-08-21,4.0,4.142499923706055,3.9574999809265137,4.122499942779541,3.788728952407837,20772800
2018-08-22,4.135000228881836,4.317500114440918,4.127500057220459,4.244999885559082,3.901310920715332,26422400
2018-08-23,4.244999885559082,4.302499771118164,4.15500020980835,4.190000057220459,3.850764036178589,14334000
2018-08-24,4.190000057220459,4.210000038146973,4.050000190734863,4.137499809265137,3.8025143146514893,18102400
2018-08-27,4.117499828338623,4.125,3.637500047683716,3.677500009536743,3.3797576427459717,58779600
2018-08-28,3.677500009536743,3.6875,3.5,3.507499933242798,3.2235209941864014,27288000
2018-08-29,3.5350000858306885,3.575000047683716,3.4375,3.5299999713897705,3.244199514389038,16398400
2018-08-30,3.497499942779541,3.497499942779541,3.380000114440918,3.3949999809265137,3.1201295852661133,15733600
2018-08-31,3.4024999141693115,3.4075000286102295,3.2950000762939453,3.317500114440918,3.0489044189453125,14896000
2018-09-04,3.2925000190734863,3.5250000953674316,3.2699999809265137,3.512500047683716,3.228116512298584,23744000
2018-09-05,3.492500066757202,4.132500171661377,3.490000009536743,4.065000057220459,3.735884428024292,69886400
2018-09-06,4.037499904632568,4.0625,3.7699999809265137,4.034999847412109,3.708313226699829,27108800
2018-09-07,3.8125,4.09499979019165,3.690000057220459,4.03249979019165,3.7060153484344482,27182400
2018-09-10,4.039999961853027,4.087500095367432,3.9674999713897705,4.0,3.676146984100342,10910800
2018-09-11,4.0,4.150000095367432,4.0,4.039999961853027,3.7129082679748535,11164000
2018-09-12,4.042500019073486,4.190000057220459,4.042500019073486,4.164999961853027,3.8277878761291504,13583200
2018-09-13,4.177499771118164,4.260000228881836,4.152500152587891,4.260000228881836,3.9150967597961426,14758000
2018-09-14,4.242499828338623,4.25,4.117499828338623,4.197500228881836,3.857656955718994,12021600
2018-09-17,4.177499771118164,4.215000152587891,4.125,4.152500152587891,3.904672622680664,8928000
2018-09-18,4.105000019073486,4.170000076293945,4.087500095367432,4.125,3.8788137435913086,7147200
2018-09-19,4.125,4.199999809265137,4.112500190734863,4.150000095367432,3.9023220539093018,7192800
2018-09-20,4.150000095367432,4.202499866485596,4.112500190734863,4.122499942779541,3.8764631748199463,6416400
2018-09-21,4.112500190734863,4.1875,4.107500076293945,4.130000114440918,3.8835155963897705,12163600
2018-09-24,4.105000019073486,4.105000019073486,3.872499942779541,3.880000114440918,3.6484360694885254,14310800
2018-09-25,3.9100000858306885,4.022500038146973,3.825000047683716,4.005000114440918,3.7659757137298584,8250000
2018-09-26,4.034999847412109,4.034999847412109,3.884999990463257,3.8975000381469727,3.664891481399536,7605200
2018-09-27,3.9200000762939453,3.9375,3.8575000762939453,3.887500047683716,3.6554882526397705,8096800
2018-09-28,3.884999990463257,3.9625000953674316,3.797499895095825,3.817500114440918,3.5896661281585693,10103200
2018-10-01,3.819999933242798,3.884999990463257,3.744999885559082,3.819999933242798,3.5920166969299316,16239200
2018-10-02,3.7925000190734863,3.827500104904175,3.7100000381469727,3.7174999713897705,3.495634078979492,11512800
2018-10-03,3.75,3.7925000190734863,3.6875,3.7300000190734863,3.507388114929199,8054400
2018-10-04,3.742500066757202,3.7799999713897705,3.680000066757202,3.7049999237060547,3.483880043029785,6086400
2018-10-05,3.7074999809265137,3.7325000762939453,3.6449999809265137,3.6700000762939453,3.4509692192077637,9294800
2018-10-08,3.677500009536743,3.797499895095825,3.6649999618530273,3.744999885559082,3.5214929580688477,9040400
2018-10-09,3.7325000762939453,3.862499952316284,3.674999952316284,3.690000057220459,3.469775438308716,9622800
2018-10-10,3.702500104904175,3.7925000190734863,3.702500104904175,3.7074999809265137,3.4862310886383057,7850400
2018-10-11,3.697499990463257,3.7750000953674316,3.6624999046325684,3.6649999618530273,3.4462673664093018,8384000
2018-10-12,3.7249999046325684,3.7874999046325684,3.674999952316284,3.700000047683716,3.4791786670684814,7710400
2018-10-15,3.702500104904175,3.7674999237060547,3.694999933242798,3.7200000286102295,3.4979848861694336,6000400
2018-10-16,3.742500066757202,3.825000047683716,3.694999933242798,3.822499990463257,3.594367504119873,8160800
2018-10-17,3.822499990463257,3.869999885559082,3.694999933242798,3.8299999237060547,3.601419687271118,7991600
2018-10-18,3.825000047683716,3.8550000190734863,3.7249999046325684,3.765000104904175,3.5402991771698,5914400
2018-10-19,3.7174999713897705,3.75,3.617500066757202,3.682499885559082,3.4627227783203125,12424000
2018-10-22,3.7049999237060547,3.805000066757202,3.672499895095825,3.7799999713897705,3.5544040203094482,9222000
2018-10-23,3.747499942779541,3.827500104904175,3.697499990463257,3.817500114440918,3.5896661281585693,9580400
2018-10-24,3.825000047683716,3.9000000953674316,3.7674999237060547,3.7674999237060547,3.542649984359741,8965200
2018-10-25,3.7799999713897705,3.799999952316284,3.569999933242798,3.609999895095825,3.394549608230591,9096400
2018-10-26,3.6075000762939453,3.6075000762939453,3.4100000858306885,3.427500009536743,3.2229416370391846,10044400
2018-10-29,3.4600000381469727,3.740000009536743,3.442500114440918,3.632499933242798,3.4157071113586426,12675600
2018-10-30,3.6424999237060547,3.7774999141693115,3.5999999046325684,3.6675000190734863,3.448618173599243,8376400
2018-10-31,3.702500104904175,3.7049999237060547,3.565000057220459,3.6500000953674316,3.4321627616882324,6955600
2018-11-01,3.6524999141693115,3.8375000953674316,3.6500000953674316,3.8375000953674316,3.6084725856781006,11017200
2018-11-02,3.8550000190734863,3.940000057220459,3.797499895095825,3.9024999141693115,3.669593095779419,6662400
2018-11-05,3.887500047683716,3.890000104904175,3.7225000858306885,3.747499942779541,3.52384352684021,7214400
2018-11-06,3.737499952316284,3.762500047683716,3.7074999809265137,3.737499952316284,3.5144402980804443,7584000
2018-11-07,3.75,3.762500047683716,3.6624999046325684,3.7249999046325684,3.5026865005493164,8177200
2018-11-08,3.7249999046325684,3.755000114440918,3.694999933242798,3.7149999141693115,3.493283271789551,8557200
2018-11-09,3.680000066757202,3.700000047683716,3.5799999237060547,3.6600000858306885,3.441565990447998,6686000
2018-11-12,3.6649999618530273,3.694999933242798,3.4649999141693115,3.4700000286102295,3.2629053592681885,9600800
2018-11-13,3.4749999046325684,3.5450000762939453,3.444999933242798,3.4700000286102295,3.2629053592681885,9232800
2018-11-14,3.5225000381469727,3.5274999141693115,3.2200000286102295,3.240000009536743,3.0466318130493164,13744400
2018-11-15,3.240000009536743,3.3125,3.192500114440918,3.2825000286102295,3.0865955352783203,12119600
2018-11-16,3.247499942779541,3.247499942779541,3.112499952316284,3.197499990463257,3.0066685676574707,22866800
2018-11-19,3.2100000381469727,3.2899999618530273,3.192500114440918,3.257499933242798,3.0630877017974854,13803600
2018-11-20,3.1500000953674316,3.2274999618530273,3.0350000858306885,3.069999933242798,2.886777877807617,24139600
2018-11-21,3.117500066757202,3.625,3.077500104904175,3.427500009536743,3.2229416370391846,49923200
2018-11-23,3.424999952316284,3.440000057220459,3.2899999618530273,3.375,3.1735751628875732,10767200
2018-11-26,3.497499942779541,3.694999933242798,3.497499942779541,3.6449999809265137,3.4274611473083496,23613600
2018-11-27,3.5975000858306885,3.742500066757202,3.549999952316284,3.680000066757202,3.46037220954895,17538800
2018-11-28,3.680000066757202,3.7674999237060547,3.680000066757202,3.752500057220459,3.528545379638672,10574800
2018-11-29,3.762500047683716,3.805000066757202,3.634999990463257,3.6575000286102295,3.4392149448394775,16838400
2018-11-30,3.247499942779541,3.490000009536743,3.200000047683716,3.4149999618530273,3.2111876010894775,47627200
2018-12-03,3.4549999237060547,3.494999885559082,3.382499933242798,3.4674999713897705,3.260554552078247,16084800
2018-12-04,3.497499942779541,3.5274999141693115,3.359999895095825,3.375,3.1735751628875732,14935600
2018-12-06,3.375,3.442500114440918,3.309999942779541,3.390000104904175,3.1876797676086426,12788800
2018-12-07,3.387500047683716,3.509999990463257,3.375,3.4200000762939453,3.2158894538879395,13610400
2018-12-10,3.3450000286102295,3.359999895095825,3.2074999809265137,3.307499885559082,3.1989636421203613,11174800
2018-12-11,3.3375000953674316,3.3499999046325684,3.2125000953674316,3.237499952316284,3.131260633468628,9352800
2018-12-12,3.265000104904175,3.382499933242798,3.244999885559082,3.307499885559082,3.1989636421203613,7271200
2018-12-13,3.309999942779541,3.3399999141693115,3.1675000190734863,3.197499990463257,3.092573404312134,9746400
2018-12-14,3.172499895095825,3.25,3.172499895095825,3.190000057220459,3.0853195190429688,6654800
2018-12-17,3.1649999618530273,3.2750000953674316,3.137500047683716,3.1624999046325684,3.0587217807769775,9022800
2018-12-18,3.1624999046325684,3.257499933242798,3.1524999141693115,3.182499885559082,3.0780653953552246,10379600
2018-12-19,3.190000057220459,3.244999885559082,3.130000114440918,3.1449999809265137,3.0417962074279785,9703600
2018-12-20,3.1500000953674316,3.234999895095825,3.052500009536743,3.1075000762939453,3.0055267810821533,10684800
2018-12-21,3.0975000858306885,3.1700000762939453,2.942500114440918,2.990000009536743,2.8918824195861816,17692000
2018-12-24,2.992500066757202,3.005000114440918,2.9100000858306885,2.9175000190734863,2.8217616081237793,5314000
2018-12-26,2.930000066757202,3.0999999046325684,2.890000104904175,3.0999999046325684,2.998272657394409,9616800
2018-12-27,3.059999942779541,3.0625,2.9075000286102295,3.0450000762939453,2.945077657699585,7338400
2018-12-28,3.052500009536743,3.122499942779541,3.002500057220459,3.069999933242798,2.969257116317749,8105200
2018-12-31,3.0824999809265137,3.1675000190734863,3.077500104904175,3.1549999713897705,3.0514678955078125,11161200
2019-01-02,3.112499952316284,3.2950000762939453,3.1050000190734863,3.2674999237060547,3.160276174545288,8496800
2019-01-03,3.244999885559082,3.315000057220459,3.172499895095825,3.242500066757202,3.136096715927124,7001600
2019-01-04,3.507499933242798,3.822499990463257,3.424999952316284,3.809999942779541,3.684973955154419,47662800
2019-01-07,3.7774999141693115,3.952500104904175,3.734999895095825,3.869999885559082,3.7430050373077393,18872000
2019-01-08,3.875,3.9725000858306885,3.7874999046325684,3.952500104904175,3.822798013687134,13775200
2019-01-09,3.9600000381469727,4.097499847412109,3.930000066757202,3.994999885559082,3.863903045654297,14218000
2019-01-10,3.934999942779541,4.0,3.880000114440918,3.990000009536743,3.85906720161438,11619200
2019-01-11,3.9649999141693115,4.012499809265137,3.942500114440918,3.9625000953674316,3.8324697017669678,9679200
2019-01-14,3.9600000381469727,4.034999847412109,3.8924999237060547,3.9100000858306885,3.7816925048828125,14443600
2019-01-15,3.9000000953674316,3.9100000858306885,3.797499895095825,3.882499933242798,3.7550947666168213,8912800
2019-01-16,3.8924999237060547,3.9725000858306885,3.8450000286102295,3.9200000762939453,3.7913644313812256,7970400
2019-01-17,3.872499942779541,3.9574999809265137,3.825000047683716,3.942500114440918,3.8131260871887207,6972000
2019-01-18,4.005000114440918,4.224999904632568,3.9700000286102295,3.9825000762939453,3.851813554763794,34188800
2019-01-22,3.952500104904175,3.9749999046325684,3.7899999618530273,3.817500114440918,3.692228078842163,12754800
2019-01-23,3.827500104904175,3.8924999237060547,3.7825000286102295,3.869999885559082,3.7430050373077393,7348000
2019-01-24,3.869999885559082,3.950000047683716,3.859999895095825,3.950000047683716,3.8203799724578857,5128000
2019-01-25,3.990000009536743,4.014999866485596,3.932499885559082,3.9749999046325684,3.84455943107605,7660400
2019-01-28,3.934999942779541,3.947499990463257,3.747499942779541,3.875,3.7478411197662354,11939600
2019-01-29,3.0975000858306885,3.125,2.7774999141693115,2.819999933242798,2.727461099624634,131481200
2019-01-30,2.8125,2.8424999713897705,2.7774999141693115,2.799999952316284,2.7081172466278076,24604000
2019-01-31,2.7925000190734863,2.882499933242798,2.7750000953674316,2.8350000381469727,2.741968870162964,24198400
2019-02-01,2.827500104904175,2.8575000762939453,2.7950000762939453,2.809999942779541,2.7177891731262207,13909600
2019-02-04,2.809999942779541,2.869999885559082,2.75,2.8424999713897705,2.749222755432129,17086000
2019-02-05,2.8399999141693115,2.952500104904175,2.8375000953674316,2.947499990463257,2.8507771492004395,17084400
2019-02-06,2.9049999713897705,2.924999952316284,2.8499999046325684,2.877500057220459,2.783074378967285,13918400
2019-02-07,2.8499999046325684,2.8975000381469727,2.807499885559082,2.867500066757202,2.773402452468872,8084400
2019-02-08,2.8475000858306885,2.872499942779541,2.827500104904175,2.8375000953674316,2.744386911392212,7204800
2019-02-11,2.8450000286102295,2.8475000858306885,2.7899999618530273,2.825000047683716,2.732296943664551,7674400
2019-02-12,2.825000047683716,2.8975000381469727,2.825000047683716,2.887500047683716,2.792746067047119,10712000
2019-02-13,2.890000104904175,2.9375,2.8450000286102295,2.867500066757202,2.773402452468872,8531200
2019-02-14,2.8424999713897705,2.8550000190734863,2.809999942779541,2.8324999809265137,2.739550828933716,9874000
2019-02-15,2.8324999809265137,2.859999895095825,2.819999933242798,2.8575000762939453,2.763730525970459,8847200
2019-02-19,2.865000009536743,2.867500066757202,2.7825000286102295,2.799999952316284,2.7081172466278076,13222400
2019-02-20,2.807499885559082,2.825000047683716,2.7874999046325684,2.799999952316284,2.7081172466278076,11842000
2019-02-21,2.807499885559082,2.822499990463257,2.752500057220459,2.757499933242798,2.6670119762420654,9956800
2019-02-22,2.755000114440918,2.8450000286102295,2.755000114440918,2.8424999713897705,2.749222755432129,12998000
2019-02-25,2.8450000286102295,2.950000047683716,2.8450000286102295,2.887500047683716,2.792746067047119,14378000
2019-02-26,2.884999990463257,2.927500009536743,2.875,2.9100000858306885,2.8145077228546143,8632000
2019-02-27,2.9149999618530273,2.9825000762939453,2.9049999713897705,2.9175000190734863,2.8217616081237793,13589200
2019-02-28,2.922499895095825,2.9649999141693115,2.8975000381469727,2.924999952316284,2.8290154933929443,11280800
2019-03-01,2.9700000286102295,3.002500057220459,2.9375,2.9375,2.8411052227020264,7604800
2019-03-04,2.947499990463257,2.9625000953674316,2.867500066757202,2.8924999237060547,2.797581911087036,8914400
2019-03-05,3.0199999809265137,3.0250000953674316,2.8399999141693115,2.9000000953674316,2.8048360347747803,22151600
2019-03-06,2.9149999618530273,2.9674999713897705,2.890000104904175,2.890000104904175,2.795164108276367,13251600
2019-03-07,2.890000104904175,2.9149999618530273,2.859999895095825,2.8975000381469727,2.8024179935455322,7245600
2019-03-08,2.7674999237060547,2.805000066757202,2.6875,2.742500066757202,2.6525044441223145,24686400
2019-03-11,2.744999885559082,2.819999933242798,2.7225000858306885,2.815000057220459,2.722625255584717,10814400
2019-03-12,2.819999933242798,2.887500047683716,2.807499885559082,2.867500066757202,2.773402452468872,8659600
2019-03-13,2.884999990463257,2.9100000858306885,2.867500066757202,2.8949999809265137,2.799999952316284,8766400
2019-03-14,2.827500104904175,2.8350000381469727,2.7249999046325684,2.737499952316284,2.737499952316284,11358400
2019-03-15,2.747499942779541,2.7799999713897705,2.7249999046325684,2.765000104904175,2.765000104904175,14149600
2019-03-18,2.7725000381469727,2.7925000190734863,2.744999885559082,2.7674999237060547,2.7674999237060547,9804800
2019-03-19,2.7674999237060547,2.809999942779541,2.7249999046325684,2.740000009536743,2.740000009536743,12359600
2019-03-20,2.740000009536743,2.740000009536743,2.5999999046325684,2.625,2.625,16415600
2019-03-21,2.617500066757202,2.682499885559082,2.5875000953674316,2.637500047683716,2.637500047683716,12821200
2019-03-22,2.6624999046325684,2.6649999618530273,2.609999895095825,2.612499952316284,2.612499952316284,13156000
2019-03-25,2.615000009536743,2.622499942779541,2.5174999237060547,2.5350000858306885,2.5350000858306885,17944800
2019-03-26,2.5274999141693115,2.609999895095825,2.5225000381469727,2.5875000953674316,2.5875000953674316,14140400
2019-03-27,2.5924999713897705,2.634999990463257,2.5625,2.572499990463257,2.572499990463257,10424800
2019-03-28,2.5899999141693115,2.622499942779541,2.5174999237060547,2.547499895095825,2.547499895095825,12489200
2019-03-29,2.552500009536743,2.5899999141693115,2.5374999046325684,2.5399999618530273,2.5399999618530273,11676000
2019-04-01,2.572499990463257,2.6050000190734863,2.509999990463257,2.5924999713897705,2.5924999713897705,17662800
2019-04-02,2.5924999713897705,2.6024999618530273,2.5225000381469727,2.5250000953674316,2.5250000953674316,34680800
2019-04-03,2.2149999141693115,2.507499933242798,2.2049999237060547,2.4075000286102295,2.4075000286102295,106391600
2019-04-04,2.434999942779541,2.515000104904175,2.4124999046325684,2.507499933242798,2.507499933242798,31671200
2019-04-05,2.490000009536743,2.502500057220459,2.447499990463257,2.4649999141693115,2.4649999141693115,22974400
2019-04-08,2.447499990463257,2.5199999809265137,2.432499885559082,2.484999895095825,2.484999895095825,18204000
2019-04-09,2.4625000953674316,2.5,2.452500104904175,2.4549999237060547,2.4549999237060547,11914000
2019-04-10,2.4700000286102295,2.502500057220459,2.4700000286102295,2.492500066757202,2.492500066757202,11228800
2019-04-11,2.494999885559082,2.494999885559082,2.434999942779541,2.440000057220459,2.440000057220459,10180800
2019-04-12,2.447499990463257,2.4574999809265137,2.322499990463257,2.3299999237060547,2.3299999237060547,19114000
2019-04-15,2.317500114440918,2.3375000953674316,2.202500104904175,2.234999895095825,2.234999895095825,22109600
2019-04-16,2.25,2.2874999046325684,2.237499952316284,2.2699999809265137,2.2699999809265137,18880000
2019-04-17,2.2774999141693115,2.2799999713897705,2.1875,2.234999895095825,2.234999895095825,15684400
2019-04-18,2.2149999141693115,2.257499933242798,2.184999942779541,2.192500114440918,2.192500114440918,15256800
2019-04-22,2.1875,2.2049999237060547,2.132499933242798,2.1624999046325684,2.1624999046325684,25114800
2019-04-23,2.1600000858306885,2.242500066757202,2.1600000858306885,2.2225000858306885,2.2225000858306885,17809200
2019-04-24,2.2249999046325684,2.265000104904175,2.2225000858306885,2.252500057220459,2.252500057220459,16424400
2019-04-25,2.247499942779541,2.25,2.180000066757202,2.237499952316284,2.237499952316284,10508000
2019-04-26,2.2325000762939453,2.257499933242798,2.2200000286102295,2.2225000858306885,2.2225000858306885,9227200
2019-04-29,2.2225000858306885,2.2249999046325684,2.177500009536743,2.190000057220459,2.190000057220459,10192400
2019-04-30,2.200000047683716,2.2125000953674316,2.1624999046325684,2.1624999046325684,2.1624999046325684,12830800
2019-05-01,2.1649999618530273,2.197499990463257,2.117500066757202,2.127500057220459,2.127500057220459,14155600
2019-05-02,2.127500057220459,2.2074999809265137,2.127500057220459,2.192500114440918,2.192500114440918,12467600
2019-05-03,2.202500104904175,2.247499942779541,2.192500114440918,2.242500066757202,2.242500066757202,8718400
2019-05-06,2.2125000953674316,2.2300000190734863,2.1649999618530273,2.2125000953674316,2.2125000953674316,9624800
2019-05-07,2.192500114440918,2.2300000190734863,2.172499895095825,2.192500114440918,2.192500114440918,10366400
2019-05-08,2.1875,2.2125000953674316,2.1624999046325684,2.172499895095825,2.172499895095825,8249600
2019-05-09,2.1500000953674316,2.1624999046325684,2.119999885559082,2.130000114440918,2.130000114440918,9358000
2019-05-10,2.130000114440918,2.1449999809265137,2.0899999141693115,2.119999885559082,2.119999885559082,9206000
2019-05-13,2.0824999809265137,2.0924999713897705,2.0425000190734863,2.065000057220459,2.065000057220459,12172800
2019-05-14,2.0799999237060547,2.137500047683716,2.059999942779541,2.132499933242798,2.132499933242798,10451600
2019-05-15,2.109999895095825,2.177500009536743,2.109999895095825,2.172499895095825,2.172499895095825,9014000
2019-05-16,2.184999942779541,2.2100000381469727,2.1600000858306885,2.1675000190734863,2.1675000190734863,7004000
2019-05-17,2.134999990463257,2.194999933242798,2.134999990463257,2.1524999141693115,2.1524999141693115,7869200
2019-05-20,2.115000009536743,2.130000114440918,1.9950000047683716,2.015000104904175,2.015000104904175,20174400
2019-05-21,2.0174999237060547,2.0350000858306885,1.972499966621399,2.0325000286102295,2.0325000286102295,22788400
2019-05-22,2.0174999237060547,2.0199999809265137,1.940000057220459,1.975000023841858,1.975000023841858,18064400
2019-05-23,1.9600000381469727,1.965000033378601,1.9175000190734863,1.9249999523162842,1.9249999523162842,15678000
2019-05-24,1.9275000095367432,1.965000033378601,1.9275000095367432,1.9550000429153442,1.9550000429153442,10168400
2019-05-28,1.962499976158142,1.997499942779541,1.934999942779541,1.934999942779541,1.934999942779541,10931200
2019-05-29,1.9325000047683716,1.9375,1.847499966621399,1.8925000429153442,1.8925000429153442,16510800
2019-05-30,1.8925000429153442,1.9249999523162842,1.8825000524520874,1.899999976158142,1.899999976158142,10780800
2019-05-31,1.8674999475479126,1.9149999618530273,1.8300000429153442,1.8949999809265137,1.8949999809265137,15932400
2019-06-03,1.8949999809265137,1.912500023841858,1.8550000190734863,1.8674999475479126,1.8674999475479126,20916400
2019-06-04,1.8949999809265137,1.962499976158142,1.8799999952316284,1.9550000429153442,1.9550000429153442,41720400
2019-06-05,1.372499942779541,1.3975000381469727,1.1775000095367432,1.2599999904632568,1.2599999904632568,157416800
2019-06-06,1.2450000047683716,1.2825000286102295,1.2100000381469727,1.2825000286102295,1.2825000286102295,54232000
2019-06-07,1.2825000286102295,1.3075000047683716,1.247499942779541,1.2549999952316284,1.2549999952316284,42365200
2019-06-10,1.3424999713897705,1.3875000476837158,1.3224999904632568,1.3600000143051147,1.3600000143051147,75706000
2019-06-11,1.3825000524520874,1.462499976158142,1.372499942779541,1.4299999475479126,1.4299999475479126,53695200
2019-06-12,1.4199999570846558,1.4500000476837158,1.375,1.375,1.375,19657200
2019-06-13,1.3875000476837158,1.4325000047683716,1.372499942779541,1.4249999523162842,1.4249999523162842,23363200
2019-06-14,1.4249999523162842,1.4574999809265137,1.402500033378601,1.4075000286102295,1.4075000286102295,21218400
2019-06-17,1.4075000286102295,1.4524999856948853,1.399999976158142,1.4249999523162842,1.4249999523162842,14746000
2019-06-18,1.4275000095367432,1.4574999809265137,1.4175000190734863,1.4325000047683716,1.4325000047683716,16281600
2019-06-19,1.4375,1.4375,1.402500033378601,1.4075000286102295,1.4075000286102295,11893200
2019-06-20,1.4149999618530273,1.4225000143051147,1.3799999952316284,1.3825000524520874,1.3825000524520874,15735200
2019-06-21,1.3799999952316284,1.3799999952316284,1.3274999856948853,1.3550000190734863,1.3550000190734863,35817200
2019-06-24,1.3524999618530273,1.3674999475479126,1.3200000524520874,1.3424999713897705,1.3424999713897705,19293200
2019-06-25,1.3350000381469727,1.3825000524520874,1.3300000429153442,1.3624999523162842,1.3624999523162842,12341600
2019-06-26,1.3674999475479126,1.3799999952316284,1.3450000286102295,1.3674999475479126,1.3674999475479126,14207200
2019-06-27,1.3650000095367432,1.3975000381469727,1.3574999570846558,1.3849999904632568,1.3849999904632568,15024000
2019-06-28,1.3825000524520874,1.3949999809265137,1.3600000143051147,1.3674999475479126,1.3674999475479126,15585600
2019-07-01,1.3825000524520874,1.3925000429153442,1.3350000381469727,1.340000033378601,1.340000033378601,17243200
2019-07-02,1.337499976158142,1.3624999523162842,1.3300000429153442,1.3450000286102295,1.3450000286102295,22574000
2019-07-03,1.3524999618530273,1.3574999570846558,1.3174999952316284,1.3274999856948853,1.3274999856948853,10248400
2019-07-05,1.3250000476837158,1.409999966621399,1.3174999952316284,1.3799999952316284,1.3799999952316284,51578400
2019-07-08,1.375,1.3825000524520874,1.3550000190734863,1.3624999523162842,1.3624999523162842,26370800
2019-07-09,1.3700000047683716,1.3875000476837158,1.3200000524520874,1.3274999856948853,1.3274999856948853,46887600
2019-07-10,1.337499976158142,1.3424999713897705,1.2925000190734863,1.2949999570846558,1.2949999570846558,43413200
2019-07-11,1.2450000047683716,1.252500057220459,1.1825000047683716,1.2100000381469727,1.2100000381469727,67112800
2019-07-12,1.215000033378601,1.2324999570846558,1.2024999856948853,1.2274999618530273,1.2274999618530273,17568800
2019-07-15,1.2174999713897705,1.222499966621399,1.1875,1.1875,1.1875,12273600
2019-07-16,1.190000057220459,1.2024999856948853,1.1575000286102295,1.1575000286102295,1.1575000286102295,23880000
2019-07-17,1.1575000286102295,1.159999966621399,1.0824999809265137,1.0950000286102295,1.0950000286102295,30572400
2019-07-18,1.097499966621399,1.1050000190734863,1.0299999713897705,1.0499999523162842,1.0499999523162842,34342800
2019-07-19,1.0549999475479126,1.1050000190734863,1.0549999475479126,1.0800000429153442,1.0800000429153442,43786000
2019-07-22,1.0824999809265137,1.100000023841858,1.0299999713897705,1.034999966621399,1.034999966621399,21954800
2019-07-23,1.037500023841858,1.0499999523162842,0.9950000047683716,1.0225000381469727,1.0225000381469727,30814000
2019-07-24,1.0199999809265137,1.0499999523162842,1.0125000476837158,1.0199999809265137,1.0199999809265137,24082400
2019-07-25,1.024999976158142,1.0800000429153442,0.9925000071525574,0.9950000047683716,0.9950000047683716,23160000
2019-07-26,1.0,1.0199999809265137,0.9900000095367432,1.002500057220459,1.002500057220459,12836000
2019-07-29,1.0049999952316284,1.0399999618530273,1.0049999952316284,1.0299999713897705,1.0299999713897705,17308400
2019-07-30,1.024999976158142,1.0325000286102295,0.9750000238418579,1.0075000524520874,1.0075000524520874,21085600
2019-07-31,1.0075000524520874,1.0449999570846558,1.0,1.0049999952316284,1.0049999952316284,20835600
2019-08-01,1.0049999952316284,1.0149999856948853,0.9449999928474426,0.9599999785423279,0.9599999785423279,22386000
2019-08-02,0.9574999809265137,0.9725000262260437,0.9375,0.9449999928474426,0.9449999928474426,14378800
2019-08-05,0.9300000071525574,0.9375,0.8949999809265137,0.9275000095367432,0.9275000095367432,22727200
2019-08-06,0.9325000047683716,0.9549999833106995,0.9075000286102295,0.9524999856948853,0.9524999856948853,20629600
2019-08-07,0.9350000023841858,0.9624999761581421,0.9150000214576721,0.9524999856948853,0.9524999856948853,23424400
2019-08-08,0.9599999785423279,0.9775000214576721,0.9424999952316284,0.9725000262260437,0.9725000262260437,9226800
2019-08-09,0.9574999809265137,0.9649999737739563,0.8974999785423279,0.8974999785423279,0.8974999785423279,12317600
2019-08-12,0.8949999809265137,0.9049999713897705,0.8600000143051147,0.8774999976158142,0.8774999976158142,10710400
2019-08-13,0.8700000047683716,0.9399999976158142,0.8675000071525574,0.8675000071525574,0.8675000071525574,18018000
2019-08-14,0.8475000262260437,0.8550000190734863,0.7975000143051147,0.8299999833106995,0.8299999833106995,24327600
2019-08-15,0.8299999833106995,0.8525000214576721,0.7875000238418579,0.8025000095367432,0.8025000095367432,23553600
2019-08-16,0.8125,0.8399999737739563,0.8025000095367432,0.8299999833106995,0.8299999833106995,12522800
2019-08-19,0.8424999713897705,0.8675000071525574,0.8349999785423279,0.8450000286102295,0.8450000286102295,11550000
2019-08-20,0.8374999761581421,0.8650000095367432,0.8199999928474426,0.8550000190734863,0.8550000190734863,17040000
2019-08-21,0.875,0.9049999713897705,0.8600000143051147,0.8849999904632568,0.8849999904632568,23643600
2019-08-22,0.9925000071525574,1.0625,0.9300000071525574,0.9674999713897705,0.9674999713897705,116709200
2019-08-23,0.9599999785423279,0.9750000238418579,0.8899999856948853,0.9125000238418579,0.9125000238418579,34643600
2019-08-26,0.9300000071525574,1.0099999904632568,0.9125000238418579,0.9549999833106995,0.9549999833106995,41277600
2019-08-27,0.9674999713897705,0.9825000166893005,0.9200000166893005,0.925000011920929,0.925000011920929,22804000
2019-08-28,0.925000011920929,0.9925000071525574,0.9175000190734863,0.9700000286102295,0.9700000286102295,25756800
2019-08-29,0.9825000166893005,1.0724999904632568,0.9375,1.0575000047683716,1.0575000047683716,53454000
2019-08-30,1.065000057220459,1.090000033378601,0.9800000190734863,0.9925000071525574,0.9925000071525574,42538400
2019-09-03,0.9925000071525574,1.0175000429153442,0.9150000214576721,0.9524999856948853,0.9524999856948853,36177600
2019-09-04,0.9700000286102295,1.0,0.9624999761581421,0.9950000047683716,0.9950000047683716,16908400
2019-09-05,1.0199999809265137,1.059999942779541,1.0175000429153442,1.0575000047683716,1.0575000047683716,27568000
2019-09-06,1.059999942779541,1.090000033378601,1.034999966621399,1.0774999856948853,1.0774999856948853,26806000
2019-09-09,1.087499976158142,1.2300000190734863,1.087499976158142,1.190000057220459,1.190000057220459,58315200
2019-09-10,1.2174999713897705,1.274999976158142,1.127500057220459,1.2725000381469727,1.2725000381469727,66636800
2019-09-11,1.0475000143051147,1.2374999523162842,0.9925000071525574,1.1475000381469727,1.1475000381469727,136020000
2019-09-12,1.149999976158142,1.2024999856948853,1.1074999570846558,1.1449999809265137,1.1449999809265137,35634800
2019-09-13,1.1549999713897705,1.1924999952316284,1.0924999713897705,1.1024999618530273,1.1024999618530273,30648800
2019-09-16,1.0750000476837158,1.1174999475479126,1.0674999952316284,1.087499976158142,1.087499976158142,27045200
2019-09-17,1.0750000476837158,1.0850000381469727,1.0325000286102295,1.0824999809265137,1.0824999809265137,25624000
2019-09-18,1.0824999809265137,1.1725000143051147,1.0824999809265137,1.149999976158142,1.149999976158142,39184800
2019-09-19,1.159999966621399,1.1675000190734863,1.1050000190734863,1.1100000143051147,1.1100000143051147,31441200
2019-09-20,1.1475000381469727,1.2000000476837158,1.125,1.1749999523162842,1.1749999523162842,46415200
2019-09-23,1.1699999570846558,1.2999999523162842,1.152500033378601,1.2549999952316284,1.2549999952316284,49896000
2019-09-24,1.284999966621399,1.375,1.2450000047683716,1.252500057220459,1.252500057220459,52391600
2019-09-25,1.2725000381469727,1.3875000476837158,1.2699999809265137,1.2999999523162842,1.2999999523162842,48657200
2019-09-26,1.2975000143051147,1.3350000381469727,1.2699999809265137,1.3200000524520874,1.3200000524520874,24323600
2019-09-27,1.3125,1.3624999523162842,1.3049999475479126,1.3350000381469727,1.3350000381469727,22194000
2019-09-30,1.3574999570846558,1.409999966621399,1.350000023841858,1.3799999952316284,1.3799999952316284,35679200
2019-10-01,1.409999966621399,1.4550000429153442,1.372499942779541,1.3949999809265137,1.3949999809265137,26369600
2019-10-02,1.3875000476837158,1.3875000476837158,1.309999942779541,1.3300000429153442,1.3300000429153442,32619600
2019-10-03,1.3250000476837158,1.3700000047683716,1.3075000047683716,1.3550000190734863,1.3550000190734863,17386800
2019-10-04,1.3574999570846558,1.3899999856948853,1.3424999713897705,1.3875000476837158,1.3875000476837158,16852400
2019-10-07,1.3700000047683716,1.3949999809265137,1.3524999618530273,1.372499942779541,1.372499942779541,16619200
2019-10-08,1.3574999570846558,1.3600000143051147,1.2899999618530273,1.3075000047683716,1.3075000047683716,19292400
2019-10-09,1.3125,1.3250000476837158,1.2400000095367432,1.247499942779541,1.247499942779541,23238400
2019-10-10,1.2549999952316284,1.287500023841858,1.2400000095367432,1.2625000476837158,1.2625000476837158,20912000
2019-10-11,1.284999966621399,1.372499942779541,1.284999966621399,1.3424999713897705,1.3424999713897705,23636800
2019-10-14,1.3300000429153442,1.3975000381469727,1.3049999475479126,1.3949999809265137,1.3949999809265137,21095600
2019-10-15,1.399999976158142,1.4774999618530273,1.3975000381469727,1.402500033378601,1.402500033378601,25403600
2019-10-16,1.3949999809265137,1.4774999618530273,1.3949999809265137,1.4700000286102295,1.4700000286102295,15474800
2019-10-17,1.472499966621399,1.5125000476837158,1.4500000476837158,1.5075000524520874,1.5075000524520874,14426400
2019-10-18,1.5075000524520874,1.5125000476837158,1.4424999952316284,1.4850000143051147,1.4850000143051147,12788400
2019-10-21,1.4950000047683716,1.5399999618530273,1.4550000429153442,1.4824999570846558,1.4824999570846558,14446400
2019-10-22,1.4824999570846558,1.6100000143051147,1.4824999570846558,1.597499966621399,1.597499966621399,16698000
2019-10-23,1.5824999809265137,1.6549999713897705,1.5575000047683716,1.6074999570846558,1.6074999570846558,16285600
2019-10-24,1.625,1.6375000476837158,1.5075000524520874,1.6050000190734863,1.6050000190734863,17072800
2019-10-25,1.5800000429153442,1.6074999570846558,1.5625,1.587499976158142,1.587499976158142,10581600
2019-10-28,1.5950000286102295,1.622499942779541,1.5425000190734863,1.5475000143051147,1.5475000143051147,11418800
2019-10-29,1.5525000095367432,1.5625,1.4474999904632568,1.4524999856948853,1.4524999856948853,15675200
2019-10-30,1.440000057220459,1.4574999809265137,1.3799999952316284,1.4325000047683716,1.4325000047683716,14958000
2019-10-31,1.4075000286102295,1.4225000143051147,1.3274999856948853,1.3600000143051147,1.3600000143051147,17434400
2019-11-01,1.3624999523162842,1.5,1.3574999570846558,1.4600000381469727,1.4600000381469727,20841600
2019-11-04,1.475000023841858,1.5049999952316284,1.4424999952316284,1.462499976158142,1.462499976158142,14680000
2019-11-05,1.4700000286102295,1.5499999523162842,1.465000033378601,1.4774999618530273,1.4774999618530273,13496400
2019-11-06,1.475000023841858,1.5475000143051147,1.4550000429153442,1.5225000381469727,1.5225000381469727,16513200
2019-11-07,1.5449999570846558,1.5800000429153442,1.5099999904632568,1.5549999475479126,1.5549999475479126,12517200
2019-11-08,1.5425000190734863,1.5700000524520874,1.5125000476837158,1.5225000381469727,1.5225000381469727,7874800
2019-11-11,1.5125000476837158,1.5225000381469727,1.4424999952316284,1.5049999952316284,1.5049999952316284,12437600
2019-11-12,1.5075000524520874,1.5175000429153442,1.4674999713897705,1.4800000190734863,1.4800000190734863,7338000
2019-11-13,1.4774999618530273,1.4924999475479126,1.4524999856948853,1.4850000143051147,1.4850000143051147,6134400
2019-11-14,1.4874999523162842,1.527500033378601,1.475000023841858,1.4950000047683716,1.4950000047683716,6834800
2019-11-15,1.5,1.502500057220459,1.462499976158142,1.4700000286102295,1.4700000286102295,8663600
2019-11-18,1.462499976158142,1.462499976158142,1.402500033378601,1.4049999713897705,1.4049999713897705,11983600
2019-11-19,1.3925000429153442,1.4149999618530273,1.3624999523162842,1.375,1.375,13442000
2019-11-20,1.3849999904632568,1.3849999904632568,1.340000033378601,1.3650000095367432,1.3650000095367432,10666800
2019-11-21,1.3650000095367432,1.3949999809265137,1.337499976158142,1.375,1.375,11136000
2019-11-22,1.3975000381469727,1.462499976158142,1.375,1.4149999618530273,1.4149999618530273,13972400
2019-11-25,1.4175000190734863,1.5149999856948853,1.4075000286102295,1.5075000524520874,1.5075000524520874,10979600
2019-11-26,1.5075000524520874,1.565000057220459,1.502500057220459,1.524999976158142,1.524999976158142,10594800
2019-11-27,1.524999976158142,1.597499966621399,1.5049999952316284,1.587499976158142,1.587499976158142,12120000
2019-11-29,1.5824999809265137,1.597499966621399,1.559999942779541,1.5850000381469727,1.5850000381469727,5476000
2019-12-02,1.587499976158142,1.6150000095367432,1.5225000381469727,1.5425000190734863,1.5425000190734863,8242400
2019-12-03,1.5099999904632568,1.5449999570846558,1.4824999570846558,1.5299999713897705,1.5299999713897705,8859600
2019-12-04,1.5425000190734863,1.622499942779541,1.5299999713897705,1.6074999570846558,1.6074999570846558,11489600
2019-12-05,1.5800000429153442,1.6299999952316284,1.559999942779541,1.600000023841858,1.600000023841858,17525600
2019-12-06,1.597499966621399,1.6699999570846558,1.597499966621399,1.6699999570846558,1.6699999570846558,19029200
2019-12-09,1.662500023841858,1.7300000190734863,1.5475000143051147,1.5824999809265137,1.5824999809265137,25002400
2019-12-10,1.5724999904632568,1.6349999904632568,1.5299999713897705,1.627500057220459,1.627500057220459,38379600
2019-12-11,1.3125,1.4524999856948853,1.2949999570846558,1.3825000524520874,1.3825000524520874,78071200
2019-12-12,1.3650000095367432,1.4275000095367432,1.3524999618530273,1.3949999809265137,1.3949999809265137,25549200
2019-12-13,1.3674999475479126,1.4049999713897705,1.309999942779541,1.3624999523162842,1.3624999523162842,21756000
2019-12-16,1.347499966621399,1.3975000381469727,1.347499966621399,1.375,1.375,17627600
2019-12-17,1.375,1.5199999809265137,1.372499942779541,1.5149999856948853,1.5149999856948853,16565600
2019-12-18,1.5149999856948853,1.5674999952316284,1.4824999570846558,1.5399999618530273,1.5399999618530273,21056400
2019-12-19,1.5525000095367432,1.559999942779541,1.5075000524520874,1.5149999856948853,1.5149999856948853,17808000
2019-12-20,1.5149999856948853,1.5549999475479126,1.4900000095367432,1.497499942779541,1.497499942779541,21938400
2019-12-23,1.5125000476837158,1.5175000429153442,1.3849999904632568,1.402500033378601,1.402500033378601,25130800
2019-12-24,1.412500023841858,1.4175000190734863,1.3600000143051147,1.3600000143051147,1.3600000143051147,13582000
2019-12-26,1.3674999475479126,1.377500057220459,1.3125,1.350000023841858,1.350000023841858,17057600
2019-12-27,1.3550000190734863,1.4950000047683716,1.347499966621399,1.475000023841858,1.475000023841858,44165200
2019-12-30,1.4700000286102295,1.5625,1.440000057220459,1.5325000286102295,1.5325000286102295,17928400
2019-12-31,1.5199999809265137,1.597499966621399,1.497499942779541,1.5199999809265137,1.5199999809265137,17290400
2020-01-02,1.534999966621399,1.6174999475479126,1.5175000429153442,1.5774999856948853,1.5774999856948853,17814400
2020-01-03,1.5525000095367432,1.5625,1.4600000381469727,1.4700000286102295,1.4700000286102295,14175600
2020-01-06,1.4500000476837158,1.4774999618530273,1.399999976158142,1.462499976158142,1.462499976158142,13579200
2020-01-07,1.4424999952316284,1.4574999809265137,1.3600000143051147,1.3799999952316284,1.3799999952316284,20912000
2020-01-08,1.372499942779541,1.462499976158142,1.3524999618530273,1.4299999475479126,1.4299999475479126,22517600
2020-01-09,1.4550000429153442,1.4550000429153442,1.3700000047683716,1.3875000476837158,1.3875000476837158,10572000
2020-01-10,1.3899999856948853,1.399999976158142,1.3450000286102295,1.3574999570846558,1.3574999570846558,11125600
2020-01-13,1.3574999570846558,1.402500033378601,1.3324999809265137,1.3574999570846558,1.3574999570846558,14500800
2020-01-14,1.1950000524520874,1.25,1.1325000524520874,1.1775000095367432,1.1775000095367432,50247600
2020-01-15,1.1649999618530273,1.1825000047683716,1.1375000476837158,1.152500033378601,1.152500033378601,19924400
2020-01-16,1.152500033378601,1.1775000095367432,1.1299999952316284,1.1549999713897705,1.1549999713897705,17148400
2020-01-17,1.1449999809265137,1.1875,1.127500057220459,1.1875,1.1875,16078000
2020-01-21,1.1875,1.1875,1.1375000476837158,1.1475000381469727,1.1475000381469727,14128400
2020-01-22,1.1375000476837158,1.159999966621399,1.1150000095367432,1.1399999856948853,1.1399999856948853,10510000
2020-01-23,1.1375000476837158,1.159999966621399,1.1150000095367432,1.1549999713897705,1.1549999713897705,7520800
2020-01-24,1.159999966621399,1.159999966621399,1.0625,1.0800000429153442,1.0800000429153442,16654400
2020-01-27,1.0499999523162842,1.087499976158142,1.0399999618530273,1.0700000524520874,1.0700000524520874,8490000
2020-01-28,1.0750000476837158,1.0750000476837158,1.0449999570846558,1.0525000095367432,1.0525000095367432,8579600
2020-01-29,1.0549999475479126,1.0800000429153442,1.0325000286102295,1.0325000286102295,1.0325000286102295,6210400
2020-01-30,1.024999976158142,1.0299999713897705,0.9700000286102295,0.9825000166893005,0.9825000166893005,12026000
2020-01-31,0.9775000214576721,0.9850000143051147,0.9574999809265137,0.9599999785423279,0.9599999785423279,11566800
2020-02-03,0.9700000286102295,0.9950000047683716,0.9624999761581421,0.987500011920929,0.987500011920929,8102400
2020-02-04,1.0075000524520874,1.0625,0.9925000071525574,1.0175000429153442,1.0175000429153442,14252400
2020-02-05,1.037500023841858,1.1024999618530273,1.034999966621399,1.0449999570846558,1.0449999570846558,10566800
2020-02-06,1.0499999523162842,1.0750000476837158,1.034999966621399,1.034999966621399,1.034999966621399,6041200
2020-02-07,1.027500033378601,1.0325000286102295,0.9424999952316284,0.9524999856948853,0.9524999856948853,10969200
2020-02-10,0.9624999761581421,1.024999976158142,0.9350000023841858,0.9850000143051147,0.9850000143051147,11108000
2020-02-11,0.9950000047683716,1.059999942779541,0.987500011920929,1.0049999952316284,1.0049999952316284,13660000
2020-02-12,1.0325000286102295,1.127500057220459,1.0175000429153442,1.0475000143051147,1.0475000143051147,19282400
2020-02-13,1.0299999713897705,1.065000057220459,1.0175000429153442,1.027500033378601,1.027500033378601,8326800
2020-02-14,1.027500033378601,1.0475000143051147,1.0049999952316284,1.0049999952316284,1.0049999952316284,6330800
2020-02-18,1.002500057220459,1.0199999809265137,0.9900000095367432,1.0149999856948853,1.0149999856948853,5870400
2020-02-19,1.0149999856948853,1.0674999952316284,0.9800000190734863,1.037500023841858,1.037500023841858,10372400
2020-02-20,1.0399999618530273,1.0750000476837158,1.027500033378601,1.034999966621399,1.034999966621399,6249200
2020-02-21,1.0299999713897705,1.0449999570846558,0.9975000023841858,1.0099999904632568,1.0099999904632568,6782800
2020-02-24,0.9750000238418579,0.9825000166893005,0.925000011920929,0.925000011920929,0.925000011920929,14265200
2020-02-25,0.9424999952316284,0.9474999904632568,0.887499988079071,0.8899999856948853,0.8899999856948853,17791600
2020-02-26,0.8949999809265137,0.9049999713897705,0.8399999737739563,0.8475000262260437,0.8475000262260437,18899200
2020-02-27,0.8075000047683716,0.9075000286102295,0.7950000166893005,0.8675000071525574,0.8675000071525574,15518000
2020-02-28,0.8349999785423279,0.9300000071525574,0.8349999785423279,0.8999999761581421,0.8999999761581421,18768800
2020-03-02,0.8999999761581421,0.9624999761581421,0.8475000262260437,0.9574999809265137,0.9574999809265137,12833600
2020-03-03,0.9700000286102295,0.9725000262260437,0.875,0.9075000286102295,0.9075000286102295,17130000
2020-03-04,0.9275000095367432,0.9574999809265137,0.8650000095367432,0.9424999952316284,0.9424999952316284,17030400
2020-03-05,0.925000011920929,0.9975000023841858,0.8974999785423279,0.9900000095367432,0.9900000095367432,14397600
2020-03-06,0.9599999785423279,1.0175000429153442,0.9399999976158142,0.9800000190734863,0.9800000190734863,8387200
2020-03-09,0.8974999785423279,0.9925000071525574,0.875,0.925000011920929,0.925000011920929,10928000
2020-03-10,0.9850000143051147,1.065000057220459,0.949999988079071,1.0575000047683716,1.0575000047683716,19452800
2020-03-11,1.034999966621399,1.0625,1.0,1.034999966621399,1.034999966621399,17656400
2020-03-12,0.925000011920929,1.0099999904632568,0.8700000047683716,0.9950000047683716,0.9950000047683716,20493600
2020-03-13,1.0325000286102295,1.162500023841858,0.9624999761581421,1.1475000381469727,1.1475000381469727,23148800
2020-03-16,0.9825000166893005,1.1425000429153442,0.9750000238418579,1.0924999713897705,1.0924999713897705,19466800
2020-03-17,1.100000023841858,1.162500023841858,1.027500033378601,1.0575000047683716,1.0575000047683716,14248800
2020-03-18,1.024999976158142,1.0625,0.875,0.9424999952316284,0.9424999952316284,14606800
2020-03-19,0.9275000095367432,1.0499999523162842,0.887499988079071,1.0475000143051147,1.0475000143051147,20158000
2020-03-20,1.0199999809265137,1.0199999809265137,0.9125000238418579,0.9399999976158142,0.9399999976158142,30888800
2020-03-23,0.8949999809265137,0.9649999737739563,0.875,0.9524999856948853,0.9524999856948853,24039200
2020-03-24,0.987500011920929,1.0525000095367432,0.9725000262260437,1.0399999618530273,1.0399999618530273,27222400
2020-03-25,1.037500023841858,1.122499942779541,1.0099999904632568,1.0425000190734863,1.0425000190734863,14368400
2020-03-26,1.059999942779541,1.1775000095367432,1.059999942779541,1.1024999618530273,1.1024999618530273,24742800
2020-03-27,1.2350000143051147,1.2725000381469727,1.037500023841858,1.0549999475479126,1.0549999475479126,28099200
2020-03-30,1.0549999475479126,1.0674999952316284,0.9125000238418579,0.9125000238418579,0.9125000238418579,13402400
2020-03-31,0.9075000286102295,0.949999988079071,0.875,0.875,0.875,9203600
2020-04-01,0.862500011920929,0.8725000023841858,0.7799999713897705,0.8125,0.8125,18274800
2020-04-02,0.8149999976158142,0.8374999761581421,0.7124999761581421,0.7124999761581421,0.7124999761581421,16257200
2020-04-03,0.7124999761581421,0.7350000143051147,0.6424999833106995,0.699999988079071,0.699999988079071,15321600
2020-04-06,0.7149999737739563,0.800000011920929,0.7074999809265137,0.7724999785423279,0.7724999785423279,13362000
2020-04-07,0.8475000262260437,0.8600000143051147,0.7749999761581421,0.8174999952316284,0.8174999952316284,11347600
2020-04-08,0.8075000047683716,0.9175000190734863,0.800000011920929,0.8525000214576721,0.8525000214576721,11538000
2020-04-09,0.8999999761581421,1.0625,0.8725000023841858,0.9725000262260437,0.9725000262260437,23634400
2020-04-13,1.0625,1.190000057220459,1.0399999618530273,1.184999942779541,1.184999942779541,27378000
2020-04-14,1.3025000095367432,1.6174999475479126,1.284999966621399,1.4874999523162842,1.4874999523162842,54026400
2020-04-15,1.4149999618530273,1.4175000190734863,1.225000023841858,1.3174999952316284,1.3174999952316284,29999600
2020-04-16,1.2799999713897705,1.3600000143051147,1.2200000286102295,1.2575000524520874,1.2575000524520874,13487600
2020-04-17,1.3049999475479126,1.3200000524520874,1.1074999570846558,1.2200000286102295,1.2200000286102295,22612800
2020-04-20,1.212499976158142,1.475000023841858,1.1950000524520874,1.402500033378601,1.402500033378601,24340000
2020-04-21,1.3075000047683716,1.3250000476837158,1.190000057220459,1.1950000524520874,1.1950000524520874,16568400
2020-04-22,1.284999966621399,1.2925000190734863,1.2074999809265137,1.222499966621399,1.222499966621399,10711200
2020-04-23,1.1875,1.222499966621399,1.1449999809265137,1.1749999523162842,1.1749999523162842,9063600
2020-04-24,1.1950000524520874,1.212499976158142,1.1649999618530273,1.1924999952316284,1.1924999952316284,8944800
2020-04-27,1.212499976158142,1.497499942779541,1.2024999856948853,1.4550000429153442,1.4550000429153442,29100400
2020-04-28,1.4800000190734863,1.5099999904632568,1.2649999856948853,1.409999966621399,1.409999966621399,20800800
2020-04-29,1.4574999809265137,1.5225000381469727,1.3624999523162842,1.5099999904632568,1.5099999904632568,13478400
2020-04-30,1.4674999713897705,1.4950000047683716,1.409999966621399,1.4325000047683716,1.4325000047683716,8693200
2020-05-01,1.412500023841858,1.5449999570846558,1.3624999523162842,1.5125000476837158,1.5125000476837158,16022400
2020-05-04,1.4600000381469727,1.4824999570846558,1.350000023841858,1.3700000047683716,1.3700000047683716,16272400
2020-05-05,1.3875000476837158,1.4075000286102295,1.337499976158142,1.347499966621399,1.347499966621399,8423600
2020-05-06,1.350000023841858,1.350000023841858,1.225000023841858,1.2324999570846558,1.2324999570846558,13478400
2020-05-07,1.2074999809265137,1.2324999570846558,1.162500023841858,1.2174999713897705,1.2174999713897705,10003200
2020-05-08,1.2200000286102295,1.2975000143051147,1.2050000429153442,1.2450000047683716,1.2450000047683716,9410400
2020-05-11,1.2300000190734863,1.2400000095367432,1.1875,1.190000057220459,1.190000057220459,6796800
2020-05-12,1.1950000524520874,1.2300000190734863,1.1150000095367432,1.1349999904632568,1.1349999904632568,10556800
2020-05-13,1.1349999904632568,1.1349999904632568,1.0175000429153442,1.0525000095367432,1.0525000095367432,11531600
2020-05-14,1.037500023841858,1.0475000143051147,0.9900000095367432,1.0325000286102295,1.0325000286102295,8019600
2020-05-15,1.0125000476837158,1.1124999523162842,1.0099999904632568,1.0549999475479126,1.0549999475479126,7762400
2020-05-18,1.100000023841858,1.1575000286102295,1.090000033378601,1.1449999809265137,1.1449999809265137,9456800
2020-05-19,1.1449999809265137,1.1875,1.0924999713897705,1.1100000143051147,1.1100000143051147,7362800
2020-05-20,1.125,1.1725000143051147,1.0850000381469727,1.1074999570846558,1.1074999570846558,10174400
2020-05-21,1.1124999523162842,1.162500023841858,1.100000023841858,1.1100000143051147,1.1100000143051147,7887600
2020-05-22,1.1150000095367432,1.122499942779541,1.0325000286102295,1.0449999570846558,1.0449999570846558,9519600
2020-05-26,1.0850000381469727,1.152500033378601,1.0824999809265137,1.1050000190734863,1.1050000190734863,14182800
2020-05-27,1.1425000429153442,1.1775000095367432,1.090000033378601,1.1725000143051147,1.1725000143051147,12586400
2020-05-28,1.1875,1.190000057220459,1.0750000476837158,1.0824999809265137,1.0824999809265137,8735600
2020-05-29,1.0824999809265137,1.1050000190734863,1.0125000476837158,1.0149999856948853,1.0149999856948853,15846800
2020-06-01,1.0299999713897705,1.090000033378601,1.0049999952316284,1.0325000286102295,1.0325000286102295,10446400
2020-06-02,1.0674999952316284,1.0774999856948853,1.0149999856948853,1.0449999570846558,1.0449999570846558,9477600
2020-06-03,1.059999942779541,1.1299999952316284,1.0499999523162842,1.1100000143051147,1.1100000143051147,12149600
2020-06-04,1.1100000143051147,1.1799999475479126,1.0924999713897705,1.1174999475479126,1.1174999475479126,14057200
2020-06-05,1.0724999904632568,1.1024999618530273,1.0225000381469727,1.034999966621399,1.034999966621399,25097600
2020-06-08,1.0700000524520874,1.284999966621399,1.0674999952316284,1.252500057220459,1.252500057220459,40534800
2020-06-09,1.25,1.25,1.1375000476837158,1.2400000095367432,1.2400000095367432,32293600
2020-06-10,1.1950000524520874,1.3825000524520874,1.1699999570846558,1.2675000429153442,1.2675000429153442,42425600
2020-06-11,1.159999966621399,1.225000023841858,1.0449999570846558,1.0924999713897705,1.0924999713897705,24944000
2020-06-12,1.149999976158142,1.1950000524520874,1.097499966621399,1.1799999475479126,1.1799999475479126,17512800
2020-06-15,1.125,1.1924999952316284,1.1050000190734863,1.1725000143051147,1.1725000143051147,15636000
2020-06-16,1.2374999523162842,1.2374999523162842,1.127500057220459,1.159999966621399,1.159999966621399,12485200
2020-06-17,1.1349999904632568,1.2074999809265137,1.1325000524520874,1.190000057220459,1.190000057220459,14374000
2020-06-18,1.1675000190734863,1.2374999523162842,1.162500023841858,1.2374999523162842,1.2374999523162842,13695200
2020-06-19,1.2374999523162842,1.2699999809265137,1.1725000143051147,1.2200000286102295,1.2200000286102295,29466400
2020-06-22,1.1974999904632568,1.2374999523162842,1.1799999475479126,1.2174999713897705,1.2174999713897705,12715600
2020-06-23,1.2374999523162842,1.247499942779541,1.2000000476837158,1.2074999809265137,1.2074999809265137,12821600
2020-06-24,1.2074999809265137,1.2100000381469727,1.0950000286102295,1.1024999618530273,1.1024999618530273,11904800
2020-06-25,1.0824999809265137,1.1349999904632568,1.0750000476837158,1.1150000095367432,1.1150000095367432,9803200
2020-06-26,1.1200000047683716,1.125,1.0674999952316284,1.087499976158142,1.087499976158142,15204800
2020-06-29,1.087499976158142,1.1299999952316284,1.0750000476837158,1.0950000286102295,1.0950000286102295,8524800
2020-06-30,1.0824999809265137,1.127500057220459,1.0499999523162842,1.0850000381469727,1.0850000381469727,15556000
2020-07-01,1.0774999856948853,1.125,1.0774999856948853,1.1100000143051147,1.1100000143051147,9214800
2020-07-02,1.122499942779541,1.127500057220459,1.0724999904632568,1.0724999904632568,1.0724999904632568,7550400
2020-07-06,1.0774999856948853,1.0850000381469727,1.0475000143051147,1.059999942779541,1.059999942779541,8563600
2020-07-07,1.0499999523162842,1.0625,1.0149999856948853,1.0225000381469727,1.0225000381469727,9826400
2020-07-08,1.024999976158142,1.0724999904632568,1.0075000524520874,1.065000057220459,1.065000057220459,8211200
2020-07-09,1.0674999952316284,1.0800000429153442,1.0325000286102295,1.0525000095367432,1.0525000095367432,7970400
2020-07-10,1.0499999523162842,1.0950000286102295,1.0449999570846558,1.0850000381469727,1.0850000381469727,5643200
2020-07-13,1.087499976158142,1.1375000476837158,1.065000057220459,1.065000057220459,1.065000057220459,16864800
2020-07-14,1.0549999475479126,1.0774999856948853,1.0175000429153442,1.0199999809265137,1.0199999809265137,9046400
2020-07-15,1.0325000286102295,1.0724999904632568,1.0325000286102295,1.0475000143051147,1.0475000143051147,5896400
2020-07-16,1.0475000143051147,1.0499999523162842,1.0225000381469727,1.0425000190734863,1.0425000190734863,5320400
2020-07-17,1.0399999618530273,1.0575000047683716,0.9850000143051147,0.9900000095367432,0.9900000095367432,12263600
2020-07-20,0.987500011920929,1.0149999856948853,0.9424999952316284,0.9624999761581421,0.9624999761581421,13604400
2020-07-21,0.9750000238418579,1.0225000381469727,0.9700000286102295,1.002500057220459,1.002500057220459,13351600
2020-07-22,1.0049999952316284,1.0299999713897705,0.9800000190734863,1.027500033378601,1.027500033378601,10094000
2020-07-23,1.0225000381469727,1.0774999856948853,1.0149999856948853,1.027500033378601,1.027500033378601,12948800
2020-07-24,1.0149999856948853,1.0575000047683716,1.002500057220459,1.0075000524520874,1.0075000524520874,8863600
2020-07-27,1.0049999952316284,1.0299999713897705,0.987500011920929,1.002500057220459,1.002500057220459,9890800
2020-07-28,0.9900000095367432,1.0125000476837158,0.9800000190734863,0.9850000143051147,0.9850000143051147,18221600
2020-07-29,0.9850000143051147,1.0449999570846558,0.9800000190734863,1.0149999856948853,1.0149999856948853,11518400
2020-07-30,1.0,1.0575000047683716,0.9925000071525574,1.024999976158142,1.024999976158142,9594000
2020-07-31,1.0149999856948853,1.0399999618530273,0.9975000023841858,1.002500057220459,1.002500057220459,7517600
2020-08-03,1.0075000524520874,1.0625,1.0,1.037500023841858,1.037500023841858,10070400
2020-08-04,1.0325000286102295,1.184999942779541,1.0325000286102295,1.1074999570846558,1.1074999570846558,41445600
2020-08-05,1.125,1.190000057220459,1.0625,1.1575000286102295,1.1575000286102295,19677200
2020-08-06,1.149999976158142,1.1649999618530273,1.0950000286102295,1.1074999570846558,1.1074999570846558,7604800
2020-08-07,1.097499966621399,1.100000023841858,1.0149999856948853,1.0399999618530273,1.0399999618530273,13364400
2020-08-10,1.0499999523162842,1.1425000429153442,1.0449999570846558,1.0824999809265137,1.0824999809265137,18247200
2020-08-11,1.1074999570846558,1.1425000429153442,1.0850000381469727,1.087499976158142,1.087499976158142,12555200
2020-08-12,1.100000023841858,1.1575000286102295,1.090000033378601,1.1299999952316284,1.1299999952316284,12230400
2020-08-13,1.1299999952316284,1.1775000095367432,1.125,1.159999966621399,1.159999966621399,8513200
2020-08-14,1.149999976158142,1.2074999809265137,1.1375000476837158,1.1875,1.1875,13897600
2020-08-17,1.1950000524520874,1.1950000524520874,1.1399999856948853,1.1575000286102295,1.1575000286102295,9484000
2020-08-18,1.152500033378601,1.2174999713897705,1.1074999570846558,1.2024999856948853,1.2024999856948853,15337600
2020-08-19,1.2000000476837158,1.2100000381469727,1.159999966621399,1.1799999475479126,1.1799999475479126,10450400
2020-08-20,1.1549999713897705,1.1699999570846558,1.127500057220459,1.152500033378601,1.152500033378601,9764800
2020-08-21,1.149999976158142,1.399999976158142,1.149999976158142,1.2575000524520874,1.2575000524520874,42570400
2020-08-24,1.274999976158142,1.2825000286102295,1.1399999856948853,1.2174999713897705,1.2174999713897705,18341600
2020-08-25,1.2200000286102295,1.3125,1.2200000286102295,1.2450000047683716,1.2450000047683716,11994800
2020-08-26,1.2424999475479126,1.3049999475479126,1.2300000190734863,1.277500033378601,1.277500033378601,11118800
2020-08-27,1.277500033378601,1.3450000286102295,1.2549999952316284,1.3125,1.3125,13537600
2020-08-28,1.3250000476837158,1.3925000429153442,1.3049999475479126,1.347499966621399,1.347499966621399,16947600
2020-08-31,1.4424999952316284,1.787500023841858,1.4225000143051147,1.6699999570846558,1.6699999570846558,151904000
2020-09-01,1.8250000476837158,1.9550000429153442,1.6924999952316284,1.912500023841858,1.912500023841858,92634400
2020-09-02,1.9500000476837158,2.012500047683716,1.777500033378601,1.9275000095367432,1.9275000095367432,52044400
2020-09-03,1.9700000286102295,2.112499952316284,1.809999942779541,1.9550000429153442,1.9550000429153442,57378000
2020-09-04,1.9450000524520874,1.9800000190734863,1.7925000190734863,1.912500023841858,1.912500023841858,30648000
2020-09-08,1.8875000476837158,2.069999933242798,1.8700000047683716,1.9249999523162842,1.9249999523162842,39266400
2020-09-09,1.9900000095367432,1.997499942779541,1.8274999856948853,1.837499976158142,1.837499976158142,36272400
2020-09-10,1.662500023841858,1.7374999523162842,1.5475000143051147,1.5575000047683716,1.5575000047683716,62233200
2020-09-11,1.565000057220459,1.5824999809265137,1.4674999713897705,1.5225000381469727,1.5225000381469727,24244800
2020-09-14,1.7000000476837158,1.75,1.6074999570846558,1.7274999618530273,1.7274999618530273,40476000
2020-09-15,1.715000033378601,1.815000057220459,1.6725000143051147,1.7725000381469727,1.7725000381469727,22974000
2020-09-16,1.7575000524520874,2.259999990463257,1.7575000524520874,2.1700000762939453,2.1700000762939453,77025200
2020-09-17,2.1424999237060547,2.442500114440918,2.1024999618530273,2.299999952316284,2.299999952316284,68106800
2020-09-18,2.299999952316284,2.442500114440918,2.2274999618530273,2.367500066757202,2.367500066757202,69630000
2020-09-21,2.3375000953674316,2.4000000953674316,2.0950000286102295,2.1875,2.1875,30559200
2020-09-22,2.612499952316284,2.7925000190734863,2.4749999046325684,2.640000104904175,2.640000104904175,139010000
2020-09-23,2.6500000953674316,2.7149999141693115,2.4800000190734863,2.509999990463257,2.509999990463257,42604800
2020-09-24,2.427500009536743,2.452500104904175,2.252500057220459,2.2850000858306885,2.2850000858306885,31755200
2020-09-25,2.297499895095825,2.5450000762939453,2.2750000953674316,2.505000114440918,2.505000114440918,30060800
2020-09-28,2.5399999618530273,2.565000057220459,2.387500047683716,2.5225000381469727,2.5225000381469727,27057200
2020-09-29,2.5,2.6624999046325684,2.4825000762939453,2.5875000953674316,2.5875000953674316,20950400
2020-09-30,2.5625,2.690000057220459,2.515000104904175,2.549999952316284,2.549999952316284,24316000
2020-10-01,2.5225000381469727,2.5625,2.422499895095825,2.442500114440918,2.442500114440918,18216400
2020-10-02,2.3450000286102295,2.444999933242798,2.325000047683716,2.3475000858306885,2.3475000858306885,17362000
2020-10-05,2.359999895095825,2.3975000381469727,2.3125,2.365000009536743,2.365000009536743,11220000
2020-10-06,2.390000104904175,2.4600000381469727,2.2750000953674316,2.2825000286102295,2.2825000286102295,18141600
2020-10-07,2.307499885559082,2.390000104904175,2.2925000190734863,2.3399999141693115,2.3399999141693115,13234400
2020-10-08,2.384999990463257,3.4100000858306885,2.297499895095825,3.372499942779541,3.372499942779541,305814400
2020-10-09,3.2074999809265137,3.700000047683716,2.9749999046325684,3.005000114440918,3.005000114440918,308611200
2020-10-12,2.9149999618530273,3.192500114440918,2.8499999046325684,2.950000047683716,2.950000047683716,94622800
2020-10-13,2.932499885559082,3.1050000190734863,2.9124999046325684,2.9700000286102295,2.9700000286102295,40718800
2020-10-14,3.1675000190734863,3.1700000762939453,3.012500047683716,3.0625,3.0625,43045600
2020-10-15,2.997499942779541,3.7750000953674316,2.997499942779541,3.4574999809265137,3.4574999809265137,159579200
2020-10-16,3.442500114440918,3.4749999046325684,3.2699999809265137,3.327500104904175,3.327500104904175,46606400
2020-10-19,3.359999895095825,3.625,3.3450000286102295,3.4774999618530273,3.4774999618530273,52676400
2020-10-20,3.507499933242798,3.5350000858306885,3.4175000190734863,3.4649999141693115,3.4649999141693115,26416000
2020-10-21,3.4749999046325684,3.6050000190734863,3.450000047683716,3.5250000953674316,3.5250000953674316,21447600
2020-10-22,3.549999952316284,3.9674999713897705,3.547499895095825,3.7274999618530273,3.7274999618530273,64848800
2020-10-23,3.762500047683716,3.8450000286102295,3.637500047683716,3.75,3.75,26029200
2020-10-26,3.7325000762939453,3.862499952316284,3.315000057220459,3.362499952316284,3.362499952316284,53505200
2020-10-27,3.427500009536743,3.427500009536743,3.0899999141693115,3.172499895095825,3.172499895095825,28924000
2020-10-28,3.067500114440918,3.262500047683716,2.944999933242798,2.9549999237060547,2.9549999237060547,25554400
2020-10-29,2.9700000286102295,3.0625,2.9200000762939453,2.932499885559082,2.932499885559082,16663200
2020-10-30,2.9100000858306885,2.9100000858306885,2.5899999141693115,2.617500066757202,2.617500066757202,46187600
2020-11-02,2.7049999237060547,2.7725000381469727,2.625,2.6875,2.6875,20908000
2020-11-03,2.6875,2.9649999141693115,2.6575000286102295,2.8924999237060547,2.8924999237060547,29818000
2020-11-04,2.940000057220459,2.942500114440918,2.6524999141693115,2.7274999618530273,2.7274999618530273,23231600
2020-11-05,2.817500114440918,2.9600000381469727,2.765000104904175,2.862499952316284,2.862499952316284,18820800
2020-11-06,2.880000114440918,3.0425000190734863,2.8299999237060547,2.9649999141693115,2.9649999141693115,22072800
2020-11-09,3.190000057220459,3.2325000762939453,2.8125,2.872499942779541,2.872499942779541,24979600
2020-11-10,2.875,2.9149999618530273,2.7074999809265137,2.7750000953674316,2.7750000953674316,15304000
2020-11-11,2.875,2.987499952316284,2.802500009536743,2.9375,2.9375,19530400
2020-11-12,2.934999942779541,2.9674999713897705,2.742500066757202,2.7825000286102295,2.7825000286102295,17413200
2020-11-13,2.8399999141693115,2.887500047683716,2.75,2.752500057220459,2.752500057220459,14143600
2020-11-16,2.7899999618530273,3.1649999618530273,2.680000066757202,3.015000104904175,3.015000104904175,39099200
2020-11-17,2.9124999046325684,2.9800000190734863,2.807499885559082,2.9075000286102295,2.9075000286102295,26712800
2020-11-18,2.950000047683716,3.009999990463257,2.890000104904175,2.8924999237060547,2.8924999237060547,12676800
2020-11-19,2.9000000953674316,3.197499990463257,2.862499952316284,3.115000009536743,3.115000009536743,47150400
2020-11-20,3.137500047683716,3.365000009536743,3.134999990463257,3.177500009536743,3.177500009536743,33581600
2020-11-23,3.2249999046325684,3.5299999713897705,3.1675000190734863,3.4749999046325684,3.4749999046325684,38396400
2020-11-24,3.557499885559082,3.565000057220459,3.325000047683716,3.4175000190734863,3.4175000190734863,28732800
2020-11-25,3.4000000953674316,3.8125,3.3550000190734863,3.6875,3.6875,35440400
2020-11-27,3.822499990463257,4.184999942779541,3.7200000286102295,4.019999980926514,4.019999980926514,50016800
2020-11-30,4.542500019073486,4.855000019073486,4.139999866485596,4.139999866485596,4.139999866485596,127934000
2020-12-01,4.277500152587891,4.349999904632568,3.940000057220459,3.950000047683716,3.950000047683716,50615600
2020-12-02,3.924999952316284,4.170000076293945,3.8450000286102295,4.144999980926514,4.144999980926514,31533600
2020-12-03,4.119999885559082,4.159999847412109,3.9674999713897705,4.03000020980835,4.03000020980835,25180000
2020-12-04,4.074999809265137,4.322500228881836,4.065000057220459,4.224999904632568,4.224999904632568,35890800
2020-12-07,4.25,4.375,4.054999828338623,4.087500095367432,4.087500095367432,29545200
2020-12-08,4.09250020980835,4.302499771118164,3.9825000762939453,4.235000133514404,4.235000133514404,64480800
2020-12-09,3.4800000190734863,3.682499885559082,3.307499885559082,3.4149999618530273,3.4149999618530273,97431600
2020-12-10,3.2799999713897705,3.6024999618530273,3.262500047683716,3.5299999713897705,3.5299999713897705,30235600
2020-12-11,3.4774999618530273,3.5,3.255000114440918,3.327500104904175,3.327500104904175,29987600
2020-12-14,3.3350000381469727,3.3575000762939453,3.0350000858306885,3.180000066757202,3.180000066757202,40028400
2020-12-15,3.194999933242798,3.505000114440918,3.119999885559082,3.4625000953674316,3.4625000953674316,32759200
2020-12-16,3.490000009536743,3.577500104904175,3.3949999809265137,3.4625000953674316,3.4625000953674316,23460400
2020-12-17,3.490000009536743,3.744999885559082,3.3975000381469727,3.7074999809265137,3.7074999809265137,32779600
2020-12-18,3.944999933242798,4.074999809265137,3.7950000762939453,3.9075000286102295,3.9075000286102295,66475200
2020-12-21,3.952500104904175,4.087500095367432,3.819999933242798,3.882499933242798,3.882499933242798,39504400
2020-12-22,4.054999828338623,5.010000228881836,4.037499904632568,4.864999771118164,4.864999771118164,122610800
2020-12-23,5.042500019073486,5.587500095367432,4.78249979019165,5.142499923706055,5.142499923706055,103321200
2020-12-24,5.252500057220459,5.369999885559082,4.987500190734863,5.037499904632568,5.037499904632568,25048800
2020-12-28,5.327499866485596,5.492499828338623,5.087500095367432,5.247499942779541,5.247499942779541,35863600
2020-12-29,5.204999923706055,5.267499923706055,4.639999866485596,4.84499979019165,4.84499979019165,36965600
2020-12-30,4.84499979019165,5.0,4.712500095367432,4.815000057220459,4.815000057220459,23737600
2020-12-31,4.8125,4.949999809265137,4.699999809265137,4.710000038146973,4.710000038146973,27690800
2021-01-04,4.75,4.775000095367432,4.287499904632568,4.3125,4.3125,40090000
2021-01-05,4.337500095367432,4.519999980926514,4.307499885559082,4.34250020980835,4.34250020980835,19846000
2021-01-06,4.335000038146973,4.744999885559082,4.332499980926514,4.590000152587891,4.590000152587891,24224800
2021-01-07,4.617499828338623,4.862500190734863,4.505000114440918,4.519999980926514,4.519999980926514,24517200
2021-01-08,4.545000076293945,4.574999809265137,4.269999980926514,4.422500133514404,4.422500133514404,25928000
2021-01-11,4.852499961853027,5.162499904632568,4.752500057220459,4.985000133514404,4.985000133514404,59632000
2021-01-12,4.989999771118164,5.099999904632568,4.829999923706055,4.987500190734863,4.987500190734863,28242800
2021-01-13,5.105000019073486,9.662500381469727,5.007500171661377,7.849999904632568,7.849999904632568,578006800
2021-01-14,9.522500038146973,10.765000343322754,8.262499809265137,9.977499961853027,9.977499961853027,374869600
2021-01-15,9.6225004196167,10.1875,8.5024995803833,8.875,8.875,187465600
2021-01-19,10.387499809265137,11.380000114440918,9.15999984741211,9.84000015258789,9.84000015258789,298887600
2021-01-20,9.342499732971191,10.297499656677246,9.015000343322754,9.779999732971191,9.779999732971191,133887200
2021-01-21,9.807499885559082,11.1875,9.25,10.757499694824219,10.757499694824219,224867600
2021-01-22,10.647500038146973,19.190000534057617,10.579999923706055,16.252500534057617,16.252500534057617,788631600
2021-01-25,24.1825008392334,39.79499816894531,15.282500267028809,19.197500228881836,19.197500228881836,711496000
2021-01-26,22.139999389648438,37.5,20.049999237060547,36.994998931884766,36.994998931884766,714352000
2021-01-27,88.7074966430664,95.0,62.25,86.87750244140625,86.87750244140625,373586800
2021-01-28,66.25,120.75,28.0625,48.400001525878906,48.400001525878906,235263200
2021-01-29,94.92749786376953,103.49500274658203,62.5,81.25,81.25,202264400
2021-02-01,79.13999938964844,80.5,53.0,56.25,56.25,149528800
2021-02-02,35.189998626708984,39.5,18.55500030517578,22.5,22.5,312732400
2021-02-03,28.002500534057617,28.350000381469727,21.3125,23.102500915527344,23.102500915527344,170794000
2021-02-04,22.797500610351562,22.875,13.332500457763672,13.375,13.375,249709200
2021-02-05,13.510000228881836,23.75,12.772500038146973,15.942500114440918,15.942500114440918,325380000
2021-02-08,18.102500915527344,18.165000915527344,14.505000114440918,15.0,15.0,102749200
2021-02-09,14.15250015258789,14.25,11.630000114440918,12.577500343322754,12.577500343322754,107372400
2021-02-10,12.692500114440918,15.707500457763672,11.637499809265137,12.800000190734863,12.800000190734863,145820000
2021-02-11,12.5024995803833,13.829999923706055,12.055000305175781,12.774999618530273,12.774999618530273,52226800
2021-02-12,12.6875,13.8100004196167,12.012499809265137,13.100000381469727,13.100000381469727,58293200
2021-02-16,13.164999961853027,13.375,12.260000228881836,12.3774995803833,12.3774995803833,32700000
2021-02-17,12.442500114440918,12.797499656677246,11.140000343322754,11.484999656677246,11.484999656677246,36747200
2021-02-18,12.1225004196167,12.217499732971191,10.162500381469727,10.172499656677246,10.172499656677246,95962400
2021-02-19,10.319999694824219,10.97249984741211,9.625,10.147500038146973,10.147500038146973,59312800
2021-02-22,11.672499656677246,12.1274995803833,10.600000381469727,11.5,11.5,77904000
2021-02-23,11.242500305175781,11.557499885559082,10.0,11.242500305175781,11.242500305175781,30260800
2021-02-24,11.175000190734863,22.927499771118164,11.175000190734863,22.927499771118164,22.927499771118164,332446800
2021-02-25,42.38999938964844,46.16999816894531,25.25,27.1825008392334,27.1825008392334,601235200
2021-02-26,29.364999771118164,35.724998474121094,21.5,25.434999465942383,25.434999465942383,368776800
2021-03-01,26.135000228881836,33.497501373291016,24.99250030517578,30.100000381469727,30.100000381469727,199176000
2021-03-02,29.232500076293945,33.29999923706055,28.049999237060547,29.545000076293945,29.545000076293945,135132000
2021-03-03,30.627500534057617,31.9375,28.280000686645508,31.045000076293945,31.045000076293945,77095600
2021-03-04,31.25,36.967498779296875,28.825000762939453,33.087501525878906,33.087501525878906,130427600
2021-03-05,32.04249954223633,37.88249969482422,31.875,34.435001373291016,34.435001373291016,122934800
2021-03-08,38.72249984741211,52.717498779296875,36.525001525878906,48.625,48.625,254262400
2021-03-09,54.4275016784668,62.462501525878906,52.127498626708984,61.724998474121094,61.724998474121094,156397200
2021-03-10,67.35749816894531,87.125,43.0,66.25,66.25,286282400
2021-03-11,60.40999984741211,70.375,58.150001525878906,65.0,65.0,113250000
2021-03-12,68.75,73.875,65.56749725341797,66.125,66.125,103383600
2021-03-15,69.37999725341797,70.75,51.5,55.03499984741211,55.03499984741211,96401600
2021-03-16,50.790000915527344,55.17499923706055,43.087501525878906,52.04249954223633,52.04249954223633,141691600
2021-03-17,54.459999084472656,57.86750030517578,51.0,52.45249938964844,52.45249938964844,65926400
2021-03-18,53.5,54.720001220703125,48.912498474121094,50.4375,50.4375,47059600
2021-03-19,48.932498931884766,56.75,45.665000915527344,50.067501068115234,50.067501068115234,98709200
2021-03-22,51.314998626708984,52.59000015258789,46.54999923706055,48.622501373291016,48.622501373291016,40246000
2021-03-23,49.375,50.4375,44.38750076293945,45.4375,45.4375,57716400
2021-03-24,39.494998931884766,41.74250030517578,29.655000686645508,30.084999084472656,30.084999084472656,96711600
2021-03-25,30.872499465942383,46.875,29.225000381469727,45.9375,45.9375,203849200
2021-03-26,49.41999816894531,54.73249816894531,40.814998626708984,45.25,45.25,149722800
2021-03-29,45.1875,48.47999954223633,43.377498626708984,45.32500076293945,45.32500076293945,40168800
2021-03-30,46.875,51.07500076293945,45.5,48.6150016784668,48.6150016784668,68379600
2021-03-31,49.375,49.8650016784668,46.77750015258789,47.45500183105469,47.45500183105469,33575200
2021-04-01,48.34000015258789,49.24250030517578,45.900001525878906,47.86249923706055,47.86249923706055,37337200
2021-04-05,42.75,48.75,41.20249938964844,46.73749923706055,46.73749923706055,56282000
2021-04-06,46.3025016784668,48.0,45.88999938964844,46.125,46.125,24873200
2021-04-07,45.80500030517578,46.125,44.02750015258789,44.49250030517578,44.49250030517578,19073200
2021-04-08,46.470001220703125,46.470001220703125,41.07500076293945,42.564998626708984,42.564998626708984,40189600
2021-04-09,42.42499923706055,42.89500045776367,38.25,39.59000015258789,39.59000015258789,37849600
2021-04-12,39.52750015258789,40.974998474121094,33.752498626708984,35.272499084472656,35.272499084472656,66734400
2021-04-13,35.470001220703125,36.345001220703125,33.0,35.247501373291016,35.247501373291016,27227600
2021-04-14,35.89250183105469,43.522499084472656,35.75,41.63249969482422,41.63249969482422,84552400
2021-04-15,40.75,41.5625,38.20000076293945,39.11000061035156,39.11000061035156,31427200
2021-04-16,39.0,40.04999923706055,37.8125,38.67250061035156,38.67250061035156,20858800
2021-04-19,42.95000076293945,43.79999923706055,40.58250045776367,41.092498779296875,41.092498779296875,42080800
2021-04-20,41.03499984741211,41.22249984741211,38.34000015258789,39.63249969482422,39.63249969482422,18634400
2021-04-21,39.599998474121094,40.744998931884766,38.97999954223633,39.627498626708984,39.627498626708984,15251200
2021-04-22,39.775001525878906,39.775001525878906,36.71500015258789,37.79249954223633,37.79249954223633,17383200
2021-04-23,37.25,38.415000915527344,36.17499923706055,37.79499816894531,37.79499816894531,16116400
2021-04-26,37.744998931884766,43.66999816894531,37.189998626708984,42.23249816894531,42.23249816894531,42128400
2021-04-27,45.88750076293945,47.0,43.29249954223633,44.442501068115234,44.442501068115234,35730800
2021-04-28,43.025001525878906,45.494998931884766,41.50749969482422,44.64500045776367,44.64500045776367,23155600
2021-04-29,44.13999938964844,45.21500015258789,42.6875,44.04750061035156,44.04750061035156,15041200
2021-04-30,43.75,45.95000076293945,43.17499923706055,43.397499084472656,43.397499084472656,17734400
2021-05-03,44.372501373291016,44.372501373291016,39.90250015258789,40.54999923706055,40.54999923706055,21044000
2021-05-04,39.75,40.372501373291016,37.95000076293945,40.182498931884766,40.182498931884766,16030000
2021-05-05,40.45750045776367,41.375,39.58250045776367,39.869998931884766,39.869998931884766,11221600
2021-05-06,40.21500015258789,41.18000030517578,38.900001525878906,40.252498626708984,40.252498626708984,11771200
2021-05-07,40.02750015258789,41.852500915527344,39.375,40.27750015258789,40.27750015258789,11738400
2021-05-10,40.32749938964844,40.397499084472656,35.75,35.80500030517578,35.80500030517578,19226800
2021-05-11,34.25,37.625,34.125,36.72999954223633,36.72999954223633,18738400
2021-05-12,36.42499923706055,37.625,35.557498931884766,36.1974983215332,36.1974983215332,10926000
2021-05-13,36.86000061035156,42.48749923706055,36.60749816894531,41.125,41.125,35494000
2021-05-14,40.0,41.61750030517578,39.05500030517578,39.97999954223633,39.97999954223633,17174000
2021-05-17,39.962501525878906,45.625,39.75,45.150001525878906,45.150001525878906,29848400
2021-05-18,43.6349983215332,47.29999923706055,42.067501068115234,45.16749954223633,45.16749954223633,30954800
2021-05-19,42.997501373291016,44.744998931884766,41.037498474121094,42.20750045776367,42.20750045776367,19303600
2021-05-20,42.6974983215332,43.727500915527344,41.724998474121094,42.622501373291016,42.622501373291016,9912800
2021-05-21,42.75,44.810001373291016,42.58250045776367,44.1974983215332,44.1974983215332,14618800
2021-05-24,43.962501525878906,47.1150016784668,43.337501525878906,45.002498626708984,45.002498626708984,18657200
2021-05-25,45.25,54.27750015258789,45.25,52.35749816894531,52.35749816894531,59550000
2021-05-26,57.25,62.119998931884766,56.38750076293945,60.63999938964844,60.63999938964844,84479600
2021-05-27,57.45000076293945,66.0,56.75,63.532501220703125,63.532501220703125,62105200
2021-05-28,65.74250030517578,67.19999694824219,55.35749816894531,55.5,55.5,47005600
2021-06-01,58.369998931884766,63.744998931884766,56.76750183105469,62.255001068115234,62.255001068115234,38502400
2021-06-02,62.220001220703125,73.5,61.07500076293945,70.55999755859375,70.55999755859375,64076800
2021-06-03,66.42749786376953,68.60749816894531,60.529998779296875,64.54499816894531,64.54499816894531,32000000
2021-06-04,64.00499725341797,66.25,61.442501068115234,62.09000015258789,62.09000015258789,14550000
2021-06-07,64.5,70.5,63.79999923706055,70.00250244140625,70.00250244140625,24206000
2021-06-08,73.0,86.16500091552734,70.25,75.0,75.0,69756400
2021-06-09,75.77999877929688,82.0,72.87750244140625,75.63999938964844,75.63999938964844,53717200
2021-06-10,70.5,72.0,52.75,55.09749984741211,55.09749984741211,91920800
2021-06-11,55.587501525878906,60.282501220703125,51.532501220703125,58.334999084472656,58.334999084472656,62323200
2021-06-14,59.125,59.502498626708984,54.79999923706055,57.36000061035156,57.36000061035156,28530400
2021-06-15,56.59000015258789,57.3125,52.0,55.625,55.625,29207600
2021-06-16,53.810001373291016,57.182498931884766,52.25,55.74250030517578,55.74250030517578,22259200
2021-06-17,56.0,58.415000915527344,55.369998931884766,55.897499084472656,55.897499084472656,18434400
2021-06-18,55.04499816894531,55.872501373291016,53.25,53.45500183105469,53.45500183105469,17281200
2021-06-21,54.23749923706055,54.599998474121094,49.25,50.092498779296875,50.092498779296875,20480800
2021-06-22,54.432498931884766,56.470001220703125,52.29249954223633,55.099998474121094,55.099998474121094,32800800
2021-06-23,55.36249923706055,55.64250183105469,53.529998779296875,54.834999084472656,54.834999084472656,14220400
2021-06-24,55.290000915527344,56.86249923706055,52.900001525878906,53.07749938964844,53.07749938964844,15453200
2021-06-25,53.5,53.54999923706055,49.625,52.377498626708984,52.377498626708984,50770800
2021-06-28,52.8125,56.11249923706055,52.54999923706055,53.3125,53.3125,19517600
2021-06-29,53.397499084472656,53.80500030517578,52.002498626708984,52.720001220703125,52.720001220703125,9920000
2021-06-30,52.42250061035156,53.81999969482422,51.73500061035156,53.53499984741211,53.53499984741211,10158400
2021-07-01,53.349998474121094,54.20750045776367,50.5,51.09000015258789,51.09000015258789,10968400
2021-07-02,51.20000076293945,51.36249923706055,49.125,50.70750045776367,50.70750045776367,10396400
2021-07-06,51.0,51.192501068115234,48.4275016784668,49.88999938964844,49.88999938964844,11072400
2021-07-07,49.0,49.375,44.38999938964844,47.665000915527344,47.665000915527344,16958000
2021-07-08,44.95750045776367,48.55500030517578,44.875,47.845001220703125,47.845001220703125,11430000
2021-07-09,47.720001220703125,48.69499969482422,46.6875,47.807498931884766,47.807498931884766,6331600
2021-07-12,47.85499954223633,49.4375,46.85499954223633,47.3125,47.3125,6545200
2021-07-13,46.91999816894531,47.1974983215332,44.75,45.01499938964844,45.01499938964844,9591600
2021-07-14,45.122501373291016,45.595001220703125,41.26750183105469,41.904998779296875,41.904998779296875,15655200
2021-07-15,40.0,42.997501373291016,39.502498626708984,41.70500183105469,41.70500183105469,17194400
2021-07-16,42.537498474121094,44.86750030517578,41.57500076293945,42.2599983215332,42.2599983215332,13151600
2021-07-19,40.82500076293945,44.0,40.30500030517578,43.372501373291016,43.372501373291016,9747600
2021-07-20,43.474998474121094,48.40999984741211,43.10499954223633,47.79499816894531,47.79499816894531,12404400
2021-07-21,46.9474983215332,48.877498626708984,45.52750015258789,46.45249938964844,46.45249938964844,8916800
2021-07-22,46.32500076293945,46.92250061035156,44.037498474121094,44.712501525878906,44.712501525878906,5652000
2021-07-23,45.25,45.400001525878906,43.459999084472656,45.09000015258789,45.09000015258789,5264800
2021-07-26,45.09000015258789,46.5099983215332,44.689998626708984,45.98500061035156,45.98500061035156,5042400
2021-07-27,45.75,46.25,44.165000915527344,44.6349983215332,44.6349983215332,4859200
2021-07-28,43.93000030517578,44.279998779296875,41.067501068115234,42.279998779296875,42.279998779296875,16403200
2021-07-29,42.650001525878906,43.47249984741211,41.127498626708984,41.21500015258789,41.21500015258789,8960000
2021-07-30,41.25,41.80500030517578,39.717498779296875,40.279998779296875,40.279998779296875,9508400
2021-08-02,40.5,40.897499084472656,38.76499938964844,39.412498474121094,39.412498474121094,10131600
2021-08-03,39.185001373291016,39.72249984741211,37.04999923706055,38.1875,38.1875,57802400
2021-08-04,38.182498931884766,39.4474983215332,36.42250061035156,36.70000076293945,36.70000076293945,9574000
2021-08-05,37.0,39.400001525878906,36.30500030517578,38.36000061035156,38.36000061035156,9648400
2021-08-06,38.647499084472656,39.125,37.57749938964844,37.942501068115234,37.942501068115234,5410800
2021-08-09,37.95000076293945,41.1775016784668,37.665000915527344,40.282501220703125,40.282501220703125,8996800
2021-08-10,40.34000015258789,41.724998474121094,38.837501525878906,39.76250076293945,39.76250076293945,6493200
2021-08-11,39.60749816894531,39.76250076293945,38.654998779296875,39.69499969482422,39.69499969482422,3781600
2021-08-12,39.970001220703125,41.06999969482422,39.33250045776367,40.587501525878906,40.587501525878906,5271200
2021-08-13,40.11750030517578,40.88750076293945,39.352500915527344,40.630001068115234,40.630001068115234,4059200
2021-08-16,40.25,42.470001220703125,39.790000915527344,40.98249816894531,40.98249816894531,6290400
2021-08-17,40.29750061035156,42.369998931884766,40.275001525878906,40.88750076293945,40.88750076293945,4863600
2021-08-18,40.8125,41.400001525878906,39.1875,39.26250076293945,39.26250076293945,5647200
2021-08-19,39.192501068115234,39.497501373291016,37.69499969482422,38.224998474121094,38.224998474121094,4786000
2021-08-20,38.45000076293945,40.022499084472656,38.310001373291016,39.82500076293945,39.82500076293945,4619600
2021-08-23,40.595001220703125,41.8224983215332,39.88750076293945,41.22249984741211,41.22249984741211,5372000
2021-08-24,41.5724983215332,56.25,41.287498474121094,52.5724983215332,52.5724983215332,58608800
2021-08-25,51.662498474121094,56.75,48.25,49.912498474121094,49.912498474121094,51444400
2021-08-26,50.16999816894531,54.25,49.75,51.30500030517578,51.30500030517578,24954400
2021-08-27,51.92499923706055,53.25,50.005001068115234,51.23749923706055,51.23749923706055,12923200
2021-08-30,51.25,54.54750061035156,50.755001068115234,52.29999923706055,52.29999923706055,13238400
2021-08-31,53.17499923706055,55.57500076293945,52.8650016784668,54.560001373291016,54.560001373291016,14298800
2021-09-01,56.0,57.86000061035156,52.005001068115234,53.24250030517578,53.24250030517578,17815200
2021-09-02,53.46500015258789,53.70000076293945,51.57500076293945,53.380001068115234,53.380001068115234,7408000
2021-09-03,53.01250076293945,54.067501068115234,49.709999084472656,50.6875,50.6875,10634400
2021-09-07,51.5625,52.474998474121094,49.025001525878906,49.75,49.75,9985200
2021-09-08,50.46500015258789,51.720001220703125,47.66999816894531,49.70000076293945,49.70000076293945,20694400
2021-09-09,45.022499084472656,50.5,44.5,49.79499816894531,49.79499816894531,30046000
2021-09-10,49.602500915527344,50.540000915527344,47.5,47.602500915527344,47.602500915527344,12170400
2021-09-13,48.4375,52.220001220703125,47.875,50.849998474121094,50.849998474121094,17336400
2021-09-14,50.162498474121094,51.154998779296875,48.75,49.810001373291016,49.810001373291016,8566400
2021-09-15,49.25,51.217498779296875,48.4375,51.130001068115234,51.130001068115234,9241600
2021-09-16,50.58250045776367,54.13750076293945,50.287498474121094,51.592498779296875,51.592498779296875,12232800
2021-09-17,52.005001068115234,53.122501373291016,50.19499969482422,51.24250030517578,51.24250030517578,15783600
2021-09-20,50.0,50.712501525878906,46.13750076293945,48.04999923706055,48.04999923706055,15767200
2021-09-21,49.84000015258789,49.84000015258789,46.5,47.48749923706055,47.48749923706055,10535200
2021-09-22,47.40999984741211,48.375,46.5724983215332,47.53499984741211,47.53499984741211,9026400
2021-09-23,48.08250045776367,48.9375,47.650001525878906,47.810001373291016,47.810001373291016,6729200
2021-09-24,47.75,47.93000030517578,46.02750015258789,46.290000915527344,46.290000915527344,6743200
2021-09-27,46.47999954223633,48.01250076293945,46.467498779296875,47.369998931884766,47.369998931884766,5880400
2021-09-28,47.0,47.70249938964844,44.5,44.650001525878906,44.650001525878906,7082000
2021-09-29,45.022499084472656,46.119998931884766,43.65250015258789,43.97999954223633,43.97999954223633,7599600
2021-09-30,43.75,46.36249923706055,41.6974983215332,43.86750030517578,43.86750030517578,12682800
2021-10-01,44.849998474121094,44.872501373291016,43.0625,44.227500915527344,44.227500915527344,6204400
2021-10-04,43.98749923706055,44.23749923706055,42.692501068115234,42.84000015258789,42.84000015258789,4782800
2021-10-05,42.79750061035156,43.29249954223633,41.67499923706055,43.04499816894531,43.04499816894531,5263600
2021-10-06,42.51499938964844,43.2400016784668,41.45249938964844,42.76750183105469,42.76750183105469,4801200
2021-10-07,43.0,43.79999923706055,42.6349983215332,43.029998779296875,43.029998779296875,4637200
2021-10-08,43.125,43.93000030517578,42.779998779296875,43.16999816894531,43.16999816894531,3272800
2021-10-11,43.25,47.122501373291016,43.25,44.525001525878906,44.525001525878906,10739600
2021-10-12,45.125,45.44499969482422,43.45000076293945,43.95500183105469,43.95500183105469,4934800
2021-10-13,44.57500076293945,47.0525016784668,44.0,46.01499938964844,46.01499938964844,7711600
2021-10-14,45.939998626708984,47.54999923706055,45.650001525878906,45.95750045776367,45.95750045776367,6695600
2021-10-15,46.0,46.744998931884766,45.220001220703125,45.81999969482422,45.81999969482422,4800000
2021-10-18,45.73500061035156,47.467498779296875,45.63750076293945,46.505001068115234,46.505001068115234,6358400
2021-10-19,47.247501373291016,48.04499816894531,46.099998474121094,46.6974983215332,46.6974983215332,8282400
2021-10-20,46.58250045776367,47.0,45.494998931884766,46.130001068115234,46.130001068115234,9107600
2021-10-21,46.1775016784668,47.67499923706055,45.150001525878906,45.4275016784668,45.4275016784668,9609600
2021-10-22,44.525001525878906,44.872501373291016,41.95000076293945,42.45000076293945,42.45000076293945,11201600
2021-10-25,42.35499954223633,43.70000076293945,41.814998626708984,43.49250030517578,43.49250030517578,5771200
2021-10-26,43.34000015258789,46.25,43.125,44.459999084472656,44.459999084472656,8706800
2021-10-27,45.0,45.772499084472656,43.08250045776367,43.377498626708984,43.377498626708984,4428000
2021-10-28,43.790000915527344,45.78499984741211,43.75,45.712501525878906,45.712501525878906,6784800
2021-10-29,45.70249938964844,46.4375,44.5,45.877498626708984,45.877498626708984,9176000
2021-11-01,45.63249969482422,52.14250183105469,45.51250076293945,50.022499084472656,50.022499084472656,19776800
2021-11-02,49.837501525878906,52.98500061035156,47.92250061035156,51.747501373291016,51.747501373291016,15529200
2021-11-03,53.5,63.92250061035156,52.0625,54.58250045776367,54.58250045776367,45062400
2021-11-04,55.5,57.24250030517578,52.88750076293945,54.459999084472656,54.459999084472656,11632000
2021-11-05,55.15999984741211,55.25,52.252498626708984,53.3125,53.3125,7242800
2021-11-08,53.125,56.2599983215332,53.002498626708984,54.65999984741211,54.65999984741211,8631600
2021-11-09,55.5,55.872501373291016,51.11000061035156,51.650001525878906,51.650001525878906,7381200
2021-11-10,50.529998779296875,51.84749984741211,49.125,49.79750061035156,49.79750061035156,5237600
2021-11-11,50.0,52.022499084472656,49.537498474121094,51.08000183105469,51.08000183105469,4317600
2021-11-12,50.53499984741211,51.34000015258789,49.470001220703125,50.525001525878906,50.525001525878906,3712000
2021-11-15,50.96500015258789,52.875,50.42250061035156,52.28499984741211,52.28499984741211,5865600
2021-11-16,52.255001068115234,53.14250183105469,50.907501220703125,51.79499816894531,51.79499816894531,4858400
2021-11-17,51.57500076293945,54.42499923706055,51.5,52.5,52.5,5410800
2021-11-18,52.5625,53.78499984741211,51.875,52.529998779296875,52.529998779296875,4017600
2021-11-19,52.28499984741211,57.34749984741211,52.0625,57.20000076293945,57.20000076293945,12136800
2021-11-22,57.6150016784668,62.40999984741211,57.4375,61.88750076293945,61.88750076293945,17485600
2021-11-23,60.959999084472656,63.04999923706055,53.13999938964844,53.474998474121094,53.474998474121094,13380800
2021-11-24,54.3125,55.997501373291016,52.0,52.94499969482422,52.94499969482422,5237600
2021-11-26,52.02000045776367,52.932498931884766,49.79999923706055,49.93000030517578,49.93000030517578,4941200
2021-11-29,51.0,51.977500915527344,50.23500061035156,50.502498626708984,50.502498626708984,4435200
2021-11-30,50.025001525878906,50.98749923706055,47.0,49.0525016784668,49.0525016784668,6895600
2021-12-01,49.849998474121094,50.02750015258789,44.252498626708984,44.959999084472656,44.959999084472656,9406000
2021-12-02,46.25,46.85749816894531,43.26750183105469,45.38999938964844,45.38999938964844,8348400
2021-12-03,45.25,45.98249816894531,39.76250076293945,43.09749984741211,43.09749984741211,16386800
2021-12-06,41.5,43.334999084472656,40.79999923706055,41.779998779296875,41.779998779296875,8914400
2021-12-07,43.79499816894531,45.494998931884766,42.627498626708984,44.45249938964844,44.45249938964844,7889600
2021-12-08,44.150001525878906,45.0625,42.9900016784668,43.412498474121094,43.412498474121094,10444800
2021-12-09,41.75,43.17250061035156,37.75,38.939998626708984,38.939998626708984,20337200
2021-12-10,39.95750045776367,40.57500076293945,37.0,39.752498626708984,39.752498626708984,18107600
2021-12-13,40.08250045776367,40.22249984741211,33.76750183105469,34.220001220703125,34.220001220703125,21944800
2021-12-14,32.75,37.592498779296875,32.375,36.92250061035156,36.92250061035156,26048400
2021-12-15,36.8650016784668,38.0,35.279998779296875,37.147499084472656,37.147499084472656,11064000
2021-12-16,38.23249816894531,38.61000061035156,35.532501220703125,36.147499084472656,36.147499084472656,8659200
2021-12-17,35.9375,39.64250183105469,34.83250045776367,38.90999984741211,38.90999984741211,17226800
2021-12-20,38.29750061035156,39.91999816894531,37.42499923706055,39.28499984741211,39.28499984741211,7314400
2021-12-21,39.26499938964844,40.0625,38.78499984741211,39.529998779296875,39.529998779296875,5720800
2021-12-22,39.58250045776367,39.787498474121094,38.029998779296875,38.5,38.5,4188800
2021-12-23,38.5,38.75,36.505001068115234,38.03499984741211,38.03499984741211,4222000
2021-12-27,38.0,38.154998779296875,35.0,37.07749938964844,37.07749938964844,6454400
2021-12-28,36.875,39.352500915527344,36.602500915527344,36.6150016784668,36.6150016784668,5324400
2021-12-29,36.962501525878906,38.872501373291016,35.53499984741211,38.48249816894531,38.48249816894531,8149600
2021-12-30,37.75,40.0,37.5,38.83250045776367,38.83250045776367,6247600
2021-12-31,38.404998779296875,39.182498931884766,37.025001525878906,37.09749984741211,37.09749984741211,5576000
2022-01-03,37.307498931884766,39.845001220703125,37.3025016784668,38.209999084472656,38.209999084472656,5654800
2022-01-04,38.04249954223633,38.247501373291016,35.76250076293945,37.227500915527344,37.227500915527344,7339600
2022-01-05,37.09749984741211,37.212501525878906,32.287498474121094,32.342498779296875,32.342498779296875,13585600
2022-01-06,33.209999084472656,34.42499923706055,30.28499984741211,32.75749969482422,32.75749969482422,24206000
2022-01-07,39.942501068115234,40.07749938964844,33.125,35.154998779296875,35.154998779296875,48549200
2022-01-10,33.747501373291016,33.92250061035156,30.0,32.787498474121094,32.787498474121094,22048000
2022-01-11,32.525001525878906,34.20000076293945,31.84749984741211,32.57500076293945,32.57500076293945,10332400
2022-01-12,32.5,32.83000183105469,31.612499237060547,32.01499938964844,32.01499938964844,6298000
2022-01-13,32.125,32.625,30.422500610351562,30.6200008392334,30.6200008392334,8901200
2022-01-14,30.037500381469727,30.575000762939453,28.0049991607666,29.162500381469727,29.162500381469727,15402000
2022-01-18,28.27750015258789,28.4375,26.100000381469727,27.227500915527344,27.227500915527344,15022400
2022-01-19,27.502500534057617,28.262500762939453,26.102500915527344,26.642499923706055,26.642499923706055,9614400
2022-01-20,26.975000381469727,28.799999237060547,25.399999618530273,25.667499542236328,25.667499542236328,11680400
2022-01-21,25.25,27.552499771118164,23.18000030517578,26.59000015258789,26.59000015258789,22120000
2022-01-24,24.7549991607666,25.71500015258789,21.572500228881836,25.037500381469727,25.037500381469727,25039600
2022-01-25,24.229999542236328,26.24250030517578,23.752500534057617,24.947500228881836,24.947500228881836,14297200
2022-01-26,25.274999618530273,29.75,25.077499389648438,25.815000534057617,25.815000534057617,33330000
2022-01-27,26.03499984741211,26.75,23.22249984741211,23.3799991607666,23.3799991607666,14644400
2022-01-28,23.850000381469727,24.5,21.90250015258789,24.477500915527344,24.477500915527344,16430400
2022-01-31,24.467500686645508,27.454999923706055,24.46500015258789,27.232500076293945,27.232500076293945,13997200
2022-02-01,28.252500534057617,29.162500381469727,27.065000534057617,28.149999618530273,28.149999618530273,13847600
2022-02-02,27.587499618530273,27.96500015258789,24.514999389648438,25.010000228881836,25.010000228881836,13116400
2022-02-03,25.375,26.735000610351562,24.427499771118164,24.8075008392334,24.8075008392334,10710000
2022-02-04,24.752500534057617,26.0,23.770000457763672,25.584999084472656,25.584999084472656,7627200
2022-02-07,25.747499465942383,26.344999313354492,24.6924991607666,25.584999084472656,25.584999084472656,7037600
2022-02-08,25.440000534057617,29.417499542236328,25.137500762939453,28.899999618530273,28.899999618530273,19839600
2022-02-09,28.522499084472656,31.177499771118164,28.25,31.072500228881836,31.072500228881836,15467600
2022-02-10,29.487499237060547,32.94499969482422,29.0,30.61750030517578,30.61750030517578,14826000
2022-02-11,30.6200008392334,32.467498779296875,30.1924991607666,31.0625,31.0625,11299200
2022-02-14,30.732500076293945,31.375,29.037500381469727,29.272499084472656,29.272499084472656,9102800
2022-02-15,30.239999771118164,31.8075008392334,29.815000534057617,31.540000915527344,31.540000915527344,7911600
2022-02-16,31.107500076293945,33.212501525878906,30.979999542236328,32.08250045776367,32.08250045776367,8007600
2022-02-17,31.6924991607666,32.712501525878906,30.55500030517578,30.852500915527344,30.852500915527344,6256400
2022-02-18,31.049999237060547,31.412500381469727,29.532499313354492,30.38249969482422,30.38249969482422,6214000
2022-02-22,29.549999237060547,30.832500457763672,28.547500610351562,29.514999389648438,29.514999389648438,6156400
2022-02-23,30.30500030517578,30.84000015258789,28.56999969482422,28.717500686645508,28.717500686645508,5393200
2022-02-24,26.38249969482422,31.427499771118164,26.030000686645508,31.145000457763672,31.145000457763672,9024800
2022-02-25,30.892499923706055,31.24250030517578,29.122499465942383,29.645000457763672,29.645000457763672,6841200
2022-02-28,30.25,31.572500228881836,29.22249984741211,30.834999084472656,30.834999084472656,6458000
2022-03-01,30.547500610351562,31.467500686645508,29.587499618530273,29.7549991607666,29.7549991607666,4384000
2022-03-02,29.875,30.667499542236328,29.092500686645508,30.49250030517578,30.49250030517578,5242800
2022-03-03,30.739999771118164,30.934999465942383,29.3075008392334,29.602500915527344,29.602500915527344,4382400
2022-03-04,29.502500534057617,30.127500534057617,27.645000457763672,27.915000915527344,27.915000915527344,5911200
2022-03-07,28.75,28.75,24.024999618530273,24.837499618530273,24.837499618530273,12591600
2022-03-08,25.25749969482422,27.247499465942383,24.272499084472656,25.752500534057617,25.752500534057617,8536000
2022-03-09,26.7450008392334,27.21500015258789,25.875,26.302499771118164,26.302499771118164,5598400
2022-03-10,25.979999542236328,26.014999389648438,24.5625,25.139999389648438,25.139999389648438,5582000
2022-03-11,25.665000915527344,25.725000381469727,23.172500610351562,23.172500610351562,23.172500610351562,8822000
2022-03-14,23.357500076293945,23.579999923706055,19.395000457763672,19.52750015258789,19.52750015258789,18134400
2022-03-15,20.524999618530273,21.889999389648438,19.670000076293945,20.65999984741211,20.65999984741211,14115200
2022-03-16,21.27750015258789,22.502500534057617,20.5,21.71500015258789,21.71500015258789,10615600
2022-03-17,21.274999618530273,22.395000457763672,20.862499237060547,21.924999237060547,21.924999237060547,13796400
2022-03-18,19.934999465942383,24.362499237060547,19.725000381469727,22.697500228881836,22.697500228881836,35688400
2022-03-21,22.5,24.850000381469727,22.440000534057617,23.549999237060547,23.549999237060547,15812400
2022-03-22,23.850000381469727,31.447500228881836,23.612499237060547,30.78499984741211,30.78499984741211,60068800
2022-03-23,32.5,37.73249816894531,31.637500762939453,35.25,35.25,98399200
2022-03-24,33.502498626708984,35.869998931884766,31.690000534057617,35.59749984741211,35.59749984741211,36400800
2022-03-25,35.0099983215332,39.540000915527344,34.54999923706055,37.98749923706055,37.98749923706055,53535600
2022-03-28,37.994998931884766,47.709999084472656,37.8849983215332,47.397499084472656,47.397499084472656,65266000
2022-03-29,47.060001373291016,49.852500915527344,40.75,44.974998474121094,44.974998474121094,72046000
2022-03-30,43.75,45.834999084472656,41.25,41.712501525878906,41.712501525878906,36676800
2022-03-31,40.775001525878906,43.9375,39.627498626708984,41.64500045776367,41.64500045776367,44968800
2022-04-01,47.224998474121094,47.442501068115234,38.814998626708984,41.25,41.25,52758400
2022-04-04,41.744998931884766,43.310001373291016,39.127498626708984,42.682498931884766,42.682498931884766,18519200
2022-04-05,42.0,42.10749816894531,38.0,38.397499084472656,38.397499084472656,15825200
2022-04-06,37.752498626708984,39.8224983215332,37.42499923706055,39.15999984741211,39.15999984741211,16268000
2022-04-07,38.52750015258789,39.17499923706055,35.39250183105469,37.5,37.5,15311200
2022-04-08,37.272499084472656,37.6775016784668,35.50749969482422,36.54750061035156,36.54750061035156,10371600
2022-04-11,35.7599983215332,37.05500030517578,35.15250015258789,36.73249816894531,36.73249816894531,9812000
2022-04-12,36.625,38.0625,35.41749954223633,36.217498779296875,36.217498779296875,7996400
2022-04-13,36.025001525878906,38.032501220703125,35.505001068115234,37.67499923706055,37.67499923706055,8032800
2022-04-14,37.317501068115234,39.125,36.80500030517578,37.692501068115234,37.692501068115234,10002400
2022-04-18,37.5,37.810001373291016,34.310001373291016,35.3650016784668,35.3650016784668,9871200
2022-04-19,35.712501525878906,38.244998931884766,34.96500015258789,38.11750030517578,38.11750030517578,9416800
2022-04-20,38.0,38.08250045776367,36.662498474121094,37.212501525878906,37.212501525878906,4648000
2022-04-21,37.5,38.279998779296875,34.977500915527344,35.38999938964844,35.38999938964844,6737600
2022-04-22,35.63750076293945,36.57500076293945,33.88750076293945,34.55500030517578,34.55500030517578,6278400
2022-04-25,33.852500915527344,34.9275016784668,33.31999969482422,33.98749923706055,33.98749923706055,6139200
2022-04-26,33.90999984741211,34.20000076293945,31.540000915527344,31.899999618530273,31.899999618530273,6182800
2022-04-27,31.8174991607666,33.16999816894531,31.145000457763672,32.459999084472656,32.459999084472656,5223600
2022-04-28,32.56999969482422,33.150001525878906,30.125,32.32749938964844,32.32749938964844,7070000
2022-04-29,31.825000762939453,32.72249984741211,30.752500534057617,31.267499923706055,31.267499923706055,5143600
2022-05-02,30.912500381469727,31.34749984741211,28.174999237060547,29.892499923706055,29.892499923706055,10172000
2022-05-03,29.6200008392334,31.107500076293945,28.604999542236328,30.107500076293945,30.107500076293945,7312800
2022-05-04,29.802499771118164,31.9375,28.93000030517578,31.770000457763672,31.770000457763672,6651200
2022-05-05,30.985000610351562,31.170000076293945,28.780000686645508,29.782499313354492,29.782499313354492,7015600
2022-05-06,29.31999969482422,30.139999389648438,27.5575008392334,28.674999237060547,28.674999237060547,7161600
2022-05-09,27.69499969482422,27.69499969482422,24.520000457763672,24.697500228881836,24.697500228881836,13264800
2022-05-10,25.7450008392334,26.514999389648438,22.0,23.375,23.375,16603200
2022-05-11,23.36750030517578,23.8174991607666,20.0,20.332500457763672,20.332500457763672,16681200
2022-05-12,20.760000228881836,27.014999389648438,19.4424991607666,22.392499923706055,22.392499923706055,40139600
2022-05-13,24.75,26.69499969482422,23.760000228881836,24.59749984741211,24.59749984741211,23930800
2022-05-16,24.700000762939453,24.795000076293945,22.69499969482422,22.950000762939453,22.950000762939453,11582000
2022-05-17,23.475000381469727,25.094999313354492,22.799999237060547,25.094999313354492,25.094999313354492,10444800
2022-05-18,24.094999313354492,24.959999084472656,22.542499542236328,22.8700008392334,22.8700008392334,11560000
2022-05-19,22.80500030517578,25.4950008392334,22.540000915527344,24.797500610351562,24.797500610351562,12720400
2022-05-20,24.952499389648438,25.602500915527344,22.4375,23.915000915527344,23.915000915527344,9972000
2022-05-23,24.142499923706055,24.31999969482422,22.875,24.032499313354492,24.032499313354492,6994000
2022-05-24,23.512500762939453,23.549999237060547,21.674999237060547,22.287500381469727,22.287500381469727,8879600
2022-05-25,22.53499984741211,28.86750030517578,22.53499984741211,28.792499542236328,28.792499542236328,40060000
2022-05-26,29.0,37.1150016784668,28.674999237060547,32.1150016784668,32.1150016784668,57892400
2022-05-27,35.25,35.92499923706055,31.75,34.3025016784668,34.3025016784668,30045200
2022-05-31,34.3025016784668,34.98249816894531,30.1299991607666,31.184999465942383,31.184999465942383,19084400
2022-06-01,30.704999923706055,32.397499084472656,29.252500534057617,30.350000381469727,30.350000381469727,14991600
2022-06-02,29.75,34.125,28.889999389648438,33.5,33.5,27918800
2022-06-03,32.5,34.525001525878906,31.0575008392334,33.42499923706055,33.42499923706055,18234400
2022-06-06,33.82500076293945,34.025001525878906,31.762500762939453,32.025001525878906,32.025001525878906,9532800
2022-06-07,32.5,37.47249984741211,31.582500457763672,36.625,36.625,24967600
2022-06-08,35.34749984741211,38.25,33.95750045776367,34.682498931884766,34.682498931884766,24473600
2022-06-09,34.6974983215332,34.974998474121094,31.834999084472656,32.244998931884766,32.244998931884766,13114400
2022-06-10,31.5,32.98249816894531,30.78499984741211,32.272499084472656,32.272499084472656,11820000
2022-06-13,30.127500534057617,31.142499923706055,28.575000762939453,29.5625,29.5625,13792800
2022-06-14,29.392499923706055,32.0,29.024999618530273,31.542499542236328,31.542499542236328,12739200
2022-06-15,31.237499237060547,32.9900016784668,30.90999984741211,32.3224983215332,32.3224983215332,10764400
2022-06-16,31.235000610351562,32.3224983215332,30.145000457763672,31.4325008392334,31.4325008392334,9995200
2022-06-17,31.71500015258789,33.96500015258789,31.579999923706055,33.78499984741211,33.78499984741211,12340800
2022-06-21,34.55500030517578,36.349998474121094,33.880001068115234,35.06999969482422,35.06999969482422,12512400
2022-06-22,34.66749954223633,36.182498931884766,34.10749816894531,34.6150016784668,34.6150016784668,7838000
2022-06-23,35.40999984741211,35.997501373291016,34.182498931884766,35.505001068115234,35.505001068115234,6682800
2022-06-24,35.75,37.092498779296875,32.88249969482422,33.8025016784668,33.8025016784668,16995600
2022-06-27,34.11750030517578,34.26250076293945,31.825000762939453,32.42250061035156,32.42250061035156,9745600
2022-06-28,32.752498626708984,32.83250045776367,30.56999969482422,31.094999313354492,31.094999313354492,6610000
2022-06-29,30.387500762939453,31.622499465942383,29.897499084472656,30.71500015258789,30.71500015258789,6826400
2022-06-30,29.842500686645508,31.647499084472656,29.440000534057617,30.575000762939453,30.575000762939453,6718800
2022-07-01,30.282499313354492,31.292499542236328,29.822500228881836,30.854999542236328,30.854999542236328,6617200
2022-07-05,30.375,30.6200008392334,29.752500534057617,30.0575008392334,30.0575008392334,6036000
2022-07-06,30.172500610351562,30.56999969482422,28.342500686645508,29.357500076293945,29.357500076293945,9988800
2022-07-07,31.122499465942383,33.875,30.452499389648438,33.779998779296875,33.779998779296875,30313600
2022-07-08,31.665000915527344,33.16749954223633,30.627500534057617,32.1349983215332,32.1349983215332,13199600
2022-07-11,32.13999938964844,32.935001373291016,31.162500381469727,32.522499084472656,32.522499084472656,7532800
2022-07-12,32.70000076293945,35.647499084472656,31.815000534057617,34.279998779296875,34.279998779296875,16899600
2022-07-13,33.75,36.337501525878906,33.75,35.31999969482422,35.31999969482422,13703600
2022-07-14,34.79750061035156,37.98749923706055,34.04999923706055,34.04999923706055,34.04999923706055,20970400
2022-07-15,34.86000061035156,35.592498779296875,33.50749969482422,35.40999984741211,35.40999984741211,9832400
2022-07-18,36.25,37.400001525878906,35.775001525878906,36.65999984741211,36.65999984741211,11155200
2022-07-19,37.435001373291016,39.209999084472656,36.587501525878906,37.92499923706055,37.92499923706055,12828000
2022-07-20,38.5,40.407501220703125,38.349998474121094,39.6875,39.6875,11400400
2022-07-21,39.93000030517578,40.0,37.290000915527344,38.36750030517578,38.36750030517578,9277600
2022-07-22,36.880001068115234,38.70000076293945,34.93000030517578,35.779998779296875,35.779998779296875,10060200
2022-07-25,35.0,35.5099983215332,33.25,33.97999954223633,33.97999954223633,5686300
2022-07-26,32.869998931884766,33.310001373291016,32.099998474121094,32.43000030517578,32.43000030517578,4866100
2022-07-27,32.959999084472656,34.119998931884766,32.15999984741211,33.779998779296875,33.779998779296875,4251200
2022-07-28,33.38999938964844,34.43000030517578,32.65999984741211,33.84000015258789,33.84000015258789,3207400
2022-07-29,33.68000030517578,34.790000915527344,33.060001373291016,34.0099983215332,34.0099983215332,3988800
2022-08-01,33.79999923706055,35.709999084472656,33.77000045776367,34.779998779296875,34.779998779296875,4196600
2022-08-02,35.900001525878906,36.79999923706055,35.119998931884766,35.84000015258789,35.84000015258789,4697100
2022-08-03,36.220001220703125,38.0099983215332,36.0,37.93000030517578,37.93000030517578,5186500
2022-08-04,38.34000015258789,39.88999938964844,37.88999938964844,38.36000061035156,38.36000061035156,5421500
2022-08-05,37.369998931884766,40.43000030517578,36.560001373291016,40.02000045776367,40.02000045776367,8124200
2022-08-08,41.290000915527344,47.9900016784668,40.75,43.45000076293945,43.45000076293945,17987100
2022-08-09,42.13999938964844,43.189998626708984,39.0,40.369998931884766,40.369998931884766,6954200
2022-08-10,42.0,42.0,38.630001068115234,40.529998779296875,40.529998779296875,5434700
2022-08-11,40.90999984741211,41.970001220703125,39.349998474121094,39.45000076293945,39.45000076293945,5140500
2022-08-12,40.0,41.43000030517578,39.150001525878906,40.7400016784668,40.7400016784668,5120000
2022-08-15,39.75,40.38999938964844,38.810001373291016,39.68000030517578,39.68000030517578,5243100
2022-08-16,39.16999816894531,45.529998779296875,38.599998474121094,42.189998626708984,42.189998626708984,23602800
2022-08-17,42.18000030517578,44.36000061035156,40.40999984741211,40.52000045776367,40.52000045776367,9766400
2022-08-18,39.27000045776367,40.06999969482422,37.34000015258789,37.93000030517578,37.93000030517578,8145400
2022-08-19,35.18000030517578,37.189998626708984,34.66999816894531,36.4900016784668,36.4900016784668,9551900
2022-08-22,34.310001373291016,36.20000076293945,34.20000076293945,34.5,34.5,5798600
2022-08-23,34.70000076293945,34.9900016784668,33.45000076293945,33.529998779296875,33.529998779296875,4836300
2022-08-24,34.0,34.939998626708984,32.439998626708984,32.5,32.5,5620300
2022-08-25,32.84000015258789,32.88999938964844,31.5,31.959999084472656,31.959999084472656,4726300
2022-08-26,31.5,32.380001068115234,30.6299991607666,30.940000534057617,30.940000534057617,4297300
2022-08-29,30.479999542236328,32.75,30.3799991607666,31.549999237060547,31.549999237060547,4292700
2022-08-30,31.6200008392334,31.8700008392334,29.420000076293945,29.84000015258789,29.84000015258789,5060200
2022-08-31,29.25,29.959999084472656,28.260000228881836,28.639999389648438,28.639999389648438,5157000
2022-09-01,28.0,28.90999984741211,26.950000762939453,27.6299991607666,27.6299991607666,5293900
2022-09-02,28.260000228881836,28.739999771118164,26.93000030517578,27.360000610351562,27.360000610351562,4680100
2022-09-06,25.75,26.719999313354492,24.670000076293945,25.139999389648438,25.139999389648438,7010200
2022-09-07,24.729999542236328,25.190000534057617,23.420000076293945,24.040000915527344,24.040000915527344,12504700
2022-09-08,25.0,26.739999771118164,24.06999969482422,25.829999923706055,25.829999923706055,14142200
2022-09-09,26.299999237060547,29.079999923706055,26.100000381469727,28.920000076293945,28.920000076293945,7899800
2022-09-12,29.030000686645508,30.34000015258789,28.0,29.239999771118164,29.239999771118164,6175200
2022-09-13,27.399999618530273,28.610000610351562,27.31999969482422,27.850000381469727,27.850000381469727,3657200
2022-09-14,27.559999465942383,28.450000762939453,26.649999618530273,28.1299991607666,28.1299991607666,3605800
2022-09-15,27.860000610351562,29.06999969482422,27.860000610351562,28.610000610351562,28.610000610351562,3329500
2022-09-16,28.329999923706055,28.799999237060547,27.780000686645508,28.639999389648438,28.639999389648438,4656000
2022-09-19,28.34000015258789,29.649999618530273,28.149999618530273,28.959999084472656,28.959999084472656,3404000
2022-09-20,29.280000686645508,29.329999923706055,27.18000030517578,27.540000915527344,27.540000915527344,3145900
2022-09-21,27.450000762939453,28.989999771118164,26.770000457763672,26.860000610351562,26.860000610351562,3859200
2022-09-22,27.170000076293945,27.270000457763672,24.3799991607666,24.700000762939453,24.700000762939453,4346500
2022-09-23,24.149999618530273,25.149999618530273,24.059999465942383,25.040000915527344,25.040000915527344,3622400
2022-09-26,24.65999984741211,25.8700008392334,24.1200008392334,24.479999542236328,24.479999542236328,3440300
2022-09-27,25.469999313354492,26.389999389648438,25.1299991607666,26.1299991607666,26.1299991607666,4487200
2022-09-28,25.889999389648438,27.5,25.6200008392334,27.309999465942383,27.309999465942383,2630100
2022-09-29,27.079999923706055,27.690000534057617,24.690000534057617,25.459999084472656,25.459999084472656,4118200
2022-09-30,25.030000686645508,25.81999969482422,24.440000534057617,25.1299991607666,25.1299991607666,3148300
2022-10-03,25.139999389648438,25.6299991607666,24.209999084472656,25.3799991607666,25.3799991607666,2653900
2022-10-04,25.950000762939453,27.829999923706055,25.950000762939453,27.600000381469727,27.600000381469727,4581900
2022-10-05,26.770000457763672,26.979999542236328,25.43000030517578,26.389999389648438,26.389999389648438,2986400
2022-10-06,26.290000915527344,27.0,25.799999237060547,25.989999771118164,25.989999771118164,2418700
2022-10-07,25.84000015258789,25.84000015258789,24.420000076293945,25.350000381469727,25.350000381469727,3270600
2022-10-10,25.3700008392334,26.5,24.75,25.0,25.0,2917600
2022-10-11,24.8700008392334,26.299999237060547,23.950000762939453,25.270000457763672,25.270000457763672,4195900
2022-10-12,25.959999084472656,26.889999389648438,25.270000457763672,25.360000610351562,25.360000610351562,3284400
2022-10-13,24.420000076293945,26.59000015258789,23.90999984741211,25.559999465942383,25.559999465942383,3516200
2022-10-14,25.770000457763672,26.3700008392334,24.6299991607666,24.6299991607666,24.6299991607666,2773500
2022-10-17,25.3700008392334,26.40999984741211,25.239999771118164,25.959999084472656,25.959999084472656,3172200
2022-10-18,27.100000381469727,27.739999771118164,26.1299991607666,26.670000076293945,26.670000076293945,4402600
2022-10-19,26.0,26.18000030517578,24.270000457763672,24.540000915527344,24.540000915527344,5318400
2022-10-20,24.649999618530273,25.450000762939453,24.06999969482422,24.40999984741211,24.40999984741211,5148600
2022-10-21,24.149999618530273,25.329999923706055,24.100000381469727,25.299999237060547,25.299999237060547,3036300
2022-10-24,25.0,25.190000534057617,24.110000610351562,24.709999084472656,24.709999084472656,3114300
2022-10-25,24.81999969482422,27.790000915527344,24.799999237060547,26.8700008392334,26.8700008392334,7791600
2022-10-26,26.3700008392334,27.479999542236328,25.31999969482422,25.420000076293945,25.420000076293945,3858200
2022-10-27,25.75,26.329999923706055,25.200000762939453,25.93000030517578,25.93000030517578,2422900
2022-10-28,26.8799991607666,28.790000915527344,26.420000076293945,28.170000076293945,28.170000076293945,8089600
2022-10-31,31.219999313354492,34.9900016784668,27.90999984741211,28.309999465942383,28.309999465942383,24027600
2022-11-01,29.399999618530273,29.690000534057617,27.6200008392334,28.389999389648438,28.389999389648438,5147500
2022-11-02,27.899999618530273,28.75,26.5,26.6200008392334,26.6200008392334,4143900
2022-11-03,26.0,27.290000915527344,26.0,26.290000915527344,26.290000915527344,3384400
2022-11-04,26.600000381469727,27.030000686645508,25.34000015258789,26.510000228881836,26.510000228881836,4138000
2022-11-07,26.25,26.299999237060547,24.799999237060547,25.760000228881836,25.760000228881836,3303600
2022-11-08,25.329999923706055,25.850000381469727,24.110000610351562,25.139999389648438,25.139999389648438,4695100
2022-11-09,24.549999237060547,24.670000076293945,21.889999389648438,23.110000610351562,23.110000610351562,8464800
2022-11-10,24.6200008392334,25.700000762939453,23.90999984741211,24.8799991607666,24.8799991607666,6107000
2022-11-11,24.780000686645508,26.1200008392334,24.149999618530273,26.100000381469727,26.100000381469727,3986200
2022-11-14,26.299999237060547,27.3799991607666,25.610000610351562,26.049999237060547,26.049999237060547,4352200
2022-11-15,26.59000015258789,28.239999771118164,26.270000457763672,27.59000015258789,27.59000015258789,5392000
2022-11-16,26.6200008392334,27.350000381469727,26.3700008392334,27.139999389648438,27.139999389648438,2452300
2022-11-17,26.299999237060547,27.760000228881836,26.149999618530273,27.760000228881836,27.760000228881836,2477700
2022-11-18,28.15999984741211,28.700000762939453,26.829999923706055,27.600000381469727,27.600000381469727,3087400
2022-11-21,26.65999984741211,27.829999923706055,24.860000610351562,25.15999984741211,25.15999984741211,4443300
2022-11-22,25.1299991607666,26.450000762939453,24.700000762939453,26.299999237060547,26.299999237060547,4240400
2022-11-23,25.920000076293945,27.139999389648438,25.920000076293945,26.700000762939453,26.700000762939453,2737500
2022-11-25,26.5,27.049999237060547,26.139999389648438,26.170000076293945,26.170000076293945,1122700
2022-11-28,25.790000915527344,26.440000534057617,25.209999084472656,25.290000915527344,25.290000915527344,2440900
2022-11-29,25.579999923706055,26.350000381469727,25.31999969482422,25.600000381469727,25.600000381469727,2029500
2022-11-30,25.899999618530273,26.229999542236328,24.90999984741211,26.209999084472656,26.209999084472656,3731100
2022-12-01,26.0,27.5,25.18000030517578,26.600000381469727,26.600000381469727,7615200
2022-12-02,26.25,27.8700008392334,26.110000610351562,27.520000457763672,27.520000457763672,4577200
2022-12-05,27.309999465942383,27.479999542236328,25.440000534057617,25.559999465942383,25.559999465942383,4973700
2022-12-06,25.40999984741211,25.579999923706055,23.110000610351562,23.389999389648438,23.389999389648438,7699300
2022-12-07,23.399999618530273,23.610000610351562,21.969999313354492,22.260000228881836,22.260000228881836,10078200
2022-12-08,22.0,25.0,21.969999313354492,24.790000915527344,24.790000915527344,10252000
2022-12-09,24.59000015258789,24.59000015258789,22.59000015258789,22.6299991607666,22.6299991607666,5326700
2022-12-12,22.65999984741211,23.149999618530273,22.18000030517578,22.670000076293945,22.670000076293945,3750800
2022-12-13,23.549999237060547,23.700000762939453,20.829999923706055,21.0,21.0,6305600
2022-12-14,21.190000534057617,22.0,21.010000228881836,21.049999237060547,21.049999237060547,4604800
2022-12-15,20.739999771118164,21.440000534057617,20.239999771118164,20.579999923706055,20.579999923706055,6444500
2022-12-16,20.479999542236328,21.1200008392334,20.010000228881836,20.799999237060547,20.799999237060547,9379700
2022-12-19,20.549999237060547,20.889999389648438,19.59000015258789,19.920000076293945,19.920000076293945,3700600
2022-12-20,19.860000610351562,21.31999969482422,19.6200008392334,20.260000228881836,20.260000228881836,4479000
2022-12-21,20.399999618530273,20.899999618530273,20.18000030517578,20.559999465942383,20.559999465942383,2793600
2022-12-22,20.5,20.5,18.5,19.809999465942383,19.809999465942383,5343100
2022-12-23,20.0,20.6299991607666,19.649999618530273,20.079999923706055,20.079999923706055,3174800
2022-12-27,19.90999984741211,19.989999771118164,18.0,18.200000762939453,18.200000762939453,4233000
2022-12-28,18.290000915527344,18.700000762939453,16.979999542236328,17.920000076293945,17.920000076293945,5672000
2022-12-29,18.1200008392334,18.56999969482422,17.75,18.329999923706055,18.329999923706055,3442800
2022-12-30,17.950000762939453,18.579999923706055,17.899999618530273,18.459999084472656,18.459999084472656,2669500
2023-01-03,18.639999389648438,19.260000228881836,17.09000015258789,17.200000762939453,17.200000762939453,5135200
2023-01-04,17.25,17.93000030517578,16.899999618530273,17.31999969482422,17.31999969482422,3939300
2023-01-05,17.059999465942383,17.260000228881836,15.890000343322754,16.219999313354492,16.219999313354492,6066200
2023-01-06,16.0,16.56999969482422,15.40999984741211,16.459999084472656,16.459999084472656,4823400
2023-01-09,16.649999618530273,17.1299991607666,16.360000610351562,16.3799991607666,16.3799991607666,3522600
2023-01-10,16.299999237060547,18.09000015258789,16.25,17.770000457763672,17.770000457763672,4402800
2023-01-11,18.190000534057617,20.049999237060547,17.860000610351562,19.040000915527344,19.040000915527344,8405800
2023-01-12,19.040000915527344,20.6299991607666,18.34000015258789,20.6299991607666,20.6299991607666,5877300
2023-01-13,19.8799991607666,21.110000610351562,19.799999237060547,20.489999771118164,20.489999771118164,5494400
2023-01-17,20.489999771118164,21.940000534057617,20.3700008392334,21.799999237060547,21.799999237060547,5407900
2023-01-18,22.010000228881836,22.149999618530273,20.5,20.790000915527344,20.790000915527344,5632200
2023-01-19,20.440000534057617,20.450000762939453,18.81999969482422,19.040000915527344,19.040000915527344,4519200
2023-01-20,19.049999237060547,20.06999969482422,18.899999618530273,19.610000610351562,19.610000610351562,3564300
2023-01-23,19.5,22.489999771118164,19.3700008392334,21.65999984741211,21.65999984741211,7181500
2023-01-24,21.299999237060547,22.09000015258789,21.0,21.399999618530273,21.399999618530273,2381600
2023-01-25,20.59000015258789,20.84000015258789,19.530000686645508,20.229999542236328,20.229999542236328,3515800
2023-01-26,20.610000610351562,21.170000076293945,19.3799991607666,20.010000228881836,20.010000228881836,3520000
2023-01-27,19.799999237060547,23.309999465942383,19.40999984741211,22.81999969482422,22.81999969482422,11897200
2023-01-30,22.5,23.479999542236328,21.1299991607666,21.25,21.25,4950600
2023-01-31,21.40999984741211,22.049999237060547,21.299999237060547,21.8700008392334,21.8700008392334,3128400
2023-02-01,21.489999771118164,22.1200008392334,20.549999237060547,21.829999923706055,21.829999923706055,4517200
2023-02-02,22.440000534057617,24.399999618530273,22.219999313354492,22.700000762939453,22.700000762939453,7655700
2023-02-03,22.010000228881836,23.93000030517578,21.799999237060547,22.25,22.25,4935900
2023-02-06,21.8799991607666,24.8799991607666,21.770000457763672,23.860000610351562,23.860000610351562,8708400
2023-02-07,23.0,23.049999237060547,20.5,21.219999313354492,21.219999313354492,9093700
2023-02-08,21.43000030517578,21.549999237060547,20.610000610351562,21.100000381469727,21.100000381469727,2846400
2023-02-09,21.25,21.649999618530273,19.670000076293945,19.670000076293945,19.670000076293945,4497400
2023-02-10,19.559999465942383,20.040000915527344,19.049999237060547,19.270000457763672,19.270000457763672,2902700
2023-02-13,19.299999237060547,19.940000534057617,19.010000228881836,19.690000534057617,19.690000534057617,2299300
2023-02-14,19.309999465942383,20.010000228881836,19.100000381469727,19.8700008392334,19.8700008392334,2746300
2023-02-15,19.799999237060547,21.799999237060547,19.59000015258789,21.799999237060547,21.799999237060547,7137800
2023-02-16,21.25,22.420000076293945,20.850000381469727,21.600000381469727,21.600000381469727,3879000
2023-02-17,21.270000457763672,22.06999969482422,21.149999618530273,21.989999771118164,21.989999771118164,2851000
2023-02-21,21.329999923706055,21.829999923706055,20.6299991607666,20.65999984741211,20.65999984741211,3100300
2023-02-22,20.530000686645508,21.190000534057617,20.329999923706055,20.520000457763672,20.520000457763672,2164900
2023-02-23,20.65999984741211,20.8700008392334,19.530000686645508,20.139999389648438,20.139999389648438,2862000
2023-02-24,19.709999084472656,20.079999923706055,19.540000915527344,19.540000915527344,19.540000915527344,2277600
2023-02-27,19.610000610351562,19.700000762939453,18.889999389648438,19.100000381469727,19.100000381469727,4006700
2023-02-28,19.059999465942383,19.520000457763672,18.950000762939453,19.229999542236328,19.229999542236328,3373800
2023-03-01,18.920000076293945,19.09000015258789,18.139999389648438,18.149999618530273,18.149999618530273,4210100
2023-03-02,18.149999618530273,18.399999618530273,17.6200008392334,18.190000534057617,18.190000534057617,2622100
2023-03-03,18.190000534057617,19.100000381469727,18.100000381469727,18.700000762939453,18.700000762939453,2505500
2023-03-06,18.520000457763672,19.5,18.520000457763672,18.649999618530273,18.649999618530273,2815300
2023-03-07,18.540000915527344,18.84000015258789,18.059999465942383,18.059999465942383,18.059999465942383,2375300
2023-03-08,18.049999237060547,18.3799991607666,17.6299991607666,18.170000076293945,18.170000076293945,3277800
2023-03-09,18.06999969482422,18.3799991607666,17.479999542236328,17.520000457763672,17.520000457763672,2652600
2023-03-10,17.530000686645508,17.770000457763672,16.850000381469727,17.25,17.25,2845500
2023-03-13,16.770000457763672,17.350000381469727,16.520000457763672,16.75,16.75,2959100
2023-03-14,17.3700008392334,17.40999984741211,16.399999618530273,16.90999984741211,16.90999984741211,3077400
2023-03-15,16.5,16.690000534057617,15.699999809265137,15.949999809265137,15.949999809265137,4541500
2023-03-16,16.0,16.770000457763672,15.529999732971191,16.760000228881836,16.760000228881836,4083000
2023-03-17,16.6200008392334,16.719999313354492,15.920000076293945,16.600000381469727,16.600000381469727,5105500
2023-03-20,16.649999618530273,17.270000457763672,16.25,16.8700008392334,16.8700008392334,4463700
2023-03-21,17.149999618530273,18.350000381469727,17.139999389648438,17.649999618530273,17.649999618530273,15882900
2023-03-22,26.600000381469727,27.0,23.049999237060547,23.8700008392334,23.8700008392334,66764700
2023-03-23,22.56999969482422,24.59000015258789,22.1299991607666,22.579999923706055,22.579999923706055,11168900
2023-03-24,22.31999969482422,23.989999771118164,22.100000381469727,23.979999542236328,23.979999542236328,8756400
2023-03-27,23.989999771118164,24.010000228881836,22.690000534057617,23.0,23.0,4580800
2023-03-28,22.969999313354492,23.540000915527344,22.219999313354492,23.149999618530273,23.149999618530273,5711700
2023-03-29,23.079999923706055,23.700000762939453,22.219999313354492,22.459999084472656,22.459999084472656,4161400
2023-03-30,22.600000381469727,22.829999923706055,22.110000610351562,22.5,22.5,3477600
2023-03-31,22.350000381469727,23.06999969482422,22.149999618530273,23.020000457763672,23.020000457763672,3880300
2023-04-03,22.940000534057617,23.850000381469727,22.65999984741211,23.170000076293945,23.170000076293945,4274500
2023-04-04,22.75,23.139999389648438,22.09000015258789,22.350000381469727,22.350000381469727,3421500
2023-04-05,22.469999313354492,22.469999313354492,21.229999542236328,22.06999969482422,22.06999969482422,3638100
2023-04-06,22.0,22.670000076293945,21.770000457763672,22.399999618530273,22.399999618530273,2506900
2023-04-10,21.850000381469727,22.43000030517578,21.81999969482422,22.3700008392334,22.3700008392334,2176100
2023-04-11,22.56999969482422,23.170000076293945,22.420000076293945,22.690000534057617,22.690000534057617,2540000
2023-04-12,22.899999618530273,23.280000686645508,22.260000228881836,22.260000228881836,22.260000228881836,2141100
2023-04-13,22.5,22.850000381469727,22.329999923706055,22.549999237060547,22.549999237060547,1803900
2023-04-14,22.739999771118164,23.25,22.31999969482422,22.459999084472656,22.459999084472656,2312400
2023-04-17,22.270000457763672,22.68000030517578,22.139999389648438,22.280000686645508,22.280000686645508,2066600
2023-04-18,22.139999389648438,22.31999969482422,21.5,21.610000610351562,21.610000610351562,2748700
2023-04-19,21.280000686645508,21.8700008392334,20.959999084472656,21.309999465942383,21.309999465942383,2539500
2023-04-20,20.8799991607666,21.56999969482422,20.059999465942383,20.219999313354492,20.219999313354492,2977400
2023-04-21,20.200000762939453,20.6200008392334,20.100000381469727,20.489999771118164,20.489999771118164,2085900
2023-04-24,20.149999618530273,20.40999984741211,19.809999465942383,19.93000030517578,19.93000030517578,2742400
2023-04-25,19.739999771118164,20.040000915527344,18.90999984741211,19.0,19.0,2560800
2023-04-26,18.979999542236328,19.229999542236328,18.649999618530273,18.649999618530273,18.649999618530273,2287600
2023-04-27,18.75,19.34000015258789,18.719999313354492,18.940000534057617,18.940000534057617,2238900
2023-04-28,18.920000076293945,19.719999313354492,18.8799991607666,19.290000915527344,19.290000915527344,2836600
2023-05-01,19.15999984741211,19.25,18.459999084472656,18.549999237060547,18.549999237060547,2356600
2023-05-02,18.450000762939453,18.579999923706055,18.059999465942383,18.579999923706055,18.579999923706055,1918300
2023-05-03,18.559999465942383,19.200000762939453,18.530000686645508,18.899999618530273,18.899999618530273,3184000
2023-05-04,19.25,19.479999542236328,18.920000076293945,19.350000381469727,19.350000381469727,2041800
2023-05-05,19.6200008392334,20.8799991607666,19.510000228881836,20.420000076293945,20.420000076293945,4357200
2023-05-08,20.459999084472656,20.989999771118164,20.09000015258789,20.510000228881836,20.510000228881836,2402800
2023-05-09,20.15999984741211,20.649999618530273,20.1200008392334,20.239999771118164,20.239999771118164,1522700
2023-05-10,20.450000762939453,20.959999084472656,20.3799991607666,20.760000228881836,20.760000228881836,2139900
2023-05-11,20.690000534057617,21.15999984741211,20.510000228881836,20.8799991607666,20.8799991607666,1652500
2023-05-12,20.829999923706055,20.979999542236328,20.229999542236328,20.690000534057617,20.690000534057617,2006100
2023-05-15,20.6200008392334,21.6299991607666,20.489999771118164,21.6200008392334,21.6200008392334,2602000
2023-05-16,21.5,22.100000381469727,21.420000076293945,21.989999771118164,21.989999771118164,2498000
2023-05-17,21.989999771118164,23.25,21.899999618530273,22.8700008392334,22.8700008392334,4573000
2023-05-18,22.899999618530273,23.299999237060547,22.68000030517578,23.049999237060547,23.049999237060547,2144400
2023-05-19,22.940000534057617,22.989999771118164,21.75,22.059999465942383,22.059999465942383,2668200
2023-05-22,22.100000381469727,24.360000610351562,21.989999771118164,24.209999084472656,24.209999084472656,6251600
2023-05-23,23.889999389648438,23.899999618530273,22.799999237060547,23.15999984741211,23.15999984741211,3786500
2023-05-24,23.1299991607666,23.520000457763672,22.729999542236328,23.270000457763672,23.270000457763672,1901000
2023-05-25,23.5,23.690000534057617,22.709999084472656,23.350000381469727,23.350000381469727,2494400
2023-05-26,23.469999313354492,23.709999084472656,23.059999465942383,23.25,23.25,2261900
2023-05-30,23.350000381469727,24.690000534057617,23.299999237060547,24.56999969482422,24.56999969482422,5037800
2023-05-31,24.510000228881836,24.799999237060547,23.8799991607666,24.049999237060547,24.049999237060547,4265200
2023-06-01,24.040000915527344,24.65999984741211,23.780000686645508,24.100000381469727,24.100000381469727,3845000
2023-06-02,24.290000915527344,24.93000030517578,24.280000686645508,24.639999389648438,24.639999389648438,3300700
2023-06-05,24.530000686645508,25.84000015258789,24.15999984741211,24.309999465942383,24.309999465942383,4201900
2023-06-06,24.010000228881836,25.25,24.0,24.690000534057617,24.690000534057617,3984300
2023-06-07,26.200000762939453,26.549999237060547,25.06999969482422,26.110000610351562,26.110000610351562,18001100
2023-06-08,20.299999237060547,22.0,20.100000381469727,21.440000534057617,21.440000534057617,19213300
2023-06-09,21.780000686645508,23.43000030517578,21.5,22.68000030517578,22.68000030517578,10342600
2023-06-12,22.850000381469727,24.299999237060547,22.739999771118164,24.299999237060547,24.299999237060547,7131400
2023-06-13,26.200000762939453,27.649999618530273,25.030000686645508,26.950000762939453,26.950000762939453,17160600
2023-06-14,26.719999313354492,27.079999923706055,24.899999618530273,25.700000762939453,25.700000762939453,7243700
2023-06-15,25.40999984741211,26.170000076293945,24.639999389648438,24.84000015258789,24.84000015258789,5501800
2023-06-16,25.020000457763672,25.110000610351562,24.420000076293945,24.559999465942383,24.559999465942383,4443500
2023-06-20,24.40999984741211,24.649999618530273,23.719999313354492,24.579999923706055,24.579999923706055,3250700
2023-06-21,24.84000015258789,25.100000381469727,24.100000381469727,24.43000030517578,24.43000030517578,2404700
2023-06-22,24.1299991607666,24.329999923706055,23.760000228881836,24.31999969482422,24.31999969482422,1889600
2023-06-23,23.780000686645508,24.149999618530273,23.68000030517578,23.700000762939453,23.700000762939453,2261000
2023-06-26,23.3799991607666,24.030000686645508,22.90999984741211,23.020000457763672,23.020000457763672,2525200
2023-06-27,23.290000915527344,23.600000381469727,23.0,23.579999923706055,23.579999923706055,2141500
2023-06-28,23.440000534057617,25.100000381469727,23.399999618530273,24.979999542236328,24.979999542236328,3493900
2023-06-29,24.959999084472656,25.469999313354492,24.6200008392334,24.899999618530273,24.899999618530273,3101000
2023-06-30,24.969999313354492,25.1299991607666,24.25,24.25,24.25,2803300
2023-07-03,24.290000915527344,25.110000610351562,24.209999084472656,24.90999984741211,24.90999984741211,1806600
2023-07-05,24.639999389648438,24.850000381469727,23.790000915527344,23.899999618530273,23.899999618530273,2263100
2023-07-06,23.520000457763672,23.56999969482422,22.81999969482422,22.829999923706055,22.829999923706055,2384600
2023-07-07,22.969999313354492,23.530000686645508,22.670000076293945,22.709999084472656,22.709999084472656,2447200
2023-07-10,22.610000610351562,23.559999465942383,22.0,23.540000915527344,23.540000915527344,3318200
2023-07-11,23.200000762939453,24.440000534057617,23.200000762939453,23.90999984741211,23.90999984741211,3057100
2023-07-12,24.25,24.309999465942383,23.440000534057617,23.440000534057617,23.440000534057617,1742200
2023-07-13,23.540000915527344,23.979999542236328,23.420000076293945,23.459999084472656,23.459999084472656,1912200
2023-07-14,23.489999771118164,23.719999313354492,22.940000534057617,22.969999313354492,22.969999313354492,2178800
2023-07-17,22.8799991607666,23.309999465942383,22.700000762939453,22.81999969482422,22.81999969482422,2026000
2023-07-18,22.719999313354492,23.799999237060547,22.68000030517578,23.079999923706055,23.079999923706055,2342000
2023-07-19,23.420000076293945,23.579999923706055,22.959999084472656,23.170000076293945,23.170000076293945,2250100
2023-07-20,23.010000228881836,23.219999313354492,22.65999984741211,22.90999984741211,22.90999984741211,2256700
2023-07-21,23.049999237060547,23.219999313354492,22.15999984741211,22.18000030517578,22.18000030517578,3167900
2023-07-24,22.420000076293945,23.040000915527344,22.200000762939453,23.040000915527344,23.040000915527344,2970400
2023-07-25,23.100000381469727,23.100000381469727,22.530000686645508,22.850000381469727,22.850000381469727,1672000
2023-07-26,22.700000762939453,22.989999771118164,22.479999542236328,22.700000762939453,22.700000762939453,1489200
2023-07-27,22.940000534057617,23.489999771118164,22.1299991607666,22.219999313354492,22.219999313354492,3370900
2023-07-28,22.020000457763672,22.489999771118164,21.790000915527344,21.93000030517578,21.93000030517578,2642100
2023-07-31,22.0,22.3799991607666,21.850000381469727,22.200000762939453,22.200000762939453,1973400
2023-08-01,21.950000762939453,22.0,21.260000228881836,21.5,21.5,2567100
2023-08-02,21.149999618530273,21.149999618530273,20.34000015258789,20.829999923706055,20.829999923706055,2625800
2023-08-03,20.8799991607666,21.18000030517578,20.739999771118164,20.93000030517578,20.93000030517578,1318700
2023-08-04,20.950000762939453,21.889999389648438,20.889999389648438,20.979999542236328,20.979999542236328,2406000
2023-08-07,20.899999618530273,21.239999771118164,20.479999542236328,21.06999969482422,21.06999969482422,1441300
2023-08-08,20.700000762939453,20.899999618530273,20.280000686645508,20.739999771118164,20.739999771118164,1431300
2023-08-09,20.850000381469727,20.850000381469727,19.81999969482422,19.93000030517578,19.93000030517578,2929600
2023-08-10,20.0,20.290000915527344,19.8700008392334,20.190000534057617,20.190000534057617,1432400
2023-08-11,20.030000686645508,20.3799991607666,19.969999313354492,20.190000534057617,20.190000534057617,1522900
2023-08-14,19.75,20.010000228881836,19.079999923706055,19.959999084472656,19.959999084472656,3329300
2023-08-15,19.770000457763672,19.780000686645508,19.09000015258789,19.329999923706055,19.329999923706055,2290300
2023-08-16,19.18000030517578,19.34000015258789,18.549999237060547,18.59000015258789,18.59000015258789,3015600
2023-08-17,18.790000915527344,18.809999465942383,18.299999237060547,18.3799991607666,18.3799991607666,2056800
2023-08-18,18.18000030517578,18.65999984741211,18.139999389648438,18.360000610351562,18.360000610351562,2029100
2023-08-21,18.299999237060547,18.81999969482422,18.200000762939453,18.479999542236328,18.479999542236328,2864700
2023-08-22,18.6200008392334,18.6200008392334,17.25,17.260000228881836,17.260000228881836,3782100
2023-08-23,17.25,17.34000015258789,16.8799991607666,16.889999389648438,16.889999389648438,2909100
2023-08-24,16.940000534057617,16.979999542236328,16.18000030517578,16.360000610351562,16.360000610351562,3624500
2023-08-25,16.5,17.18000030517578,16.450000762939453,17.1299991607666,17.1299991607666,3423500
2023-08-28,17.350000381469727,18.110000610351562,17.25,17.56999969482422,17.56999969482422,3007400
2023-08-29,17.600000381469727,18.549999237060547,17.600000381469727,18.239999771118164,18.239999771118164,2709200
2023-08-30,18.200000762939453,18.520000457763672,17.90999984741211,18.3700008392334,18.3700008392334,1884500
2023-08-31,18.40999984741211,19.420000076293945,18.149999618530273,18.549999237060547,18.549999237060547,4674100
2023-09-01,18.65999984741211,18.729999542236328,18.31999969482422,18.420000076293945,18.420000076293945,2135900
2023-09-05,18.450000762939453,19.34000015258789,18.260000228881836,19.229999542236328,19.229999542236328,3781300
2023-09-06,19.059999465942383,19.149999618530273,18.420000076293945,18.75,18.75,6107200
2023-09-07,19.1299991607666,19.479999542236328,17.610000610351562,18.889999389648438,18.889999389648438,5021300
2023-09-08,18.149999618530273,18.5,17.350000381469727,17.709999084472656,17.709999084472656,4689200
2023-09-11,17.850000381469727,17.850000381469727,16.899999618530273,17.020000457763672,17.020000457763672,3543800
2023-09-12,17.530000686645508,18.5,17.190000534057617,17.229999542236328,17.229999542236328,5179400
2023-09-13,17.309999465942383,17.93000030517578,17.270000457763672,17.809999465942383,17.809999465942383,3012600
2023-09-14,17.799999237060547,18.520000457763672,17.600000381469727,18.329999923706055,18.329999923706055,3078000
2023-09-15,18.360000610351562,18.610000610351562,18.149999618530273,18.219999313354492,18.219999313354492,6166600
2023-09-18,17.989999771118164,18.100000381469727,17.350000381469727,17.549999237060547,17.549999237060547,3694600
2023-09-19,17.59000015258789,17.639999389648438,17.1299991607666,17.520000457763672,17.520000457763672,2584200
2023-09-20,17.6299991607666,17.93000030517578,17.450000762939453,17.520000457763672,17.520000457763672,2129800
2023-09-21,17.280000686645508,17.31999969482422,16.649999618530273,17.020000457763672,17.020000457763672,2910700
2023-09-22,17.18000030517578,17.350000381469727,17.0,17.18000030517578,17.18000030517578,2100300
2023-09-25,17.0,17.719999313354492,16.850000381469727,17.670000076293945,17.670000076293945,2181200
2023-09-26,17.3799991607666,17.81999969482422,16.780000686645508,16.780000686645508,16.780000686645508,2726800
2023-09-27,16.8700008392334,17.260000228881836,16.809999465942383,17.149999618530273,17.149999618530273,1681300
2023-09-28,18.020000457763672,18.100000381469727,16.440000534057617,16.84000015258789,16.84000015258789,7431900
2023-09-29,17.049999237060547,17.260000228881836,16.399999618530273,16.459999084472656,16.459999084472656,3397000
2023-10-02,16.299999237060547,16.309999465942383,15.260000228881836,15.390000343322754,15.390000343322754,6087700
2023-10-03,15.289999961853027,15.289999961853027,14.569999694824219,14.600000381469727,14.600000381469727,4510300
2023-10-04,14.770000457763672,14.9399995803833,14.4399995803833,14.869999885559082,14.869999885559082,2586400
2023-10-05,14.699999809265137,14.979999542236328,14.579999923706055,14.710000038146973,14.710000038146973,1945100
2023-10-06,14.59000015258789,15.260000228881836,14.579999923706055,15.079999923706055,15.079999923706055,2467100
2023-10-09,14.770000457763672,15.5,14.720000267028809,15.399999618530273,15.399999618530273,2276300
2023-10-10,15.5,16.190000534057617,15.399999618530273,16.0,16.0,2915900
2023-10-11,16.010000228881836,16.09000015258789,15.739999771118164,15.819999694824219,15.819999694824219,2098200
2023-10-12,15.770000457763672,15.800000190734863,14.819999694824219,15.09000015258789,15.09000015258789,3180300
2023-10-13,14.920000076293945,15.109999656677246,14.779999732971191,14.920000076293945,14.920000076293945,1823300
2023-10-16,14.8100004196167,14.930000305175781,14.149999618530273,14.430000305175781,14.430000305175781,3508600
2023-10-17,14.25,14.829999923706055,14.100000381469727,14.119999885559082,14.119999885559082,3842400
2023-10-18,14.0,14.25,13.8100004196167,13.850000381469727,13.850000381469727,4045800
2023-10-19,13.800000190734863,13.850000381469727,12.899999618530273,13.15999984741211,13.15999984741211,5808000
2023-10-20,13.180000305175781,13.800000190734863,13.119999885559082,13.4399995803833,13.4399995803833,3661800
2023-10-23,13.279999732971191,13.59000015258789,13.039999961853027,13.4399995803833,13.4399995803833,2785500
2023-10-24,13.59000015258789,14.300000190734863,13.550000190734863,14.039999961853027,14.039999961853027,3738300
2023-10-25,14.010000228881836,14.010000228881836,13.609999656677246,13.710000038146973,13.710000038146973,1967300
2023-10-26,13.729999542236328,13.800000190734863,13.40999984741211,13.5,13.5,2036400
2023-10-27,13.510000228881836,13.619999885559082,13.020000457763672,13.119999885559082,13.119999885559082,2481700
2023-10-30,13.149999618530273,13.270000457763672,12.59000015258789,12.800000190734863,12.800000190734863,3475900
2023-10-31,12.850000381469727,13.899999618530273,12.819999694824219,13.770000457763672,13.770000457763672,4574600
2023-11-01,13.779999732971191,13.800000190734863,13.010000228881836,13.010000228881836,13.010000228881836,3430100
2023-11-02,13.369999885559082,13.699999809265137,13.279999732971191,13.640000343322754,13.640000343322754,3566600
2023-11-03,13.899999618530273,14.399999618530273,13.829999923706055,13.869999885559082,13.869999885559082,2966200
2023-11-06,13.989999771118164,14.050000190734863,13.489999771118164,13.529999732971191,13.529999732971191,2164400
2023-11-07,13.470000267028809,13.789999961853027,13.229999542236328,13.640000343322754,13.640000343322754,2354400
2023-11-08,13.510000228881836,13.760000228881836,13.279999732971191,13.279999732971191,13.279999732971191,1705600
2023-11-09,13.25,13.319999694824219,12.699999809265137,12.699999809265137,12.699999809265137,2750100
2023-11-10,12.8100004196167,12.970000267028809,12.350000381469727,12.539999961853027,12.539999961853027,3872400
2023-11-13,12.5,12.529999732971191,11.829999923706055,12.140000343322754,12.140000343322754,4318500
2023-11-14,12.75,13.390000343322754,12.6899995803833,12.899999618530273,12.899999618530273,5187500
2023-11-15,13.149999618530273,13.5,13.029999732971191,13.270000457763672,13.270000457763672,4121600
2023-11-16,13.140000343322754,13.1899995803833,12.520000457763672,12.529999732971191,12.529999732971191,3425800
2023-11-17,12.520000457763672,13.0600004196167,12.520000457763672,13.029999732971191,13.029999732971191,3414200
2023-11-20,13.0,13.199999809265137,12.800000190734863,12.800000190734863,12.800000190734863,2294900
2023-11-21,12.649999618530273,12.720000267028809,12.260000228881836,12.550000190734863,12.550000190734863,3710100
2023-11-22,12.5600004196167,12.710000038146973,12.1899995803833,12.289999961853027,12.289999961853027,2358800
2023-11-24,12.220000267028809,12.40999984741211,12.180000305175781,12.199999809265137,12.199999809265137,1232500
2023-11-27,12.180000305175781,12.329999923706055,11.890000343322754,11.90999984741211,11.90999984741211,3710600
2023-11-28,11.899999618530273,13.550000190734863,11.890000343322754,13.489999771118164,13.489999771118164,14192900
2023-11-29,15.489999771118164,17.559999465942383,14.699999809265137,16.25,16.25,61172800
2023-11-30,16.290000915527344,16.329999923706055,14.319999694824219,14.550000190734863,14.550000190734863,16537200
2023-12-01,14.520000457763672,15.989999771118164,14.5,15.300000190734863,15.300000190734863,13378700
2023-12-04,15.289999961853027,17.40999984741211,14.90999984741211,16.979999542236328,16.979999542236328,20098700
2023-12-05,16.469999313354492,16.719999313354492,14.869999885559082,14.90999984741211,14.90999984741211,14220100
2023-12-06,15.359999656677246,15.699999809265137,14.640000343322754,14.84000015258789,14.84000015258789,12691300
2023-12-07,13.710000038146973,16.520000457763672,13.5600004196167,16.360000610351562,16.360000610351562,19840700
2023-12-08,15.829999923706055,16.479999542236328,15.470000267028809,15.550000190734863,15.550000190734863,10401400
2023-12-11,15.449999809265137,15.6899995803833,14.979999542236328,15.069999694824219,15.069999694824219,4961200
2023-12-12,15.119999885559082,15.359999656677246,14.84000015258789,15.220000267028809,15.220000267028809,4210700
2023-12-13,15.220000267028809,16.799999237060547,15.1899995803833,16.690000534057617,16.690000534057617,9086900
2023-12-14,17.139999389648438,17.8799991607666,16.799999237060547,17.440000534057617,17.440000534057617,10750700
2023-12-15,17.399999618530273,17.579999923706055,17.010000228881836,17.260000228881836,17.260000228881836,7119100
2023-12-18,17.239999771118164,18.510000228881836,17.100000381469727,17.860000610351562,17.860000610351562,7352200
2023-12-19,17.889999389648438,18.59000015258789,17.229999542236328,17.719999313354492,17.719999313354492,5447100
2023-12-20,17.530000686645508,18.3799991607666,16.889999389648438,16.93000030517578,16.93000030517578,5553000
2023-12-21,17.190000534057617,17.34000015258789,16.59000015258789,16.979999542236328,16.979999542236328,3975300
2023-12-22,16.780000686645508,17.200000762939453,16.450000762939453,16.969999313354492,16.969999313354492,3329900
2023-12-26,16.979999542236328,17.40999984741211,16.81999969482422,17.360000610351562,17.360000610351562,3079600
2023-12-27,17.43000030517578,18.3700008392334,17.3700008392334,18.3700008392334,18.3700008392334,4800100
2023-12-28,18.049999237060547,18.31999969482422,17.850000381469727,18.06999969482422,18.06999969482422,3574800
2023-12-29,18.040000915527344,18.15999984741211,17.459999084472656,17.530000686645508,17.530000686645508,4536700
2024-01-02,17.25,17.600000381469727,16.579999923706055,16.670000076293945,16.670000076293945,4428000
2024-01-03,16.299999237060547,16.829999923706055,15.899999618530273,16.690000534057617,16.690000534057617,4193600
2024-01-04,16.510000228881836,16.75,16.309999465942383,16.360000610351562,16.360000610351562,2671500
2024-01-05,16.15999984741211,16.520000457763672,15.960000038146973,15.960000038146973,15.960000038146973,2619200
2024-01-08,15.779999732971191,16.1200008392334,15.699999809265137,15.789999961853027,15.789999961853027,3031100
2024-01-09,15.59000015258789,15.619999885559082,15.119999885559082,15.15999984741211,15.15999984741211,3105300
2024-01-10,15.119999885559082,15.760000228881836,14.970000267028809,15.729999542236328,15.729999542236328,3191700
2024-01-11,15.649999618530273,15.800000190734863,15.239999771118164,15.25,15.25,2992200
2024-01-12,15.300000190734863,15.619999885559082,14.729999542236328,14.75,14.75,2479800
2024-01-16,14.600000381469727,14.619999885559082,13.930000305175781,13.979999542236328,13.979999542236328,3581200
2024-01-17,13.859999656677246,14.109999656677246,13.710000038146973,14.079999923706055,14.079999923706055,2706200
2024-01-18,14.199999809265137,14.770000457763672,14.050000190734863,14.289999961853027,14.289999961853027,3906000
2024-01-19,14.359999656677246,14.600000381469727,14.09000015258789,14.510000228881836,14.510000228881836,2396200
2024-01-22,14.5,15.15999984741211,14.300000190734863,14.899999618530273,14.899999618530273,3606500
2024-01-23,15.0,15.020000457763672,14.050000190734863,14.180000305175781,14.180000305175781,3495300
2024-01-24,14.279999732971191,14.380000114440918,13.819999694824219,13.949999809265137,13.949999809265137,2513800
2024-01-25,13.970000267028809,14.539999961853027,13.920000076293945,14.520000457763672,14.520000457763672,3635900
2024-01-26,14.4399995803833,14.720000267028809,14.40999984741211,14.489999771118164,14.489999771118164,2288800
2024-01-29,14.5,14.8100004196167,14.319999694824219,14.779999732971191,14.779999732971191,2164200
2024-01-30,14.539999961853027,14.819999694824219,14.510000228881836,14.550000190734863,14.550000190734863,1652600
2024-01-31,14.399999618530273,14.829999923706055,14.220000267028809,14.229999542236328,14.229999542236328,2684700
2024-02-01,14.34000015258789,14.420000076293945,14.020000457763672,14.420000076293945,14.420000076293945,2220200
2024-02-02,14.149999618530273,14.920000076293945,14.079999923706055,14.729999542236328,14.729999542236328,2924500
2024-02-05,14.5,14.609999656677246,13.399999618530273,13.460000038146973,13.460000038146973,4361500
2024-02-06,13.600000381469727,14.300000190734863,13.430000305175781,14.100000381469727,14.100000381469727,3047800
2024-02-07,14.119999885559082,14.300000190734863,13.779999732971191,14.069999694824219,14.069999694824219,1947800
2024-02-08,14.010000228881836,14.4399995803833,13.890000343322754,14.350000381469727,14.350000381469727,1838300
2024-02-09,14.369999885559082,15.229999542236328,14.300000190734863,14.65999984741211,14.65999984741211,3575300
2024-02-12,14.579999923706055,15.220000267028809,14.529999732971191,14.729999542236328,14.729999542236328,2750100
2024-02-13,14.199999809265137,14.399999618530273,13.770000457763672,14.170000076293945,14.170000076293945,3788700
2024-02-14,14.329999923706055,14.430000305175781,14.050000190734863,14.40999984741211,14.40999984741211,2504400
2024-02-15,14.539999961853027,14.75,14.229999542236328,14.510000228881836,14.510000228881836,2400500
2024-02-16,14.460000038146973,14.529999732971191,14.100000381469727,14.119999885559082,14.119999885559082,2301900
2024-02-20,13.960000038146973,14.050000190734863,13.15999984741211,13.489999771118164,13.489999771118164,3784500
2024-02-21,13.460000038146973,13.670000076293945,13.229999542236328,13.40999984741211,13.40999984741211,1722800
2024-02-22,13.5,13.649999618530273,13.34000015258789,13.359999656677246,13.359999656677246,1817800
2024-02-23,13.300000190734863,13.789999961853027,13.119999885559082,13.510000228881836,13.510000228881836,2319700
2024-02-26,13.3100004196167,13.75,13.199999809265137,13.680000305175781,13.680000305175781,2278600
2024-02-27,13.699999809265137,14.289999961853027,13.680000305175781,14.210000038146973,14.210000038146973,2795500
2024-02-28,14.0,14.470000267028809,13.890000343322754,14.239999771118164,14.239999771118164,2440700
2024-02-29,14.34000015258789,14.649999618530273,14.029999732971191,14.270000457763672,14.270000457763672,2638700
2024-03-01,14.180000305175781,15.09000015258789,13.989999771118164,14.949999809265137,14.949999809265137,4899500
2024-03-04,14.930000305175781,15.59000015258789,14.829999923706055,15.220000267028809,15.220000267028809,4367600
2024-03-05,14.949999809265137,15.279999732971191,14.779999732971191,15.0,15.0,3152700
2024-03-06,15.220000267028809,15.890000343322754,14.9399995803833,15.260000228881836,15.260000228881836,3818100
2024-03-07,15.260000228881836,15.510000228881836,15.050000190734863,15.260000228881836,15.260000228881836,2111900
2024-03-08,15.399999618530273,15.630000114440918,14.520000457763672,14.649999618530273,14.649999618530273,3169800
2024-03-11,14.640000343322754,14.9399995803833,14.359999656677246,14.430000305175781,14.430000305175781,2111900
2024-03-12,14.350000381469727,14.84000015258789,14.09000015258789,14.720000267028809,14.720000267028809,2382600
2024-03-13,14.6899995803833,15.199999809265137,14.619999885559082,14.869999885559082,14.869999885559082,2898100
2024-03-14,14.800000190734863,15.020000457763672,14.399999618530273,14.630000114440918,14.630000114440918,2534200
2024-03-15,14.550000190734863,14.829999923706055,14.210000038146973,14.239999771118164,14.239999771118164,4480700
2024-03-18,14.25,14.300000190734863,13.899999618530273,13.90999984741211,13.90999984741211,3490800
2024-03-19,13.760000228881836,13.890000343322754,13.300000190734863,13.40999984741211,13.40999984741211,3894700
2024-03-20,13.470000267028809,13.789999961853027,13.210000038146973,13.479999542236328,13.479999542236328,3921300
2024-03-21,13.5600004196167,14.020000457763672,13.479999542236328,13.65999984741211,13.65999984741211,3382800
2024-03-22,13.760000228881836,13.949999809265137,13.010000228881836,13.100000381469727,13.100000381469727,4411600
2024-03-25,13.420000076293945,15.149999618530273,13.3100004196167,15.119999885559082,15.119999885559082,10416300
2024-03-26,15.149999618530273,15.630000114440918,14.75,15.5,15.5,17245800
2024-03-27,13.050000190734863,13.720000267028809,12.800000190734863,13.170000076293945,13.170000076293945,17871300
2024-03-28,13.1899995803833,13.1899995803833,12.470000267028809,12.520000457763672,12.520000457763672,8473500
2024-04-01,12.630000114440918,12.670000076293945,11.550000190734863,11.989999771118164,11.989999771118164,9207100
2024-04-02,11.84000015258789,11.989999771118164,11.260000228881836,11.279999732971191,11.279999732971191,6327700
2024-04-03,11.220000267028809,11.5,10.899999618530273,11.380000114440918,11.380000114440918,4331500
2024-04-04,11.5,11.829999923706055,11.380000114440918,11.529999732971191,11.529999732971191,4347000
2024-04-05,11.300000190734863,11.5,10.970000267028809,11.25,11.25,4760000
2024-04-08,11.300000190734863,11.369999885559082,10.829999923706055,10.829999923706055,10.829999923706055,3659100
2024-04-09,10.850000381469727,11.180000305175781,10.729999542236328,11.010000228881836,11.010000228881836,3455500
2024-04-10,10.899999618530273,11.069999694824219,10.75,10.850000381469727,10.850000381469727,3546200
2024-04-11,10.90999984741211,11.390000343322754,10.800000190734863,11.289999961853027,11.289999961853027,3802100
2024-04-12,11.210000038146973,11.229999542236328,10.760000228881836,10.770000457763672,10.770000457763672,3214400
2024-04-15,10.8100004196167,10.84000015258789,10.0600004196167,10.0600004196167,10.0600004196167,5086300
2024-04-16,10.0,10.550000190734863,9.949999809265137,10.369999885559082,10.369999885559082,4162100
2024-04-17,10.4399995803833,10.59000015258789,10.300000190734863,10.300000190734863,10.300000190734863,2096700
2024-04-18,10.319999694824219,10.630000114440918,10.270000457763672,10.3100004196167,10.3100004196167,2175400
2024-04-19,10.199999809265137,10.5,10.199999809265137,10.420000076293945,10.420000076293945,2462700
2024-04-22,10.40999984741211,10.449999809265137,10.010000228881836,10.010000228881836,10.010000228881836,3261000
2024-04-23,10.050000190734863,10.279999732971191,10.010000228881836,10.15999984741211,10.15999984741211,2511800
2024-04-24,10.15999984741211,10.9399995803833,10.15999984741211,10.930000305175781,10.930000305175781,4829600
2024-04-25,10.699999809265137,11.210000038146973,10.479999542236328,11.210000038146973,11.210000038146973,4903800
2024-04-26,11.180000305175781,12.1899995803833,11.0,11.899999618530273,11.899999618530273,7685100
2024-04-29,11.84000015258789,11.960000038146973,11.180000305175781,11.289999961853027,11.289999961853027,3821500
2024-04-30,11.180000305175781,11.300000190734863,10.90999984741211,11.09000015258789,11.09000015258789,2866500
2024-05-01,11.029999732971191,11.319999694824219,10.699999809265137,10.90999984741211,10.90999984741211,2653200
2024-05-02,11.109999656677246,12.880000114440918,10.960000038146973,12.760000228881836,12.760000228881836,8654800
2024-05-03,12.420000076293945,17.450000762939453,12.3100004196167,16.469999313354492,16.469999313354492,36292400
2024-05-06,14.989999771118164,17.399999618530273,13.619999885559082,16.309999465942383,16.309999465942383,48018700
2024-05-07,15.850000381469727,17.290000915527344,14.930000305175781,16.309999465942383,16.309999465942383,24308600
2024-05-08,16.049999237060547,17.239999771118164,15.329999923706055,15.920000076293945,15.920000076293945,24775100
2024-05-09,15.899999618530273,18.510000228881836,15.350000381469727,18.010000228881836,18.010000228881836,25759300
2024-05-10,17.93000030517578,20.200000762939453,16.8799991607666,17.459999084472656,17.459999084472656,36831900
2024-05-13,26.34000015258789,38.20000076293945,24.770000457763672,30.450000762939453,30.450000762939453,187241700
2024-05-14,64.83000183105469,64.83000183105469,36.0,48.75,48.75,206979100
2024-05-15,40.310001373291016,42.349998474121094,31.0,39.54999923706055,39.54999923706055,131790100
2024-05-16,33.97999954223633,35.2400016784668,27.59000015258789,27.670000076293945,27.670000076293945,76177600
2024-05-17,21.860000610351562,22.40999984741211,19.700000762939453,22.209999084472656,22.209999084472656,96079600
2024-05-20,21.540000915527344,23.399999618530273,18.940000534057617,23.139999389648438,23.139999389648438,55261600
2024-05-21,22.239999771118164,22.850000381469727,20.040000915527344,22.1200008392334,22.1200008392334,49250100
2024-05-22,21.559999465942383,22.25,20.760000228881836,21.1200008392334,21.1200008392334,43521400
2024-05-23,21.399999618530273,21.399999618530273,18.260000228881836,18.31999969482422,18.31999969482422,30561100
2024-05-24,18.420000076293945,19.68000030517578,17.700000762939453,19.0,19.0,43017100
2024-05-28,23.100000381469727,26.65999984741211,21.149999618530273,23.780000686645508,23.780000686645508,105077600
2024-05-29,22.0,22.979999542236328,21.049999237060547,21.239999771118164,21.239999771118164,26921200
2024-05-30,21.020000457763672,22.700000762939453,20.100000381469727,22.610000610351562,22.610000610351562,24403600
2024-05-31,22.579999923706055,23.719999313354492,21.68000030517578,23.139999389648438,23.139999389648438,22174300
2024-06-03,40.189998626708984,40.5,26.399999618530273,28.0,28.0,165808300
2024-06-04,26.260000228881836,28.010000228881836,25.200000762939453,26.5,26.5,51662100
2024-06-05,26.299999237060547,31.84000015258789,26.110000610351562,31.56999969482422,31.56999969482422,73156400
2024-06-06,31.56999969482422,47.5,31.280000686645508,46.54999923706055,46.54999923706055,206685800
2024-06-07,37.689998626708984,48.0,26.1200008392334,28.219999313354492,28.219999313354492,279054400
2024-06-10,28.969999313354492,29.34000015258789,23.059999465942383,24.829999923706055,24.829999923706055,130842800
2024-06-11,24.399999618530273,30.920000076293945,22.790000915527344,30.489999771118164,30.489999771118164,146914700
2024-06-12,29.170000076293945,33.70000076293945,24.829999923706055,25.459999084472656,25.459999084472656,147986700
2024-06-13,26.559999465942383,29.579999923706055,25.559999465942383,29.1200008392334,29.1200008392334,107306600
2024-06-14,29.229999542236328,30.65999984741211,27.40999984741211,28.700000762939453,28.700000762939453,82874400
2024-06-17,28.549999237060547,29.18000030517578,23.790000915527344,25.219999313354492,25.219999313354492,90351900
2024-06-18,24.579999923706055,25.969999313354492,23.610000610351562,24.700000762939453,24.700000762939453,38079200
2024-06-20,24.25,25.93000030517578,23.649999618530273,25.59000015258789,25.59000015258789,36029300
2024-06-21,25.239999771118164,25.809999465942383,23.510000228881836,23.93000030517578,23.93000030517578,27457200
2024-06-24,23.260000228881836,24.829999923706055,23.239999771118164,23.649999618530273,23.649999618530273,22162900
2024-06-25,23.600000381469727,24.969999313354492,22.549999237060547,24.93000030517578,24.93000030517578,26898400
2024-06-26,24.600000381469727,25.3799991607666,24.040000915527344,24.200000762939453,24.200000762939453,17903000
2024-06-27,24.100000381469727,26.690000534057617,24.059999465942383,25.09000015258789,25.09000015258789,34867000
2024-06-28,25.020000457763672,26.170000076293945,24.309999465942383,24.690000534057617,24.690000534057617,20212000
2024-07-01,23.350000381469727,23.780000686645508,22.309999465942383,23.329999923706055,23.329999923706055,30689000
2024-07-02,23.239999771118164,24.31999969482422,23.100000381469727,23.979999542236328,23.979999542236328,13703500
2024-07-03,24.030000686645508,24.889999389648438,23.649999618530273,24.3700008392334,24.3700008392334,11829500
2024-07-05,24.18000030517578,25.079999923706055,23.81999969482422,24.18000030517578,24.18000030517578,11782100
2024-07-08,24.1200008392334,25.139999389648438,23.850000381469727,24.450000762939453,24.450000762939453,11815500
2024-07-09,24.600000381469727,25.18000030517578,24.0,24.600000381469727,24.600000381469727,9419800
2024-07-10,25.0,26.450000762939453,24.899999618530273,24.969999313354492,24.969999313354492,22325400
2024-07-11,25.440000534057617,26.020000457763672,25.020000457763672,25.56999969482422,25.56999969482422,13032700
2024-07-12,25.760000228881836,26.889999389648438,25.420000076293945,26.049999237060547,26.049999237060547,16238900
2024-07-15,25.979999542236328,27.200000762939453,25.649999618530273,27.0,27.0,17136400
2024-07-16,27.75,28.829999923706055,27.3700008392334,28.540000915527344,28.540000915527344,25594500
2024-07-17,28.399999618530273,29.790000915527344,27.239999771118164,27.979999542236328,27.979999542236328,23775000
2024-07-18,27.979999542236328,28.3799991607666,25.610000610351562,25.8799991607666,25.8799991607666,16969700
2024-07-19,25.549999237060547,26.389999389648438,24.850000381469727,24.969999313354492,24.969999313354492,12763300
2024-07-22,24.84000015258789,25.979999542236328,24.3799991607666,25.219999313354492,25.219999313354492,14090400
2024-07-23,25.219999313354492,25.68000030517578,24.889999389648438,25.5,25.5,7921700
2024-07-24,25.149999618530273,25.450000762939453,23.93000030517578,24.010000228881836,24.010000228881836,9549200
2024-07-25,23.59000015258789,24.59000015258789,23.360000610351562,23.950000762939453,23.950000762939453,8567700
2024-07-26,24.280000686645508,24.770000457763672,24.110000610351562,24.1299991607666,24.1299991607666,6833900
2024-07-29,24.229999542236328,24.3799991607666,23.540000915527344,23.600000381469727,23.600000381469727,7250200
2024-07-30,23.600000381469727,23.889999389648438,22.34000015258789,22.399999618530273,22.399999618530273,9272400
2024-07-31,22.860000610351562,23.450000762939453,22.610000610351562,22.670000076293945,22.670000076293945,8005800
2024-08-01,22.920000076293945,23.09000015258789,21.559999465942383,21.709999084472656,21.709999084472656,9334400
2024-08-02,20.950000762939453,21.610000610351562,20.43000030517578,21.06999969482422,21.06999969482422,9030000
2024-08-05,18.829999923706055,20.799999237060547,18.729999542236328,20.649999618530273,20.649999618530273,12205900
2024-08-06,21.020000457763672,21.579999923706055,20.260000228881836,21.280000686645508,21.280000686645508,6505300
2024-08-07,21.149999618530273,21.459999084472656,20.3799991607666,20.829999923706055,20.829999923706055,6101100
2024-08-08,21.010000228881836,21.8799991607666,20.809999465942383,21.75,21.75,5439700
2024-08-09,21.510000228881836,22.170000076293945,21.459999084472656,21.93000030517578,21.93000030517578,4828900
2024-08-12,21.979999542236328,22.270000457763672,21.450000762939453,21.8799991607666,21.8799991607666,4449100
2024-08-13,21.959999084472656,22.3799991607666,21.860000610351562,22.270000457763672,22.270000457763672,3913700
2024-08-14,22.34000015258789,22.729999542236328,21.790000915527344,21.989999771118164,21.989999771118164,3489400
2024-08-15,22.25,22.84000015258789,21.969999313354492,22.530000686645508,22.530000686645508,5361400
2024-08-16,22.3700008392334,22.690000534057617,22.239999771118164,22.399999618530273,22.399999618530273,3641800
2024-08-19,22.350000381469727,23.100000381469727,22.31999969482422,22.65999984741211,22.65999984741211,4543500
2024-08-20,22.5,22.520000457763672,21.959999084472656,22.280000686645508,22.280000686645508,3570300
2024-08-21,22.170000076293945,22.649999618530273,22.15999984741211,22.549999237060547,22.549999237060547,3163200
2024-08-22,22.5,22.760000228881836,22.09000015258789,22.1200008392334,22.1200008392334,3382500
2024-08-23,22.25,22.6200008392334,22.18000030517578,22.209999084472656,22.209999084472656,4056700
2024-08-26,22.25,22.389999389648438,21.299999237060547,21.360000610351562,21.360000610351562,4780500
2024-08-27,21.059999465942383,21.290000915527344,20.65999984741211,20.739999771118164,20.739999771118164,4118800
2024-08-28,20.709999084472656,21.06999969482422,19.8799991607666,19.899999618530273,19.899999618530273,5219500
2024-08-29,20.5,22.450000762939453,20.469999313354492,21.510000228881836,21.510000228881836,10428400
2024-08-30,21.81999969482422,23.479999542236328,21.729999542236328,23.420000076293945,23.420000076293945,15680700
2024-09-03,24.149999618530273,24.690000534057617,22.81999969482422,23.139999389648438,23.139999389648438,11350500
2024-09-04,22.850000381469727,23.709999084472656,22.110000610351562,22.1200008392334,22.1200008392334,6700900
2024-09-05,22.0,22.68000030517578,21.65999984741211,22.389999389648438,22.389999389648438,5101200
2024-09-06,22.399999618530273,24.479999542236328,21.799999237060547,23.920000076293945,23.920000076293945,23884000
2024-09-09,23.239999771118164,25.020000457763672,23.15999984741211,24.25,24.25,14064700
2024-09-10,24.770000457763672,24.799999237060547,23.1299991607666,23.450000762939453,23.450000762939453,19175500
2024-09-11,20.81999969482422,21.09000015258789,19.309999465942383,20.639999389648438,20.639999389648438,28921500
2024-09-12,20.469999313354492,20.709999084472656,19.989999771118164,20.399999618530273,20.399999618530273,9539500
2024-09-13,20.489999771118164,20.920000076293945,20.34000015258789,20.649999618530273,20.649999618530273,8053700
2024-09-16,20.450000762939453,20.520000457763672,19.920000076293945,20.09000015258789,20.09000015258789,5981200
2024-09-17,20.239999771118164,20.559999465942383,19.920000076293945,20.15999984741211,20.15999984741211,6307600
2024-09-18,20.049999237060547,20.260000228881836,19.420000076293945,19.649999618530273,19.649999618530273,10728200
2024-09-19,19.889999389648438,20.030000686645508,19.469999313354492,19.510000228881836,19.510000228881836,8902600
2024-09-20,19.6299991607666,22.030000686645508,19.479999542236328,21.850000381469727,21.850000381469727,61919200
2024-09-23,21.540000915527344,22.559999465942383,21.229999542236328,22.309999465942383,22.309999465942383,13969500
2024-09-24,22.610000610351562,22.719999313354492,21.540000915527344,22.6299991607666,22.6299991607666,12121400
2024-09-25,22.15999984741211,22.829999923706055,22.06999969482422,22.18000030517578,22.18000030517578,6139700
2024-09-26,22.399999618530273,22.639999389648438,21.8700008392334,22.290000915527344,22.290000915527344,5777500
2024-09-27,22.389999389648438,23.100000381469727,21.969999313354492,22.479999542236328,22.479999542236328,7416500
2024-09-30,22.299999237060547,23.639999389648438,22.170000076293945,22.93000030517578,22.93000030517578,10161700
2024-10-01,22.950000762939453,23.1200008392334,21.809999465942383,21.969999313354492,21.969999313354492,7189200
2024-10-02,21.860000610351562,22.299999237060547,21.40999984741211,21.489999771118164,21.489999771118164,5673100
2024-10-03,21.360000610351562,21.790000915527344,21.110000610351562,21.200000762939453,21.200000762939453,4665800
2024-10-04,21.479999542236328,21.969999313354492,21.290000915527344,21.399999618530273,21.399999618530273,5286200
2024-10-07,21.350000381469727,21.530000686645508,20.809999465942383,20.899999618530273,20.899999618530273,5988000
2024-10-08,20.899999618530273,21.270000457763672,20.530000686645508,20.709999084472656,20.709999084472656,4840500
2024-10-09,20.5,20.739999771118164,20.299999237060547,20.5,20.5,3914000
2024-10-10,20.469999313354492,21.049999237060547,20.3799991607666,20.90999984741211,20.90999984741211,4180800
2024-10-11,20.65999984741211,21.219999313354492,20.65999984741211,20.829999923706055,20.829999923706055,3931600
2024-10-14,20.75,21.670000076293945,20.459999084472656,21.329999923706055,21.329999923706055,6636600
2024-10-15,21.450000762939453,21.68000030517578,20.979999542236328,21.270000457763672,21.270000457763672,4851900
2024-10-16,21.1299991607666,21.75,21.030000686645508,21.65999984741211,21.65999984741211,4264600
2024-10-17,21.5,21.65999984741211,21.229999542236328,21.40999984741211,21.40999984741211,3015300
2024-10-18,21.40999984741211,21.610000610351562,20.979999542236328,21.219999313354492,21.219999313354492,5302200
2024-10-21,21.100000381469727,21.219999313354492,20.65999984741211,20.700000762939453,20.700000762939453,3956500
2024-10-22,20.6200008392334,20.940000534057617,20.43000030517578,20.93000030517578,20.93000030517578,3232300
2024-10-23,20.729999542236328,20.979999542236328,20.350000381469727,20.540000915527344,20.540000915527344,2945000
2024-10-24,20.6299991607666,20.84000015258789,20.479999542236328,20.6299991607666,20.6299991607666,2682300
2024-10-25,20.649999618530273,21.43000030517578,20.540000915527344,20.56999969482422,20.56999969482422,5989000
2024-10-28,20.84000015258789,22.770000457763672,20.729999542236328,22.729999542236328,22.729999542236328,13641200
2024-10-29,22.700000762939453,23.200000762939453,22.09000015258789,22.68000030517578,22.68000030517578,10078100
2024-10-30,23.399999618530273,24.540000915527344,22.75,23.280000686645508,23.280000686645508,12383600
2024-10-31,22.829999923706055,23.030000686645508,22.049999237060547,22.18000030517578,22.18000030517578,5594500
2024-11-01,22.399999618530273,23.049999237060547,22.079999923706055,22.40999984741211,22.40999984741211,4744500
2024-11-04,22.200000762939453,22.649999618530273,21.8799991607666,22.329999923706055,22.329999923706055,4300200
2024-11-05,22.31999969482422,23.200000762939453,22.270000457763672,22.989999771118164,22.989999771118164,5858400
2024-11-06,23.309999465942383,23.81999969482422,22.899999618530273,23.100000381469727,23.100000381469727,6648000
2024-11-07,23.06999969482422,23.65999984741211,22.809999465942383,23.450000762939453,23.450000762939453,5554400
2024-11-08,23.440000534057617,25.389999389648438,23.239999771118164,24.8799991607666,24.8799991607666,15908600
2024-11-11,25.260000228881836,28.049999237060547,24.6299991607666,27.260000228881836,27.260000228881836,26633000
2024-11-12,26.059999465942383,27.100000381469727,24.950000762939453,26.84000015258789,26.84000015258789,18972700
2024-11-13,26.260000228881836,28.219999313354492,26.219999313354492,26.459999084472656,26.459999084472656,18490300
2024-11-14,27.170000076293945,28.280000686645508,26.719999313354492,27.3700008392334,27.3700008392334,16502000
2024-11-15,28.079999923706055,28.59000015258789,26.31999969482422,26.59000015258789,26.59000015258789,16451800
2024-11-18,26.649999618530273,27.15999984741211,25.850000381469727,26.440000534057617,26.440000534057617,8494900
2024-11-19,25.889999389648438,27.600000381469727,25.709999084472656,27.56999969482422,27.56999969482422,8698600
2024-11-20,27.260000228881836,29.799999237060547,27.260000228881836,28.450000762939453,28.450000762939453,22089700
2024-11-21,29.09000015258789,29.170000076293945,27.18000030517578,27.81999969482422,27.81999969482422,10587200
2024-11-22,27.8799991607666,28.459999084472656,27.420000076293945,27.899999618530273,27.899999618530273,7975700
2024-11-25,28.049999237060547,29.770000457763672,27.959999084472656,29.670000076293945,29.670000076293945,13090400
2024-11-26,29.399999618530273,32.119998931884766,28.780000686645508,30.329999923706055,30.329999923706055,24657300
2024-11-27,30.799999237060547,31.549999237060547,30.510000228881836,30.889999389648438,30.889999389648438,12895100
2024-11-29,31.010000228881836,31.079999923706055,28.850000381469727,29.049999237060547,29.049999237060547,10473700
2024-12-02,28.959999084472656,29.3700008392334,26.75,27.270000457763672,27.270000457763672,13576600
2024-12-03,26.549999237060547,27.59000015258789,26.489999771118164,27.440000534057617,27.440000534057617,6009900
2024-12-04,27.06999969482422,27.829999923706055,26.6299991607666,27.030000686645508,27.030000686645508,6387500
2024-12-05,27.0,30.8700008392334,26.149999618530273,28.6299991607666,28.6299991607666,40704900
2024-12-06,29.1200008392334,29.350000381469727,28.110000610351562,29.059999465942383,29.059999465942383,15161400
2024-12-09,29.0,29.860000610351562,27.739999771118164,27.93000030517578,27.93000030517578,11495400
2024-12-10,27.8799991607666,28.389999389648438,26.850000381469727,26.93000030517578,26.93000030517578,18209400
2024-12-11,27.75,30.15999984741211,27.510000228881836,28.969999313354492,28.969999313354492,20485000
2024-12-12,28.899999618530273,29.65999984741211,28.579999923706055,28.75,28.75,8855700
2024-12-13,28.700000762939453,28.860000610351562,27.920000076293945,27.989999771118164,27.989999771118164,6581600
2024-12-16,27.700000762939453,29.59000015258789,27.270000457763672,29.440000534057617,29.440000534057617,8700000
2024-12-17,29.639999389648438,31.8799991607666,29.639999389648438,31.260000228881836,31.260000228881836,19948100
2024-12-18,31.100000381469727,31.700000762939453,28.34000015258789,28.549999237060547,28.549999237060547,13947300
2024-12-19,29.15999984741211,30.600000381469727,28.81999969482422,29.0,29.0,10338200
2024-12-20,28.540000915527344,30.520000457763672,28.309999465942383,29.81999969482422,29.81999969482422,19606700
2024-12-23,29.81999969482422,31.110000610351562,29.780000686645508,30.899999618530273,30.899999618530273,8226500
2024-12-24,31.0,31.59000015258789,30.579999923706055,31.139999389648438,31.139999389648438,5523500
2024-12-26,32.619998931884766,34.369998931884766,31.600000381469727,32.9900016784668,32.9900016784668,20432900
2024-12-27,32.38999938964844,33.04999923706055,30.729999542236328,32.20000076293945,32.20000076293945,10141700
2024-12-30,31.799999237060547,32.880001068115234,31.610000610351562,32.0099983215332,32.0099983215332,9593100
2024-12-31,32.060001373291016,32.439998626708984,31.100000381469727,31.34000015258789,31.34000015258789,7395300
2025-01-02,31.84000015258789,32.04999923706055,30.3700008392334,30.65999984741211,30.65999984741211,7979700
2025-01-03,30.799999237060547,32.13999938964844,30.56999969482422,31.649999618530273,31.649999618530273,7461800
2025-01-06,31.700000762939453,33.4900016784668,30.760000228881836,32.81999969482422,32.81999969482422,12609400
2025-01-07,32.79999923706055,34.400001525878906,31.709999084472656,33.369998931884766,33.369998931884766,13360700
2025-01-08,32.970001220703125,33.369998931884766,32.40999984741211,32.959999084472656,32.959999084472656,6320000
2025-01-10,32.5,32.939998626708984,31.399999618530273,32.310001373291016,32.310001373291016,7068200
2025-01-13,31.600000381469727,31.799999237060547,30.899999618530273,31.020000457763672,31.020000457763672,5567000
2025-01-14,31.260000228881836,31.68000030517578,27.559999465942383,27.8799991607666,27.8799991607666,11796600
2025-01-15,28.899999618530273,29.329999923706055,27.84000015258789,27.959999084472656,27.959999084472656,6025400
2025-01-16,27.940000534057617,28.139999389648438,27.40999984741211,27.719999313354492,27.719999313354492,4432000
2025-01-17,27.610000610351562,28.790000915527344,27.020000457763672,27.510000228881836,27.510000228881836,8977500
2025-01-21,27.399999618530273,27.56999969482422,26.329999923706055,27.469999313354492,27.469999313354492,5867800
2025-01-22,27.360000610351562,28.020000457763672,27.299999237060547,27.649999618530273,27.649999618530273,5025400
2025-01-23,27.8799991607666,29.260000228881836,27.68000030517578,28.329999923706055,28.329999923706055,8828200
2025-01-24,28.299999237060547,28.670000076293945,27.6200008392334,27.770000457763672,27.770000457763672,4511600
2025-01-27,26.920000076293945,27.68000030517578,26.799999237060547,26.969999313354492,26.969999313354492,5060300
2025-01-28,27.0,27.59000015258789,26.649999618530273,27.459999084472656,27.459999084472656,3169900
2025-01-29,27.40999984741211,27.739999771118164,27.059999465942383,27.510000228881836,27.510000228881836,3220400
2025-01-30,27.84000015258789,28.229999542236328,27.709999084472656,27.989999771118164,27.989999771118164,3343900
2025-01-31,27.790000915527344,28.18000030517578,26.899999618530273,26.899999618530273,26.899999618530273,4472100
2025-02-03,25.56999969482422,26.540000915527344,25.5,25.889999389648438,25.889999389648438,5740500
2025-02-04,25.850000381469727,26.25,25.799999237060547,25.899999618530273,25.899999618530273,3353700
2025-02-05,25.700000762939453,25.809999465942383,24.899999618530273,24.93000030517578,24.93000030517578,4580200
2025-02-06,24.93000030517578,25.389999389648438,24.530000686645508,24.799999237060547,24.799999237060547,4349500
2025-02-07,24.899999618530273,25.020000457763672,24.600000381469727,24.729999542236328,24.729999542236328,3403300
2025-02-10,25.5,27.270000457763672,25.299999237060547,27.1200008392334,27.1200008392334,9694700
2025-02-11,26.850000381469727,27.760000228881836,26.469999313354492,26.559999465942383,26.559999465942383,7042700
2025-02-12,26.1200008392334,26.399999618530273,25.600000381469727,25.989999771118164,25.989999771118164,3999200
2025-02-13,25.75,26.399999618530273,25.75,26.34000015258789,26.34000015258789,8255300
2025-02-14,28.899999618530273,28.969999313354492,26.899999618530273,27.0,27.0,12142600
2025-02-18,27.030000686645508,27.59000015258789,26.65999984741211,26.969999313354492,26.969999313354492,5337800
2025-02-19,26.799999237060547,26.959999084472656,25.920000076293945,26.0,26.0,4382100
2025-02-20,25.799999237060547,27.450000762939453,25.760000228881836,27.040000915527344,27.040000915527344,7735200
2025-02-21,27.25,27.579999923706055,26.15999984741211,26.420000076293945,26.420000076293945,6130900
2025-02-24,26.34000015258789,26.389999389648438,24.950000762939453,25.0,25.0,5980000
2025-02-25,24.93000030517578,25.290000915527344,23.829999923706055,24.420000076293945,24.420000076293945,6551500
2025-02-26,24.540000915527344,25.209999084472656,24.450000762939453,24.610000610351562,24.610000610351562,3272500
2025-02-27,25.0,25.3700008392334,24.139999389648438,24.479999542236328,24.479999542236328,4590000
2025-02-28,24.329999923706055,25.100000381469727,24.200000762939453,25.040000915527344,25.040000915527344,4137100
2025-03-03,25.260000228881836,25.479999542236328,24.18000030517578,24.399999618530273,24.399999618530273,4291000
2025-03-04,23.770000457763672,24.860000610351562,23.440000534057617,24.299999237060547,24.299999237060547,5068700
2025-03-05,24.329999923706055,25.15999984741211,24.110000610351562,25.06999969482422,25.06999969482422,3282500
2025-03-06,24.739999771118164,25.010000228881836,24.049999237060547,24.200000762939453,24.200000762939453,3421400
2025-03-07,24.0,24.350000381469727,23.520000457763672,24.0,24.0,3464000
2025-03-10,23.440000534057617,23.579999923706055,22.260000228881836,22.420000076293945,22.420000076293945,6226900
2025-03-11,22.350000381469727,22.979999542236328,22.079999923706055,22.610000610351562,22.610000610351562,4226900
2025-03-12,22.950000762939453,23.239999771118164,21.889999389648438,21.989999771118164,21.989999771118164,3718200
2025-03-13,22.049999237060547,22.25,21.559999465942383,21.950000762939453,21.950000762939453,3829800
2025-03-14,22.290000915527344,23.149999618530273,22.290000915527344,23.049999237060547,23.049999237060547,3960500
2025-03-17,23.239999771118164,23.729999542236328,22.969999313354492,23.5,23.5,2899100
2025-03-18,23.290000915527344,23.6200008392334,23.139999389648438,23.299999237060547,23.299999237060547,2155800
2025-03-19,23.399999618530273,23.989999771118164,23.260000228881836,23.709999084472656,23.709999084472656,3032300
2025-03-20,23.649999618530273,24.1200008392334,23.510000228881836,23.510000228881836,23.510000228881836,1998200
2025-03-21,23.75,24.809999465942383,23.649999618530273,24.75,24.75,6893900
2025-03-24,25.350000381469727,25.829999923706055,25.149999618530273,25.610000610351562,25.610000610351562,5036000
2025-03-25,25.700000762939453,25.770000457763672,24.989999771118164,25.399999618530273,25.399999618530273,10106800
2025-03-26,28.84000015258789,29.799999237060547,27.31999969482422,28.360000610351562,28.360000610351562,52930500
2025-03-27,25.8700008392334,26.280000686645508,21.15999984741211,22.09000015258789,22.09000015258789,96733100
2025-03-28,21.889999389648438,22.790000915527344,21.700000762939453,21.729999542236328,21.729999542236328,44771700
2025-03-31,21.399999618530273,22.6299991607666,20.729999542236328,22.31999969482422,22.31999969482422,16147900
2025-04-01,22.760000228881836,23.25,21.950000762939453,22.610000610351562,22.610000610351562,14435300
2025-04-02,22.489999771118164,23.020000457763672,22.25,22.690000534057617,22.690000534057617,10965100
2025-04-03,21.600000381469727,21.780000686645508,21.079999923706055,21.100000381469727,21.100000381469727,11141900
2025-04-04,21.420000076293945,23.850000381469727,20.780000686645508,23.489999771118164,23.489999771118164,20608200
2025-04-07,22.600000381469727,25.020000457763672,22.399999618530273,24.290000915527344,24.290000915527344,17191900
2025-04-08,24.81999969482422,24.93000030517578,22.969999313354492,23.389999389648438,23.389999389648438,12062300
2025-04-09,23.030000686645508,25.459999084472656,23.030000686645508,25.399999618530273,25.399999618530273,17695900
2025-04-10,25.0,26.200000762939453,24.40999984741211,25.020000457763672,25.020000457763672,11545400
2025-04-11,25.5,26.440000534057617,25.25,26.399999618530273,26.399999618530273,10984100
2025-04-14,26.65999984741211,27.18000030517578,25.68000030517578,26.979999542236328,26.979999542236328,10628400
2025-04-15,26.8799991607666,27.3799991607666,26.6200008392334,26.700000762939453,26.700000762939453,6738100
2025-04-16,26.450000762939453,26.65999984741211,25.719999313354492,26.25,26.25,6292800
2025-04-17,26.209999084472656,27.190000534057617,26.170000076293945,26.780000686645508,26.780000686645508,7434800
2025-04-21,26.709999084472656,27.040000915527344,25.790000915527344,26.770000457763672,26.770000457763672,7690000
2025-04-22,26.989999771118164,27.940000534057617,26.8799991607666,27.799999237060547,27.799999237060547,11065900
2025-04-23,28.200000762939453,28.25,26.959999084472656,27.1200008392334,27.1200008392334,8862700
2025-04-24,27.100000381469727,27.579999923706055,26.84000015258789,27.079999923706055,27.079999923706055,6212100
2025-04-25,27.1299991607666,27.799999237060547,27.1299991607666,27.459999084472656,27.459999084472656,5853400
2025-04-28,27.399999618530273,27.59000015258789,26.979999542236328,27.59000015258789,27.59000015258789,6819300
2025-04-29,27.450000762939453,27.940000534057617,27.260000228881836,27.260000228881836,27.260000228881836,5394400
2025-04-30,26.899999618530273,27.93000030517578,26.790000915527344,27.860000610351562,27.860000610351562,6578100
2025-05-01,27.979999542236328,28.350000381469727,27.420000076293945,27.43000030517578,27.43000030517578,5693500
2025-05-02,27.700000762939453,27.920000076293945,27.149999618530273,27.479999542236328,27.479999542236328,5579900
2025-05-05,27.329999923706055,27.40999984741211,26.350000381469727,26.600000381469727,26.600000381469727,7132400
2025-05-06,26.440000534057617,26.5,25.670000076293945,26.040000915527344,26.040000915527344,5883800
2025-05-07,26.190000534057617,26.34000015258789,25.8799991607666,26.010000228881836,26.010000228881836,4364300
2025-05-08,26.299999237060547,26.989999771118164,26.18000030517578,26.780000686645508,26.780000686645508,6521700
2025-05-09,26.780000686645508,27.729999542236328,26.760000228881836,27.540000915527344,27.540000915527344,7795200
2025-05-12,28.059999465942383,28.18000030517578,27.290000915527344,28.049999237060547,28.049999237060547,7395200
2025-05-13,28.049999237060547,28.860000610351562,28.049999237060547,28.389999389648438,28.389999389648438,10365300
2025-05-14,28.479999542236328,29.389999389648438,28.299999237060547,28.729999542236328,28.729999542236328,14552300
2025-05-15,28.579999923706055,28.639999389648438,27.420000076293945,28.6299991607666,28.6299991607666,9364400
2025-05-16,28.610000610351562,29.059999465942383,28.299999237060547,28.450000762939453,28.450000762939453,6504400
2025-05-19,27.75,28.200000762939453,27.690000534057617,27.889999389648438,27.889999389648438,4223500
2025-05-20,27.889999389648438,28.780000686645508,27.850000381469727,28.510000228881836,28.510000228881836,4795100
2025-05-21,28.399999618530273,29.190000534057617,28.020000457763672,28.049999237060547,28.049999237060547,8762000
2025-05-22,28.549999237060547,31.0,28.489999771118164,30.860000610351562,30.860000610351562,21451000
2025-05-23,30.600000381469727,33.209999084472656,30.549999237060547,33.029998779296875,33.029998779296875,30477600
2025-05-27,33.970001220703125,35.7400016784668,33.630001068115234,35.0099983215332,35.0099983215332,33217800
2025-05-28,35.779998779296875,35.810001373291016,30.729999542236328,31.209999084472656,31.209999084472656,45300400
2025-05-29,31.170000076293945,31.350000381469727,29.31999969482422,29.56999969482422,29.56999969482422,15819000
2025-05-30,29.200000762939453,30.489999771118164,29.190000534057617,29.799999237060547,29.799999237060547,10227800
2025-06-02,29.8700008392334,30.8799991607666,29.729999542236328,30.639999389648438,30.639999389648438,7430700
2025-06-03,30.809999465942383,31.049999237060547,30.020000457763672,30.100000381469727,30.100000381469727,6086500
2025-06-04,29.899999618530273,30.969999313354492,29.34000015258789,29.950000762939453,29.950000762939453,7314000
2025-06-05,29.809999465942383,30.610000610351562,29.229999542236328,29.450000762939453,29.450000762939453,6322800
2025-06-06,29.68000030517578,30.0,29.520000457763672,29.579999923706055,29.579999923706055,4379300
2025-06-09,29.920000076293945,30.489999771118164,29.450000762939453,30.34000015258789,30.34000015258789,5836200
2025-06-10,30.540000915527344,30.600000381469727,29.65999984741211,30.149999618530273,30.149999618530273,11974400
2025-06-11,29.020000457763672,29.40999984741211,28.420000076293945,28.549999237060547,28.549999237060547,18039200
2025-06-12,23.56999969482422,24.299999237060547,21.540000915527344,22.139999389648438,22.139999389648438,172324500
2025-06-13,22.18000030517578,23.149999618530273,22.100000381469727,22.139999389648438,22.139999389648438,59849900
2025-06-16,22.770000457763672,23.459999084472656,22.40999984741211,23.31999969482422,23.31999969482422,31522700
2025-06-17,23.0,23.780000686645508,22.790000915527344,22.989999771118164,22.989999771118164,24797600
2025-06-18,23.06999969482422,23.950000762939453,22.93000030517578,23.440000534057617,23.440000534057617,14712100
2025-06-20,23.520000457763672,23.729999542236328,23.1299991607666,23.459999084472656,23.459999084472656,19994200
2025-06-23,23.030000686645508,23.329999923706055,22.450000762939453,22.81999969482422,22.81999969482422,12120500
2025-06-24,23.030000686645508,23.329999923706055,22.850000381469727,23.290000915527344,23.290000915527344,11660200
2025-06-25,23.3799991607666,23.690000534057617,23.049999237060547,23.549999237060547,23.549999237060547,9840700
2025-06-26,23.399999618530273,24.059999465942383,23.299999237060547,23.8799991607666,23.8799991607666,8778000
2025-06-27,23.989999771118164,24.260000228881836,23.459999084472656,23.59000015258789,23.59000015258789,11638200
2025-06-30,23.639999389648438,24.399999618530273,23.540000915527344,24.389999389648438,24.389999389648438,10439300
2025-07-01,24.149999618530273,24.5,23.68000030517578,23.68000030517578,23.68000030517578,8308000
2025-07-02,23.899999618530273,24.100000381469727,23.75,23.950000762939453,23.950000762939453,6428600
2025-07-03,23.850000381469727,24.15999984741211,23.489999771118164,23.59000015258789,23.59000015258789,5566300
2025-07-07,23.479999542236328,23.479999542236328,22.530000686645508,22.6200008392334,22.6200008392334,12873500
2025-07-08,22.709999084472656,22.950000762939453,22.579999923706055,22.75,22.75,7863600
2025-07-09,22.8799991607666,23.600000381469727,22.530000686645508,23.190000534057617,23.190000534057617,14641400
2025-07-10,23.040000915527344,23.329999923706055,23.010000228881836,23.100000381469727,23.100000381469727,5991000
2025-07-11,23.1299991607666,24.049999237060547,23.1299991607666,23.329999923706055,23.329999923706055,11454100
2025-07-14,23.440000534057617,23.84000015258789,23.389999389648438,23.700000762939453,23.700000762939453,7769600
2025-07-15,23.65999984741211,23.68000030517578,23.170000076293945,23.219999313354492,23.219999313354492,7321600
2025-07-16,23.399999618530273,23.850000381469727,23.309999465942383,23.68000030517578,23.68000030517578,7738300
2025-07-17,23.540000915527344,23.719999313354492,23.3799991607666,23.399999618530273,23.399999618530273,7307200
2025-07-18,23.459999084472656,23.510000228881836,23.1299991607666,23.280000686645508,23.280000686645508,6628400
2025-07-21,23.280000686645508,24.43000030517578,23.049999237060547,24.200000762939453,24.200000762939453,17718400
2025-07-22,24.139999389648438,24.84000015258789,23.530000686645508,24.260000228881836,24.260000228881836,12006300
2025-07-23,24.459999084472656,24.75,23.809999465942383,23.959999084472656,23.959999084472656,8305100
2025-07-24,23.889999389648438,23.940000534057617,23.459999084472656,23.530000686645508,23.530000686645508,6338100
2025-07-25,23.510000228881836,23.600000381469727,23.25,23.329999923706055,23.329999923706055,7090600
2025-07-28,23.350000381469727,23.559999465942383,22.950000762939453,22.979999542236328,22.979999542236328,11481900
2025-07-29,23.010000228881836,23.040000915527344,22.530000686645508,22.549999237060547,22.549999237060547,6078800
2025-07-30,22.59000015258789,22.790000915527344,22.270000457763672,22.450000762939453,22.450000762939453,7956600
2025-07-31,22.350000381469727,23.34000015258789,22.299999237060547,22.450000762939453,22.450000762939453,13749900
2025-08-01,22.31999969482422,22.610000610351562,21.920000076293945,22.100000381469727,22.100000381469727,7878400
2025-08-04,22.25,22.670000076293945,22.06999969482422,22.6299991607666,22.6299991607666,5059400
2025-08-05,22.5,23.049999237060547,22.459999084472656,22.809999465942383,22.809999465942383,4981400
2025-08-06,22.81999969482422,22.860000610351562,22.420000076293945,22.809999465942383,22.809999465942383,4825000
2025-08-07,22.799999237060547,23.1299991607666,22.489999771118164,22.649999618530273,22.649999618530273,4456300
2025-08-08,22.6299991607666,22.829999923706055,22.219999313354492,22.270000457763672,22.270000457763672,4833100
2025-08-11,22.290000915527344,22.809999465942383,22.290000915527344,22.40999984741211,22.40999984741211,5212500
2025-08-12,22.5,22.950000762939453,22.469999313354492,22.93000030517578,22.93000030517578,4854200
2025-08-13,22.950000762939453,23.209999084472656,22.809999465942383,23.020000457763672,23.020000457763672,5349300
2025-08-14,22.84000015258789,22.90999984741211,22.56999969482422,22.889999389648438,22.889999389648438,4780000
2025-08-15,22.940000534057617,23.020000457763672,22.670000076293945,22.940000534057617,22.940000534057617,4965600
2025-08-18,22.940000534057617,23.170000076293945,22.899999618530273,23.110000610351562,23.110000610351562,5107100
2025-08-19,23.100000381469727,23.18000030517578,22.700000762939453,22.81999969482422,22.81999969482422,5532800
2025-08-20,22.719999313354492,22.770000457763672,22.3700008392334,22.6299991607666,22.6299991607666,4388700
2025-08-21,22.600000381469727,22.6200008392334,22.3799991607666,22.559999465942383,22.559999465942383,4090600
2025-08-22,22.649999618530273,23.030000686645508,22.6200008392334,22.889999389648438,22.889999389648438,5551400
2025-08-25,22.860000610351562,22.899999618530273,22.559999465942383,22.68000030517578,22.68000030517578,3801000
2025-08-26,22.670000076293945,22.799999237060547,22.270000457763672,22.299999237060547,22.299999237060547,7867600
2025-08-27,22.459999084472656,22.579999923706055,22.270000457763672,22.5,22.5,6892000
2025-08-28,22.559999465942383,22.899999618530273,22.3700008392334,22.790000915527344,22.790000915527344,6482300
2025-08-29,22.719999313354492,22.81999969482422,22.40999984741211,22.40999984741211,22.40999984741211,5371500
2025-09-02,22.360000610351562,23.40999984741211,22.18000030517578,23.40999984741211,23.40999984741211,9567000
2025-09-03,23.510000228881836,23.729999542236328,22.68000030517578,22.8799991607666,22.8799991607666,9771400
2025-09-04,22.760000228881836,22.850000381469727,22.3700008392334,22.3700008392334,22.3700008392334,5531800
2025-09-05,22.600000381469727,22.790000915527344,22.280000686645508,22.610000610351562,22.610000610351562,11183300
2025-09-08,22.65999984741211,23.469999313354492,22.559999465942383,23.219999313354492,23.219999313354492,10151200
2025-09-09,23.100000381469727,23.6299991607666,22.940000534057617,23.59000015258789,23.59000015258789,18374400
2025-09-10,25.209999084472656,25.43000030517578,24.040000915527344,24.3700008392334,24.3700008392334,46254000
2025-09-11,24.0,24.850000381469727,23.889999389648438,24.850000381469727,24.850000381469727,12512600
2025-09-12,24.889999389648438,25.139999389648438,24.75,24.93000030517578,24.93000030517578,9320100
2025-09-15,25.0,25.809999465942383,24.989999771118164,25.530000686645508,25.530000686645508,9604000
2025-09-16,25.690000534057617,26.420000076293945,25.610000610351562,26.34000015258789,26.34000015258789,9830000
2025-09-17,26.350000381469727,26.469999313354492,25.579999923706055,26.100000381469727,26.100000381469727,7897100
2025-09-18,26.209999084472656,26.420000076293945,25.84000015258789,25.8799991607666,25.8799991607666,7806200
2025-09-19,25.829999923706055,26.389999389648438,25.790000915527344,26.079999923706055,26.079999923706055,9567600
2025-09-22,26.0,27.34000015258789,25.969999313354492,26.780000686645508,26.780000686645508,11263600
2025-09-23,26.90999984741211,27.239999771118164,26.59000015258789,26.799999237060547,26.799999237060547,7064000
2025-09-24,26.829999923706055,27.049999237060547,26.219999313354492,26.25,26.25,5508800
2025-09-25,25.93000030517578,26.34000015258789,25.270000457763672,25.270000457763672,25.270000457763672,8210500
2025-09-26,25.530000686645508,26.799999237060547,25.440000534057617,26.420000076293945,26.420000076293945,8048300
2025-09-29,27.200000762939453,27.209999084472656,26.790000915527344,27.209999084472656,27.209999084472656,7979000
2025-09-30,27.209999084472656,27.34000015258789,26.799999237060547,27.280000686645508,27.280000686645508,5392800
2025-10-01,27.25,27.790000915527344,27.18000030517578,27.690000534057617,27.690000534057617,8187100
2025-10-02,28.0,28.100000381469727,26.719999313354492,27.219999313354492,27.219999313354492,14526000
2025-10-03,26.360000610351562,26.989999771118164,25.15999984741211,25.3799991607666,25.3799991607666,11615900
2025-10-06,25.549999237060547,25.829999923706055,25.010000228881836,25.049999237060547,25.049999237060547,11543400
2025-10-07,25.049999237060547,25.239999771118164,24.309999465942383,24.350000381469727,24.350000381469727,10779900
2025-10-08,24.3799991607666,25.049999237060547,24.1299991607666,24.40999984741211,24.40999984741211,7183800
2025-10-09,24.579999923706055,24.739999771118164,23.860000610351562,24.06999969482422,24.06999969482422,11821200
2025-10-10,24.079999923706055,24.200000762939453,23.280000686645508,23.299999237060547,23.299999237060547,9744300
2025-10-13,23.479999542236328,23.799999237060547,23.110000610351562,23.59000015258789,23.59000015258789,5772100
2025-10-14,23.1200008392334,23.670000076293945,22.8799991607666,23.209999084472656,23.209999084472656,4470900
2025-10-15,23.299999237060547,23.65999984741211,23.209999084472656,23.3799991607666,23.3799991607666,5018100
2025-10-16,23.299999237060547,23.530000686645508,22.860000610351562,22.950000762939453,22.950000762939453,6549800
2025-10-17,22.950000762939453,23.389999389648438,22.899999618530273,23.06999969482422,23.06999969482422,6206300
2025-10-20,23.1200008392334,23.389999389648438,23.1200008392334,23.3700008392334,23.3700008392334,4424400
2025-10-21,23.079999923706055,23.34000015258789,22.799999237060547,22.799999237060547,22.799999237060547,6387200
2025-10-22,22.690000534057617,23.329999923706055,22.239999771118164,22.489999771118164,22.489999771118164,11012900
2025-10-23,22.530000686645508,23.829999923706055,22.459999084472656,23.6299991607666,23.6299991607666,10638000
2025-10-24,23.450000762939453,23.600000381469727,23.219999313354492,23.299999237060547,23.299999237060547,5771200
2025-10-27,24.5,24.540000915527344,23.440000534057617,23.530000686645508,23.530000686645508,9428700
2025-10-28,23.520000457763672,23.6299991607666,23.219999313354492,23.299999237060547,23.299999237060547,7984100
2025-10-29,23.34000015258789,23.420000076293945,22.8799991607666,23.3799991607666,23.3799991607666,5696900
2025-10-30,23.170000076293945,23.270000457763672,22.559999465942383,22.579999923706055,22.579999923706055,6438400
2025-10-31,22.780000686645508,22.799999237060547,22.290000915527344,22.290000915527344,22.290000915527344,4990700
2025-11-03,22.25,22.420000076293945,21.959999084472656,22.110000610351562,22.110000610351562,6276100
2025-11-04,21.8700008392334,22.270000457763672,21.579999923706055,21.979999542236328,21.979999542236328,5155900
2025-11-05,21.979999542236328,22.34000015258789,21.889999389648438,22.010000228881836,22.010000228881836,3885600
2025-11-06,21.959999084472656,22.020000457763672,21.350000381469727,21.350000381469727,21.350000381469727,5718100
2025-11-07,21.100000381469727,21.739999771118164,20.950000762939453,21.5,21.5,6533300
2025-11-10,21.670000076293945,21.809999465942383,21.299999237060547,21.489999771118164,21.489999771118164,4724900
2025-11-11,21.420000076293945,21.6200008392334,21.229999542236328,21.450000762939453,21.450000762939453,2856300
2025-11-12,21.459999084472656,21.739999771118164,21.260000228881836,21.360000610351562,21.360000610351562,4341300
2025-11-13,21.280000686645508,21.329999923706055,20.8799991607666,20.959999084472656,20.959999084472656,7415400
2025-11-14,20.649999618530273,20.989999771118164,20.40999984741211,20.65999984741211,20.65999984741211,5887600
2025-11-17,20.56999969482422,20.84000015258789,20.270000457763672,20.5,20.5,4968200
2025-11-18,20.389999389648438,20.670000076293945,20.18000030517578,20.5,20.5,3733300
2025-11-19,20.399999618530273,20.510000228881836,20.110000610351562,20.420000076293945,20.420000076293945,5194300
2025-11-20,20.549999237060547,20.690000534057617,19.93000030517578,19.940000534057617,19.940000534057617,6028900
2025-11-21,19.950000762939453,20.6299991607666,19.940000534057617,20.139999389648438,20.139999389648438,5514100
2025-11-24,20.190000534057617,20.559999465942383,20.1200008392334,20.489999771118164,20.489999771118164,5577600
2025-11-25,20.489999771118164,21.360000610351562,20.309999465942383,21.059999465942383,21.059999465942383,4794900
2025-11-26,21.18000030517578,21.829999923706055,21.110000610351562,21.6299991607666,21.6299991607666,4644200
2025-11-28,22.280000686645508,22.75,22.040000915527344,22.530000686645508,22.530000686645508,8789300
2025-12-01,22.149999618530273,23.06999969482422,22.110000610351562,22.790000915527344,22.790000915527344,7895900
2025-12-02,22.799999237060547,23.3700008392334,22.479999542236328,22.809999465942383,22.809999465942383,8105100
2025-12-03,22.90999984741211,23.280000686645508,22.719999313354492,23.209999084472656,23.209999084472656,11079700
2025-12-04,23.260000228881836,23.469999313354492,22.649999618530273,22.950000762939453,22.950000762939453,7195800
2025-12-05,23.0,23.06999969482422,22.530000686645508,23.0,23.0,5688200
2025-12-08,23.030000686645508,23.549999237060547,23.020000457763672,23.350000381469727,23.350000381469727,5318900
2025-12-09,23.25,24.0,23.100000381469727,23.110000610351562,23.110000610351562,9159100
2025-12-10,21.56999969482422,22.469999313354492,21.5,22.1200008392334,22.1200008392334,11543800
2025-12-11,22.020000457763672,22.18000030517578,21.530000686645508,21.860000610351562,21.860000610351562,4645600
2025-12-12,21.889999389648438,21.969999313354492,21.09000015258789,21.229999542236328,21.229999542236328,5365900
2025-12-15,21.360000610351562,22.579999923706055,21.079999923706055,22.09000015258789,22.09000015258789,8010600
2025-12-16,22.15999984741211,22.34000015258789,21.799999237060547,22.280000686645508,22.280000686645508,3922900
2025-12-17,22.290000915527344,23.170000076293945,22.270000457763672,23.030000686645508,23.030000686645508,6132200
2025-12-18,22.959999084472656,23.100000381469727,22.530000686645508,22.559999465942383,22.559999465942383,4589300
2025-12-19,22.579999923706055,22.639999389648438,22.280000686645508,22.510000228881836,22.510000228881836,7379300
2025-12-22,22.520000457763672,22.780000686645508,21.700000762939453,21.739999771118164,21.739999771118164,6481100
2025-12-23,21.65999984741211,21.68000030517578,21.1299991607666,21.3799991607666,21.3799991607666,4384500
2025-12-24,21.229999542236328,21.56999969482422,21.229999542236328,21.530000686645508,21.530000686645508,1781000
2025-12-26,21.5,21.5,20.959999084472656,21.09000015258789,21.09000015258789,3820400
2025-12-29,21.040000915527344,21.290000915527344,20.459999084472656,20.530000686645508,20.530000686645508,6005600
2025-12-30,20.530000686645508,20.700000762939453,20.350000381469727,20.5,20.5,4569500
2025-12-31,20.450000762939453,20.489999771118164,19.989999771118164,20.079999923706055,20.079999923706055,6422300
2026-01-02,20.260000228881836,20.8700008392334,20.15999984741211,20.6200008392334,20.6200008392334,4551700
2026-01-05,20.649999618530273,20.829999923706055,20.329999923706055,20.719999313354492,20.719999313354492,7673700
2026-01-06,20.6299991607666,20.90999984741211,20.56999969482422,20.65999984741211,20.65999984741211,3405000
2026-01-07,21.649999618530273,22.020000457763672,21.190000534057617,21.290000915527344,21.290000915527344,10674100
2026-01-08,21.200000762939453,21.440000534057617,21.09000015258789,21.420000076293945,21.420000076293945,4131800
2026-01-09,21.280000686645508,21.729999542236328,21.049999237060547,21.229999542236328,21.229999542236328,5034900
2026-01-12,21.079999923706055,21.309999465942383,20.920000076293945,20.979999542236328,20.979999542236328,3563700
2026-01-13,20.989999771118164,21.209999084472656,20.84000015258789,21.020000457763672,21.020000457763672,4121100
2026-01-14,21.0,21.079999923706055,20.790000915527344,21.020000457763672,21.020000457763672,4112800
2026-01-15,20.969999313354492,21.420000076293945,20.8799991607666,21.360000610351562,21.360000610351562,4995400
2026-01-16,21.329999923706055,21.469999313354492,21.059999465942383,21.100000381469727,21.100000381469727,3731500
2026-01-20,20.799999237060547,21.25,20.690000534057617,21.100000381469727,21.100000381469727,6826500
2026-01-21,21.670000076293945,21.93000030517578,21.360000610351562,21.690000534057617,21.690000534057617,8366900
2026-01-22,22.399999618530273,23.5,22.170000076293945,23.139999389648438,23.139999389648438,15763000
2026-01-23,23.139999389648438,23.170000076293945,22.270000457763672,22.989999771118164,22.989999771118164,10347500
2026-01-26,23.459999084472656,25.010000228881836,22.950000762939453,24.010000228881836,24.010000228881836,37432200
2026-01-27,24.0,24.5,23.239999771118164,24.209999084472656,24.209999084472656,16600900
2026-01-28,24.229999542236328,24.25,23.3700008392334,23.639999389648438,23.639999389648438,8514500
2026-01-29,23.5,23.600000381469727,22.700000762939453,22.809999465942383,22.809999465942383,7555100
2026-01-30,23.290000915527344,24.010000228881836,23.290000915527344,23.8799991607666,23.8799991607666,16706700
2026-02-02,24.3799991607666,25.93000030517578,24.049999237060547,25.850000381469727,25.850000381469727,24507600
2026-02-03,25.15999984741211,25.299999237060547,23.84000015258789,24.520000457763672,24.520000457763672,15876400
2026-02-04,24.479999542236328,25.15999984741211,24.049999237060547,24.979999542236328,24.979999542236328,9779700
2026-02-05,24.75,25.5,24.549999237060547,24.690000534057617,24.690000534057617,10155500
2026-02-06,24.799999237060547,25.399999618530273,24.440000534057617,24.979999542236328,24.979999542236328,10022600
2026-02-09,24.889999389648438,24.969999313354492,24.200000762939453,24.639999389648438,24.639999389648438,5328400
2026-02-10,24.510000228881836,25.209999084472656,24.020000457763672,24.81999969482422,24.81999969482422,5797500
2026-02-11,24.809999465942383,24.829999923706055,24.040000915527344,24.209999084472656,24.209999084472656,4755900
2026-02-12,24.209999084472656,24.3700008392334,23.360000610351562,23.520000457763672,23.520000457763672,6684500
2026-02-13,23.610000610351562,24.09000015258789,23.440000534057617,23.56999969482422,23.56999969482422,6331600
2026-02-17,23.549999237060547,23.81999969482422,23.229999542236328,23.260000228881836,23.260000228881836,4338300
2026-02-18,23.25,24.040000915527344,23.09000015258789,23.8700008392334,23.8700008392334,5007800
2026-02-19,23.770000457763672,24.09000015258789,23.579999923706055,23.899999618530273,23.899999618530273,3596500
2026-02-20,23.559999465942383,23.809999465942383,23.440000534057617,23.549999237060547,23.549999237060547,1745075
