settlement_date,symbol,cusip,quantity,description,price
2004-05-12,GME,36466R101,55628,GAMESTOP CORP CL-A,0
2004-06-14,GME,36466R101,236800,GAMESTOP CORP CL-A,0
2004-06-15,GME,36466R101,107460,GAMESTOP CORP CL-A,0
2004-07-19,GME,36466R101,104180,GAMESTOP CORP CL-A,0
2004-07-28,GME,36466R101,190360,GAMESTOP CORP CL-A,0
2004-08-11,GME,36466R101,96592,GAMESTOP CORP CL-A,0
2004-09-14,GME,36466R101,53356,GAMESTOP CORP CL-A,0
2004-09-23,GME,36466R101,103280,GAMESTOP CORP CL-A,0
2004-10-12,GME,36466R101,65492,GAMESTOP CORP CL-A,0
2004-10-14,GME,36466R101,43424,GAMESTOP CORP CL-A,0
2004-11-02,GME,36466R101,47880,GAMESTOP CORP CL-A,0
2004-11-05,GME,36466R101,279156,GAMESTOP CORP CL-A,0
2004-11-08,GME,36466R101,366044,GAMESTOP CORP CL-A,0
2004-11-09,GME,36466R101,284044,GAMESTOP CORP CL-A,0
2004-11-10,GME,36466R101,281256,GAMESTOP CORP CL-A,0
2004-11-12,GME,36466R101,112844,GAMESTOP CORP CL-A,0
2004-11-15,GME,36466R101,76780,GAMESTOP CORP CL-A,0
2004-11-18,GME,36466R101,95840,GAMESTOP CORP CL-A,0
2004-11-29,GME,36466R101,684244,GAMESTOP CORP CL-A,0
2004-11-30,GME,36466R101,372796,GAMESTOP CORP CL-A,0
2004-12-03,GME,36466R101,64704,GAMESTOP CORP CL-A,0
2004-12-06,GME,36466R101,151476,GAMESTOP CORP CL-A,0
2004-12-07,GME,36466R101,160708,GAMESTOP CORP CL-A,0
2004-12-15,GME,36466R101,76328,GAMESTOP CORP CL-A,0
2004-12-21,GME,36466R101,61988,GAMESTOP CORP CL-A,0
2004-12-31,GME,36466R101,165884,GAMESTOP CORP CL-A,0
2005-01-05,GME,36466R101,42000,GAMESTOP CORP CL-A,0
2005-01-06,GME,36466R101,42800,GAMESTOP CORP CL-A,0
2005-01-12,GME,36466R101,96804,GAMESTOP CORP CL-A,0
2005-01-13,GME,36466R101,51204,GAMESTOP CORP CL-A,0
2005-01-14,GME,36466R101,121408,GAMESTOP CORP CL-A,0
2005-01-19,GME,36466R101,123548,GAMESTOP CORP CL-A,0
2005-01-21,GME,36466R101,342756,GAMESTOP CORP CL-A,0
2005-01-24,GME,36466R101,572852,GAMESTOP CORP CL-A,0
2005-02-16,GME,36466R101,97896,GAMESTOP CORP CL-A,0
2005-02-22,GME,36466R101,113588,GAMESTOP CORP CL-A,0
2005-03-01,GME,36466R101,86372,GAMESTOP CORP CL-A,0
2005-03-02,GME,36466R101,73984,GAMESTOP CORP CL-A,0
2005-03-16,GME,36466R101,152108,GAMESTOP CORP CL-A,0
2005-03-17,GME,36466R101,454320,GAMESTOP CORP CL-A,0
2005-03-18,GME,36466R101,756348,GAMESTOP CORP CL-A,0
2005-03-21,GME,36466R101,594256,GAMESTOP CORP CL-A,0
2005-03-30,GME,36466R101,47024,GAMESTOP CORP CL-A,0
2005-04-06,GME,36466R101,64192,GAMESTOP CORP CL-A,0
2005-04-12,GME,36466R101,71332,GAMESTOP CORP CL-A,0
2005-04-13,GME,36466R101,44532,GAMESTOP CORP CL-A,0
2005-04-15,GME,36466R101,272160,GAMESTOP CORP CL-A,0
2005-04-19,GME,36466R101,72736,GAMESTOP CORP CL-A,0
2005-04-20,GME,36466R101,122248,GAMESTOP CORP CL-A,0
2005-04-21,GME,36466R101,1641820,GAMESTOP CORP CL-A,0
2005-04-22,GME,36466R101,992896,GAMESTOP CORP CL-A,0
2005-04-25,GME,36466R101,505288,GAMESTOP CORP CL-A,0
2005-04-26,GME,36466R101,317708,GAMESTOP CORP CL-A,0
2005-04-27,GME,36466R101,535384,GAMESTOP CORP CL-A,0
2005-04-28,GME,36466R101,475848,GAMESTOP CORP CL-A,0
2005-04-29,GME,36466R101,551336,GAMESTOP CORP CL-A,0
2005-05-02,GME,36466R101,542740,GAMESTOP CORP CL-A,0
2005-05-03,GME,36466R101,1332032,GAMESTOP CORP CL-A,0
2005-05-04,GME,36466R101,916980,GAMESTOP CORP CL-A,0
2005-05-05,GME,36466R101,939984,GAMESTOP CORP CL-A,0
2005-05-06,GME,36466R101,481220,GAMESTOP CORP CL-A,0
2005-05-09,GME,36466R101,882112,GAMESTOP CORP CL-A,0
2005-05-10,GME,36466R101,523644,GAMESTOP CORP CL-A,0
2005-05-11,GME,36466R101,491472,GAMESTOP CORP CL-A,0
2005-05-12,GME,36466R101,521736,GAMESTOP CORP CL-A,0
2005-05-13,GME,36466R101,526616,GAMESTOP CORP CL-A,0
2005-05-16,GME,36466R101,496812,GAMESTOP CORP CL-A,0
2005-05-17,GME,36466R101,1081960,GAMESTOP CORP CL-A,0
2005-05-18,GME,36466R101,858968,GAMESTOP CORP CL-A,0
2005-05-19,GME,36466R101,648596,GAMESTOP CORP CL-A,0
2005-05-20,GME,36466R101,920320,GAMESTOP CORP CL-A,0
2005-05-23,GME,36466R101,695268,GAMESTOP CORP CL-A,0
2005-05-24,GME,36466R101,983040,GAMESTOP CORP CL-A,0
2005-05-25,GME,36466R101,745064,GAMESTOP CORP CL-A,0
2005-05-26,GME,36466R101,801124,GAMESTOP CORP CL-A,0
2005-05-27,GME,36466R101,1447080,GAMESTOP CORP CL-A,0
2005-05-31,GME,36466R101,572232,GAMESTOP CORP CL-A,0
2005-06-01,GME,36466R101,339540,GAMESTOP CORP CL-A,0
2005-06-02,GME,36466R101,445608,GAMESTOP CORP CL-A,0
2005-06-03,GME,36466R101,484892,GAMESTOP CORP CL-A,0
2005-06-06,GME,36466R101,285500,GAMESTOP CORP CL-A,0
2005-06-07,GME,36466R101,232776,GAMESTOP CORP CL-A,0
2005-06-08,GME,36466R101,286936,GAMESTOP CORP CL-A,0
2005-06-09,GME,36466R101,887956,GAMESTOP CORP CL-A,0
2005-06-10,GME,36466R101,1143416,GAMESTOP CORP CL-A,0
2005-06-13,GME,36466R101,1763000,GAMESTOP CORP CL-A,0
2005-06-14,GME,36466R101,1332356,GAMESTOP CORP CL-A,0
2005-06-15,GME,36466R101,1453860,GAMESTOP CORP CL-A,0
2005-06-16,GME,36466R101,1063948,GAMESTOP CORP CL-A,0
2005-06-17,GME,36466R101,661704,GAMESTOP CORP CL-A,0
2005-06-20,GME,36466R101,772516,GAMESTOP CORP CL-A,0
2005-06-21,GME,36466R101,591992,GAMESTOP CORP CL-A,0
2005-06-22,GME,36466R101,538584,GAMESTOP CORP CL-A,0
2005-06-23,GME,36466R101,417304,GAMESTOP CORP CL-A,0
2005-06-24,GME,36466R101,507868,GAMESTOP CORP CL-A,0
2005-06-27,GME,36466R101,754048,GAMESTOP CORP CL-A,0
2005-06-28,GME,36466R101,559812,GAMESTOP CORP CL-A,0
2005-06-29,GME,36466R101,645376,GAMESTOP CORP CL-A,0
2005-06-30,GME,36466R101,455728,GAMESTOP CORP CL-A,0
2005-07-01,GME,36466R101,519304,GAMESTOP CORP CL-A,0
2005-07-05,GME,36466R101,929928,GAMESTOP CORP CL-A,0
2005-07-06,GME,36466R101,1069228,GAMESTOP CORP CL-A,0
2005-07-07,GME,36466R101,778172,GAMESTOP CORP CL-A,0
2005-07-08,GME,36466R101,1213204,GAMESTOP CORP CL-A,0
2005-07-11,GME,36466R101,1020892,GAMESTOP CORP CL-A,0
2005-07-12,GME,36466R101,680208,GAMESTOP CORP CL-A,0
2005-07-13,GME,36466R101,603760,GAMESTOP CORP CL-A,0
2005-07-14,GME,36466R101,588640,GAMESTOP CORP CL-A,0
2005-07-15,GME,36466R101,903624,GAMESTOP CORP CL-A,0
2005-07-18,GME,36466R101,626564,GAMESTOP CORP CL-A,0
2005-07-19,GME,36466R101,688644,GAMESTOP CORP CL-A,0
2005-07-20,GME,36466R101,516172,GAMESTOP CORP CL-A,0
2005-07-21,GME,36466R101,510992,GAMESTOP CORP CL-A,0
2005-07-22,GME,36466R101,447336,GAMESTOP CORP CL-A,0
2005-07-25,GME,36466R101,435468,GAMESTOP CORP CL-A,0
2005-07-26,GME,36466R101,432436,GAMESTOP CORP CL-A,0
2005-07-27,GME,36466R101,410408,GAMESTOP CORP CL-A,0
2005-07-28,GME,36466R101,437972,GAMESTOP CORP CL-A,0
2005-07-29,GME,36466R101,440056,GAMESTOP CORP CL-A,0
2005-08-01,GME,36466R101,439004,GAMESTOP CORP CL-A,0
2005-08-02,GME,36466R101,224644,GAMESTOP CORP CL-A,0
2005-08-03,GME,36466R101,164036,GAMESTOP CORP CL-A,0
2005-08-04,GME,36466R101,131376,GAMESTOP CORP CL-A,0
2005-08-05,GME,36466R101,224184,GAMESTOP CORP CL-A,0
2005-08-08,GME,36466R101,108768,GAMESTOP CORP CL-A,0
2005-08-09,GME,36466R101,119244,GAMESTOP CORP CL-A,0
2005-08-10,GME,36466R101,170068,GAMESTOP CORP CL-A,0
2005-08-11,GME,36466R101,174628,GAMESTOP CORP CL-A,0
2005-08-12,GME,36466R101,316524,GAMESTOP CORP CL-A,0
2005-08-15,GME,36466R101,154468,GAMESTOP CORP CL-A,0
2005-08-16,GME,36466R101,266204,GAMESTOP CORP CL-A,0
2005-08-17,GME,36466R101,357484,GAMESTOP CORP CL-A,0
2005-08-18,GME,36466R101,438384,GAMESTOP CORP CL-A,0
2005-08-19,GME,36466R101,122852,GAMESTOP CORP CL-A,0
2005-08-22,GME,36466R101,66244,GAMESTOP CORP CL-A,0
2005-08-23,GME,36466R101,217704,GAMESTOP CORP CL-A,0
2005-08-24,GME,36466R101,325484,GAMESTOP CORP CL-A,0
2005-08-25,GME,36466R101,987932,GAMESTOP CORP CL-A,0
2005-08-26,GME,36466R101,1545576,GAMESTOP CORP CL-A,0
2005-08-29,GME,36466R101,956596,GAMESTOP CORP CL-A,0
2005-08-30,GME,36466R101,384868,GAMESTOP CORP CL-A,0
2005-08-31,GME,36466R101,126632,GAMESTOP CORP CL-A,0
2005-09-01,GME,36466R101,54412,GAMESTOP CORP CL-A,0
2005-09-02,GME,36466R101,304564,GAMESTOP CORP CL-A,0
2005-09-06,GME,36466R101,522224,GAMESTOP CORP CL-A,0
2005-09-07,GME,36466R101,526232,GAMESTOP CORP CL-A,0
2005-09-08,GME,36466R101,208768,GAMESTOP CORP CL-A,0
2005-09-09,GME,36466R101,1461528,GAMESTOP CORP CL-A,0
2005-09-12,GME,36466R101,772448,GAMESTOP CORP CL-A,0
2005-09-13,GME,36466R101,1192304,GAMESTOP CORP CL-A,0
2005-09-14,GME,36466R101,354048,GAMESTOP CORP CL-A,0
2005-09-15,GME,36466R101,374396,GAMESTOP CORP CL-A,0
2005-09-16,GME,36466R101,300652,GAMESTOP CORP CL-A,0
2005-09-19,GME,36466R101,297064,GAMESTOP CORP CL-A,0
2005-09-20,GME,36466R101,84596,GAMESTOP CORP CL-A,0
2005-09-21,GME,36466R101,252036,GAMESTOP CORP CL-A,0
2005-09-22,GME,36466R101,1172320,GAMESTOP CORP CL-A,0
2005-09-23,GME,36466R101,1365720,GAMESTOP CORP CL-A,0
2005-09-26,GME,36466R101,1762736,GAMESTOP CORP CL-A,0
2005-09-27,GME,36466R101,2236120,GAMESTOP CORP CL-A,0
2005-09-28,GME,36466R101,2679136,GAMESTOP CORP CL-A,0
2005-09-29,GME,36466R101,2790044,GAMESTOP CORP CL-A,0
2005-09-30,GME,36466R101,2203604,GAMESTOP CORP CL-A,0
2005-10-03,GME,36466R101,2389412,GAMESTOP CORP CL-A,0
2005-10-04,GME,36466R101,2457800,GAMESTOP CORP CL-A,0
2005-10-05,GME,36466R101,2353700,GAMESTOP CORP CL-A,0
2005-10-06,GME,36466R101,3015732,GAMESTOP CORP CL-A,0
2005-10-07,GME,36466R101,2605600,GAMESTOP CORP CL-A,0
2005-10-12,GME,36467W109,3593964,GAMESTOP CORP (HLDG CO) CL A,0
2005-10-13,GME,36467W109,5025184,GAMESTOP CORP (HLDG CO) CL A,0
2005-10-14,GME,36467W109,3398132,GAMESTOP CORP (HLDG CO) CL A,0
2005-10-17,GME,36467W109,1950464,GAMESTOP CORP (HLDG CO) CL A,0
2005-10-18,GME,36467W109,1671828,GAMESTOP CORP (HLDG CO) CL A,0
2005-10-19,GME,36467W109,1710384,GAMESTOP CORP (HLDG CO) CL A,0
2005-10-20,GME,36467W109,1197540,GAMESTOP CORP (HLDG CO) CL A,0
2005-10-21,GME,36467W109,1009792,GAMESTOP CORP (HLDG CO) CL A,0
2005-10-24,GME,36467W109,1454780,GAMESTOP CORP (HLDG CO) CL A,0
2005-10-25,GME,36467W109,1023844,GAMESTOP CORP (HLDG CO) CL A,0
2005-10-26,GME,36467W109,79320,GAMESTOP CORP (HLDG CO) CL A,0
2005-10-27,GME,36467W109,76680,GAMESTOP CORP (HLDG CO) CL A,0
2005-10-28,GME,36467W109,55392,GAMESTOP CORP (HLDG CO) CL A,0
2005-10-31,GME,36467W109,52584,GAMESTOP CORP (HLDG CO) CL A,0
2005-11-04,GME,36467W109,188192,GAMESTOP CORP (HLDG CO) CL A,0
2005-11-07,GME,36467W109,393344,GAMESTOP CORP (HLDG CO) CL A,0
2005-11-08,GME,36467W109,337624,GAMESTOP CORP (HLDG CO) CL A,0
2005-11-09,GME,36467W109,242116,GAMESTOP CORP (HLDG CO) CL A,0
2005-11-10,GME,36467W109,115084,GAMESTOP CORP (HLDG CO) CL A,0
2005-11-14,GME,36467W109,55448,GAMESTOP CORP (HLDG CO) CL A,0
2005-11-15,GME,36467W109,87448,GAMESTOP CORP (HLDG CO) CL A,0
2005-11-16,GME,36467W109,155900,GAMESTOP CORP (HLDG CO) CL A,0
2005-11-17,GME,36467W109,67544,GAMESTOP CORP (HLDG CO) CL A,0
2005-11-18,GME,36467W109,379056,GAMESTOP CORP (HLDG CO) CL A,0
2005-11-21,GME,36467W109,501536,GAMESTOP CORP (HLDG CO) CL A,0
2005-11-22,GME,36467W109,78840,GAMESTOP CORP (HLDG CO) CL A,0
2005-11-23,GME,36467W109,60480,GAMESTOP CORP (HLDG CO) CL A,0
2005-11-25,GME,36467W109,93628,GAMESTOP CORP (HLDG CO) CL A,0
2005-12-02,GME,36467W109,176940,GAMESTOP CORP (HLDG CO) CL A,0
2005-12-05,GME,36467W109,1008924,GAMESTOP CORP (HLDG CO) CL A,0
2005-12-07,GME,36467W109,183968,GAMESTOP CORP (HLDG CO) CL A,0
2005-12-09,GME,36467W109,69828,GAMESTOP CORP (HLDG CO) CL A,0
2005-12-12,GME,36467W109,54496,GAMESTOP CORP (HLDG CO) CL A,0
2005-12-14,GME,36467W109,63452,GAMESTOP CORP (HLDG CO) CL A,0
2005-12-15,GME,36467W109,49852,GAMESTOP CORP (HLDG CO) CL A,0
2005-12-16,GME,36467W109,82684,GAMESTOP CORP (HLDG CO) CL A,0
2005-12-19,GME,36467W109,79700,GAMESTOP CORP (HLDG CO) CL A,0
2005-12-20,GME,36467W109,430832,GAMESTOP CORP (HLDG CO) CL A,0
2005-12-21,GME,36467W109,541044,GAMESTOP CORP (HLDG CO) CL A,0
2005-12-22,GME,36467W109,266904,GAMESTOP CORP (HLDG CO) CL A,0
2005-12-23,GME,36467W109,356676,GAMESTOP CORP (HLDG CO) CL A,0
2005-12-27,GME,36467W109,331140,GAMESTOP CORP (HLDG CO) CL A,0
2005-12-28,GME,36467W109,228840,GAMESTOP CORP (HLDG CO) CL A,0
2005-12-29,GME,36467W109,189436,GAMESTOP CORP (HLDG CO) CL A,0
2005-12-30,GME,36467W109,79584,GAMESTOP CORP (HLDG CO) CL A,0
2006-01-03,GME,36467W109,50196,GAMESTOP CORP (HLDG CO) CL A,0
2006-01-04,GME,36467W109,295516,GAMESTOP CORP (HLDG CO) CL A,0
2006-01-05,GME,36467W109,361824,GAMESTOP CORP (HLDG CO) CL A,0
2006-01-06,GME,36467W109,43408,GAMESTOP CORP (HLDG CO) CL A,0
2006-01-09,GME,36467W109,142336,GAMESTOP CORP (HLDG CO) CL A,0
2006-01-10,GME,36467W109,511664,GAMESTOP CORP (HLDG CO) CL A,0
2006-01-11,GME,36467W109,1667516,GAMESTOP CORP (HLDG CO) CL A,0
2006-01-12,GME,36467W109,1351076,GAMESTOP CORP (HLDG CO) CL A,0
2006-01-13,GME,36467W109,1127528,GAMESTOP CORP (HLDG CO) CL A,0
2006-01-17,GME,36467W109,110664,GAMESTOP CORP (HLDG CO) CL A,0
2006-01-18,GME,36467W109,238648,GAMESTOP CORP (HLDG CO) CL A,0
2006-01-19,GME,36467W109,66900,GAMESTOP CORP (HLDG CO) CL A,0
2006-01-23,GME,36467W109,441508,GAMESTOP CORP (HLDG CO) CL A,0
2006-01-24,GME,36467W109,162708,GAMESTOP CORP (HLDG CO) CL A,0
2006-01-25,GME,36467W109,76132,GAMESTOP CORP (HLDG CO) CL A,0
2006-01-27,GME,36467W109,51660,GAMESTOP CORP (HLDG CO) CL A,0
2006-01-30,GME,36467W109,106396,GAMESTOP CORP (HLDG CO) CL A,0
2006-02-01,GME,36467W109,206824,GAMESTOP CORP (HLDG CO) CL A,0
2006-02-02,GME,36467W109,263624,GAMESTOP CORP (HLDG CO) CL A,0
2006-02-06,GME,36467W109,225588,GAMESTOP CORP (HLDG CO) CL A,0
2006-02-07,GME,36467W109,197956,GAMESTOP CORP (HLDG CO) CL A,0
2006-02-14,GME,36467W109,105448,GAMESTOP CORP (HLDG CO) CL A,0
2006-02-15,GME,36467W109,65636,GAMESTOP CORP (HLDG CO) CL A,0
2006-02-16,GME,36467W109,51588,GAMESTOP CORP (HLDG CO) CL A,0
2006-02-17,GME,36467W109,598116,GAMESTOP CORP (HLDG CO) CL A,0
2006-02-21,GME,36467W109,734424,GAMESTOP CORP (HLDG CO) CL A,0
2006-02-22,GME,36467W109,500684,GAMESTOP CORP (HLDG CO) CL A,0
2006-02-23,GME,36467W109,154924,GAMESTOP CORP (HLDG CO) CL A,0
2006-02-24,GME,36467W109,172220,GAMESTOP CORP (HLDG CO) CL A,0
2006-02-27,GME,36467W109,45056,GAMESTOP CORP (HLDG CO) CL A,0
2006-03-01,GME,36467W109,42364,GAMESTOP CORP (HLDG CO) CL A,0
2006-03-06,GME,36467W109,676432,GAMESTOP CORP (HLDG CO) CL A,0
2006-03-08,GME,36467W109,212620,GAMESTOP CORP (HLDG CO) CL A,0
2006-03-15,GME,36467W109,97100,GAMESTOP CORP (HLDG CO) CL A,0
2006-03-16,GME,36467W109,120212,GAMESTOP CORP (HLDG CO) CL A,0
2006-03-17,GME,36467W109,73804,GAMESTOP CORP (HLDG CO) CL A,0
2006-03-20,GME,36467W109,43216,GAMESTOP CORP (HLDG CO) CL A,0
2006-03-22,GME,36467W109,197720,GAMESTOP CORP (HLDG CO) CL A,0
2006-03-23,GME,36467W109,59236,GAMESTOP CORP (HLDG CO) CL A,0
2006-03-24,GME,36467W109,416536,GAMESTOP CORP (HLDG CO) CL A,0
2006-03-27,GME,36467W109,455968,GAMESTOP CORP (HLDG CO) CL A,0
2006-03-28,GME,36467W109,187600,GAMESTOP CORP (HLDG CO) CL A,0
2006-03-29,GME,36467W109,127848,GAMESTOP CORP (HLDG CO) CL A,0
2006-03-30,GME,36467W109,61844,GAMESTOP CORP (HLDG CO) CL A,0
2006-03-31,GME,36467W109,104172,GAMESTOP CORP (HLDG CO) CL A,0
2006-04-03,GME,36467W109,93528,GAMESTOP CORP (HLDG CO) CL A,0
2006-04-04,GME,36467W109,206640,GAMESTOP CORP (HLDG CO) CL A,0
2006-04-05,GME,36467W109,358304,GAMESTOP CORP (HLDG CO) CL A,0
2006-04-06,GME,36467W109,333404,GAMESTOP CORP (HLDG CO) CL A,0
2006-04-07,GME,36467W109,210120,GAMESTOP CORP (HLDG CO) CL A,0
2006-04-11,GME,36467W109,89484,GAMESTOP CORP (HLDG CO) CL A,0
2006-04-12,GME,36467W109,113796,GAMESTOP CORP (HLDG CO) CL A,0
2006-04-13,GME,36467W109,51748,GAMESTOP CORP (HLDG CO) CL A,0
2006-04-21,GME,36467W109,82256,GAMESTOP CORP (HLDG CO) CL A,0
2006-04-24,GME,36467W109,45328,GAMESTOP CORP (HLDG CO) CL A,0
2006-04-28,GME,36467W109,143312,GAMESTOP CORP (HLDG CO) CL A,0
2006-05-01,GME,36467W109,90856,GAMESTOP CORP (HLDG CO) CL A,0
2006-05-03,GME,36467W109,265680,GAMESTOP CORP (HLDG CO) CL A,0
2006-05-04,GME,36467W109,317184,GAMESTOP CORP (HLDG CO) CL A,0
2006-05-05,GME,36467W109,152236,GAMESTOP CORP (HLDG CO) CL A,0
2006-05-08,GME,36467W109,138172,GAMESTOP CORP (HLDG CO) CL A,0
2006-05-15,GME,36467W109,156884,GAMESTOP CORP (HLDG CO) CL A,0
2006-05-16,GME,36467W109,102584,GAMESTOP CORP (HLDG CO) CL A,0
2006-05-17,GME,36467W109,74432,GAMESTOP CORP (HLDG CO) CL A,0
2006-05-23,GME,36467W109,1772608,GAMESTOP CORP (HLDG CO) CL A,0
2006-05-24,GME,36467W109,69012,GAMESTOP CORP (HLDG CO) CL A,0
2006-05-31,GME,36467W109,70972,GAMESTOP CORP (HLDG CO) CL A,0
2006-06-02,GME,36467W109,46104,GAMESTOP CORP (HLDG CO) CL A,0
2006-06-05,GME,36467W109,70660,GAMESTOP CORP (HLDG CO) CL A,0
2006-06-06,GME,36467W109,58840,GAMESTOP CORP (HLDG CO) CL A,0
2006-06-08,GME,36467W109,57732,GAMESTOP CORP (HLDG CO) CL A,0
2006-06-12,GME,36467W109,252792,GAMESTOP CORP (HLDG CO) CL A,0
2006-06-13,GME,36467W109,287704,GAMESTOP CORP (HLDG CO) CL A,0
2006-06-15,GME,36467W109,553704,GAMESTOP CORP (HLDG CO) CL A,0
2006-06-16,GME,36467W109,472200,GAMESTOP CORP (HLDG CO) CL A,0
2006-06-19,GME,36467W109,59912,GAMESTOP CORP (HLDG CO) CL A,0
2006-06-26,GME,36467W109,120828,GAMESTOP CORP (HLDG CO) CL A,0
2006-06-27,GME,36467W109,106880,GAMESTOP CORP (HLDG CO) CL A,0
2006-06-28,GME,36467W109,189700,GAMESTOP CORP (HLDG CO) CL A,0
2006-06-30,GME,36467W109,134084,GAMESTOP CORP (HLDG CO) CL A,0
2006-07-03,GME,36467W109,156568,GAMESTOP CORP (HLDG CO) CL A,0
2006-07-05,GME,36467W109,263084,GAMESTOP CORP (HLDG CO) CL A,0
2006-07-06,GME,36467W109,220332,GAMESTOP CORP (HLDG CO) CL A,0
2006-07-07,GME,36467W109,623888,GAMESTOP CORP (HLDG CO) CL A,0
2006-07-13,GME,36467W109,53744,GAMESTOP CORP (HLDG CO) CL A,0
2006-07-14,GME,36467W109,126784,GAMESTOP CORP (HLDG CO) CL A,0
2006-07-17,GME,36467W109,216540,GAMESTOP CORP (HLDG CO) CL A,0
2006-07-18,GME,36467W109,138184,GAMESTOP CORP (HLDG CO) CL A,0
2006-07-19,GME,36467W109,973848,GAMESTOP CORP (HLDG CO) CL A,0
2006-07-20,GME,36467W109,121352,GAMESTOP CORP (HLDG CO) CL A,0
2006-07-21,GME,36467W109,277264,GAMESTOP CORP (HLDG CO) CL A,0
2006-07-26,GME,36467W109,73208,GAMESTOP CORP (HLDG CO) CL A,0
2006-07-27,GME,36467W109,102140,GAMESTOP CORP (HLDG CO) CL A,0
2006-07-28,GME,36467W109,521340,GAMESTOP CORP (HLDG CO) CL A,0
2006-08-01,GME,36467W109,295332,GAMESTOP CORP (HLDG CO) CL A,0
2006-08-07,GME,36467W109,52292,GAMESTOP CORP (HLDG CO) CL A,0
2006-08-08,GME,36467W109,423284,GAMESTOP CORP (HLDG CO) CL A,0
2006-08-09,GME,36467W109,401276,GAMESTOP CORP (HLDG CO) CL A,0
2006-08-10,GME,36467W109,317188,GAMESTOP CORP (HLDG CO) CL A,0
2006-08-11,GME,36467W109,94848,GAMESTOP CORP (HLDG CO) CL A,0
2006-08-14,GME,36467W109,98232,GAMESTOP CORP (HLDG CO) CL A,0
2006-08-16,GME,36467W109,461556,GAMESTOP CORP (HLDG CO) CL A,0
2006-08-28,GME,36467W109,81784,GAMESTOP CORP (HLDG CO) CL A,0
2006-08-31,GME,36467W109,417636,GAMESTOP CORP (HLDG CO) CL A,0
2006-09-01,GME,36467W109,198684,GAMESTOP CORP (HLDG CO) CL A,0
2006-09-05,GME,36467W109,214248,GAMESTOP CORP (HLDG CO) CL A,0
2006-09-13,GME,36467W109,423532,GAMESTOP CORP (HLDG CO) CL A,0
2006-09-14,GME,36467W109,94416,GAMESTOP CORP (HLDG CO) CL A,0
2006-09-20,GME,36467W109,231912,GAMESTOP CORP (HLDG CO) CL A,0
2006-09-21,GME,36467W109,40372,GAMESTOP CORP (HLDG CO) CL A,0
2006-09-25,GME,36467W109,345012,GAMESTOP CORP (HLDG CO) CL A,0
2006-09-26,GME,36467W109,427268,GAMESTOP CORP (HLDG CO) CL A,0
2006-09-27,GME,36467W109,266508,GAMESTOP CORP (HLDG CO) CL A,0
2006-09-28,GME,36467W109,450844,GAMESTOP CORP (HLDG CO) CL A,0
2006-10-11,GME,36467W109,77088,GAMESTOP CORP (HLDG CO) CL A,0
2006-10-12,GME,36467W109,166776,GAMESTOP CORP (HLDG CO) CL A,0
2006-10-17,GME,36467W109,185296,GAMESTOP CORP (HLDG CO) CL A,0
2006-10-18,GME,36467W109,472860,GAMESTOP CORP (HLDG CO) CL A,0
2006-10-19,GME,36467W109,694800,GAMESTOP CORP (HLDG CO) CL A,0
2006-10-26,GME,36467W109,98808,GAMESTOP CORP (HLDG CO) CL A,0
2006-11-01,GME,36467W109,89828,GAMESTOP CORP (HLDG CO) CL A,0
2006-11-21,GME,36467W109,249176,GAMESTOP CORP (HLDG CO) CL A,0
2006-11-27,GME,36467W109,51200,GAMESTOP CORP (HLDG CO) CL A,0
2006-11-29,GME,36467W109,67388,GAMESTOP CORP (HLDG CO) CL A,0
2006-12-18,GME,36467W109,75876,GAMESTOP CORP (HLDG CO) CL A,0
2006-12-20,GME,36467W109,98892,GAMESTOP CORP (HLDG CO) CL A,0
2006-12-22,GME,36467W109,91216,GAMESTOP CORP (HLDG CO) CL A,0
2006-12-27,GME,36467W109,127060,GAMESTOP CORP (HLDG CO) CL A,0
2007-01-16,GME,36467W109,164156,GAMESTOP CORP (HLDG CO) CL A,0
2007-01-30,GME,36467W109,103512,GAMESTOP CORP (HLDG CO) CL A,0
2007-02-06,GME,36467W109,3297572,GAMESTOP CORP (HLDG CO) CL A,0
2007-03-06,GME,36467W109,86172,GAMESTOP CORP (HLDG CO) CL A,0
2007-03-21,GME,36467W109,41484,GAMESTOP CORP (HLDG CO) CL A,0
2007-03-22,GME,36467W109,348332,GAMESTOP CORP (HLDG CO) CL A,0
2007-05-25,GME,36467W109,84876,GAMESTOP CORP (HLDG CO) CL A,8.8025
2007-05-29,GME,36467W109,311528,GAMESTOP CORP (HLDG CO) CL A,8.9475
2007-05-30,GME,36467W109,520472,GAMESTOP CORP (HLDG CO) CL A,9.005
2007-06-05,GME,36467W109,4638616,GAMESTOP CORP (HLDG CO) CL A,9.565
2007-06-07,GME,36467W109,70240,GAMESTOP CORP (HLDG CO) CL A,9.35
2007-06-13,GME,36467W109,215276,GAMESTOP CORP (HLDG CO) CL A,9.09
2007-06-14,GME,36467W109,438172,GAMESTOP CORP (HLDG CO) CL A,9.255
2007-06-15,GME,36467W109,333868,GAMESTOP CORP (HLDG CO) CL A,9.315
2007-06-18,GME,36467W109,456188,GAMESTOP CORP (HLDG CO) CL A,9.8025
2007-06-27,GME,36467W109,120000,GAMESTOP CORP (HLDG CO) CL A,9.8775
2007-08-20,GME,36467W109,40000,GAMESTOP CORP (HLDG CO) CL A,9.975
2007-09-18,GME,36467W109,1027960,GAMESTOP CORP (HLDG CO) CL A,12.85
2007-09-26,GME,36467W109,171844,GAMESTOP CORP (HLDG CO) CL A,14.2575
2007-10-15,GME,36467W109,44304,GAMESTOP CORP (HLDG CO) CL A,14.35
2007-10-24,GME,36467W109,120952,GAMESTOP CORP (HLDG CO) CL A,15.0125
2007-11-02,GME,36467W109,125408,GAMESTOP CORP (HLDG CO) CL A,14.4625
2007-11-09,GME,36467W109,61512,GAMESTOP CORP (HLDG CO) CL A,13.95
2007-11-15,GME,36467W109,103236,GAMESTOP CORP (HLDG CO) CL A,13.4675
2007-11-19,GME,36467W109,573208,GAMESTOP CORP (HLDG CO) CL A,13.75
2007-11-20,GME,36467W109,171276,GAMESTOP CORP (HLDG CO) CL A,13.2475
2007-11-26,GME,36467W109,178232,GAMESTOP CORP (HLDG CO) CL A,12.5375
2007-12-20,GME,36467W109,254992,GAMESTOP CORP (HLDG CO) CL A,15.2425
2007-12-27,GME,36467W109,133280,GAMESTOP CORP (HLDG CO) CL A,15.72
2008-01-22,GME,36467W109,53572,GAMESTOP CORP (HLDG CO) CL A,12.33
2008-01-23,GME,36467W109,789672,GAMESTOP CORP (HLDG CO) CL A,12.6175
2008-01-24,GME,36467W109,314872,GAMESTOP CORP (HLDG CO) CL A,12.9975
2008-01-25,GME,36467W109,64128,GAMESTOP CORP (HLDG CO) CL A,13.105
2008-02-06,GME,36467W109,40996,GAMESTOP CORP (HLDG CO) CL A,12.34
2008-02-22,GME,36467W109,47336,GAMESTOP CORP (HLDG CO) CL A,11.4975
2008-03-05,GME,36467W109,51832,GAMESTOP CORP (HLDG CO) CL A,10.90
2008-03-11,GME,36467W109,158856,GAMESTOP CORP (HLDG CO) CL A,10.8325
2008-03-13,GME,36467W109,380004,GAMESTOP CORP (HLDG CO) CL A,11.5625
2008-03-19,GME,36467W109,67144,GAMESTOP CORP (HLDG CO) CL A,12.1375
2008-03-24,GME,36467W109,47568,GAMESTOP CORP (HLDG CO) CL A,12.545
2008-04-03,GME,36467W109,138356,GAMESTOP CORP (HLDG CO) CL A,13.9175
2008-04-08,GME,36467W109,70280,GAMESTOP CORP (HLDG CO) CL A,14.015
2008-05-01,GME,36467W109,641988,GAMESTOP CORP (HLDG CO) CL A,13.76
2008-05-02,GME,36467W109,59252,GAMESTOP CORP (HLDG CO) CL A,14.0975
2008-05-14,GME,36467W109,103768,GAMESTOP CORP (HLDG CO) CL A,13.65
2008-06-27,GME,36467W109,241132,GAMESTOP CORP (HLDG CO) CL A,10.8825
2008-07-03,GME,36467W109,291964,GAMESTOP CORP (HLDG CO) CL A,10.1025
2008-07-08,GME,36467W109,1132952,GAMESTOP CORP (HLDG CO) CL A,9.84
2008-07-09,GME,36467W109,986452,GAMESTOP CORP (HLDG CO) CL A,10.1775
2008-07-10,GME,36467W109,807168,GAMESTOP CORP (HLDG CO) CL A,9.845
2008-07-11,GME,36467W109,743180,GAMESTOP CORP (HLDG CO) CL A,9.73
2008-07-14,GME,36467W109,362788,GAMESTOP CORP (HLDG CO) CL A,9.82
2008-07-29,GME,36467W109,51820,GAMESTOP CORP (HLDG CO) CL A,10.145
2008-07-30,GME,36467W109,53860,GAMESTOP CORP (HLDG CO) CL A,10.375
2008-07-31,GME,36467W109,57932,GAMESTOP CORP (HLDG CO) CL A,10.255
2008-08-04,GME,36467W109,60440,GAMESTOP CORP (HLDG CO) CL A,9.9575
2008-08-08,GME,36467W109,41876,GAMESTOP CORP (HLDG CO) CL A,10.355
2008-08-13,GME,36467W109,277720,GAMESTOP CORP (HLDG CO) CL A,11.2875
2008-08-25,GME,36467W109,46564,GAMESTOP CORP (HLDG CO) CL A,11.04
2008-08-26,GME,36467W109,645176,GAMESTOP CORP (HLDG CO) CL A,10.815
2008-09-11,GME,36467W109,53792,GAMESTOP CORP (HLDG CO) CL A,10.69
2008-09-16,GME,36467W109,2384,GAMESTOP CORP (HLDG CO) CL A,9.725
2008-09-17,GME,36467W109,1856,GAMESTOP CORP (HLDG CO) CL A,10.02
2008-09-18,GME,36467W109,392,GAMESTOP CORP (HLDG CO) CL A,9.4
2008-09-19,GME,36467W109,2724,GAMESTOP CORP (HLDG CO) CL A,9.6225
2008-09-22,GME,36467W109,7072,GAMESTOP CORP (HLDG CO) CL A,9.425
2008-09-23,GME,36467W109,1056,GAMESTOP CORP (HLDG CO) CL A,9.07
2008-09-24,GME,36467W109,785900,GAMESTOP CORP (HLDG CO) CL A,8.735
2008-09-25,GME,36467W109,31212,GAMESTOP CORP (HLDG CO) CL A,8.65
2008-09-26,GME,36467W109,75080,GAMESTOP CORP (HLDG CO) CL A,9.01
2008-09-29,GME,36467W109,187588,GAMESTOP CORP (HLDG CO) CL A,9.04
2008-09-30,GME,36467W109,168256,GAMESTOP CORP (HLDG CO) CL A,8.55
2008-10-01,GME,36467W109,451440,GAMESTOP CORP (HLDG CO) CL A,8.5525
2008-10-02,GME,36467W109,57300,GAMESTOP CORP (HLDG CO) CL A,9.01
2008-10-03,GME,36467W109,88564,GAMESTOP CORP (HLDG CO) CL A,8.9525
2008-10-06,GME,36467W109,89872,GAMESTOP CORP (HLDG CO) CL A,8.82
2008-10-07,GME,36467W109,68160,GAMESTOP CORP (HLDG CO) CL A,8.5275
2008-10-09,GME,36467W109,152600,GAMESTOP CORP (HLDG CO) CL A,7.5525
2008-10-10,GME,36467W109,620,GAMESTOP CORP (HLDG CO) CL A,7.2725
2008-10-14,GME,36467W109,12068,GAMESTOP CORP (HLDG CO) CL A,8.38
2008-10-15,GME,36467W109,368,GAMESTOP CORP (HLDG CO) CL A,7.59
2008-10-16,GME,36467W109,200,GAMESTOP CORP (HLDG CO) CL A,6.9325
2008-10-17,GME,36467W109,26584,GAMESTOP CORP (HLDG CO) CL A,7.7025
2008-10-20,GME,36467W109,174724,GAMESTOP CORP (HLDG CO) CL A,7.96
2008-10-21,GME,36467W109,53200,GAMESTOP CORP (HLDG CO) CL A,8.2975
2008-10-22,GME,36467W109,53464,GAMESTOP CORP (HLDG CO) CL A,7.615
2008-10-23,GME,36467W109,280,GAMESTOP CORP (HLDG CO) CL A,7.0575
2008-10-24,GME,36467W109,52,GAMESTOP CORP (HLDG CO) CL A,6.7675
2008-10-27,GME,36467W109,77632,GAMESTOP CORP (HLDG CO) CL A,6.4325
2008-10-28,GME,36467W109,112936,GAMESTOP CORP (HLDG CO) CL A,6.3025
2008-10-29,GME,36467W109,112964,GAMESTOP CORP (HLDG CO) CL A,7.2275
2008-10-30,GME,36467W109,120156,GAMESTOP CORP (HLDG CO) CL A,7.3575
2008-10-31,GME,36467W109,29736,GAMESTOP CORP (HLDG CO) CL A,7.3575
2008-11-03,GME,36467W109,212,GAMESTOP CORP (HLDG CO) CL A,6.8475
2008-11-04,GME,36467W109,836,GAMESTOP CORP (HLDG CO) CL A,6.7425
2008-11-05,GME,36467W109,1156,GAMESTOP CORP (HLDG CO) CL A,6.9375
2008-11-06,GME,36467W109,920,GAMESTOP CORP (HLDG CO) CL A,6.32
2008-11-07,GME,36467W109,452,GAMESTOP CORP (HLDG CO) CL A,5.9525
2008-11-12,GME,36467W109,580,GAMESTOP CORP (HLDG CO) CL A,5.8525
2008-11-13,GME,36467W109,96572,GAMESTOP CORP (HLDG CO) CL A,5.51
2008-11-14,GME,36467W109,1748,GAMESTOP CORP (HLDG CO) CL A,6.2075
2008-11-17,GME,36467W109,64,GAMESTOP CORP (HLDG CO) CL A,5.82
2008-11-18,GME,36467W109,11964,GAMESTOP CORP (HLDG CO) CL A,5.6875
2008-11-19,GME,36467W109,39568,GAMESTOP CORP (HLDG CO) CL A,5.5525
2008-11-20,GME,36467W109,1036,GAMESTOP CORP (HLDG CO) CL A,5.14
2008-11-21,GME,36467W109,120,GAMESTOP CORP (HLDG CO) CL A,4.375
2008-11-24,GME,36467W109,11452,GAMESTOP CORP (HLDG CO) CL A,4.495
2008-11-25,GME,36467W109,180,GAMESTOP CORP (HLDG CO) CL A,5.0525
2008-11-26,GME,36467W109,2532,GAMESTOP CORP (HLDG CO) CL A,5.1675
2008-11-28,GME,36467W109,75024,GAMESTOP CORP (HLDG CO) CL A,5.50
2008-12-01,GME,36467W109,1268,GAMESTOP CORP (HLDG CO) CL A,5.4625
2008-12-02,GME,36467W109,115636,GAMESTOP CORP (HLDG CO) CL A,4.8375
2008-12-03,GME,36467W109,372,GAMESTOP CORP (HLDG CO) CL A,4.7525
2008-12-04,GME,36467W109,112,GAMESTOP CORP (HLDG CO) CL A,4.7125
2008-12-05,GME,36467W109,2000,GAMESTOP CORP (HLDG CO) CL A,5.045
2008-12-08,GME,36467W109,780,GAMESTOP CORP (HLDG CO) CL A,5.3175
2008-12-09,GME,36467W109,1072,GAMESTOP CORP (HLDG CO) CL A,6.25
2008-12-11,GME,36467W109,2448,GAMESTOP CORP (HLDG CO) CL A,6.0225
2008-12-15,GME,36467W109,107732,GAMESTOP CORP (HLDG CO) CL A,6.0325
2008-12-16,GME,36467W109,2984,GAMESTOP CORP (HLDG CO) CL A,5.78
2008-12-17,GME,36467W109,2080,GAMESTOP CORP (HLDG CO) CL A,6.4225
2008-12-19,GME,36467W109,140,GAMESTOP CORP (HLDG CO) CL A,6.0975
2008-12-22,GME,36467W109,524,GAMESTOP CORP (HLDG CO) CL A,6.15
2008-12-24,GME,36467W109,940,GAMESTOP CORP (HLDG CO) CL A,5.545
2008-12-26,GME,36467W109,1260,GAMESTOP CORP (HLDG CO) CL A,5.8275
2008-12-29,GME,36467W109,1544,GAMESTOP CORP (HLDG CO) CL A,5.785
2008-12-30,GME,36467W109,4688,GAMESTOP CORP (HLDG CO) CL A,5.4875
2009-01-02,GME,36467W109,412,GAMESTOP CORP (HLDG CO) CL A,5.415
2009-01-05,GME,36467W109,344,GAMESTOP CORP (HLDG CO) CL A,5.7975
2009-01-06,GME,36467W109,29804,GAMESTOP CORP (HLDG CO) CL A,5.9575
2009-01-07,GME,36467W109,308,GAMESTOP CORP (HLDG CO) CL A,5.88
2009-01-12,GME,36467W109,1120,GAMESTOP CORP (HLDG CO) CL A,6.5325
2009-01-13,GME,36467W109,152,GAMESTOP CORP (HLDG CO) CL A,6.3675
2009-01-14,GME,36467W109,876,GAMESTOP CORP (HLDG CO) CL A,6.16
2009-01-15,GME,36467W109,2256,GAMESTOP CORP (HLDG CO) CL A,5.8575
2009-01-16,GME,36467W109,3276,GAMESTOP CORP (HLDG CO) CL A,5.9575
2009-01-22,GME,36467W109,744,GAMESTOP CORP (HLDG CO) CL A,6.1075
2009-01-23,GME,36467W109,484,GAMESTOP CORP (HLDG CO) CL A,6.0825
2009-01-26,GME,36467W109,696,GAMESTOP CORP (HLDG CO) CL A,6.4525
2009-01-27,GME,36467W109,19500,GAMESTOP CORP (HLDG CO) CL A,6.64
2009-01-28,GME,36467W109,2016,GAMESTOP CORP (HLDG CO) CL A,6.5925
2009-01-29,GME,36467W109,292,GAMESTOP CORP (HLDG CO) CL A,7.035
2009-01-30,GME,36467W109,352,GAMESTOP CORP (HLDG CO) CL A,6.58
2009-02-02,GME,36467W109,920,GAMESTOP CORP (HLDG CO) CL A,6.195
2009-02-04,GME,36467W109,9160,GAMESTOP CORP (HLDG CO) CL A,6.405
2009-02-05,GME,36467W109,696,GAMESTOP CORP (HLDG CO) CL A,6.4975
2009-02-06,GME,36467W109,1812,GAMESTOP CORP (HLDG CO) CL A,6.7775
2009-02-09,GME,36467W109,1580,GAMESTOP CORP (HLDG CO) CL A,7.0025
2009-02-10,GME,36467W109,8460,GAMESTOP CORP (HLDG CO) CL A,6.855
2009-02-11,GME,36467W109,8476,GAMESTOP CORP (HLDG CO) CL A,6.725
2009-02-12,GME,36467W109,24,GAMESTOP CORP (HLDG CO) CL A,6.6275
2009-02-13,GME,36467W109,2384,GAMESTOP CORP (HLDG CO) CL A,6.7475
2009-02-17,GME,36467W109,102204,GAMESTOP CORP (HLDG CO) CL A,6.5625
2009-02-18,GME,36467W109,105924,GAMESTOP CORP (HLDG CO) CL A,6.255
2009-02-19,GME,36467W109,188,GAMESTOP CORP (HLDG CO) CL A,6.2175
2009-02-23,GME,36467W109,2648,GAMESTOP CORP (HLDG CO) CL A,6.67
2009-02-24,GME,36467W109,704,GAMESTOP CORP (HLDG CO) CL A,6.555
2009-02-25,GME,36467W109,54312,GAMESTOP CORP (HLDG CO) CL A,6.84
2009-02-26,GME,36467W109,45412,GAMESTOP CORP (HLDG CO) CL A,7.0775
2009-02-27,GME,36467W109,26508,GAMESTOP CORP (HLDG CO) CL A,6.75
2009-03-02,GME,36467W109,108152,GAMESTOP CORP (HLDG CO) CL A,6.73
2009-03-03,GME,36467W109,5312,GAMESTOP CORP (HLDG CO) CL A,6.5225
2009-03-04,GME,36467W109,8860,GAMESTOP CORP (HLDG CO) CL A,6.495
2009-03-05,GME,36467W109,192044,GAMESTOP CORP (HLDG CO) CL A,6.825
2009-03-06,GME,36467W109,1244,GAMESTOP CORP (HLDG CO) CL A,5.865
2009-03-09,GME,36467W109,108,GAMESTOP CORP (HLDG CO) CL A,5.595
2009-03-11,GME,36467W109,24,GAMESTOP CORP (HLDG CO) CL A,6.3025
2009-03-13,GME,36467W109,1752,GAMESTOP CORP (HLDG CO) CL A,6.35
2009-03-16,GME,36467W109,460,GAMESTOP CORP (HLDG CO) CL A,6.415
2009-03-18,GME,36467W109,126640,GAMESTOP CORP (HLDG CO) CL A,6.2375
2009-03-19,GME,36467W109,1080,GAMESTOP CORP (HLDG CO) CL A,6.2075
2009-03-20,GME,36467W109,16,GAMESTOP CORP (HLDG CO) CL A,6.355
2009-03-23,GME,36467W109,28,GAMESTOP CORP (HLDG CO) CL A,6.2125
2009-03-24,GME,36467W109,52,GAMESTOP CORP (HLDG CO) CL A,6.655
2009-03-25,GME,36467W109,13296,GAMESTOP CORP (HLDG CO) CL A,6.7625
2009-03-26,GME,36467W109,948,GAMESTOP CORP (HLDG CO) CL A,6.71
2009-03-27,GME,36467W109,6632,GAMESTOP CORP (HLDG CO) CL A,6.5525
2009-03-30,GME,36467W109,1400,GAMESTOP CORP (HLDG CO) CL A,6.9575
2009-03-31,GME,36467W109,500,GAMESTOP CORP (HLDG CO) CL A,6.7675
2009-04-01,GME,36467W109,17448,GAMESTOP CORP (HLDG CO) CL A,7.005
2009-04-02,GME,36467W109,560616,GAMESTOP CORP (HLDG CO) CL A,7.05
2009-04-03,GME,36467W109,598012,GAMESTOP CORP (HLDG CO) CL A,7.525
2009-04-06,GME,36467W109,2888,GAMESTOP CORP (HLDG CO) CL A,7.445
2009-04-07,GME,36467W109,72908,GAMESTOP CORP (HLDG CO) CL A,7.155
2009-04-08,GME,36467W109,141956,GAMESTOP CORP (HLDG CO) CL A,7.3125
2009-04-09,GME,36467W109,18704,GAMESTOP CORP (HLDG CO) CL A,7.585
2009-04-13,GME,36467W109,919796,GAMESTOP CORP (HLDG CO) CL A,8.105
2009-04-14,GME,36467W109,1644,GAMESTOP CORP (HLDG CO) CL A,8.0725
2009-04-15,GME,36467W109,291196,GAMESTOP CORP (HLDG CO) CL A,7.8725
2009-04-16,GME,36467W109,384,GAMESTOP CORP (HLDG CO) CL A,7.975
2009-04-17,GME,36467W109,104,GAMESTOP CORP (HLDG CO) CL A,7.425
2009-04-20,GME,36467W109,2404,GAMESTOP CORP (HLDG CO) CL A,7.2075
2009-04-21,GME,36467W109,8,GAMESTOP CORP (HLDG CO) CL A,7.1
2009-04-22,GME,36467W109,2120,GAMESTOP CORP (HLDG CO) CL A,7.45
2009-04-23,GME,36467W109,132,GAMESTOP CORP (HLDG CO) CL A,7.465
2009-04-24,GME,36467W109,6508,GAMESTOP CORP (HLDG CO) CL A,7.625
2009-04-27,GME,36467W109,776,GAMESTOP CORP (HLDG CO) CL A,7.8275
2009-04-28,GME,36467W109,144,GAMESTOP CORP (HLDG CO) CL A,7.62
2009-04-29,GME,36467W109,68,GAMESTOP CORP (HLDG CO) CL A,7.4175
2009-04-30,GME,36467W109,2580,GAMESTOP CORP (HLDG CO) CL A,7.5225
2009-05-04,GME,36467W109,23456,GAMESTOP CORP (HLDG CO) CL A,7.335
2009-05-05,GME,36467W109,176,GAMESTOP CORP (HLDG CO) CL A,7.335
2009-05-06,GME,36467W109,4056,GAMESTOP CORP (HLDG CO) CL A,7.2725
2009-05-07,GME,36467W109,764,GAMESTOP CORP (HLDG CO) CL A,6.8775
2009-05-08,GME,36467W109,120,GAMESTOP CORP (HLDG CO) CL A,6.7275
2009-05-11,GME,36467W109,964,GAMESTOP CORP (HLDG CO) CL A,6.5325
2009-05-12,GME,36467W109,840,GAMESTOP CORP (HLDG CO) CL A,6.665
2009-05-13,GME,36467W109,568,GAMESTOP CORP (HLDG CO) CL A,6.5625
2009-05-14,GME,36467W109,2696,GAMESTOP CORP (HLDG CO) CL A,6.415
2009-05-15,GME,36467W109,1276,GAMESTOP CORP (HLDG CO) CL A,6.4925
2009-05-18,GME,36467W109,1452,GAMESTOP CORP (HLDG CO) CL A,6.6175
2009-05-19,GME,36467W109,1320,GAMESTOP CORP (HLDG CO) CL A,6.57
2009-05-20,GME,36467W109,276,GAMESTOP CORP (HLDG CO) CL A,6.455
2009-05-21,GME,36467W109,3812,GAMESTOP CORP (HLDG CO) CL A,6.6175
2009-05-22,GME,36467W109,352,GAMESTOP CORP (HLDG CO) CL A,5.595
2009-05-26,GME,36467W109,3056,GAMESTOP CORP (HLDG CO) CL A,5.6375
2009-05-27,GME,36467W109,499020,GAMESTOP CORP (HLDG CO) CL A,5.84
2009-05-28,GME,36467W109,121308,GAMESTOP CORP (HLDG CO) CL A,5.5025
2009-05-29,GME,36467W109,19696,GAMESTOP CORP (HLDG CO) CL A,5.8825
2009-06-01,GME,36467W109,164,GAMESTOP CORP (HLDG CO) CL A,6.2375
2009-06-02,GME,36467W109,1016,GAMESTOP CORP (HLDG CO) CL A,6.45
2009-06-03,GME,36467W109,2060,GAMESTOP CORP (HLDG CO) CL A,6.08
2009-06-04,GME,36467W109,156,GAMESTOP CORP (HLDG CO) CL A,6.0425
2009-06-05,GME,36467W109,51252,GAMESTOP CORP (HLDG CO) CL A,6.1125
2009-06-08,GME,36467W109,128,GAMESTOP CORP (HLDG CO) CL A,5.9725
2009-06-11,GME,36467W109,6028,GAMESTOP CORP (HLDG CO) CL A,6.2375
2009-06-12,GME,36467W109,4380,GAMESTOP CORP (HLDG CO) CL A,6.1525
2009-06-15,GME,36467W109,2088,GAMESTOP CORP (HLDG CO) CL A,6.03
2009-06-16,GME,36467W109,2384,GAMESTOP CORP (HLDG CO) CL A,5.9175
2009-06-17,GME,36467W109,6196,GAMESTOP CORP (HLDG CO) CL A,5.7475
2009-06-18,GME,36467W109,44,GAMESTOP CORP (HLDG CO) CL A,5.81
2009-06-19,GME,36467W109,5820,GAMESTOP CORP (HLDG CO) CL A,5.7
2009-06-22,GME,36467W109,4968,GAMESTOP CORP (HLDG CO) CL A,5.7375
2009-06-23,GME,36467W109,9580,GAMESTOP CORP (HLDG CO) CL A,5.49
2009-06-24,GME,36467W109,496,GAMESTOP CORP (HLDG CO) CL A,5.465
2009-06-25,GME,36467W109,2872,GAMESTOP CORP (HLDG CO) CL A,5.4575
2009-06-26,GME,36467W109,10008,GAMESTOP CORP (HLDG CO) CL A,5.5525
2009-06-29,GME,36467W109,652,GAMESTOP CORP (HLDG CO) CL A,5.5425
2009-06-30,GME,36467W109,5852,GAMESTOP CORP (HLDG CO) CL A,5.5425
2009-07-02,GME,36467W109,268,GAMESTOP CORP (HLDG CO) CL A,5.615
2009-07-06,GME,36467W109,728,GAMESTOP CORP (HLDG CO) CL A,5.2675
2009-07-07,GME,36467W109,344,GAMESTOP CORP (HLDG CO) CL A,5.26
2009-07-08,GME,36467W109,424,GAMESTOP CORP (HLDG CO) CL A,5.115
2009-07-09,GME,36467W109,2896,GAMESTOP CORP (HLDG CO) CL A,5.235
2009-07-10,GME,36467W109,1028,GAMESTOP CORP (HLDG CO) CL A,5.1725
2009-07-15,GME,36467W109,248,GAMESTOP CORP (HLDG CO) CL A,5.4075
2009-07-16,GME,36467W109,140,GAMESTOP CORP (HLDG CO) CL A,5.41
2009-07-17,GME,36467W109,10252,GAMESTOP CORP (HLDG CO) CL A,5.5375
2009-07-20,GME,36467W109,7088,GAMESTOP CORP (HLDG CO) CL A,5.49
2009-07-21,GME,36467W109,14088,GAMESTOP CORP (HLDG CO) CL A,5.585
2009-07-22,GME,36467W109,473156,GAMESTOP CORP (HLDG CO) CL A,5.73
2009-07-23,GME,36467W109,904,GAMESTOP CORP (HLDG CO) CL A,5.905
2009-07-24,GME,36467W109,620,GAMESTOP CORP (HLDG CO) CL A,5.975
2009-07-27,GME,36467W109,2372,GAMESTOP CORP (HLDG CO) CL A,6.0375
2009-07-28,GME,36467W109,50224,GAMESTOP CORP (HLDG CO) CL A,5.8825
2009-07-29,GME,36467W109,304,GAMESTOP CORP (HLDG CO) CL A,5.70
2009-07-31,GME,36467W109,4744,GAMESTOP CORP (HLDG CO) CL A,5.37
2009-08-03,GME,36467W109,1148,GAMESTOP CORP (HLDG CO) CL A,5.4725
2009-08-04,GME,36467W109,177572,GAMESTOP CORP (HLDG CO) CL A,5.715
2009-08-05,GME,36467W109,3736,GAMESTOP CORP (HLDG CO) CL A,6.105
2009-08-06,GME,36467W109,19244,GAMESTOP CORP (HLDG CO) CL A,6.0375
2009-08-07,GME,36467W109,1290836,GAMESTOP CORP (HLDG CO) CL A,6.13
2009-08-10,GME,36467W109,66600,GAMESTOP CORP (HLDG CO) CL A,6.29
2009-08-11,GME,36467W109,680,GAMESTOP CORP (HLDG CO) CL A,6.04
2009-08-12,GME,36467W109,3200,GAMESTOP CORP (HLDG CO) CL A,6.175
2009-08-14,GME,36467W109,178172,GAMESTOP CORP (HLDG CO) CL A,6.5825
2009-08-17,GME,36467W109,756,GAMESTOP CORP (HLDG CO) CL A,6.61
2009-08-18,GME,36467W109,400,GAMESTOP CORP (HLDG CO) CL A,6.2725
2009-08-19,GME,36467W109,400,GAMESTOP CORP (HLDG CO) CL A,6.135
2009-08-20,GME,36467W109,1620,GAMESTOP CORP (HLDG CO) CL A,6.295
2009-08-21,GME,36467W109,76376,GAMESTOP CORP (HLDG CO) CL A,5.8525
2009-08-24,GME,36467W109,188,GAMESTOP CORP (HLDG CO) CL A,5.7825
2009-08-25,GME,36467W109,84632,GAMESTOP CORP (HLDG CO) CL A,5.64
2009-08-26,GME,36467W109,548408,GAMESTOP CORP (HLDG CO) CL A,5.6075
2009-08-27,GME,36467W109,222700,GAMESTOP CORP (HLDG CO) CL A,5.64
2009-08-28,GME,36467W109,7912,GAMESTOP CORP (HLDG CO) CL A,5.755
2009-08-31,GME,36467W109,1284,GAMESTOP CORP (HLDG CO) CL A,5.8675
2009-09-02,GME,36467W109,3820,GAMESTOP CORP (HLDG CO) CL A,5.83
2009-09-03,GME,36467W109,456,GAMESTOP CORP (HLDG CO) CL A,5.865
2009-09-04,GME,36467W109,380,GAMESTOP CORP (HLDG CO) CL A,5.9875
2009-09-08,GME,36467W109,1512,GAMESTOP CORP (HLDG CO) CL A,6.015
2009-09-09,GME,36467W109,6668,GAMESTOP CORP (HLDG CO) CL A,6.2325
2009-09-11,GME,36467W109,1796,GAMESTOP CORP (HLDG CO) CL A,6.255
2009-09-14,GME,36467W109,10024,GAMESTOP CORP (HLDG CO) CL A,6.175
2009-09-15,GME,36467W109,2464,GAMESTOP CORP (HLDG CO) CL A,6.3975
2009-09-16,GME,36467W109,440,GAMESTOP CORP (HLDG CO) CL A,6.335
2009-09-17,GME,36467W109,3688,GAMESTOP CORP (HLDG CO) CL A,6.455
2009-09-18,GME,36467W109,15384,GAMESTOP CORP (HLDG CO) CL A,6.45
2009-09-22,GME,36467W109,2172,GAMESTOP CORP (HLDG CO) CL A,6.57
2009-09-23,GME,36467W109,120,GAMESTOP CORP (HLDG CO) CL A,6.56
2009-09-24,GME,36467W109,5000,GAMESTOP CORP (HLDG CO) CL A,6.665
2009-09-25,GME,36467W109,424,GAMESTOP CORP (HLDG CO) CL A,6.5575
2009-09-28,GME,36467W109,100,GAMESTOP CORP (HLDG CO) CL A,6.51
2009-09-29,GME,36467W109,131200,GAMESTOP CORP (HLDG CO) CL A,6.5525
2009-10-05,GME,36467W109,544,GAMESTOP CORP (HLDG CO) CL A,6.42
2009-10-13,GME,36467W109,3768,GAMESTOP CORP (HLDG CO) CL A,6.715
2009-10-14,GME,36467W109,5452,GAMESTOP CORP (HLDG CO) CL A,6.835
2009-10-16,GME,36467W109,1616,GAMESTOP CORP (HLDG CO) CL A,6.96
2009-10-20,GME,36467W109,4044,GAMESTOP CORP (HLDG CO) CL A,7.04
2009-10-21,GME,36467W109,2024,GAMESTOP CORP (HLDG CO) CL A,6.4125
2009-10-22,GME,36467W109,2020,GAMESTOP CORP (HLDG CO) CL A,6.335
2009-10-23,GME,36467W109,3364,GAMESTOP CORP (HLDG CO) CL A,6.31
2009-10-26,GME,36467W109,125904,GAMESTOP CORP (HLDG CO) CL A,6.1925
2009-10-27,GME,36467W109,140,GAMESTOP CORP (HLDG CO) CL A,6.02
2009-10-28,GME,36467W109,2048,GAMESTOP CORP (HLDG CO) CL A,6.15
2009-10-30,GME,36467W109,3404,GAMESTOP CORP (HLDG CO) CL A,6.1375
2009-11-02,GME,36467W109,1836,GAMESTOP CORP (HLDG CO) CL A,6.0725
2009-11-03,GME,36467W109,200,GAMESTOP CORP (HLDG CO) CL A,6.0475
2009-11-04,GME,36467W109,5228,GAMESTOP CORP (HLDG CO) CL A,5.995
2009-11-05,GME,36467W109,788,GAMESTOP CORP (HLDG CO) CL A,5.935
2009-11-06,GME,36467W109,93968,GAMESTOP CORP (HLDG CO) CL A,6.0475
2009-11-09,GME,36467W109,2480,GAMESTOP CORP (HLDG CO) CL A,6.1575
2009-11-10,GME,36467W109,1068,GAMESTOP CORP (HLDG CO) CL A,6.375
2009-11-12,GME,36467W109,812,GAMESTOP CORP (HLDG CO) CL A,6.1075
2009-11-13,GME,36467W109,174684,GAMESTOP CORP (HLDG CO) CL A,6.155
2009-11-16,GME,36467W109,464832,GAMESTOP CORP (HLDG CO) CL A,5.9225
2009-11-17,GME,36467W109,69688,GAMESTOP CORP (HLDG CO) CL A,6.10
2009-11-18,GME,36467W109,7000,GAMESTOP CORP (HLDG CO) CL A,5.9925
2009-11-19,GME,36467W109,3152,GAMESTOP CORP (HLDG CO) CL A,6.0225
2009-11-20,GME,36467W109,1068,GAMESTOP CORP (HLDG CO) CL A,6.125
2009-11-23,GME,36467W109,80,GAMESTOP CORP (HLDG CO) CL A,6.3725
2009-11-24,GME,36467W109,1344,GAMESTOP CORP (HLDG CO) CL A,6.415
2009-11-30,GME,36467W109,38092,GAMESTOP CORP (HLDG CO) CL A,6.33
2009-12-01,GME,36467W109,6648,GAMESTOP CORP (HLDG CO) CL A,6.1025
2009-12-02,GME,36467W109,51832,GAMESTOP CORP (HLDG CO) CL A,5.96
2009-12-03,GME,36467W109,6196,GAMESTOP CORP (HLDG CO) CL A,5.4675
2009-12-04,GME,36467W109,38128,GAMESTOP CORP (HLDG CO) CL A,5.3375
2009-12-07,GME,36467W109,3596,GAMESTOP CORP (HLDG CO) CL A,5.3325
2009-12-09,GME,36467W109,604,GAMESTOP CORP (HLDG CO) CL A,5.3375
2009-12-10,GME,36467W109,25268,GAMESTOP CORP (HLDG CO) CL A,5.205
2009-12-11,GME,36467W109,5304,GAMESTOP CORP (HLDG CO) CL A,5.295
2009-12-15,GME,36467W109,6524,GAMESTOP CORP (HLDG CO) CL A,5.57
2009-12-16,GME,36467W109,300756,GAMESTOP CORP (HLDG CO) CL A,5.5775
2009-12-17,GME,36467W109,167332,GAMESTOP CORP (HLDG CO) CL A,5.61
2009-12-18,GME,36467W109,42280,GAMESTOP CORP (HLDG CO) CL A,5.6625
2009-12-22,GME,36467W109,4988,GAMESTOP CORP (HLDG CO) CL A,5.655
2009-12-23,GME,36467W109,18104,GAMESTOP CORP (HLDG CO) CL A,5.555
2009-12-24,GME,36467W109,326420,GAMESTOP CORP (HLDG CO) CL A,5.5025
2009-12-29,GME,36467W109,5820,GAMESTOP CORP (HLDG CO) CL A,5.56
2009-12-30,GME,36467W109,456,GAMESTOP CORP (HLDG CO) CL A,5.5425
2009-12-31,GME,36467W109,1692,GAMESTOP CORP (HLDG CO) CL A,5.5425
2010-01-04,GME,36467W109,2000,GAMESTOP CORP (HLDG CO) CL A,5.485
2010-01-05,GME,36467W109,728,GAMESTOP CORP (HLDG CO) CL A,5.725
2010-01-06,GME,36467W109,24292,GAMESTOP CORP (HLDG CO) CL A,5.88
2010-01-07,GME,36467W109,30448,GAMESTOP CORP (HLDG CO) CL A,6.0075
2010-01-08,GME,36467W109,1200,GAMESTOP CORP (HLDG CO) CL A,5.115
2010-01-11,GME,36467W109,386436,GAMESTOP CORP (HLDG CO) CL A,5.0725
2010-01-12,GME,36467W109,367568,GAMESTOP CORP (HLDG CO) CL A,5.08
2010-01-13,GME,36467W109,835520,GAMESTOP CORP (HLDG CO) CL A,5.1925
2010-01-14,GME,36467W109,225424,GAMESTOP CORP (HLDG CO) CL A,5.1975
2010-01-15,GME,36467W109,12100,GAMESTOP CORP (HLDG CO) CL A,5.125
2010-01-19,GME,36467W109,3496,GAMESTOP CORP (HLDG CO) CL A,5.125
2010-01-20,GME,36467W109,484,GAMESTOP CORP (HLDG CO) CL A,5.2025
2010-01-21,GME,36467W109,175188,GAMESTOP CORP (HLDG CO) CL A,5.1275
2010-01-22,GME,36467W109,27724,GAMESTOP CORP (HLDG CO) CL A,5.105
2010-01-26,GME,36467W109,1920,GAMESTOP CORP (HLDG CO) CL A,4.9825
2010-01-27,GME,36467W109,4048,GAMESTOP CORP (HLDG CO) CL A,4.91
2010-01-28,GME,36467W109,68048,GAMESTOP CORP (HLDG CO) CL A,4.985
2010-01-29,GME,36467W109,659492,GAMESTOP CORP (HLDG CO) CL A,4.965
2010-02-01,GME,36467W109,468,GAMESTOP CORP (HLDG CO) CL A,4.9425
2010-02-02,GME,36467W109,18356,GAMESTOP CORP (HLDG CO) CL A,4.9825
2010-02-03,GME,36467W109,23116,GAMESTOP CORP (HLDG CO) CL A,5.0575
2010-02-04,GME,36467W109,896,GAMESTOP CORP (HLDG CO) CL A,5.1275
2010-02-05,GME,36467W109,760,GAMESTOP CORP (HLDG CO) CL A,5.025
2010-02-08,GME,36467W109,720,GAMESTOP CORP (HLDG CO) CL A,5.0375
2010-02-09,GME,36467W109,105596,GAMESTOP CORP (HLDG CO) CL A,4.9225
2010-02-10,GME,36467W109,4204,GAMESTOP CORP (HLDG CO) CL A,4.705
2010-02-11,GME,36467W109,11244,GAMESTOP CORP (HLDG CO) CL A,4.7925
2010-02-12,GME,36467W109,426716,GAMESTOP CORP (HLDG CO) CL A,4.84
2010-02-16,GME,36467W109,75620,GAMESTOP CORP (HLDG CO) CL A,4.7925
2010-02-17,GME,36467W109,137796,GAMESTOP CORP (HLDG CO) CL A,4.7475
2010-02-18,GME,36467W109,71756,GAMESTOP CORP (HLDG CO) CL A,4.82
2010-02-19,GME,36467W109,69408,GAMESTOP CORP (HLDG CO) CL A,4.855
2010-02-22,GME,36467W109,98684,GAMESTOP CORP (HLDG CO) CL A,4.8275
2010-02-23,GME,36467W109,62364,GAMESTOP CORP (HLDG CO) CL A,4.77
2010-02-24,GME,36467W109,492340,GAMESTOP CORP (HLDG CO) CL A,4.7175
2010-02-25,GME,36467W109,515008,GAMESTOP CORP (HLDG CO) CL A,4.715
2010-02-26,GME,36467W109,3416,GAMESTOP CORP (HLDG CO) CL A,4.3775
2010-03-01,GME,36467W109,928,GAMESTOP CORP (HLDG CO) CL A,4.30
2010-03-02,GME,36467W109,1028,GAMESTOP CORP (HLDG CO) CL A,4.3725
2010-03-03,GME,36467W109,9200,GAMESTOP CORP (HLDG CO) CL A,4.3725
2010-03-04,GME,36467W109,14268,GAMESTOP CORP (HLDG CO) CL A,4.4625
2010-03-05,GME,36467W109,17328,GAMESTOP CORP (HLDG CO) CL A,4.4475
2010-03-08,GME,36467W109,9200,GAMESTOP CORP (HLDG CO) CL A,4.52
2010-03-09,GME,36467W109,235436,GAMESTOP CORP (HLDG CO) CL A,4.6175
2010-03-10,GME,36467W109,9200,GAMESTOP CORP (HLDG CO) CL A,4.515
2010-03-11,GME,36467W109,23796,GAMESTOP CORP (HLDG CO) CL A,4.57
2010-03-12,GME,36467W109,760,GAMESTOP CORP (HLDG CO) CL A,4.8375
2010-03-15,GME,36467W109,12680,GAMESTOP CORP (HLDG CO) CL A,4.8025
2010-03-16,GME,36467W109,3524,GAMESTOP CORP (HLDG CO) CL A,4.85
2010-03-17,GME,36467W109,6304,GAMESTOP CORP (HLDG CO) CL A,4.8525
2010-03-18,GME,36467W109,3128,GAMESTOP CORP (HLDG CO) CL A,4.965
2010-03-19,GME,36467W109,85272,GAMESTOP CORP (HLDG CO) CL A,5.29
2010-03-22,GME,36467W109,94508,GAMESTOP CORP (HLDG CO) CL A,5.2775
2010-03-23,GME,36467W109,21076,GAMESTOP CORP (HLDG CO) CL A,5.40
2010-03-24,GME,36467W109,146144,GAMESTOP CORP (HLDG CO) CL A,5.55
2010-03-25,GME,36467W109,19816,GAMESTOP CORP (HLDG CO) CL A,5.4275
2010-03-26,GME,36467W109,9844,GAMESTOP CORP (HLDG CO) CL A,5.445
2010-03-29,GME,36467W109,18316,GAMESTOP CORP (HLDG CO) CL A,5.50
2010-03-30,GME,36467W109,5780,GAMESTOP CORP (HLDG CO) CL A,5.4425
2010-03-31,GME,36467W109,297416,GAMESTOP CORP (HLDG CO) CL A,5.455
2010-04-01,GME,36467W109,22380,GAMESTOP CORP (HLDG CO) CL A,5.4775
2010-04-05,GME,36467W109,11324,GAMESTOP CORP (HLDG CO) CL A,5.60
2010-04-07,GME,36467W109,516,GAMESTOP CORP (HLDG CO) CL A,5.6275
2010-04-09,GME,36467W109,8972,GAMESTOP CORP (HLDG CO) CL A,5.78
2010-04-12,GME,36467W109,2748,GAMESTOP CORP (HLDG CO) CL A,5.825
2010-04-13,GME,36467W109,752,GAMESTOP CORP (HLDG CO) CL A,5.8675
2010-04-14,GME,36467W109,215456,GAMESTOP CORP (HLDG CO) CL A,5.915
2010-04-15,GME,36467W109,11664,GAMESTOP CORP (HLDG CO) CL A,5.9875
2010-04-16,GME,36467W109,49320,GAMESTOP CORP (HLDG CO) CL A,6.105
2010-04-19,GME,36467W109,155096,GAMESTOP CORP (HLDG CO) CL A,6.2025
2010-04-20,GME,36467W109,79960,GAMESTOP CORP (HLDG CO) CL A,6.325
2010-04-21,GME,36467W109,441600,GAMESTOP CORP (HLDG CO) CL A,6.35
2010-04-22,GME,36467W109,451648,GAMESTOP CORP (HLDG CO) CL A,6.285
2010-04-23,GME,36467W109,506128,GAMESTOP CORP (HLDG CO) CL A,6.2575
2010-04-26,GME,36467W109,1880,GAMESTOP CORP (HLDG CO) CL A,6.305
2010-04-27,GME,36467W109,6244,GAMESTOP CORP (HLDG CO) CL A,6.365
2010-04-28,GME,36467W109,480,GAMESTOP CORP (HLDG CO) CL A,6.135
2010-04-29,GME,36467W109,50184,GAMESTOP CORP (HLDG CO) CL A,6.18
2010-04-30,GME,36467W109,3972,GAMESTOP CORP (HLDG CO) CL A,6.2475
2010-05-03,GME,36467W109,1824,GAMESTOP CORP (HLDG CO) CL A,6.0775
2010-05-05,GME,36467W109,744,GAMESTOP CORP (HLDG CO) CL A,6.185
2010-05-06,GME,36467W109,67964,GAMESTOP CORP (HLDG CO) CL A,6.1275
2010-05-07,GME,36467W109,61704,GAMESTOP CORP (HLDG CO) CL A,5.795
2010-05-10,GME,36467W109,1572288,GAMESTOP CORP (HLDG CO) CL A,5.645
2010-05-11,GME,36467W109,101432,GAMESTOP CORP (HLDG CO) CL A,5.825
2010-05-12,GME,36467W109,40676,GAMESTOP CORP (HLDG CO) CL A,5.735
2010-05-13,GME,36467W109,41852,GAMESTOP CORP (HLDG CO) CL A,5.785
2010-05-14,GME,36467W109,33504,GAMESTOP CORP (HLDG CO) CL A,5.67
2010-05-17,GME,36467W109,111576,GAMESTOP CORP (HLDG CO) CL A,5.4625
2010-05-18,GME,36467W109,259324,GAMESTOP CORP (HLDG CO) CL A,5.5075
2010-05-19,GME,36467W109,2328,GAMESTOP CORP (HLDG CO) CL A,5.3525
2010-05-20,GME,36467W109,6948,GAMESTOP CORP (HLDG CO) CL A,5.3175
2010-05-21,GME,36467W109,16056,GAMESTOP CORP (HLDG CO) CL A,5.155
2010-05-24,GME,36467W109,27148,GAMESTOP CORP (HLDG CO) CL A,5.325
2010-05-25,GME,36467W109,505704,GAMESTOP CORP (HLDG CO) CL A,5.32
2010-05-26,GME,36467W109,1136,GAMESTOP CORP (HLDG CO) CL A,5.4775
2010-05-27,GME,36467W109,14356,GAMESTOP CORP (HLDG CO) CL A,5.415
2010-05-28,GME,36467W109,672,GAMESTOP CORP (HLDG CO) CL A,5.745
2010-06-01,GME,36467W109,15232,GAMESTOP CORP (HLDG CO) CL A,5.6975
2010-06-02,GME,36467W109,2048,GAMESTOP CORP (HLDG CO) CL A,5.465
2010-06-03,GME,36467W109,1236,GAMESTOP CORP (HLDG CO) CL A,5.5325
2010-06-04,GME,36467W109,9680,GAMESTOP CORP (HLDG CO) CL A,5.67
2010-06-07,GME,36467W109,60668,GAMESTOP CORP (HLDG CO) CL A,5.4425
2010-06-08,GME,36467W109,22828,GAMESTOP CORP (HLDG CO) CL A,5.285
2010-06-09,GME,36467W109,126700,GAMESTOP CORP (HLDG CO) CL A,5.2475
2010-06-10,GME,36467W109,2800,GAMESTOP CORP (HLDG CO) CL A,5.2475
2010-06-11,GME,36467W109,63560,GAMESTOP CORP (HLDG CO) CL A,5.3075
2010-06-14,GME,36467W109,22184,GAMESTOP CORP (HLDG CO) CL A,5.415
2010-06-15,GME,36467W109,4,GAMESTOP CORP (HLDG CO) CL A,5.47
2010-06-16,GME,36467W109,4576,GAMESTOP CORP (HLDG CO) CL A,5.1775
2010-06-17,GME,36467W109,1310584,GAMESTOP CORP (HLDG CO) CL A,4.91
2010-06-18,GME,36467W109,3336,GAMESTOP CORP (HLDG CO) CL A,4.84
2010-06-21,GME,36467W109,400,GAMESTOP CORP (HLDG CO) CL A,4.8025
2010-06-22,GME,36467W109,20256,GAMESTOP CORP (HLDG CO) CL A,4.715
2010-06-23,GME,36467W109,35860,GAMESTOP CORP (HLDG CO) CL A,4.7075
2010-06-24,GME,36467W109,17180,GAMESTOP CORP (HLDG CO) CL A,4.7225
2010-06-25,GME,36467W109,8420,GAMESTOP CORP (HLDG CO) CL A,4.5925
2010-06-28,GME,36467W109,1200,GAMESTOP CORP (HLDG CO) CL A,4.6275
2010-06-29,GME,36467W109,106524,GAMESTOP CORP (HLDG CO) CL A,4.6875
2010-06-30,GME,36467W109,6400,GAMESTOP CORP (HLDG CO) CL A,4.58
2010-07-01,GME,36467W109,43132,GAMESTOP CORP (HLDG CO) CL A,4.6975
2010-07-02,GME,36467W109,75556,GAMESTOP CORP (HLDG CO) CL A,4.7675
2010-07-06,GME,36467W109,51300,GAMESTOP CORP (HLDG CO) CL A,4.5675
2010-07-07,GME,36467W109,801616,GAMESTOP CORP (HLDG CO) CL A,4.60
2010-07-08,GME,36467W109,32324,GAMESTOP CORP (HLDG CO) CL A,4.6875
2010-07-09,GME,36467W109,248,GAMESTOP CORP (HLDG CO) CL A,4.7125
2010-07-12,GME,36467W109,15796,GAMESTOP CORP (HLDG CO) CL A,4.7575
2010-07-16,GME,36467W109,7920,GAMESTOP CORP (HLDG CO) CL A,4.88
2010-07-19,GME,36467W109,45380,GAMESTOP CORP (HLDG CO) CL A,4.7375
2010-07-20,GME,36467W109,45444,GAMESTOP CORP (HLDG CO) CL A,4.85
2010-07-21,GME,36467W109,23936,GAMESTOP CORP (HLDG CO) CL A,4.95
2010-07-22,GME,36467W109,36240,GAMESTOP CORP (HLDG CO) CL A,4.915
2010-07-23,GME,36467W109,52660,GAMESTOP CORP (HLDG CO) CL A,4.9975
2010-07-27,GME,36467W109,358720,GAMESTOP CORP (HLDG CO) CL A,5.2225
2010-07-28,GME,36467W109,1128,GAMESTOP CORP (HLDG CO) CL A,5.0725
2010-07-29,GME,36467W109,42708,GAMESTOP CORP (HLDG CO) CL A,5.0025
2010-07-30,GME,36467W109,53660,GAMESTOP CORP (HLDG CO) CL A,4.935
2010-08-02,GME,36467W109,28992,GAMESTOP CORP (HLDG CO) CL A,5.0125
2010-08-03,GME,36467W109,84676,GAMESTOP CORP (HLDG CO) CL A,5.2775
2010-08-04,GME,36467W109,38640,GAMESTOP CORP (HLDG CO) CL A,5.165
2010-08-05,GME,36467W109,11160,GAMESTOP CORP (HLDG CO) CL A,5.315
2010-08-06,GME,36467W109,107480,GAMESTOP CORP (HLDG CO) CL A,5.2825
2010-08-09,GME,36467W109,31160,GAMESTOP CORP (HLDG CO) CL A,5.2425
2010-08-11,GME,36467W109,333132,GAMESTOP CORP (HLDG CO) CL A,5.1325
2010-08-12,GME,36467W109,7180,GAMESTOP CORP (HLDG CO) CL A,4.965
2010-08-13,GME,36467W109,1412,GAMESTOP CORP (HLDG CO) CL A,4.9275
2010-08-16,GME,36467W109,2980,GAMESTOP CORP (HLDG CO) CL A,4.8925
2010-08-17,GME,36467W109,55800,GAMESTOP CORP (HLDG CO) CL A,4.9575
2010-08-18,GME,36467W109,37272,GAMESTOP CORP (HLDG CO) CL A,5.005
2010-08-19,GME,36467W109,19564,GAMESTOP CORP (HLDG CO) CL A,5.18
2010-08-20,GME,36467W109,196704,GAMESTOP CORP (HLDG CO) CL A,4.765
2010-08-23,GME,36467W109,157572,GAMESTOP CORP (HLDG CO) CL A,4.7025
2010-08-24,GME,36467W109,231684,GAMESTOP CORP (HLDG CO) CL A,4.605
2010-08-25,GME,36467W109,1176,GAMESTOP CORP (HLDG CO) CL A,4.585
2010-08-26,GME,36467W109,1433416,GAMESTOP CORP (HLDG CO) CL A,4.605
2010-08-27,GME,36467W109,287188,GAMESTOP CORP (HLDG CO) CL A,4.585
2010-08-30,GME,36467W109,3624,GAMESTOP CORP (HLDG CO) CL A,4.5825
2010-08-31,GME,36467W109,133376,GAMESTOP CORP (HLDG CO) CL A,4.4675
2010-09-01,GME,36467W109,26688,GAMESTOP CORP (HLDG CO) CL A,4.4825
2010-09-02,GME,36467W109,50048,GAMESTOP CORP (HLDG CO) CL A,4.57
2010-09-03,GME,36467W109,46268,GAMESTOP CORP (HLDG CO) CL A,4.625
2010-09-08,GME,36467W109,38948,GAMESTOP CORP (HLDG CO) CL A,4.6875
2010-09-09,GME,36467W109,1684,GAMESTOP CORP (HLDG CO) CL A,4.6425
2010-09-14,GME,36467W109,5460,GAMESTOP CORP (HLDG CO) CL A,4.6625
2010-09-15,GME,36467W109,16532,GAMESTOP CORP (HLDG CO) CL A,4.6525
2010-09-16,GME,36467W109,81592,GAMESTOP CORP (HLDG CO) CL A,4.6475
2010-09-17,GME,36467W109,940500,GAMESTOP CORP (HLDG CO) CL A,4.85
2010-09-20,GME,36467W109,39428,GAMESTOP CORP (HLDG CO) CL A,4.845
2010-09-21,GME,36467W109,4648,GAMESTOP CORP (HLDG CO) CL A,4.89
2010-09-22,GME,36467W109,4628,GAMESTOP CORP (HLDG CO) CL A,4.87
2010-09-23,GME,36467W109,9944,GAMESTOP CORP (HLDG CO) CL A,4.875
2010-09-24,GME,36467W109,12408,GAMESTOP CORP (HLDG CO) CL A,4.885
2010-09-27,GME,36467W109,6804,GAMESTOP CORP (HLDG CO) CL A,4.98
2010-09-28,GME,36467W109,2296,GAMESTOP CORP (HLDG CO) CL A,4.955
2010-10-01,GME,36467W109,8404,GAMESTOP CORP (HLDG CO) CL A,4.9275
2010-10-04,GME,36467W109,716,GAMESTOP CORP (HLDG CO) CL A,5.00
2010-10-05,GME,36467W109,96580,GAMESTOP CORP (HLDG CO) CL A,4.9725
2010-10-06,GME,36467W109,53456,GAMESTOP CORP (HLDG CO) CL A,5.06
2010-10-07,GME,36467W109,24780,GAMESTOP CORP (HLDG CO) CL A,5.0525
2010-10-08,GME,36467W109,18184,GAMESTOP CORP (HLDG CO) CL A,4.98
2010-10-13,GME,36467W109,32436,GAMESTOP CORP (HLDG CO) CL A,4.95
2010-10-14,GME,36467W109,13908,GAMESTOP CORP (HLDG CO) CL A,4.8125
2010-10-15,GME,36467W109,3256,GAMESTOP CORP (HLDG CO) CL A,4.705
2010-10-18,GME,36467W109,56328,GAMESTOP CORP (HLDG CO) CL A,4.58
2010-10-19,GME,36467W109,5304,GAMESTOP CORP (HLDG CO) CL A,4.5675
2010-10-20,GME,36467W109,91704,GAMESTOP CORP (HLDG CO) CL A,4.605
2010-10-21,GME,36467W109,8348,GAMESTOP CORP (HLDG CO) CL A,4.74
2010-10-22,GME,36467W109,4652,GAMESTOP CORP (HLDG CO) CL A,4.76
2010-10-26,GME,36467W109,84196,GAMESTOP CORP (HLDG CO) CL A,4.8075
2010-10-27,GME,36467W109,10268,GAMESTOP CORP (HLDG CO) CL A,4.85
2010-10-28,GME,36467W109,3720,GAMESTOP CORP (HLDG CO) CL A,4.845
2010-10-29,GME,36467W109,9128,GAMESTOP CORP (HLDG CO) CL A,4.8525
2010-11-01,GME,36467W109,4652,GAMESTOP CORP (HLDG CO) CL A,4.915
2010-11-02,GME,36467W109,17776,GAMESTOP CORP (HLDG CO) CL A,4.8275
2010-11-03,GME,36467W109,38920,GAMESTOP CORP (HLDG CO) CL A,4.895
2010-11-04,GME,36467W109,2640,GAMESTOP CORP (HLDG CO) CL A,4.8875
2010-11-08,GME,36467W109,656,GAMESTOP CORP (HLDG CO) CL A,4.9975
2010-11-09,GME,36467W109,5644,GAMESTOP CORP (HLDG CO) CL A,5.1325
2010-11-10,GME,36467W109,13388,GAMESTOP CORP (HLDG CO) CL A,5.0475
2010-11-12,GME,36467W109,2092,GAMESTOP CORP (HLDG CO) CL A,5.275
2010-11-15,GME,36467W109,1280,GAMESTOP CORP (HLDG CO) CL A,5.2075
2010-11-16,GME,36467W109,83688,GAMESTOP CORP (HLDG CO) CL A,5.18
2010-11-17,GME,36467W109,61104,GAMESTOP CORP (HLDG CO) CL A,5.2125
2010-11-18,GME,36467W109,26068,GAMESTOP CORP (HLDG CO) CL A,5.25
2010-11-19,GME,36467W109,67084,GAMESTOP CORP (HLDG CO) CL A,5.10
2010-11-22,GME,36467W109,5440,GAMESTOP CORP (HLDG CO) CL A,5.03
2010-11-23,GME,36467W109,11164,GAMESTOP CORP (HLDG CO) CL A,5.095
2010-11-29,GME,36467W109,2504,GAMESTOP CORP (HLDG CO) CL A,5.125
2010-11-30,GME,36467W109,41680,GAMESTOP CORP (HLDG CO) CL A,5.03
2010-12-01,GME,36467W109,216,GAMESTOP CORP (HLDG CO) CL A,4.98
2010-12-03,GME,36467W109,586384,GAMESTOP CORP (HLDG CO) CL A,5.2875
2010-12-07,GME,36467W109,28396,GAMESTOP CORP (HLDG CO) CL A,5.3125
2010-12-08,GME,36467W109,972,GAMESTOP CORP (HLDG CO) CL A,5.36
2010-12-10,GME,36467W109,17036,GAMESTOP CORP (HLDG CO) CL A,5.41
2010-12-13,GME,36467W109,23356,GAMESTOP CORP (HLDG CO) CL A,5.56
2010-12-14,GME,36467W109,200,GAMESTOP CORP (HLDG CO) CL A,5.48
2010-12-16,GME,36467W109,25444,GAMESTOP CORP (HLDG CO) CL A,5.39
2010-12-17,GME,36467W109,48,GAMESTOP CORP (HLDG CO) CL A,5.4275
2010-12-21,GME,36467W109,26256,GAMESTOP CORP (HLDG CO) CL A,5.315
2010-12-22,GME,36467W109,37028,GAMESTOP CORP (HLDG CO) CL A,5.41
2010-12-23,GME,36467W109,4700,GAMESTOP CORP (HLDG CO) CL A,5.425
2010-12-28,GME,36467W109,19232,GAMESTOP CORP (HLDG CO) CL A,5.5625
2010-12-29,GME,36467W109,112,GAMESTOP CORP (HLDG CO) CL A,5.63
2010-12-30,GME,36467W109,1176,GAMESTOP CORP (HLDG CO) CL A,5.6275
2010-12-31,GME,36467W109,71516,GAMESTOP CORP (HLDG CO) CL A,5.7375
2011-01-03,GME,36467W109,16180,GAMESTOP CORP (HLDG CO) CL A,5.72
2011-01-04,GME,36467W109,2844,GAMESTOP CORP (HLDG CO) CL A,5.7275
2011-01-07,GME,36467W109,336,GAMESTOP CORP (HLDG CO) CL A,5.1575
2011-01-10,GME,36467W109,1504992,GAMESTOP CORP (HLDG CO) CL A,5.1925
2011-01-11,GME,36467W109,7396,GAMESTOP CORP (HLDG CO) CL A,5.175
2011-01-12,GME,36467W109,13916,GAMESTOP CORP (HLDG CO) CL A,5.0475
2011-01-13,GME,36467W109,4080,GAMESTOP CORP (HLDG CO) CL A,5.1675
2011-01-14,GME,36467W109,30996,GAMESTOP CORP (HLDG CO) CL A,5.15
2011-01-18,GME,36467W109,35132,GAMESTOP CORP (HLDG CO) CL A,5.0925
2011-01-20,GME,36467W109,1864,GAMESTOP CORP (HLDG CO) CL A,5.115
2011-01-21,GME,36467W109,13732,GAMESTOP CORP (HLDG CO) CL A,5.2525
2011-01-24,GME,36467W109,70332,GAMESTOP CORP (HLDG CO) CL A,5.225
2011-01-26,GME,36467W109,37236,GAMESTOP CORP (HLDG CO) CL A,5.265
2011-01-27,GME,36467W109,51664,GAMESTOP CORP (HLDG CO) CL A,5.26
2011-01-28,GME,36467W109,10696,GAMESTOP CORP (HLDG CO) CL A,5.2675
2011-01-31,GME,36467W109,10976,GAMESTOP CORP (HLDG CO) CL A,5.245
2011-02-01,GME,36467W109,10996,GAMESTOP CORP (HLDG CO) CL A,5.2675
2011-02-02,GME,36467W109,10800,GAMESTOP CORP (HLDG CO) CL A,5.1375
2011-02-03,GME,36467W109,23312,GAMESTOP CORP (HLDG CO) CL A,4.955
2011-02-04,GME,36467W109,320,GAMESTOP CORP (HLDG CO) CL A,4.875
2011-02-07,GME,36467W109,44128,GAMESTOP CORP (HLDG CO) CL A,5.0125
2011-02-08,GME,36467W109,10128,GAMESTOP CORP (HLDG CO) CL A,5.035
2011-02-09,GME,36467W109,412,GAMESTOP CORP (HLDG CO) CL A,5.005
2011-02-15,GME,36467W109,4744,GAMESTOP CORP (HLDG CO) CL A,4.9675
2011-02-16,GME,36467W109,984,GAMESTOP CORP (HLDG CO) CL A,5.01
2011-02-17,GME,36467W109,5248,GAMESTOP CORP (HLDG CO) CL A,5.0675
2011-02-22,GME,36467W109,25756,GAMESTOP CORP (HLDG CO) CL A,4.9875
2011-02-23,GME,36467W109,512,GAMESTOP CORP (HLDG CO) CL A,4.92
2011-02-25,GME,36467W109,904,GAMESTOP CORP (HLDG CO) CL A,4.8775
2011-02-28,GME,36467W109,56396,GAMESTOP CORP (HLDG CO) CL A,4.9625
2011-03-02,GME,36467W109,1448,GAMESTOP CORP (HLDG CO) CL A,4.93
2011-03-04,GME,36467W109,7712,GAMESTOP CORP (HLDG CO) CL A,5.0325
2011-03-07,GME,36467W109,44592,GAMESTOP CORP (HLDG CO) CL A,5.0125
2011-03-08,GME,36467W109,67400,GAMESTOP CORP (HLDG CO) CL A,4.9275
2011-03-09,GME,36467W109,24428,GAMESTOP CORP (HLDG CO) CL A,4.955
2011-03-10,GME,36467W109,362780,GAMESTOP CORP (HLDG CO) CL A,4.94
2011-03-11,GME,36467W109,94552,GAMESTOP CORP (HLDG CO) CL A,4.895
2011-03-14,GME,36467W109,40820,GAMESTOP CORP (HLDG CO) CL A,4.9425
2011-03-15,GME,36467W109,311452,GAMESTOP CORP (HLDG CO) CL A,4.955
2011-03-16,GME,36467W109,124740,GAMESTOP CORP (HLDG CO) CL A,5.1325
2011-03-17,GME,36467W109,10400,GAMESTOP CORP (HLDG CO) CL A,5.135
2011-03-18,GME,36467W109,60524,GAMESTOP CORP (HLDG CO) CL A,5.245
2011-03-21,GME,36467W109,63892,GAMESTOP CORP (HLDG CO) CL A,5.24
2011-03-22,GME,36467W109,98772,GAMESTOP CORP (HLDG CO) CL A,5.2975
2011-03-23,GME,36467W109,202204,GAMESTOP CORP (HLDG CO) CL A,5.255
2011-03-24,GME,36467W109,81432,GAMESTOP CORP (HLDG CO) CL A,5.2775
2011-03-25,GME,36467W109,36516,GAMESTOP CORP (HLDG CO) CL A,5.4325
2011-03-28,GME,36467W109,15608,GAMESTOP CORP (HLDG CO) CL A,5.43
2011-03-29,GME,36467W109,2928,GAMESTOP CORP (HLDG CO) CL A,5.4925
2011-03-30,GME,36467W109,51920,GAMESTOP CORP (HLDG CO) CL A,5.58
2011-03-31,GME,36467W109,39164,GAMESTOP CORP (HLDG CO) CL A,5.6575
2011-04-01,GME,36467W109,26364,GAMESTOP CORP (HLDG CO) CL A,5.63
2011-04-06,GME,36467W109,22420,GAMESTOP CORP (HLDG CO) CL A,5.895
2011-04-07,GME,36467W109,299992,GAMESTOP CORP (HLDG CO) CL A,5.975
2011-04-08,GME,36467W109,399832,GAMESTOP CORP (HLDG CO) CL A,6.0075
2011-04-11,GME,36467W109,113564,GAMESTOP CORP (HLDG CO) CL A,5.9525
2011-04-12,GME,36467W109,4468,GAMESTOP CORP (HLDG CO) CL A,5.9375
2011-04-14,GME,36467W109,15576,GAMESTOP CORP (HLDG CO) CL A,6.34
2011-04-15,GME,36467W109,158164,GAMESTOP CORP (HLDG CO) CL A,6.3525
2011-04-18,GME,36467W109,925224,GAMESTOP CORP (HLDG CO) CL A,6.60
2011-04-19,GME,36467W109,956384,GAMESTOP CORP (HLDG CO) CL A,6.535
2011-04-20,GME,36467W109,276768,GAMESTOP CORP (HLDG CO) CL A,6.64
2011-04-21,GME,36467W109,360112,GAMESTOP CORP (HLDG CO) CL A,6.5875
2011-04-25,GME,36467W109,550836,GAMESTOP CORP (HLDG CO) CL A,6.635
2011-04-26,GME,36467W109,10716,GAMESTOP CORP (HLDG CO) CL A,6.6225
2011-04-27,GME,36467W109,704976,GAMESTOP CORP (HLDG CO) CL A,6.5725
2011-04-28,GME,36467W109,2320,GAMESTOP CORP (HLDG CO) CL A,6.555
2011-04-29,GME,36467W109,300,GAMESTOP CORP (HLDG CO) CL A,6.5425
2011-05-02,GME,36467W109,9144,GAMESTOP CORP (HLDG CO) CL A,6.42
2011-05-04,GME,36467W109,5600,GAMESTOP CORP (HLDG CO) CL A,6.465
2011-05-05,GME,36467W109,7244,GAMESTOP CORP (HLDG CO) CL A,6.42
2011-05-06,GME,36467W109,293692,GAMESTOP CORP (HLDG CO) CL A,6.4675
2011-05-10,GME,36467W109,13760,GAMESTOP CORP (HLDG CO) CL A,6.37
2011-05-11,GME,36467W109,28748,GAMESTOP CORP (HLDG CO) CL A,6.445
2011-05-12,GME,36467W109,3568,GAMESTOP CORP (HLDG CO) CL A,6.45
2011-05-13,GME,36467W109,316,GAMESTOP CORP (HLDG CO) CL A,6.4825
2011-05-16,GME,36467W109,39708,GAMESTOP CORP (HLDG CO) CL A,6.68
2011-05-18,GME,36467W109,365888,GAMESTOP CORP (HLDG CO) CL A,6.5875
2011-05-19,GME,36467W109,1391608,GAMESTOP CORP (HLDG CO) CL A,6.67
2011-05-20,GME,36467W109,4004,GAMESTOP CORP (HLDG CO) CL A,6.83
2011-05-23,GME,36467W109,1200,GAMESTOP CORP (HLDG CO) CL A,6.97
2011-05-24,GME,36467W109,68496,GAMESTOP CORP (HLDG CO) CL A,6.915
2011-05-25,GME,36467W109,180032,GAMESTOP CORP (HLDG CO) CL A,6.905
2011-05-26,GME,36467W109,460144,GAMESTOP CORP (HLDG CO) CL A,6.9375
2011-05-27,GME,36467W109,38088,GAMESTOP CORP (HLDG CO) CL A,6.9375
2011-05-31,GME,36467W109,10916,GAMESTOP CORP (HLDG CO) CL A,7.0525
2011-06-01,GME,36467W109,8244,GAMESTOP CORP (HLDG CO) CL A,6.995
2011-06-02,GME,36467W109,27932,GAMESTOP CORP (HLDG CO) CL A,6.8675
2011-06-03,GME,36467W109,4056,GAMESTOP CORP (HLDG CO) CL A,6.815
2011-06-06,GME,36467W109,5556,GAMESTOP CORP (HLDG CO) CL A,6.6825
2011-06-07,GME,36467W109,436,GAMESTOP CORP (HLDG CO) CL A,6.6425
2011-06-08,GME,36467W109,13620,GAMESTOP CORP (HLDG CO) CL A,6.545
2011-06-09,GME,36467W109,46640,GAMESTOP CORP (HLDG CO) CL A,6.5675
2011-06-10,GME,36467W109,35704,GAMESTOP CORP (HLDG CO) CL A,6.625
2011-06-13,GME,36467W109,168620,GAMESTOP CORP (HLDG CO) CL A,6.565
2011-06-15,GME,36467W109,21388,GAMESTOP CORP (HLDG CO) CL A,6.6075
2011-06-16,GME,36467W109,4568,GAMESTOP CORP (HLDG CO) CL A,6.53
2011-06-17,GME,36467W109,1304,GAMESTOP CORP (HLDG CO) CL A,6.55
2011-06-20,GME,36467W109,131624,GAMESTOP CORP (HLDG CO) CL A,6.61
2011-06-21,GME,36467W109,60000,GAMESTOP CORP (HLDG CO) CL A,6.70
2011-06-22,GME,36467W109,32816,GAMESTOP CORP (HLDG CO) CL A,6.8775
2011-06-23,GME,36467W109,21800,GAMESTOP CORP (HLDG CO) CL A,6.635
2011-06-24,GME,36467W109,9000,GAMESTOP CORP (HLDG CO) CL A,6.565
2011-06-27,GME,36467W109,124936,GAMESTOP CORP (HLDG CO) CL A,6.53
2011-06-28,GME,36467W109,100960,GAMESTOP CORP (HLDG CO) CL A,6.4475
2011-06-29,GME,36467W109,67664,GAMESTOP CORP (HLDG CO) CL A,6.5875
2011-06-30,GME,36467W109,416560,GAMESTOP CORP (HLDG CO) CL A,6.4975
2011-07-01,GME,36467W109,1016,GAMESTOP CORP (HLDG CO) CL A,6.6675
2011-07-05,GME,36467W109,15600,GAMESTOP CORP (HLDG CO) CL A,6.7325
2011-07-06,GME,36467W109,356360,GAMESTOP CORP (HLDG CO) CL A,6.85
2011-07-07,GME,36467W109,41184,GAMESTOP CORP (HLDG CO) CL A,6.8275
2011-07-08,GME,36467W109,62180,GAMESTOP CORP (HLDG CO) CL A,6.805
2011-07-11,GME,36467W109,48920,GAMESTOP CORP (HLDG CO) CL A,6.7125
2011-07-12,GME,36467W109,958864,GAMESTOP CORP (HLDG CO) CL A,6.4875
2011-07-13,GME,36467W109,5884,GAMESTOP CORP (HLDG CO) CL A,6.2025
2011-07-14,GME,36467W109,28632,GAMESTOP CORP (HLDG CO) CL A,6.0575
2011-07-15,GME,36467W109,139360,GAMESTOP CORP (HLDG CO) CL A,5.9575
2011-07-20,GME,36467W109,3200,GAMESTOP CORP (HLDG CO) CL A,5.9275
2011-07-21,GME,36467W109,1856,GAMESTOP CORP (HLDG CO) CL A,5.82
2011-07-22,GME,36467W109,5124,GAMESTOP CORP (HLDG CO) CL A,5.83
2011-07-25,GME,36467W109,48340,GAMESTOP CORP (HLDG CO) CL A,5.8675
2011-07-26,GME,36467W109,74804,GAMESTOP CORP (HLDG CO) CL A,5.9075
2011-07-27,GME,36467W109,148,GAMESTOP CORP (HLDG CO) CL A,5.94
2011-07-28,GME,36467W109,20684,GAMESTOP CORP (HLDG CO) CL A,5.875
2011-07-29,GME,36467W109,12100,GAMESTOP CORP (HLDG CO) CL A,5.89
2011-08-01,GME,36467W109,31036,GAMESTOP CORP (HLDG CO) CL A,5.895
2011-08-02,GME,36467W109,63828,GAMESTOP CORP (HLDG CO) CL A,5.7775
2011-08-03,GME,36467W109,12420,GAMESTOP CORP (HLDG CO) CL A,5.7275
2011-08-04,GME,36467W109,7064,GAMESTOP CORP (HLDG CO) CL A,5.7125
2011-08-05,GME,36467W109,64684,GAMESTOP CORP (HLDG CO) CL A,5.47
2011-08-08,GME,36467W109,49520,GAMESTOP CORP (HLDG CO) CL A,5.5325
2011-08-09,GME,36467W109,44616,GAMESTOP CORP (HLDG CO) CL A,5.14
2011-08-10,GME,36467W109,211964,GAMESTOP CORP (HLDG CO) CL A,5.34
2011-08-11,GME,36467W109,116932,GAMESTOP CORP (HLDG CO) CL A,5.135
2011-08-12,GME,36467W109,29608,GAMESTOP CORP (HLDG CO) CL A,5.36
2011-08-15,GME,36467W109,132900,GAMESTOP CORP (HLDG CO) CL A,5.18
2011-08-16,GME,36467W109,18828,GAMESTOP CORP (HLDG CO) CL A,5.2375
2011-08-17,GME,36467W109,76296,GAMESTOP CORP (HLDG CO) CL A,5.3475
2011-08-18,GME,36467W109,41576,GAMESTOP CORP (HLDG CO) CL A,5.115
2011-08-19,GME,36467W109,47704,GAMESTOP CORP (HLDG CO) CL A,5.3575
2011-08-22,GME,36467W109,202816,GAMESTOP CORP (HLDG CO) CL A,5.3925
2011-08-23,GME,36467W109,29224,GAMESTOP CORP (HLDG CO) CL A,5.4025
2011-08-24,GME,36467W109,140496,GAMESTOP CORP (HLDG CO) CL A,5.645
2011-08-25,GME,36467W109,197956,GAMESTOP CORP (HLDG CO) CL A,5.8375
2011-08-26,GME,36467W109,286380,GAMESTOP CORP (HLDG CO) CL A,5.625
2011-08-29,GME,36467W109,31536,GAMESTOP CORP (HLDG CO) CL A,5.695
2011-08-30,GME,36467W109,32372,GAMESTOP CORP (HLDG CO) CL A,5.775
2011-08-31,GME,36467W109,7140,GAMESTOP CORP (HLDG CO) CL A,5.84
2011-09-01,GME,36467W109,79956,GAMESTOP CORP (HLDG CO) CL A,5.9825
2011-09-02,GME,36467W109,4536,GAMESTOP CORP (HLDG CO) CL A,5.76
2011-09-06,GME,36467W109,208896,GAMESTOP CORP (HLDG CO) CL A,5.5375
2011-09-07,GME,36467W109,11400,GAMESTOP CORP (HLDG CO) CL A,5.7025
2011-09-08,GME,36467W109,14884,GAMESTOP CORP (HLDG CO) CL A,5.805
2011-09-09,GME,36467W109,89336,GAMESTOP CORP (HLDG CO) CL A,5.7275
2011-09-12,GME,36467W109,10676,GAMESTOP CORP (HLDG CO) CL A,5.7825
2011-09-14,GME,36467W109,23364,GAMESTOP CORP (HLDG CO) CL A,5.7925
2011-09-15,GME,36467W109,94288,GAMESTOP CORP (HLDG CO) CL A,5.9775
2011-09-16,GME,36467W109,16320,GAMESTOP CORP (HLDG CO) CL A,6.16
2011-09-20,GME,36467W109,3044,GAMESTOP CORP (HLDG CO) CL A,6.0575
2011-09-21,GME,36467W109,66464,GAMESTOP CORP (HLDG CO) CL A,5.995
2011-09-22,GME,36467W109,9228,GAMESTOP CORP (HLDG CO) CL A,5.86
2011-09-23,GME,36467W109,6788,GAMESTOP CORP (HLDG CO) CL A,5.6525
2011-09-26,GME,36467W109,10832,GAMESTOP CORP (HLDG CO) CL A,5.6275
2011-09-27,GME,36467W109,49344,GAMESTOP CORP (HLDG CO) CL A,5.9025
2011-09-28,GME,36467W109,6836,GAMESTOP CORP (HLDG CO) CL A,5.97
2011-09-29,GME,36467W109,63940,GAMESTOP CORP (HLDG CO) CL A,5.88
2011-09-30,GME,36467W109,27836,GAMESTOP CORP (HLDG CO) CL A,5.9975
2011-10-03,GME,36467W109,9120,GAMESTOP CORP (HLDG CO) CL A,5.775
2011-10-04,GME,36467W109,22732,GAMESTOP CORP (HLDG CO) CL A,5.7425
2011-10-05,GME,36467W109,27748,GAMESTOP CORP (HLDG CO) CL A,5.9475
2011-10-06,GME,36467W109,17788,GAMESTOP CORP (HLDG CO) CL A,5.9675
2011-10-07,GME,36467W109,36260,GAMESTOP CORP (HLDG CO) CL A,6.015
2011-10-11,GME,36467W109,24728,GAMESTOP CORP (HLDG CO) CL A,6.145
2011-10-12,GME,36467W109,5684,GAMESTOP CORP (HLDG CO) CL A,6.23
2011-10-13,GME,36467W109,125352,GAMESTOP CORP (HLDG CO) CL A,6.4125
2011-10-14,GME,36467W109,113088,GAMESTOP CORP (HLDG CO) CL A,6.305
2011-10-17,GME,36467W109,48392,GAMESTOP CORP (HLDG CO) CL A,6.29
2011-10-18,GME,36467W109,112,GAMESTOP CORP (HLDG CO) CL A,6.06
2011-10-19,GME,36467W109,18296,GAMESTOP CORP (HLDG CO) CL A,6.245
2011-10-21,GME,36467W109,4172,GAMESTOP CORP (HLDG CO) CL A,6.265
2011-10-24,GME,36467W109,8068,GAMESTOP CORP (HLDG CO) CL A,6.26
2011-10-25,GME,36467W109,11584,GAMESTOP CORP (HLDG CO) CL A,6.395
2011-10-26,GME,36467W109,90432,GAMESTOP CORP (HLDG CO) CL A,6.40
2011-10-27,GME,36467W109,129368,GAMESTOP CORP (HLDG CO) CL A,6.26
2011-10-28,GME,36467W109,88916,GAMESTOP CORP (HLDG CO) CL A,6.4775
2011-10-31,GME,36467W109,3676,GAMESTOP CORP (HLDG CO) CL A,6.55
2011-11-01,GME,36467W109,49100,GAMESTOP CORP (HLDG CO) CL A,6.3925
2011-11-02,GME,36467W109,9464,GAMESTOP CORP (HLDG CO) CL A,6.26
2011-11-03,GME,36467W109,536,GAMESTOP CORP (HLDG CO) CL A,6.275
2011-11-04,GME,36467W109,1260,GAMESTOP CORP (HLDG CO) CL A,6.4575
2011-11-08,GME,36467W109,66780,GAMESTOP CORP (HLDG CO) CL A,6.3625
2011-11-09,GME,36467W109,3336,GAMESTOP CORP (HLDG CO) CL A,6.41
2011-11-10,GME,36467W109,9160,GAMESTOP CORP (HLDG CO) CL A,6.23
2011-11-14,GME,36467W109,77560,GAMESTOP CORP (HLDG CO) CL A,6.2925
2011-11-15,GME,36467W109,3412,GAMESTOP CORP (HLDG CO) CL A,6.16
2011-11-16,GME,36467W109,4112,GAMESTOP CORP (HLDG CO) CL A,5.89
2011-11-17,GME,36467W109,36380,GAMESTOP CORP (HLDG CO) CL A,5.63
2011-11-18,GME,36467W109,12684,GAMESTOP CORP (HLDG CO) CL A,5.4825
2011-11-21,GME,36467W109,32248,GAMESTOP CORP (HLDG CO) CL A,5.615
2011-11-22,GME,36467W109,3072,GAMESTOP CORP (HLDG CO) CL A,5.68
2011-11-23,GME,36467W109,177324,GAMESTOP CORP (HLDG CO) CL A,5.6075
2011-11-25,GME,36467W109,615020,GAMESTOP CORP (HLDG CO) CL A,5.5275
2011-11-30,GME,36467W109,6864,GAMESTOP CORP (HLDG CO) CL A,5.6875
2011-12-01,GME,36467W109,42616,GAMESTOP CORP (HLDG CO) CL A,5.78
2011-12-02,GME,36467W109,8420,GAMESTOP CORP (HLDG CO) CL A,5.84
2011-12-05,GME,36467W109,31104,GAMESTOP CORP (HLDG CO) CL A,5.805
2011-12-06,GME,36467W109,2912,GAMESTOP CORP (HLDG CO) CL A,5.92
2011-12-07,GME,36467W109,23460,GAMESTOP CORP (HLDG CO) CL A,5.835
2011-12-08,GME,36467W109,57624,GAMESTOP CORP (HLDG CO) CL A,5.9225
2011-12-09,GME,36467W109,20,GAMESTOP CORP (HLDG CO) CL A,5.8925
2011-12-13,GME,36467W109,102332,GAMESTOP CORP (HLDG CO) CL A,6.1775
2011-12-14,GME,36467W109,107792,GAMESTOP CORP (HLDG CO) CL A,6.0175
2011-12-15,GME,36467W109,197936,GAMESTOP CORP (HLDG CO) CL A,5.8725
2011-12-16,GME,36467W109,62224,GAMESTOP CORP (HLDG CO) CL A,5.925
2011-12-19,GME,36467W109,19136,GAMESTOP CORP (HLDG CO) CL A,5.835
2011-12-20,GME,36467W109,23636,GAMESTOP CORP (HLDG CO) CL A,5.6675
2011-12-21,GME,36467W109,59392,GAMESTOP CORP (HLDG CO) CL A,5.8675
2011-12-22,GME,36467W109,19716,GAMESTOP CORP (HLDG CO) CL A,5.885
2011-12-23,GME,36467W109,15892,GAMESTOP CORP (HLDG CO) CL A,5.9475
2011-12-28,GME,36467W109,400,GAMESTOP CORP (HLDG CO) CL A,5.98
2011-12-30,GME,36467W109,360,GAMESTOP CORP (HLDG CO) CL A,6.0875
2012-01-03,GME,36467W109,3064,GAMESTOP CORP (HLDG CO) CL A,6.0325
2012-01-04,GME,36467W109,55784,GAMESTOP CORP (HLDG CO) CL A,5.9475
2012-01-05,GME,36467W109,8200,GAMESTOP CORP (HLDG CO) CL A,6.0325
2012-01-06,GME,36467W109,15812,GAMESTOP CORP (HLDG CO) CL A,6.315
2012-01-09,GME,36467W109,14272,GAMESTOP CORP (HLDG CO) CL A,6.2175
2012-01-10,GME,36467W109,58756,GAMESTOP CORP (HLDG CO) CL A,5.9975
2012-01-11,GME,36467W109,9076,GAMESTOP CORP (HLDG CO) CL A,6.0575
2012-01-12,GME,36467W109,10332,GAMESTOP CORP (HLDG CO) CL A,6.095
2012-01-13,GME,36467W109,2340,GAMESTOP CORP (HLDG CO) CL A,6.045
2012-01-17,GME,36467W109,8456,GAMESTOP CORP (HLDG CO) CL A,5.8775
2012-01-18,GME,36467W109,1896,GAMESTOP CORP (HLDG CO) CL A,5.8075
2012-01-19,GME,36467W109,47496,GAMESTOP CORP (HLDG CO) CL A,6.005
2012-01-20,GME,36467W109,227372,GAMESTOP CORP (HLDG CO) CL A,6.21
2012-01-23,GME,36467W109,45452,GAMESTOP CORP (HLDG CO) CL A,6.1375
2012-01-24,GME,36467W109,186604,GAMESTOP CORP (HLDG CO) CL A,6.19
2012-01-25,GME,36467W109,2968,GAMESTOP CORP (HLDG CO) CL A,6.1875
2012-01-26,GME,36467W109,9508,GAMESTOP CORP (HLDG CO) CL A,6.25
2012-01-27,GME,36467W109,7908,GAMESTOP CORP (HLDG CO) CL A,6.175
2012-01-30,GME,36467W109,25472,GAMESTOP CORP (HLDG CO) CL A,6.08
2012-01-31,GME,36467W109,770484,GAMESTOP CORP (HLDG CO) CL A,5.935
2012-02-01,GME,36467W109,3924,GAMESTOP CORP (HLDG CO) CL A,5.84
2012-02-02,GME,36467W109,4252,GAMESTOP CORP (HLDG CO) CL A,5.8275
2012-02-03,GME,36467W109,1748,GAMESTOP CORP (HLDG CO) CL A,5.8175
2012-02-06,GME,36467W109,12936,GAMESTOP CORP (HLDG CO) CL A,5.91
2012-02-07,GME,36467W109,5952,GAMESTOP CORP (HLDG CO) CL A,5.8525
2012-02-08,GME,36467W109,11376,GAMESTOP CORP (HLDG CO) CL A,5.9325
2012-02-09,GME,36467W109,183484,GAMESTOP CORP (HLDG CO) CL A,6.1225
2012-02-13,GME,36467W109,796152,GAMESTOP CORP (HLDG CO) CL A,5.72
2012-02-14,GME,36467W109,813288,GAMESTOP CORP (HLDG CO) CL A,5.735
2012-02-15,GME,36467W109,5490204,GAMESTOP CORP (HLDG CO) CL A,5.745
2012-02-16,GME,36467W109,40556,GAMESTOP CORP (HLDG CO) CL A,5.7025
2012-02-17,GME,36467W109,12132,GAMESTOP CORP (HLDG CO) CL A,5.76
2012-02-21,GME,36467W109,50348,GAMESTOP CORP (HLDG CO) CL A,5.795
2012-02-22,GME,36467W109,58744,GAMESTOP CORP (HLDG CO) CL A,5.825
2012-02-23,GME,36467W109,1800,GAMESTOP CORP (HLDG CO) CL A,5.7425
2012-02-24,GME,36467W109,12776,GAMESTOP CORP (HLDG CO) CL A,5.8225
2012-02-27,GME,36467W109,7344,GAMESTOP CORP (HLDG CO) CL A,5.6825
2012-02-28,GME,36467W109,12476,GAMESTOP CORP (HLDG CO) CL A,5.75
2012-02-29,GME,36467W109,5232,GAMESTOP CORP (HLDG CO) CL A,5.8325
2012-03-01,GME,36467W109,19492,GAMESTOP CORP (HLDG CO) CL A,5.695
2012-03-02,GME,36467W109,4664,GAMESTOP CORP (HLDG CO) CL A,5.96
2012-03-05,GME,36467W109,2460,GAMESTOP CORP (HLDG CO) CL A,5.9675
2012-03-06,GME,36467W109,589512,GAMESTOP CORP (HLDG CO) CL A,6.04
2012-03-07,GME,36467W109,32992,GAMESTOP CORP (HLDG CO) CL A,5.9475
2012-03-08,GME,36467W109,916120,GAMESTOP CORP (HLDG CO) CL A,5.975
2012-03-09,GME,36467W109,137100,GAMESTOP CORP (HLDG CO) CL A,6.0525
2012-03-12,GME,36467W109,612988,GAMESTOP CORP (HLDG CO) CL A,5.975
2012-03-13,GME,36467W109,1089228,GAMESTOP CORP (HLDG CO) CL A,5.9425
2012-03-14,GME,36467W109,25728,GAMESTOP CORP (HLDG CO) CL A,5.9475
2012-03-15,GME,36467W109,16004,GAMESTOP CORP (HLDG CO) CL A,5.875
2012-03-19,GME,36467W109,364728,GAMESTOP CORP (HLDG CO) CL A,5.89
2012-03-20,GME,36467W109,370048,GAMESTOP CORP (HLDG CO) CL A,5.9875
2012-03-21,GME,36467W109,139812,GAMESTOP CORP (HLDG CO) CL A,6.0025
2012-03-22,GME,36467W109,38556,GAMESTOP CORP (HLDG CO) CL A,6.1675
2012-03-23,GME,36467W109,684400,GAMESTOP CORP (HLDG CO) CL A,5.79
2012-03-26,GME,36467W109,42724,GAMESTOP CORP (HLDG CO) CL A,5.905
2012-03-27,GME,36467W109,604860,GAMESTOP CORP (HLDG CO) CL A,5.95
2012-03-28,GME,36467W109,296,GAMESTOP CORP (HLDG CO) CL A,5.94
2012-03-29,GME,36467W109,175056,GAMESTOP CORP (HLDG CO) CL A,5.8725
2012-03-30,GME,36467W109,124712,GAMESTOP CORP (HLDG CO) CL A,5.6475
2012-04-02,GME,36467W109,226536,GAMESTOP CORP (HLDG CO) CL A,5.46
2012-04-03,GME,36467W109,1116820,GAMESTOP CORP (HLDG CO) CL A,5.615
2012-04-04,GME,36467W109,5358460,GAMESTOP CORP (HLDG CO) CL A,5.51
2012-04-05,GME,36467W109,5575692,GAMESTOP CORP (HLDG CO) CL A,5.4875
2012-04-09,GME,36467W109,4749440,GAMESTOP CORP (HLDG CO) CL A,5.4325
2012-04-10,GME,36467W109,1010060,GAMESTOP CORP (HLDG CO) CL A,5.4625
2012-04-11,GME,36467W109,1267560,GAMESTOP CORP (HLDG CO) CL A,5.355
2012-04-12,GME,36467W109,1070904,GAMESTOP CORP (HLDG CO) CL A,5.3175
2012-04-13,GME,36467W109,1244008,GAMESTOP CORP (HLDG CO) CL A,5.39
2012-04-16,GME,36467W109,2883904,GAMESTOP CORP (HLDG CO) CL A,5.3075
2012-04-17,GME,36467W109,142624,GAMESTOP CORP (HLDG CO) CL A,5.425
2012-04-18,GME,36467W109,159588,GAMESTOP CORP (HLDG CO) CL A,5.5375
2012-04-19,GME,36467W109,314744,GAMESTOP CORP (HLDG CO) CL A,5.5725
2012-04-20,GME,36467W109,125536,GAMESTOP CORP (HLDG CO) CL A,5.5725
2012-04-23,GME,36467W109,606388,GAMESTOP CORP (HLDG CO) CL A,5.595
2012-04-24,GME,36467W109,188892,GAMESTOP CORP (HLDG CO) CL A,5.5925
2012-04-25,GME,36467W109,141308,GAMESTOP CORP (HLDG CO) CL A,5.57
2012-04-26,GME,36467W109,1092328,GAMESTOP CORP (HLDG CO) CL A,5.645
2012-04-27,GME,36467W109,748152,GAMESTOP CORP (HLDG CO) CL A,5.645
2012-04-30,GME,36467W109,2104,GAMESTOP CORP (HLDG CO) CL A,5.67
2012-05-01,GME,36467W109,4800,GAMESTOP CORP (HLDG CO) CL A,5.69
2012-05-02,GME,36467W109,11168,GAMESTOP CORP (HLDG CO) CL A,5.715
2012-05-03,GME,36467W109,127024,GAMESTOP CORP (HLDG CO) CL A,5.6925
2012-05-04,GME,36467W109,1644,GAMESTOP CORP (HLDG CO) CL A,5.62
2012-05-07,GME,36467W109,4160,GAMESTOP CORP (HLDG CO) CL A,5.4575
2012-05-08,GME,36467W109,4720,GAMESTOP CORP (HLDG CO) CL A,5.2725
2012-05-11,GME,36467W109,58384,GAMESTOP CORP (HLDG CO) CL A,5.2675
2012-05-14,GME,36467W109,550348,GAMESTOP CORP (HLDG CO) CL A,5.0825
2012-05-15,GME,36467W109,261216,GAMESTOP CORP (HLDG CO) CL A,5.22
2012-05-16,GME,36467W109,1075980,GAMESTOP CORP (HLDG CO) CL A,5.155
2012-05-17,GME,36467W109,377156,GAMESTOP CORP (HLDG CO) CL A,5.21
2012-05-18,GME,36467W109,47448,GAMESTOP CORP (HLDG CO) CL A,4.63
2012-05-21,GME,36467W109,1158988,GAMESTOP CORP (HLDG CO) CL A,4.7675
2012-05-22,GME,36467W109,181860,GAMESTOP CORP (HLDG CO) CL A,4.745
2012-05-23,GME,36467W109,579040,GAMESTOP CORP (HLDG CO) CL A,4.76
2012-05-24,GME,36467W109,57392,GAMESTOP CORP (HLDG CO) CL A,4.77
2012-05-25,GME,36467W109,54424,GAMESTOP CORP (HLDG CO) CL A,4.7925
2012-05-29,GME,36467W109,1129672,GAMESTOP CORP (HLDG CO) CL A,4.88
2012-05-30,GME,36467W109,32400,GAMESTOP CORP (HLDG CO) CL A,4.9275
2012-05-31,GME,36467W109,718736,GAMESTOP CORP (HLDG CO) CL A,4.915
2012-06-01,GME,36467W109,300,GAMESTOP CORP (HLDG CO) CL A,4.795
2012-06-04,GME,36467W109,111948,GAMESTOP CORP (HLDG CO) CL A,4.80
2012-06-05,GME,36467W109,73568,GAMESTOP CORP (HLDG CO) CL A,4.80
2012-06-06,GME,36467W109,15132,GAMESTOP CORP (HLDG CO) CL A,4.885
2012-06-07,GME,36467W109,34288,GAMESTOP CORP (HLDG CO) CL A,4.8375
2012-06-08,GME,36467W109,38012,GAMESTOP CORP (HLDG CO) CL A,4.70
2012-06-11,GME,36467W109,380448,GAMESTOP CORP (HLDG CO) CL A,4.7575
2012-06-12,GME,36467W109,1200,GAMESTOP CORP (HLDG CO) CL A,4.57
2012-06-13,GME,36467W109,6848,GAMESTOP CORP (HLDG CO) CL A,4.6425
2012-06-14,GME,36467W109,72,GAMESTOP CORP (HLDG CO) CL A,4.5275
2012-06-15,GME,36467W109,87092,GAMESTOP CORP (HLDG CO) CL A,4.435
2012-06-18,GME,36467W109,207280,GAMESTOP CORP (HLDG CO) CL A,4.4575
2012-06-19,GME,36467W109,39812,GAMESTOP CORP (HLDG CO) CL A,4.555
2012-06-20,GME,36467W109,18952,GAMESTOP CORP (HLDG CO) CL A,4.5925
2012-06-21,GME,36467W109,37556,GAMESTOP CORP (HLDG CO) CL A,4.535
2012-06-22,GME,36467W109,3916,GAMESTOP CORP (HLDG CO) CL A,4.39
2012-06-25,GME,36467W109,1208,GAMESTOP CORP (HLDG CO) CL A,4.4225
2012-06-26,GME,36467W109,35256,GAMESTOP CORP (HLDG CO) CL A,4.2975
2012-06-27,GME,36467W109,8404,GAMESTOP CORP (HLDG CO) CL A,4.37
2012-06-28,GME,36467W109,8340,GAMESTOP CORP (HLDG CO) CL A,4.455
2012-06-29,GME,36467W109,13904,GAMESTOP CORP (HLDG CO) CL A,4.4525
2012-07-02,GME,36467W109,38944,GAMESTOP CORP (HLDG CO) CL A,4.59
2012-07-03,GME,36467W109,95368,GAMESTOP CORP (HLDG CO) CL A,4.495
2012-07-05,GME,36467W109,14784,GAMESTOP CORP (HLDG CO) CL A,4.5925
2012-07-06,GME,36467W109,6236,GAMESTOP CORP (HLDG CO) CL A,4.5675
2012-07-09,GME,36467W109,2688,GAMESTOP CORP (HLDG CO) CL A,4.5325
2012-07-10,GME,36467W109,5828,GAMESTOP CORP (HLDG CO) CL A,4.38
2012-07-11,GME,36467W109,9044,GAMESTOP CORP (HLDG CO) CL A,4.3875
2012-07-12,GME,36467W109,8608,GAMESTOP CORP (HLDG CO) CL A,4.3025
2012-07-13,GME,36467W109,32296,GAMESTOP CORP (HLDG CO) CL A,4.275
2012-07-16,GME,36467W109,284920,GAMESTOP CORP (HLDG CO) CL A,4.2075
2012-07-17,GME,36467W109,24500,GAMESTOP CORP (HLDG CO) CL A,4.1425
2012-07-18,GME,36467W109,13856,GAMESTOP CORP (HLDG CO) CL A,4.185
2012-07-19,GME,36467W109,29628,GAMESTOP CORP (HLDG CO) CL A,4.225
2012-07-20,GME,36467W109,130004,GAMESTOP CORP (HLDG CO) CL A,4.20
2012-07-23,GME,36467W109,280,GAMESTOP CORP (HLDG CO) CL A,4.075
2012-07-24,GME,36467W109,22556,GAMESTOP CORP (HLDG CO) CL A,4.035
2012-07-25,GME,36467W109,33668,GAMESTOP CORP (HLDG CO) CL A,3.9325
2012-07-30,GME,36467W109,10560,GAMESTOP CORP (HLDG CO) CL A,4.035
2012-07-31,GME,36467W109,10432,GAMESTOP CORP (HLDG CO) CL A,4.005
2012-08-01,GME,36467W109,46660,GAMESTOP CORP (HLDG CO) CL A,4.005
2012-08-02,GME,36467W109,26360,GAMESTOP CORP (HLDG CO) CL A,4.0175
2012-08-03,GME,36467W109,230120,GAMESTOP CORP (HLDG CO) CL A,3.9375
2012-08-06,GME,36467W109,940852,GAMESTOP CORP (HLDG CO) CL A,3.975
2012-08-07,GME,36467W109,57780,GAMESTOP CORP (HLDG CO) CL A,4.0025
2012-08-08,GME,36467W109,8,GAMESTOP CORP (HLDG CO) CL A,4.2025
2012-08-09,GME,36467W109,4052,GAMESTOP CORP (HLDG CO) CL A,4.1825
2012-08-10,GME,36467W109,38796,GAMESTOP CORP (HLDG CO) CL A,4.2075
2012-08-13,GME,36467W109,32668,GAMESTOP CORP (HLDG CO) CL A,4.435
2012-08-14,GME,36467W109,12608,GAMESTOP CORP (HLDG CO) CL A,4.4725
2012-08-15,GME,36467W109,69384,GAMESTOP CORP (HLDG CO) CL A,4.32
2012-08-16,GME,36467W109,83620,GAMESTOP CORP (HLDG CO) CL A,4.2625
2012-08-17,GME,36467W109,50796,GAMESTOP CORP (HLDG CO) CL A,4.495
2012-08-20,GME,36467W109,898656,GAMESTOP CORP (HLDG CO) CL A,4.6425
2012-08-21,GME,36467W109,922884,GAMESTOP CORP (HLDG CO) CL A,4.8725
2012-08-22,GME,36467W109,2605016,GAMESTOP CORP (HLDG CO) CL A,4.8725
2012-08-23,GME,36467W109,265484,GAMESTOP CORP (HLDG CO) CL A,4.6975
2012-08-24,GME,36467W109,315184,GAMESTOP CORP (HLDG CO) CL A,4.725
2012-08-27,GME,36467W109,205100,GAMESTOP CORP (HLDG CO) CL A,4.605
2012-08-28,GME,36467W109,315380,GAMESTOP CORP (HLDG CO) CL A,4.5375
2012-08-29,GME,36467W109,245580,GAMESTOP CORP (HLDG CO) CL A,4.535
2012-08-30,GME,36467W109,26312,GAMESTOP CORP (HLDG CO) CL A,4.6525
2012-08-31,GME,36467W109,8612,GAMESTOP CORP (HLDG CO) CL A,4.79
2012-09-04,GME,36467W109,83816,GAMESTOP CORP (HLDG CO) CL A,4.77
2012-09-05,GME,36467W109,2356,GAMESTOP CORP (HLDG CO) CL A,5.1025
2012-09-06,GME,36467W109,2596,GAMESTOP CORP (HLDG CO) CL A,5.1375
2012-09-07,GME,36467W109,25124,GAMESTOP CORP (HLDG CO) CL A,5.265
2012-09-10,GME,36467W109,84688,GAMESTOP CORP (HLDG CO) CL A,5.415
2012-09-11,GME,36467W109,63572,GAMESTOP CORP (HLDG CO) CL A,5.3975
2012-09-12,GME,36467W109,7120,GAMESTOP CORP (HLDG CO) CL A,5.4425
2012-09-13,GME,36467W109,232584,GAMESTOP CORP (HLDG CO) CL A,5.5175
2012-09-14,GME,36467W109,194316,GAMESTOP CORP (HLDG CO) CL A,5.595
2012-09-17,GME,36467W109,13664,GAMESTOP CORP (HLDG CO) CL A,5.7875
2012-09-18,GME,36467W109,8268,GAMESTOP CORP (HLDG CO) CL A,5.5725
2012-09-19,GME,36467W109,304768,GAMESTOP CORP (HLDG CO) CL A,5.6075
2012-09-20,GME,36467W109,121380,GAMESTOP CORP (HLDG CO) CL A,5.7075
2012-09-21,GME,36467W109,160220,GAMESTOP CORP (HLDG CO) CL A,5.685
2012-09-24,GME,36467W109,344936,GAMESTOP CORP (HLDG CO) CL A,5.575
2012-09-25,GME,36467W109,2140,GAMESTOP CORP (HLDG CO) CL A,5.5325
2012-09-26,GME,36467W109,55908,GAMESTOP CORP (HLDG CO) CL A,5.22
2012-09-27,GME,36467W109,603240,GAMESTOP CORP (HLDG CO) CL A,5.28
2012-09-28,GME,36467W109,1517620,GAMESTOP CORP (HLDG CO) CL A,5.23
2012-10-01,GME,36467W109,364776,GAMESTOP CORP (HLDG CO) CL A,5.25
2012-10-02,GME,36467W109,3380,GAMESTOP CORP (HLDG CO) CL A,5.31
2012-10-03,GME,36467W109,186892,GAMESTOP CORP (HLDG CO) CL A,5.3325
2012-10-05,GME,36467W109,138508,GAMESTOP CORP (HLDG CO) CL A,5.5925
2012-10-10,GME,36467W109,94956,GAMESTOP CORP (HLDG CO) CL A,5.9975
2012-10-11,GME,36467W109,554552,GAMESTOP CORP (HLDG CO) CL A,5.74
2012-10-12,GME,36467W109,63216,GAMESTOP CORP (HLDG CO) CL A,5.715
2012-10-15,GME,36467W109,19512,GAMESTOP CORP (HLDG CO) CL A,5.6925
2012-10-16,GME,36467W109,2936,GAMESTOP CORP (HLDG CO) CL A,5.695
2012-10-17,GME,36467W109,8924,GAMESTOP CORP (HLDG CO) CL A,5.7375
2012-10-18,GME,36467W109,1968,GAMESTOP CORP (HLDG CO) CL A,5.735
2012-10-19,GME,36467W109,4144,GAMESTOP CORP (HLDG CO) CL A,5.86
2012-10-23,GME,36467W109,55580,GAMESTOP CORP (HLDG CO) CL A,5.80
2012-10-24,GME,36467W109,123472,GAMESTOP CORP (HLDG CO) CL A,5.775
2012-10-25,GME,36467W109,123008,GAMESTOP CORP (HLDG CO) CL A,5.82
2012-10-26,GME,36467W109,9704,GAMESTOP CORP (HLDG CO) CL A,5.93
2012-10-29,GME,36467W109,115224,GAMESTOP CORP (HLDG CO) CL A,5.75
2012-10-30,GME,36467W109,277364,GAMESTOP CORP (HLDG CO) CL A,5.75
2012-10-31,GME,36467W109,235000,GAMESTOP CORP (HLDG CO) CL A,5.75
2012-11-01,GME,36467W109,13792,GAMESTOP CORP (HLDG CO) CL A,5.7075
2012-11-02,GME,36467W109,1276,GAMESTOP CORP (HLDG CO) CL A,5.90
2012-11-07,GME,36467W109,110560,GAMESTOP CORP (HLDG CO) CL A,5.98
2012-11-08,GME,36467W109,30792,GAMESTOP CORP (HLDG CO) CL A,5.85
2012-11-09,GME,36467W109,197900,GAMESTOP CORP (HLDG CO) CL A,5.63
2012-11-13,GME,36467W109,376152,GAMESTOP CORP (HLDG CO) CL A,5.7725
2012-11-14,GME,36467W109,27064,GAMESTOP CORP (HLDG CO) CL A,5.815
2012-11-15,GME,36467W109,21884,GAMESTOP CORP (HLDG CO) CL A,5.87
2012-11-16,GME,36467W109,1368240,GAMESTOP CORP (HLDG CO) CL A,6.125
2012-11-19,GME,36467W109,2472128,GAMESTOP CORP (HLDG CO) CL A,6.3875
2012-11-20,GME,36467W109,1413172,GAMESTOP CORP (HLDG CO) CL A,6.48
2012-11-21,GME,36467W109,1786124,GAMESTOP CORP (HLDG CO) CL A,6.6175
2012-11-23,GME,36467W109,2611352,GAMESTOP CORP (HLDG CO) CL A,6.77
2012-11-26,GME,36467W109,1840396,GAMESTOP CORP (HLDG CO) CL A,6.7675
2012-11-27,GME,36467W109,2037680,GAMESTOP CORP (HLDG CO) CL A,6.705
2012-11-28,GME,36467W109,1871480,GAMESTOP CORP (HLDG CO) CL A,6.67
2012-11-29,GME,36467W109,121964,GAMESTOP CORP (HLDG CO) CL A,6.61
2012-11-30,GME,36467W109,816,GAMESTOP CORP (HLDG CO) CL A,6.5525
2012-12-03,GME,36467W109,28628,GAMESTOP CORP (HLDG CO) CL A,6.5625
2012-12-04,GME,36467W109,82772,GAMESTOP CORP (HLDG CO) CL A,6.4575
2012-12-05,GME,36467W109,37844,GAMESTOP CORP (HLDG CO) CL A,6.47
2012-12-06,GME,36467W109,33548,GAMESTOP CORP (HLDG CO) CL A,6.4925
2012-12-07,GME,36467W109,1012168,GAMESTOP CORP (HLDG CO) CL A,6.66
2012-12-10,GME,36467W109,201464,GAMESTOP CORP (HLDG CO) CL A,6.825
2012-12-11,GME,36467W109,50808,GAMESTOP CORP (HLDG CO) CL A,6.86
2012-12-12,GME,36467W109,3260,GAMESTOP CORP (HLDG CO) CL A,6.9275
2012-12-13,GME,36467W109,31700,GAMESTOP CORP (HLDG CO) CL A,6.9575
2012-12-14,GME,36467W109,74536,GAMESTOP CORP (HLDG CO) CL A,6.9025
2012-12-17,GME,36467W109,161508,GAMESTOP CORP (HLDG CO) CL A,6.8775
2012-12-18,GME,36467W109,191864,GAMESTOP CORP (HLDG CO) CL A,6.88
2012-12-20,GME,36467W109,7944,GAMESTOP CORP (HLDG CO) CL A,6.8875
2012-12-21,GME,36467W109,203556,GAMESTOP CORP (HLDG CO) CL A,6.5325
2012-12-24,GME,36467W109,26848,GAMESTOP CORP (HLDG CO) CL A,6.3925
2012-12-26,GME,36467W109,77280,GAMESTOP CORP (HLDG CO) CL A,6.395
2012-12-27,GME,36467W109,1592,GAMESTOP CORP (HLDG CO) CL A,6.2225
2012-12-28,GME,36467W109,1472,GAMESTOP CORP (HLDG CO) CL A,6.1675
2012-12-31,GME,36467W109,38576,GAMESTOP CORP (HLDG CO) CL A,6.1325
2013-01-02,GME,36467W109,19288,GAMESTOP CORP (HLDG CO) CL A,6.2725
2013-01-03,GME,36467W109,33244,GAMESTOP CORP (HLDG CO) CL A,6.415
2013-01-04,GME,36467W109,32444,GAMESTOP CORP (HLDG CO) CL A,6.09
2013-01-07,GME,36467W109,43808,GAMESTOP CORP (HLDG CO) CL A,6.20
2013-01-08,GME,36467W109,137808,GAMESTOP CORP (HLDG CO) CL A,6.1875
2013-01-09,GME,36467W109,108,GAMESTOP CORP (HLDG CO) CL A,5.7975
2013-01-10,GME,36467W109,107204,GAMESTOP CORP (HLDG CO) CL A,5.6525
2013-01-11,GME,36467W109,5500,GAMESTOP CORP (HLDG CO) CL A,5.6975
2013-01-14,GME,36467W109,6036,GAMESTOP CORP (HLDG CO) CL A,5.8125
2013-01-16,GME,36467W109,168000,GAMESTOP CORP (HLDG CO) CL A,5.79
2013-01-17,GME,36467W109,20000,GAMESTOP CORP (HLDG CO) CL A,5.7675
2013-01-18,GME,36467W109,50448,GAMESTOP CORP (HLDG CO) CL A,5.8725
2013-01-22,GME,36467W109,63840,GAMESTOP CORP (HLDG CO) CL A,5.82
2013-01-23,GME,36467W109,210968,GAMESTOP CORP (HLDG CO) CL A,5.83
2013-01-24,GME,36467W109,71208,GAMESTOP CORP (HLDG CO) CL A,5.7875
2013-01-25,GME,36467W109,68608,GAMESTOP CORP (HLDG CO) CL A,5.8675
2013-01-28,GME,36467W109,97728,GAMESTOP CORP (HLDG CO) CL A,5.9275
2013-01-29,GME,36467W109,72908,GAMESTOP CORP (HLDG CO) CL A,5.945
2013-01-30,GME,36467W109,115116,GAMESTOP CORP (HLDG CO) CL A,6.005
2013-01-31,GME,36467W109,76624,GAMESTOP CORP (HLDG CO) CL A,5.91
2013-02-01,GME,36467W109,122064,GAMESTOP CORP (HLDG CO) CL A,5.80
2013-02-04,GME,36467W109,168628,GAMESTOP CORP (HLDG CO) CL A,6.1725
2013-02-05,GME,36467W109,60572,GAMESTOP CORP (HLDG CO) CL A,6.3125
2013-02-06,GME,36467W109,496000,GAMESTOP CORP (HLDG CO) CL A,6.7025
2013-02-07,GME,36467W109,257376,GAMESTOP CORP (HLDG CO) CL A,6.30
2013-02-08,GME,36467W109,211940,GAMESTOP CORP (HLDG CO) CL A,6.3525
2013-02-11,GME,36467W109,44700,GAMESTOP CORP (HLDG CO) CL A,6.515
2013-02-12,GME,36467W109,57388,GAMESTOP CORP (HLDG CO) CL A,6.55
2013-02-13,GME,36467W109,57432,GAMESTOP CORP (HLDG CO) CL A,6.4625
2013-02-14,GME,36467W109,617084,GAMESTOP CORP (HLDG CO) CL A,6.5075
2013-02-15,GME,36467W109,98600,GAMESTOP CORP (HLDG CO) CL A,6.4375
2013-02-19,GME,36467W109,63472,GAMESTOP CORP (HLDG CO) CL A,6.3425
2013-02-20,GME,36467W109,56300,GAMESTOP CORP (HLDG CO) CL A,6.375
2013-02-21,GME,36467W109,220892,GAMESTOP CORP (HLDG CO) CL A,6.3325
2013-02-22,GME,36467W109,292272,GAMESTOP CORP (HLDG CO) CL A,6.1825
2013-02-25,GME,36467W109,27932,GAMESTOP CORP (HLDG CO) CL A,6.205
2013-02-26,GME,36467W109,402440,GAMESTOP CORP (HLDG CO) CL A,6.1525
2013-02-27,GME,36467W109,65528,GAMESTOP CORP (HLDG CO) CL A,6.1975
2013-02-28,GME,36467W109,185056,GAMESTOP CORP (HLDG CO) CL A,6.31
2013-03-01,GME,36467W109,318792,GAMESTOP CORP (HLDG CO) CL A,6.265
2013-03-04,GME,36467W109,51760,GAMESTOP CORP (HLDG CO) CL A,6.0125
2013-03-05,GME,36467W109,416992,GAMESTOP CORP (HLDG CO) CL A,5.885
2013-03-06,GME,36467W109,28640,GAMESTOP CORP (HLDG CO) CL A,6.075
2013-03-07,GME,36467W109,110164,GAMESTOP CORP (HLDG CO) CL A,6.1025
2013-03-08,GME,36467W109,19168,GAMESTOP CORP (HLDG CO) CL A,6.135
2013-03-11,GME,36467W109,8672,GAMESTOP CORP (HLDG CO) CL A,6.1675
2013-03-12,GME,36467W109,156196,GAMESTOP CORP (HLDG CO) CL A,6.315
2013-03-13,GME,36467W109,9904,GAMESTOP CORP (HLDG CO) CL A,6.37
2013-03-14,GME,36467W109,34260,GAMESTOP CORP (HLDG CO) CL A,6.4125
2013-03-15,GME,36467W109,12828,GAMESTOP CORP (HLDG CO) CL A,6.3525
2013-03-18,GME,36467W109,20864,GAMESTOP CORP (HLDG CO) CL A,6.3625
2013-03-19,GME,36467W109,23880,GAMESTOP CORP (HLDG CO) CL A,6.43
2013-03-20,GME,36467W109,9112,GAMESTOP CORP (HLDG CO) CL A,6.31
2013-03-21,GME,36467W109,15820,GAMESTOP CORP (HLDG CO) CL A,6.3625
2013-03-22,GME,36467W109,392624,GAMESTOP CORP (HLDG CO) CL A,6.31
2013-03-25,GME,36467W109,15532,GAMESTOP CORP (HLDG CO) CL A,6.415
2013-03-26,GME,36467W109,31356,GAMESTOP CORP (HLDG CO) CL A,6.345
2013-03-27,GME,36467W109,10528,GAMESTOP CORP (HLDG CO) CL A,6.59
2013-03-28,GME,36467W109,20940,GAMESTOP CORP (HLDG CO) CL A,6.6125
2013-04-01,GME,36467W109,20100,GAMESTOP CORP (HLDG CO) CL A,6.9925
2013-04-02,GME,36467W109,151172,GAMESTOP CORP (HLDG CO) CL A,7.44
2013-04-03,GME,36467W109,41732,GAMESTOP CORP (HLDG CO) CL A,7.56
2013-04-04,GME,36467W109,191384,GAMESTOP CORP (HLDG CO) CL A,7.5625
2013-04-05,GME,36467W109,261776,GAMESTOP CORP (HLDG CO) CL A,7.4725
2013-04-08,GME,36467W109,68400,GAMESTOP CORP (HLDG CO) CL A,7.49
2013-04-09,GME,36467W109,25276,GAMESTOP CORP (HLDG CO) CL A,7.565
2013-04-10,GME,36467W109,158628,GAMESTOP CORP (HLDG CO) CL A,7.47
2013-04-11,GME,36467W109,16976,GAMESTOP CORP (HLDG CO) CL A,7.4775
2013-04-12,GME,36467W109,4164,GAMESTOP CORP (HLDG CO) CL A,7.92
2013-04-15,GME,36467W109,593620,GAMESTOP CORP (HLDG CO) CL A,8.005
2013-04-16,GME,36467W109,512804,GAMESTOP CORP (HLDG CO) CL A,7.845
2013-04-17,GME,36467W109,15996,GAMESTOP CORP (HLDG CO) CL A,8.075
2013-04-18,GME,36467W109,5160,GAMESTOP CORP (HLDG CO) CL A,8.1925
2013-04-19,GME,36467W109,28588,GAMESTOP CORP (HLDG CO) CL A,8.17
2013-04-22,GME,36467W109,26432,GAMESTOP CORP (HLDG CO) CL A,8.1825
2013-04-23,GME,36467W109,288832,GAMESTOP CORP (HLDG CO) CL A,8.13
2013-04-24,GME,36467W109,32156,GAMESTOP CORP (HLDG CO) CL A,8.2975
2013-04-25,GME,36467W109,296036,GAMESTOP CORP (HLDG CO) CL A,8.5575
2013-04-26,GME,36467W109,305348,GAMESTOP CORP (HLDG CO) CL A,8.56
2013-04-29,GME,36467W109,13648,GAMESTOP CORP (HLDG CO) CL A,8.655
2013-04-30,GME,36467W109,26684,GAMESTOP CORP (HLDG CO) CL A,8.6425
2013-05-01,GME,36467W109,17188,GAMESTOP CORP (HLDG CO) CL A,8.725
2013-05-02,GME,36467W109,17744,GAMESTOP CORP (HLDG CO) CL A,8.685
2013-05-03,GME,36467W109,9808,GAMESTOP CORP (HLDG CO) CL A,9.0775
2013-05-06,GME,36467W109,11884,GAMESTOP CORP (HLDG CO) CL A,9.2875
2013-05-07,GME,36467W109,196132,GAMESTOP CORP (HLDG CO) CL A,9.2975
2013-05-08,GME,36467W109,88912,GAMESTOP CORP (HLDG CO) CL A,9.3225
2013-05-13,GME,36467W109,2908,GAMESTOP CORP (HLDG CO) CL A,9.595
2013-05-14,GME,36467W109,5376,GAMESTOP CORP (HLDG CO) CL A,9.5675
2013-05-15,GME,36467W109,9364,GAMESTOP CORP (HLDG CO) CL A,9.66
2013-05-16,GME,36467W109,28860,GAMESTOP CORP (HLDG CO) CL A,9.7475
2013-05-17,GME,36467W109,5284,GAMESTOP CORP (HLDG CO) CL A,9.5125
2013-05-20,GME,36467W109,5032,GAMESTOP CORP (HLDG CO) CL A,9.94
2013-05-21,GME,36467W109,31884,GAMESTOP CORP (HLDG CO) CL A,9.69
2013-05-22,GME,36467W109,982984,GAMESTOP CORP (HLDG CO) CL A,9.195
2013-05-23,GME,36467W109,6104,GAMESTOP CORP (HLDG CO) CL A,9.0625
2013-05-24,GME,36467W109,148312,GAMESTOP CORP (HLDG CO) CL A,9.0025
2013-05-29,GME,36467W109,10964,GAMESTOP CORP (HLDG CO) CL A,7.93
2013-05-30,GME,36467W109,35988,GAMESTOP CORP (HLDG CO) CL A,7.955
2013-05-31,GME,36467W109,98720,GAMESTOP CORP (HLDG CO) CL A,8.375
2013-06-03,GME,36467W109,80164,GAMESTOP CORP (HLDG CO) CL A,8.29
2013-06-04,GME,36467W109,1010776,GAMESTOP CORP (HLDG CO) CL A,8.60
2013-06-05,GME,36467W109,3512,GAMESTOP CORP (HLDG CO) CL A,8.8725
2013-06-06,GME,36467W109,820,GAMESTOP CORP (HLDG CO) CL A,8.715
2013-06-07,GME,36467W109,283244,GAMESTOP CORP (HLDG CO) CL A,8.655
2013-06-10,GME,36467W109,1073192,GAMESTOP CORP (HLDG CO) CL A,9.1875
2013-06-11,GME,36467W109,693452,GAMESTOP CORP (HLDG CO) CL A,8.7475
2013-06-12,GME,36467W109,253540,GAMESTOP CORP (HLDG CO) CL A,9.43
2013-06-13,GME,36467W109,157836,GAMESTOP CORP (HLDG CO) CL A,9.1475
2013-06-14,GME,36467W109,991280,GAMESTOP CORP (HLDG CO) CL A,9.3825
2013-06-17,GME,36467W109,4868,GAMESTOP CORP (HLDG CO) CL A,9.7525
2013-06-18,GME,36467W109,5280,GAMESTOP CORP (HLDG CO) CL A,9.625
2013-06-19,GME,36467W109,200,GAMESTOP CORP (HLDG CO) CL A,9.615
2013-06-20,GME,36467W109,3412,GAMESTOP CORP (HLDG CO) CL A,9.6325
2013-06-21,GME,36467W109,484,GAMESTOP CORP (HLDG CO) CL A,10.235
2013-06-24,GME,36467W109,8760,GAMESTOP CORP (HLDG CO) CL A,10.195
2013-06-25,GME,36467W109,776596,GAMESTOP CORP (HLDG CO) CL A,9.975
2013-06-26,GME,36467W109,802912,GAMESTOP CORP (HLDG CO) CL A,10.015
2013-06-27,GME,36467W109,9812,GAMESTOP CORP (HLDG CO) CL A,10.095
2013-06-28,GME,36467W109,11464,GAMESTOP CORP (HLDG CO) CL A,10.2175
2013-07-01,GME,36467W109,14792,GAMESTOP CORP (HLDG CO) CL A,10.5075
2013-07-02,GME,36467W109,26452,GAMESTOP CORP (HLDG CO) CL A,10.5525
2013-07-03,GME,36467W109,81700,GAMESTOP CORP (HLDG CO) CL A,10.5425
2013-07-05,GME,36467W109,80560,GAMESTOP CORP (HLDG CO) CL A,10.595
2013-07-08,GME,36467W109,62732,GAMESTOP CORP (HLDG CO) CL A,10.7475
2013-07-09,GME,36467W109,13604,GAMESTOP CORP (HLDG CO) CL A,10.6575
2013-07-10,GME,36467W109,17928,GAMESTOP CORP (HLDG CO) CL A,10.6725
2013-07-11,GME,36467W109,8356,GAMESTOP CORP (HLDG CO) CL A,10.605
2013-07-12,GME,36467W109,4648,GAMESTOP CORP (HLDG CO) CL A,10.65
2013-07-15,GME,36467W109,135860,GAMESTOP CORP (HLDG CO) CL A,10.7925
2013-07-16,GME,36467W109,2864,GAMESTOP CORP (HLDG CO) CL A,10.87
2013-07-17,GME,36467W109,2868,GAMESTOP CORP (HLDG CO) CL A,10.96
2013-07-18,GME,36467W109,1776,GAMESTOP CORP (HLDG CO) CL A,10.87
2013-07-19,GME,36467W109,61256,GAMESTOP CORP (HLDG CO) CL A,10.9075
2013-07-23,GME,36467W109,4724,GAMESTOP CORP (HLDG CO) CL A,10.755
2013-07-24,GME,36467W109,15696,GAMESTOP CORP (HLDG CO) CL A,10.605
2013-07-26,GME,36467W109,44896,GAMESTOP CORP (HLDG CO) CL A,11.1025
2013-07-29,GME,36467W109,9040,GAMESTOP CORP (HLDG CO) CL A,11.45
2013-07-30,GME,36467W109,428,GAMESTOP CORP (HLDG CO) CL A,11.3475
2013-07-31,GME,36467W109,3792,GAMESTOP CORP (HLDG CO) CL A,11.7275
2013-08-01,GME,36467W109,1600,GAMESTOP CORP (HLDG CO) CL A,12.265
2013-08-02,GME,36467W109,39124,GAMESTOP CORP (HLDG CO) CL A,12.495
2013-08-05,GME,36467W109,162096,GAMESTOP CORP (HLDG CO) CL A,12.5975
2013-08-06,GME,36467W109,1104,GAMESTOP CORP (HLDG CO) CL A,12.5725
2013-08-07,GME,36467W109,1240,GAMESTOP CORP (HLDG CO) CL A,12.2475
2013-08-09,GME,36467W109,166792,GAMESTOP CORP (HLDG CO) CL A,12.1225
2013-08-12,GME,36467W109,11400,GAMESTOP CORP (HLDG CO) CL A,12.2425
2013-08-13,GME,36467W109,400,GAMESTOP CORP (HLDG CO) CL A,12.37
2013-08-14,GME,36467W109,100,GAMESTOP CORP (HLDG CO) CL A,12.31
2013-08-15,GME,36467W109,8484,GAMESTOP CORP (HLDG CO) CL A,12.1725
2013-08-16,GME,36467W109,31628,GAMESTOP CORP (HLDG CO) CL A,11.9225
2013-08-20,GME,36467W109,2932,GAMESTOP CORP (HLDG CO) CL A,11.925
2013-08-21,GME,36467W109,1792,GAMESTOP CORP (HLDG CO) CL A,12.06
2013-08-23,GME,36467W109,1468,GAMESTOP CORP (HLDG CO) CL A,12.9775
2013-08-27,GME,36467W109,1372,GAMESTOP CORP (HLDG CO) CL A,13.095
2013-08-28,GME,36467W109,2968,GAMESTOP CORP (HLDG CO) CL A,12.3425
2013-08-29,GME,36467W109,12832,GAMESTOP CORP (HLDG CO) CL A,12.475
2013-08-30,GME,36467W109,17360,GAMESTOP CORP (HLDG CO) CL A,12.665
2013-09-03,GME,36467W109,435420,GAMESTOP CORP (HLDG CO) CL A,12.5525
2013-09-04,GME,36467W109,6008,GAMESTOP CORP (HLDG CO) CL A,12.4925
2013-09-05,GME,36467W109,197700,GAMESTOP CORP (HLDG CO) CL A,12.41
2013-09-06,GME,36467W109,2820,GAMESTOP CORP (HLDG CO) CL A,12.80
2013-09-09,GME,36467W109,236,GAMESTOP CORP (HLDG CO) CL A,12.4025
2013-09-10,GME,36467W109,3208,GAMESTOP CORP (HLDG CO) CL A,12.525
2013-09-11,GME,36467W109,1648,GAMESTOP CORP (HLDG CO) CL A,12.585
2013-09-12,GME,36467W109,1404,GAMESTOP CORP (HLDG CO) CL A,12.39
2013-09-18,GME,36467W109,133932,GAMESTOP CORP (HLDG CO) CL A,13.155
2013-09-19,GME,36467W109,5536,GAMESTOP CORP (HLDG CO) CL A,12.845
2013-09-23,GME,36467W109,5620,GAMESTOP CORP (HLDG CO) CL A,12.3575
2013-09-25,GME,36467W109,433584,GAMESTOP CORP (HLDG CO) CL A,12.7625
2013-09-26,GME,36467W109,47792,GAMESTOP CORP (HLDG CO) CL A,12.70
2013-09-27,GME,36467W109,2008,GAMESTOP CORP (HLDG CO) CL A,12.6075
2013-09-30,GME,36467W109,2560,GAMESTOP CORP (HLDG CO) CL A,12.4125
2013-10-01,GME,36467W109,732,GAMESTOP CORP (HLDG CO) CL A,12.4125
2013-10-02,GME,36467W109,5480,GAMESTOP CORP (HLDG CO) CL A,12.8025
2013-10-03,GME,36467W109,9044,GAMESTOP CORP (HLDG CO) CL A,12.58
2013-10-04,GME,36467W109,4916,GAMESTOP CORP (HLDG CO) CL A,12.455
2013-10-08,GME,36467W109,1836,GAMESTOP CORP (HLDG CO) CL A,12.395
2013-10-09,GME,36467W109,104628,GAMESTOP CORP (HLDG CO) CL A,12.33
2013-10-10,GME,36467W109,3440,GAMESTOP CORP (HLDG CO) CL A,12.505
2013-10-11,GME,36467W109,83680,GAMESTOP CORP (HLDG CO) CL A,12.9725
2013-10-15,GME,36467W109,2584,GAMESTOP CORP (HLDG CO) CL A,12.945
2013-10-16,GME,36467W109,29596,GAMESTOP CORP (HLDG CO) CL A,12.825
2013-10-17,GME,36467W109,58232,GAMESTOP CORP (HLDG CO) CL A,12.915
2013-10-21,GME,36467W109,2844,GAMESTOP CORP (HLDG CO) CL A,13.47
2013-10-23,GME,36467W109,5996,GAMESTOP CORP (HLDG CO) CL A,13.69
2013-10-25,GME,36467W109,20200,GAMESTOP CORP (HLDG CO) CL A,13.70
2013-10-31,GME,36467W109,51500,GAMESTOP CORP (HLDG CO) CL A,13.805
2013-11-01,GME,36467W109,2516,GAMESTOP CORP (HLDG CO) CL A,13.705
2013-11-04,GME,36467W109,33460,GAMESTOP CORP (HLDG CO) CL A,13.7625
2013-11-05,GME,36467W109,51792,GAMESTOP CORP (HLDG CO) CL A,13.825
2013-11-06,GME,36467W109,3456,GAMESTOP CORP (HLDG CO) CL A,14.14
2013-11-08,GME,36467W109,8920,GAMESTOP CORP (HLDG CO) CL A,13.455
2013-11-12,GME,36467W109,332412,GAMESTOP CORP (HLDG CO) CL A,13.845
2013-11-13,GME,36467W109,18076,GAMESTOP CORP (HLDG CO) CL A,14.24
2013-11-14,GME,36467W109,2336,GAMESTOP CORP (HLDG CO) CL A,14.3975
2013-11-15,GME,36467W109,28,GAMESTOP CORP (HLDG CO) CL A,14.3575
2013-11-18,GME,36467W109,24428,GAMESTOP CORP (HLDG CO) CL A,14.1325
2013-11-19,GME,36467W109,24524,GAMESTOP CORP (HLDG CO) CL A,13.76
2013-11-20,GME,36467W109,876,GAMESTOP CORP (HLDG CO) CL A,13.2975
2013-11-21,GME,36467W109,640,GAMESTOP CORP (HLDG CO) CL A,13.11
2013-11-22,GME,36467W109,6920,GAMESTOP CORP (HLDG CO) CL A,12.20
2013-11-25,GME,36467W109,4664,GAMESTOP CORP (HLDG CO) CL A,12.465
2013-11-26,GME,36467W109,1200,GAMESTOP CORP (HLDG CO) CL A,12.225
2013-11-27,GME,36467W109,59880,GAMESTOP CORP (HLDG CO) CL A,12.065
2013-11-29,GME,36467W109,154140,GAMESTOP CORP (HLDG CO) CL A,11.9425
2013-12-02,GME,36467W109,42372,GAMESTOP CORP (HLDG CO) CL A,12.0625
2013-12-03,GME,36467W109,2872,GAMESTOP CORP (HLDG CO) CL A,11.7425
2013-12-05,GME,36467W109,1260,GAMESTOP CORP (HLDG CO) CL A,11.4425
2013-12-06,GME,36467W109,2924,GAMESTOP CORP (HLDG CO) CL A,11.2825
2013-12-09,GME,36467W109,3708,GAMESTOP CORP (HLDG CO) CL A,11.27
2013-12-10,GME,36467W109,295916,GAMESTOP CORP (HLDG CO) CL A,11.395
2013-12-11,GME,36467W109,1072692,GAMESTOP CORP (HLDG CO) CL A,11.4425
2013-12-12,GME,36467W109,46468,GAMESTOP CORP (HLDG CO) CL A,11.3025
2013-12-13,GME,36467W109,764,GAMESTOP CORP (HLDG CO) CL A,11.4025
2013-12-16,GME,36467W109,10156,GAMESTOP CORP (HLDG CO) CL A,11.8225
2013-12-17,GME,36467W109,34288,GAMESTOP CORP (HLDG CO) CL A,12.0275
2013-12-19,GME,36467W109,6856,GAMESTOP CORP (HLDG CO) CL A,12.4825
2013-12-20,GME,36467W109,1480,GAMESTOP CORP (HLDG CO) CL A,12.4675
2013-12-23,GME,36467W109,85940,GAMESTOP CORP (HLDG CO) CL A,12.3125
2013-12-24,GME,36467W109,10180,GAMESTOP CORP (HLDG CO) CL A,12.63
2013-12-26,GME,36467W109,98940,GAMESTOP CORP (HLDG CO) CL A,12.7425
2013-12-27,GME,36467W109,11436,GAMESTOP CORP (HLDG CO) CL A,12.59
2013-12-30,GME,36467W109,9272,GAMESTOP CORP (HLDG CO) CL A,12.26
2013-12-31,GME,36467W109,48252,GAMESTOP CORP (HLDG CO) CL A,12.3175
2014-01-02,GME,36467W109,52684,GAMESTOP CORP (HLDG CO) CL A,12.315
2014-01-03,GME,36467W109,4888,GAMESTOP CORP (HLDG CO) CL A,12.4125
2014-01-06,GME,36467W109,768,GAMESTOP CORP (HLDG CO) CL A,12.31
2014-01-07,GME,36467W109,10328,GAMESTOP CORP (HLDG CO) CL A,12.0425
2014-01-08,GME,36467W109,1304,GAMESTOP CORP (HLDG CO) CL A,11.035
2014-01-09,GME,36467W109,29368,GAMESTOP CORP (HLDG CO) CL A,11.3375
2014-01-10,GME,36467W109,15208,GAMESTOP CORP (HLDG CO) CL A,11.2425
2014-01-13,GME,36467W109,2407408,GAMESTOP CORP (HLDG CO) CL A,11.38
2014-01-14,GME,36467W109,448,GAMESTOP CORP (HLDG CO) CL A,11.33
2014-01-15,GME,36467W109,8740,GAMESTOP CORP (HLDG CO) CL A,9.0775
2014-01-16,GME,36467W109,14540,GAMESTOP CORP (HLDG CO) CL A,9.2425
2014-01-17,GME,36467W109,2868,GAMESTOP CORP (HLDG CO) CL A,9.4375
2014-01-21,GME,36467W109,287664,GAMESTOP CORP (HLDG CO) CL A,9.4125
2014-01-22,GME,36467W109,13820,GAMESTOP CORP (HLDG CO) CL A,9.5525
2014-01-23,GME,36467W109,136472,GAMESTOP CORP (HLDG CO) CL A,9.8125
2014-01-24,GME,36467W109,53780,GAMESTOP CORP (HLDG CO) CL A,9.5625
2014-01-27,GME,36467W109,55404,GAMESTOP CORP (HLDG CO) CL A,9.13
2014-01-28,GME,36467W109,46504,GAMESTOP CORP (HLDG CO) CL A,9.33
2014-01-29,GME,36467W109,3152,GAMESTOP CORP (HLDG CO) CL A,9.0125
2014-01-30,GME,36467W109,21396,GAMESTOP CORP (HLDG CO) CL A,8.7675
2014-01-31,GME,36467W109,5800,GAMESTOP CORP (HLDG CO) CL A,8.8275
2014-02-03,GME,36467W109,1324,GAMESTOP CORP (HLDG CO) CL A,8.7675
2014-02-04,GME,36467W109,8184,GAMESTOP CORP (HLDG CO) CL A,8.4575
2014-02-05,GME,36467W109,1816,GAMESTOP CORP (HLDG CO) CL A,8.4875
2014-02-06,GME,36467W109,25588,GAMESTOP CORP (HLDG CO) CL A,8.69
2014-02-07,GME,36467W109,21116,GAMESTOP CORP (HLDG CO) CL A,8.8375
2014-02-10,GME,36467W109,19436,GAMESTOP CORP (HLDG CO) CL A,8.875
2014-02-11,GME,36467W109,3172,GAMESTOP CORP (HLDG CO) CL A,9.105
2014-02-12,GME,36467W109,9680,GAMESTOP CORP (HLDG CO) CL A,8.9375
2014-02-13,GME,36467W109,14752,GAMESTOP CORP (HLDG CO) CL A,9.1275
2014-02-14,GME,36467W109,149960,GAMESTOP CORP (HLDG CO) CL A,8.965
2014-02-18,GME,36467W109,2700,GAMESTOP CORP (HLDG CO) CL A,8.9025
2014-02-19,GME,36467W109,167928,GAMESTOP CORP (HLDG CO) CL A,9.035
2014-02-20,GME,36467W109,570388,GAMESTOP CORP (HLDG CO) CL A,8.90
2014-02-21,GME,36467W109,728,GAMESTOP CORP (HLDG CO) CL A,8.91
2014-02-24,GME,36467W109,4692,GAMESTOP CORP (HLDG CO) CL A,8.89
2014-02-26,GME,36467W109,670504,GAMESTOP CORP (HLDG CO) CL A,9.6175
2014-02-27,GME,36467W109,1020,GAMESTOP CORP (HLDG CO) CL A,9.5175
2014-02-28,GME,36467W109,10848,GAMESTOP CORP (HLDG CO) CL A,9.3125
2014-03-03,GME,36467W109,12868,GAMESTOP CORP (HLDG CO) CL A,9.3275
2014-03-04,GME,36467W109,34568,GAMESTOP CORP (HLDG CO) CL A,9.2975
2014-03-05,GME,36467W109,9172,GAMESTOP CORP (HLDG CO) CL A,9.3375
2014-03-07,GME,36467W109,7536,GAMESTOP CORP (HLDG CO) CL A,9.6725
2014-03-10,GME,36467W109,374868,GAMESTOP CORP (HLDG CO) CL A,9.63
2014-03-11,GME,36467W109,10424,GAMESTOP CORP (HLDG CO) CL A,9.6275
2014-03-12,GME,36467W109,613564,GAMESTOP CORP (HLDG CO) CL A,9.6225
2014-03-13,GME,36467W109,1070932,GAMESTOP CORP (HLDG CO) CL A,9.625
2014-03-14,GME,36467W109,532320,GAMESTOP CORP (HLDG CO) CL A,9.28
2014-03-17,GME,36467W109,260332,GAMESTOP CORP (HLDG CO) CL A,9.745
2014-03-18,GME,36467W109,26332,GAMESTOP CORP (HLDG CO) CL A,9.9375
2014-03-19,GME,36467W109,125892,GAMESTOP CORP (HLDG CO) CL A,9.5975
2014-03-20,GME,36467W109,24276,GAMESTOP CORP (HLDG CO) CL A,9.4025
2014-03-21,GME,36467W109,16240,GAMESTOP CORP (HLDG CO) CL A,9.61
2014-03-25,GME,36467W109,1392,GAMESTOP CORP (HLDG CO) CL A,9.5275
2014-03-26,GME,36467W109,97044,GAMESTOP CORP (HLDG CO) CL A,9.4475
2014-03-27,GME,36467W109,8576,GAMESTOP CORP (HLDG CO) CL A,9.725
2014-03-28,GME,36467W109,5660,GAMESTOP CORP (HLDG CO) CL A,9.3325
2014-03-31,GME,36467W109,10036,GAMESTOP CORP (HLDG CO) CL A,10.155
2014-04-01,GME,36467W109,800,GAMESTOP CORP (HLDG CO) CL A,10.275
2014-04-02,GME,36467W109,8272,GAMESTOP CORP (HLDG CO) CL A,10.645
2014-04-03,GME,36467W109,97092,GAMESTOP CORP (HLDG CO) CL A,10.8425
2014-04-04,GME,36467W109,157796,GAMESTOP CORP (HLDG CO) CL A,11.0975
2014-04-07,GME,36467W109,66100,GAMESTOP CORP (HLDG CO) CL A,10.71
2014-04-08,GME,36467W109,592028,GAMESTOP CORP (HLDG CO) CL A,10.88
2014-04-09,GME,36467W109,21292,GAMESTOP CORP (HLDG CO) CL A,10.935
2014-04-10,GME,36467W109,2444,GAMESTOP CORP (HLDG CO) CL A,10.795
2014-04-11,GME,36467W109,2396,GAMESTOP CORP (HLDG CO) CL A,10.3025
2014-04-15,GME,36467W109,181900,GAMESTOP CORP (HLDG CO) CL A,10.2925
2014-04-16,GME,36467W109,296,GAMESTOP CORP (HLDG CO) CL A,10.3625
2014-04-17,GME,36467W109,232456,GAMESTOP CORP (HLDG CO) CL A,10.185
2014-04-21,GME,36467W109,3476,GAMESTOP CORP (HLDG CO) CL A,10.3675
2014-04-22,GME,36467W109,8624,GAMESTOP CORP (HLDG CO) CL A,10.2425
2014-04-23,GME,36467W109,13020,GAMESTOP CORP (HLDG CO) CL A,10.5675
2014-04-24,GME,36467W109,4856,GAMESTOP CORP (HLDG CO) CL A,9.9775
2014-04-25,GME,36467W109,4792,GAMESTOP CORP (HLDG CO) CL A,10.0525
2014-04-28,GME,36467W109,2100,GAMESTOP CORP (HLDG CO) CL A,9.8425
2014-04-29,GME,36467W109,25340,GAMESTOP CORP (HLDG CO) CL A,10.085
2014-04-30,GME,36467W109,5156,GAMESTOP CORP (HLDG CO) CL A,10.0875
2014-05-01,GME,36467W109,1868,GAMESTOP CORP (HLDG CO) CL A,9.92
2014-05-02,GME,36467W109,824,GAMESTOP CORP (HLDG CO) CL A,9.815
2014-05-05,GME,36467W109,728,GAMESTOP CORP (HLDG CO) CL A,9.98
2014-05-06,GME,36467W109,100976,GAMESTOP CORP (HLDG CO) CL A,9.5375
2014-05-07,GME,36467W109,119956,GAMESTOP CORP (HLDG CO) CL A,9.415
2014-05-08,GME,36467W109,3312,GAMESTOP CORP (HLDG CO) CL A,8.96
2014-05-09,GME,36467W109,72032,GAMESTOP CORP (HLDG CO) CL A,9.005
2014-05-12,GME,36467W109,560,GAMESTOP CORP (HLDG CO) CL A,9.14
2014-05-13,GME,36467W109,996,GAMESTOP CORP (HLDG CO) CL A,9.205
2014-05-14,GME,36467W109,284,GAMESTOP CORP (HLDG CO) CL A,9.4625
2014-05-16,GME,36467W109,59536,GAMESTOP CORP (HLDG CO) CL A,8.9675
2014-05-19,GME,36467W109,53212,GAMESTOP CORP (HLDG CO) CL A,9.055
2014-05-20,GME,36467W109,6884,GAMESTOP CORP (HLDG CO) CL A,9.245
2014-05-21,GME,36467W109,13404,GAMESTOP CORP (HLDG CO) CL A,9.1075
2014-05-23,GME,36467W109,14332,GAMESTOP CORP (HLDG CO) CL A,9.22
2014-05-27,GME,36467W109,2760,GAMESTOP CORP (HLDG CO) CL A,9.6075
2014-05-28,GME,36467W109,581604,GAMESTOP CORP (HLDG CO) CL A,9.3225
2014-05-29,GME,36467W109,5968,GAMESTOP CORP (HLDG CO) CL A,9.5525
2014-06-02,GME,36467W109,5520,GAMESTOP CORP (HLDG CO) CL A,9.4625
2014-06-03,GME,36467W109,4284,GAMESTOP CORP (HLDG CO) CL A,9.14
2014-06-04,GME,36467W109,1499128,GAMESTOP CORP (HLDG CO) CL A,9.1425
2014-06-05,GME,36467W109,1788,GAMESTOP CORP (HLDG CO) CL A,9.315
2014-06-06,GME,36467W109,472,GAMESTOP CORP (HLDG CO) CL A,9.1725
2014-06-09,GME,36467W109,111064,GAMESTOP CORP (HLDG CO) CL A,9.32
2014-06-10,GME,36467W109,2180,GAMESTOP CORP (HLDG CO) CL A,9.13
2014-06-11,GME,36467W109,15200,GAMESTOP CORP (HLDG CO) CL A,9.3225
2014-06-12,GME,36467W109,5488,GAMESTOP CORP (HLDG CO) CL A,9.435
2014-06-16,GME,36467W109,4904,GAMESTOP CORP (HLDG CO) CL A,9.2475
2014-06-17,GME,36467W109,3064,GAMESTOP CORP (HLDG CO) CL A,9.43
2014-06-19,GME,36467W109,200,GAMESTOP CORP (HLDG CO) CL A,10.00
2014-06-20,GME,36467W109,373700,GAMESTOP CORP (HLDG CO) CL A,9.99
2014-06-23,GME,36467W109,176032,GAMESTOP CORP (HLDG CO) CL A,10.0275
2014-06-24,GME,36467W109,52756,GAMESTOP CORP (HLDG CO) CL A,10.10
2014-06-25,GME,36467W109,22352,GAMESTOP CORP (HLDG CO) CL A,10.06
2014-06-26,GME,36467W109,10000,GAMESTOP CORP (HLDG CO) CL A,10.0525
2014-06-27,GME,36467W109,11596,GAMESTOP CORP (HLDG CO) CL A,10.1425
2014-06-30,GME,36467W109,17444,GAMESTOP CORP (HLDG CO) CL A,10.0875
2014-07-01,GME,36467W109,19652,GAMESTOP CORP (HLDG CO) CL A,10.1175
2014-07-02,GME,36467W109,110520,GAMESTOP CORP (HLDG CO) CL A,10.125
2014-07-03,GME,36467W109,158704,GAMESTOP CORP (HLDG CO) CL A,10.2175
2014-07-07,GME,36467W109,489468,GAMESTOP CORP (HLDG CO) CL A,10.44
2014-07-08,GME,36467W109,116,GAMESTOP CORP (HLDG CO) CL A,10.3975
2014-07-09,GME,36467W109,21408,GAMESTOP CORP (HLDG CO) CL A,10.41
2014-07-10,GME,36467W109,22116,GAMESTOP CORP (HLDG CO) CL A,10.4475
2014-07-11,GME,36467W109,331464,GAMESTOP CORP (HLDG CO) CL A,10.445
2014-07-14,GME,36467W109,64696,GAMESTOP CORP (HLDG CO) CL A,10.31
2014-07-15,GME,36467W109,279584,GAMESTOP CORP (HLDG CO) CL A,10.445
2014-07-16,GME,36467W109,87532,GAMESTOP CORP (HLDG CO) CL A,10.255
2014-07-17,GME,36467W109,1916,GAMESTOP CORP (HLDG CO) CL A,10.385
2014-07-18,GME,36467W109,17220,GAMESTOP CORP (HLDG CO) CL A,10.3125
2014-07-21,GME,36467W109,22736,GAMESTOP CORP (HLDG CO) CL A,10.7075
2014-07-22,GME,36467W109,166876,GAMESTOP CORP (HLDG CO) CL A,10.7125
2014-07-23,GME,36467W109,15104,GAMESTOP CORP (HLDG CO) CL A,11.0225
2014-07-24,GME,36467W109,36888,GAMESTOP CORP (HLDG CO) CL A,11.18
2014-07-25,GME,36467W109,85056,GAMESTOP CORP (HLDG CO) CL A,11.525
2014-07-28,GME,36467W109,52116,GAMESTOP CORP (HLDG CO) CL A,11.42
2014-07-29,GME,36467W109,267992,GAMESTOP CORP (HLDG CO) CL A,11.52
2014-07-30,GME,36467W109,7160,GAMESTOP CORP (HLDG CO) CL A,10.8575
2014-08-01,GME,36467W109,743472,GAMESTOP CORP (HLDG CO) CL A,10.4925
2014-08-04,GME,36467W109,143040,GAMESTOP CORP (HLDG CO) CL A,10.305
2014-08-05,GME,36467W109,6056,GAMESTOP CORP (HLDG CO) CL A,10.4225
2014-08-06,GME,36467W109,7992,GAMESTOP CORP (HLDG CO) CL A,10.3325
2014-08-07,GME,36467W109,9060,GAMESTOP CORP (HLDG CO) CL A,10.375
2014-08-08,GME,36467W109,11132,GAMESTOP CORP (HLDG CO) CL A,10.2175
2014-08-11,GME,36467W109,1120,GAMESTOP CORP (HLDG CO) CL A,10.175
2014-08-12,GME,36467W109,2096,GAMESTOP CORP (HLDG CO) CL A,10.41
2014-08-13,GME,36467W109,12908,GAMESTOP CORP (HLDG CO) CL A,10.2325
2014-08-14,GME,36467W109,2072,GAMESTOP CORP (HLDG CO) CL A,10.335
2014-08-15,GME,36467W109,9812,GAMESTOP CORP (HLDG CO) CL A,10.4575
2014-08-18,GME,36467W109,6216,GAMESTOP CORP (HLDG CO) CL A,9.91
2014-08-19,GME,36467W109,77368,GAMESTOP CORP (HLDG CO) CL A,10.1625
2014-08-20,GME,36467W109,14920,GAMESTOP CORP (HLDG CO) CL A,10.22
2014-08-21,GME,36467W109,23672,GAMESTOP CORP (HLDG CO) CL A,10.3325
2014-08-22,GME,36467W109,4012,GAMESTOP CORP (HLDG CO) CL A,10.1225
2014-08-25,GME,36467W109,4516,GAMESTOP CORP (HLDG CO) CL A,10.725
2014-08-26,GME,36467W109,780376,GAMESTOP CORP (HLDG CO) CL A,10.6025
2014-08-27,GME,36467W109,173932,GAMESTOP CORP (HLDG CO) CL A,10.6925
2014-08-28,GME,36467W109,93512,GAMESTOP CORP (HLDG CO) CL A,10.7475
2014-08-29,GME,36467W109,176,GAMESTOP CORP (HLDG CO) CL A,10.7925
2014-09-02,GME,36467W109,14248,GAMESTOP CORP (HLDG CO) CL A,10.55
2014-09-03,GME,36467W109,207288,GAMESTOP CORP (HLDG CO) CL A,10.9375
2014-09-04,GME,36467W109,7228,GAMESTOP CORP (HLDG CO) CL A,10.8825
2014-09-05,GME,36467W109,7352,GAMESTOP CORP (HLDG CO) CL A,11.11
2014-09-08,GME,36467W109,1452,GAMESTOP CORP (HLDG CO) CL A,11.31
2014-09-09,GME,36467W109,3560,GAMESTOP CORP (HLDG CO) CL A,11.07
2014-09-10,GME,36467W109,42560,GAMESTOP CORP (HLDG CO) CL A,10.79
2014-09-11,GME,36467W109,5988,GAMESTOP CORP (HLDG CO) CL A,10.785
2014-09-12,GME,36467W109,1500,GAMESTOP CORP (HLDG CO) CL A,10.99
2014-09-15,GME,36467W109,7968,GAMESTOP CORP (HLDG CO) CL A,10.9025
2014-09-16,GME,36467W109,3928,GAMESTOP CORP (HLDG CO) CL A,10.8775
2014-09-17,GME,36467W109,405092,GAMESTOP CORP (HLDG CO) CL A,11.2125
2014-09-18,GME,36467W109,59840,GAMESTOP CORP (HLDG CO) CL A,11.005
2014-09-19,GME,36467W109,7408,GAMESTOP CORP (HLDG CO) CL A,11.0575
2014-09-24,GME,36467W109,2508,GAMESTOP CORP (HLDG CO) CL A,10.595
2014-09-25,GME,36467W109,38692,GAMESTOP CORP (HLDG CO) CL A,10.7925
2014-09-26,GME,36467W109,6532,GAMESTOP CORP (HLDG CO) CL A,10.515
2014-09-29,GME,36467W109,3368,GAMESTOP CORP (HLDG CO) CL A,10.51
2014-09-30,GME,36467W109,1144,GAMESTOP CORP (HLDG CO) CL A,10.515
2014-10-01,GME,36467W109,14784,GAMESTOP CORP (HLDG CO) CL A,10.30
2014-10-02,GME,36467W109,6512,GAMESTOP CORP (HLDG CO) CL A,10.095
2014-10-03,GME,36467W109,85252,GAMESTOP CORP (HLDG CO) CL A,10.22
2014-10-06,GME,36467W109,919344,GAMESTOP CORP (HLDG CO) CL A,10.115
2014-10-07,GME,36467W109,6432,GAMESTOP CORP (HLDG CO) CL A,9.89
2014-10-08,GME,36467W109,6768,GAMESTOP CORP (HLDG CO) CL A,9.7525
2014-10-09,GME,36467W109,5124,GAMESTOP CORP (HLDG CO) CL A,9.91
2014-10-10,GME,36467W109,4892,GAMESTOP CORP (HLDG CO) CL A,9.575
2014-10-14,GME,36467W109,2216,GAMESTOP CORP (HLDG CO) CL A,9.30
2014-10-15,GME,36467W109,72408,GAMESTOP CORP (HLDG CO) CL A,9.30
2014-10-16,GME,36467W109,129456,GAMESTOP CORP (HLDG CO) CL A,9.615
2014-10-17,GME,36467W109,256320,GAMESTOP CORP (HLDG CO) CL A,9.8075
2014-10-20,GME,36467W109,18360,GAMESTOP CORP (HLDG CO) CL A,9.965
2014-10-21,GME,36467W109,23380,GAMESTOP CORP (HLDG CO) CL A,10.165
2014-10-22,GME,36467W109,100140,GAMESTOP CORP (HLDG CO) CL A,10.1775
2014-10-23,GME,36467W109,5324,GAMESTOP CORP (HLDG CO) CL A,10.15
2014-10-24,GME,36467W109,1980,GAMESTOP CORP (HLDG CO) CL A,10.315
2014-10-27,GME,36467W109,39448,GAMESTOP CORP (HLDG CO) CL A,10.5075
2014-10-28,GME,36467W109,1016,GAMESTOP CORP (HLDG CO) CL A,10.4525
2014-10-29,GME,36467W109,420,GAMESTOP CORP (HLDG CO) CL A,10.2575
2014-10-30,GME,36467W109,6572,GAMESTOP CORP (HLDG CO) CL A,10.3825
2014-10-31,GME,36467W109,29852,GAMESTOP CORP (HLDG CO) CL A,10.52
2014-11-03,GME,36467W109,9312,GAMESTOP CORP (HLDG CO) CL A,10.69
2014-11-04,GME,36467W109,10448,GAMESTOP CORP (HLDG CO) CL A,10.6775
2014-11-05,GME,36467W109,632856,GAMESTOP CORP (HLDG CO) CL A,10.6825
2014-11-06,GME,36467W109,44324,GAMESTOP CORP (HLDG CO) CL A,10.76
2014-11-07,GME,36467W109,900,GAMESTOP CORP (HLDG CO) CL A,11.1825
2014-11-10,GME,36467W109,2424,GAMESTOP CORP (HLDG CO) CL A,10.9225
2014-11-12,GME,36467W109,246700,GAMESTOP CORP (HLDG CO) CL A,10.625
2014-11-13,GME,36467W109,5732,GAMESTOP CORP (HLDG CO) CL A,10.8525
2014-11-14,GME,36467W109,1872216,GAMESTOP CORP (HLDG CO) CL A,11.115
2014-11-17,GME,36467W109,204608,GAMESTOP CORP (HLDG CO) CL A,11.10
2014-11-18,GME,36467W109,1052356,GAMESTOP CORP (HLDG CO) CL A,11.025
2014-11-19,GME,36467W109,546480,GAMESTOP CORP (HLDG CO) CL A,11.005
2014-11-20,GME,36467W109,771120,GAMESTOP CORP (HLDG CO) CL A,10.9025
2014-11-21,GME,36467W109,2072356,GAMESTOP CORP (HLDG CO) CL A,10.9675
2014-11-24,GME,36467W109,2248176,GAMESTOP CORP (HLDG CO) CL A,9.465
2014-11-25,GME,36467W109,5770296,GAMESTOP CORP (HLDG CO) CL A,9.44
2014-11-26,GME,36467W109,2773768,GAMESTOP CORP (HLDG CO) CL A,9.35
2014-11-28,GME,36467W109,223860,GAMESTOP CORP (HLDG CO) CL A,9.30
2014-12-01,GME,36467W109,621208,GAMESTOP CORP (HLDG CO) CL A,9.4525
2014-12-02,GME,36467W109,335116,GAMESTOP CORP (HLDG CO) CL A,8.9575
2014-12-03,GME,36467W109,252136,GAMESTOP CORP (HLDG CO) CL A,8.885
2014-12-04,GME,36467W109,1054444,GAMESTOP CORP (HLDG CO) CL A,9.1525
2014-12-05,GME,36467W109,800172,GAMESTOP CORP (HLDG CO) CL A,9.2675
2014-12-08,GME,36467W109,928664,GAMESTOP CORP (HLDG CO) CL A,9.355
2014-12-09,GME,36467W109,1081016,GAMESTOP CORP (HLDG CO) CL A,8.7975
2014-12-10,GME,36467W109,143192,GAMESTOP CORP (HLDG CO) CL A,8.8925
2014-12-11,GME,36467W109,418748,GAMESTOP CORP (HLDG CO) CL A,8.3325
2014-12-12,GME,36467W109,480736,GAMESTOP CORP (HLDG CO) CL A,8.4775
2014-12-15,GME,36467W109,20576,GAMESTOP CORP (HLDG CO) CL A,8.075
2014-12-16,GME,36467W109,1796,GAMESTOP CORP (HLDG CO) CL A,8.2325
2014-12-17,GME,36467W109,109260,GAMESTOP CORP (HLDG CO) CL A,7.98
2014-12-18,GME,36467W109,434348,GAMESTOP CORP (HLDG CO) CL A,8.1725
2014-12-19,GME,36467W109,179584,GAMESTOP CORP (HLDG CO) CL A,8.275
2014-12-22,GME,36467W109,739656,GAMESTOP CORP (HLDG CO) CL A,8.625
2014-12-23,GME,36467W109,310556,GAMESTOP CORP (HLDG CO) CL A,8.53
2014-12-24,GME,36467W109,1036008,GAMESTOP CORP (HLDG CO) CL A,8.6575
2014-12-26,GME,36467W109,97612,GAMESTOP CORP (HLDG CO) CL A,8.3475
2014-12-29,GME,36467W109,403080,GAMESTOP CORP (HLDG CO) CL A,8.4125
2014-12-30,GME,36467W109,83272,GAMESTOP CORP (HLDG CO) CL A,8.4125
2014-12-31,GME,36467W109,187860,GAMESTOP CORP (HLDG CO) CL A,8.4575
2015-01-02,GME,36467W109,136980,GAMESTOP CORP (HLDG CO) CL A,8.45
2015-01-05,GME,36467W109,109580,GAMESTOP CORP (HLDG CO) CL A,8.45
2015-01-06,GME,36467W109,184152,GAMESTOP CORP (HLDG CO) CL A,8.68
2015-01-07,GME,36467W109,543416,GAMESTOP CORP (HLDG CO) CL A,8.4225
2015-01-08,GME,36467W109,2417736,GAMESTOP CORP (HLDG CO) CL A,8.325
2015-01-09,GME,36467W109,924752,GAMESTOP CORP (HLDG CO) CL A,8.4225
2015-01-12,GME,36467W109,96668,GAMESTOP CORP (HLDG CO) CL A,8.0675
2015-01-13,GME,36467W109,2324972,GAMESTOP CORP (HLDG CO) CL A,8.4425
2015-01-14,GME,36467W109,2881304,GAMESTOP CORP (HLDG CO) CL A,8.1925
2015-01-15,GME,36467W109,2101940,GAMESTOP CORP (HLDG CO) CL A,9.0525
2015-01-16,GME,36467W109,1285240,GAMESTOP CORP (HLDG CO) CL A,8.615
2015-01-20,GME,36467W109,2475360,GAMESTOP CORP (HLDG CO) CL A,9.0875
2015-01-21,GME,36467W109,2070104,GAMESTOP CORP (HLDG CO) CL A,9.0175
2015-01-22,GME,36467W109,873840,GAMESTOP CORP (HLDG CO) CL A,9.21
2015-01-23,GME,36467W109,279156,GAMESTOP CORP (HLDG CO) CL A,9.28
2015-01-26,GME,36467W109,253976,GAMESTOP CORP (HLDG CO) CL A,9.35
2015-01-27,GME,36467W109,577372,GAMESTOP CORP (HLDG CO) CL A,9.54
2015-01-28,GME,36467W109,317224,GAMESTOP CORP (HLDG CO) CL A,9.57
2015-01-29,GME,36467W109,12388,GAMESTOP CORP (HLDG CO) CL A,9.4025
2015-01-30,GME,36467W109,15652,GAMESTOP CORP (HLDG CO) CL A,9.0675
2015-02-02,GME,36467W109,896148,GAMESTOP CORP (HLDG CO) CL A,8.8125
2015-02-03,GME,36467W109,181252,GAMESTOP CORP (HLDG CO) CL A,9.2075
2015-02-04,GME,36467W109,232052,GAMESTOP CORP (HLDG CO) CL A,9.375
2015-02-05,GME,36467W109,393520,GAMESTOP CORP (HLDG CO) CL A,9.1575
2015-02-06,GME,36467W109,26336,GAMESTOP CORP (HLDG CO) CL A,9.175
2015-02-09,GME,36467W109,1184,GAMESTOP CORP (HLDG CO) CL A,9.19
2015-02-10,GME,36467W109,18188,GAMESTOP CORP (HLDG CO) CL A,9.295
2015-02-11,GME,36467W109,5300,GAMESTOP CORP (HLDG CO) CL A,9.51
2015-02-12,GME,36467W109,51124,GAMESTOP CORP (HLDG CO) CL A,9.38
2015-02-13,GME,36467W109,43148,GAMESTOP CORP (HLDG CO) CL A,9.3125
2015-02-17,GME,36467W109,28076,GAMESTOP CORP (HLDG CO) CL A,9.3375
2015-02-18,GME,36467W109,280516,GAMESTOP CORP (HLDG CO) CL A,9.34
2015-02-19,GME,36467W109,267120,GAMESTOP CORP (HLDG CO) CL A,9.375
2015-02-20,GME,36467W109,107992,GAMESTOP CORP (HLDG CO) CL A,9.3825
2015-02-23,GME,36467W109,182336,GAMESTOP CORP (HLDG CO) CL A,9.3725
2015-02-24,GME,36467W109,334712,GAMESTOP CORP (HLDG CO) CL A,9.3375
2015-02-25,GME,36467W109,1599172,GAMESTOP CORP (HLDG CO) CL A,9.285
2015-02-26,GME,36467W109,131532,GAMESTOP CORP (HLDG CO) CL A,9.32
2015-02-27,GME,36467W109,23904,GAMESTOP CORP (HLDG CO) CL A,9.2575
2015-03-02,GME,36467W109,6612,GAMESTOP CORP (HLDG CO) CL A,9.2425
2015-03-03,GME,36467W109,77572,GAMESTOP CORP (HLDG CO) CL A,9.6675
2015-03-04,GME,36467W109,412908,GAMESTOP CORP (HLDG CO) CL A,9.67
2015-03-05,GME,36467W109,608308,GAMESTOP CORP (HLDG CO) CL A,10.0075
2015-03-06,GME,36467W109,759084,GAMESTOP CORP (HLDG CO) CL A,10.00
2015-03-09,GME,36467W109,317836,GAMESTOP CORP (HLDG CO) CL A,10.04
2015-03-10,GME,36467W109,416900,GAMESTOP CORP (HLDG CO) CL A,10.2075
2015-03-11,GME,36467W109,434176,GAMESTOP CORP (HLDG CO) CL A,10.1625
2015-03-12,GME,36467W109,242988,GAMESTOP CORP (HLDG CO) CL A,9.87
2015-03-13,GME,36467W109,1347452,GAMESTOP CORP (HLDG CO) CL A,9.92
2015-03-16,GME,36467W109,440988,GAMESTOP CORP (HLDG CO) CL A,10.175
2015-03-17,GME,36467W109,585096,GAMESTOP CORP (HLDG CO) CL A,10.2725
2015-03-18,GME,36467W109,312420,GAMESTOP CORP (HLDG CO) CL A,10.2275
2015-03-19,GME,36467W109,213852,GAMESTOP CORP (HLDG CO) CL A,10.28
2015-03-20,GME,36467W109,17220,GAMESTOP CORP (HLDG CO) CL A,10.1975
2015-03-23,GME,36467W109,70668,GAMESTOP CORP (HLDG CO) CL A,10.23
2015-03-24,GME,36467W109,299364,GAMESTOP CORP (HLDG CO) CL A,10.335
2015-03-25,GME,36467W109,53264,GAMESTOP CORP (HLDG CO) CL A,10.2275
2015-03-26,GME,36467W109,42580,GAMESTOP CORP (HLDG CO) CL A,9.9525
2015-03-27,GME,36467W109,11728,GAMESTOP CORP (HLDG CO) CL A,9.6975
2015-03-30,GME,36467W109,155832,GAMESTOP CORP (HLDG CO) CL A,9.59
2015-03-31,GME,36467W109,758532,GAMESTOP CORP (HLDG CO) CL A,9.4225
2015-04-01,GME,36467W109,107616,GAMESTOP CORP (HLDG CO) CL A,9.49
2015-04-02,GME,36467W109,50760,GAMESTOP CORP (HLDG CO) CL A,9.445
2015-04-06,GME,36467W109,184044,GAMESTOP CORP (HLDG CO) CL A,9.55
2015-04-07,GME,36467W109,5244,GAMESTOP CORP (HLDG CO) CL A,9.5925
2015-04-08,GME,36467W109,20648,GAMESTOP CORP (HLDG CO) CL A,9.495
2015-04-09,GME,36467W109,54776,GAMESTOP CORP (HLDG CO) CL A,9.6775
2015-04-10,GME,36467W109,273168,GAMESTOP CORP (HLDG CO) CL A,9.9975
2015-04-13,GME,36467W109,56604,GAMESTOP CORP (HLDG CO) CL A,10.10
2015-04-14,GME,36467W109,69216,GAMESTOP CORP (HLDG CO) CL A,10.105
2015-04-15,GME,36467W109,11364,GAMESTOP CORP (HLDG CO) CL A,10.10
2015-04-16,GME,36467W109,3540,GAMESTOP CORP (HLDG CO) CL A,10.2225
2015-04-17,GME,36467W109,8396,GAMESTOP CORP (HLDG CO) CL A,10.235
2015-04-20,GME,36467W109,169600,GAMESTOP CORP (HLDG CO) CL A,9.915
2015-04-21,GME,36467W109,174064,GAMESTOP CORP (HLDG CO) CL A,10.08
2015-04-22,GME,36467W109,269528,GAMESTOP CORP (HLDG CO) CL A,10.02
2015-04-23,GME,36467W109,33636,GAMESTOP CORP (HLDG CO) CL A,10.06
2015-04-24,GME,36467W109,20396,GAMESTOP CORP (HLDG CO) CL A,10.08
2015-04-27,GME,36467W109,117112,GAMESTOP CORP (HLDG CO) CL A,10.1775
2015-04-28,GME,36467W109,111352,GAMESTOP CORP (HLDG CO) CL A,10.07
2015-04-29,GME,36467W109,32828,GAMESTOP CORP (HLDG CO) CL A,10.0975
2015-04-30,GME,36467W109,2652,GAMESTOP CORP (HLDG CO) CL A,9.8325
2015-05-01,GME,36467W109,5436,GAMESTOP CORP (HLDG CO) CL A,9.635
2015-05-04,GME,36467W109,8820,GAMESTOP CORP (HLDG CO) CL A,9.7925
2015-05-05,GME,36467W109,3656,GAMESTOP CORP (HLDG CO) CL A,10.03
2015-05-06,GME,36467W109,44088,GAMESTOP CORP (HLDG CO) CL A,10.005
2015-05-07,GME,36467W109,1740,GAMESTOP CORP (HLDG CO) CL A,9.7825
2015-05-08,GME,36467W109,6688,GAMESTOP CORP (HLDG CO) CL A,9.8775
2015-05-11,GME,36467W109,7136,GAMESTOP CORP (HLDG CO) CL A,10.0475
2015-05-12,GME,36467W109,2588,GAMESTOP CORP (HLDG CO) CL A,9.94
2015-05-13,GME,36467W109,6472,GAMESTOP CORP (HLDG CO) CL A,9.7625
2015-05-14,GME,36467W109,6556,GAMESTOP CORP (HLDG CO) CL A,9.80
2015-05-15,GME,36467W109,3772,GAMESTOP CORP (HLDG CO) CL A,9.7925
2015-05-18,GME,36467W109,41300,GAMESTOP CORP (HLDG CO) CL A,10.015
2015-05-19,GME,36467W109,7964,GAMESTOP CORP (HLDG CO) CL A,10.06
2015-05-20,GME,36467W109,17704,GAMESTOP CORP (HLDG CO) CL A,10.0775
2015-05-21,GME,36467W109,51016,GAMESTOP CORP (HLDG CO) CL A,10.035
2015-05-22,GME,36467W109,5228,GAMESTOP CORP (HLDG CO) CL A,10.1925
2015-05-26,GME,36467W109,39444,GAMESTOP CORP (HLDG CO) CL A,10.20
2015-05-27,GME,36467W109,67528,GAMESTOP CORP (HLDG CO) CL A,10.045
2015-05-28,GME,36467W109,222932,GAMESTOP CORP (HLDG CO) CL A,9.8675
2015-05-29,GME,36467W109,70612,GAMESTOP CORP (HLDG CO) CL A,10.23
2015-06-01,GME,36467W109,3768,GAMESTOP CORP (HLDG CO) CL A,10.8525
2015-06-02,GME,36467W109,160268,GAMESTOP CORP (HLDG CO) CL A,10.8675
2015-06-03,GME,36467W109,104572,GAMESTOP CORP (HLDG CO) CL A,10.9925
2015-06-04,GME,36467W109,319652,GAMESTOP CORP (HLDG CO) CL A,10.93
2015-06-05,GME,36467W109,288432,GAMESTOP CORP (HLDG CO) CL A,11.005
2015-06-08,GME,36467W109,656324,GAMESTOP CORP (HLDG CO) CL A,11.035
2015-06-09,GME,36467W109,709412,GAMESTOP CORP (HLDG CO) CL A,10.7625
2015-06-10,GME,36467W109,722916,GAMESTOP CORP (HLDG CO) CL A,10.725
2015-06-11,GME,36467W109,142868,GAMESTOP CORP (HLDG CO) CL A,10.7125
2015-06-12,GME,36467W109,22472,GAMESTOP CORP (HLDG CO) CL A,10.75
2015-06-15,GME,36467W109,8520,GAMESTOP CORP (HLDG CO) CL A,10.74
2015-06-16,GME,36467W109,10900,GAMESTOP CORP (HLDG CO) CL A,10.63
2015-06-17,GME,36467W109,23768,GAMESTOP CORP (HLDG CO) CL A,10.6275
2015-06-18,GME,36467W109,8436,GAMESTOP CORP (HLDG CO) CL A,10.7575
2015-06-19,GME,36467W109,37184,GAMESTOP CORP (HLDG CO) CL A,10.7975
2015-06-22,GME,36467W109,103968,GAMESTOP CORP (HLDG CO) CL A,10.7725
2015-06-23,GME,36467W109,6188,GAMESTOP CORP (HLDG CO) CL A,10.9725
2015-06-24,GME,36467W109,31276,GAMESTOP CORP (HLDG CO) CL A,11.09
2015-06-25,GME,36467W109,88364,GAMESTOP CORP (HLDG CO) CL A,11.1375
2015-06-26,GME,36467W109,158372,GAMESTOP CORP (HLDG CO) CL A,10.915
2015-06-29,GME,36467W109,219004,GAMESTOP CORP (HLDG CO) CL A,11.01
2015-06-30,GME,36467W109,2772,GAMESTOP CORP (HLDG CO) CL A,10.6925
2015-07-01,GME,36467W109,74128,GAMESTOP CORP (HLDG CO) CL A,10.74
2015-07-02,GME,36467W109,4272,GAMESTOP CORP (HLDG CO) CL A,11.03
2015-07-06,GME,36467W109,5852,GAMESTOP CORP (HLDG CO) CL A,10.89
2015-07-07,GME,36467W109,3776,GAMESTOP CORP (HLDG CO) CL A,11.08
2015-07-08,GME,36467W109,18056,GAMESTOP CORP (HLDG CO) CL A,11.5075
2015-07-09,GME,36467W109,2220,GAMESTOP CORP (HLDG CO) CL A,11.435
2015-07-10,GME,36467W109,4844,GAMESTOP CORP (HLDG CO) CL A,11.725
2015-07-13,GME,36467W109,84632,GAMESTOP CORP (HLDG CO) CL A,11.74
2015-07-14,GME,36467W109,92220,GAMESTOP CORP (HLDG CO) CL A,11.8375
2015-07-15,GME,36467W109,28172,GAMESTOP CORP (HLDG CO) CL A,11.6825
2015-07-16,GME,36467W109,9256,GAMESTOP CORP (HLDG CO) CL A,11.605
2015-07-17,GME,36467W109,2200,GAMESTOP CORP (HLDG CO) CL A,11.8075
2015-07-20,GME,36467W109,6556,GAMESTOP CORP (HLDG CO) CL A,11.6675
2015-07-21,GME,36467W109,36000,GAMESTOP CORP (HLDG CO) CL A,11.7075
2015-07-22,GME,36467W109,55284,GAMESTOP CORP (HLDG CO) CL A,11.735
2015-07-23,GME,36467W109,14020,GAMESTOP CORP (HLDG CO) CL A,11.80
2015-07-24,GME,36467W109,74724,GAMESTOP CORP (HLDG CO) CL A,11.735
2015-07-27,GME,36467W109,630860,GAMESTOP CORP (HLDG CO) CL A,11.3725
2015-07-28,GME,36467W109,12692,GAMESTOP CORP (HLDG CO) CL A,11.33
2015-07-29,GME,36467W109,7224,GAMESTOP CORP (HLDG CO) CL A,11.32
2015-07-30,GME,36467W109,33468,GAMESTOP CORP (HLDG CO) CL A,11.4675
2015-07-31,GME,36467W109,27900,GAMESTOP CORP (HLDG CO) CL A,11.54
2015-08-03,GME,36467W109,171220,GAMESTOP CORP (HLDG CO) CL A,11.4625
2015-08-04,GME,36467W109,144972,GAMESTOP CORP (HLDG CO) CL A,11.2375
2015-08-05,GME,36467W109,3476,GAMESTOP CORP (HLDG CO) CL A,11.3925
2015-08-06,GME,36467W109,5504,GAMESTOP CORP (HLDG CO) CL A,11.5975
2015-08-07,GME,36467W109,8580,GAMESTOP CORP (HLDG CO) CL A,11.3375
2015-08-10,GME,36467W109,6096,GAMESTOP CORP (HLDG CO) CL A,11.2925
2015-08-11,GME,36467W109,14092,GAMESTOP CORP (HLDG CO) CL A,11.4525
2015-08-12,GME,36467W109,11020,GAMESTOP CORP (HLDG CO) CL A,11.43
2015-08-13,GME,36467W109,20,GAMESTOP CORP (HLDG CO) CL A,11.405
2015-08-14,GME,36467W109,6576,GAMESTOP CORP (HLDG CO) CL A,11.525
2015-08-17,GME,36467W109,3220,GAMESTOP CORP (HLDG CO) CL A,11.86
2015-08-18,GME,36467W109,27548,GAMESTOP CORP (HLDG CO) CL A,11.7375
2015-08-19,GME,36467W109,951432,GAMESTOP CORP (HLDG CO) CL A,11.7475
2015-08-20,GME,36467W109,3592,GAMESTOP CORP (HLDG CO) CL A,11.6125
2015-08-21,GME,36467W109,8256,GAMESTOP CORP (HLDG CO) CL A,11.3075
2015-08-24,GME,36467W109,4300,GAMESTOP CORP (HLDG CO) CL A,11.2075
2015-08-25,GME,36467W109,7604,GAMESTOP CORP (HLDG CO) CL A,10.74
2015-08-26,GME,36467W109,22828,GAMESTOP CORP (HLDG CO) CL A,10.9725
2015-08-27,GME,36467W109,232500,GAMESTOP CORP (HLDG CO) CL A,11.34
2015-08-28,GME,36467W109,120796,GAMESTOP CORP (HLDG CO) CL A,11.55
2015-08-31,GME,36467W109,558180,GAMESTOP CORP (HLDG CO) CL A,10.6225
2015-09-01,GME,36467W109,81868,GAMESTOP CORP (HLDG CO) CL A,10.62
2015-09-02,GME,36467W109,666352,GAMESTOP CORP (HLDG CO) CL A,10.295
2015-09-03,GME,36467W109,6648,GAMESTOP CORP (HLDG CO) CL A,10.4525
2015-09-04,GME,36467W109,546232,GAMESTOP CORP (HLDG CO) CL A,10.4275
2015-09-08,GME,36467W109,870196,GAMESTOP CORP (HLDG CO) CL A,10.3125
2015-09-09,GME,36467W109,1105848,GAMESTOP CORP (HLDG CO) CL A,10.4475
2015-09-10,GME,36467W109,253912,GAMESTOP CORP (HLDG CO) CL A,10.4475
2015-09-11,GME,36467W109,7660,GAMESTOP CORP (HLDG CO) CL A,10.5875
2015-09-14,GME,36467W109,125152,GAMESTOP CORP (HLDG CO) CL A,10.695
2015-09-15,GME,36467W109,7580,GAMESTOP CORP (HLDG CO) CL A,10.7925
2015-09-16,GME,36467W109,466384,GAMESTOP CORP (HLDG CO) CL A,10.75
2015-09-17,GME,36467W109,57164,GAMESTOP CORP (HLDG CO) CL A,10.995
2015-09-18,GME,36467W109,5816,GAMESTOP CORP (HLDG CO) CL A,10.9025
2015-09-21,GME,36467W109,396500,GAMESTOP CORP (HLDG CO) CL A,10.5675
2015-09-22,GME,36467W109,84116,GAMESTOP CORP (HLDG CO) CL A,10.43
2015-09-23,GME,36467W109,116228,GAMESTOP CORP (HLDG CO) CL A,10.3375
2015-09-24,GME,36467W109,22300,GAMESTOP CORP (HLDG CO) CL A,10.27
2015-09-25,GME,36467W109,80844,GAMESTOP CORP (HLDG CO) CL A,10.30
2015-09-28,GME,36467W109,28124,GAMESTOP CORP (HLDG CO) CL A,10.25
2015-09-29,GME,36467W109,3752,GAMESTOP CORP (HLDG CO) CL A,10.075
2015-09-30,GME,36467W109,94960,GAMESTOP CORP (HLDG CO) CL A,10.1075
2015-10-01,GME,36467W109,61456,GAMESTOP CORP (HLDG CO) CL A,10.3025
2015-10-02,GME,36467W109,286440,GAMESTOP CORP (HLDG CO) CL A,10.13
2015-10-05,GME,36467W109,109236,GAMESTOP CORP (HLDG CO) CL A,10.375
2015-10-06,GME,36467W109,43732,GAMESTOP CORP (HLDG CO) CL A,10.62
2015-10-07,GME,36467W109,32508,GAMESTOP CORP (HLDG CO) CL A,10.835
2015-10-08,GME,36467W109,563696,GAMESTOP CORP (HLDG CO) CL A,10.86
2015-10-09,GME,36467W109,201372,GAMESTOP CORP (HLDG CO) CL A,10.995
2015-10-13,GME,36467W109,161488,GAMESTOP CORP (HLDG CO) CL A,10.985
2015-10-14,GME,36467W109,67908,GAMESTOP CORP (HLDG CO) CL A,10.88
2015-10-15,GME,36467W109,4764,GAMESTOP CORP (HLDG CO) CL A,10.7625
2015-10-16,GME,36467W109,4864,GAMESTOP CORP (HLDG CO) CL A,10.9825
2015-10-19,GME,36467W109,26852,GAMESTOP CORP (HLDG CO) CL A,11.115
2015-10-20,GME,36467W109,117136,GAMESTOP CORP (HLDG CO) CL A,11.18
2015-10-21,GME,36467W109,416136,GAMESTOP CORP (HLDG CO) CL A,11.275
2015-10-22,GME,36467W109,265276,GAMESTOP CORP (HLDG CO) CL A,11.51
2015-10-23,GME,36467W109,210244,GAMESTOP CORP (HLDG CO) CL A,11.745
2015-10-26,GME,36467W109,13824,GAMESTOP CORP (HLDG CO) CL A,11.3375
2015-10-27,GME,36467W109,505580,GAMESTOP CORP (HLDG CO) CL A,11.1675
2015-10-28,GME,36467W109,174188,GAMESTOP CORP (HLDG CO) CL A,11.0625
2015-10-29,GME,36467W109,8088,GAMESTOP CORP (HLDG CO) CL A,11.3875
2015-10-30,GME,36467W109,4648,GAMESTOP CORP (HLDG CO) CL A,11.4275
2015-11-02,GME,36467W109,8172,GAMESTOP CORP (HLDG CO) CL A,11.5175
2015-11-03,GME,36467W109,30656,GAMESTOP CORP (HLDG CO) CL A,11.545
2015-11-04,GME,36467W109,7484,GAMESTOP CORP (HLDG CO) CL A,11.6875
2015-11-05,GME,36467W109,2864,GAMESTOP CORP (HLDG CO) CL A,11.7125
2015-11-06,GME,36467W109,301540,GAMESTOP CORP (HLDG CO) CL A,11.735
2015-11-09,GME,36467W109,1040,GAMESTOP CORP (HLDG CO) CL A,11.705
2015-11-10,GME,36467W109,516,GAMESTOP CORP (HLDG CO) CL A,11.375
2015-11-12,GME,36467W109,641024,GAMESTOP CORP (HLDG CO) CL A,11.145
2015-11-13,GME,36467W109,611972,GAMESTOP CORP (HLDG CO) CL A,11.1325
2015-11-16,GME,36467W109,56240,GAMESTOP CORP (HLDG CO) CL A,9.295
2015-11-17,GME,36467W109,174696,GAMESTOP CORP (HLDG CO) CL A,9.5225
2015-11-18,GME,36467W109,455896,GAMESTOP CORP (HLDG CO) CL A,9.29
2015-11-19,GME,36467W109,495992,GAMESTOP CORP (HLDG CO) CL A,9.4525
2015-11-20,GME,36467W109,14648,GAMESTOP CORP (HLDG CO) CL A,9.615
2015-11-23,GME,36467W109,276296,GAMESTOP CORP (HLDG CO) CL A,9.815
2015-11-24,GME,36467W109,486472,GAMESTOP CORP (HLDG CO) CL A,9.4025
2015-11-25,GME,36467W109,915496,GAMESTOP CORP (HLDG CO) CL A,9.4775
2015-11-27,GME,36467W109,5689408,GAMESTOP CORP (HLDG CO) CL A,9.16
2015-11-30,GME,36467W109,1469556,GAMESTOP CORP (HLDG CO) CL A,9.0025
2015-12-01,GME,36467W109,1458592,GAMESTOP CORP (HLDG CO) CL A,8.7575
2015-12-02,GME,36467W109,1044700,GAMESTOP CORP (HLDG CO) CL A,8.675
2015-12-03,GME,36467W109,688284,GAMESTOP CORP (HLDG CO) CL A,8.4675
2015-12-04,GME,36467W109,62784,GAMESTOP CORP (HLDG CO) CL A,8.195
2015-12-07,GME,36467W109,417372,GAMESTOP CORP (HLDG CO) CL A,8.325
2015-12-08,GME,36467W109,3420,GAMESTOP CORP (HLDG CO) CL A,8.2675
2015-12-09,GME,36467W109,204844,GAMESTOP CORP (HLDG CO) CL A,8.435
2015-12-10,GME,36467W109,99104,GAMESTOP CORP (HLDG CO) CL A,8.11
2015-12-11,GME,36467W109,28404,GAMESTOP CORP (HLDG CO) CL A,8.0025
2015-12-14,GME,36467W109,6308,GAMESTOP CORP (HLDG CO) CL A,7.50
2015-12-15,GME,36467W109,629192,GAMESTOP CORP (HLDG CO) CL A,7.5675
2015-12-16,GME,36467W109,197760,GAMESTOP CORP (HLDG CO) CL A,7.635
2015-12-17,GME,36467W109,416,GAMESTOP CORP (HLDG CO) CL A,7.64
2015-12-18,GME,36467W109,5160,GAMESTOP CORP (HLDG CO) CL A,7.2625
2015-12-21,GME,36467W109,2660,GAMESTOP CORP (HLDG CO) CL A,7.19
2015-12-22,GME,36467W109,14204,GAMESTOP CORP (HLDG CO) CL A,7.1875
2015-12-23,GME,36467W109,273956,GAMESTOP CORP (HLDG CO) CL A,7.15
2015-12-24,GME,36467W109,1812,GAMESTOP CORP (HLDG CO) CL A,7.1875
2015-12-28,GME,36467W109,3124,GAMESTOP CORP (HLDG CO) CL A,7.0925
2015-12-29,GME,36467W109,3816,GAMESTOP CORP (HLDG CO) CL A,7.1175
2015-12-30,GME,36467W109,6528,GAMESTOP CORP (HLDG CO) CL A,7.1075
2015-12-31,GME,36467W109,8112,GAMESTOP CORP (HLDG CO) CL A,7.12
2016-01-04,GME,36467W109,36,GAMESTOP CORP (HLDG CO) CL A,7.01
2016-01-05,GME,36467W109,10836,GAMESTOP CORP (HLDG CO) CL A,7.0775
2016-01-06,GME,36467W109,516,GAMESTOP CORP (HLDG CO) CL A,7.1925
2016-01-07,GME,36467W109,6932,GAMESTOP CORP (HLDG CO) CL A,7.0925
2016-01-08,GME,36467W109,748,GAMESTOP CORP (HLDG CO) CL A,7.1125
2016-01-11,GME,36467W109,741332,GAMESTOP CORP (HLDG CO) CL A,7.0925
2016-01-12,GME,36467W109,24664,GAMESTOP CORP (HLDG CO) CL A,7.345
2016-01-13,GME,36467W109,177012,GAMESTOP CORP (HLDG CO) CL A,6.97
2016-01-14,GME,36467W109,1544,GAMESTOP CORP (HLDG CO) CL A,6.735
2016-01-15,GME,36467W109,984,GAMESTOP CORP (HLDG CO) CL A,6.395
2016-01-19,GME,36467W109,14448,GAMESTOP CORP (HLDG CO) CL A,6.41
2016-01-20,GME,36467W109,1344,GAMESTOP CORP (HLDG CO) CL A,6.3775
2016-01-21,GME,36467W109,116732,GAMESTOP CORP (HLDG CO) CL A,6.2975
2016-01-22,GME,36467W109,1156,GAMESTOP CORP (HLDG CO) CL A,6.3225
2016-01-25,GME,36467W109,6744,GAMESTOP CORP (HLDG CO) CL A,6.4175
2016-01-26,GME,36467W109,10380,GAMESTOP CORP (HLDG CO) CL A,6.265
2016-01-27,GME,36467W109,2396,GAMESTOP CORP (HLDG CO) CL A,6.515
2016-01-28,GME,36467W109,18536,GAMESTOP CORP (HLDG CO) CL A,6.5375
2016-01-29,GME,36467W109,88540,GAMESTOP CORP (HLDG CO) CL A,6.4275
2016-02-01,GME,36467W109,12992,GAMESTOP CORP (HLDG CO) CL A,6.5525
2016-02-02,GME,36467W109,6856,GAMESTOP CORP (HLDG CO) CL A,6.7025
2016-02-03,GME,36467W109,12180,GAMESTOP CORP (HLDG CO) CL A,6.48
2016-02-05,GME,36467W109,532,GAMESTOP CORP (HLDG CO) CL A,6.7525
2016-02-08,GME,36467W109,19460,GAMESTOP CORP (HLDG CO) CL A,6.7075
2016-02-09,GME,36467W109,7964,GAMESTOP CORP (HLDG CO) CL A,6.9725
2016-02-10,GME,36467W109,424,GAMESTOP CORP (HLDG CO) CL A,6.78
2016-02-11,GME,36467W109,128444,GAMESTOP CORP (HLDG CO) CL A,6.6625
2016-02-12,GME,36467W109,46372,GAMESTOP CORP (HLDG CO) CL A,6.6675
2016-02-16,GME,36467W109,28872,GAMESTOP CORP (HLDG CO) CL A,6.745
2016-02-17,GME,36467W109,11200,GAMESTOP CORP (HLDG CO) CL A,7.00
2016-02-18,GME,36467W109,57844,GAMESTOP CORP (HLDG CO) CL A,7.185
2016-02-19,GME,36467W109,1688,GAMESTOP CORP (HLDG CO) CL A,7.31
2016-02-22,GME,36467W109,4440,GAMESTOP CORP (HLDG CO) CL A,7.0475
2016-02-23,GME,36467W109,7196,GAMESTOP CORP (HLDG CO) CL A,7.3025
2016-02-24,GME,36467W109,71092,GAMESTOP CORP (HLDG CO) CL A,7.36
2016-02-25,GME,36467W109,27404,GAMESTOP CORP (HLDG CO) CL A,7.4725
2016-02-26,GME,36467W109,104,GAMESTOP CORP (HLDG CO) CL A,7.49
2016-02-29,GME,36467W109,3640,GAMESTOP CORP (HLDG CO) CL A,7.635
2016-03-01,GME,36467W109,51548,GAMESTOP CORP (HLDG CO) CL A,7.705
2016-03-02,GME,36467W109,63932,GAMESTOP CORP (HLDG CO) CL A,7.735
2016-03-03,GME,36467W109,60524,GAMESTOP CORP (HLDG CO) CL A,7.8225
2016-03-04,GME,36467W109,501460,GAMESTOP CORP (HLDG CO) CL A,8.1775
2016-03-07,GME,36467W109,14324,GAMESTOP CORP (HLDG CO) CL A,7.8075
2016-03-08,GME,36467W109,120,GAMESTOP CORP (HLDG CO) CL A,7.685
2016-03-09,GME,36467W109,4628,GAMESTOP CORP (HLDG CO) CL A,7.53
2016-03-10,GME,36467W109,2864,GAMESTOP CORP (HLDG CO) CL A,7.8225
2016-03-14,GME,36467W109,908,GAMESTOP CORP (HLDG CO) CL A,7.6875
2016-03-15,GME,36467W109,18108,GAMESTOP CORP (HLDG CO) CL A,7.915
2016-03-16,GME,36467W109,291096,GAMESTOP CORP (HLDG CO) CL A,7.695
2016-03-17,GME,36467W109,283676,GAMESTOP CORP (HLDG CO) CL A,7.9775
2016-03-18,GME,36467W109,280,GAMESTOP CORP (HLDG CO) CL A,7.84
2016-03-21,GME,36467W109,97496,GAMESTOP CORP (HLDG CO) CL A,7.7075
2016-03-22,GME,36467W109,19340,GAMESTOP CORP (HLDG CO) CL A,7.7125
2016-03-23,GME,36467W109,552520,GAMESTOP CORP (HLDG CO) CL A,7.545
2016-03-24,GME,36467W109,3540,GAMESTOP CORP (HLDG CO) CL A,7.5925
2016-03-28,GME,36467W109,3464,GAMESTOP CORP (HLDG CO) CL A,7.5675
2016-03-29,GME,36467W109,2404,GAMESTOP CORP (HLDG CO) CL A,7.5225
2016-03-30,GME,36467W109,21912,GAMESTOP CORP (HLDG CO) CL A,7.8775
2016-03-31,GME,36467W109,17000,GAMESTOP CORP (HLDG CO) CL A,7.94
2016-04-01,GME,36467W109,7744,GAMESTOP CORP (HLDG CO) CL A,7.9325
2016-04-04,GME,36467W109,9132,GAMESTOP CORP (HLDG CO) CL A,7.835
2016-04-05,GME,36467W109,8624,GAMESTOP CORP (HLDG CO) CL A,7.7325
2016-04-06,GME,36467W109,2092,GAMESTOP CORP (HLDG CO) CL A,7.5725
2016-04-07,GME,36467W109,14704,GAMESTOP CORP (HLDG CO) CL A,7.5225
2016-04-08,GME,36467W109,1456,GAMESTOP CORP (HLDG CO) CL A,7.28
2016-04-11,GME,36467W109,932,GAMESTOP CORP (HLDG CO) CL A,7.3725
2016-04-12,GME,36467W109,5844,GAMESTOP CORP (HLDG CO) CL A,7.47
2016-04-13,GME,36467W109,7988,GAMESTOP CORP (HLDG CO) CL A,7.5225
2016-04-14,GME,36467W109,4344,GAMESTOP CORP (HLDG CO) CL A,7.8675
2016-04-15,GME,36467W109,3500,GAMESTOP CORP (HLDG CO) CL A,7.9125
2016-04-18,GME,36467W109,484,GAMESTOP CORP (HLDG CO) CL A,7.9475
2016-04-20,GME,36467W109,45548,GAMESTOP CORP (HLDG CO) CL A,8.1125
2016-04-21,GME,36467W109,26032,GAMESTOP CORP (HLDG CO) CL A,8.2225
2016-04-22,GME,36467W109,42488,GAMESTOP CORP (HLDG CO) CL A,8.0775
2016-04-25,GME,36467W109,7892,GAMESTOP CORP (HLDG CO) CL A,8.20
2016-04-26,GME,36467W109,1708,GAMESTOP CORP (HLDG CO) CL A,8.20
2016-04-27,GME,36467W109,18064,GAMESTOP CORP (HLDG CO) CL A,8.33
2016-04-28,GME,36467W109,6380,GAMESTOP CORP (HLDG CO) CL A,8.345
2016-04-29,GME,36467W109,356,GAMESTOP CORP (HLDG CO) CL A,8.225
2016-05-02,GME,36467W109,954064,GAMESTOP CORP (HLDG CO) CL A,8.20
2016-05-03,GME,36467W109,959112,GAMESTOP CORP (HLDG CO) CL A,8.09
2016-05-04,GME,36467W109,6836,GAMESTOP CORP (HLDG CO) CL A,7.825
2016-05-05,GME,36467W109,8252,GAMESTOP CORP (HLDG CO) CL A,7.685
2016-05-06,GME,36467W109,2680,GAMESTOP CORP (HLDG CO) CL A,7.5275
2016-05-09,GME,36467W109,1816,GAMESTOP CORP (HLDG CO) CL A,7.5225
2016-05-10,GME,36467W109,8600,GAMESTOP CORP (HLDG CO) CL A,7.5475
2016-05-11,GME,36467W109,848,GAMESTOP CORP (HLDG CO) CL A,7.63
2016-05-12,GME,36467W109,5064,GAMESTOP CORP (HLDG CO) CL A,7.30
2016-05-13,GME,36467W109,1360,GAMESTOP CORP (HLDG CO) CL A,7.275
2016-05-16,GME,36467W109,7924,GAMESTOP CORP (HLDG CO) CL A,7.1825
2016-05-17,GME,36467W109,2460,GAMESTOP CORP (HLDG CO) CL A,7.255
2016-05-18,GME,36467W109,4236,GAMESTOP CORP (HLDG CO) CL A,7.115
2016-05-19,GME,36467W109,128696,GAMESTOP CORP (HLDG CO) CL A,7.0075
2016-05-20,GME,36467W109,20212,GAMESTOP CORP (HLDG CO) CL A,7.1375
2016-05-23,GME,36467W109,1040,GAMESTOP CORP (HLDG CO) CL A,7.12
2016-05-25,GME,36467W109,374632,GAMESTOP CORP (HLDG CO) CL A,7.175
2016-05-26,GME,36467W109,433044,GAMESTOP CORP (HLDG CO) CL A,7.4325
2016-05-27,GME,36467W109,1012,GAMESTOP CORP (HLDG CO) CL A,7.495
2016-06-01,GME,36467W109,4000,GAMESTOP CORP (HLDG CO) CL A,7.275
2016-06-03,GME,36467W109,3676,GAMESTOP CORP (HLDG CO) CL A,7.2225
2016-06-06,GME,36467W109,20192,GAMESTOP CORP (HLDG CO) CL A,7.1575
2016-06-07,GME,36467W109,4608,GAMESTOP CORP (HLDG CO) CL A,7.1175
2016-06-08,GME,36467W109,1000,GAMESTOP CORP (HLDG CO) CL A,7.115
2016-06-13,GME,36467W109,375200,GAMESTOP CORP (HLDG CO) CL A,6.6325
2016-06-14,GME,36467W109,218300,GAMESTOP CORP (HLDG CO) CL A,6.5075
2016-06-15,GME,36467W109,4084,GAMESTOP CORP (HLDG CO) CL A,6.4325
2016-06-17,GME,36467W109,740,GAMESTOP CORP (HLDG CO) CL A,6.4825
2016-06-20,GME,36467W109,3424,GAMESTOP CORP (HLDG CO) CL A,6.5375
2016-06-21,GME,36467W109,4664,GAMESTOP CORP (HLDG CO) CL A,6.60
2016-06-22,GME,36467W109,280,GAMESTOP CORP (HLDG CO) CL A,6.46
2016-06-23,GME,36467W109,560,GAMESTOP CORP (HLDG CO) CL A,6.50
2016-06-24,GME,36467W109,1828,GAMESTOP CORP (HLDG CO) CL A,6.5825
2016-06-27,GME,36467W109,86472,GAMESTOP CORP (HLDG CO) CL A,6.335
2016-06-29,GME,36467W109,48608,GAMESTOP CORP (HLDG CO) CL A,6.5125
2016-06-30,GME,36467W109,122512,GAMESTOP CORP (HLDG CO) CL A,6.6025
2016-07-01,GME,36467W109,119796,GAMESTOP CORP (HLDG CO) CL A,6.645
2016-07-06,GME,36467W109,6276,GAMESTOP CORP (HLDG CO) CL A,6.575
2016-07-07,GME,36467W109,8372,GAMESTOP CORP (HLDG CO) CL A,6.6175
2016-07-08,GME,36467W109,68,GAMESTOP CORP (HLDG CO) CL A,6.5825
2016-07-11,GME,36467W109,580,GAMESTOP CORP (HLDG CO) CL A,6.8425
2016-07-13,GME,36467W109,16,GAMESTOP CORP (HLDG CO) CL A,7.185
2016-07-15,GME,36467W109,881712,GAMESTOP CORP (HLDG CO) CL A,7.155
2016-07-18,GME,36467W109,4640,GAMESTOP CORP (HLDG CO) CL A,6.9975
2016-07-19,GME,36467W109,2760,GAMESTOP CORP (HLDG CO) CL A,7.5475
2016-07-20,GME,36467W109,14280,GAMESTOP CORP (HLDG CO) CL A,7.5475
2016-07-21,GME,36467W109,136,GAMESTOP CORP (HLDG CO) CL A,7.78
2016-07-22,GME,36467W109,40124,GAMESTOP CORP (HLDG CO) CL A,7.7525
2016-07-25,GME,36467W109,20260,GAMESTOP CORP (HLDG CO) CL A,7.7025
2016-07-26,GME,36467W109,272,GAMESTOP CORP (HLDG CO) CL A,7.72
2016-07-27,GME,36467W109,698432,GAMESTOP CORP (HLDG CO) CL A,7.8125
2016-07-28,GME,36467W109,16800,GAMESTOP CORP (HLDG CO) CL A,7.83
2016-07-29,GME,36467W109,5836,GAMESTOP CORP (HLDG CO) CL A,7.7925
2016-08-01,GME,36467W109,17328,GAMESTOP CORP (HLDG CO) CL A,7.7375
2016-08-02,GME,36467W109,3772,GAMESTOP CORP (HLDG CO) CL A,7.5875
2016-08-03,GME,36467W109,14964,GAMESTOP CORP (HLDG CO) CL A,7.31
2016-08-04,GME,36467W109,712,GAMESTOP CORP (HLDG CO) CL A,7.41
2016-08-08,GME,36467W109,3684,GAMESTOP CORP (HLDG CO) CL A,7.51
2016-08-10,GME,36467W109,170172,GAMESTOP CORP (HLDG CO) CL A,7.4075
2016-08-11,GME,36467W109,1328,GAMESTOP CORP (HLDG CO) CL A,7.5375
2016-08-12,GME,36467W109,6696,GAMESTOP CORP (HLDG CO) CL A,7.7775
2016-08-15,GME,36467W109,3244,GAMESTOP CORP (HLDG CO) CL A,7.8375
2016-08-16,GME,36467W109,61868,GAMESTOP CORP (HLDG CO) CL A,7.9325
2016-08-17,GME,36467W109,3120,GAMESTOP CORP (HLDG CO) CL A,7.7925
2016-08-18,GME,36467W109,26948,GAMESTOP CORP (HLDG CO) CL A,7.705
2016-08-22,GME,36467W109,3372,GAMESTOP CORP (HLDG CO) CL A,7.93
2016-08-23,GME,36467W109,3156,GAMESTOP CORP (HLDG CO) CL A,7.865
2016-08-24,GME,36467W109,9756,GAMESTOP CORP (HLDG CO) CL A,8.0225
2016-08-25,GME,36467W109,2864,GAMESTOP CORP (HLDG CO) CL A,7.9275
2016-08-29,GME,36467W109,1304,GAMESTOP CORP (HLDG CO) CL A,7.185
2016-08-30,GME,36467W109,16552,GAMESTOP CORP (HLDG CO) CL A,7.2425
2016-08-31,GME,36467W109,546948,GAMESTOP CORP (HLDG CO) CL A,7.1225
2016-09-01,GME,36467W109,606104,GAMESTOP CORP (HLDG CO) CL A,7.0975
2016-09-02,GME,36467W109,181864,GAMESTOP CORP (HLDG CO) CL A,7.0075
2016-09-06,GME,36467W109,2860,GAMESTOP CORP (HLDG CO) CL A,7.0975
2016-09-07,GME,36467W109,109656,GAMESTOP CORP (HLDG CO) CL A,7.0925
2016-09-08,GME,36467W109,123580,GAMESTOP CORP (HLDG CO) CL A,7.0325
2016-09-09,GME,36467W109,161716,GAMESTOP CORP (HLDG CO) CL A,6.945
2016-09-13,GME,36467W109,2104,GAMESTOP CORP (HLDG CO) CL A,6.76
2016-09-15,GME,36467W109,12868,GAMESTOP CORP (HLDG CO) CL A,6.7575
2016-09-16,GME,36467W109,35204,GAMESTOP CORP (HLDG CO) CL A,6.8125
2016-09-19,GME,36467W109,7288,GAMESTOP CORP (HLDG CO) CL A,6.7725
2016-09-20,GME,36467W109,3124,GAMESTOP CORP (HLDG CO) CL A,6.975
2016-09-22,GME,36467W109,4880,GAMESTOP CORP (HLDG CO) CL A,7.0325
2016-09-23,GME,36467W109,50444,GAMESTOP CORP (HLDG CO) CL A,7.0675
2016-09-26,GME,36467W109,4800,GAMESTOP CORP (HLDG CO) CL A,7.0475
2016-09-27,GME,36467W109,796,GAMESTOP CORP (HLDG CO) CL A,6.91
2016-09-28,GME,36467W109,77036,GAMESTOP CORP (HLDG CO) CL A,6.8575
2016-09-29,GME,36467W109,4888,GAMESTOP CORP (HLDG CO) CL A,6.8725
2016-09-30,GME,36467W109,13624,GAMESTOP CORP (HLDG CO) CL A,6.785
2016-10-03,GME,36467W109,36704,GAMESTOP CORP (HLDG CO) CL A,6.8975
2016-10-04,GME,36467W109,2172,GAMESTOP CORP (HLDG CO) CL A,6.945
2016-10-05,GME,36467W109,13200,GAMESTOP CORP (HLDG CO) CL A,6.7825
2016-10-06,GME,36467W109,1128,GAMESTOP CORP (HLDG CO) CL A,6.80
2016-10-07,GME,36467W109,328,GAMESTOP CORP (HLDG CO) CL A,6.67
2016-10-11,GME,36467W109,56800,GAMESTOP CORP (HLDG CO) CL A,6.7075
2016-10-12,GME,36467W109,2400,GAMESTOP CORP (HLDG CO) CL A,6.5125
2016-10-18,GME,36467W109,26892,GAMESTOP CORP (HLDG CO) CL A,6.175
2016-10-19,GME,36467W109,2796,GAMESTOP CORP (HLDG CO) CL A,6.205
2016-10-20,GME,36467W109,4248,GAMESTOP CORP (HLDG CO) CL A,6.25
2016-10-21,GME,36467W109,1488,GAMESTOP CORP (HLDG CO) CL A,6.2775
2016-10-25,GME,36467W109,29004,GAMESTOP CORP (HLDG CO) CL A,6.285
2016-10-26,GME,36467W109,50328,GAMESTOP CORP (HLDG CO) CL A,6.1875
2016-10-27,GME,36467W109,13644,GAMESTOP CORP (HLDG CO) CL A,6.1925
2016-10-28,GME,36467W109,488484,GAMESTOP CORP (HLDG CO) CL A,5.9975
2016-10-31,GME,36467W109,300984,GAMESTOP CORP (HLDG CO) CL A,5.975
2016-11-01,GME,36467W109,20,GAMESTOP CORP (HLDG CO) CL A,6.0125
2016-11-02,GME,36467W109,1260,GAMESTOP CORP (HLDG CO) CL A,5.89
2016-11-04,GME,36467W109,3940,GAMESTOP CORP (HLDG CO) CL A,5.2075
2016-11-07,GME,36467W109,3360,GAMESTOP CORP (HLDG CO) CL A,5.1825
2016-11-08,GME,36467W109,32540,GAMESTOP CORP (HLDG CO) CL A,5.31
2016-11-09,GME,36467W109,368,GAMESTOP CORP (HLDG CO) CL A,5.2275
2016-11-10,GME,36467W109,70536,GAMESTOP CORP (HLDG CO) CL A,5.3825
2016-11-15,GME,36467W109,179620,GAMESTOP CORP (HLDG CO) CL A,5.7475
2016-11-16,GME,36467W109,84108,GAMESTOP CORP (HLDG CO) CL A,5.6625
2016-11-17,GME,36467W109,51712,GAMESTOP CORP (HLDG CO) CL A,5.765
2016-11-18,GME,36467W109,3492,GAMESTOP CORP (HLDG CO) CL A,5.865
2016-11-21,GME,36467W109,1064,GAMESTOP CORP (HLDG CO) CL A,5.865
2016-11-22,GME,36467W109,3964,GAMESTOP CORP (HLDG CO) CL A,5.865
2016-11-23,GME,36467W109,5924,GAMESTOP CORP (HLDG CO) CL A,6.0275
2016-11-25,GME,36467W109,151656,GAMESTOP CORP (HLDG CO) CL A,6.515
2016-11-28,GME,36467W109,56220,GAMESTOP CORP (HLDG CO) CL A,6.455
2016-11-29,GME,36467W109,64524,GAMESTOP CORP (HLDG CO) CL A,6.2875
2016-11-30,GME,36467W109,8560,GAMESTOP CORP (HLDG CO) CL A,6.1225
2016-12-01,GME,36467W109,74628,GAMESTOP CORP (HLDG CO) CL A,6.1725
2016-12-02,GME,36467W109,664,GAMESTOP CORP (HLDG CO) CL A,6.16
2016-12-05,GME,36467W109,540,GAMESTOP CORP (HLDG CO) CL A,6.0675
2016-12-06,GME,36467W109,7504,GAMESTOP CORP (HLDG CO) CL A,6.13
2016-12-08,GME,36467W109,4440,GAMESTOP CORP (HLDG CO) CL A,6.485
2016-12-09,GME,36467W109,1616,GAMESTOP CORP (HLDG CO) CL A,6.4925
2016-12-12,GME,36467W109,1704,GAMESTOP CORP (HLDG CO) CL A,6.505
2016-12-14,GME,36467W109,6072,GAMESTOP CORP (HLDG CO) CL A,6.5975
2016-12-15,GME,36467W109,3380,GAMESTOP CORP (HLDG CO) CL A,6.32
2016-12-16,GME,36467W109,63132,GAMESTOP CORP (HLDG CO) CL A,6.335
2016-12-19,GME,36467W109,32400,GAMESTOP CORP (HLDG CO) CL A,6.355
2016-12-20,GME,36467W109,216,GAMESTOP CORP (HLDG CO) CL A,6.475
2016-12-21,GME,36467W109,216,GAMESTOP CORP (HLDG CO) CL A,6.53
2016-12-23,GME,36467W109,3324,GAMESTOP CORP (HLDG CO) CL A,6.265
2016-12-27,GME,36467W109,68708,GAMESTOP CORP (HLDG CO) CL A,6.3525
2016-12-28,GME,36467W109,1660,GAMESTOP CORP (HLDG CO) CL A,6.4875
2016-12-29,GME,36467W109,1660,GAMESTOP CORP (HLDG CO) CL A,6.3175
2016-12-30,GME,36467W109,23240,GAMESTOP CORP (HLDG CO) CL A,6.335
2017-01-03,GME,36467W109,2104,GAMESTOP CORP (HLDG CO) CL A,6.315
2017-01-04,GME,36467W109,2276,GAMESTOP CORP (HLDG CO) CL A,6.3425
2017-01-05,GME,36467W109,6720,GAMESTOP CORP (HLDG CO) CL A,6.48
2017-01-06,GME,36467W109,1240,GAMESTOP CORP (HLDG CO) CL A,6.25
2017-01-10,GME,36467W109,2844,GAMESTOP CORP (HLDG CO) CL A,6.1225
2017-01-11,GME,36467W109,3596,GAMESTOP CORP (HLDG CO) CL A,6.16
2017-01-12,GME,36467W109,2176,GAMESTOP CORP (HLDG CO) CL A,6.1525
2017-01-17,GME,36467W109,248,GAMESTOP CORP (HLDG CO) CL A,5.6825
2017-01-18,GME,36467W109,20832,GAMESTOP CORP (HLDG CO) CL A,5.835
2017-01-19,GME,36467W109,1208,GAMESTOP CORP (HLDG CO) CL A,5.8725
2017-01-20,GME,36467W109,540,GAMESTOP CORP (HLDG CO) CL A,5.8275
2017-01-24,GME,36467W109,15044,GAMESTOP CORP (HLDG CO) CL A,5.9825
2017-01-25,GME,36467W109,6744,GAMESTOP CORP (HLDG CO) CL A,5.9675
2017-01-26,GME,36467W109,8828,GAMESTOP CORP (HLDG CO) CL A,6.0425
2017-01-27,GME,36467W109,339892,GAMESTOP CORP (HLDG CO) CL A,6.055
2017-01-30,GME,36467W109,96344,GAMESTOP CORP (HLDG CO) CL A,6.0775
2017-01-31,GME,36467W109,840,GAMESTOP CORP (HLDG CO) CL A,6.045
2017-02-01,GME,36467W109,4180,GAMESTOP CORP (HLDG CO) CL A,6.1225
2017-02-03,GME,36467W109,15196,GAMESTOP CORP (HLDG CO) CL A,6.095
2017-02-06,GME,36467W109,2636,GAMESTOP CORP (HLDG CO) CL A,6.185
2017-02-07,GME,36467W109,43572,GAMESTOP CORP (HLDG CO) CL A,6.17
2017-02-08,GME,36467W109,41316,GAMESTOP CORP (HLDG CO) CL A,6.1575
2017-02-09,GME,36467W109,2876,GAMESTOP CORP (HLDG CO) CL A,6.1975
2017-02-10,GME,36467W109,884,GAMESTOP CORP (HLDG CO) CL A,6.3475
2017-02-14,GME,36467W109,34936,GAMESTOP CORP (HLDG CO) CL A,6.3425
2017-02-15,GME,36467W109,1088,GAMESTOP CORP (HLDG CO) CL A,6.435
2017-02-17,GME,36467W109,1004,GAMESTOP CORP (HLDG CO) CL A,6.355
2017-02-22,GME,36467W109,10360,GAMESTOP CORP (HLDG CO) CL A,6.555
2017-02-23,GME,36467W109,5444,GAMESTOP CORP (HLDG CO) CL A,6.565
2017-02-27,GME,36467W109,2888,GAMESTOP CORP (HLDG CO) CL A,6.57
2017-02-28,GME,36467W109,43868,GAMESTOP CORP (HLDG CO) CL A,6.63
2017-03-01,GME,36467W109,3480,GAMESTOP CORP (HLDG CO) CL A,6.11
2017-03-03,GME,36467W109,541868,GAMESTOP CORP (HLDG CO) CL A,6.245
2017-03-06,GME,36467W109,3520,GAMESTOP CORP (HLDG CO) CL A,6.32
2017-03-07,GME,36467W109,9764,GAMESTOP CORP (HLDG CO) CL A,6.2275
2017-03-09,GME,36467W109,4024,GAMESTOP CORP (HLDG CO) CL A,6.25
2017-03-10,GME,36467W109,3012,GAMESTOP CORP (HLDG CO) CL A,6.25
2017-03-13,GME,36467W109,379964,GAMESTOP CORP (HLDG CO) CL A,6.295
2017-03-14,GME,36467W109,382228,GAMESTOP CORP (HLDG CO) CL A,6.0475
2017-03-15,GME,36467W109,38968,GAMESTOP CORP (HLDG CO) CL A,6.14
2017-03-16,GME,36467W109,23136,GAMESTOP CORP (HLDG CO) CL A,6.1675
2017-03-17,GME,36467W109,4052,GAMESTOP CORP (HLDG CO) CL A,6.065
2017-03-20,GME,36467W109,76380,GAMESTOP CORP (HLDG CO) CL A,6.16
2017-03-21,GME,36467W109,277848,GAMESTOP CORP (HLDG CO) CL A,5.97
2017-03-22,GME,36467W109,872,GAMESTOP CORP (HLDG CO) CL A,6.0025
2017-03-23,GME,36467W109,852828,GAMESTOP CORP (HLDG CO) CL A,6.0225
2017-03-24,GME,36467W109,2172,GAMESTOP CORP (HLDG CO) CL A,5.99
2017-03-27,GME,36467W109,5192,GAMESTOP CORP (HLDG CO) CL A,5.175
2017-03-28,GME,36467W109,9848,GAMESTOP CORP (HLDG CO) CL A,5.2125
2017-03-29,GME,36467W109,579240,GAMESTOP CORP (HLDG CO) CL A,5.43
2017-03-30,GME,36467W109,2904,GAMESTOP CORP (HLDG CO) CL A,5.4875
2017-03-31,GME,36467W109,584,GAMESTOP CORP (HLDG CO) CL A,5.615
2017-04-03,GME,36467W109,316,GAMESTOP CORP (HLDG CO) CL A,5.6375
2017-04-04,GME,36467W109,716,GAMESTOP CORP (HLDG CO) CL A,5.50
2017-04-05,GME,36467W109,7860,GAMESTOP CORP (HLDG CO) CL A,5.495
2017-04-06,GME,36467W109,3976,GAMESTOP CORP (HLDG CO) CL A,5.44
2017-04-11,GME,36467W109,1632,GAMESTOP CORP (HLDG CO) CL A,5.47
2017-04-12,GME,36467W109,7224,GAMESTOP CORP (HLDG CO) CL A,5.5275
2017-04-13,GME,36467W109,28,GAMESTOP CORP (HLDG CO) CL A,5.5175
2017-04-18,GME,36467W109,2780,GAMESTOP CORP (HLDG CO) CL A,5.7225
2017-04-19,GME,36467W109,4384,GAMESTOP CORP (HLDG CO) CL A,5.71
2017-04-20,GME,36467W109,780,GAMESTOP CORP (HLDG CO) CL A,5.695
2017-04-21,GME,36467W109,1888,GAMESTOP CORP (HLDG CO) CL A,5.7975
2017-04-24,GME,36467W109,740,GAMESTOP CORP (HLDG CO) CL A,5.7975
2017-04-26,GME,36467W109,164132,GAMESTOP CORP (HLDG CO) CL A,5.85
2017-04-27,GME,36467W109,3700,GAMESTOP CORP (HLDG CO) CL A,5.9125
2017-04-28,GME,36467W109,1020,GAMESTOP CORP (HLDG CO) CL A,5.775
2017-05-02,GME,36467W109,654620,GAMESTOP CORP (HLDG CO) CL A,5.695
2017-05-04,GME,36467W109,240660,GAMESTOP CORP (HLDG CO) CL A,5.9925
2017-05-05,GME,36467W109,236440,GAMESTOP CORP (HLDG CO) CL A,5.8925
2017-05-08,GME,36467W109,1112,GAMESTOP CORP (HLDG CO) CL A,6.00
2017-05-10,GME,36467W109,108,GAMESTOP CORP (HLDG CO) CL A,6.1225
2017-05-11,GME,36467W109,156,GAMESTOP CORP (HLDG CO) CL A,6.2375
2017-05-12,GME,36467W109,138168,GAMESTOP CORP (HLDG CO) CL A,6.0875
2017-05-17,GME,36467W109,125876,GAMESTOP CORP (HLDG CO) CL A,6.1175
2017-05-18,GME,36467W109,20584,GAMESTOP CORP (HLDG CO) CL A,5.96
2017-05-22,GME,36467W109,976,GAMESTOP CORP (HLDG CO) CL A,6.055
2017-05-24,GME,36467W109,16624,GAMESTOP CORP (HLDG CO) CL A,5.665
2017-05-26,GME,36467W109,268,GAMESTOP CORP (HLDG CO) CL A,5.905
2017-05-30,GME,36467W109,177504,GAMESTOP CORP (HLDG CO) CL A,5.555
2017-05-31,GME,36467W109,1836804,GAMESTOP CORP (HLDG CO) CL A,5.6425
2017-06-01,GME,36467W109,1261380,GAMESTOP CORP (HLDG CO) CL A,5.535
2017-06-05,GME,36467W109,169780,GAMESTOP CORP (HLDG CO) CL A,5.6675
2017-06-06,GME,36467W109,142720,GAMESTOP CORP (HLDG CO) CL A,5.62
2017-06-07,GME,36467W109,268880,GAMESTOP CORP (HLDG CO) CL A,5.475
2017-06-09,GME,36467W109,980,GAMESTOP CORP (HLDG CO) CL A,5.3425
2017-06-12,GME,36467W109,19240,GAMESTOP CORP (HLDG CO) CL A,5.5025
2017-06-14,GME,36467W109,1124,GAMESTOP CORP (HLDG CO) CL A,5.495
2017-06-19,GME,36467W109,256,GAMESTOP CORP (HLDG CO) CL A,5.1475
2017-06-20,GME,36467W109,57352,GAMESTOP CORP (HLDG CO) CL A,5.20
2017-06-21,GME,36467W109,972,GAMESTOP CORP (HLDG CO) CL A,5.16
2017-06-22,GME,36467W109,40348,GAMESTOP CORP (HLDG CO) CL A,5.115
2017-06-26,GME,36467W109,3580,GAMESTOP CORP (HLDG CO) CL A,5.1625
2017-06-27,GME,36467W109,32832,GAMESTOP CORP (HLDG CO) CL A,5.2825
2017-06-29,GME,36467W109,62812,GAMESTOP CORP (HLDG CO) CL A,5.3775
2017-06-30,GME,36467W109,15508,GAMESTOP CORP (HLDG CO) CL A,5.4025
2017-07-03,GME,36467W109,58776,GAMESTOP CORP (HLDG CO) CL A,5.4025
2017-07-05,GME,36467W109,10424,GAMESTOP CORP (HLDG CO) CL A,5.40
2017-07-06,GME,36467W109,17948,GAMESTOP CORP (HLDG CO) CL A,5.3775
2017-07-10,GME,36467W109,12024,GAMESTOP CORP (HLDG CO) CL A,5.2275
2017-07-11,GME,36467W109,184,GAMESTOP CORP (HLDG CO) CL A,5.2225
2017-07-13,GME,36467W109,1724,GAMESTOP CORP (HLDG CO) CL A,5.2475
2017-07-14,GME,36467W109,760,GAMESTOP CORP (HLDG CO) CL A,5.29
2017-07-18,GME,36467W109,844,GAMESTOP CORP (HLDG CO) CL A,5.32
2017-07-19,GME,36467W109,984,GAMESTOP CORP (HLDG CO) CL A,5.2725
2017-07-20,GME,36467W109,660,GAMESTOP CORP (HLDG CO) CL A,5.3375
2017-07-21,GME,36467W109,15288,GAMESTOP CORP (HLDG CO) CL A,5.275
2017-07-25,GME,36467W109,1849652,GAMESTOP CORP (HLDG CO) CL A,5.20
2017-07-26,GME,36467W109,3832,GAMESTOP CORP (HLDG CO) CL A,5.315
2017-07-27,GME,36467W109,144,GAMESTOP CORP (HLDG CO) CL A,5.26
2017-07-28,GME,36467W109,596,GAMESTOP CORP (HLDG CO) CL A,5.425
2017-07-31,GME,36467W109,2480,GAMESTOP CORP (HLDG CO) CL A,5.375
2017-08-01,GME,36467W109,1380,GAMESTOP CORP (HLDG CO) CL A,5.4225
2017-08-02,GME,36467W109,26916,GAMESTOP CORP (HLDG CO) CL A,5.34
2017-08-03,GME,36467W109,2180,GAMESTOP CORP (HLDG CO) CL A,5.345
2017-08-04,GME,36467W109,9928,GAMESTOP CORP (HLDG CO) CL A,5.415
2017-08-08,GME,36467W109,1724,GAMESTOP CORP (HLDG CO) CL A,5.5425
2017-08-09,GME,36467W109,105280,GAMESTOP CORP (HLDG CO) CL A,5.485
2017-08-10,GME,36467W109,1508,GAMESTOP CORP (HLDG CO) CL A,5.52
2017-08-11,GME,36467W109,114848,GAMESTOP CORP (HLDG CO) CL A,5.3675
2017-08-14,GME,36467W109,254860,GAMESTOP CORP (HLDG CO) CL A,5.44
2017-08-15,GME,36467W109,5860,GAMESTOP CORP (HLDG CO) CL A,5.4625
2017-08-16,GME,36467W109,1384,GAMESTOP CORP (HLDG CO) CL A,5.2325
2017-08-17,GME,36467W109,13404,GAMESTOP CORP (HLDG CO) CL A,5.3475
2017-08-18,GME,36467W109,254072,GAMESTOP CORP (HLDG CO) CL A,5.275
2017-08-21,GME,36467W109,125628,GAMESTOP CORP (HLDG CO) CL A,5.305
2017-08-22,GME,36467W109,68592,GAMESTOP CORP (HLDG CO) CL A,5.245
2017-08-23,GME,36467W109,3008,GAMESTOP CORP (HLDG CO) CL A,5.41
2017-08-24,GME,36467W109,20980,GAMESTOP CORP (HLDG CO) CL A,5.37
2017-08-25,GME,36467W109,4504,GAMESTOP CORP (HLDG CO) CL A,5.445
2017-08-28,GME,36467W109,5188,GAMESTOP CORP (HLDG CO) CL A,4.85
2017-08-29,GME,36467W109,769232,GAMESTOP CORP (HLDG CO) CL A,4.7875
2017-08-30,GME,36467W109,212392,GAMESTOP CORP (HLDG CO) CL A,4.6875
2017-09-01,GME,36467W109,14884,GAMESTOP CORP (HLDG CO) CL A,4.625
2017-09-05,GME,36467W109,430084,GAMESTOP CORP (HLDG CO) CL A,4.6675
2017-09-07,GME,36467W109,230916,GAMESTOP CORP (HLDG CO) CL A,4.835
2017-09-08,GME,36467W109,433044,GAMESTOP CORP (HLDG CO) CL A,4.7125
2017-09-12,GME,36467W109,20744,GAMESTOP CORP (HLDG CO) CL A,4.80
2017-09-13,GME,36467W109,4104,GAMESTOP CORP (HLDG CO) CL A,4.8825
2017-09-14,GME,36467W109,236,GAMESTOP CORP (HLDG CO) CL A,5.005
2017-09-15,GME,36467W109,1172,GAMESTOP CORP (HLDG CO) CL A,5.02
2017-09-18,GME,36467W109,361568,GAMESTOP CORP (HLDG CO) CL A,5.0725
2017-09-20,GME,36467W109,19720,GAMESTOP CORP (HLDG CO) CL A,5.0475
2017-09-21,GME,36467W109,2220,GAMESTOP CORP (HLDG CO) CL A,5.025
2017-09-26,GME,36467W109,12,GAMESTOP CORP (HLDG CO) CL A,5.11
2017-09-28,GME,36467W109,2900,GAMESTOP CORP (HLDG CO) CL A,5.2125
2017-09-29,GME,36467W109,1080,GAMESTOP CORP (HLDG CO) CL A,5.1975
2017-10-04,GME,36467W109,1752,GAMESTOP CORP (HLDG CO) CL A,5.0525
2017-10-05,GME,36467W109,97680,GAMESTOP CORP (HLDG CO) CL A,5.0625
2017-10-06,GME,36467W109,75936,GAMESTOP CORP (HLDG CO) CL A,5.13
2017-10-11,GME,36467W109,136744,GAMESTOP CORP (HLDG CO) CL A,5.0575
2017-10-12,GME,36467W109,2288,GAMESTOP CORP (HLDG CO) CL A,4.8975
2017-10-13,GME,36467W109,2988,GAMESTOP CORP (HLDG CO) CL A,4.875
2017-10-17,GME,36467W109,3100,GAMESTOP CORP (HLDG CO) CL A,4.8525
2017-10-18,GME,36467W109,1564,GAMESTOP CORP (HLDG CO) CL A,4.915
2017-10-19,GME,36467W109,81876,GAMESTOP CORP (HLDG CO) CL A,5.0125
2017-10-20,GME,36467W109,3700,GAMESTOP CORP (HLDG CO) CL A,5.0125
2017-10-24,GME,36467W109,344716,GAMESTOP CORP (HLDG CO) CL A,5.07
2017-10-25,GME,36467W109,468,GAMESTOP CORP (HLDG CO) CL A,4.99
2017-10-30,GME,36467W109,37436,GAMESTOP CORP (HLDG CO) CL A,4.835
2017-11-02,GME,36467W109,116,GAMESTOP CORP (HLDG CO) CL A,4.65
2017-11-03,GME,36467W109,681864,GAMESTOP CORP (HLDG CO) CL A,4.6275
2017-11-06,GME,36467W109,609768,GAMESTOP CORP (HLDG CO) CL A,4.525
2017-11-07,GME,36467W109,2256,GAMESTOP CORP (HLDG CO) CL A,4.4575
2017-11-08,GME,36467W109,1684,GAMESTOP CORP (HLDG CO) CL A,4.2775
2017-11-09,GME,36467W109,2280,GAMESTOP CORP (HLDG CO) CL A,4.30
2017-11-10,GME,36467W109,1872,GAMESTOP CORP (HLDG CO) CL A,4.39
2017-11-13,GME,36467W109,641380,GAMESTOP CORP (HLDG CO) CL A,4.1075
2017-11-14,GME,36467W109,432680,GAMESTOP CORP (HLDG CO) CL A,4.05
2017-11-15,GME,36467W109,273088,GAMESTOP CORP (HLDG CO) CL A,4.0475
2017-11-17,GME,36467W109,34404,GAMESTOP CORP (HLDG CO) CL A,4.045
2017-11-20,GME,36467W109,258400,GAMESTOP CORP (HLDG CO) CL A,4.0775
2017-11-21,GME,36467W109,1310848,GAMESTOP CORP (HLDG CO) CL A,4.11
2017-11-22,GME,36467W109,128416,GAMESTOP CORP (HLDG CO) CL A,4.1825
2017-11-24,GME,36467W109,494084,GAMESTOP CORP (HLDG CO) CL A,4.3425
2017-11-27,GME,36467W109,1184716,GAMESTOP CORP (HLDG CO) CL A,4.355
2017-11-28,GME,36467W109,71632,GAMESTOP CORP (HLDG CO) CL A,4.5425
2017-11-29,GME,36467W109,1001976,GAMESTOP CORP (HLDG CO) CL A,4.755
2017-11-30,GME,36467W109,729780,GAMESTOP CORP (HLDG CO) CL A,4.88
2017-12-01,GME,36467W109,1543872,GAMESTOP CORP (HLDG CO) CL A,4.6875
2017-12-06,GME,36467W109,243968,GAMESTOP CORP (HLDG CO) CL A,4.8175
2017-12-07,GME,36467W109,52,GAMESTOP CORP (HLDG CO) CL A,4.7525
2017-12-08,GME,36467W109,3964,GAMESTOP CORP (HLDG CO) CL A,4.6575
2017-12-11,GME,36467W109,114504,GAMESTOP CORP (HLDG CO) CL A,4.80
2017-12-12,GME,36467W109,20240,GAMESTOP CORP (HLDG CO) CL A,4.7675
2017-12-19,GME,36467W109,153344,GAMESTOP CORP (HLDG CO) CL A,4.665
2017-12-26,GME,36467W109,224,GAMESTOP CORP (HLDG CO) CL A,4.5725
2017-12-27,GME,36467W109,4816,GAMESTOP CORP (HLDG CO) CL A,4.6275
2017-12-29,GME,36467W109,2472,GAMESTOP CORP (HLDG CO) CL A,4.5425
2018-01-04,GME,36467W109,133572,GAMESTOP CORP (HLDG CO) CL A,4.55
2018-01-05,GME,36467W109,126996,GAMESTOP CORP (HLDG CO) CL A,4.58
2018-01-08,GME,36467W109,72568,GAMESTOP CORP (HLDG CO) CL A,4.67
2018-01-09,GME,36467W109,420,GAMESTOP CORP (HLDG CO) CL A,4.8075
2018-01-11,GME,36467W109,614464,GAMESTOP CORP (HLDG CO) CL A,4.92
2018-01-16,GME,36467W109,1112040,GAMESTOP CORP (HLDG CO) CL A,4.44
2018-01-17,GME,36467W109,35216,GAMESTOP CORP (HLDG CO) CL A,4.29
2018-01-19,GME,36467W109,103696,GAMESTOP CORP (HLDG CO) CL A,4.465
2018-01-22,GME,36467W109,254660,GAMESTOP CORP (HLDG CO) CL A,4.5325
2018-01-23,GME,36467W109,21144,GAMESTOP CORP (HLDG CO) CL A,4.3875
2018-01-25,GME,36467W109,1200,GAMESTOP CORP (HLDG CO) CL A,4.245
2018-01-26,GME,36467W109,4380,GAMESTOP CORP (HLDG CO) CL A,4.21
2018-01-29,GME,36467W109,1564,GAMESTOP CORP (HLDG CO) CL A,4.265
2018-01-30,GME,36467W109,5012,GAMESTOP CORP (HLDG CO) CL A,4.2875
2018-01-31,GME,36467W109,35156,GAMESTOP CORP (HLDG CO) CL A,4.2675
2018-02-01,GME,36467W109,2316,GAMESTOP CORP (HLDG CO) CL A,4.2025
2018-02-02,GME,36467W109,3112,GAMESTOP CORP (HLDG CO) CL A,4.165
2018-02-05,GME,36467W109,71024,GAMESTOP CORP (HLDG CO) CL A,4.0575
2018-02-06,GME,36467W109,11360,GAMESTOP CORP (HLDG CO) CL A,3.9125
2018-02-07,GME,36467W109,9160,GAMESTOP CORP (HLDG CO) CL A,4.035
2018-02-13,GME,36467W109,21696,GAMESTOP CORP (HLDG CO) CL A,3.95
2018-02-16,GME,36467W109,1782764,GAMESTOP CORP (HLDG CO) CL A,4.1025
2018-02-20,GME,36467W109,2364,GAMESTOP CORP (HLDG CO) CL A,4.10
2018-02-21,GME,36467W109,703492,GAMESTOP CORP (HLDG CO) CL A,3.965
2018-02-22,GME,36467W109,2000,GAMESTOP CORP (HLDG CO) CL A,3.9225
2018-02-26,GME,36467W109,260724,GAMESTOP CORP (HLDG CO) CL A,3.9925
2018-02-27,GME,36467W109,400200,GAMESTOP CORP (HLDG CO) CL A,4.02
2018-02-28,GME,36467W109,462696,GAMESTOP CORP (HLDG CO) CL A,3.8925
2018-03-01,GME,36467W109,90812,GAMESTOP CORP (HLDG CO) CL A,3.9225
2018-03-02,GME,36467W109,564960,GAMESTOP CORP (HLDG CO) CL A,3.9925
2018-03-05,GME,36467W109,1014964,GAMESTOP CORP (HLDG CO) CL A,3.9825
2018-03-06,GME,36467W109,92788,GAMESTOP CORP (HLDG CO) CL A,4.0125
2018-03-07,GME,36467W109,1708,GAMESTOP CORP (HLDG CO) CL A,4.015
2018-03-09,GME,36467W109,160584,GAMESTOP CORP (HLDG CO) CL A,3.91
2018-03-12,GME,36467W109,224,GAMESTOP CORP (HLDG CO) CL A,3.9625
2018-03-13,GME,36467W109,136,GAMESTOP CORP (HLDG CO) CL A,3.8875
2018-03-19,GME,36467W109,139544,GAMESTOP CORP (HLDG CO) CL A,3.855
2018-03-22,GME,36467W109,108608,GAMESTOP CORP (HLDG CO) CL A,3.505
2018-03-23,GME,36467W109,48012,GAMESTOP CORP (HLDG CO) CL A,3.4575
2018-03-26,GME,36467W109,581148,GAMESTOP CORP (HLDG CO) CL A,3.375
2018-03-27,GME,36467W109,6296,GAMESTOP CORP (HLDG CO) CL A,3.51
2018-03-28,GME,36467W109,693688,GAMESTOP CORP (HLDG CO) CL A,3.47
2018-04-02,GME,36467W109,3200,GAMESTOP CORP (HLDG CO) CL A,3.155
2018-04-04,GME,36467W109,10468,GAMESTOP CORP (HLDG CO) CL A,3.2525
2018-04-05,GME,36467W109,24556,GAMESTOP CORP (HLDG CO) CL A,3.335
2018-04-06,GME,36467W109,166956,GAMESTOP CORP (HLDG CO) CL A,3.39
2018-04-09,GME,36467W109,2229472,GAMESTOP CORP (HLDG CO) CL A,3.3575
2018-04-10,GME,36467W109,408056,GAMESTOP CORP (HLDG CO) CL A,3.37
2018-04-11,GME,36467W109,506628,GAMESTOP CORP (HLDG CO) CL A,3.42
2018-04-12,GME,36467W109,69248,GAMESTOP CORP (HLDG CO) CL A,3.46
2018-04-16,GME,36467W109,6440,GAMESTOP CORP (HLDG CO) CL A,3.4025
2018-04-17,GME,36467W109,908,GAMESTOP CORP (HLDG CO) CL A,3.4525
2018-04-18,GME,36467W109,77328,GAMESTOP CORP (HLDG CO) CL A,3.485
2018-04-19,GME,36467W109,626656,GAMESTOP CORP (HLDG CO) CL A,3.415
2018-04-20,GME,36467W109,19980,GAMESTOP CORP (HLDG CO) CL A,3.38
2018-04-23,GME,36467W109,556,GAMESTOP CORP (HLDG CO) CL A,3.22
2018-04-24,GME,36467W109,1600524,GAMESTOP CORP (HLDG CO) CL A,3.30
2018-04-25,GME,36467W109,1039180,GAMESTOP CORP (HLDG CO) CL A,3.3525
2018-04-26,GME,36467W109,311288,GAMESTOP CORP (HLDG CO) CL A,3.365
2018-04-27,GME,36467W109,594004,GAMESTOP CORP (HLDG CO) CL A,3.4175
2018-04-30,GME,36467W109,15720,GAMESTOP CORP (HLDG CO) CL A,3.465
2018-05-01,GME,36467W109,318480,GAMESTOP CORP (HLDG CO) CL A,3.4125
2018-05-02,GME,36467W109,78368,GAMESTOP CORP (HLDG CO) CL A,3.4625
2018-05-03,GME,36467W109,355000,GAMESTOP CORP (HLDG CO) CL A,3.3625
2018-05-04,GME,36467W109,73496,GAMESTOP CORP (HLDG CO) CL A,3.2075
2018-05-07,GME,36467W109,177368,GAMESTOP CORP (HLDG CO) CL A,3.25
2018-05-08,GME,36467W109,31928,GAMESTOP CORP (HLDG CO) CL A,3.2225
2018-05-09,GME,36467W109,219380,GAMESTOP CORP (HLDG CO) CL A,3.1975
2018-05-10,GME,36467W109,174480,GAMESTOP CORP (HLDG CO) CL A,3.2325
2018-05-14,GME,36467W109,415076,GAMESTOP CORP (HLDG CO) CL A,3.1775
2018-05-16,GME,36467W109,24360,GAMESTOP CORP (HLDG CO) CL A,3.3775
2018-05-17,GME,36467W109,142892,GAMESTOP CORP (HLDG CO) CL A,3.3875
2018-05-18,GME,36467W109,216928,GAMESTOP CORP (HLDG CO) CL A,3.405
2018-05-21,GME,36467W109,41860,GAMESTOP CORP (HLDG CO) CL A,3.115
2018-05-22,GME,36467W109,2070156,GAMESTOP CORP (HLDG CO) CL A,3.195
2018-05-23,GME,36467W109,788488,GAMESTOP CORP (HLDG CO) CL A,3.1675
2018-05-24,GME,36467W109,785540,GAMESTOP CORP (HLDG CO) CL A,3.18
2018-05-25,GME,36467W109,64484,GAMESTOP CORP (HLDG CO) CL A,3.185
2018-05-29,GME,36467W109,225192,GAMESTOP CORP (HLDG CO) CL A,3.1675
2018-05-30,GME,36467W109,271856,GAMESTOP CORP (HLDG CO) CL A,3.2625
2018-05-31,GME,36467W109,731936,GAMESTOP CORP (HLDG CO) CL A,3.355
2018-06-01,GME,36467W109,477220,GAMESTOP CORP (HLDG CO) CL A,3.30
2018-06-04,GME,36467W109,1557436,GAMESTOP CORP (HLDG CO) CL A,3.43
2018-06-05,GME,36467W109,4941280,GAMESTOP CORP (HLDG CO) CL A,3.56
2018-06-06,GME,36467W109,6131200,GAMESTOP CORP (HLDG CO) CL A,3.65
2018-06-07,GME,36467W109,2941296,GAMESTOP CORP (HLDG CO) CL A,3.605
2018-06-08,GME,36467W109,4409280,GAMESTOP CORP (HLDG CO) CL A,3.6225
2018-06-11,GME,36467W109,504700,GAMESTOP CORP (HLDG CO) CL A,3.6325
2018-06-12,GME,36467W109,2154224,GAMESTOP CORP (HLDG CO) CL A,3.5725
2018-06-13,GME,36467W109,25588,GAMESTOP CORP (HLDG CO) CL A,3.5125
2018-06-14,GME,36467W109,5060,GAMESTOP CORP (HLDG CO) CL A,3.3325
2018-06-15,GME,36467W109,1009616,GAMESTOP CORP (HLDG CO) CL A,3.2125
2018-06-18,GME,36467W109,2774288,GAMESTOP CORP (HLDG CO) CL A,3.49
2018-06-19,GME,36467W109,44064,GAMESTOP CORP (HLDG CO) CL A,3.80
2018-06-20,GME,36467W109,255376,GAMESTOP CORP (HLDG CO) CL A,3.9375
2018-06-21,GME,36467W109,178200,GAMESTOP CORP (HLDG CO) CL A,3.9275
2018-06-22,GME,36467W109,138724,GAMESTOP CORP (HLDG CO) CL A,3.8825
2018-06-25,GME,36467W109,260988,GAMESTOP CORP (HLDG CO) CL A,3.88
2018-06-26,GME,36467W109,294352,GAMESTOP CORP (HLDG CO) CL A,3.7775
2018-06-27,GME,36467W109,90664,GAMESTOP CORP (HLDG CO) CL A,3.7425
2018-06-28,GME,36467W109,228908,GAMESTOP CORP (HLDG CO) CL A,3.65
2018-06-29,GME,36467W109,353004,GAMESTOP CORP (HLDG CO) CL A,3.72
2018-07-02,GME,36467W109,20496,GAMESTOP CORP (HLDG CO) CL A,3.6425
2018-07-03,GME,36467W109,18776,GAMESTOP CORP (HLDG CO) CL A,3.54
2018-07-05,GME,36467W109,1384,GAMESTOP CORP (HLDG CO) CL A,3.5125
2018-07-06,GME,36467W109,161948,GAMESTOP CORP (HLDG CO) CL A,3.6575
2018-07-09,GME,36467W109,1749376,GAMESTOP CORP (HLDG CO) CL A,3.7875
2018-07-10,GME,36467W109,564800,GAMESTOP CORP (HLDG CO) CL A,3.8675
2018-07-11,GME,36467W109,67736,GAMESTOP CORP (HLDG CO) CL A,3.715
2018-07-12,GME,36467W109,68196,GAMESTOP CORP (HLDG CO) CL A,3.675
2018-07-13,GME,36467W109,24468,GAMESTOP CORP (HLDG CO) CL A,3.7725
2018-07-16,GME,36467W109,1120,GAMESTOP CORP (HLDG CO) CL A,3.82
2018-07-17,GME,36467W109,143688,GAMESTOP CORP (HLDG CO) CL A,3.805
2018-07-18,GME,36467W109,53496,GAMESTOP CORP (HLDG CO) CL A,3.645
2018-07-19,GME,36467W109,12564,GAMESTOP CORP (HLDG CO) CL A,3.645
2018-07-20,GME,36467W109,50076,GAMESTOP CORP (HLDG CO) CL A,3.73
2018-07-23,GME,36467W109,332,GAMESTOP CORP (HLDG CO) CL A,3.77
2018-07-24,GME,36467W109,351992,GAMESTOP CORP (HLDG CO) CL A,3.7225
2018-07-26,GME,36467W109,92,GAMESTOP CORP (HLDG CO) CL A,3.6275
2018-07-27,GME,36467W109,32720,GAMESTOP CORP (HLDG CO) CL A,3.7025
2018-07-31,GME,36467W109,12604,GAMESTOP CORP (HLDG CO) CL A,3.675
2018-08-03,GME,36467W109,29292,GAMESTOP CORP (HLDG CO) CL A,3.655
2018-08-06,GME,36467W109,7308,GAMESTOP CORP (HLDG CO) CL A,3.7125
2018-08-07,GME,36467W109,175352,GAMESTOP CORP (HLDG CO) CL A,3.715
2018-08-08,GME,36467W109,16728,GAMESTOP CORP (HLDG CO) CL A,3.78
2018-08-10,GME,36467W109,73960,GAMESTOP CORP (HLDG CO) CL A,3.8025
2018-08-13,GME,36467W109,64124,GAMESTOP CORP (HLDG CO) CL A,3.83
2018-08-14,GME,36467W109,3700,GAMESTOP CORP (HLDG CO) CL A,3.8025
2018-08-15,GME,36467W109,2192,GAMESTOP CORP (HLDG CO) CL A,3.875
2018-08-16,GME,36467W109,21064,GAMESTOP CORP (HLDG CO) CL A,3.855
2018-08-17,GME,36467W109,2668,GAMESTOP CORP (HLDG CO) CL A,3.805
2018-08-20,GME,36467W109,88332,GAMESTOP CORP (HLDG CO) CL A,3.8325
2018-08-21,GME,36467W109,155260,GAMESTOP CORP (HLDG CO) CL A,3.9625
2018-08-22,GME,36467W109,24,GAMESTOP CORP (HLDG CO) CL A,4.1225
2018-08-23,GME,36467W109,518608,GAMESTOP CORP (HLDG CO) CL A,4.245
2018-08-24,GME,36467W109,1189708,GAMESTOP CORP (HLDG CO) CL A,4.19
2018-08-27,GME,36467W109,2329916,GAMESTOP CORP (HLDG CO) CL A,4.1375
2018-08-28,GME,36467W109,2483376,GAMESTOP CORP (HLDG CO) CL A,3.6775
2018-08-29,GME,36467W109,3221528,GAMESTOP CORP (HLDG CO) CL A,3.5075
2018-08-30,GME,36467W109,613936,GAMESTOP CORP (HLDG CO) CL A,3.53
2018-08-31,GME,36467W109,365780,GAMESTOP CORP (HLDG CO) CL A,3.395
2018-09-04,GME,36467W109,218368,GAMESTOP CORP (HLDG CO) CL A,3.3175
2018-09-05,GME,36467W109,264068,GAMESTOP CORP (HLDG CO) CL A,3.5125
2018-09-06,GME,36467W109,1222192,GAMESTOP CORP (HLDG CO) CL A,4.065
2018-09-07,GME,36467W109,935816,GAMESTOP CORP (HLDG CO) CL A,4.035
2018-09-10,GME,36467W109,883900,GAMESTOP CORP (HLDG CO) CL A,4.0325
2018-09-11,GME,36467W109,737980,GAMESTOP CORP (HLDG CO) CL A,4.00
2018-09-12,GME,36467W109,325036,GAMESTOP CORP (HLDG CO) CL A,4.04
2018-09-13,GME,36467W109,19528,GAMESTOP CORP (HLDG CO) CL A,4.165
2018-09-14,GME,36467W109,258248,GAMESTOP CORP (HLDG CO) CL A,4.26
2018-09-17,GME,36467W109,1690352,GAMESTOP CORP (HLDG CO) CL A,4.1975
2018-09-18,GME,36467W109,1530824,GAMESTOP CORP (HLDG CO) CL A,4.1525
2018-09-19,GME,36467W109,34252,GAMESTOP CORP (HLDG CO) CL A,4.125
2018-09-20,GME,36467W109,3800,GAMESTOP CORP (HLDG CO) CL A,4.15
2018-09-21,GME,36467W109,394824,GAMESTOP CORP (HLDG CO) CL A,4.1225
2018-09-24,GME,36467W109,12056,GAMESTOP CORP (HLDG CO) CL A,4.13
2018-09-25,GME,36467W109,208912,GAMESTOP CORP (HLDG CO) CL A,3.88
2018-09-26,GME,36467W109,9132,GAMESTOP CORP (HLDG CO) CL A,4.005
2018-09-27,GME,36467W109,20368,GAMESTOP CORP (HLDG CO) CL A,3.8975
2018-09-28,GME,36467W109,40,GAMESTOP CORP (HLDG CO) CL A,3.8875
2018-10-01,GME,36467W109,212296,GAMESTOP CORP (HLDG CO) CL A,3.8175
2018-10-02,GME,36467W109,7200,GAMESTOP CORP (HLDG CO) CL A,3.82
2018-10-03,GME,36467W109,15364,GAMESTOP CORP (HLDG CO) CL A,3.7175
2018-10-04,GME,36467W109,388,GAMESTOP CORP (HLDG CO) CL A,3.73
2018-10-05,GME,36467W109,6256,GAMESTOP CORP (HLDG CO) CL A,3.705
2018-10-09,GME,36467W109,402732,GAMESTOP CORP (HLDG CO) CL A,3.745
2018-10-10,GME,36467W109,766628,GAMESTOP CORP (HLDG CO) CL A,3.69
2018-10-11,GME,36467W109,792,GAMESTOP CORP (HLDG CO) CL A,3.7075
2018-10-12,GME,36467W109,14164,GAMESTOP CORP (HLDG CO) CL A,3.665
2018-10-15,GME,36467W109,157632,GAMESTOP CORP (HLDG CO) CL A,3.70
2018-10-16,GME,36467W109,4332,GAMESTOP CORP (HLDG CO) CL A,3.72
2018-10-18,GME,36467W109,34200,GAMESTOP CORP (HLDG CO) CL A,3.83
2018-10-19,GME,36467W109,225508,GAMESTOP CORP (HLDG CO) CL A,3.765
2018-10-23,GME,36467W109,61580,GAMESTOP CORP (HLDG CO) CL A,3.78
2018-10-24,GME,36467W109,2000,GAMESTOP CORP (HLDG CO) CL A,3.8175
2018-10-25,GME,36467W109,2000,GAMESTOP CORP (HLDG CO) CL A,3.7675
2018-10-26,GME,36467W109,2000,GAMESTOP CORP (HLDG CO) CL A,3.61
2018-10-29,GME,36467W109,52420,GAMESTOP CORP (HLDG CO) CL A,3.4275
2018-10-30,GME,36467W109,195964,GAMESTOP CORP (HLDG CO) CL A,3.6325
2018-10-31,GME,36467W109,1116,GAMESTOP CORP (HLDG CO) CL A,3.6675
2018-11-01,GME,36467W109,5312,GAMESTOP CORP (HLDG CO) CL A,3.65
2018-11-02,GME,36467W109,3764,GAMESTOP CORP (HLDG CO) CL A,3.8375
2018-11-05,GME,36467W109,22832,GAMESTOP CORP (HLDG CO) CL A,3.9025
2018-11-06,GME,36467W109,8480,GAMESTOP CORP (HLDG CO) CL A,3.7475
2018-11-07,GME,36467W109,4452,GAMESTOP CORP (HLDG CO) CL A,3.7375
2018-11-19,GME,36467W109,211996,GAMESTOP CORP (HLDG CO) CL A,3.1975
2018-11-23,GME,36467W109,866312,GAMESTOP CORP (HLDG CO) CL A,3.4275
2018-11-26,GME,36467W109,420524,GAMESTOP CORP (HLDG CO) CL A,3.375
2018-11-27,GME,36467W109,353776,GAMESTOP CORP (HLDG CO) CL A,3.645
2018-11-28,GME,36467W109,2052,GAMESTOP CORP (HLDG CO) CL A,3.68
2018-11-29,GME,36467W109,75756,GAMESTOP CORP (HLDG CO) CL A,3.7525
2018-11-30,GME,36467W109,338192,GAMESTOP CORP (HLDG CO) CL A,3.6575
2018-12-04,GME,36467W109,1832,GAMESTOP CORP (HLDG CO) CL A,3.4675
2018-12-06,GME,36467W109,18960,GAMESTOP CORP (HLDG CO) CL A,3.375
2018-12-07,GME,36467W109,5464,GAMESTOP CORP (HLDG CO) CL A,3.39
2018-12-10,GME,36467W109,40,GAMESTOP CORP (HLDG CO) CL A,3.42
2018-12-11,GME,36467W109,920568,GAMESTOP CORP (HLDG CO) CL A,3.3075
2018-12-12,GME,36467W109,2760,GAMESTOP CORP (HLDG CO) CL A,3.2375
2018-12-14,GME,36467W109,764,GAMESTOP CORP (HLDG CO) CL A,3.1975
2018-12-17,GME,36467W109,3244,GAMESTOP CORP (HLDG CO) CL A,3.19
2018-12-18,GME,36467W109,18204,GAMESTOP CORP (HLDG CO) CL A,3.1625
2018-12-20,GME,36467W109,6876,GAMESTOP CORP (HLDG CO) CL A,3.145
2018-12-24,GME,36467W109,556,GAMESTOP CORP (HLDG CO) CL A,2.99
2018-12-26,GME,36467W109,234700,GAMESTOP CORP (HLDG CO) CL A,2.9175
2018-12-27,GME,36467W109,8644,GAMESTOP CORP (HLDG CO) CL A,3.10
2018-12-28,GME,36467W109,18360,GAMESTOP CORP (HLDG CO) CL A,3.045
2018-12-31,GME,36467W109,600,GAMESTOP CORP (HLDG CO) CL A,3.07
2019-01-03,GME,36467W109,2688,GAMESTOP CORP (HLDG CO) CL A,3.2675
2019-01-04,GME,36467W109,38504,GAMESTOP CORP (HLDG CO) CL A,3.2425
2019-01-08,GME,36467W109,232524,GAMESTOP CORP (HLDG CO) CL A,3.87
2019-01-09,GME,36467W109,496,GAMESTOP CORP (HLDG CO) CL A,3.9525
2019-01-10,GME,36467W109,8572,GAMESTOP CORP (HLDG CO) CL A,3.995
2019-01-11,GME,36467W109,27340,GAMESTOP CORP (HLDG CO) CL A,3.99
2019-01-15,GME,36467W109,636,GAMESTOP CORP (HLDG CO) CL A,3.91
2019-01-18,GME,36467W109,39148,GAMESTOP CORP (HLDG CO) CL A,3.9425
2019-01-23,GME,36467W109,3600,GAMESTOP CORP (HLDG CO) CL A,3.8175
2019-01-28,GME,36467W109,660,GAMESTOP CORP (HLDG CO) CL A,3.975
2019-01-29,GME,36467W109,19460,GAMESTOP CORP (HLDG CO) CL A,3.875
2019-01-31,GME,36467W109,2016224,GAMESTOP CORP (HLDG CO) CL A,2.80
2019-02-04,GME,36467W109,50992,GAMESTOP CORP (HLDG CO) CL A,2.81
2019-02-05,GME,36467W109,645836,GAMESTOP CORP (HLDG CO) CL A,2.8425
2019-02-12,GME,36467W109,1184,GAMESTOP CORP (HLDG CO) CL A,2.825
2019-02-14,GME,36467W109,15932,GAMESTOP CORP (HLDG CO) CL A,2.8675
2019-02-15,GME,36467W109,14800,GAMESTOP CORP (HLDG CO) CL A,2.8325
2019-02-19,GME,36467W109,356,GAMESTOP CORP (HLDG CO) CL A,2.8575
2019-02-20,GME,36467W109,8688,GAMESTOP CORP (HLDG CO) CL A,2.80
2019-02-21,GME,36467W109,92448,GAMESTOP CORP (HLDG CO) CL A,2.80
2019-02-22,GME,36467W109,3124,GAMESTOP CORP (HLDG CO) CL A,2.7575
2019-02-25,GME,36467W109,15328,GAMESTOP CORP (HLDG CO) CL A,2.8425
2019-02-26,GME,36467W109,275452,GAMESTOP CORP (HLDG CO) CL A,2.8875
2019-02-27,GME,36467W109,11600,GAMESTOP CORP (HLDG CO) CL A,2.91
2019-03-01,GME,36467W109,3952,GAMESTOP CORP (HLDG CO) CL A,2.925
2019-03-04,GME,36467W109,7388,GAMESTOP CORP (HLDG CO) CL A,2.9375
2019-03-05,GME,36467W109,154440,GAMESTOP CORP (HLDG CO) CL A,2.8925
2019-03-06,GME,36467W109,412832,GAMESTOP CORP (HLDG CO) CL A,2.90
2019-03-07,GME,36467W109,408492,GAMESTOP CORP (HLDG CO) CL A,2.89
2019-03-11,GME,36467W109,10616,GAMESTOP CORP (HLDG CO) CL A,2.7425
2019-03-12,GME,36467W109,1183132,GAMESTOP CORP (HLDG CO) CL A,2.815
2019-03-13,GME,36467W109,448048,GAMESTOP CORP (HLDG CO) CL A,2.8675
2019-03-14,GME,36467W109,6348,GAMESTOP CORP (HLDG CO) CL A,2.895
2019-03-15,GME,36467W109,60276,GAMESTOP CORP (HLDG CO) CL A,2.7375
2019-03-18,GME,36467W109,370016,GAMESTOP CORP (HLDG CO) CL A,2.765
2019-03-19,GME,36467W109,9872,GAMESTOP CORP (HLDG CO) CL A,2.7675
2019-03-20,GME,36467W109,76340,GAMESTOP CORP (HLDG CO) CL A,2.74
2019-03-22,GME,36467W109,128748,GAMESTOP CORP (HLDG CO) CL A,2.6375
2019-03-25,GME,36467W109,1660,GAMESTOP CORP (HLDG CO) CL A,2.6125
2019-03-27,GME,36467W109,283952,GAMESTOP CORP (HLDG CO) CL A,2.5875
2019-03-29,GME,36467W109,1984,GAMESTOP CORP (HLDG CO) CL A,2.5475
2019-04-01,GME,36467W109,164,GAMESTOP CORP (HLDG CO) CL A,2.54
2019-04-02,GME,36467W109,122204,GAMESTOP CORP (HLDG CO) CL A,2.5925
2019-04-03,GME,36467W109,437592,GAMESTOP CORP (HLDG CO) CL A,2.525
2019-04-05,GME,36467W109,257080,GAMESTOP CORP (HLDG CO) CL A,2.5075
2019-04-08,GME,36467W109,3136,GAMESTOP CORP (HLDG CO) CL A,2.465
2019-04-09,GME,36467W109,6000,GAMESTOP CORP (HLDG CO) CL A,2.485
2019-04-10,GME,36467W109,218164,GAMESTOP CORP (HLDG CO) CL A,2.455
2019-04-11,GME,36467W109,126372,GAMESTOP CORP (HLDG CO) CL A,2.4925
2019-04-12,GME,36467W109,1948,GAMESTOP CORP (HLDG CO) CL A,2.44
2019-04-15,GME,36467W109,30592,GAMESTOP CORP (HLDG CO) CL A,2.33
2019-04-17,GME,36467W109,169872,GAMESTOP CORP (HLDG CO) CL A,2.27
2019-04-24,GME,36467W109,367692,GAMESTOP CORP (HLDG CO) CL A,2.2225
2019-04-26,GME,36467W109,229272,GAMESTOP CORP (HLDG CO) CL A,2.2375
2019-05-07,GME,36467W109,784,GAMESTOP CORP (HLDG CO) CL A,2.2125
2019-05-09,GME,36467W109,8000,GAMESTOP CORP (HLDG CO) CL A,2.1725
2019-05-13,GME,36467W109,2000,GAMESTOP CORP (HLDG CO) CL A,2.12
2019-05-14,GME,36467W109,531776,GAMESTOP CORP (HLDG CO) CL A,2.065
2019-05-15,GME,36467W109,880868,GAMESTOP CORP (HLDG CO) CL A,2.1325
2019-05-16,GME,36467W109,64,GAMESTOP CORP (HLDG CO) CL A,2.1725
2019-05-20,GME,36467W109,14196,GAMESTOP CORP (HLDG CO) CL A,2.1525
2019-05-21,GME,36467W109,1693976,GAMESTOP CORP (HLDG CO) CL A,2.015
2019-05-29,GME,36467W109,746652,GAMESTOP CORP (HLDG CO) CL A,1.935
2019-05-30,GME,36467W109,1656,GAMESTOP CORP (HLDG CO) CL A,1.8925
2019-05-31,GME,36467W109,794380,GAMESTOP CORP (HLDG CO) CL A,1.90
2019-06-03,GME,36467W109,10704,GAMESTOP CORP (HLDG CO) CL A,1.895
2019-06-04,GME,36467W109,153812,GAMESTOP CORP (HLDG CO) CL A,1.8675
2019-06-05,GME,36467W109,1500,GAMESTOP CORP (HLDG CO) CL A,1.955
2019-06-07,GME,36467W109,400000,GAMESTOP CORP (HLDG CO) CL A,1.2825
2019-06-10,GME,36467W109,467708,GAMESTOP CORP (HLDG CO) CL A,1.255
2019-06-11,GME,36467W109,672,GAMESTOP CORP (HLDG CO) CL A,1.36
2019-06-12,GME,36467W109,356900,GAMESTOP CORP (HLDG CO) CL A,1.43
2019-06-13,GME,36467W109,352780,GAMESTOP CORP (HLDG CO) CL A,1.375
2019-06-14,GME,36467W109,598768,GAMESTOP CORP (HLDG CO) CL A,1.425
2019-06-17,GME,36467W109,266916,GAMESTOP CORP (HLDG CO) CL A,1.4075
2019-06-18,GME,36467W109,1804956,GAMESTOP CORP (HLDG CO) CL A,1.425
2019-06-19,GME,36467W109,12072,GAMESTOP CORP (HLDG CO) CL A,1.4325
2019-06-20,GME,36467W109,454912,GAMESTOP CORP (HLDG CO) CL A,1.4075
2019-06-21,GME,36467W109,883368,GAMESTOP CORP (HLDG CO) CL A,1.3825
2019-06-24,GME,36467W109,1229584,GAMESTOP CORP (HLDG CO) CL A,1.355
2019-06-25,GME,36467W109,1494372,GAMESTOP CORP (HLDG CO) CL A,1.3425
2019-06-26,GME,36467W109,1923792,GAMESTOP CORP (HLDG CO) CL A,1.3625
2019-06-27,GME,36467W109,294424,GAMESTOP CORP (HLDG CO) CL A,1.3675
2019-06-28,GME,36467W109,191492,GAMESTOP CORP (HLDG CO) CL A,1.385
2019-07-01,GME,36467W109,536924,GAMESTOP CORP (HLDG CO) CL A,1.3675
2019-07-02,GME,36467W109,566420,GAMESTOP CORP (HLDG CO) CL A,1.34
2019-07-03,GME,36467W109,321028,GAMESTOP CORP (HLDG CO) CL A,1.345
2019-07-05,GME,36467W109,469444,GAMESTOP CORP (HLDG CO) CL A,1.3275
2019-07-08,GME,36467W109,4292,GAMESTOP CORP (HLDG CO) CL A,1.38
2019-07-17,GME,36467W109,5715124,GAMESTOP CORP (HLDG CO) CL A,1.1575
2019-07-18,GME,36467W109,1232656,GAMESTOP CORP (HLDG CO) CL A,1.095
2019-07-19,GME,36467W109,2555688,GAMESTOP CORP (HLDG CO) CL A,1.05
2019-07-22,GME,36467W109,1268432,GAMESTOP CORP (HLDG CO) CL A,1.08
2019-07-25,GME,36467W109,25060,GAMESTOP CORP (HLDG CO) CL A,1.02
2019-07-29,GME,36467W109,17776,GAMESTOP CORP (HLDG CO) CL A,1.0025
2019-07-30,GME,36467W109,1588244,GAMESTOP CORP (HLDG CO) CL A,1.03
2019-07-31,GME,36467W109,928,GAMESTOP CORP (HLDG CO) CL A,1.0075
2019-08-02,GME,36467W109,335488,GAMESTOP CORP (HLDG CO) CL A,0.96
2019-08-07,GME,36467W109,30448,GAMESTOP CORP (HLDG CO) CL A,0.9525
2019-08-08,GME,36467W109,3456,GAMESTOP CORP (HLDG CO) CL A,0.9525
2019-08-12,GME,36467W109,67072,GAMESTOP CORP (HLDG CO) CL A,0.8975
2019-08-13,GME,36467W109,21500,GAMESTOP CORP (HLDG CO) CL A,0.8775
2019-08-14,GME,36467W109,19964,GAMESTOP CORP (HLDG CO) CL A,0.8675
2019-08-15,GME,36467W109,830476,GAMESTOP CORP (HLDG CO) CL A,0.83
2019-08-16,GME,36467W109,17460,GAMESTOP CORP (HLDG CO) CL A,0.8025
2019-08-19,GME,36467W109,18956,GAMESTOP CORP (HLDG CO) CL A,0.83
2019-08-21,GME,36467W109,359596,GAMESTOP CORP (HLDG CO) CL A,0.855
2019-08-22,GME,36467W109,19364,GAMESTOP CORP (HLDG CO) CL A,0.885
2019-08-23,GME,36467W109,23148,GAMESTOP CORP (HLDG CO) CL A,0.9675
2019-08-26,GME,36467W109,31196,GAMESTOP CORP (HLDG CO) CL A,0.9125
2019-08-27,GME,36467W109,217460,GAMESTOP CORP (HLDG CO) CL A,0.955
2019-08-28,GME,36467W109,1524780,GAMESTOP CORP (HLDG CO) CL A,0.925
2019-08-29,GME,36467W109,118880,GAMESTOP CORP (HLDG CO) CL A,0.97
2019-08-30,GME,36467W109,325292,GAMESTOP CORP (HLDG CO) CL A,1.0575
2019-09-03,GME,36467W109,11388,GAMESTOP CORP (HLDG CO) CL A,0.9925
2019-09-04,GME,36467W109,1460,GAMESTOP CORP (HLDG CO) CL A,0.9525
2019-09-05,GME,36467W109,144,GAMESTOP CORP (HLDG CO) CL A,0.995
2019-09-06,GME,36467W109,169340,GAMESTOP CORP (HLDG CO) CL A,1.0575
2019-09-10,GME,36467W109,86300,GAMESTOP CORP (HLDG CO) CL A,1.19
2019-09-11,GME,36467W109,703060,GAMESTOP CORP (HLDG CO) CL A,1.2725
2019-09-12,GME,36467W109,1450540,GAMESTOP CORP (HLDG CO) CL A,1.1475
2019-09-13,GME,36467W109,264188,GAMESTOP CORP (HLDG CO) CL A,1.145
2019-09-16,GME,36467W109,970212,GAMESTOP CORP (HLDG CO) CL A,1.1025
2019-09-17,GME,36467W109,143812,GAMESTOP CORP (HLDG CO) CL A,1.0875
2019-09-18,GME,36467W109,78816,GAMESTOP CORP (HLDG CO) CL A,1.0825
2019-09-19,GME,36467W109,138144,GAMESTOP CORP (HLDG CO) CL A,1.15
2019-09-20,GME,36467W109,158748,GAMESTOP CORP (HLDG CO) CL A,1.11
2019-09-24,GME,36467W109,2998948,GAMESTOP CORP (HLDG CO) CL A,1.255
2019-09-25,GME,36467W109,901584,GAMESTOP CORP (HLDG CO) CL A,1.2525
2019-09-26,GME,36467W109,1090696,GAMESTOP CORP (HLDG CO) CL A,1.30
2019-09-27,GME,36467W109,2255692,GAMESTOP CORP (HLDG CO) CL A,1.32
2019-09-30,GME,36467W109,1832328,GAMESTOP CORP (HLDG CO) CL A,1.335
2019-10-01,GME,36467W109,1144900,GAMESTOP CORP (HLDG CO) CL A,1.38
2019-10-02,GME,36467W109,551900,GAMESTOP CORP (HLDG CO) CL A,1.395
2019-10-03,GME,36467W109,1361088,GAMESTOP CORP (HLDG CO) CL A,1.33
2019-10-04,GME,36467W109,641124,GAMESTOP CORP (HLDG CO) CL A,1.355
2019-10-07,GME,36467W109,401776,GAMESTOP CORP (HLDG CO) CL A,1.3875
2019-10-08,GME,36467W109,951436,GAMESTOP CORP (HLDG CO) CL A,1.3725
2019-10-09,GME,36467W109,46332,GAMESTOP CORP (HLDG CO) CL A,1.3075
2019-10-10,GME,36467W109,408300,GAMESTOP CORP (HLDG CO) CL A,1.2475
2019-10-11,GME,36467W109,1884576,GAMESTOP CORP (HLDG CO) CL A,1.2625
2019-10-15,GME,36467W109,4962820,GAMESTOP CORP (HLDG CO) CL A,1.395
2019-10-16,GME,36467W109,6465760,GAMESTOP CORP (HLDG CO) CL A,1.4025
2019-10-17,GME,36467W109,4338108,GAMESTOP CORP (HLDG CO) CL A,1.47
2019-10-18,GME,36467W109,4104312,GAMESTOP CORP (HLDG CO) CL A,1.5075
2019-10-21,GME,36467W109,2854428,GAMESTOP CORP (HLDG CO) CL A,1.485
2019-10-22,GME,36467W109,4723884,GAMESTOP CORP (HLDG CO) CL A,1.4825
2019-10-23,GME,36467W109,3085420,GAMESTOP CORP (HLDG CO) CL A,1.5975
2019-10-24,GME,36467W109,576116,GAMESTOP CORP (HLDG CO) CL A,1.6075
2019-10-25,GME,36467W109,225376,GAMESTOP CORP (HLDG CO) CL A,1.605
2019-10-28,GME,36467W109,24716,GAMESTOP CORP (HLDG CO) CL A,1.5875
2019-10-29,GME,36467W109,101612,GAMESTOP CORP (HLDG CO) CL A,1.5475
2019-10-30,GME,36467W109,226320,GAMESTOP CORP (HLDG CO) CL A,1.4525
2019-10-31,GME,36467W109,43036,GAMESTOP CORP (HLDG CO) CL A,1.4325
2019-11-01,GME,36467W109,29844,GAMESTOP CORP (HLDG CO) CL A,1.36
2019-11-04,GME,36467W109,562616,GAMESTOP CORP (HLDG CO) CL A,1.46
2019-11-05,GME,36467W109,1388492,GAMESTOP CORP (HLDG CO) CL A,1.4625
2019-11-06,GME,36467W109,1212412,GAMESTOP CORP (HLDG CO) CL A,1.4775
2019-11-07,GME,36467W109,1518888,GAMESTOP CORP (HLDG CO) CL A,1.5225
2019-11-08,GME,36467W109,1498160,GAMESTOP CORP (HLDG CO) CL A,1.555
2019-11-12,GME,36467W109,161992,GAMESTOP CORP (HLDG CO) CL A,1.505
2019-11-13,GME,36467W109,312932,GAMESTOP CORP (HLDG CO) CL A,1.48
2019-11-14,GME,36467W109,386056,GAMESTOP CORP (HLDG CO) CL A,1.485
2019-11-15,GME,36467W109,201324,GAMESTOP CORP (HLDG CO) CL A,1.495
2019-11-18,GME,36467W109,222788,GAMESTOP CORP (HLDG CO) CL A,1.47
2019-11-19,GME,36467W109,3359216,GAMESTOP CORP (HLDG CO) CL A,1.405
2019-11-20,GME,36467W109,2384756,GAMESTOP CORP (HLDG CO) CL A,1.375
2019-11-21,GME,36467W109,852396,GAMESTOP CORP (HLDG CO) CL A,1.365
2019-11-22,GME,36467W109,2425916,GAMESTOP CORP (HLDG CO) CL A,1.375
2019-11-25,GME,36467W109,1457188,GAMESTOP CORP (HLDG CO) CL A,1.415
2019-11-26,GME,36467W109,1678788,GAMESTOP CORP (HLDG CO) CL A,1.5075
2019-11-27,GME,36467W109,1229068,GAMESTOP CORP (HLDG CO) CL A,1.525
2019-11-29,GME,36467W109,863096,GAMESTOP CORP (HLDG CO) CL A,1.5875
2019-12-02,GME,36467W109,947716,GAMESTOP CORP (HLDG CO) CL A,1.585
2019-12-03,GME,36467W109,1074208,GAMESTOP CORP (HLDG CO) CL A,1.5425
2019-12-04,GME,36467W109,261628,GAMESTOP CORP (HLDG CO) CL A,1.53
2019-12-05,GME,36467W109,1302668,GAMESTOP CORP (HLDG CO) CL A,1.6075
2019-12-06,GME,36467W109,311872,GAMESTOP CORP (HLDG CO) CL A,1.60
2019-12-09,GME,36467W109,349268,GAMESTOP CORP (HLDG CO) CL A,1.67
2019-12-10,GME,36467W109,954960,GAMESTOP CORP (HLDG CO) CL A,1.5825
2019-12-11,GME,36467W109,1788,GAMESTOP CORP (HLDG CO) CL A,1.6275
2019-12-12,GME,36467W109,211816,GAMESTOP CORP (HLDG CO) CL A,1.3825
2019-12-13,GME,36467W109,240048,GAMESTOP CORP (HLDG CO) CL A,1.395
2019-12-17,GME,36467W109,399860,GAMESTOP CORP (HLDG CO) CL A,1.375
2019-12-18,GME,36467W109,218588,GAMESTOP CORP (HLDG CO) CL A,1.515
2019-12-19,GME,36467W109,535980,GAMESTOP CORP (HLDG CO) CL A,1.54
2019-12-20,GME,36467W109,348724,GAMESTOP CORP (HLDG CO) CL A,1.515
2019-12-23,GME,36467W109,832268,GAMESTOP CORP (HLDG CO) CL A,1.4975
2019-12-24,GME,36467W109,95876,GAMESTOP CORP (HLDG CO) CL A,1.4025
2019-12-26,GME,36467W109,1811840,GAMESTOP CORP (HLDG CO) CL A,1.36
2019-12-27,GME,36467W109,10756,GAMESTOP CORP (HLDG CO) CL A,1.35
2019-12-30,GME,36467W109,629708,GAMESTOP CORP (HLDG CO) CL A,1.475
2019-12-31,GME,36467W109,4955640,GAMESTOP CORP (HLDG CO) CL A,1.5325
2020-01-02,GME,36467W109,42436,GAMESTOP CORP (HLDG CO) CL A,1.52
2020-01-03,GME,36467W109,114768,GAMESTOP CORP (HLDG CO) CL A,1.5775
2020-01-06,GME,36467W109,114660,GAMESTOP CORP (HLDG CO) CL A,1.47
2020-01-08,GME,36467W109,28156,GAMESTOP CORP (HLDG CO) CL A,1.38
2020-01-09,GME,36467W109,1388,GAMESTOP CORP (HLDG CO) CL A,1.43
2020-01-10,GME,36467W109,427100,GAMESTOP CORP (HLDG CO) CL A,1.3875
2020-01-13,GME,36467W109,308352,GAMESTOP CORP (HLDG CO) CL A,1.3575
2020-01-14,GME,36467W109,73340,GAMESTOP CORP (HLDG CO) CL A,1.3575
2020-01-15,GME,36467W109,36692,GAMESTOP CORP (HLDG CO) CL A,1.1775
2020-01-21,GME,36467W109,18884,GAMESTOP CORP (HLDG CO) CL A,1.1875
2020-01-22,GME,36467W109,16804,GAMESTOP CORP (HLDG CO) CL A,1.1475
2020-01-23,GME,36467W109,124740,GAMESTOP CORP (HLDG CO) CL A,1.14
2020-01-24,GME,36467W109,5644,GAMESTOP CORP (HLDG CO) CL A,1.155
2020-01-27,GME,36467W109,2000,GAMESTOP CORP (HLDG CO) CL A,1.08
2020-01-28,GME,36467W109,338248,GAMESTOP CORP (HLDG CO) CL A,1.07
2020-01-29,GME,36467W109,49344,GAMESTOP CORP (HLDG CO) CL A,1.0525
2020-01-30,GME,36467W109,1996,GAMESTOP CORP (HLDG CO) CL A,1.0325
2020-01-31,GME,36467W109,11648,GAMESTOP CORP (HLDG CO) CL A,0.9825
2020-02-03,GME,36467W109,1879424,GAMESTOP CORP (HLDG CO) CL A,0.96
2020-02-04,GME,36467W109,239812,GAMESTOP CORP (HLDG CO) CL A,0.9875
2020-02-05,GME,36467W109,260980,GAMESTOP CORP (HLDG CO) CL A,1.0175
2020-02-06,GME,36467W109,69076,GAMESTOP CORP (HLDG CO) CL A,1.045
2020-02-07,GME,36467W109,161000,GAMESTOP CORP (HLDG CO) CL A,1.035
2020-02-10,GME,36467W109,414808,GAMESTOP CORP (HLDG CO) CL A,0.9525
2020-02-11,GME,36467W109,304112,GAMESTOP CORP (HLDG CO) CL A,0.985
2020-02-12,GME,36467W109,145764,GAMESTOP CORP (HLDG CO) CL A,1.005
2020-02-13,GME,36467W109,469144,GAMESTOP CORP (HLDG CO) CL A,1.0475
2020-02-14,GME,36467W109,866668,GAMESTOP CORP (HLDG CO) CL A,1.0275
2020-02-18,GME,36467W109,186172,GAMESTOP CORP (HLDG CO) CL A,1.005
2020-02-19,GME,36467W109,326264,GAMESTOP CORP (HLDG CO) CL A,1.015
2020-02-20,GME,36467W109,169772,GAMESTOP CORP (HLDG CO) CL A,1.0375
2020-02-21,GME,36467W109,418644,GAMESTOP CORP (HLDG CO) CL A,1.035
2020-02-24,GME,36467W109,344956,GAMESTOP CORP (HLDG CO) CL A,1.01
2020-02-25,GME,36467W109,240364,GAMESTOP CORP (HLDG CO) CL A,0.925
2020-02-26,GME,36467W109,708120,GAMESTOP CORP (HLDG CO) CL A,0.89
2020-02-27,GME,36467W109,3074796,GAMESTOP CORP (HLDG CO) CL A,0.8475
2020-02-28,GME,36467W109,6756256,GAMESTOP CORP (HLDG CO) CL A,0.8675
2020-03-02,GME,36467W109,1291568,GAMESTOP CORP (HLDG CO) CL A,0.90
2020-03-03,GME,36467W109,2404756,GAMESTOP CORP (HLDG CO) CL A,0.9575
2020-03-04,GME,36467W109,1753376,GAMESTOP CORP (HLDG CO) CL A,0.9075
2020-03-05,GME,36467W109,2203648,GAMESTOP CORP (HLDG CO) CL A,0.9425
2020-03-06,GME,36467W109,1372840,GAMESTOP CORP (HLDG CO) CL A,0.99
2020-03-09,GME,36467W109,1246568,GAMESTOP CORP (HLDG CO) CL A,0.98
2020-03-10,GME,36467W109,1742640,GAMESTOP CORP (HLDG CO) CL A,0.925
2020-03-11,GME,36467W109,2246372,GAMESTOP CORP (HLDG CO) CL A,1.0575
2020-03-12,GME,36467W109,2230976,GAMESTOP CORP (HLDG CO) CL A,1.035
2020-03-13,GME,36467W109,2170748,GAMESTOP CORP (HLDG CO) CL A,0.995
2020-03-16,GME,36467W109,3397988,GAMESTOP CORP (HLDG CO) CL A,1.1475
2020-03-17,GME,36467W109,1856864,GAMESTOP CORP (HLDG CO) CL A,1.0925
2020-03-18,GME,36467W109,2544564,GAMESTOP CORP (HLDG CO) CL A,1.0575
2020-03-19,GME,36467W109,1341268,GAMESTOP CORP (HLDG CO) CL A,0.9425
2020-03-20,GME,36467W109,742952,GAMESTOP CORP (HLDG CO) CL A,1.0475
2020-03-23,GME,36467W109,1165816,GAMESTOP CORP (HLDG CO) CL A,0.94
2020-03-24,GME,36467W109,5992576,GAMESTOP CORP (HLDG CO) CL A,0.9525
2020-03-25,GME,36467W109,898776,GAMESTOP CORP (HLDG CO) CL A,1.04
2020-03-26,GME,36467W109,1594320,GAMESTOP CORP (HLDG CO) CL A,1.0425
2020-03-27,GME,36467W109,1508368,GAMESTOP CORP (HLDG CO) CL A,1.1025
2020-03-30,GME,36467W109,1299892,GAMESTOP CORP (HLDG CO) CL A,1.055
2020-03-31,GME,36467W109,1194884,GAMESTOP CORP (HLDG CO) CL A,0.9125
2020-04-01,GME,36467W109,59888,GAMESTOP CORP (HLDG CO) CL A,0.875
2020-04-02,GME,36467W109,91344,GAMESTOP CORP (HLDG CO) CL A,0.8125
2020-04-03,GME,36467W109,252976,GAMESTOP CORP (HLDG CO) CL A,0.7125
2020-04-06,GME,36467W109,309756,GAMESTOP CORP (HLDG CO) CL A,0.70
2020-04-07,GME,36467W109,387784,GAMESTOP CORP (HLDG CO) CL A,0.7725
2020-04-08,GME,36467W109,653408,GAMESTOP CORP (HLDG CO) CL A,0.8175
2020-04-09,GME,36467W109,1267324,GAMESTOP CORP (HLDG CO) CL A,0.8525
2020-04-13,GME,36467W109,1398160,GAMESTOP CORP (HLDG CO) CL A,0.9725
2020-04-14,GME,36467W109,2216984,GAMESTOP CORP (HLDG CO) CL A,1.185
2020-04-15,GME,36467W109,1745172,GAMESTOP CORP (HLDG CO) CL A,1.4875
2020-04-16,GME,36467W109,5138416,GAMESTOP CORP (HLDG CO) CL A,1.3175
2020-04-17,GME,36467W109,8422860,GAMESTOP CORP (HLDG CO) CL A,1.2575
2020-04-20,GME,36467W109,3212748,GAMESTOP CORP (HLDG CO) CL A,1.22
2020-04-21,GME,36467W109,7731400,GAMESTOP CORP (HLDG CO) CL A,1.4025
2020-04-22,GME,36467W109,5637396,GAMESTOP CORP (HLDG CO) CL A,1.195
2020-04-23,GME,36467W109,4001372,GAMESTOP CORP (HLDG CO) CL A,1.2225
2020-04-24,GME,36467W109,3250396,GAMESTOP CORP (HLDG CO) CL A,1.175
2020-04-27,GME,36467W109,2910824,GAMESTOP CORP (HLDG CO) CL A,1.1925
2020-04-28,GME,36467W109,2010072,GAMESTOP CORP (HLDG CO) CL A,1.455
2020-04-29,GME,36467W109,4477904,GAMESTOP CORP (HLDG CO) CL A,1.41
2020-04-30,GME,36467W109,5139468,GAMESTOP CORP (HLDG CO) CL A,1.51
2020-05-01,GME,36467W109,5523928,GAMESTOP CORP (HLDG CO) CL A,1.4325
2020-05-04,GME,36467W109,2945520,GAMESTOP CORP (HLDG CO) CL A,1.5125
2020-05-05,GME,36467W109,2016776,GAMESTOP CORP (HLDG CO) CL A,1.37
2020-05-06,GME,36467W109,749620,GAMESTOP CORP (HLDG CO) CL A,1.3475
2020-05-07,GME,36467W109,346500,GAMESTOP CORP (HLDG CO) CL A,1.2325
2020-05-08,GME,36467W109,1073516,GAMESTOP CORP (HLDG CO) CL A,1.2175
2020-05-11,GME,36467W109,192604,GAMESTOP CORP (HLDG CO) CL A,1.245
2020-05-12,GME,36467W109,264696,GAMESTOP CORP (HLDG CO) CL A,1.19
2020-05-13,GME,36467W109,23736,GAMESTOP CORP (HLDG CO) CL A,1.135
2020-05-14,GME,36467W109,115672,GAMESTOP CORP (HLDG CO) CL A,1.0525
2020-05-15,GME,36467W109,84320,GAMESTOP CORP (HLDG CO) CL A,1.0325
2020-05-18,GME,36467W109,80436,GAMESTOP CORP (HLDG CO) CL A,1.055
2020-05-19,GME,36467W109,536,GAMESTOP CORP (HLDG CO) CL A,1.145
2020-05-20,GME,36467W109,294712,GAMESTOP CORP (HLDG CO) CL A,1.11
2020-05-21,GME,36467W109,26912,GAMESTOP CORP (HLDG CO) CL A,1.1075
2020-05-22,GME,36467W109,69352,GAMESTOP CORP (HLDG CO) CL A,1.11
2020-05-26,GME,36467W109,86396,GAMESTOP CORP (HLDG CO) CL A,1.045
2020-05-27,GME,36467W109,54696,GAMESTOP CORP (HLDG CO) CL A,1.105
2020-05-28,GME,36467W109,39324,GAMESTOP CORP (HLDG CO) CL A,1.1725
2020-05-29,GME,36467W109,32744,GAMESTOP CORP (HLDG CO) CL A,1.0825
2020-06-01,GME,36467W109,248520,GAMESTOP CORP (HLDG CO) CL A,1.015
2020-06-02,GME,36467W109,667220,GAMESTOP CORP (HLDG CO) CL A,1.0325
2020-06-03,GME,36467W109,112516,GAMESTOP CORP (HLDG CO) CL A,1.045
2020-06-04,GME,36467W109,20516,GAMESTOP CORP (HLDG CO) CL A,1.11
2020-06-05,GME,36467W109,431232,GAMESTOP CORP (HLDG CO) CL A,1.1175
2020-06-08,GME,36467W109,954924,GAMESTOP CORP (HLDG CO) CL A,1.035
2020-06-09,GME,36467W109,1511972,GAMESTOP CORP (HLDG CO) CL A,1.2525
2020-06-10,GME,36467W109,74948,GAMESTOP CORP (HLDG CO) CL A,1.24
2020-06-11,GME,36467W109,1642692,GAMESTOP CORP (HLDG CO) CL A,1.2675
2020-06-12,GME,36467W109,911720,GAMESTOP CORP (HLDG CO) CL A,1.0925
2020-06-15,GME,36467W109,368232,GAMESTOP CORP (HLDG CO) CL A,1.18
2020-06-16,GME,36467W109,1968052,GAMESTOP CORP (HLDG CO) CL A,1.1725
2020-06-17,GME,36467W109,733348,GAMESTOP CORP (HLDG CO) CL A,1.16
2020-06-18,GME,36467W109,472964,GAMESTOP CORP (HLDG CO) CL A,1.19
2020-06-19,GME,36467W109,23372,GAMESTOP CORP (HLDG CO) CL A,1.2375
2020-06-22,GME,36467W109,12312,GAMESTOP CORP (HLDG CO) CL A,1.22
2020-06-23,GME,36467W109,643280,GAMESTOP CORP (HLDG CO) CL A,1.2175
2020-06-24,GME,36467W109,38056,GAMESTOP CORP (HLDG CO) CL A,1.2075
2020-06-25,GME,36467W109,1321640,GAMESTOP CORP (HLDG CO) CL A,1.1025
2020-06-29,GME,36467W109,1200,GAMESTOP CORP (HLDG CO) CL A,1.0875
2020-06-30,GME,36467W109,18144,GAMESTOP CORP (HLDG CO) CL A,1.095
2020-07-01,GME,36467W109,25476,GAMESTOP CORP (HLDG CO) CL A,1.085
2020-07-06,GME,36467W109,344072,GAMESTOP CORP (HLDG CO) CL A,1.0725
2020-07-09,GME,36467W109,10692,GAMESTOP CORP (HLDG CO) CL A,1.065
2020-07-10,GME,36467W109,171388,GAMESTOP CORP (HLDG CO) CL A,1.0525
2020-07-13,GME,36467W109,228540,GAMESTOP CORP (HLDG CO) CL A,1.085
2020-07-14,GME,36467W109,41672,GAMESTOP CORP (HLDG CO) CL A,1.065
2020-07-15,GME,36467W109,215968,GAMESTOP CORP (HLDG CO) CL A,1.02
2020-07-20,GME,36467W109,61220,GAMESTOP CORP (HLDG CO) CL A,0.99
2020-07-21,GME,36467W109,4190704,GAMESTOP CORP (HLDG CO) CL A,0.9625
2020-07-22,GME,36467W109,179720,GAMESTOP CORP (HLDG CO) CL A,1.0025
2020-07-23,GME,36467W109,61444,GAMESTOP CORP (HLDG CO) CL A,1.0275
2020-07-24,GME,36467W109,140412,GAMESTOP CORP (HLDG CO) CL A,1.0275
2020-07-27,GME,36467W109,339064,GAMESTOP CORP (HLDG CO) CL A,1.0075
2020-07-28,GME,36467W109,536,GAMESTOP CORP (HLDG CO) CL A,1.0025
2020-07-30,GME,36467W109,173308,GAMESTOP CORP (HLDG CO) CL A,1.015
2020-07-31,GME,36467W109,338152,GAMESTOP CORP (HLDG CO) CL A,1.025
2020-08-03,GME,36467W109,78324,GAMESTOP CORP (HLDG CO) CL A,1.0025
2020-08-04,GME,36467W109,83288,GAMESTOP CORP (HLDG CO) CL A,1.0375
2020-08-05,GME,36467W109,38772,GAMESTOP CORP (HLDG CO) CL A,1.1075
2020-08-06,GME,36467W109,282528,GAMESTOP CORP (HLDG CO) CL A,1.1575
2020-08-10,GME,36467W109,1660,GAMESTOP CORP (HLDG CO) CL A,1.04
2020-08-11,GME,36467W109,271204,GAMESTOP CORP (HLDG CO) CL A,1.0825
2020-08-12,GME,36467W109,61908,GAMESTOP CORP (HLDG CO) CL A,1.0875
2020-08-13,GME,36467W109,138636,GAMESTOP CORP (HLDG CO) CL A,1.13
2020-08-14,GME,36467W109,37648,GAMESTOP CORP (HLDG CO) CL A,1.16
2020-08-17,GME,36467W109,15932,GAMESTOP CORP (HLDG CO) CL A,1.1875
2020-08-18,GME,36467W109,5424,GAMESTOP CORP (HLDG CO) CL A,1.1575
2020-08-19,GME,36467W109,7120,GAMESTOP CORP (HLDG CO) CL A,1.2025
2020-08-20,GME,36467W109,234084,GAMESTOP CORP (HLDG CO) CL A,1.18
2020-08-21,GME,36467W109,12808,GAMESTOP CORP (HLDG CO) CL A,1.1525
2020-08-24,GME,36467W109,280964,GAMESTOP CORP (HLDG CO) CL A,1.2575
2020-08-25,GME,36467W109,1389488,GAMESTOP CORP (HLDG CO) CL A,1.2175
2020-08-26,GME,36467W109,291888,GAMESTOP CORP (HLDG CO) CL A,1.245
2020-08-27,GME,36467W109,228712,GAMESTOP CORP (HLDG CO) CL A,1.2775
2020-08-28,GME,36467W109,35252,GAMESTOP CORP (HLDG CO) CL A,1.3125
2020-08-31,GME,36467W109,126732,GAMESTOP CORP (HLDG CO) CL A,1.3475
2020-09-01,GME,36467W109,1242672,GAMESTOP CORP (HLDG CO) CL A,1.67
2020-09-02,GME,36467W109,3668896,GAMESTOP CORP (HLDG CO) CL A,1.9125
2020-09-03,GME,36467W109,3134876,GAMESTOP CORP (HLDG CO) CL A,1.9275
2020-09-04,GME,36467W109,4193544,GAMESTOP CORP (HLDG CO) CL A,1.955
2020-09-08,GME,36467W109,2224936,GAMESTOP CORP (HLDG CO) CL A,1.9125
2020-09-09,GME,36467W109,1011148,GAMESTOP CORP (HLDG CO) CL A,1.925
2020-09-10,GME,36467W109,2523196,GAMESTOP CORP (HLDG CO) CL A,1.8375
2020-09-11,GME,36467W109,1727412,GAMESTOP CORP (HLDG CO) CL A,1.5575
2020-09-14,GME,36467W109,1594704,GAMESTOP CORP (HLDG CO) CL A,1.5225
2020-09-15,GME,36467W109,1071108,GAMESTOP CORP (HLDG CO) CL A,1.7275
2020-09-16,GME,36467W109,3537940,GAMESTOP CORP (HLDG CO) CL A,1.7725
2020-09-17,GME,36467W109,2394948,GAMESTOP CORP (HLDG CO) CL A,2.17
2020-09-18,GME,36467W109,3390528,GAMESTOP CORP (HLDG CO) CL A,2.30
2020-09-21,GME,36467W109,2837332,GAMESTOP CORP (HLDG CO) CL A,2.3675
2020-09-22,GME,36467W109,10623056,GAMESTOP CORP (HLDG CO) CL A,2.1875
2020-09-23,GME,36467W109,4017160,GAMESTOP CORP (HLDG CO) CL A,2.64
2020-09-24,GME,36467W109,2603784,GAMESTOP CORP (HLDG CO) CL A,2.51
2020-09-25,GME,36467W109,3607380,GAMESTOP CORP (HLDG CO) CL A,2.285
2020-09-28,GME,36467W109,1999516,GAMESTOP CORP (HLDG CO) CL A,2.505
2020-09-29,GME,36467W109,1181288,GAMESTOP CORP (HLDG CO) CL A,2.5225
2020-09-30,GME,36467W109,113052,GAMESTOP CORP (HLDG CO) CL A,2.5875
2020-10-01,GME,36467W109,1522256,GAMESTOP CORP (HLDG CO) CL A,2.55
2020-10-02,GME,36467W109,794904,GAMESTOP CORP (HLDG CO) CL A,2.4425
2020-10-05,GME,36467W109,309376,GAMESTOP CORP (HLDG CO) CL A,2.3475
2020-10-06,GME,36467W109,182912,GAMESTOP CORP (HLDG CO) CL A,2.365
2020-10-07,GME,36467W109,8448,GAMESTOP CORP (HLDG CO) CL A,2.2825
2020-10-08,GME,36467W109,173420,GAMESTOP CORP (HLDG CO) CL A,2.34
2020-10-09,GME,36467W109,1149640,GAMESTOP CORP (HLDG CO) CL A,3.3725
2020-10-13,GME,36467W109,12840592,GAMESTOP CORP (HLDG CO) CL A,2.95
2020-10-14,GME,36467W109,4083116,GAMESTOP CORP (HLDG CO) CL A,2.97
2020-10-15,GME,36467W109,327848,GAMESTOP CORP (HLDG CO) CL A,3.0625
2020-10-16,GME,36467W109,169924,GAMESTOP CORP (HLDG CO) CL A,3.4575
2020-10-19,GME,36467W109,558048,GAMESTOP CORP (HLDG CO) CL A,3.3275
2020-10-20,GME,36467W109,843452,GAMESTOP CORP (HLDG CO) CL A,3.4775
2020-10-21,GME,36467W109,79412,GAMESTOP CORP (HLDG CO) CL A,3.465
2020-10-22,GME,36467W109,673432,GAMESTOP CORP (HLDG CO) CL A,3.525
2020-10-23,GME,36467W109,577268,GAMESTOP CORP (HLDG CO) CL A,3.7275
2020-10-26,GME,36467W109,884516,GAMESTOP CORP (HLDG CO) CL A,3.75
2020-10-27,GME,36467W109,1017488,GAMESTOP CORP (HLDG CO) CL A,3.3625
2020-10-28,GME,36467W109,534164,GAMESTOP CORP (HLDG CO) CL A,3.1725
2020-10-29,GME,36467W109,162476,GAMESTOP CORP (HLDG CO) CL A,2.955
2020-10-30,GME,36467W109,47120,GAMESTOP CORP (HLDG CO) CL A,2.9325
2020-11-02,GME,36467W109,40564,GAMESTOP CORP (HLDG CO) CL A,2.6175
2020-11-03,GME,36467W109,33412,GAMESTOP CORP (HLDG CO) CL A,2.6875
2020-11-04,GME,36467W109,67104,GAMESTOP CORP (HLDG CO) CL A,2.8925
2020-11-05,GME,36467W109,34644,GAMESTOP CORP (HLDG CO) CL A,2.7275
2020-11-06,GME,36467W109,981012,GAMESTOP CORP (HLDG CO) CL A,2.8625
2020-11-09,GME,36467W109,441360,GAMESTOP CORP (HLDG CO) CL A,2.965
2020-11-10,GME,36467W109,242104,GAMESTOP CORP (HLDG CO) CL A,2.8725
2020-11-12,GME,36467W109,220188,GAMESTOP CORP (HLDG CO) CL A,2.9375
2020-11-13,GME,36467W109,63596,GAMESTOP CORP (HLDG CO) CL A,2.7825
2020-11-16,GME,36467W109,379196,GAMESTOP CORP (HLDG CO) CL A,2.7525
2020-11-17,GME,36467W109,192092,GAMESTOP CORP (HLDG CO) CL A,3.015
2020-11-18,GME,36467W109,79544,GAMESTOP CORP (HLDG CO) CL A,2.9075
2020-11-19,GME,36467W109,81288,GAMESTOP CORP (HLDG CO) CL A,2.8925
2020-11-20,GME,36467W109,3884,GAMESTOP CORP (HLDG CO) CL A,3.115
2020-11-23,GME,36467W109,187992,GAMESTOP CORP (HLDG CO) CL A,3.1775
2020-11-24,GME,36467W109,2140868,GAMESTOP CORP (HLDG CO) CL A,3.475
2020-11-25,GME,36467W109,573324,GAMESTOP CORP (HLDG CO) CL A,3.4175
2020-11-27,GME,36467W109,654064,GAMESTOP CORP (HLDG CO) CL A,3.6875
2020-11-30,GME,36467W109,87744,GAMESTOP CORP (HLDG CO) CL A,4.02
2020-12-01,GME,36467W109,367884,GAMESTOP CORP (HLDG CO) CL A,4.14
2020-12-02,GME,36467W109,4245588,GAMESTOP CORP (HLDG CO) CL A,3.95
2020-12-03,GME,36467W109,7148764,GAMESTOP CORP (HLDG CO) CL A,4.145
2020-12-04,GME,36467W109,3997900,GAMESTOP CORP (HLDG CO) CL A,4.03
2020-12-07,GME,36467W109,4009516,GAMESTOP CORP (HLDG CO) CL A,4.225
2020-12-08,GME,36467W109,3489168,GAMESTOP CORP (HLDG CO) CL A,4.0875
2020-12-09,GME,36467W109,2885444,GAMESTOP CORP (HLDG CO) CL A,4.235
2020-12-10,GME,36467W109,2423900,GAMESTOP CORP (HLDG CO) CL A,3.415
2020-12-11,GME,36467W109,3520252,GAMESTOP CORP (HLDG CO) CL A,3.53
2020-12-14,GME,36467W109,1137184,GAMESTOP CORP (HLDG CO) CL A,3.3275
2020-12-15,GME,36467W109,682620,GAMESTOP CORP (HLDG CO) CL A,3.18
2020-12-16,GME,36467W109,43136,GAMESTOP CORP (HLDG CO) CL A,3.4625
2020-12-17,GME,36467W109,2000648,GAMESTOP CORP (HLDG CO) CL A,3.4625
2020-12-18,GME,36467W109,3490092,GAMESTOP CORP (HLDG CO) CL A,3.7075
2020-12-21,GME,36467W109,2477616,GAMESTOP CORP (HLDG CO) CL A,3.9075
2020-12-22,GME,36467W109,2977912,GAMESTOP CORP (HLDG CO) CL A,3.8825
2020-12-23,GME,36467W109,2802028,GAMESTOP CORP (HLDG CO) CL A,4.865
2020-12-24,GME,36467W109,3358796,GAMESTOP CORP (HLDG CO) CL A,5.1425
2020-12-28,GME,36467W109,1405264,GAMESTOP CORP (HLDG CO) CL A,5.0375
2020-12-29,GME,36467W109,1133176,GAMESTOP CORP (HLDG CO) CL A,5.2475
2020-12-30,GME,36467W109,2594052,GAMESTOP CORP (HLDG CO) CL A,4.845
2020-12-31,GME,36467W109,913432,GAMESTOP CORP (HLDG CO) CL A,4.815
2021-01-04,GME,36467W109,729076,GAMESTOP CORP (HLDG CO) CL A,4.71
2021-01-05,GME,36467W109,1962892,GAMESTOP CORP (HLDG CO) CL A,4.3125
2021-01-06,GME,36467W109,3088448,GAMESTOP CORP (HLDG CO) CL A,4.3425
2021-01-07,GME,36467W109,3197312,GAMESTOP CORP (HLDG CO) CL A,4.59
2021-01-08,GME,36467W109,2222632,GAMESTOP CORP (HLDG CO) CL A,4.52
2021-01-11,GME,36467W109,2812440,GAMESTOP CORP (HLDG CO) CL A,4.4225
2021-01-12,GME,36467W109,1150920,GAMESTOP CORP (HLDG CO) CL A,4.985
2021-01-13,GME,36467W109,2650096,GAMESTOP CORP (HLDG CO) CL A,4.9875
2021-01-14,GME,36467W109,2485932,GAMESTOP CORP (HLDG CO) CL A,7.85
2021-01-15,GME,36467W109,3570612,GAMESTOP CORP (HLDG CO) CL A,9.9775
2021-01-19,GME,36467W109,5994304,GAMESTOP CORP (HLDG CO) CL A,8.875
2021-01-20,GME,36467W109,4030248,GAMESTOP CORP (HLDG CO) CL A,9.84
2021-01-21,GME,36467W109,5755976,GAMESTOP CORP (HLDG CO) CL A,9.78
2021-01-22,GME,36467W109,1094400,GAMESTOP CORP (HLDG CO) CL A,10.7575
2021-01-25,GME,36467W109,1100452,GAMESTOP CORP (HLDG CO) CL A,16.2525
2021-01-26,GME,36467W109,8398288,GAMESTOP CORP (HLDG CO) CL A,19.1975
2021-01-27,GME,36467W109,7891448,GAMESTOP CORP (HLDG CO) CL A,36.995
2021-01-28,GME,36467W109,4131944,GAMESTOP CORP (HLDG CO) CL A,86.8775
2021-01-29,GME,36467W109,552716,GAMESTOP CORP (HLDG CO) CL A,48.40
2021-02-01,GME,36467W109,43900,GAMESTOP CORP (HLDG CO) CL A,81.25
2021-02-02,GME,36467W109,637192,GAMESTOP CORP (HLDG CO) CL A,56.25
2021-02-03,GME,36467W109,190256,GAMESTOP CORP (HLDG CO) CL A,22.50
2021-02-04,GME,36467W109,355068,GAMESTOP CORP (HLDG CO) CL A,23.1025
2021-02-05,GME,36467W109,109228,GAMESTOP CORP (HLDG CO) CL A,13.375
2021-02-08,GME,36467W109,1216,GAMESTOP CORP (HLDG CO) CL A,15.9425
2021-02-09,GME,36467W109,91184,GAMESTOP CORP (HLDG CO) CL A,15.00
2021-02-10,GME,36467W109,396,GAMESTOP CORP (HLDG CO) CL A,12.5775
2021-02-11,GME,36467W109,6136,GAMESTOP CORP (HLDG CO) CL A,12.80
2021-02-12,GME,36467W109,60408,GAMESTOP CORP (HLDG CO) CL A,12.775
2021-02-16,GME,36467W109,20872,GAMESTOP CORP (HLDG CO) CL A,13.10
2021-02-17,GME,36467W109,211444,GAMESTOP CORP (HLDG CO) CL A,12.3775
2021-02-18,GME,36467W109,33740,GAMESTOP CORP (HLDG CO) CL A,11.485
2021-02-19,GME,36467W109,66936,GAMESTOP CORP (HLDG CO) CL A,10.1725
2021-02-22,GME,36467W109,7640,GAMESTOP CORP (HLDG CO) CL A,10.1475
2021-02-23,GME,36467W109,59424,GAMESTOP CORP (HLDG CO) CL A,11.50
2021-02-24,GME,36467W109,693228,GAMESTOP CORP (HLDG CO) CL A,11.2425
2021-02-25,GME,36467W109,116288,GAMESTOP CORP (HLDG CO) CL A,22.9275
2021-02-26,GME,36467W109,1192072,GAMESTOP CORP (HLDG CO) CL A,27.1825
2021-03-01,GME,36467W109,330832,GAMESTOP CORP (HLDG CO) CL A,25.435
2021-03-02,GME,36467W109,105492,GAMESTOP CORP (HLDG CO) CL A,30.10
2021-03-03,GME,36467W109,61576,GAMESTOP CORP (HLDG CO) CL A,29.545
2021-03-04,GME,36467W109,80704,GAMESTOP CORP (HLDG CO) CL A,31.045
2021-03-05,GME,36467W109,133452,GAMESTOP CORP (HLDG CO) CL A,33.0875
2021-03-08,GME,36467W109,7628,GAMESTOP CORP (HLDG CO) CL A,34.435
2021-03-09,GME,36467W109,69528,GAMESTOP CORP (HLDG CO) CL A,48.625
2021-03-10,GME,36467W109,91356,GAMESTOP CORP (HLDG CO) CL A,61.725
2021-03-11,GME,36467W109,43272,GAMESTOP CORP (HLDG CO) CL A,66.25
2021-03-12,GME,36467W109,622632,GAMESTOP CORP (HLDG CO) CL A,65.00
2021-03-15,GME,36467W109,185376,GAMESTOP CORP (HLDG CO) CL A,66.125
2021-03-16,GME,36467W109,562216,GAMESTOP CORP (HLDG CO) CL A,55.035
2021-03-17,GME,36467W109,190388,GAMESTOP CORP (HLDG CO) CL A,52.0425
2021-03-18,GME,36467W109,128880,GAMESTOP CORP (HLDG CO) CL A,52.4525
2021-03-19,GME,36467W109,2548,GAMESTOP CORP (HLDG CO) CL A,50.4375
2021-03-22,GME,36467W109,68652,GAMESTOP CORP (HLDG CO) CL A,50.0675
2021-03-23,GME,36467W109,332232,GAMESTOP CORP (HLDG CO) CL A,48.6225
2021-03-24,GME,36467W109,153548,GAMESTOP CORP (HLDG CO) CL A,45.4375
2021-03-25,GME,36467W109,81180,GAMESTOP CORP (HLDG CO) CL A,30.085
2021-03-26,GME,36467W109,248436,GAMESTOP CORP (HLDG CO) CL A,45.9375
2021-03-29,GME,36467W109,347436,GAMESTOP CORP (HLDG CO) CL A,45.25
2021-03-30,GME,36467W109,71364,GAMESTOP CORP (HLDG CO) CL A,45.325
2021-03-31,GME,36467W109,56124,GAMESTOP CORP (HLDG CO) CL A,48.615
2021-04-01,GME,36467W109,102668,GAMESTOP CORP (HLDG CO) CL A,47.455
2021-04-05,GME,36467W109,32360,GAMESTOP CORP (HLDG CO) CL A,47.8625
2021-04-06,GME,36467W109,63196,GAMESTOP CORP (HLDG CO) CL A,46.7375
2021-04-07,GME,36467W109,343268,GAMESTOP CORP (HLDG CO) CL A,46.125
2021-04-08,GME,36467W109,32644,GAMESTOP CORP (HLDG CO) CL A,44.4925
2021-04-09,GME,36467W109,286112,GAMESTOP CORP (HLDG CO) CL A,42.565
2021-04-12,GME,36467W109,4744,GAMESTOP CORP (HLDG CO) CL A,39.59
2021-04-13,GME,36467W109,112388,GAMESTOP CORP (HLDG CO) CL A,35.2725
2021-04-14,GME,36467W109,24060,GAMESTOP CORP (HLDG CO) CL A,35.2475
2021-04-15,GME,36467W109,145840,GAMESTOP CORP (HLDG CO) CL A,41.6325
2021-04-16,GME,36467W109,268388,GAMESTOP CORP (HLDG CO) CL A,39.11
2021-04-19,GME,36467W109,10288,GAMESTOP CORP (HLDG CO) CL A,38.6725
2021-04-20,GME,36467W109,354396,GAMESTOP CORP (HLDG CO) CL A,41.0925
2021-04-22,GME,36467W109,63836,GAMESTOP CORP (HLDG CO) CL A,39.6275
2021-04-23,GME,36467W109,92720,GAMESTOP CORP (HLDG CO) CL A,37.7925
2021-04-26,GME,36467W109,15448,GAMESTOP CORP (HLDG CO) CL A,37.795
2021-04-27,GME,36467W109,198876,GAMESTOP CORP (HLDG CO) CL A,42.2325
2021-04-28,GME,36467W109,200952,GAMESTOP CORP (HLDG CO) CL A,44.4425
2021-04-29,GME,36467W109,36996,GAMESTOP CORP (HLDG CO) CL A,44.645
2021-04-30,GME,36467W109,56572,GAMESTOP CORP (HLDG CO) CL A,44.0475
2021-05-03,GME,36467W109,33472,GAMESTOP CORP (HLDG CO) CL A,43.3975
2021-05-04,GME,36467W109,62772,GAMESTOP CORP (HLDG CO) CL A,40.55
2021-05-05,GME,36467W109,59736,GAMESTOP CORP (HLDG CO) CL A,40.1825
2021-05-06,GME,36467W109,2484,GAMESTOP CORP (HLDG CO) CL A,39.87
2021-05-07,GME,36467W109,103512,GAMESTOP CORP (HLDG CO) CL A,40.2525
2021-05-10,GME,36467W109,112048,GAMESTOP CORP (HLDG CO) CL A,40.2775
2021-05-11,GME,36467W109,47640,GAMESTOP CORP (HLDG CO) CL A,35.805
2021-05-12,GME,36467W109,154760,GAMESTOP CORP (HLDG CO) CL A,36.73
2021-05-13,GME,36467W109,171692,GAMESTOP CORP (HLDG CO) CL A,36.1975
2021-05-14,GME,36467W109,29820,GAMESTOP CORP (HLDG CO) CL A,41.125
2021-05-17,GME,36467W109,237140,GAMESTOP CORP (HLDG CO) CL A,39.98
2021-05-18,GME,36467W109,109612,GAMESTOP CORP (HLDG CO) CL A,45.15
2021-05-19,GME,36467W109,71216,GAMESTOP CORP (HLDG CO) CL A,45.1675
2021-05-20,GME,36467W109,302084,GAMESTOP CORP (HLDG CO) CL A,42.2075
2021-05-21,GME,36467W109,111616,GAMESTOP CORP (HLDG CO) CL A,42.6225
2021-05-24,GME,36467W109,191616,GAMESTOP CORP (HLDG CO) CL A,44.1975
2021-05-25,GME,36467W109,75340,GAMESTOP CORP (HLDG CO) CL A,45.0025
2021-05-26,GME,36467W109,2996,GAMESTOP CORP (HLDG CO) CL A,52.3575
2021-05-27,GME,36467W109,74392,GAMESTOP CORP (HLDG CO) CL A,60.64
2021-05-28,GME,36467W109,209100,GAMESTOP CORP (HLDG CO) CL A,63.5325
2021-06-01,GME,36467W109,34392,GAMESTOP CORP (HLDG CO) CL A,55.50
2021-06-02,GME,36467W109,3620,GAMESTOP CORP (HLDG CO) CL A,62.255
2021-06-03,GME,36467W109,71432,GAMESTOP CORP (HLDG CO) CL A,70.56
2021-06-04,GME,36467W109,17092,GAMESTOP CORP (HLDG CO) CL A,64.545
2021-06-07,GME,36467W109,8148,GAMESTOP CORP (HLDG CO) CL A,62.09
2021-06-08,GME,36467W109,10536,GAMESTOP CORP (HLDG CO) CL A,70.0025
2021-06-09,GME,36467W109,121252,GAMESTOP CORP (HLDG CO) CL A,75.00
2021-06-10,GME,36467W109,1112,GAMESTOP CORP (HLDG CO) CL A,75.64
2021-06-11,GME,36467W109,194840,GAMESTOP CORP (HLDG CO) CL A,55.0975
2021-06-14,GME,36467W109,422848,GAMESTOP CORP (HLDG CO) CL A,58.335
2021-06-16,GME,36467W109,15476,GAMESTOP CORP (HLDG CO) CL A,55.625
2021-06-17,GME,36467W109,34760,GAMESTOP CORP (HLDG CO) CL A,55.7425
2021-06-18,GME,36467W109,1851408,GAMESTOP CORP (HLDG CO) CL A,55.8975
2021-06-21,GME,36467W109,54528,GAMESTOP CORP (HLDG CO) CL A,53.455
2021-06-22,GME,36467W109,101104,GAMESTOP CORP (HLDG CO) CL A,50.0925
2021-06-23,GME,36467W109,357216,GAMESTOP CORP (HLDG CO) CL A,55.10
2021-06-24,GME,36467W109,7412,GAMESTOP CORP (HLDG CO) CL A,54.835
2021-06-25,GME,36467W109,106028,GAMESTOP CORP (HLDG CO) CL A,53.0775
2021-06-28,GME,36467W109,538636,GAMESTOP CORP (HLDG CO) CL A,52.3775
2021-06-29,GME,36467W109,1386168,GAMESTOP CORP (HLDG CO) CL A,53.3125
2021-06-30,GME,36467W109,24984,GAMESTOP CORP (HLDG CO) CL A,52.72
2021-07-01,GME,36467W109,1252800,GAMESTOP CORP (HLDG CO) CL A,53.535
2021-07-02,GME,36467W109,45208,GAMESTOP CORP (HLDG CO) CL A,51.09
2021-07-06,GME,36467W109,17152,GAMESTOP CORP (HLDG CO) CL A,50.7075
2021-07-07,GME,36467W109,11736,GAMESTOP CORP (HLDG CO) CL A,49.89
2021-07-09,GME,36467W109,1864,GAMESTOP CORP (HLDG CO) CL A,47.845
2021-07-12,GME,36467W109,72960,GAMESTOP CORP (HLDG CO) CL A,47.8075
2021-07-13,GME,36467W109,7408,GAMESTOP CORP (HLDG CO) CL A,47.3125
2021-07-14,GME,36467W109,18396,GAMESTOP CORP (HLDG CO) CL A,45.015
2021-07-16,GME,36467W109,31884,GAMESTOP CORP (HLDG CO) CL A,41.705
2021-07-19,GME,36467W109,39944,GAMESTOP CORP (HLDG CO) CL A,42.26
2021-07-20,GME,36467W109,99124,GAMESTOP CORP (HLDG CO) CL A,43.3725
2021-07-21,GME,36467W109,153404,GAMESTOP CORP (HLDG CO) CL A,47.795
2021-07-22,GME,36467W109,132280,GAMESTOP CORP (HLDG CO) CL A,46.4525
2021-07-23,GME,36467W109,145744,GAMESTOP CORP (HLDG CO) CL A,44.7125
2021-07-26,GME,36467W109,31628,GAMESTOP CORP (HLDG CO) CL A,45.09
2021-07-27,GME,36467W109,103156,GAMESTOP CORP (HLDG CO) CL A,45.985
2021-07-28,GME,36467W109,13008,GAMESTOP CORP (HLDG CO) CL A,44.635
2021-07-29,GME,36467W109,2452,GAMESTOP CORP (HLDG CO) CL A,42.28
2021-07-30,GME,36467W109,918660,GAMESTOP CORP (HLDG CO) CL A,41.215
2021-08-03,GME,36467W109,12304,GAMESTOP CORP (HLDG CO) CL A,39.4125
2021-08-04,GME,36467W109,395420,GAMESTOP CORP (HLDG CO) CL A,38.1875
2021-08-05,GME,36467W109,5267576,GAMESTOP CORP (HLDG CO) CL A,36.70
2021-08-06,GME,36467W109,1261324,GAMESTOP CORP (HLDG CO) CL A,38.36
2021-08-09,GME,36467W109,297624,GAMESTOP CORP (HLDG CO) CL A,37.9425
2021-08-10,GME,36467W109,299484,GAMESTOP CORP (HLDG CO) CL A,40.2825
2021-08-11,GME,36467W109,26496,GAMESTOP CORP (HLDG CO) CL A,39.7625
2021-08-12,GME,36467W109,500,GAMESTOP CORP (HLDG CO) CL A,39.695
2021-08-13,GME,36467W109,4908,GAMESTOP CORP (HLDG CO) CL A,40.5875
2021-08-16,GME,36467W109,89256,GAMESTOP CORP (HLDG CO) CL A,40.63
2021-08-17,GME,36467W109,8080,GAMESTOP CORP (HLDG CO) CL A,40.9825
2021-08-18,GME,36467W109,113860,GAMESTOP CORP (HLDG CO) CL A,40.8875
2021-08-19,GME,36467W109,61164,GAMESTOP CORP (HLDG CO) CL A,39.2625
2021-08-20,GME,36467W109,19284,GAMESTOP CORP (HLDG CO) CL A,38.225
2021-08-23,GME,36467W109,6892,GAMESTOP CORP (HLDG CO) CL A,39.825
2021-08-24,GME,36467W109,29112,GAMESTOP CORP (HLDG CO) CL A,41.2225
2021-08-25,GME,36467W109,9452,GAMESTOP CORP (HLDG CO) CL A,52.5725
2021-08-26,GME,36467W109,43932,GAMESTOP CORP (HLDG CO) CL A,49.9125
2021-08-30,GME,36467W109,85328,GAMESTOP CORP (HLDG CO) CL A,51.2375
2021-08-31,GME,36467W109,372292,GAMESTOP CORP (HLDG CO) CL A,52.30
2021-09-01,GME,36467W109,3824,GAMESTOP CORP (HLDG CO) CL A,54.56
2021-09-02,GME,36467W109,13320,GAMESTOP CORP (HLDG CO) CL A,53.2425
2021-09-03,GME,36467W109,57180,GAMESTOP CORP (HLDG CO) CL A,53.38
2021-09-07,GME,36467W109,36516,GAMESTOP CORP (HLDG CO) CL A,50.6875
2021-09-08,GME,36467W109,384,GAMESTOP CORP (HLDG CO) CL A,49.75
2021-09-09,GME,36467W109,2176,GAMESTOP CORP (HLDG CO) CL A,49.70
2021-09-10,GME,36467W109,19344,GAMESTOP CORP (HLDG CO) CL A,49.795
2021-09-13,GME,36467W109,15004,GAMESTOP CORP (HLDG CO) CL A,47.6025
2021-09-14,GME,36467W109,28540,GAMESTOP CORP (HLDG CO) CL A,50.85
2021-09-15,GME,36467W109,51460,GAMESTOP CORP (HLDG CO) CL A,49.81
2021-09-16,GME,36467W109,13076,GAMESTOP CORP (HLDG CO) CL A,51.13
2021-09-17,GME,36467W109,17548,GAMESTOP CORP (HLDG CO) CL A,51.5925
2021-09-20,GME,36467W109,98512,GAMESTOP CORP (HLDG CO) CL A,51.2425
2021-09-21,GME,36467W109,1388684,GAMESTOP CORP (HLDG CO) CL A,48.05
2021-09-22,GME,36467W109,412,GAMESTOP CORP (HLDG CO) CL A,47.4875
2021-09-23,GME,36467W109,4584,GAMESTOP CORP (HLDG CO) CL A,47.535
2021-09-24,GME,36467W109,2796,GAMESTOP CORP (HLDG CO) CL A,47.81
2021-09-27,GME,36467W109,43276,GAMESTOP CORP (HLDG CO) CL A,46.29
2021-09-28,GME,36467W109,18872,GAMESTOP CORP (HLDG CO) CL A,47.37
2021-09-29,GME,36467W109,49260,GAMESTOP CORP (HLDG CO) CL A,44.65
2021-09-30,GME,36467W109,40824,GAMESTOP CORP (HLDG CO) CL A,43.98
2021-10-01,GME,36467W109,46068,GAMESTOP CORP (HLDG CO) CL A,43.8675
2021-10-04,GME,36467W109,91692,GAMESTOP CORP (HLDG CO) CL A,44.2275
2021-10-06,GME,36467W109,9676,GAMESTOP CORP (HLDG CO) CL A,43.045
2021-10-07,GME,36467W109,5744,GAMESTOP CORP (HLDG CO) CL A,42.7675
2021-10-08,GME,36467W109,13476,GAMESTOP CORP (HLDG CO) CL A,43.03
2021-10-12,GME,36467W109,175980,GAMESTOP CORP (HLDG CO) CL A,44.525
2021-10-13,GME,36467W109,853140,GAMESTOP CORP (HLDG CO) CL A,43.955
2021-10-14,GME,36467W109,18112,GAMESTOP CORP (HLDG CO) CL A,46.015
2021-10-15,GME,36467W109,115216,GAMESTOP CORP (HLDG CO) CL A,45.9575
2021-10-18,GME,36467W109,218348,GAMESTOP CORP (HLDG CO) CL A,45.82
2021-10-19,GME,36467W109,69812,GAMESTOP CORP (HLDG CO) CL A,46.505
2021-10-20,GME,36467W109,27628,GAMESTOP CORP (HLDG CO) CL A,46.6975
2021-10-21,GME,36467W109,74684,GAMESTOP CORP (HLDG CO) CL A,46.13
2021-10-22,GME,36467W109,22720,GAMESTOP CORP (HLDG CO) CL A,45.4275
2021-10-25,GME,36467W109,45004,GAMESTOP CORP (HLDG CO) CL A,42.45
2021-10-27,GME,36467W109,269120,GAMESTOP CORP (HLDG CO) CL A,44.46
2021-10-28,GME,36467W109,45240,GAMESTOP CORP (HLDG CO) CL A,43.3775
2021-10-29,GME,36467W109,22368,GAMESTOP CORP (HLDG CO) CL A,45.7125
2021-11-01,GME,36467W109,71224,GAMESTOP CORP (HLDG CO) CL A,45.8775
2021-11-02,GME,36467W109,4948,GAMESTOP CORP (HLDG CO) CL A,50.0225
2021-11-03,GME,36467W109,99264,GAMESTOP CORP (HLDG CO) CL A,51.7475
2021-11-04,GME,36467W109,117824,GAMESTOP CORP (HLDG CO) CL A,54.5825
2021-11-05,GME,36467W109,36708,GAMESTOP CORP (HLDG CO) CL A,54.46
2021-11-08,GME,36467W109,67816,GAMESTOP CORP (HLDG CO) CL A,53.3125
2021-11-09,GME,36467W109,74588,GAMESTOP CORP (HLDG CO) CL A,54.66
2021-11-10,GME,36467W109,25752,GAMESTOP CORP (HLDG CO) CL A,51.65
2021-11-15,GME,36467W109,1732,GAMESTOP CORP (HLDG CO) CL A,50.525
2021-11-16,GME,36467W109,12064,GAMESTOP CORP (HLDG CO) CL A,52.285
2021-11-17,GME,36467W109,217192,GAMESTOP CORP (HLDG CO) CL A,51.795
2021-11-18,GME,36467W109,7340,GAMESTOP CORP (HLDG CO) CL A,52.50
2021-11-19,GME,36467W109,13404,GAMESTOP CORP (HLDG CO) CL A,52.53
2021-11-22,GME,36467W109,41724,GAMESTOP CORP (HLDG CO) CL A,57.20
2021-11-23,GME,36467W109,287324,GAMESTOP CORP (HLDG CO) CL A,61.8875
2021-11-24,GME,36467W109,17356,GAMESTOP CORP (HLDG CO) CL A,53.475
2021-11-26,GME,36467W109,1708,GAMESTOP CORP (HLDG CO) CL A,52.945
2021-11-30,GME,36467W109,4480,GAMESTOP CORP (HLDG CO) CL A,50.5025
2021-12-03,GME,36467W109,28232,GAMESTOP CORP (HLDG CO) CL A,45.39
2021-12-06,GME,36467W109,51768,GAMESTOP CORP (HLDG CO) CL A,43.0975
2021-12-07,GME,36467W109,491932,GAMESTOP CORP (HLDG CO) CL A,41.78
2021-12-08,GME,36467W109,49432,GAMESTOP CORP (HLDG CO) CL A,44.4525
2021-12-09,GME,36467W109,15740,GAMESTOP CORP (HLDG CO) CL A,43.4125
2021-12-10,GME,36467W109,10988,GAMESTOP CORP (HLDG CO) CL A,38.94
2021-12-13,GME,36467W109,370840,GAMESTOP CORP (HLDG CO) CL A,39.7525
2021-12-14,GME,36467W109,133620,GAMESTOP CORP (HLDG CO) CL A,34.22
2021-12-15,GME,36467W109,157092,GAMESTOP CORP (HLDG CO) CL A,36.9225
2021-12-16,GME,36467W109,97980,GAMESTOP CORP (HLDG CO) CL A,37.1475
2021-12-17,GME,36467W109,27468,GAMESTOP CORP (HLDG CO) CL A,36.1475
2021-12-20,GME,36467W109,28264,GAMESTOP CORP (HLDG CO) CL A,38.91
2021-12-21,GME,36467W109,373956,GAMESTOP CORP (HLDG CO) CL A,39.285
2021-12-22,GME,36467W109,312708,GAMESTOP CORP (HLDG CO) CL A,39.53
2021-12-23,GME,36467W109,28360,GAMESTOP CORP (HLDG CO) CL A,38.50
2021-12-27,GME,36467W109,11312,GAMESTOP CORP (HLDG CO) CL A,38.035
2021-12-28,GME,36467W109,2840,GAMESTOP CORP (HLDG CO) CL A,37.0775
2021-12-29,GME,36467W109,10072,GAMESTOP CORP (HLDG CO) CL A,36.615
2021-12-31,GME,36467W109,580,GAMESTOP CORP (HLDG CO) CL A,38.8325
2022-01-03,GME,36467W109,72,GAMESTOP CORP (HLDG CO) CL A,37.0975
2022-01-04,GME,36467W109,5204,GAMESTOP CORP (HLDG CO) CL A,38.21
2022-01-05,GME,36467W109,10280,GAMESTOP CORP (HLDG CO) CL A,37.2275
2022-01-06,GME,36467W109,41840,GAMESTOP CORP (HLDG CO) CL A,32.3425
2022-01-07,GME,36467W109,723904,GAMESTOP CORP (HLDG CO) CL A,32.7575
2022-01-10,GME,36467W109,162060,GAMESTOP CORP (HLDG CO) CL A,35.155
2022-01-11,GME,36467W109,545632,GAMESTOP CORP (HLDG CO) CL A,32.7875
2022-01-12,GME,36467W109,2848,GAMESTOP CORP (HLDG CO) CL A,32.575
2022-01-13,GME,36467W109,572,GAMESTOP CORP (HLDG CO) CL A,32.015
2022-01-14,GME,36467W109,6528,GAMESTOP CORP (HLDG CO) CL A,30.62
2022-01-19,GME,36467W109,34852,GAMESTOP CORP (HLDG CO) CL A,27.2275
2022-01-20,GME,36467W109,66632,GAMESTOP CORP (HLDG CO) CL A,26.6425
2022-01-21,GME,36467W109,115200,GAMESTOP CORP (HLDG CO) CL A,25.6675
2022-01-24,GME,36467W109,1152,GAMESTOP CORP (HLDG CO) CL A,26.59
2022-01-25,GME,36467W109,289228,GAMESTOP CORP (HLDG CO) CL A,25.0375
2022-01-26,GME,36467W109,297720,GAMESTOP CORP (HLDG CO) CL A,24.9475
2022-01-27,GME,36467W109,138960,GAMESTOP CORP (HLDG CO) CL A,25.815
2022-01-28,GME,36467W109,607132,GAMESTOP CORP (HLDG CO) CL A,23.38
2022-01-31,GME,36467W109,94832,GAMESTOP CORP (HLDG CO) CL A,24.4775
2022-02-01,GME,36467W109,58332,GAMESTOP CORP (HLDG CO) CL A,27.2325
2022-02-02,GME,36467W109,178304,GAMESTOP CORP (HLDG CO) CL A,28.15
2022-02-03,GME,36467W109,85144,GAMESTOP CORP (HLDG CO) CL A,25.01
2022-02-04,GME,36467W109,100,GAMESTOP CORP (HLDG CO) CL A,24.8075
2022-02-07,GME,36467W109,14416,GAMESTOP CORP (HLDG CO) CL A,25.585
2022-02-08,GME,36467W109,78356,GAMESTOP CORP (HLDG CO) CL A,25.585
2022-02-09,GME,36467W109,6552,GAMESTOP CORP (HLDG CO) CL A,28.90
2022-02-10,GME,36467W109,223292,GAMESTOP CORP (HLDG CO) CL A,31.0725
2022-02-11,GME,36467W109,147700,GAMESTOP CORP (HLDG CO) CL A,30.6175
2022-02-14,GME,36467W109,173868,GAMESTOP CORP (HLDG CO) CL A,31.0625
2022-02-15,GME,36467W109,220552,GAMESTOP CORP (HLDG CO) CL A,29.2725
2022-02-16,GME,36467W109,105660,GAMESTOP CORP (HLDG CO) CL A,31.54
2022-02-17,GME,36467W109,129792,GAMESTOP CORP (HLDG CO) CL A,32.0825
2022-02-18,GME,36467W109,215760,GAMESTOP CORP (HLDG CO) CL A,30.8525
2022-02-22,GME,36467W109,117628,GAMESTOP CORP (HLDG CO) CL A,30.3825
2022-02-23,GME,36467W109,909208,GAMESTOP CORP (HLDG CO) CL A,29.515
2022-02-24,GME,36467W109,61640,GAMESTOP CORP (HLDG CO) CL A,28.7175
2022-02-25,GME,36467W109,114352,GAMESTOP CORP (HLDG CO) CL A,31.145
2022-02-28,GME,36467W109,118752,GAMESTOP CORP (HLDG CO) CL A,29.645
2022-03-01,GME,36467W109,69004,GAMESTOP CORP (HLDG CO) CL A,30.835
2022-03-02,GME,36467W109,82964,GAMESTOP CORP (HLDG CO) CL A,29.755
2022-03-03,GME,36467W109,89216,GAMESTOP CORP (HLDG CO) CL A,30.4925
2022-03-04,GME,36467W109,32928,GAMESTOP CORP (HLDG CO) CL A,29.6025
2022-03-07,GME,36467W109,520,GAMESTOP CORP (HLDG CO) CL A,27.915
2022-03-08,GME,36467W109,700,GAMESTOP CORP (HLDG CO) CL A,24.8375
2022-03-09,GME,36467W109,8060,GAMESTOP CORP (HLDG CO) CL A,25.7525
2022-03-10,GME,36467W109,121956,GAMESTOP CORP (HLDG CO) CL A,26.3025
2022-03-11,GME,36467W109,73208,GAMESTOP CORP (HLDG CO) CL A,25.14
2022-03-14,GME,36467W109,72116,GAMESTOP CORP (HLDG CO) CL A,23.1725
2022-03-15,GME,36467W109,213632,GAMESTOP CORP (HLDG CO) CL A,19.5275
2022-03-16,GME,36467W109,11088,GAMESTOP CORP (HLDG CO) CL A,20.66
2022-03-17,GME,36467W109,142208,GAMESTOP CORP (HLDG CO) CL A,21.715
2022-03-18,GME,36467W109,175208,GAMESTOP CORP (HLDG CO) CL A,21.925
2022-03-21,GME,36467W109,499304,GAMESTOP CORP (HLDG CO) CL A,22.6975
2022-03-22,GME,36467W109,699244,GAMESTOP CORP (HLDG CO) CL A,23.55
2022-03-23,GME,36467W109,59356,GAMESTOP CORP (HLDG CO) CL A,30.785
2022-03-24,GME,36467W109,338220,GAMESTOP CORP (HLDG CO) CL A,35.25
2022-03-25,GME,36467W109,718796,GAMESTOP CORP (HLDG CO) CL A,35.5975
2022-03-28,GME,36467W109,434296,GAMESTOP CORP (HLDG CO) CL A,37.9875
2022-03-29,GME,36467W109,113520,GAMESTOP CORP (HLDG CO) CL A,47.3975
2022-03-30,GME,36467W109,207884,GAMESTOP CORP (HLDG CO) CL A,44.975
2022-03-31,GME,36467W109,187676,GAMESTOP CORP (HLDG CO) CL A,41.7125
2022-04-01,GME,36467W109,112356,GAMESTOP CORP (HLDG CO) CL A,41.645
2022-04-04,GME,36467W109,143476,GAMESTOP CORP (HLDG CO) CL A,41.25
2022-04-05,GME,36467W109,6056,GAMESTOP CORP (HLDG CO) CL A,42.6825
2022-04-06,GME,36467W109,206840,GAMESTOP CORP (HLDG CO) CL A,38.3975
2022-04-07,GME,36467W109,11736,GAMESTOP CORP (HLDG CO) CL A,39.16
2022-04-08,GME,36467W109,18856,GAMESTOP CORP (HLDG CO) CL A,37.50
2022-04-11,GME,36467W109,135076,GAMESTOP CORP (HLDG CO) CL A,36.5475
2022-04-12,GME,36467W109,8700,GAMESTOP CORP (HLDG CO) CL A,36.7325
2022-04-13,GME,36467W109,66688,GAMESTOP CORP (HLDG CO) CL A,36.2175
2022-04-14,GME,36467W109,149368,GAMESTOP CORP (HLDG CO) CL A,37.675
2022-04-18,GME,36467W109,68548,GAMESTOP CORP (HLDG CO) CL A,37.6925
2022-04-19,GME,36467W109,230724,GAMESTOP CORP (HLDG CO) CL A,35.365
2022-04-20,GME,36467W109,70696,GAMESTOP CORP (HLDG CO) CL A,38.1175
2022-04-21,GME,36467W109,71444,GAMESTOP CORP (HLDG CO) CL A,37.2125
2022-04-22,GME,36467W109,88228,GAMESTOP CORP (HLDG CO) CL A,35.39
2022-04-25,GME,36467W109,197836,GAMESTOP CORP (HLDG CO) CL A,34.555
2022-04-26,GME,36467W109,24848,GAMESTOP CORP (HLDG CO) CL A,33.9875
2022-04-27,GME,36467W109,26016,GAMESTOP CORP (HLDG CO) CL A,31.90
2022-04-28,GME,36467W109,16336,GAMESTOP CORP (HLDG CO) CL A,32.46
2022-04-29,GME,36467W109,9268,GAMESTOP CORP (HLDG CO) CL A,32.3275
2022-05-02,GME,36467W109,240,GAMESTOP CORP (HLDG CO) CL A,31.2675
2022-05-03,GME,36467W109,9976,GAMESTOP CORP (HLDG CO) CL A,29.8925
2022-05-04,GME,36467W109,156440,GAMESTOP CORP (HLDG CO) CL A,30.1075
2022-05-05,GME,36467W109,43312,GAMESTOP CORP (HLDG CO) CL A,31.77
2022-05-06,GME,36467W109,17644,GAMESTOP CORP (HLDG CO) CL A,29.7825
2022-05-09,GME,36467W109,102468,GAMESTOP CORP (HLDG CO) CL A,28.675
2022-05-10,GME,36467W109,8876,GAMESTOP CORP (HLDG CO) CL A,24.6975
2022-05-11,GME,36467W109,497744,GAMESTOP CORP (HLDG CO) CL A,23.375
2022-05-12,GME,36467W109,35112,GAMESTOP CORP (HLDG CO) CL A,20.3325
2022-05-13,GME,36467W109,172776,GAMESTOP CORP (HLDG CO) CL A,22.3925
2022-05-16,GME,36467W109,1499556,GAMESTOP CORP (HLDG CO) CL A,24.5975
2022-05-17,GME,36467W109,248672,GAMESTOP CORP (HLDG CO) CL A,22.95
2022-05-18,GME,36467W109,241224,GAMESTOP CORP (HLDG CO) CL A,25.095
2022-05-19,GME,36467W109,99816,GAMESTOP CORP (HLDG CO) CL A,22.87
2022-05-20,GME,36467W109,83508,GAMESTOP CORP (HLDG CO) CL A,24.7975
2022-05-23,GME,36467W109,102024,GAMESTOP CORP (HLDG CO) CL A,23.915
2022-05-24,GME,36467W109,683188,GAMESTOP CORP (HLDG CO) CL A,24.0325
2022-05-25,GME,36467W109,133696,GAMESTOP CORP (HLDG CO) CL A,22.2875
2022-05-26,GME,36467W109,390996,GAMESTOP CORP (HLDG CO) CL A,28.7925
2022-05-27,GME,36467W109,2092836,GAMESTOP CORP (HLDG CO) CL A,32.115
2022-05-31,GME,36467W109,2979388,GAMESTOP CORP (HLDG CO) CL A,34.3025
2022-06-01,GME,36467W109,202656,GAMESTOP CORP (HLDG CO) CL A,31.185
2022-06-02,GME,36467W109,325780,GAMESTOP CORP (HLDG CO) CL A,30.35
2022-06-03,GME,36467W109,1225068,GAMESTOP CORP (HLDG CO) CL A,33.50
2022-06-06,GME,36467W109,2008692,GAMESTOP CORP (HLDG CO) CL A,33.425
2022-06-07,GME,36467W109,830244,GAMESTOP CORP (HLDG CO) CL A,32.025
2022-06-08,GME,36467W109,480800,GAMESTOP CORP (HLDG CO) CL A,36.625
2022-06-09,GME,36467W109,2357976,GAMESTOP CORP (HLDG CO) CL A,34.6825
2022-06-10,GME,36467W109,2573292,GAMESTOP CORP (HLDG CO) CL A,32.245
2022-06-13,GME,36467W109,2694216,GAMESTOP CORP (HLDG CO) CL A,32.2725
2022-06-14,GME,36467W109,1735992,GAMESTOP CORP (HLDG CO) CL A,29.5625
2022-06-15,GME,36467W109,1035360,GAMESTOP CORP (HLDG CO) CL A,31.5425
2022-06-16,GME,36467W109,542260,GAMESTOP CORP (HLDG CO) CL A,32.3225
2022-06-17,GME,36467W109,733356,GAMESTOP CORP (HLDG CO) CL A,31.4325
2022-06-21,GME,36467W109,308176,GAMESTOP CORP (HLDG CO) CL A,33.785
2022-06-22,GME,36467W109,546408,GAMESTOP CORP (HLDG CO) CL A,35.07
2022-06-23,GME,36467W109,325840,GAMESTOP CORP (HLDG CO) CL A,34.615
2022-06-24,GME,36467W109,621008,GAMESTOP CORP (HLDG CO) CL A,35.505
2022-06-27,GME,36467W109,712972,GAMESTOP CORP (HLDG CO) CL A,33.8025
2022-06-28,GME,36467W109,279628,GAMESTOP CORP (HLDG CO) CL A,32.4225
2022-06-29,GME,36467W109,437520,GAMESTOP CORP (HLDG CO) CL A,31.095
2022-06-30,GME,36467W109,455424,GAMESTOP CORP (HLDG CO) CL A,30.715
2022-07-01,GME,36467W109,349712,GAMESTOP CORP (HLDG CO) CL A,30.575
2022-07-05,GME,36467W109,130568,GAMESTOP CORP (HLDG CO) CL A,30.855
2022-07-06,GME,36467W109,66472,GAMESTOP CORP (HLDG CO) CL A,30.0575
2022-07-07,GME,36467W109,62212,GAMESTOP CORP (HLDG CO) CL A,29.3575
2022-07-08,GME,36467W109,217680,GAMESTOP CORP (HLDG CO) CL A,33.78
2022-07-11,GME,36467W109,379268,GAMESTOP CORP (HLDG CO) CL A,32.135
2022-07-12,GME,36467W109,463980,GAMESTOP CORP (HLDG CO) CL A,32.5225
2022-07-13,GME,36467W109,35948,GAMESTOP CORP (HLDG CO) CL A,34.28
2022-07-14,GME,36467W109,906704,GAMESTOP CORP (HLDG CO) CL A,35.32
2022-07-15,GME,36467W109,1383440,GAMESTOP CORP (HLDG CO) CL A,34.05
2022-07-18,GME,36467W109,1361748,GAMESTOP CORP (HLDG CO) CL A,35.41
2022-07-19,GME,36467W109,600832,GAMESTOP CORP (HLDG CO) CL A,36.66
2022-07-20,GME,36467W109,645128,GAMESTOP CORP (HLDG CO) CL A,37.925
2022-07-21,GME,36467W109,1066528,GAMESTOP CORP (HLDG CO) CL A,39.6875
2022-07-22,GME,36467W109,1107968,GAMESTOP CORP (HLDG CO) CL A,38.3675
2022-07-25,GME,36467W109,978924,GAMESTOP CORP (HLDG CO) CL A,35.78
2022-07-26,GME,36467W109,1637150,GAMESTOP CORP (HLDG CO) CL A,33.98
2022-07-27,GME,36467W109,340421,GAMESTOP CORP (HLDG CO) CL A,32.43
2022-07-28,GME,36467W109,492809,GAMESTOP CORP (HLDG CO) CL A,33.78
2022-07-29,GME,36467W109,96749,GAMESTOP CORP (HLDG CO) CL A,33.84
2022-08-01,GME,36467W109,54504,GAMESTOP CORP (HLDG CO) CL A,34.01
2022-08-02,GME,36467W109,391123,GAMESTOP CORP (HLDG CO) CL A,34.78
2022-08-03,GME,36467W109,83535,GAMESTOP CORP (HLDG CO) CL A,35.84
2022-08-04,GME,36467W109,176124,GAMESTOP CORP (HLDG CO) CL A,37.93
2022-08-05,GME,36467W109,328412,GAMESTOP CORP (HLDG CO) CL A,38.36
2022-08-08,GME,36467W109,73219,GAMESTOP CORP (HLDG CO) CL A,40.02
2022-08-09,GME,36467W109,26404,GAMESTOP CORP (HLDG CO) CL A,43.45
2022-08-10,GME,36467W109,62664,GAMESTOP CORP (HLDG CO) CL A,40.37
2022-08-11,GME,36467W109,20895,GAMESTOP CORP (HLDG CO) CL A,40.53
2022-08-12,GME,36467W109,236259,GAMESTOP CORP (HLDG CO) CL A,39.45
2022-08-15,GME,36467W109,10418,GAMESTOP CORP (HLDG CO) CL A,40.74
2022-08-16,GME,36467W109,21003,GAMESTOP CORP (HLDG CO) CL A,39.68
2022-08-17,GME,36467W109,22727,GAMESTOP CORP (HLDG CO) CL A,42.19
2022-08-18,GME,36467W109,69932,GAMESTOP CORP (HLDG CO) CL A,40.52
2022-08-19,GME,36467W109,20959,GAMESTOP CORP (HLDG CO) CL A,37.93
2022-08-22,GME,36467W109,27176,GAMESTOP CORP (HLDG CO) CL A,36.49
2022-08-23,GME,36467W109,1,GAMESTOP CORP (HLDG CO) CL A,34.50
2022-08-24,GME,36467W109,38532,GAMESTOP CORP (HLDG CO) CL A,33.53
2022-08-25,GME,36467W109,163480,GAMESTOP CORP (HLDG CO) CL A,32.50
2022-08-26,GME,36467W109,30409,GAMESTOP CORP (HLDG CO) CL A,31.96
2022-08-29,GME,36467W109,4674,GAMESTOP CORP (HLDG CO) CL A,30.94
2022-08-30,GME,36467W109,17906,GAMESTOP CORP (HLDG CO) CL A,31.55
2022-08-31,GME,36467W109,1735,GAMESTOP CORP (HLDG CO) CL A,29.84
2022-09-01,GME,36467W109,150913,GAMESTOP CORP (HLDG CO) CL A,28.64
2022-09-02,GME,36467W109,64598,GAMESTOP CORP (HLDG CO) CL A,27.63
2022-09-06,GME,36467W109,66624,GAMESTOP CORP (HLDG CO) CL A,27.36
2022-09-07,GME,36467W109,63387,GAMESTOP CORP (HLDG CO) CL A,25.14
2022-09-08,GME,36467W109,106279,GAMESTOP CORP (HLDG CO) CL A,24.04
2022-09-09,GME,36467W109,14034,GAMESTOP CORP (HLDG CO) CL A,25.83
2022-09-13,GME,36467W109,26228,GAMESTOP CORP (HLDG CO) CL A,29.24
2022-09-14,GME,36467W109,43241,GAMESTOP CORP (HLDG CO) CL A,27.85
2022-09-15,GME,36467W109,39854,GAMESTOP CORP (HLDG CO) CL A,28.13
2022-09-16,GME,36467W109,19134,GAMESTOP CORP (HLDG CO) CL A,28.61
2022-09-19,GME,36467W109,34872,GAMESTOP CORP (HLDG CO) CL A,28.64
2022-09-20,GME,36467W109,37695,GAMESTOP CORP (HLDG CO) CL A,28.96
2022-09-21,GME,36467W109,75,GAMESTOP CORP (HLDG CO) CL A,27.54
2022-09-22,GME,36467W109,9081,GAMESTOP CORP (HLDG CO) CL A,26.86
2022-09-23,GME,36467W109,8126,GAMESTOP CORP (HLDG CO) CL A,24.70
2022-09-26,GME,36467W109,11845,GAMESTOP CORP (HLDG CO) CL A,25.04
2022-09-27,GME,36467W109,5447,GAMESTOP CORP (HLDG CO) CL A,24.48
2022-09-28,GME,36467W109,40245,GAMESTOP CORP (HLDG CO) CL A,26.13
2022-09-29,GME,36467W109,19253,GAMESTOP CORP (HLDG CO) CL A,27.31
2022-09-30,GME,36467W109,31108,GAMESTOP CORP (HLDG CO) CL A,25.46
2022-10-03,GME,36467W109,36541,GAMESTOP CORP (HLDG CO) CL A,25.13
2022-10-04,GME,36467W109,20121,GAMESTOP CORP (HLDG CO) CL A,25.38
2022-10-05,GME,36467W109,56405,GAMESTOP CORP (HLDG CO) CL A,27.60
2022-10-06,GME,36467W109,82512,GAMESTOP CORP (HLDG CO) CL A,26.39
2022-10-07,GME,36467W109,87389,GAMESTOP CORP (HLDG CO) CL A,25.99
2022-10-11,GME,36467W109,35963,GAMESTOP CORP (HLDG CO) CL A,25.00
2022-10-12,GME,36467W109,4281,GAMESTOP CORP (HLDG CO) CL A,25.27
2022-10-13,GME,36467W109,22130,GAMESTOP CORP (HLDG CO) CL A,25.36
2022-10-14,GME,36467W109,18556,GAMESTOP CORP (HLDG CO) CL A,25.56
2022-10-17,GME,36467W109,40799,GAMESTOP CORP (HLDG CO) CL A,24.63
2022-10-18,GME,36467W109,6788,GAMESTOP CORP (HLDG CO) CL A,25.96
2022-10-19,GME,36467W109,38955,GAMESTOP CORP (HLDG CO) CL A,26.67
2022-10-20,GME,36467W109,28633,GAMESTOP CORP (HLDG CO) CL A,24.54
2022-10-21,GME,36467W109,35359,GAMESTOP CORP (HLDG CO) CL A,24.41
2022-10-24,GME,36467W109,21207,GAMESTOP CORP (HLDG CO) CL A,25.30
2022-10-25,GME,36467W109,5212,GAMESTOP CORP (HLDG CO) CL A,24.71
2022-10-27,GME,36467W109,178623,GAMESTOP CORP (HLDG CO) CL A,25.42
2022-10-28,GME,36467W109,11345,GAMESTOP CORP (HLDG CO) CL A,25.93
2022-10-31,GME,36467W109,3530,GAMESTOP CORP (HLDG CO) CL A,28.17
2022-11-01,GME,36467W109,40500,GAMESTOP CORP (HLDG CO) CL A,28.31
2022-11-02,GME,36467W109,49719,GAMESTOP CORP (HLDG CO) CL A,28.39
2022-11-03,GME,36467W109,13475,GAMESTOP CORP (HLDG CO) CL A,26.62
2022-11-04,GME,36467W109,31260,GAMESTOP CORP (HLDG CO) CL A,26.29
2022-11-07,GME,36467W109,3003,GAMESTOP CORP (HLDG CO) CL A,26.51
2022-11-08,GME,36467W109,258,GAMESTOP CORP (HLDG CO) CL A,25.76
2022-11-09,GME,36467W109,888,GAMESTOP CORP (HLDG CO) CL A,25.14
2022-11-10,GME,36467W109,18192,GAMESTOP CORP (HLDG CO) CL A,23.11
2022-11-14,GME,36467W109,20237,GAMESTOP CORP (HLDG CO) CL A,26.10
2022-11-15,GME,36467W109,59399,GAMESTOP CORP (HLDG CO) CL A,26.05
2022-11-16,GME,36467W109,601,GAMESTOP CORP (HLDG CO) CL A,27.59
2022-11-17,GME,36467W109,28670,GAMESTOP CORP (HLDG CO) CL A,27.14
2022-11-18,GME,36467W109,17157,GAMESTOP CORP (HLDG CO) CL A,27.76
2022-11-21,GME,36467W109,28296,GAMESTOP CORP (HLDG CO) CL A,27.60
2022-11-22,GME,36467W109,146649,GAMESTOP CORP (HLDG CO) CL A,25.16
2022-11-23,GME,36467W109,40473,GAMESTOP CORP (HLDG CO) CL A,26.30
2022-11-25,GME,36467W109,27959,GAMESTOP CORP (HLDG CO) CL A,26.70
2022-11-28,GME,36467W109,44778,GAMESTOP CORP (HLDG CO) CL A,26.17
2022-11-29,GME,36467W109,4676,GAMESTOP CORP (HLDG CO) CL A,25.29
2022-11-30,GME,36467W109,716,GAMESTOP CORP (HLDG CO) CL A,25.60
2022-12-01,GME,36467W109,7996,GAMESTOP CORP (HLDG CO) CL A,26.21
2022-12-02,GME,36467W109,1105,GAMESTOP CORP (HLDG CO) CL A,26.60
2022-12-05,GME,36467W109,30760,GAMESTOP CORP (HLDG CO) CL A,27.52
2022-12-06,GME,36467W109,28469,GAMESTOP CORP (HLDG CO) CL A,25.56
2022-12-07,GME,36467W109,2508,GAMESTOP CORP (HLDG CO) CL A,23.39
2022-12-09,GME,36467W109,24470,GAMESTOP CORP (HLDG CO) CL A,24.79
2022-12-12,GME,36467W109,86502,GAMESTOP CORP (HLDG CO) CL A,22.63
2022-12-13,GME,36467W109,34522,GAMESTOP CORP (HLDG CO) CL A,22.67
2022-12-14,GME,36467W109,3096,GAMESTOP CORP (HLDG CO) CL A,21.00
2022-12-15,GME,36467W109,9819,GAMESTOP CORP (HLDG CO) CL A,21.05
2022-12-16,GME,36467W109,27359,GAMESTOP CORP (HLDG CO) CL A,20.58
2022-12-19,GME,36467W109,123059,GAMESTOP CORP (HLDG CO) CL A,20.80
2022-12-20,GME,36467W109,597420,GAMESTOP CORP (HLDG CO) CL A,19.92
2022-12-21,GME,36467W109,305223,GAMESTOP CORP (HLDG CO) CL A,20.26
2022-12-22,GME,36467W109,596488,GAMESTOP CORP (HLDG CO) CL A,20.56
2022-12-23,GME,36467W109,411456,GAMESTOP CORP (HLDG CO) CL A,19.81
2022-12-27,GME,36467W109,132358,GAMESTOP CORP (HLDG CO) CL A,20.08
2022-12-28,GME,36467W109,239808,GAMESTOP CORP (HLDG CO) CL A,18.20
2022-12-29,GME,36467W109,262826,GAMESTOP CORP (HLDG CO) CL A,17.92
2022-12-30,GME,36467W109,101825,GAMESTOP CORP (HLDG CO) CL A,18.33
2023-01-03,GME,36467W109,310572,GAMESTOP CORP (HLDG CO) CL A,18.46
2023-01-04,GME,36467W109,215679,GAMESTOP CORP (HLDG CO) CL A,17.20
2023-01-05,GME,36467W109,164325,GAMESTOP CORP (HLDG CO) CL A,17.32
2023-01-06,GME,36467W109,6305,GAMESTOP CORP (HLDG CO) CL A,16.22
2023-01-09,GME,36467W109,66520,GAMESTOP CORP (HLDG CO) CL A,16.46
2023-01-10,GME,36467W109,28732,GAMESTOP CORP (HLDG CO) CL A,16.38
2023-01-11,GME,36467W109,37587,GAMESTOP CORP (HLDG CO) CL A,17.77
2023-01-12,GME,36467W109,34980,GAMESTOP CORP (HLDG CO) CL A,19.04
2023-01-13,GME,36467W109,26102,GAMESTOP CORP (HLDG CO) CL A,20.63
2023-01-17,GME,36467W109,108475,GAMESTOP CORP (HLDG CO) CL A,20.49
2023-01-18,GME,36467W109,197495,GAMESTOP CORP (HLDG CO) CL A,21.80
2023-01-19,GME,36467W109,268870,GAMESTOP CORP (HLDG CO) CL A,20.79
2023-01-20,GME,36467W109,127556,GAMESTOP CORP (HLDG CO) CL A,19.04
2023-01-23,GME,36467W109,70432,GAMESTOP CORP (HLDG CO) CL A,19.61
2023-01-24,GME,36467W109,102735,GAMESTOP CORP (HLDG CO) CL A,21.66
2023-01-25,GME,36467W109,100986,GAMESTOP CORP (HLDG CO) CL A,21.40
2023-01-26,GME,36467W109,69337,GAMESTOP CORP (HLDG CO) CL A,20.23
2023-01-27,GME,36467W109,167715,GAMESTOP CORP (HLDG CO) CL A,20.01
2023-01-30,GME,36467W109,22983,GAMESTOP CORP (HLDG CO) CL A,22.82
2023-01-31,GME,36467W109,104164,GAMESTOP CORP (HLDG CO) CL A,21.25
2023-02-01,GME,36467W109,43242,GAMESTOP CORP (HLDG CO) CL A,21.87
2023-02-02,GME,36467W109,77079,GAMESTOP CORP (HLDG CO) CL A,21.83
2023-02-03,GME,36467W109,5852,GAMESTOP CORP (HLDG CO) CL A,22.70
2023-02-06,GME,36467W109,167984,GAMESTOP CORP (HLDG CO) CL A,22.25
2023-02-07,GME,36467W109,91209,GAMESTOP CORP (HLDG CO) CL A,23.86
2023-02-08,GME,36467W109,66290,GAMESTOP CORP (HLDG CO) CL A,21.22
2023-02-09,GME,36467W109,241118,GAMESTOP CORP (HLDG CO) CL A,21.10
2023-02-13,GME,36467W109,12979,GAMESTOP CORP (HLDG CO) CL A,19.27
2023-02-14,GME,36467W109,14177,GAMESTOP CORP (HLDG CO) CL A,19.69
2023-02-15,GME,36467W109,36745,GAMESTOP CORP (HLDG CO) CL A,19.87
2023-02-16,GME,36467W109,4413,GAMESTOP CORP (HLDG CO) CL A,21.80
2023-02-17,GME,36467W109,245596,GAMESTOP CORP (HLDG CO) CL A,21.60
2023-02-21,GME,36467W109,20529,GAMESTOP CORP (HLDG CO) CL A,21.99
2023-02-22,GME,36467W109,28404,GAMESTOP CORP (HLDG CO) CL A,20.66
2023-02-23,GME,36467W109,15877,GAMESTOP CORP (HLDG CO) CL A,20.52
2023-02-24,GME,36467W109,23229,GAMESTOP CORP (HLDG CO) CL A,20.14
2023-03-02,GME,36467W109,21815,GAMESTOP CORP (HLDG CO) CL A,18.15
2023-03-03,GME,36467W109,9935,GAMESTOP CORP (HLDG CO) CL A,18.19
2023-03-06,GME,36467W109,919,GAMESTOP CORP (HLDG CO) CL A,18.70
2023-03-07,GME,36467W109,22600,GAMESTOP CORP (HLDG CO) CL A,18.65
2023-03-08,GME,36467W109,1619,GAMESTOP CORP (HLDG CO) CL A,18.06
2023-03-10,GME,36467W109,1789,GAMESTOP CORP (HLDG CO) CL A,17.52
2023-03-13,GME,36467W109,1539,GAMESTOP CORP (HLDG CO) CL A,17.25
2023-03-14,GME,36467W109,28513,GAMESTOP CORP (HLDG CO) CL A,16.75
2023-03-15,GME,36467W109,9756,GAMESTOP CORP (HLDG CO) CL A,16.91
2023-03-16,GME,36467W109,183159,GAMESTOP CORP (HLDG CO) CL A,15.95
2023-03-17,GME,36467W109,175213,GAMESTOP CORP (HLDG CO) CL A,16.76
2023-03-20,GME,36467W109,80666,GAMESTOP CORP (HLDG CO) CL A,16.60
2023-03-21,GME,36467W109,139946,GAMESTOP CORP (HLDG CO) CL A,16.87
2023-03-22,GME,36467W109,159820,GAMESTOP CORP (HLDG CO) CL A,17.65
2023-03-23,GME,36467W109,209129,GAMESTOP CORP (HLDG CO) CL A,23.87
2023-03-24,GME,36467W109,624571,GAMESTOP CORP (HLDG CO) CL A,22.58
2023-03-27,GME,36467W109,476428,GAMESTOP CORP (HLDG CO) CL A,23.98
2023-03-28,GME,36467W109,103297,GAMESTOP CORP (HLDG CO) CL A,23.00
2023-03-29,GME,36467W109,137770,GAMESTOP CORP (HLDG CO) CL A,23.15
2023-03-30,GME,36467W109,57685,GAMESTOP CORP (HLDG CO) CL A,22.46
2023-03-31,GME,36467W109,114870,GAMESTOP CORP (HLDG CO) CL A,22.50
2023-04-03,GME,36467W109,175430,GAMESTOP CORP (HLDG CO) CL A,23.02
2023-04-04,GME,36467W109,12657,GAMESTOP CORP (HLDG CO) CL A,23.17
2023-04-05,GME,36467W109,35767,GAMESTOP CORP (HLDG CO) CL A,22.35
2023-04-06,GME,36467W109,9083,GAMESTOP CORP (HLDG CO) CL A,22.07
2023-04-10,GME,36467W109,15619,GAMESTOP CORP (HLDG CO) CL A,22.40
2023-04-11,GME,36467W109,12667,GAMESTOP CORP (HLDG CO) CL A,22.37
2023-04-12,GME,36467W109,86582,GAMESTOP CORP (HLDG CO) CL A,22.69
2023-04-13,GME,36467W109,28399,GAMESTOP CORP (HLDG CO) CL A,22.26
2023-04-14,GME,36467W109,37712,GAMESTOP CORP (HLDG CO) CL A,22.55
2023-04-17,GME,36467W109,4576,GAMESTOP CORP (HLDG CO) CL A,22.46
2023-04-18,GME,36467W109,17587,GAMESTOP CORP (HLDG CO) CL A,22.28
2023-04-19,GME,36467W109,17345,GAMESTOP CORP (HLDG CO) CL A,21.61
2023-04-21,GME,36467W109,149212,GAMESTOP CORP (HLDG CO) CL A,20.22
2023-04-24,GME,36467W109,111485,GAMESTOP CORP (HLDG CO) CL A,20.49
2023-04-25,GME,36467W109,49156,GAMESTOP CORP (HLDG CO) CL A,19.93
2023-04-26,GME,36467W109,26693,GAMESTOP CORP (HLDG CO) CL A,19.00
2023-04-27,GME,36467W109,5,GAMESTOP CORP (HLDG CO) CL A,18.65
2023-04-28,GME,36467W109,40,GAMESTOP CORP (HLDG CO) CL A,18.94
2023-05-01,GME,36467W109,5257,GAMESTOP CORP (HLDG CO) CL A,19.29
2023-05-02,GME,36467W109,17122,GAMESTOP CORP (HLDG CO) CL A,18.55
2023-05-03,GME,36467W109,2646,GAMESTOP CORP (HLDG CO) CL A,18.58
2023-05-04,GME,36467W109,64280,GAMESTOP CORP (HLDG CO) CL A,18.90
2023-05-05,GME,36467W109,17071,GAMESTOP CORP (HLDG CO) CL A,19.35
2023-05-08,GME,36467W109,30434,GAMESTOP CORP (HLDG CO) CL A,20.42
2023-05-09,GME,36467W109,75872,GAMESTOP CORP (HLDG CO) CL A,20.51
2023-05-10,GME,36467W109,132481,GAMESTOP CORP (HLDG CO) CL A,20.24
2023-05-11,GME,36467W109,38843,GAMESTOP CORP (HLDG CO) CL A,20.76
2023-05-12,GME,36467W109,17127,GAMESTOP CORP (HLDG CO) CL A,20.88
2023-05-15,GME,36467W109,28621,GAMESTOP CORP (HLDG CO) CL A,20.69
2023-05-16,GME,36467W109,88291,GAMESTOP CORP (HLDG CO) CL A,21.62
2023-05-17,GME,36467W109,5263,GAMESTOP CORP (HLDG CO) CL A,21.99
2023-05-18,GME,36467W109,35760,GAMESTOP CORP (HLDG CO) CL A,22.87
2023-05-19,GME,36467W109,22247,GAMESTOP CORP (HLDG CO) CL A,23.05
2023-05-22,GME,36467W109,11366,GAMESTOP CORP (HLDG CO) CL A,22.06
2023-05-23,GME,36467W109,16528,GAMESTOP CORP (HLDG CO) CL A,24.21
2023-05-24,GME,36467W109,67596,GAMESTOP CORP (HLDG CO) CL A,23.16
2023-05-25,GME,36467W109,11050,GAMESTOP CORP (HLDG CO) CL A,23.27
2023-05-26,GME,36467W109,175,GAMESTOP CORP (HLDG CO) CL A,23.35
2023-05-31,GME,36467W109,23933,GAMESTOP CORP (HLDG CO) CL A,24.57
2023-06-01,GME,36467W109,53080,GAMESTOP CORP (HLDG CO) CL A,24.05
2023-06-05,GME,36467W109,11,GAMESTOP CORP (HLDG CO) CL A,24.64
2023-06-06,GME,36467W109,57640,GAMESTOP CORP (HLDG CO) CL A,24.31
2023-06-07,GME,36467W109,731,GAMESTOP CORP (HLDG CO) CL A,24.69
2023-06-08,GME,36467W109,76320,GAMESTOP CORP (HLDG CO) CL A,26.11
2023-06-09,GME,36467W109,338582,GAMESTOP CORP (HLDG CO) CL A,21.44
2023-06-12,GME,36467W109,121618,GAMESTOP CORP (HLDG CO) CL A,22.68
2023-06-13,GME,36467W109,14245,GAMESTOP CORP (HLDG CO) CL A,24.30
2023-06-14,GME,36467W109,121198,GAMESTOP CORP (HLDG CO) CL A,26.95
2023-06-15,GME,36467W109,152963,GAMESTOP CORP (HLDG CO) CL A,25.70
2023-06-16,GME,36467W109,6200,GAMESTOP CORP (HLDG CO) CL A,24.84
2023-06-20,GME,36467W109,37343,GAMESTOP CORP (HLDG CO) CL A,24.56
2023-06-21,GME,36467W109,322377,GAMESTOP CORP (HLDG CO) CL A,24.58
2023-06-22,GME,36467W109,37704,GAMESTOP CORP (HLDG CO) CL A,24.43
2023-06-23,GME,36467W109,52706,GAMESTOP CORP (HLDG CO) CL A,24.32
2023-06-26,GME,36467W109,7134,GAMESTOP CORP (HLDG CO) CL A,23.70
2023-06-27,GME,36467W109,15489,GAMESTOP CORP (HLDG CO) CL A,23.02
2023-06-28,GME,36467W109,1040,GAMESTOP CORP (HLDG CO) CL A,23.58
2023-06-30,GME,36467W109,68260,GAMESTOP CORP (HLDG CO) CL A,24.90
2023-07-03,GME,36467W109,55386,GAMESTOP CORP (HLDG CO) CL A,24.25
2023-07-05,GME,36467W109,7534,GAMESTOP CORP (HLDG CO) CL A,24.91
2023-07-06,GME,36467W109,773,GAMESTOP CORP (HLDG CO) CL A,23.90
2023-07-07,GME,36467W109,11717,GAMESTOP CORP (HLDG CO) CL A,22.83
2023-07-10,GME,36467W109,5643,GAMESTOP CORP (HLDG CO) CL A,22.71
2023-07-11,GME,36467W109,147,GAMESTOP CORP (HLDG CO) CL A,23.54
2023-07-12,GME,36467W109,14084,GAMESTOP CORP (HLDG CO) CL A,23.91
2023-07-13,GME,36467W109,20882,GAMESTOP CORP (HLDG CO) CL A,23.44
2023-07-14,GME,36467W109,8274,GAMESTOP CORP (HLDG CO) CL A,23.46
2023-07-17,GME,36467W109,1491,GAMESTOP CORP (HLDG CO) CL A,22.97
2023-07-18,GME,36467W109,12233,GAMESTOP CORP (HLDG CO) CL A,22.82
2023-07-19,GME,36467W109,63324,GAMESTOP CORP (HLDG CO) CL A,23.08
2023-07-20,GME,36467W109,31830,GAMESTOP CORP (HLDG CO) CL A,23.17
2023-07-21,GME,36467W109,1851,GAMESTOP CORP (HLDG CO) CL A,22.91
2023-07-24,GME,36467W109,7654,GAMESTOP CORP (HLDG CO) CL A,22.18
2023-07-25,GME,36467W109,1859,GAMESTOP CORP (HLDG CO) CL A,23.04
2023-07-26,GME,36467W109,702,GAMESTOP CORP (HLDG CO) CL A,22.85
2023-07-27,GME,36467W109,23003,GAMESTOP CORP (HLDG CO) CL A,22.70
2023-07-28,GME,36467W109,4677,GAMESTOP CORP (HLDG CO) CL A,22.22
2023-07-31,GME,36467W109,2796,GAMESTOP CORP (HLDG CO) CL A,21.93
2023-08-01,GME,36467W109,151,GAMESTOP CORP (HLDG CO) CL A,22.20
2023-08-02,GME,36467W109,4484,GAMESTOP CORP (HLDG CO) CL A,21.50
2023-08-03,GME,36467W109,2085,GAMESTOP CORP (HLDG CO) CL A,20.83
2023-08-04,GME,36467W109,3717,GAMESTOP CORP (HLDG CO) CL A,20.93
2023-08-07,GME,36467W109,8580,GAMESTOP CORP (HLDG CO) CL A,20.98
2023-08-08,GME,36467W109,7401,GAMESTOP CORP (HLDG CO) CL A,21.07
2023-08-09,GME,36467W109,6662,GAMESTOP CORP (HLDG CO) CL A,20.74
2023-08-10,GME,36467W109,778,GAMESTOP CORP (HLDG CO) CL A,19.93
2023-08-11,GME,36467W109,7373,GAMESTOP CORP (HLDG CO) CL A,20.19
2023-08-14,GME,36467W109,2753,GAMESTOP CORP (HLDG CO) CL A,20.19
2023-08-15,GME,36467W109,204,GAMESTOP CORP (HLDG CO) CL A,19.96
2023-08-16,GME,36467W109,353482,GAMESTOP CORP (HLDG CO) CL A,19.33
2023-08-17,GME,36467W109,490,GAMESTOP CORP (HLDG CO) CL A,18.59
2023-08-21,GME,36467W109,140815,GAMESTOP CORP (HLDG CO) CL A,18.36
2023-08-22,GME,36467W109,82901,GAMESTOP CORP (HLDG CO) CL A,18.48
2023-08-23,GME,36467W109,11072,GAMESTOP CORP (HLDG CO) CL A,17.26
2023-08-24,GME,36467W109,3650,GAMESTOP CORP (HLDG CO) CL A,16.89
2023-08-25,GME,36467W109,5283,GAMESTOP CORP (HLDG CO) CL A,16.36
2023-08-28,GME,36467W109,7226,GAMESTOP CORP (HLDG CO) CL A,17.13
2023-08-29,GME,36467W109,31,GAMESTOP CORP (HLDG CO) CL A,17.57
2023-08-30,GME,36467W109,450,GAMESTOP CORP (HLDG CO) CL A,18.24
2023-09-01,GME,36467W109,40,GAMESTOP CORP (HLDG CO) CL A,18.55
2023-09-05,GME,36467W109,4090,GAMESTOP CORP (HLDG CO) CL A,18.42
2023-09-07,GME,36467W109,28782,GAMESTOP CORP (HLDG CO) CL A,18.75
2023-09-08,GME,36467W109,30623,GAMESTOP CORP (HLDG CO) CL A,18.89
2023-09-11,GME,36467W109,27126,GAMESTOP CORP (HLDG CO) CL A,17.71
2023-09-12,GME,36467W109,26444,GAMESTOP CORP (HLDG CO) CL A,17.02
2023-09-13,GME,36467W109,17134,GAMESTOP CORP (HLDG CO) CL A,17.23
2023-09-14,GME,36467W109,2942,GAMESTOP CORP (HLDG CO) CL A,17.81
2023-09-15,GME,36467W109,23687,GAMESTOP CORP (HLDG CO) CL A,18.33
2023-09-18,GME,36467W109,35645,GAMESTOP CORP (HLDG CO) CL A,18.22
2023-09-19,GME,36467W109,520767,GAMESTOP CORP (HLDG CO) CL A,17.55
2023-09-20,GME,36467W109,4914,GAMESTOP CORP (HLDG CO) CL A,17.52
2023-09-22,GME,36467W109,5160,GAMESTOP CORP (HLDG CO) CL A,17.02
2023-09-25,GME,36467W109,243,GAMESTOP CORP (HLDG CO) CL A,17.18
2023-09-26,GME,36467W109,5744,GAMESTOP CORP (HLDG CO) CL A,17.67
2023-09-27,GME,36467W109,20928,GAMESTOP CORP (HLDG CO) CL A,16.78
2023-09-28,GME,36467W109,10484,GAMESTOP CORP (HLDG CO) CL A,17.15
2023-09-29,GME,36467W109,1895,GAMESTOP CORP (HLDG CO) CL A,16.84
2023-10-03,GME,36467W109,1671,GAMESTOP CORP (HLDG CO) CL A,15.39
2023-10-04,GME,36467W109,5782,GAMESTOP CORP (HLDG CO) CL A,14.60
2023-10-10,GME,36467W109,29950,GAMESTOP CORP (HLDG CO) CL A,15.40
2023-10-11,GME,36467W109,22197,GAMESTOP CORP (HLDG CO) CL A,16.00
2023-10-12,GME,36467W109,14792,GAMESTOP CORP (HLDG CO) CL A,15.82
2023-10-16,GME,36467W109,2474,GAMESTOP CORP (HLDG CO) CL A,14.92
2023-10-17,GME,36467W109,591,GAMESTOP CORP (HLDG CO) CL A,14.43
2023-10-20,GME,36467W109,8,GAMESTOP CORP (HLDG CO) CL A,13.16
2023-10-23,GME,36467W109,14051,GAMESTOP CORP (HLDG CO) CL A,13.44
2023-10-25,GME,36467W109,6076,GAMESTOP CORP (HLDG CO) CL A,14.04
2023-10-26,GME,36467W109,8389,GAMESTOP CORP (HLDG CO) CL A,13.71
2023-10-27,GME,36467W109,1046,GAMESTOP CORP (HLDG CO) CL A,13.50
2023-10-30,GME,36467W109,45814,GAMESTOP CORP (HLDG CO) CL A,13.12
2023-10-31,GME,36467W109,69021,GAMESTOP CORP (HLDG CO) CL A,12.80
2023-11-02,GME,36467W109,20290,GAMESTOP CORP (HLDG CO) CL A,13.01
2023-11-06,GME,36467W109,8189,GAMESTOP CORP (HLDG CO) CL A,13.87
2023-11-07,GME,36467W109,9279,GAMESTOP CORP (HLDG CO) CL A,13.53
2023-11-08,GME,36467W109,941,GAMESTOP CORP (HLDG CO) CL A,13.64
2023-11-09,GME,36467W109,1407,GAMESTOP CORP (HLDG CO) CL A,13.28
2023-11-10,GME,36467W109,3031,GAMESTOP CORP (HLDG CO) CL A,12.70
2023-11-13,GME,36467W109,15308,GAMESTOP CORP (HLDG CO) CL A,12.54
2023-11-14,GME,36467W109,8018,GAMESTOP CORP (HLDG CO) CL A,12.14
2023-11-15,GME,36467W109,2555,GAMESTOP CORP (HLDG CO) CL A,12.90
2023-11-16,GME,36467W109,16803,GAMESTOP CORP (HLDG CO) CL A,13.27
2023-11-17,GME,36467W109,190213,GAMESTOP CORP (HLDG CO) CL A,12.53
2023-11-20,GME,36467W109,8,GAMESTOP CORP (HLDG CO) CL A,13.03
2023-11-21,GME,36467W109,7551,GAMESTOP CORP (HLDG CO) CL A,12.80
2023-11-22,GME,36467W109,4147,GAMESTOP CORP (HLDG CO) CL A,12.55
2023-11-24,GME,36467W109,16113,GAMESTOP CORP (HLDG CO) CL A,12.29
2023-11-28,GME,36467W109,5240,GAMESTOP CORP (HLDG CO) CL A,11.91
2023-11-29,GME,36467W109,3280,GAMESTOP CORP (HLDG CO) CL A,13.49
2023-11-30,GME,36467W109,263152,GAMESTOP CORP (HLDG CO) CL A,16.25
2023-12-01,GME,36467W109,5316,GAMESTOP CORP (HLDG CO) CL A,14.55
2023-12-04,GME,36467W109,174645,GAMESTOP CORP (HLDG CO) CL A,15.30
2023-12-05,GME,36467W109,112656,GAMESTOP CORP (HLDG CO) CL A,16.98
2023-12-06,GME,36467W109,187960,GAMESTOP CORP (HLDG CO) CL A,14.91
2023-12-07,GME,36467W109,434914,GAMESTOP CORP (HLDG CO) CL A,14.84
2023-12-08,GME,36467W109,244264,GAMESTOP CORP (HLDG CO) CL A,16.36
2023-12-11,GME,36467W109,38034,GAMESTOP CORP (HLDG CO) CL A,15.55
2023-12-12,GME,36467W109,7723,GAMESTOP CORP (HLDG CO) CL A,15.07
2023-12-13,GME,36467W109,4642,GAMESTOP CORP (HLDG CO) CL A,15.22
2023-12-14,GME,36467W109,56615,GAMESTOP CORP (HLDG CO) CL A,16.69
2023-12-15,GME,36467W109,15764,GAMESTOP CORP (HLDG CO) CL A,17.44
2023-12-18,GME,36467W109,84932,GAMESTOP CORP (HLDG CO) CL A,17.26
2023-12-19,GME,36467W109,279952,GAMESTOP CORP (HLDG CO) CL A,17.86
2023-12-20,GME,36467W109,92685,GAMESTOP CORP (HLDG CO) CL A,17.72
2023-12-21,GME,36467W109,106255,GAMESTOP CORP (HLDG CO) CL A,16.93
2023-12-22,GME,36467W109,99921,GAMESTOP CORP (HLDG CO) CL A,16.98
2023-12-26,GME,36467W109,81168,GAMESTOP CORP (HLDG CO) CL A,16.97
2023-12-27,GME,36467W109,4640,GAMESTOP CORP (HLDG CO) CL A,17.36
2023-12-28,GME,36467W109,38622,GAMESTOP CORP (HLDG CO) CL A,18.37
2023-12-29,GME,36467W109,33326,GAMESTOP CORP (HLDG CO) CL A,18.07
2024-01-02,GME,36467W109,8342,GAMESTOP CORP (HLDG CO) CL A,17.53
2024-01-03,GME,36467W109,12576,GAMESTOP CORP (HLDG CO) CL A,16.67
2024-01-04,GME,36467W109,17857,GAMESTOP CORP (HLDG CO) CL A,16.69
2024-01-05,GME,36467W109,5869,GAMESTOP CORP (HLDG CO) CL A,16.36
2024-01-08,GME,36467W109,78626,GAMESTOP CORP (HLDG CO) CL A,15.96
2024-01-09,GME,36467W109,100909,GAMESTOP CORP (HLDG CO) CL A,15.79
2024-01-10,GME,36467W109,6306,GAMESTOP CORP (HLDG CO) CL A,15.16
2024-01-11,GME,36467W109,50371,GAMESTOP CORP (HLDG CO) CL A,15.73
2024-01-12,GME,36467W109,9035,GAMESTOP CORP (HLDG CO) CL A,15.25
2024-01-16,GME,36467W109,7631,GAMESTOP CORP (HLDG CO) CL A,14.75
2024-01-17,GME,36467W109,38557,GAMESTOP CORP (HLDG CO) CL A,13.98
2024-01-18,GME,36467W109,7264,GAMESTOP CORP (HLDG CO) CL A,14.08
2024-01-19,GME,36467W109,484,GAMESTOP CORP (HLDG CO) CL A,14.29
2024-01-22,GME,36467W109,23946,GAMESTOP CORP (HLDG CO) CL A,14.51
2024-01-23,GME,36467W109,56227,GAMESTOP CORP (HLDG CO) CL A,14.90
2024-01-24,GME,36467W109,181982,GAMESTOP CORP (HLDG CO) CL A,14.18
2024-01-25,GME,36467W109,45448,GAMESTOP CORP (HLDG CO) CL A,13.95
2024-01-26,GME,36467W109,67953,GAMESTOP CORP (HLDG CO) CL A,14.52
2024-01-29,GME,36467W109,13468,GAMESTOP CORP (HLDG CO) CL A,14.49
2024-01-30,GME,36467W109,17569,GAMESTOP CORP (HLDG CO) CL A,14.78
2024-01-31,GME,36467W109,23469,GAMESTOP CORP (HLDG CO) CL A,14.55
2024-02-01,GME,36467W109,7656,GAMESTOP CORP (HLDG CO) CL A,14.23
2024-02-06,GME,36467W109,32790,GAMESTOP CORP (HLDG CO) CL A,13.46
2024-02-07,GME,36467W109,47036,GAMESTOP CORP (HLDG CO) CL A,14.10
2024-02-08,GME,36467W109,30679,GAMESTOP CORP (HLDG CO) CL A,14.07
2024-02-09,GME,36467W109,4808,GAMESTOP CORP (HLDG CO) CL A,14.35
2024-02-12,GME,36467W109,632,GAMESTOP CORP (HLDG CO) CL A,14.66
2024-02-13,GME,36467W109,1905,GAMESTOP CORP (HLDG CO) CL A,14.73
2024-02-14,GME,36467W109,14595,GAMESTOP CORP (HLDG CO) CL A,14.17
2024-02-15,GME,36467W109,1500,GAMESTOP CORP (HLDG CO) CL A,14.41
2024-02-16,GME,36467W109,27576,GAMESTOP CORP (HLDG CO) CL A,14.51
2024-02-20,GME,36467W109,34417,GAMESTOP CORP (HLDG CO) CL A,14.12
2024-02-21,GME,36467W109,8873,GAMESTOP CORP (HLDG CO) CL A,13.49
2024-02-22,GME,36467W109,199,GAMESTOP CORP (HLDG CO) CL A,13.41
2024-02-23,GME,36467W109,270,GAMESTOP CORP (HLDG CO) CL A,13.36
2024-02-26,GME,36467W109,4813,GAMESTOP CORP (HLDG CO) CL A,13.51
2024-02-27,GME,36467W109,42387,GAMESTOP CORP (HLDG CO) CL A,13.68
2024-02-29,GME,36467W109,8796,GAMESTOP CORP (HLDG CO) CL A,14.24
2024-03-01,GME,36467W109,9169,GAMESTOP CORP (HLDG CO) CL A,14.27
2024-03-05,GME,36467W109,17203,GAMESTOP CORP (HLDG CO) CL A,15.22
2024-03-06,GME,36467W109,1621,GAMESTOP CORP (HLDG CO) CL A,15.00
2024-03-07,GME,36467W109,9912,GAMESTOP CORP (HLDG CO) CL A,15.26
2024-03-08,GME,36467W109,5019,GAMESTOP CORP (HLDG CO) CL A,15.26
2024-03-11,GME,36467W109,3502,GAMESTOP CORP (HLDG CO) CL A,14.65
2024-03-13,GME,36467W109,57,GAMESTOP CORP (HLDG CO) CL A,14.72
2024-03-14,GME,36467W109,10118,GAMESTOP CORP (HLDG CO) CL A,14.87
2024-03-15,GME,36467W109,7851,GAMESTOP CORP (HLDG CO) CL A,14.63
2024-03-18,GME,36467W109,13511,GAMESTOP CORP (HLDG CO) CL A,14.24
2024-03-19,GME,36467W109,58417,GAMESTOP CORP (HLDG CO) CL A,13.91
2024-03-20,GME,36467W109,158,GAMESTOP CORP (HLDG CO) CL A,13.41
2024-03-21,GME,36467W109,7,GAMESTOP CORP (HLDG CO) CL A,13.48
2024-03-25,GME,36467W109,1385,GAMESTOP CORP (HLDG CO) CL A,13.10
2024-03-26,GME,36467W109,2736,GAMESTOP CORP (HLDG CO) CL A,15.12
2024-03-27,GME,36467W109,37681,GAMESTOP CORP (HLDG CO) CL A,15.50
2024-03-28,GME,36467W109,360290,GAMESTOP CORP (HLDG CO) CL A,13.17
2024-04-02,GME,36467W109,214199,GAMESTOP CORP (HLDG CO) CL A,11.99
2024-04-03,GME,36467W109,155,GAMESTOP CORP (HLDG CO) CL A,11.28
2024-04-04,GME,36467W109,240,GAMESTOP CORP (HLDG CO) CL A,11.38
2024-04-05,GME,36467W109,122793,GAMESTOP CORP (HLDG CO) CL A,11.53
2024-04-08,GME,36467W109,57317,GAMESTOP CORP (HLDG CO) CL A,11.25
2024-04-09,GME,36467W109,95371,GAMESTOP CORP (HLDG CO) CL A,10.83
2024-04-10,GME,36467W109,68011,GAMESTOP CORP (HLDG CO) CL A,11.01
2024-04-11,GME,36467W109,152169,GAMESTOP CORP (HLDG CO) CL A,10.85
2024-04-12,GME,36467W109,44718,GAMESTOP CORP (HLDG CO) CL A,11.29
2024-04-15,GME,36467W109,51674,GAMESTOP CORP (HLDG CO) CL A,10.77
2024-04-16,GME,36467W109,23127,GAMESTOP CORP (HLDG CO) CL A,10.06
2024-04-17,GME,36467W109,80587,GAMESTOP CORP (HLDG CO) CL A,10.37
2024-04-18,GME,36467W109,15066,GAMESTOP CORP (HLDG CO) CL A,10.30
2024-04-19,GME,36467W109,14164,GAMESTOP CORP (HLDG CO) CL A,10.31
2024-04-22,GME,36467W109,3306,GAMESTOP CORP (HLDG CO) CL A,10.42
2024-04-23,GME,36467W109,2303,GAMESTOP CORP (HLDG CO) CL A,10.01
2024-04-24,GME,36467W109,1267,GAMESTOP CORP (HLDG CO) CL A,10.16
2024-04-25,GME,36467W109,102,GAMESTOP CORP (HLDG CO) CL A,10.93
2024-04-26,GME,36467W109,866,GAMESTOP CORP (HLDG CO) CL A,11.21
2024-04-29,GME,36467W109,17862,GAMESTOP CORP (HLDG CO) CL A,11.90
2024-04-30,GME,36467W109,75357,GAMESTOP CORP (HLDG CO) CL A,11.29
2024-05-01,GME,36467W109,8167,GAMESTOP CORP (HLDG CO) CL A,11.09
2024-05-02,GME,36467W109,6793,GAMESTOP CORP (HLDG CO) CL A,10.91
2024-05-03,GME,36467W109,941,GAMESTOP CORP (HLDG CO) CL A,12.76
2024-05-06,GME,36467W109,186627,GAMESTOP CORP (HLDG CO) CL A,16.47
2024-05-07,GME,36467W109,433054,GAMESTOP CORP (HLDG CO) CL A,16.31
2024-05-08,GME,36467W109,525493,GAMESTOP CORP (HLDG CO) CL A,16.31
2024-05-09,GME,36467W109,366850,GAMESTOP CORP (HLDG CO) CL A,15.92
2024-05-10,GME,36467W109,223129,GAMESTOP CORP (HLDG CO) CL A,18.01
2024-05-13,GME,36467W109,152482,GAMESTOP CORP (HLDG CO) CL A,17.46
2024-05-14,GME,36467W109,344501,GAMESTOP CORP (HLDG CO) CL A,30.45
2024-05-15,GME,36467W109,571602,GAMESTOP CORP (HLDG CO) CL A,48.75
2024-05-16,GME,36467W109,22407,GAMESTOP CORP (HLDG CO) CL A,39.55
2024-05-17,GME,36467W109,82732,GAMESTOP CORP (HLDG CO) CL A,27.67
2024-05-20,GME,36467W109,1143,GAMESTOP CORP (HLDG CO) CL A,22.21
2024-05-21,GME,36467W109,51196,GAMESTOP CORP (HLDG CO) CL A,23.14
2024-05-22,GME,36467W109,160,GAMESTOP CORP (HLDG CO) CL A,22.12
2024-05-23,GME,36467W109,55,GAMESTOP CORP (HLDG CO) CL A,21.12
2024-05-28,GME,36467W109,211603,GAMESTOP CORP (HLDG CO) CL A,19.00
2024-05-29,GME,36467W109,7425,GAMESTOP CORP (HLDG CO) CL A,23.78
2024-05-31,GME,36467W109,9629,GAMESTOP CORP (HLDG CO) CL A,22.61
2024-06-03,GME,36467W109,135641,GAMESTOP CORP (HLDG CO) CL A,23.14
2024-06-04,GME,36467W109,35959,GAMESTOP CORP (HLDG CO) CL A,28.00
2024-06-05,GME,36467W109,92853,GAMESTOP CORP (HLDG CO) CL A,26.50
2024-06-06,GME,36467W109,276,GAMESTOP CORP (HLDG CO) CL A,31.57
2024-06-07,GME,36467W109,242827,GAMESTOP CORP (HLDG CO) CL A,46.55
2024-06-10,GME,36467W109,74712,GAMESTOP CORP (HLDG CO) CL A,28.22
2024-06-13,GME,36467W109,352476,GAMESTOP CORP (HLDG CO) CL A,25.46
2024-06-14,GME,36467W109,4142,GAMESTOP CORP (HLDG CO) CL A,29.12
2024-06-17,GME,36467W109,17531,GAMESTOP CORP (HLDG CO) CL A,28.70
2024-06-18,GME,36467W109,10638,GAMESTOP CORP (HLDG CO) CL A,25.22
2024-06-20,GME,36467W109,19581,GAMESTOP CORP (HLDG CO) CL A,24.70
2024-06-21,GME,36467W109,4035,GAMESTOP CORP (HLDG CO) CL A,25.59
2024-06-24,GME,36467W109,148333,GAMESTOP CORP (HLDG CO) CL A,23.93
2024-06-25,GME,36467W109,877,GAMESTOP CORP (HLDG CO) CL A,23.65
2024-06-26,GME,36467W109,2044,GAMESTOP CORP (HLDG CO) CL A,24.93
2024-06-27,GME,36467W109,92,GAMESTOP CORP (HLDG CO) CL A,24.20
2024-06-28,GME,36467W109,7889,GAMESTOP CORP (HLDG CO) CL A,25.09
2024-07-01,GME,36467W109,32428,GAMESTOP CORP (HLDG CO) CL A,24.69
2024-07-02,GME,36467W109,13376,GAMESTOP CORP (HLDG CO) CL A,23.33
2024-07-03,GME,36467W109,5871,GAMESTOP CORP (HLDG CO) CL A,23.98
2024-07-05,GME,36467W109,13451,GAMESTOP CORP (HLDG CO) CL A,24.37
2024-07-08,GME,36467W109,14019,GAMESTOP CORP (HLDG CO) CL A,24.18
2024-07-09,GME,36467W109,1960,GAMESTOP CORP (HLDG CO) CL A,24.45
2024-07-10,GME,36467W109,2060,GAMESTOP CORP (HLDG CO) CL A,24.60
2024-07-11,GME,36467W109,4404,GAMESTOP CORP (HLDG CO) CL A,24.97
2024-07-12,GME,36467W109,11585,GAMESTOP CORP (HLDG CO) CL A,25.57
2024-07-15,GME,36467W109,38212,GAMESTOP CORP (HLDG CO) CL A,26.05
2024-07-16,GME,36467W109,81,GAMESTOP CORP (HLDG CO) CL A,27.00
2024-07-17,GME,36467W109,250,GAMESTOP CORP (HLDG CO) CL A,28.54
2024-07-18,GME,36467W109,41402,GAMESTOP CORP (HLDG CO) CL A,27.98
2024-07-19,GME,36467W109,9166,GAMESTOP CORP (HLDG CO) CL A,25.88
2024-07-22,GME,36467W109,178191,GAMESTOP CORP (HLDG CO) CL A,24.97
2024-07-23,GME,36467W109,13394,GAMESTOP CORP (HLDG CO) CL A,25.22
2024-07-24,GME,36467W109,87,GAMESTOP CORP (HLDG CO) CL A,25.50
2024-07-26,GME,36467W109,41896,GAMESTOP CORP (HLDG CO) CL A,23.95
2024-07-29,GME,36467W109,866,GAMESTOP CORP (HLDG CO) CL A,24.13
2024-07-30,GME,36467W109,3279,GAMESTOP CORP (HLDG CO) CL A,23.60
2024-08-02,GME,36467W109,13741,GAMESTOP CORP (HLDG CO) CL A,21.71
2024-08-05,GME,36467W109,5468,GAMESTOP CORP (HLDG CO) CL A,21.07
2024-08-06,GME,36467W109,3801,GAMESTOP CORP (HLDG CO) CL A,20.65
2024-08-07,GME,36467W109,93816,GAMESTOP CORP (HLDG CO) CL A,21.28
2024-08-08,GME,36467W109,1067,GAMESTOP CORP (HLDG CO) CL A,20.83
2024-08-09,GME,36467W109,89840,GAMESTOP CORP (HLDG CO) CL A,21.75
2024-08-12,GME,36467W109,19709,GAMESTOP CORP (HLDG CO) CL A,21.93
2024-08-13,GME,36467W109,92259,GAMESTOP CORP (HLDG CO) CL A,21.88
2024-08-14,GME,36467W109,88806,GAMESTOP CORP (HLDG CO) CL A,22.27
2024-08-16,GME,36467W109,1514,GAMESTOP CORP (HLDG CO) CL A,22.53
2024-08-19,GME,36467W109,19,GAMESTOP CORP (HLDG CO) CL A,22.40
2024-08-22,GME,36467W109,4414,GAMESTOP CORP (HLDG CO) CL A,22.55
2024-08-26,GME,36467W109,88895,GAMESTOP CORP (HLDG CO) CL A,22.21
2024-08-29,GME,36467W109,757,GAMESTOP CORP (HLDG CO) CL A,19.90
2024-08-30,GME,36467W109,10508,GAMESTOP CORP (HLDG CO) CL A,21.51
2024-09-03,GME,36467W109,8247,GAMESTOP CORP (HLDG CO) CL A,23.42
2024-09-10,GME,36467W109,36718,GAMESTOP CORP (HLDG CO) CL A,24.25
2024-09-11,GME,36467W109,261236,GAMESTOP CORP (HLDG CO) CL A,23.45
2024-09-16,GME,36467W109,146339,GAMESTOP CORP (HLDG CO) CL A,20.65
2024-09-17,GME,36467W109,13770,GAMESTOP CORP (HLDG CO) CL A,20.09
2024-09-18,GME,36467W109,472,GAMESTOP CORP (HLDG CO) CL A,20.16
2024-09-19,GME,36467W109,64104,GAMESTOP CORP (HLDG CO) CL A,19.65
2024-09-25,GME,36467W109,28778,GAMESTOP CORP (HLDG CO) CL A,22.63
2024-09-26,GME,36467W109,6891,GAMESTOP CORP (HLDG CO) CL A,22.18
2024-09-27,GME,36467W109,5510,GAMESTOP CORP (HLDG CO) CL A,22.29
2024-09-30,GME,36467W109,22228,GAMESTOP CORP (HLDG CO) CL A,22.48
2024-10-01,GME,36467W109,10725,GAMESTOP CORP (HLDG CO) CL A,22.93
2024-10-03,GME,36467W109,28350,GAMESTOP CORP (HLDG CO) CL A,21.49
2024-10-04,GME,36467W109,2668,GAMESTOP CORP (HLDG CO) CL A,21.20
2024-10-07,GME,36467W109,1815,GAMESTOP CORP (HLDG CO) CL A,21.40
2024-10-10,GME,36467W109,4585,GAMESTOP CORP (HLDG CO) CL A,20.50
2024-10-11,GME,36467W109,3027,GAMESTOP CORP (HLDG CO) CL A,20.91
2024-10-15,GME,36467W109,148698,GAMESTOP CORP (HLDG CO) CL A,21.33
2024-10-16,GME,36467W109,5730,GAMESTOP CORP (HLDG CO) CL A,21.27
2024-10-17,GME,36467W109,65029,GAMESTOP CORP (HLDG CO) CL A,21.66
2024-10-18,GME,36467W109,9607,GAMESTOP CORP (HLDG CO) CL A,21.41
2024-10-21,GME,36467W109,3900,GAMESTOP CORP (HLDG CO) CL A,21.22
2024-10-24,GME,36467W109,19642,GAMESTOP CORP (HLDG CO) CL A,20.54
2024-10-25,GME,36467W109,8040,GAMESTOP CORP (HLDG CO) CL A,20.63
2024-10-28,GME,36467W109,17176,GAMESTOP CORP (HLDG CO) CL A,20.57
2024-10-29,GME,36467W109,8162,GAMESTOP CORP (HLDG CO) CL A,22.73
2024-10-30,GME,36467W109,47590,GAMESTOP CORP (HLDG CO) CL A,22.68
2024-10-31,GME,36467W109,4012,GAMESTOP CORP (HLDG CO) CL A,23.28
2024-11-01,GME,36467W109,35552,GAMESTOP CORP (HLDG CO) CL A,22.18
2024-11-04,GME,36467W109,20222,GAMESTOP CORP (HLDG CO) CL A,22.41
2024-11-05,GME,36467W109,13635,GAMESTOP CORP (HLDG CO) CL A,22.33
2024-11-06,GME,36467W109,19034,GAMESTOP CORP (HLDG CO) CL A,22.99
2024-11-08,GME,36467W109,5908,GAMESTOP CORP (HLDG CO) CL A,23.45
2024-11-12,GME,36467W109,134151,GAMESTOP CORP (HLDG CO) CL A,27.26
2024-11-14,GME,36467W109,56836,GAMESTOP CORP (HLDG CO) CL A,26.46
2024-11-18,GME,36467W109,11392,GAMESTOP CORP (HLDG CO) CL A,26.59
2024-11-19,GME,36467W109,149,GAMESTOP CORP (HLDG CO) CL A,26.44
2024-11-20,GME,36467W109,2820,GAMESTOP CORP (HLDG CO) CL A,27.57
2024-11-22,GME,36467W109,1276,GAMESTOP CORP (HLDG CO) CL A,27.82
2024-11-25,GME,36467W109,6500,GAMESTOP CORP (HLDG CO) CL A,27.90
2024-11-27,GME,36467W109,1047,GAMESTOP CORP (HLDG CO) CL A,30.33
2024-11-29,GME,36467W109,8644,GAMESTOP CORP (HLDG CO) CL A,30.89
2024-12-02,GME,36467W109,32657,GAMESTOP CORP (HLDG CO) CL A,29.05
2024-12-05,GME,36467W109,2910,GAMESTOP CORP (HLDG CO) CL A,27.03
2024-12-06,GME,36467W109,115563,GAMESTOP CORP (HLDG CO) CL A,28.63
2024-12-11,GME,36467W109,6923,GAMESTOP CORP (HLDG CO) CL A,26.93
2024-12-12,GME,36467W109,236,GAMESTOP CORP (HLDG CO) CL A,28.97
2024-12-13,GME,36467W109,2609,GAMESTOP CORP (HLDG CO) CL A,28.75
2024-12-16,GME,36467W109,228733,GAMESTOP CORP (HLDG CO) CL A,27.99
2024-12-17,GME,36467W109,8512,GAMESTOP CORP (HLDG CO) CL A,29.44
2024-12-19,GME,36467W109,14444,GAMESTOP CORP (HLDG CO) CL A,28.55
2024-12-20,GME,36467W109,332861,GAMESTOP CORP (HLDG CO) CL A,29.00
2024-12-23,GME,36467W109,142046,GAMESTOP CORP (HLDG CO) CL A,29.82
2024-12-24,GME,36467W109,25,GAMESTOP CORP (HLDG CO) CL A,30.90
2024-12-26,GME,36467W109,14408,GAMESTOP CORP (HLDG CO) CL A,31.14
2024-12-30,GME,36467W109,46380,GAMESTOP CORP (HLDG CO) CL A,32.20
2024-12-31,GME,36467W109,27400,GAMESTOP CORP (HLDG CO) CL A,32.01
2025-01-02,GME,36467W109,14772,GAMESTOP CORP (HLDG CO) CL A,31.34
2025-01-07,GME,36467W109,3916,GAMESTOP CORP (HLDG CO) CL A,32.82
2025-01-10,GME,36467W109,607,GAMESTOP CORP (HLDG CO) CL A,32.96
2025-01-16,GME,36467W109,24949,GAMESTOP CORP (HLDG CO) CL A,27.96
2025-01-17,GME,36467W109,21162,GAMESTOP CORP (HLDG CO) CL A,27.72
2025-01-21,GME,36467W109,1851,GAMESTOP CORP (HLDG CO) CL A,27.51
2025-01-23,GME,36467W109,1304,GAMESTOP CORP (HLDG CO) CL A,27.65
2025-01-24,GME,36467W109,100,GAMESTOP CORP (HLDG CO) CL A,28.33
2025-01-27,GME,36467W109,3776,GAMESTOP CORP (HLDG CO) CL A,27.77
2025-01-28,GME,36467W109,4474,GAMESTOP CORP (HLDG CO) CL A,26.97
2025-01-29,GME,36467W109,1888,GAMESTOP CORP (HLDG CO) CL A,27.46
2025-01-30,GME,36467W109,10976,GAMESTOP CORP (HLDG CO) CL A,27.51
2025-01-31,GME,36467W109,9878,GAMESTOP CORP (HLDG CO) CL A,27.99
2025-02-03,GME,36467W109,100,GAMESTOP CORP (HLDG CO) CL A,26.90
2025-02-04,GME,36467W109,100,GAMESTOP CORP (HLDG CO) CL A,25.89
2025-02-10,GME,36467W109,101,GAMESTOP CORP (HLDG CO) CL A,24.73
2025-02-12,GME,36467W109,2368,GAMESTOP CORP (HLDG CO) CL A,26.56
2025-02-14,GME,36467W109,3063,GAMESTOP CORP (HLDG CO) CL A,26.34
2025-02-18,GME,36467W109,27737,GAMESTOP CORP (HLDG CO) CL A,27.00
2025-02-19,GME,36467W109,62,GAMESTOP CORP (HLDG CO) CL A,26.97
2025-02-20,GME,36467W109,2,GAMESTOP CORP (HLDG CO) CL A,26.00
2025-02-21,GME,36467W109,785,GAMESTOP CORP (HLDG CO) CL A,27.04
2025-02-24,GME,36467W109,164743,GAMESTOP CORP (HLDG CO) CL A,26.42
2025-02-25,GME,36467W109,11568,GAMESTOP CORP (HLDG CO) CL A,25.00
2025-03-03,GME,36467W109,7097,GAMESTOP CORP (HLDG CO) CL A,25.04
2025-03-05,GME,36467W109,21075,GAMESTOP CORP (HLDG CO) CL A,24.30
2025-03-07,GME,36467W109,1613,GAMESTOP CORP (HLDG CO) CL A,24.20
2025-03-10,GME,36467W109,1300,GAMESTOP CORP (HLDG CO) CL A,24.00
2025-03-12,GME,36467W109,31344,GAMESTOP CORP (HLDG CO) CL A,22.61
2025-03-13,GME,36467W109,519,GAMESTOP CORP (HLDG CO) CL A,21.99
2025-03-17,GME,36467W109,31479,GAMESTOP CORP (HLDG CO) CL A,23.05
2025-03-24,GME,36467W109,9007,GAMESTOP CORP (HLDG CO) CL A,24.75
2025-03-26,GME,36467W109,500,GAMESTOP CORP (HLDG CO) CL A,25.40
2025-03-28,GME,36467W109,284280,GAMESTOP CORP (HLDG CO) CL A,22.09
2025-03-31,GME,36467W109,272352,GAMESTOP CORP (HLDG CO) CL A,21.73
2025-04-01,GME,36467W109,237511,GAMESTOP CORP (HLDG CO) CL A,22.32
2025-04-02,GME,36467W109,15591,GAMESTOP CORP (HLDG CO) CL A,22.61
2025-04-03,GME,36467W109,26817,GAMESTOP CORP (HLDG CO) CL A,22.69
2025-04-07,GME,36467W109,19114,GAMESTOP CORP (HLDG CO) CL A,23.49
2025-04-08,GME,36467W109,1396,GAMESTOP CORP (HLDG CO) CL A,24.29
2025-04-09,GME,36467W109,97613,GAMESTOP CORP (HLDG CO) CL A,23.39
2025-04-10,GME,36467W109,68040,GAMESTOP CORP (HLDG CO) CL A,25.40
2025-04-14,GME,36467W109,17010,GAMESTOP CORP (HLDG CO) CL A,26.40
2025-04-15,GME,36467W109,1065,GAMESTOP CORP (HLDG CO) CL A,26.98
2025-04-16,GME,36467W109,804,GAMESTOP CORP (HLDG CO) CL A,26.70
2025-04-21,GME,36467W109,54422,GAMESTOP CORP (HLDG CO) CL A,26.78
2025-04-22,GME,36467W109,8851,GAMESTOP CORP (HLDG CO) CL A,26.77
2025-04-23,GME,36467W109,10189,GAMESTOP CORP (HLDG CO) CL A,27.80
2025-04-24,GME,36467W109,467,GAMESTOP CORP (HLDG CO) CL A,27.12
2025-04-25,GME,36467W109,10530,GAMESTOP CORP (HLDG CO) CL A,27.08
2025-04-28,GME,36467W109,22147,GAMESTOP CORP (HLDG CO) CL A,27.46
2025-04-30,GME,36467W109,38954,GAMESTOP CORP (HLDG CO) CL A,27.26
2025-05-01,GME,36467W109,11900,GAMESTOP CORP (HLDG CO) CL A,27.86
2025-05-05,GME,36467W109,15279,GAMESTOP CORP (HLDG CO) CL A,27.48
2025-05-12,GME,36467W109,40695,GAMESTOP CORP (HLDG CO) CL A,27.54
2025-05-13,GME,36467W109,1565,GAMESTOP CORP (HLDG CO) CL A,28.05
2025-05-14,GME,36467W109,2091,GAMESTOP CORP (HLDG CO) CL A,28.39
2025-05-15,GME,36467W109,315154,GAMESTOP CORP (HLDG CO) CL A,28.73
2025-05-16,GME,36467W109,192209,GAMESTOP CORP (HLDG CO) CL A,28.63
2025-05-19,GME,36467W109,63190,GAMESTOP CORP (HLDG CO) CL A,28.45
2025-05-20,GME,36467W109,1366,GAMESTOP CORP (HLDG CO) CL A,27.89
2025-05-21,GME,36467W109,46938,GAMESTOP CORP (HLDG CO) CL A,28.51
2025-05-22,GME,36467W109,164135,GAMESTOP CORP (HLDG CO) CL A,28.05
2025-05-27,GME,36467W109,54539,GAMESTOP CORP (HLDG CO) CL A,33.03
2025-05-28,GME,36467W109,28,GAMESTOP CORP (HLDG CO) CL A,35.01
2025-05-29,GME,36467W109,18232,GAMESTOP CORP (HLDG CO) CL A,31.21
2025-05-30,GME,36467W109,416255,GAMESTOP CORP (HLDG CO) CL A,29.57
2025-06-02,GME,36467W109,1470,GAMESTOP CORP (HLDG CO) CL A,29.80
2025-06-03,GME,36467W109,18781,GAMESTOP CORP (HLDG CO) CL A,30.64
2025-06-05,GME,36467W109,14692,GAMESTOP CORP (HLDG CO) CL A,29.95
2025-06-09,GME,36467W109,4756,GAMESTOP CORP (HLDG CO) CL A,29.58
2025-06-12,GME,36467W109,86,GAMESTOP CORP (HLDG CO) CL A,28.55
2025-06-13,GME,36467W109,1531842,GAMESTOP CORP (HLDG CO) CL A,22.14
2025-06-16,GME,36467W109,6170,GAMESTOP CORP (HLDG CO) CL A,22.14
2025-06-17,GME,36467W109,7,GAMESTOP CORP (HLDG CO) CL A,23.32
2025-06-18,GME,36467W109,228578,GAMESTOP CORP (HLDG CO) CL A,22.99
2025-06-20,GME,36467W109,459146,GAMESTOP CORP (HLDG CO) CL A,23.44
2025-06-23,GME,36467W109,16612,GAMESTOP CORP (HLDG CO) CL A,23.46
2025-06-24,GME,36467W109,349,GAMESTOP CORP (HLDG CO) CL A,22.82
2025-06-26,GME,36467W109,100,GAMESTOP CORP (HLDG CO) CL A,23.55
2025-06-27,GME,36467W109,235751,GAMESTOP CORP (HLDG CO) CL A,23.88
2025-06-30,GME,36467W109,58,GAMESTOP CORP (HLDG CO) CL A,23.59
2025-07-01,GME,36467W109,4278,GAMESTOP CORP (HLDG CO) CL A,24.39
2025-07-02,GME,36467W109,11463,GAMESTOP CORP (HLDG CO) CL A,23.68
2025-07-08,GME,36467W109,115535,GAMESTOP CORP (HLDG CO) CL A,22.62
2025-07-09,GME,36467W109,70482,GAMESTOP CORP (HLDG CO) CL A,22.75
2025-07-10,GME,36467W109,55193,GAMESTOP CORP (HLDG CO) CL A,23.19
2025-07-11,GME,36467W109,2699,GAMESTOP CORP (HLDG CO) CL A,23.10
2025-07-14,GME,36467W109,3530,GAMESTOP CORP (HLDG CO) CL A,23.33
2025-07-17,GME,36467W109,1700,GAMESTOP CORP (HLDG CO) CL A,23.68
2025-07-18,GME,36467W109,169918,GAMESTOP CORP (HLDG CO) CL A,23.40
2025-07-21,GME,36467W109,44012,GAMESTOP CORP (HLDG CO) CL A,23.28
2025-07-22,GME,36467W109,345756,GAMESTOP CORP (HLDG CO) CL A,24.20
2025-07-25,GME,36467W109,12677,GAMESTOP CORP (HLDG CO) CL A,23.53
2025-07-28,GME,36467W109,282225,GAMESTOP CORP (HLDG CO) CL A,23.33
2025-07-29,GME,36467W109,91269,GAMESTOP CORP (HLDG CO) CL A,22.98
2025-07-30,GME,36467W109,10081,GAMESTOP CORP (HLDG CO) CL A,22.55
2025-08-01,GME,36467W109,58316,GAMESTOP CORP (HLDG CO) CL A,22.45
2025-08-04,GME,36467W109,71454,GAMESTOP CORP (HLDG CO) CL A,22.10
2025-08-06,GME,36467W109,399,GAMESTOP CORP (HLDG CO) CL A,22.81
2025-08-07,GME,36467W109,27765,GAMESTOP CORP (HLDG CO) CL A,22.81
2025-08-12,GME,36467W109,1926,GAMESTOP CORP (HLDG CO) CL A,22.41
2025-08-15,GME,36467W109,138,GAMESTOP CORP (HLDG CO) CL A,22.89
2025-08-18,GME,36467W109,16911,GAMESTOP CORP (HLDG CO) CL A,22.94
2025-08-19,GME,36467W109,2991,GAMESTOP CORP (HLDG CO) CL A,23.11
2025-08-21,GME,36467W109,9,GAMESTOP CORP (HLDG CO) CL A,22.63
2025-08-25,GME,36467W109,1200,GAMESTOP CORP (HLDG CO) CL A,22.89
2025-08-27,GME,36467W109,120300,GAMESTOP CORP (HLDG CO) CL A,22.30
2025-09-02,GME,36467W109,35,GAMESTOP CORP (HLDG CO) CL A,22.41
2025-09-05,GME,36467W109,28221,GAMESTOP CORP (HLDG CO) CL A,22.37
2025-09-09,GME,36467W109,34192,GAMESTOP CORP (HLDG CO) CL A,23.22
2025-09-10,GME,36467W109,345808,GAMESTOP CORP (HLDG CO) CL A,23.59
2025-09-11,GME,36467W109,601069,GAMESTOP CORP (HLDG CO) CL A,24.37
2025-09-12,GME,36467W109,417350,GAMESTOP CORP (HLDG CO) CL A,24.85
2025-09-15,GME,36467W109,130008,GAMESTOP CORP (HLDG CO) CL A,24.93
2025-09-16,GME,36467W109,31805,GAMESTOP CORP (HLDG CO) CL A,25.53
2025-09-17,GME,36467W109,6749,GAMESTOP CORP (HLDG CO) CL A,26.34
2025-09-18,GME,36467W109,775,GAMESTOP CORP (HLDG CO) CL A,26.10
2025-09-19,GME,36467W109,172411,GAMESTOP CORP (HLDG CO) CL A,25.88
2025-09-22,GME,36467W109,152165,GAMESTOP CORP (HLDG CO) CL A,26.08
2025-09-23,GME,36467W109,3201,GAMESTOP CORP (HLDG CO) CL A,26.78
2025-09-24,GME,36467W109,469996,GAMESTOP CORP (HLDG CO) CL A,26.80
2025-09-25,GME,36467W109,5245,GAMESTOP CORP (HLDG CO) CL A,26.25
2025-09-26,GME,36467W109,2883,GAMESTOP CORP (HLDG CO) CL A,25.27
2025-09-29,GME,36467W109,17933,GAMESTOP CORP (HLDG CO) CL A,26.42
2025-09-30,GME,36467W109,15862,GAMESTOP CORP (HLDG CO) CL A,27.21
2025-10-01,GME,36467W109,6695,GAMESTOP CORP (HLDG CO) CL A,27.28
2025-10-02,GME,36467W109,176,GAMESTOP CORP (HLDG CO) CL A,27.69
2025-10-06,GME,36467W109,493858,GAMESTOP CORP (HLDG CO) CL A,25.38
2025-10-07,GME,36467W109,154379,GAMESTOP CORP (HLDG CO) CL A,25.05
2025-10-08,GME,36467W109,316,GAMESTOP CORP (HLDG CO) CL A,24.35
2025-10-10,GME,36467W109,916384,GAMESTOP CORP (HLDG CO) CL A,24.07
2025-10-14,GME,36467W109,82700,GAMESTOP CORP (HLDG CO) CL A,23.59
2025-10-16,GME,36467W109,92563,GAMESTOP CORP (HLDG CO) CL A,23.38
2025-10-17,GME,36467W109,2500,GAMESTOP CORP (HLDG CO) CL A,22.95
2025-10-20,GME,36467W109,29206,GAMESTOP CORP (HLDG CO) CL A,23.07
2025-10-21,GME,36467W109,5582,GAMESTOP CORP (HLDG CO) CL A,23.37
2025-10-22,GME,36467W109,8001,GAMESTOP CORP (HLDG CO) CL A,22.80
2025-10-23,GME,36467W109,189584,GAMESTOP CORP (HLDG CO) CL A,22.49
2025-10-24,GME,36467W109,5977,GAMESTOP CORP (HLDG CO) CL A,23.63
2025-10-27,GME,36467W109,197629,GAMESTOP CORP (HLDG CO) CL A,23.30
2025-10-28,GME,36467W109,281611,GAMESTOP CORP (HLDG CO) CL A,23.53
2025-10-29,GME,36467W109,21368,GAMESTOP CORP (HLDG CO) CL A,23.30
2025-10-30,GME,36467W109,5370,GAMESTOP CORP (HLDG CO) CL A,23.38
2025-10-31,GME,36467W109,22800,GAMESTOP CORP (HLDG CO) CL A,22.58
2025-11-04,GME,36467W109,59131,GAMESTOP CORP (HLDG CO) CL A,22.11
2025-11-05,GME,36467W109,119970,GAMESTOP CORP (HLDG CO) CL A,21.98
2025-11-10,GME,36467W109,1206,GAMESTOP CORP (HLDG CO) CL A,21.50
2025-11-12,GME,36467W109,11686,GAMESTOP CORP (HLDG CO) CL A,21.45
2025-11-13,GME,36467W109,841,GAMESTOP CORP (HLDG CO) CL A,21.36
2025-11-14,GME,36467W109,109446,GAMESTOP CORP (HLDG CO) CL A,20.96
2025-11-17,GME,36467W109,315063,GAMESTOP CORP (HLDG CO) CL A,20.66
2025-11-18,GME,36467W109,166419,GAMESTOP CORP (HLDG CO) CL A,20.50
2025-11-19,GME,36467W109,205183,GAMESTOP CORP (HLDG CO) CL A,20.50
2025-11-21,GME,36467W109,164126,GAMESTOP CORP (HLDG CO) CL A,19.94
2025-11-24,GME,36467W109,300,GAMESTOP CORP (HLDG CO) CL A,20.14
2025-11-25,GME,36467W109,65757,GAMESTOP CORP (HLDG CO) CL A,20.49
2025-11-26,GME,36467W109,2433,GAMESTOP CORP (HLDG CO) CL A,21.06
2025-11-28,GME,36467W109,115904,GAMESTOP CORP (HLDG CO) CL A,21.63
2025-12-01,GME,36467W109,25161,GAMESTOP CORP (HLDG CO) CL A,22.53
2025-12-02,GME,36467W109,10638,GAMESTOP CORP (HLDG CO) CL A,22.79
2025-12-03,GME,36467W109,8526,GAMESTOP CORP (HLDG CO) CL A,22.81
2025-12-04,GME,36467W109,2068490,GAMESTOP CORP (HLDG CO) CL A,23.21
2025-12-09,GME,36467W109,11,GAMESTOP CORP (HLDG CO) CL A,23.35
2025-12-11,GME,36467W109,856,GAMESTOP CORP (HLDG CO) CL A,22.12
2025-12-12,GME,36467W109,303215,GAMESTOP CORP (HLDG CO) CL A,21.86
2025-12-15,GME,36467W109,67222,GAMESTOP CORP (HLDG CO) CL A,21.23
2025-12-17,GME,36467W109,4068,GAMESTOP CORP (HLDG CO) CL A,22.28
2025-12-19,GME,36467W109,16072,GAMESTOP CORP (HLDG CO) CL A,22.56
2025-12-22,GME,36467W109,13081,GAMESTOP CORP (HLDG CO) CL A,22.51
2025-12-24,GME,36467W109,3540,GAMESTOP CORP (HLDG CO) CL A,21.38
2025-12-26,GME,36467W109,2805,GAMESTOP CORP (HLDG CO) CL A,21.53
2025-12-29,GME,36467W109,36039,GAMESTOP CORP (HLDG CO) CL A,21.09
2025-12-30,GME,36467W109,49,GAMESTOP CORP (HLDG CO) CL A,20.53
2025-12-31,GME,36467W109,88579,GAMESTOP CORP (HLDG CO) CL A,20.50
2026-01-02,GME,36467W109,11702,GAMESTOP CORP (HLDG CO) CL A,20.08
2026-01-06,GME,36467W109,19285,GAMESTOP CORP (HLDG CO) CL A,20.72
2026-01-07,GME,36467W109,2059,GAMESTOP CORP (HLDG CO) CL A,20.66
2026-01-08,GME,36467W109,14014,GAMESTOP CORP (HLDG CO) CL A,21.29
2026-01-13,GME,36467W109,1346,GAMESTOP CORP (HLDG CO) CL A,20.98
2026-01-14,GME,36467W109,2304,GAMESTOP CORP (HLDG CO) CL A,21.02
2026-01-15,GME,36467W109,46100,GAMESTOP CORP (HLDG CO) CL A,21.02
2026-01-16,GME,36467W109,41152,GAMESTOP CORP (HLDG CO) CL A,21.36
2026-01-20,GME,36467W109,32697,GAMESTOP CORP (HLDG CO) CL A,21.10
2026-01-21,GME,36467W109,240041,GAMESTOP CORP (HLDG CO) CL A,21.10
2026-01-22,GME,36467W109,136824,GAMESTOP CORP (HLDG CO) CL A,21.69
2026-01-23,GME,36467W109,22855,GAMESTOP CORP (HLDG CO) CL A,23.14
2026-01-26,GME,36467W109,135086,GAMESTOP CORP (HLDG CO) CL A,22.99
2026-01-27,GME,36467W109,67331,GAMESTOP CORP (HLDG CO) CL A,24.01
2026-01-28,GME,36467W109,98179,GAMESTOP CORP (HLDG CO) CL A,24.21
2026-01-29,GME,36467W109,83393,GAMESTOP CORP (HLDG CO) CL A,23.64
2026-01-30,GME,36467W109,48523,GAMESTOP CORP (HLDG CO) CL A,22.81
