filing_date,transaction_date,owner_name,owner_cik,owner_title,is_director,is_officer,is_ten_pct_owner,transaction_code,shares,price_per_share,shares_owned_after,direct_or_indirect
2005-10-11,2005-10-11,VOLKWEIN EDWARD A,0001174707,,True,False,False,H,0,0.0,44000,D
2005-10-11,2005-10-11,SZCZEPANSKI GERALD R,0001178515,,True,False,False,H,0,0.0,80000,D
2005-10-11,2005-10-11,SHERN STEPHANIE M,0001174708,,True,False,False,H,0,0.0,44000,D
2005-10-11,2005-10-11,ROSEN MICHAEL N,0001038865,Secretary,True,True,False,H,0,0.0,40000,D
2005-10-11,2005-10-11,RIGGIO LEONARD,0000927587,,True,False,True,H,0,0.0,40000,D
2005-10-11,2005-10-11,KIM JAMES J,0001158839,,True,False,True,H,0,0.0,36463492,I
2005-10-11,2005-10-11,KIM JAMES J,0001158839,,True,False,True,H,0,0.0,188,D
2005-10-11,2005-10-11,FONTAINE R RICHARD,0001136733,Chairman and CEO,True,True,False,H,0,0.0,400,D
2005-10-17,2005-10-17,KIM SUSAN Y,0001158922,,False,False,True,H,0,0.0,40,D
2005-10-17,2005-10-17,KIM SUSAN Y,0001158922,,False,False,True,H,0,0.0,40,D
2005-10-17,2005-10-17,KIM SUSAN Y,0001158922,,False,False,True,H,0,0.0,40,D
2005-10-17,2005-10-17,KIM SUSAN Y,0001158922,,False,False,True,H,0,0.0,40,I
2005-10-17,2005-10-17,KIM SUSAN Y,0001158922,,False,False,True,H,0,0.0,40,I
2005-10-17,2005-10-17,KIM SUSAN Y,0001158922,,False,False,True,H,0,0.0,40,I
2005-10-17,2005-10-17,KIM SUSAN Y,0001158922,,False,False,True,H,0,0.0,188,D
2005-10-17,2005-10-17,KIM SUSAN Y,0001158922,,False,False,True,H,0,0.0,36463492,D
2005-10-17,2005-10-17,KIM SUSAN Y,0001158922,,False,False,True,H,0,0.0,36463492,D
2005-10-19,2005-10-19,Davis Jerome L,0001294199,,True,False,False,H,0,0.0,800,D
2006-02-14,2006-01-03,RIGGIO LEONARD,0000927587,,True,False,False,G,-9900,0.0,19608908,D
2006-01-11,2006-01-09,DEMATTEO DANIEL A,0001166817,Vice Chairman and COO,True,True,False,S,-14400,9.425,0,D
2006-01-11,2006-01-09,DEMATTEO DANIEL A,0001166817,Vice Chairman and COO,True,True,False,S,-400,9.525,448880,D
2006-01-11,2006-01-09,DEMATTEO DANIEL A,0001166817,Vice Chairman and COO,True,True,False,S,-25200,9.525,423600,D
2006-01-11,2006-01-09,DEMATTEO DANIEL A,0001166817,Vice Chairman and COO,True,True,False,S,-10000,9.5225,413600,D
2006-01-11,2006-01-09,DEMATTEO DANIEL A,0001166817,Vice Chairman and COO,True,True,False,S,-16000,9.52,397600,D
2006-01-11,2006-01-09,DEMATTEO DANIEL A,0001166817,Vice Chairman and COO,True,True,False,S,-30000,9.5175,367600,D
2006-01-11,2006-01-09,DEMATTEO DANIEL A,0001166817,Vice Chairman and COO,True,True,False,S,-10000,9.515,357600,D
2006-01-11,2006-01-09,DEMATTEO DANIEL A,0001166817,Vice Chairman and COO,True,True,False,S,-32800,9.5125,324800,D
2006-01-11,2006-01-09,DEMATTEO DANIEL A,0001166817,Vice Chairman and COO,True,True,False,S,-38000,9.51,286800,D
2006-01-11,2006-01-09,DEMATTEO DANIEL A,0001166817,Vice Chairman and COO,True,True,False,S,-14000,9.5075,272800,D
2006-01-11,2006-01-09,DEMATTEO DANIEL A,0001166817,Vice Chairman and COO,True,True,False,S,-12000,9.505,260800,D
2006-01-11,2006-01-09,DEMATTEO DANIEL A,0001166817,Vice Chairman and COO,True,True,False,S,-39600,9.5025,221200,D
2006-01-11,2006-01-09,DEMATTEO DANIEL A,0001166817,Vice Chairman and COO,True,True,False,S,-19600,9.5,201600,D
2006-01-11,2006-01-09,DEMATTEO DANIEL A,0001166817,Vice Chairman and COO,True,True,False,S,-44400,9.5,157200,D
2006-01-11,2006-01-09,DEMATTEO DANIEL A,0001166817,Vice Chairman and COO,True,True,False,S,-20000,9.5,137200,D
2006-01-11,2006-01-09,DEMATTEO DANIEL A,0001166817,Vice Chairman and COO,True,True,False,S,-4400,9.4975,132800,D
2006-01-11,2006-01-09,DEMATTEO DANIEL A,0001166817,Vice Chairman and COO,True,True,False,S,-4800,9.495,132000,D
2006-01-11,2006-01-09,DEMATTEO DANIEL A,0001166817,Vice Chairman and COO,True,True,False,S,-400,9.4925,127600,D
2006-01-11,2006-01-09,DEMATTEO DANIEL A,0001166817,Vice Chairman and COO,True,True,False,S,-5200,9.49,122400,D
2006-01-11,2006-01-09,DEMATTEO DANIEL A,0001166817,Vice Chairman and COO,True,True,False,S,-2400,9.4875,120000,D
2006-01-11,2006-01-09,DEMATTEO DANIEL A,0001166817,Vice Chairman and COO,True,True,False,S,-40000,9.475,80000,D
2006-01-11,2006-01-09,DEMATTEO DANIEL A,0001166817,Vice Chairman and COO,True,True,False,S,-38000,9.45,42000,D
2006-01-11,2006-01-09,DEMATTEO DANIEL A,0001166817,Vice Chairman and COO,True,True,False,S,-13600,9.4375,28400,D
2006-01-11,2006-01-09,DEMATTEO DANIEL A,0001166817,Vice Chairman and COO,True,True,False,S,-14000,9.43,14400,D
2006-01-11,2006-01-09,DEMATTEO DANIEL A,0001166817,Vice Chairman and COO,True,True,False,M,450000,0.8825,450000,D
2006-01-11,2006-01-09,DEMATTEO DANIEL A,0001166817,Vice Chairman and COO,True,True,False,S,-800,9.5275,449200,D
2006-01-11,2006-01-09,CARLSON DAVID W,0001136735,"Exec. VP, CFO & Asst. Sec'y",False,True,False,S,-10000,9.5125,70000,D
2006-01-11,2006-01-09,CARLSON DAVID W,0001136735,"Exec. VP, CFO & Asst. Sec'y",False,True,False,S,-6800,9.425,20000,D
2006-01-11,2006-01-09,CARLSON DAVID W,0001136735,"Exec. VP, CFO & Asst. Sec'y",False,True,False,S,-13200,9.4375,26800,D
2006-01-11,2006-01-09,CARLSON DAVID W,0001136735,"Exec. VP, CFO & Asst. Sec'y",False,True,False,S,-16800,9.5,40000,D
2006-01-11,2006-01-09,CARLSON DAVID W,0001136735,"Exec. VP, CFO & Asst. Sec'y",False,True,False,M,80000,0.8825,80000,D
2006-01-11,2006-01-09,CARLSON DAVID W,0001136735,"Exec. VP, CFO & Asst. Sec'y",False,True,False,S,-20000,9.325,0,D
2006-01-11,2006-01-09,CARLSON DAVID W,0001136735,"Exec. VP, CFO & Asst. Sec'y",False,True,False,S,-1600,9.5075,68400,D
2006-01-11,2006-01-09,CARLSON DAVID W,0001136735,"Exec. VP, CFO & Asst. Sec'y",False,True,False,S,-11600,9.5025,56800,D
2006-01-11,2006-01-09,Davis Jerome L,0001294199,,True,False,False,P,1780,9.4875,2580,D
2006-01-18,2006-01-13,FONTAINE R RICHARD,0001136733,Chairman of the Board and CEO,True,True,False,S,-850000,9.62,400,D
2006-01-18,2006-01-13,FONTAINE R RICHARD,0001136733,Chairman of the Board and CEO,True,True,False,M,850000,0.8825,850400,D
2006-02-16,2006-02-10,KIM JAMES J,0001158839,,True,False,True,A,38400,0.0,36502080,I
2006-02-14,2006-02-10,ZILAVY LAWRENCE S,0001176169,,True,False,False,A,38400,0.0,38400,D
2006-02-14,2006-02-10,VOLKWEIN EDWARD A,0001174707,,True,False,False,A,38400,0.0,82400,D
2006-02-14,2006-02-10,SZCZEPANSKI GERALD R,0001178515,,True,False,False,A,38400,0.0,118400,D
2006-02-14,2006-02-10,STEINBERG STANLEY,0001193212,,True,False,False,A,38400,0.0,38400,D
2006-02-14,2006-02-10,SHERN STEPHANIE M,0001174708,,True,False,False,A,38400,0.0,82400,D
2006-02-14,2006-02-10,ROSEN MICHAEL N,0001038865,Secretary,True,True,False,A,38400,0.0,78400,D
2006-02-14,2006-02-10,RIGGIO LEONARD,0000927587,,True,False,False,A,38400,0.0,78400,D
2006-02-14,2006-02-10,KIM JAMES J,0001158839,,True,False,False,A,38400,0.0,36501892,I
2006-02-14,2006-02-10,FREEMAN RONALD,0001276931,Executive Vice President,False,True,False,A,84000,0.0,84000,D
2006-02-14,2006-02-10,FONTAINE R RICHARD,0001136733,Chairman of the Board and CEO,True,True,False,A,240000,0.0,240400,D
2006-02-14,2006-02-10,DEMATTEO DANIEL A,0001166817,Vice Chairman & COO,True,True,False,A,240000,0.0,240000,D
2006-02-14,2006-02-10,Davis Jerome L,0001294199,,True,False,False,A,38400,0.0,40980,D
2006-02-14,2006-02-10,CARLSON DAVID W,0001136735,"Exec. VP, CFO & Asst. Secy.",False,True,False,A,120000,0.0,120000,D
2006-04-12,2006-04-10,RIGGIO LEONARD,0000927587,,True,False,True,S,-6000000,11.65,78400,D
2006-04-12,2006-04-10,RIGGIO LEONARD,0000927587,,True,False,True,M,6000000,1.1275,6078400,D
2006-04-12,2006-04-10,KIM JAMES J,0001158839,,True,False,False,S,-20000000,11.65,16502080,I
2006-04-17,2006-04-13,FREEMAN RONALD,0001276931,Executive Vice President,False,True,False,M,88000,5.0625,272000,D
2006-04-17,2006-04-13,FREEMAN RONALD,0001276931,Executive Vice President,False,True,False,M,12000,2.95,96000,D
2006-04-17,2006-04-13,FREEMAN RONALD,0001276931,Executive Vice President,False,True,False,M,88000,4.6425,184000,D
2006-04-17,2006-04-13,FREEMAN RONALD,0001276931,Executive Vice President,False,True,False,S,-188000,11.75,84000,D
2006-04-17,2006-04-13,VOLKWEIN EDWARD A,0001174707,,True,False,False,S,-88000,11.75,82400,D
2006-04-17,2006-04-13,VOLKWEIN EDWARD A,0001174707,,True,False,False,M,60000,5.3125,142400,D
2006-04-17,2006-04-13,VOLKWEIN EDWARD A,0001174707,,True,False,False,M,28000,3.775,170400,D
2006-04-19,2006-04-17,SUSAN Y KIM TRUST OF 12/31/87,0001158841,,False,False,True,S,-20000000,11.65,16463492,I
2006-04-19,2006-04-17,SUSAN Y KIM TRUST OF 12/31/87,0001158841,,False,False,True,S,-20000000,11.65,16463492,D
2006-05-24,2006-05-22,CARLSON DAVID W,0001136735,"Exec. VP, CFO & Asst. Sec'y",False,True,False,S,-260000,10.83,120000,D
2006-05-24,2006-05-22,CARLSON DAVID W,0001136735,"Exec. VP, CFO & Asst. Sec'y",False,True,False,M,260000,0.8825,380000,D
2006-05-25,2006-05-23,Lloyd Robert Alan,0001352220,Sr. VP & Chief Acct. Off.,False,True,False,M,48000,0.8825,48000,D
2006-05-25,2006-05-23,Lloyd Robert Alan,0001352220,Sr. VP & Chief Acct. Off.,False,True,False,M,65600,4.5,113600,D
2006-05-25,2006-05-23,Lloyd Robert Alan,0001352220,Sr. VP & Chief Acct. Off.,False,True,False,M,36000,2.95,149600,D
2006-05-25,2006-05-23,Lloyd Robert Alan,0001352220,Sr. VP & Chief Acct. Off.,False,True,False,S,-149600,11.005,0,D
2006-05-25,2006-05-24,Lloyd Robert Alan,0001352220,Sr. VP & Chief Acct. Off.,False,True,False,M,74400,4.5,74400,D
2006-05-25,2006-05-24,Lloyd Robert Alan,0001352220,Sr. VP & Chief Acct. Off.,False,True,False,S,-74400,10.51,0,D
2006-09-13,2006-09-11,DEMATTEO DANIEL A,0001166817,Vice Chairman and COO,True,True,False,M,548000,4.5,1040000,D
2006-09-13,2006-09-11,DEMATTEO DANIEL A,0001166817,Vice Chairman and COO,True,True,False,M,252000,2.95,492000,D
2006-09-13,2006-09-11,DEMATTEO DANIEL A,0001166817,Vice Chairman and COO,True,True,False,S,-800000,11.3425,240000,D
2006-09-14,2006-09-12,SHERN STEPHANIE M,0001174708,,True,False,False,S,-4000,11.4525,78400,D
2006-09-14,2006-09-14,SHERN STEPHANIE M,0001174708,,True,False,False,S,-4000,11.77,74400,D
2007-01-10,2007-01-08,CARLSON DAVID W,0001136735,"Exec. VP, CFO & Asst. Sec'y",False,True,False,M,460000,0.8825,580000,D
2007-01-10,2007-01-08,CARLSON DAVID W,0001136735,"Exec. VP, CFO & Asst. Sec'y",False,True,False,S,-196800,13.7125,383200,D
2007-01-10,2007-01-09,CARLSON DAVID W,0001136735,"Exec. VP, CFO & Asst. Sec'y",False,True,False,S,-263200,13.715,120000,D
2007-01-10,2007-01-09,Lloyd Robert Alan,0001352220,Sr. VP & Chief Acct. Off.,False,True,False,M,36000,5.0625,36000,D
2007-01-10,2007-01-09,Lloyd Robert Alan,0001352220,Sr. VP & Chief Acct. Off.,False,True,False,S,-140000,13.8125,0,D
2007-01-10,2007-01-09,Lloyd Robert Alan,0001352220,Sr. VP & Chief Acct. Off.,False,True,False,M,64000,4.5,140000,D
2007-01-10,2007-01-09,Lloyd Robert Alan,0001352220,Sr. VP & Chief Acct. Off.,False,True,False,M,40000,4.6425,76000,D
2007-01-16,2007-01-11,DEMATTEO DANIEL A,0001166817,Vice Chairman and COO,True,True,False,M,456000,4.5,696000,D
2007-01-16,2007-01-11,DEMATTEO DANIEL A,0001166817,Vice Chairman and COO,True,True,False,S,-456000,14.34,240000,D
2007-02-13,2007-02-09,ZILAVY LAWRENCE S,0001176169,,True,False,False,A,38400,0.0,76800,D
2007-02-13,2007-02-09,VOLKWEIN EDWARD A,0001174707,,True,False,False,A,38400,0.0,120800,D
2007-02-13,2007-02-09,SZCZEPANSKI GERALD R,0001178515,,True,False,False,A,38400,0.0,164800,D
2007-02-13,2007-02-09,STEINBERG STANLEY,0001193212,,True,False,False,A,38400,0.0,76800,D
2007-02-13,2007-02-09,SHERN STEPHANIE M,0001174708,,True,False,False,A,38400,0.0,112800,D
2007-02-13,2007-02-09,ROSEN MICHAEL N,0001038865,Secretary,True,True,False,A,38400,0.0,133792,D
2007-02-13,2007-02-09,MORGAN STEVEN R,0001193216,President,False,True,False,A,120000,0.0,120000,D
2007-02-13,2007-02-09,Lloyd Robert Alan,0001352220,Sr. VP & Chief Acct. Off.,False,True,False,A,28800,0.0,28800,D
2007-02-13,2007-02-09,RIGGIO LEONARD,0000927587,,True,False,True,A,38400,0.0,19725708,D
2007-02-13,2007-02-09,KIM JAMES J,0001158839,,True,False,False,A,38400,0.0,16540480,I
2007-02-13,2007-02-09,FREEMAN RONALD,0001276931,Executive Vice President,False,True,False,A,48000,0.0,132000,D
2007-02-13,2007-02-09,FONTAINE R RICHARD,0001136733,Chairman of the Board and CEO,True,True,False,A,240000,0.0,480400,D
2007-02-13,2007-02-09,DEMATTEO DANIEL A,0001166817,Vice Chairman and COO,True,True,False,A,240000,0.0,480000,D
2007-02-13,2007-02-09,Davis Jerome L,0001294199,,True,False,False,A,38400,0.0,79380,D
2007-02-13,2007-02-09,CARLSON DAVID W,0001136735,"Exec. VP, CFO & Asst. Sec'y",False,True,False,A,120000,0.0,240000,D
2007-02-13,2007-02-12,FREEMAN RONALD,0001276931,Executive Vice President,False,True,False,S,-10212,13.425,121788,D
2007-02-13,2007-02-12,FONTAINE R RICHARD,0001136733,Chairman of the Board and CEO,True,True,False,S,-29164,13.42,451236,D
2007-02-13,2007-02-12,DEMATTEO DANIEL A,0001166817,Vice Chairman and COO,True,True,False,S,-29164,13.42,450836,D
2007-02-13,2007-02-12,CARLSON DAVID W,0001136735,"Exec. VP, CFO & Asst. Sec'y",False,True,False,S,-14584,13.42,225416,D
2007-10-26,2007-03-06,RIGGIO LEONARD,0000927587,,True,False,False,G,-28800,0.0,33422616,D
2007-04-19,2007-03-06,FONTAINE R RICHARD,0001136733,Chairman of the Board and CEO,True,True,False,G,-27200,0.0,875272,D
2007-03-30,2007-03-29,FREEMAN RONALD,0001276931,Executive Vice President,False,True,False,M,176000,2.3225,419576,D
2007-03-30,2007-03-29,FREEMAN RONALD,0001276931,Executive Vice President,False,True,False,M,176000,2.5325,595576,D
2007-03-30,2007-03-29,FREEMAN RONALD,0001276931,Executive Vice President,False,True,False,S,-387576,8.0125,208000,D
2007-04-19,2007-04-17,FONTAINE R RICHARD,0001136733,Chairman of the Board and CEO,True,True,False,M,1600000,2.25,2475272,D
2007-04-19,2007-04-17,FONTAINE R RICHARD,0001136733,Chairman of the Board and CEO,True,True,False,S,-1600000,8.52,875272,D
2007-04-19,2007-04-17,DEMATTEO DANIEL A,0001166817,Vice Chairman and COO,True,True,False,S,-441200,8.49,901672,D
2007-04-19,2007-04-17,DEMATTEO DANIEL A,0001166817,Vice Chairman and COO,True,True,False,M,441200,2.25,1342872,D
2007-04-20,2007-04-18,CARLSON DAVID W,0001136735,"Exec. VP, CFO & Asst. Sec'y",False,True,False,M,247200,2.25,698032,D
2007-04-20,2007-04-18,CARLSON DAVID W,0001136735,"Exec. VP, CFO & Asst. Sec'y",False,True,False,S,-247200,8.405,450832,D
2007-04-19,2007-04-18,DEMATTEO DANIEL A,0001166817,Vice Chairman and COO,True,True,False,S,-558800,8.4275,901672,D
2007-04-19,2007-04-18,DEMATTEO DANIEL A,0001166817,Vice Chairman and COO,True,True,False,M,558800,2.25,1460472,D
2007-04-20,2007-04-19,SHERN STEPHANIE M,0001174708,,True,False,False,S,-24000,8.2675,201600,D
2007-04-20,2007-04-19,CARLSON DAVID W,0001136735,"Exec. VP, CFO & Asst. Sec'y",False,True,False,S,-752800,8.2,450832,D
2007-04-20,2007-04-19,CARLSON DAVID W,0001136735,"Exec. VP, CFO & Asst. Sec'y",False,True,False,M,752800,2.25,1203632,D
2007-04-27,2007-04-25,RIGGIO LEONARD,0000927587,,True,False,True,M,1400000,0.5625,40851416,D
2007-04-27,2007-04-25,RIGGIO LEONARD,0000927587,,True,False,True,S,-1400000,8.495,39451416,D
2007-04-27,2007-04-26,RIGGIO LEONARD,0000927587,,True,False,True,M,2539200,0.5625,41990616,D
2007-04-27,2007-04-26,RIGGIO LEONARD,0000927587,,True,False,True,S,-2539200,8.5,39451416,D
2007-04-27,2007-04-27,RIGGIO LEONARD,0000927587,,True,False,True,S,-6060800,8.3825,39451416,D
2007-04-27,2007-04-27,RIGGIO LEONARD,0000927587,,True,False,True,M,6060800,0.5625,45512216,D
2007-05-04,2007-05-02,SZCZEPANSKI GERALD R,0001178515,,True,False,False,S,-32000,8.435,297600,D
2007-05-04,2007-05-02,KIM JAMES J,0001158839,,True,False,False,S,-24000000,8.2125,9080960,I
2007-06-04,2007-05-31,DEMATTEO DANIEL A,0001166817,Vice Chairman and COO,True,True,False,S,-1000000,9.3025,901672,D
2007-06-04,2007-05-31,DEMATTEO DANIEL A,0001166817,Vice Chairman and COO,True,True,False,M,1000000,2.25,1901672,D
2007-06-04,2007-05-31,CARLSON DAVID W,0001136735,"Exec. VP, CFO & Asst. Sec'y",False,True,False,M,808000,2.25,1258832,D
2007-06-04,2007-05-31,CARLSON DAVID W,0001136735,"Exec. VP, CFO & Asst. Sec'y",False,True,False,S,-808000,9.27,450832,D
2007-06-18,2007-06-14,VOLKWEIN EDWARD A,0001174707,,True,False,False,S,-40000,9.36,201600,D
2007-06-20,2007-06-18,MORGAN STEVEN R,0001193216,President,False,True,False,S,-320000,10.005,240000,D
2007-06-20,2007-06-18,MORGAN STEVEN R,0001193216,President,False,True,False,M,320000,5.1725,560000,D
2007-06-20,2007-06-19,KIM JAMES J,0001158839,,True,False,False,S,-1512308,10.025,7568652,I
2007-06-20,2007-06-20,KIM JAMES J,0001158839,,True,False,False,S,-1006392,10.0125,6562260,I
2007-06-22,2007-06-21,KIM JAMES J,0001158839,,True,False,False,S,-1789200,10.0125,4773060,I
2007-06-26,2007-06-25,KIM JAMES J,0001158839,,True,False,False,S,-2049600,10.035,2723460,I
2007-06-26,2007-06-26,KIM JAMES J,0001158839,,True,False,False,S,-1761076,9.995,962384,I
2007-07-05,2007-07-03,Bartel Tony,0001391398,Ex. VP-Market'g & Merchandis'g,False,True,False,M,28000,5.1725,124000,D
2007-07-05,2007-07-03,Bartel Tony,0001391398,Ex. VP-Market'g & Merchandis'g,False,True,False,S,-6000,10.06,96000,D
2007-07-05,2007-07-03,Bartel Tony,0001391398,Ex. VP-Market'g & Merchandis'g,False,True,False,S,-400,10.0575,102000,D
2007-07-05,2007-07-03,Bartel Tony,0001391398,Ex. VP-Market'g & Merchandis'g,False,True,False,S,-21600,10.05,102400,D
2007-08-31,2007-08-30,FONTAINE R RICHARD,0001136733,Chairman of the Board and CEO,True,True,False,S,-1704000,12.255,875272,D
2007-08-31,2007-08-30,FONTAINE R RICHARD,0001136733,Chairman of the Board and CEO,True,True,False,M,1200000,2.25,2075272,D
2007-08-31,2007-08-30,FONTAINE R RICHARD,0001136733,Chairman of the Board and CEO,True,True,False,M,504000,1.475,2579272,D
2007-09-06,2007-09-04,CARLSON DAVID W,0001136735,"Exec. VP, CFO & Asst. Sec'y",False,True,False,S,-360000,12.7575,450832,D
2007-09-06,2007-09-04,CARLSON DAVID W,0001136735,"Exec. VP, CFO & Asst. Sec'y",False,True,False,M,360000,1.475,810832,D
2007-09-12,2007-09-10,SHERN STEPHANIE M,0001174708,,True,False,False,S,-65600,12.175,136000,D
2007-09-14,2007-09-13,DEMATTEO DANIEL A,0001166817,Vice Chairman and COO,True,True,False,S,-800000,12.5675,901672,D
2007-09-14,2007-09-13,DEMATTEO DANIEL A,0001166817,Vice Chairman and COO,True,True,False,M,800000,2.25,1701672,D
2007-09-21,2007-09-19,ROSEN MICHAEL N,0001038865,,True,False,False,S,-33984,13.26,0,I
2007-09-21,2007-09-19,ROSEN MICHAEL N,0001038865,,True,False,False,S,-105600,13.1875,128000,D
2007-09-21,2007-09-20,Lloyd Robert Alan,0001352220,Sr. VP & Chief Acct. Off.,False,True,False,M,72000,2.5325,129600,D
2007-09-21,2007-09-20,Lloyd Robert Alan,0001352220,Sr. VP & Chief Acct. Off.,False,True,False,M,48000,5.1725,177600,D
2007-09-21,2007-09-20,Lloyd Robert Alan,0001352220,Sr. VP & Chief Acct. Off.,False,True,False,S,-160000,13.53,57600,D
2007-09-21,2007-09-20,Lloyd Robert Alan,0001352220,Sr. VP & Chief Acct. Off.,False,True,False,M,40000,2.3225,217600,D
2007-09-28,2007-09-26,Bartel Tony,0001391398,Ex. VP-Market'g & Merchandis'g,False,True,False,M,104000,5.1725,200000,D
2007-09-28,2007-09-26,Bartel Tony,0001391398,Ex. VP-Market'g & Merchandis'g,False,True,False,S,-104000,14.425,96000,D
2007-10-03,2007-10-02,VOLKWEIN EDWARD A,0001174707,,True,False,False,S,-40000,14.2525,161600,D
2007-10-12,2007-10-11,SZCZEPANSKI GERALD R,0001178515,,True,False,False,S,-40000,14.6975,257600,D
2007-10-26,2007-10-24,RIGGIO LEONARD,0000927587,,True,False,False,S,-1600000,14.515,37851416,D
2007-10-26,2007-10-25,RIGGIO LEONARD,0000927587,,True,False,False,S,-1200000,14.2875,36651416,D
2007-10-26,2007-10-26,RIGGIO LEONARD,0000927587,,True,False,False,S,-3200000,14.525,33451416,D
2007-10-31,2007-10-29,RIGGIO LEONARD,0000927587,,True,False,False,S,-2000000,14.6925,31422616,D
2008-02-11,2008-02-07,ZILAVY LAWRENCE S,0001176169,,True,False,False,A,28800,0.0,182400,D
2008-02-11,2008-02-07,VOLKWEIN EDWARD A,0001174707,,True,False,False,A,28800,0.0,190400,D
2008-02-11,2008-02-07,SZCZEPANSKI GERALD R,0001178515,,True,False,False,A,28800,0.0,286400,D
2008-02-11,2008-02-07,STEINBERG STANLEY,0001193212,,True,False,False,A,28800,0.0,182400,D
2008-02-11,2008-02-07,SHERN STEPHANIE M,0001174708,,True,False,False,A,28800,0.0,164800,D
2008-02-11,2008-02-07,ROSEN MICHAEL N,0001038865,,True,False,False,A,28800,0.0,156800,D
2008-02-11,2008-02-07,MORGAN STEVEN R,0001193216,President,False,True,False,A,132000,0.0,372000,D
2008-02-11,2008-02-07,Lloyd Robert Alan,0001352220,Sr. VP & Chief Acct. Off.,False,True,False,A,28800,0.0,86400,D
2008-02-11,2008-02-07,RIGGIO LEONARD,0000927587,,True,False,False,A,28800,0.0,31451416,D
2008-02-11,2008-02-07,Koonin Steven R,0001405614,,True,False,False,A,28800,0.0,57600,D
2008-02-11,2008-02-07,FREEMAN RONALD,0001276931,Executive Vice President,False,True,False,A,48000,0.0,256000,D
2008-02-11,2008-02-07,FONTAINE R RICHARD,0001136733,Chairman of the Board and CEO,True,True,False,A,348000,0.0,1223272,D
2008-02-11,2008-02-07,DEMATTEO DANIEL A,0001166817,Vice Chairman and COO,True,True,False,A,348000,0.0,1249672,D
2008-02-11,2008-02-07,Davis Jerome L,0001294199,,True,False,False,A,28800,0.0,187560,D
2008-02-11,2008-02-07,CARLSON DAVID W,0001136735,"Exec. VP, CFO & Asst. Secy.",False,True,False,A,120000,0.0,570832,D
2008-02-11,2008-02-07,Bartel Tony,0001391398,EVP-Marketing & Merchandising,False,True,False,A,102000,0.0,198000,D
2008-02-11,2008-02-11,MORGAN STEVEN R,0001193216,President,False,True,False,S,-22000,12.4025,350000,D
2008-02-11,2008-02-11,Lloyd Robert Alan,0001352220,Sr. VP & Chief Acct. Off.,False,True,False,S,-224,12.4,86108,D
2008-02-11,2008-02-11,Lloyd Robert Alan,0001352220,Sr. VP & Chief Acct. Off.,False,True,False,S,-5200,12.4025,80908,D
2008-02-11,2008-02-11,Lloyd Robert Alan,0001352220,Sr. VP & Chief Acct. Off.,False,True,False,S,-68,12.3425,86332,D
2008-02-11,2008-02-11,FREEMAN RONALD,0001276931,Executive Vice President,False,True,False,S,-8400,12.4025,247092,D
2008-02-11,2008-02-11,FREEMAN RONALD,0001276931,Executive Vice President,False,True,False,S,-396,12.4,255492,D
2008-02-11,2008-02-11,FREEMAN RONALD,0001276931,Executive Vice President,False,True,False,S,-112,12.3375,255888,D
2008-02-11,2008-02-11,FONTAINE R RICHARD,0001136733,Chairman of the Board and CEO,True,True,False,S,-51600,12.405,1171672,D
2008-02-11,2008-02-11,DEMATTEO DANIEL A,0001166817,Vice Chairman and COO,True,True,False,S,-51528,12.405,1198144,D
2008-02-11,2008-02-11,CARLSON DAVID W,0001136735,"Exec. VP, CFO & Asst. Secy.",False,True,False,S,-21992,12.4025,548840,D
2008-02-11,2008-02-11,Bartel Tony,0001391398,EVP-Marketing & Merchandising,False,True,False,S,-112,12.3375,197888,D
2008-02-11,2008-02-11,Bartel Tony,0001391398,EVP-Marketing & Merchandising,False,True,False,S,-368,12.4,197520,D
2008-02-11,2008-02-11,Bartel Tony,0001391398,EVP-Marketing & Merchandising,False,True,False,S,-8400,12.4025,189120,D
2008-02-15,2008-02-14,FREEMAN RONALD,0001276931,Executive Vice President,False,True,False,S,-17392,12.4025,229700,D
2008-02-15,2008-02-14,FONTAINE R RICHARD,0001136733,Chairman of the Board and CEO,True,True,False,S,-59036,12.405,1112636,D
2008-02-15,2008-02-14,DEMATTEO DANIEL A,0001166817,Vice Chairman and COO,True,True,False,S,-59040,12.405,1139104,D
2008-02-15,2008-02-14,CARLSON DAVID W,0001136735,"Exec. VP, CFO & Asst. Sec'y",False,True,False,S,-29528,12.4025,519312,D
2008-03-21,2008-03-20,SHERN STEPHANIE M,0001174708,,True,False,False,S,-51200,11.8525,113600,D
2008-03-26,2008-03-25,FREEMAN RONALD,0001276931,Executive Vice President,False,True,False,S,-237700,13.35,168000,D
2008-03-26,2008-03-25,FREEMAN RONALD,0001276931,Executive Vice President,False,True,False,M,176000,2.5325,405700,D
2008-03-31,2008-03-28,ZILAVY LAWRENCE S,0001176169,,True,False,False,S,-25600,13.14,156800,D
2008-04-07,2008-04-04,Davis Jerome L,0001294199,,True,False,False,S,-25600,14.115,161960,D
2008-04-25,2008-04-23,DEMATTEO DANIEL A,0001166817,Vice Chairman and COO,True,True,False,M,728000,2.3225,2237432,D
2008-04-25,2008-04-23,DEMATTEO DANIEL A,0001166817,Vice Chairman and COO,True,True,False,S,-1200000,13.815,1037432,D
2008-04-25,2008-04-23,DEMATTEO DANIEL A,0001166817,Vice Chairman and COO,True,True,False,S,-101672,13.7575,1037432,D
2008-04-25,2008-04-23,DEMATTEO DANIEL A,0001166817,Vice Chairman and COO,True,True,False,M,472000,2.25,1509432,D
2008-04-25,2008-04-23,CARLSON DAVID W,0001136735,"Exec. VP, CFO & Asst. Sec'y",False,True,False,M,200000,2.3225,1719312,D
2008-04-25,2008-04-23,CARLSON DAVID W,0001136735,"Exec. VP, CFO & Asst. Sec'y",False,True,False,M,1000000,2.25,1519312,D
2008-04-25,2008-04-23,CARLSON DAVID W,0001136735,"Exec. VP, CFO & Asst. Sec'y",False,True,False,S,-1200000,13.81,519312,D
2008-04-25,2008-04-25,FONTAINE R RICHARD,0001136733,Chairman of the Board and CEO,True,True,False,M,1400000,2.25,2512636,D
2008-04-25,2008-04-25,FONTAINE R RICHARD,0001136733,Chairman of the Board and CEO,True,True,False,S,-1475272,14.0075,1037364,D
2008-09-12,2008-09-12,Raines Julian Paul,0001315015,Chief Operating Officer,False,True,False,H,0,0.0,240000,D
2009-02-09,2008-10-07,RIGGIO LEONARD,0000927587,,True,False,False,G,-12000,0.0,31472428,D
2008-11-26,2008-11-24,STEINBERG STANLEY,0001193212,,True,False,False,S,-41200,4.5925,131200,D
2008-11-26,2008-11-24,STEINBERG STANLEY,0001193212,,True,False,False,S,-10000,4.5,172400,D
2008-11-26,2008-11-24,SHERN STEPHANIE M,0001174708,,True,False,False,S,-168000,4.5575,113600,D
2008-11-26,2008-11-24,SHERN STEPHANIE M,0001174708,,True,False,False,M,168000,1.8875,281600,D
2008-11-24,2008-11-24,DEMATTEO DANIEL A,0001166817,Chief Executive Officer,True,True,False,P,40000,4.4975,1077432,D
2008-11-24,2008-11-24,CARLSON DAVID W,0001136735,"Exec. VP, CFO & Asst. Sec'y",False,True,False,P,40000,4.5175,559312,D
2008-12-15,2008-12-12,RIGGIO LEONARD,0000927587,,True,False,False,J,33012,0.0,31484428,D
2009-02-09,2009-02-05,ZILAVY LAWRENCE S,0001176169,,True,False,False,A,24480,0.0,181280,D
2009-02-09,2009-02-05,VOLKWEIN EDWARD A,0001174707,,True,False,False,A,24480,0.0,214880,D
2009-02-09,2009-02-05,SZCZEPANSKI GERALD R,0001178515,,True,False,False,A,24480,0.0,310880,D
2009-02-09,2009-02-05,Bartel Tony,0001391398,Ex VP-Marktng & Merchandising,False,True,False,A,120000,0.0,309120,D
2009-02-09,2009-02-05,STEINBERG STANLEY,0001193212,,True,False,False,A,24480,0.0,155680,D
2009-02-09,2009-02-05,SHERN STEPHANIE M,0001174708,,True,False,False,A,24480,0.0,138080,D
2009-02-09,2009-02-05,ROSEN MICHAEL N,0001038865,,True,False,False,A,24480,0.0,181280,D
2009-02-09,2009-02-05,Raines Julian Paul,0001315015,Chief Operating Officer,False,True,False,A,240000,0.0,480000,D
2009-02-09,2009-02-05,Lloyd Robert Alan,0001352220,Sr. VP & Chief Acct. Off.,False,True,False,A,28800,0.0,109708,D
2009-02-09,2009-02-05,RIGGIO LEONARD,0000927587,,True,False,False,A,24480,0.0,31496908,D
2009-02-09,2009-02-05,Koonin Steven R,0001405614,,True,False,False,A,24480,0.0,82080,D
2009-02-09,2009-02-05,FONTAINE R RICHARD,0001136733,Executive Chairman,True,True,False,A,348000,0.0,1385364,D
2009-02-09,2009-02-05,DEMATTEO DANIEL A,0001166817,Chief Executive Officer,True,True,False,A,348000,0.0,1425432,D
2009-02-09,2009-02-05,Davis Jerome L,0001294199,,True,False,False,A,24480,0.0,186440,D
2009-02-09,2009-02-05,CARLSON DAVID W,0001136735,"Exec. VP, CFO & Asst. Sec'y",False,True,False,A,120000,0.0,679312,D
2009-02-09,2009-02-05,Bartel Tony,0001391398,Ex VP-Marktng & Merchandising,False,True,False,A,120000,0.0,309120,D
2009-02-11,2009-02-09,Lloyd Robert Alan,0001352220,Sr. VP & Chief Acct. Off.,False,True,False,S,-3144,7.0,106564,D
2009-02-11,2009-02-09,FONTAINE R RICHARD,0001136733,Executive Chairman,True,True,False,S,-42384,7.0025,1342980,D
2009-02-11,2009-02-09,DEMATTEO DANIEL A,0001166817,Chief Executive Officer,True,True,False,S,-42364,7.005,1383068,D
2009-02-11,2009-02-09,Bartel Tony,0001391398,Ex VP-Marktng & Merchandising,False,True,False,S,-9540,7.0175,299580,D
2009-02-11,2009-02-10,Lloyd Robert Alan,0001352220,Sr. VP & Chief Acct. Off.,False,True,False,S,-5208,7.245,101356,D
2009-02-11,2009-02-10,FONTAINE R RICHARD,0001136733,Executive Chairman,True,True,False,S,-59356,6.75,1283624,D
2009-02-11,2009-02-10,DEMATTEO DANIEL A,0001166817,Chief Executive Officer,True,True,False,S,-59348,6.7525,1323720,D
2009-02-11,2009-02-10,Bartel Tony,0001391398,Ex VP-Marktng & Merchandising,False,True,False,S,-8616,6.75,290964,D
2009-02-11,2009-02-11,FONTAINE R RICHARD,0001136733,Executive Chairman,True,True,False,S,-59272,6.6325,1224352,D
2009-02-11,2009-02-11,DEMATTEO DANIEL A,0001166817,Chief Executive Officer,True,True,False,S,-59236,6.6375,1264484,D
2009-04-01,2009-03-30,SHERN STEPHANIE M,0001174708,,True,False,False,S,-60800,6.6375,77280,D
2009-04-01,2009-03-31,ZILAVY LAWRENCE S,0001176169,,True,False,False,S,-80000,7.0025,101280,D
2009-04-06,2009-04-03,VOLKWEIN EDWARD A,0001174707,,True,False,False,S,-76800,7.7325,138080,D
2009-05-27,2009-05-27,CARLSON DAVID W,0001136735,"Exec. VP, CFO & Asst. Sec'y",False,True,False,P,100000,5.62,779312,D
2009-06-02,2009-06-02,CARLSON DAVID W,0001136735,"Exec. VP, CFO & Asst. Sec'y",False,True,False,P,100000,6.27,879312,D
2009-09-10,2009-09-08,Raines Julian Paul,0001315015,Chief Operating Officer,False,True,False,S,-28708,6.1275,451292,D
2009-10-08,2009-10-06,RIGGIO LEONARD,0000927587,,True,False,False,S,-600000,6.64,30857708,D
2009-10-08,2009-10-07,RIGGIO LEONARD,0000927587,,True,False,False,S,-3013144,6.5725,27844564,D
2009-10-08,2009-10-08,RIGGIO LEONARD,0000927587,,True,False,False,S,-5402160,6.745,22442404,D
2010-02-08,2009-11-09,Koonin Steven R,0001405614,,True,False,False,G,-8080,0.0,74000,D
2009-11-25,2009-11-24,Davis Jerome L,0001294199,,True,False,False,S,-60000,6.405,126440,D
2010-04-20,2009-11-25,RIGGIO LEONARD,0000927587,,True,False,False,G,-4000000,0.0,18481604,D
2010-04-20,2010-02-04,RIGGIO LEONARD,0000927587,,True,False,False,A,24480,0.0,18506084,D
2010-02-08,2010-02-04,ZILAVY LAWRENCE S,0001176169,,True,False,False,A,24480,0.0,125760,D
2010-02-08,2010-02-04,VOLKWEIN EDWARD A,0001174707,,True,False,False,A,24480,0.0,162560,D
2010-02-08,2010-02-04,SZCZEPANSKI GERALD R,0001178515,,True,False,False,A,24480,0.0,335360,D
2010-02-08,2010-02-04,STEINBERG STANLEY,0001193212,,True,False,False,A,24480,0.0,180160,D
2010-02-08,2010-02-04,Smith Catherine R,0001322028,Executive VP and CFO,False,True,False,A,204000,0.0,376932,D
2010-02-08,2010-02-04,SHERN STEPHANIE M,0001174708,,True,False,False,A,24480,0.0,102096,D
2010-02-08,2010-02-04,ROSEN MICHAEL N,0001038865,,True,False,False,A,24480,0.0,205760,D
2010-02-08,2010-02-04,Raines Julian Paul,0001315015,Chief Operating Officer,False,True,False,A,324000,0.0,775292,D
2010-02-08,2010-02-04,Mauler Michael,0001481036,Exec VP-GameStop International,False,True,False,A,120000,0.0,180800,D
2010-02-08,2010-02-04,Lloyd Robert Alan,0001352220,Sr. VP & Chief Acct. Off.,False,True,False,A,28800,0.0,130156,D
2010-02-08,2010-02-04,RIGGIO LEONARD,0000927587,,True,False,False,A,24480,0.0,22466884,D
2010-02-08,2010-02-04,Koonin Steven R,0001405614,,True,False,False,A,24480,0.0,98480,D
2010-02-08,2010-02-04,FONTAINE R RICHARD,0001136733,Executive Chairman,True,True,False,A,360000,0.0,1584352,D
2010-02-08,2010-02-04,DEMATTEO DANIEL A,0001166817,Chief Executive Officer,True,True,False,A,360000,0.0,1785432,D
2010-02-08,2010-02-04,Davis Jerome L,0001294199,,True,False,False,A,24480,0.0,150920,D
2010-02-08,2010-02-04,Bartel Tony,0001391398,Ex VP-Marktng & Merchandising,False,True,False,A,240000,0.0,530964,D
2010-02-11,2010-02-09,Mauler Michael,0001481036,Exec VP-GameStop International,False,True,False,S,-4,4.7275,178056,D
2010-02-11,2010-02-09,Mauler Michael,0001481036,Exec VP-GameStop International,False,True,False,S,-2740,4.685,178060,D
2010-02-11,2010-02-09,Lloyd Robert Alan,0001352220,Sr. VP & Chief Acct. Off.,False,True,False,S,-4,4.7175,127412,D
2010-02-11,2010-02-09,Lloyd Robert Alan,0001352220,Sr. VP & Chief Acct. Off.,False,True,False,S,-2740,4.685,127416,D
2010-02-11,2010-02-09,FONTAINE R RICHARD,0001136733,Executive Chairman,True,True,False,S,-45652,4.685,1538700,D
2010-02-11,2010-02-09,FONTAINE R RICHARD,0001136733,Executive Chairman,True,True,False,S,-8,4.74,1538692,D
2010-02-11,2010-02-09,DEMATTEO DANIEL A,0001166817,Chief Executive Officer,True,True,False,S,-45652,4.685,1739780,D
2010-02-11,2010-02-09,DEMATTEO DANIEL A,0001166817,Chief Executive Officer,True,True,False,S,-160000,4.695,1579772,D
2010-02-11,2010-02-09,DEMATTEO DANIEL A,0001166817,Chief Executive Officer,True,True,False,S,-8,4.73,1739772,D
2010-02-11,2010-02-09,Bartel Tony,0001391398,Ex VP-Marktng & Merchandising,False,True,False,S,-11548,4.685,519416,D
2010-02-11,2010-02-10,Mauler Michael,0001481036,Exec VP-GameStop International,False,True,False,S,-3200,4.7475,174684,D
2010-02-11,2010-02-10,Mauler Michael,0001481036,Exec VP-GameStop International,False,True,False,S,-172,4.7375,177884,D
2010-02-11,2010-02-10,Lloyd Robert Alan,0001352220,Sr. VP & Chief Acct. Off.,False,True,False,S,-256,4.74,127156,D
2010-02-11,2010-02-10,Lloyd Robert Alan,0001352220,Sr. VP & Chief Acct. Off.,False,True,False,S,-4800,4.7475,122356,D
2010-02-11,2010-02-10,FONTAINE R RICHARD,0001136733,Executive Chairman,True,True,False,S,-58076,4.745,1480616,D
2010-02-11,2010-02-10,DEMATTEO DANIEL A,0001166817,Chief Executive Officer,True,True,False,S,-58076,4.745,1521696,D
2010-02-11,2010-02-10,Bartel Tony,0001391398,Ex VP-Marktng & Merchandising,False,True,False,S,-10008,4.7475,509396,D
2010-02-19,2010-02-17,SHERN STEPHANIE M,0001174708,,True,False,False,S,-43360,4.775,58736,D
2010-06-02,2010-06-02,Lloyd Robert Alan,0001352220,Exec. VP & Chief Financial Off,False,True,False,A,140000,0.0,262356,D
2010-09-10,2010-09-08,Raines Julian Paul,0001315015,Chief Operating Officer,False,True,False,S,-29464,4.6575,745828,D
2010-10-13,2010-10-12,SZCZEPANSKI GERALD R,0001178515,,True,False,False,S,-96000,4.9325,239360,D
2010-10-15,2010-10-13,RIGGIO LEONARD,0000927587,,True,False,False,M,1814848,0.5625,20320932,D
2010-10-15,2010-10-13,RIGGIO LEONARD,0000927587,,True,False,False,S,-1814848,4.8975,18506084,D
2010-10-15,2010-10-14,RIGGIO LEONARD,0000927587,,True,False,False,M,2000000,0.5625,20506084,D
2010-10-15,2010-10-14,RIGGIO LEONARD,0000927587,,True,False,False,S,-2000000,4.7075,18506084,D
2010-10-15,2010-10-15,RIGGIO LEONARD,0000927587,,True,False,False,M,6185152,0.5625,24691236,D
2010-10-15,2010-10-15,RIGGIO LEONARD,0000927587,,True,False,False,S,-6185152,4.585,18506084,D
2010-10-19,2010-10-18,RIGGIO LEONARD,0000927587,,True,False,False,M,4000000,0.5625,22506084,D
2010-10-19,2010-10-18,RIGGIO LEONARD,0000927587,,True,False,False,S,-4000000,4.5425,18506084,D
2010-10-20,2010-10-20,SHERN STEPHANIE M,0001174708,,True,False,False,S,-120000,4.595,58736,D
2010-10-20,2010-10-20,SHERN STEPHANIE M,0001174708,,True,False,False,M,120000,2.6575,178736,D
2010-10-26,2010-10-25,VOLKWEIN EDWARD A,0001174707,,True,False,False,S,-51200,4.8025,111360,D
2010-10-26,2010-10-25,VOLKWEIN EDWARD A,0001174707,,True,False,False,S,-112000,4.7975,162560,D
2010-10-26,2010-10-25,VOLKWEIN EDWARD A,0001174707,,True,False,False,M,112000,1.8875,274560,D
2011-02-03,2011-02-01,RIGGIO LEONARD,0000927587,,True,False,False,G,-4000000,0.0,14506084,D
2011-02-03,2011-02-01,RIGGIO LEONARD,0000927587,,True,False,False,S,-2000000,5.21,12506084,D
2011-02-04,2011-02-02,ZILAVY LAWRENCE S,0001176169,,True,False,False,A,12240,0.0,138000,D
2011-02-04,2011-02-02,VOLKWEIN EDWARD A,0001174707,,True,False,False,A,12240,0.0,123600,D
2011-02-04,2011-02-02,SZCZEPANSKI GERALD R,0001178515,,True,False,False,A,12240,0.0,251600,D
2011-02-04,2011-02-02,STEINBERG STANLEY,0001193212,,True,False,False,A,12240,0.0,192400,D
2011-02-04,2011-02-02,SHERN STEPHANIE M,0001174708,,True,False,False,A,12240,0.0,70976,D
2011-02-04,2011-02-02,ROSEN MICHAEL N,0001038865,,True,False,False,A,12240,0.0,218000,D
2011-02-04,2011-02-02,RIGGIO LEONARD,0000927587,,True,False,False,A,12240,0.0,2484336,D
2011-02-04,2011-02-02,Raines Julian Paul,0001315015,Chief Executive Officer,False,True,False,A,200000,0.0,945828,D
2011-02-04,2011-02-02,Mauler Michael,0001481036,Exec. VP-GameStop Int'l,False,True,False,A,60000,0.0,234684,D
2011-02-04,2011-02-02,Lloyd Robert Alan,0001352220,Exec. VP & Chief Fin. Officer,False,True,False,A,84000,0.0,346356,D
2011-02-04,2011-02-02,Koonin Steven R,0001405614,,True,False,False,A,12240,0.0,110720,D
2011-02-04,2011-02-02,FONTAINE R RICHARD,0001136733,"Chairman, International",True,True,False,A,12240,0.0,1492856,D
2011-02-04,2011-02-02,DEMATTEO DANIEL A,0001166817,Executive Chairman,True,True,False,A,180000,0.0,1701696,D
2011-02-04,2011-02-02,Davis Jerome L,0001294199,,True,False,False,A,12240,0.0,163160,D
2011-02-04,2011-02-02,Crawford Troy W.,0001495241,Sr. VP & Chief Acct'g Officer,False,True,False,A,30000,0.0,112328,D
2011-02-04,2011-02-02,Bartel Tony,0001391398,President,False,True,False,A,120000,0.0,629396,D
2011-02-03,2011-02-02,RIGGIO LEONARD,0000927587,,True,False,False,S,-4000000,4.98,8506084,D
2011-02-03,2011-02-03,RIGGIO LEONARD,0000927587,,True,False,False,S,-6033988,4.87,2472096,D
2011-02-10,2011-02-08,Mauler Michael,0001481036,Ex. VP-GameStop International,False,True,False,S,-18000,5.02,216684,D
2011-02-10,2011-02-08,Mauler Michael,0001481036,Ex. VP-GameStop International,False,True,False,S,-2560,5.0225,214124,D
2011-02-10,2011-02-08,Lloyd Robert Alan,0001352220,Ex. VP & Chief Fin. Officer,False,True,False,S,-2560,5.0225,343796,D
2011-02-10,2011-02-08,Koonin Steven R,0001405614,,True,False,False,S,-50000,5.01,60720,D
2011-02-10,2011-02-08,FONTAINE R RICHARD,0001136733,"Chairman, International",True,True,False,S,-42704,5.01,730152,D
2011-02-10,2011-02-08,FONTAINE R RICHARD,0001136733,"Chairman, International",True,True,False,S,-720000,4.9875,772856,D
2011-02-10,2011-02-08,DEMATTEO DANIEL A,0001166817,Executive Chairman,True,True,False,S,-42704,5.01,1658992,D
2011-02-10,2011-02-08,Bartel Tony,0001391398,President,False,True,False,S,-10776,5.0225,618620,D
2011-02-10,2011-02-10,Crawford Troy W.,0001495241,Sr. VP & Chief Accounting Off.,False,True,False,S,-1752,4.895,110576,D
2011-04-08,2011-04-06,SZCZEPANSKI GERALD R,0001178515,,True,False,False,M,120000,2.06,371600,D
2011-04-08,2011-04-06,SZCZEPANSKI GERALD R,0001178515,,True,False,False,S,-120000,5.9425,251600,D
2011-04-13,2011-04-11,SHERN STEPHANIE M,0001174708,,True,False,False,S,-8160,5.9475,62816,D
2011-04-13,2011-04-12,VOLKWEIN EDWARD A,0001174707,,True,False,False,S,-25600,5.915,98000,D
2011-04-22,2011-04-21,ROSEN MICHAEL N,0001038865,,True,False,False,S,-288000,6.63,218000,D
2011-04-22,2011-04-21,ROSEN MICHAEL N,0001038865,,True,False,False,M,168000,1.8875,506000,D
2011-04-22,2011-04-21,ROSEN MICHAEL N,0001038865,,True,False,False,M,120000,1.475,338000,D
2011-05-24,2011-05-23,DEMATTEO DANIEL A,0001166817,Executive Chairman,True,True,False,S,-800000,6.935,858992,D
2011-07-12,2011-07-11,Kim Shane,0001523958,,True,False,False,A,18480,0.0,18480,D
2011-08-22,2011-08-22,Raines Julian Paul,0001315015,Chief Executive Officer,False,True,False,P,9340,5.3575,955168,D
2011-08-30,2011-08-29,SHERN STEPHANIE M,0001174708,,True,False,False,S,-17760,5.66,45056,D
2011-09-16,2011-09-16,SHERN STEPHANIE M,0001174708,,True,False,False,M,68000,4.485,113056,D
2011-09-16,2011-09-16,SHERN STEPHANIE M,0001174708,,True,False,False,S,-68000,6.2375,45056,D
2011-10-19,2011-10-17,Davis Jerome L,0001294199,,True,False,False,S,-16000,6.2,147160,D
2012-01-11,2012-01-11,FONTAINE R RICHARD,0001136733,Chairman International,True,True,False,S,-1080000,6.0725,730152,D
2012-01-11,2012-01-11,FONTAINE R RICHARD,0001136733,Chairman International,True,True,False,M,1080000,2.25,1810152,D
2012-02-09,2012-02-07,ZILAVY LAWRENCE S,0001176169,,True,False,False,A,19200,0.0,157200,D
2012-02-09,2012-02-07,VOLKWEIN EDWARD A,0001174707,,True,False,False,A,19200,0.0,117200,D
2012-02-09,2012-02-07,SZCZEPANSKI GERALD R,0001178515,,True,False,False,A,19200,0.0,270800,D
2012-02-09,2012-02-07,STEINBERG STANLEY,0001193212,,True,False,False,A,19200,0.0,211600,D
2012-02-09,2012-02-07,SHERN STEPHANIE M,0001174708,,True,False,False,A,19200,0.0,64256,D
2012-02-09,2012-02-07,ROSEN MICHAEL N,0001038865,,True,False,False,A,19200,0.0,237200,D
2012-02-09,2012-02-07,Raines Julian Paul,0001315015,Chief Executive Officer,False,True,False,A,696400,0.0,2162768,D
2012-02-09,2012-02-07,Raines Julian Paul,0001315015,Chief Executive Officer,False,True,False,A,340800,0.0,1295968,D
2012-02-09,2012-02-07,Raines Julian Paul,0001315015,Chief Executive Officer,False,True,False,A,170400,0.0,1466368,D
2012-02-09,2012-02-07,Mauler Michael,0001481036,Ex. VP-GameStop International,False,True,False,A,103200,0.0,317324,D
2012-02-09,2012-02-07,Mauler Michael,0001481036,Ex. VP-GameStop International,False,True,False,A,51600,0.0,368924,D
2012-02-09,2012-02-07,Mauler Michael,0001481036,Ex. VP-GameStop International,False,True,False,A,306800,0.0,675724,D
2012-02-09,2012-02-07,Lloyd Robert Alan,0001352220,Ex. VP & Chief Fin. Officer,False,True,False,A,144000,0.0,487796,D
2012-02-09,2012-02-07,Lloyd Robert Alan,0001352220,Ex. VP & Chief Fin. Officer,False,True,False,A,72000,0.0,559796,D
2012-02-09,2012-02-07,Lloyd Robert Alan,0001352220,Ex. VP & Chief Fin. Officer,False,True,False,A,378400,0.0,938196,D
2012-02-09,2012-02-07,Koonin Steven R,0001405614,,True,False,False,A,19200,0.0,79920,D
2012-02-09,2012-02-07,Kim Shane,0001523958,,True,False,False,A,19200,0.0,37680,D
2012-02-09,2012-02-07,FONTAINE R RICHARD,0001136733,Chairman International,True,True,False,A,19200,0.0,749352,D
2012-02-09,2012-02-07,DEMATTEO DANIEL A,0001166817,Executive Chairman,True,True,False,A,106800,0.0,1286192,D
2012-02-09,2012-02-07,DEMATTEO DANIEL A,0001166817,Executive Chairman,True,True,False,A,106800,0.0,1179392,D
2012-02-09,2012-02-07,DEMATTEO DANIEL A,0001166817,Executive Chairman,True,True,False,A,213600,0.0,1072592,D
2012-02-09,2012-02-07,Davis Jerome L,0001294199,,True,False,False,A,19200,0.0,166360,D
2012-02-09,2012-02-07,Crawford Troy W.,0001495241,Sr. VP & Chief Accounting Off.,False,True,False,A,51600,0.0,162176,D
2012-02-09,2012-02-07,Bartel Tony,0001391398,President,False,True,False,A,204000,0.0,822620,D
2012-02-09,2012-02-07,Bartel Tony,0001391398,President,False,True,False,A,513600,0.0,1438220,D
2012-02-09,2012-02-07,Bartel Tony,0001391398,President,False,True,False,A,102000,0.0,924620,D
2012-03-22,2012-03-22,Raines Julian Paul,0001315015,Chief Executive Officer,False,True,False,D,-5000,0.0,2157768,D
2012-03-22,2012-03-22,Mauler Michael,0001481036,Ex. VP-GameStop International,False,True,False,D,-1500,0.0,674224,D
2012-03-22,2012-03-22,Lloyd Robert Alan,0001352220,Ex. VP & Chief Fin. Officer,False,True,False,D,-2100,0.0,936096,D
2012-03-22,2012-03-22,DEMATTEO DANIEL A,0001166817,Executive Chairman,True,True,False,D,-4500,0.0,1281692,D
2012-03-22,2012-03-22,Bartel Tony,0001391398,President,False,True,False,D,-3000,0.0,1435220,D
2012-04-02,2012-04-02,SHERN STEPHANIE M,0001174708,,True,False,False,S,-20400,5.435,43856,D
2013-02-11,2012-05-02,Bartel Tony,0001391398,President,False,True,False,G,-17500,0.0,1480600,D
2012-05-21,2012-05-21,Raines Julian Paul,0001315015,Chief Executive Officer,False,True,False,P,26280,4.7525,2184048,D
2012-05-23,2012-05-23,Bartel Tony,0001391398,President,False,True,False,P,62880,4.7375,1498100,D
2012-06-26,2012-06-25,VRABECK KATHY P,0001093166,,True,False,False,A,26160,0.0,26160,D
2012-07-11,2012-07-10,SZCZEPANSKI GERALD R,0001178515,,True,False,False,M,168000,1.8875,438800,D
2012-07-27,2012-07-25,KELLY THOMAS N JR,0001196636,,True,False,False,A,28536,0.0,28536,D
2013-02-11,2012-09-04,Lloyd Robert Alan,0001352220,Ex. VP & Chief Fin. Officer,False,True,False,G,-42000,0.0,894096,D
2013-02-11,2012-09-04,Bartel Tony,0001391398,President,False,True,False,G,-19900,0.0,1455700,D
2013-02-11,2012-09-04,Bartel Tony,0001391398,President,False,True,False,G,-5000,0.0,1475600,D
2013-02-11,2012-09-09,Raines Julian Paul,0001315015,Chief Executive Officer,False,True,False,G,-36400,0.0,2147648,D
2012-11-26,2012-09-12,FONTAINE R RICHARD,0001136733,Chairman International,True,True,False,G,-100000,0.0,649352,D
2013-02-11,2012-09-28,DEMATTEO DANIEL A,0001166817,Executive Chairman,False,True,False,G,-100000,0.0,1181692,D
2013-02-26,2012-11-14,Hogan Michael P,0001560915,"EVP, Strat. Bus. & Brand Dev.",False,True,False,G,-8000,0.0,174632,D
2012-11-26,2012-11-21,FONTAINE R RICHARD,0001136733,Chairman International,True,True,False,S,-400000,6.7425,1049352,D
2012-11-26,2012-11-21,FONTAINE R RICHARD,0001136733,Chairman International,True,True,False,M,800000,2.3225,1449352,D
2013-02-11,2013-02-07,Raines Julian Paul,0001315015,Chief Executive Officer,False,True,False,F,-47656,6.3525,2099992,D
2013-02-11,2013-02-07,Mauler Michael,0001481036,Ex. VP-GameStop International,False,True,False,F,-11340,6.3525,662884,D
2013-02-11,2013-02-07,Lloyd Robert Alan,0001352220,Ex. VP & Chief Fin. Officer,False,True,False,F,-20136,6.3525,873960,D
2013-02-11,2013-02-07,DEMATTEO DANIEL A,0001166817,Executive Chairman,False,True,False,F,-29872,6.3525,1151820,D
2013-02-11,2013-02-07,Bartel Tony,0001391398,President,False,True,False,F,-28528,6.3525,1427172,D
2013-02-26,2013-02-22,ZILAVY LAWRENCE S,0001176169,,True,False,False,A,18240,0.0,175440,D
2013-02-26,2013-02-22,VRABECK KATHY P,0001093166,,True,False,False,A,18240,0.0,44400,D
2013-02-26,2013-02-22,SZCZEPANSKI GERALD R,0001178515,,True,False,False,A,18240,0.0,457040,D
2013-02-26,2013-02-22,SHERN STEPHANIE M,0001174708,,True,False,False,A,18240,0.0,62096,D
2013-02-26,2013-02-22,Raines Julian Paul,0001315015,Chief Executive Officer,False,True,False,A,161280,0.0,2583832,D
2013-02-26,2013-02-22,Raines Julian Paul,0001315015,Chief Executive Officer,False,True,False,A,161280,0.0,2261272,D
2013-02-26,2013-02-22,Raines Julian Paul,0001315015,Chief Executive Officer,False,True,False,A,161280,0.0,2422552,D
2013-02-26,2013-02-22,Mauler Michael,0001481036,Ex. VP-GameStop International,False,True,False,A,48360,0.0,711244,D
2013-02-26,2013-02-22,Mauler Michael,0001481036,Ex. VP-GameStop International,False,True,False,A,48360,0.0,807964,D
2013-02-26,2013-02-22,Mauler Michael,0001481036,Ex. VP-GameStop International,False,True,False,A,48360,0.0,759604,D
2013-02-26,2013-02-22,Lloyd Robert Alan,0001352220,Ex. VP & Chief Fin. Officer,False,True,False,A,67800,0.0,1077360,D
2013-02-26,2013-02-22,Lloyd Robert Alan,0001352220,Ex. VP & Chief Fin. Officer,False,True,False,A,67800,0.0,1009560,D
2013-02-26,2013-02-22,Lloyd Robert Alan,0001352220,Ex. VP & Chief Fin. Officer,False,True,False,A,67800,0.0,941760,D
2013-02-26,2013-02-22,Koonin Steven R,0001405614,,True,False,False,A,18240,0.0,98160,D
2013-02-26,2013-02-22,Kim Shane,0001523958,,True,False,False,A,18240,0.0,55920,D
2013-02-26,2013-02-22,KELLY THOMAS N JR,0001196636,,True,False,False,A,18240,0.0,46776,D
2013-02-26,2013-02-22,Hogan Michael P,0001560915,"EVP, Strat. Bus. & Brand Dev.",False,True,False,A,48360,0.0,222992,D
2013-02-26,2013-02-22,Hogan Michael P,0001560915,"EVP, Strat. Bus. & Brand Dev.",False,True,False,A,48360,0.0,271352,D
2013-02-26,2013-02-22,Hogan Michael P,0001560915,"EVP, Strat. Bus. & Brand Dev.",False,True,False,A,48360,0.0,319712,D
2013-02-26,2013-02-22,Hogan Michael P,0001560915,"EVP, Strat. Bus. & Brand Dev.",False,True,False,A,241760,0.0,561472,D
2013-02-26,2013-02-22,FONTAINE R RICHARD,0001136733,Chairman International,True,True,False,A,18240,0.0,1067592,D
2013-02-26,2013-02-22,DEMATTEO DANIEL A,0001166817,Executive Chairman,True,True,False,A,100800,0.0,1252620,D
2013-02-26,2013-02-22,DEMATTEO DANIEL A,0001166817,Executive Chairman,True,True,False,A,100800,0.0,1454220,D
2013-02-26,2013-02-22,DEMATTEO DANIEL A,0001166817,Executive Chairman,True,True,False,A,100800,0.0,1353420,D
2013-02-26,2013-02-22,Davis Jerome L,0001294199,,True,False,False,A,18240,0.0,184600,D
2013-02-26,2013-02-22,Crawford Troy W.,0001495241,Sr. VP & Chief Accounting Off.,False,True,False,A,178920,0.0,389456,D
2013-02-26,2013-02-22,Crawford Troy W.,0001495241,Sr. VP & Chief Accounting Off.,False,True,False,A,48360,0.0,210536,D
2013-02-26,2013-02-22,Bartel Tony,0001391398,President,False,True,False,A,96720,0.0,1523892,D
2013-02-26,2013-02-22,Bartel Tony,0001391398,President,False,True,False,A,96720,0.0,1717332,D
2013-02-26,2013-02-22,Bartel Tony,0001391398,President,False,True,False,A,96720,0.0,1620612,D
2013-04-03,2013-03-04,Mauler Michael,0001481036,Ex. VP-GameStop International,False,True,False,G,-2000,0.0,805964,D
2013-04-03,2013-04-01,Raines Julian Paul,0001315015,Chief Executive Officer,True,True,False,D,-34080,0.0,2549752,D
2013-04-03,2013-04-01,Raines Julian Paul,0001315015,Chief Executive Officer,True,True,False,F,-19064,7.44,2530688,D
2013-04-03,2013-04-01,Mauler Michael,0001481036,Ex. VP-GameStop International,False,True,False,F,-5776,7.44,789868,D
2013-04-03,2013-04-01,Mauler Michael,0001481036,Ex. VP-GameStop International,False,True,False,D,-10320,0.0,795644,D
2013-04-03,2013-04-01,Lloyd Robert Alan,0001352220,Ex. VP & Chief Fin. Officer,False,True,False,F,-8056,7.44,1054904,D
2013-04-03,2013-04-01,Lloyd Robert Alan,0001352220,Ex. VP & Chief Fin. Officer,False,True,False,D,-14400,0.0,1062960,D
2013-04-03,2013-04-01,DEMATTEO DANIEL A,0001166817,Executive Chairman,True,True,False,D,-21360,0.0,1432860,D
2013-04-03,2013-04-01,DEMATTEO DANIEL A,0001166817,Executive Chairman,True,True,False,F,-11948,7.44,1420912,D
2013-04-03,2013-04-01,Bartel Tony,0001391398,President,False,True,False,F,-11412,7.44,1685520,D
2013-04-03,2013-04-01,Bartel Tony,0001391398,President,False,True,False,D,-20400,0.0,1696932,D
2013-06-06,2013-06-02,Lloyd Robert Alan,0001352220,Ex. VP & Chief Fin. Officer,False,True,False,F,-19580,8.29,1035324,D
2013-09-24,2013-06-14,Lloyd Robert Alan,0001352220,Ex. VP & Chief Fin. Officer,False,True,False,G,-6480,0.0,1028844,D
2013-09-24,2013-06-14,Bartel Tony,0001391398,President,False,True,False,G,-29820,0.0,1655700,D
2014-06-26,2013-07-24,Kim Shane,0001523958,,True,False,False,G,-240,0.0,55680,D
2013-09-24,2013-09-20,SZCZEPANSKI GERALD R,0001178515,,True,False,False,M,139952,4.485,596992,D
2013-09-24,2013-09-20,SZCZEPANSKI GERALD R,0001178515,,True,False,False,S,-331908,12.4625,265084,D
2013-09-24,2013-09-20,SHERN STEPHANIE M,0001174708,,True,False,False,S,-7800,12.8125,54296,D
2013-09-24,2013-09-20,Raines Julian Paul,0001315015,Chief Executive Officer,True,True,False,S,-440000,12.4375,2090688,D
2013-09-24,2013-09-20,Mauler Michael,0001481036,Ex. VP-GameStop International,False,True,False,S,-200000,12.44,741868,D
2013-09-24,2013-09-20,Mauler Michael,0001481036,Ex. VP-GameStop International,False,True,False,M,152000,5.1725,941868,D
2013-09-24,2013-09-20,Lloyd Robert Alan,0001352220,Ex. VP & Chief Fin. Officer,False,True,False,M,72000,2.5325,1100844,D
2013-09-24,2013-09-20,Lloyd Robert Alan,0001352220,Ex. VP & Chief Fin. Officer,False,True,False,S,-219200,12.445,977644,D
2013-09-24,2013-09-20,Lloyd Robert Alan,0001352220,Ex. VP & Chief Fin. Officer,False,True,False,M,96000,5.1725,1196844,D
2013-09-24,2013-09-20,Hogan Michael P,0001560915,"EVP, Strat. Bus. & Brand Dev.",False,True,False,S,-93432,12.4475,468040,D
2013-09-24,2013-09-20,DEMATTEO DANIEL A,0001166817,Executive Chairman,True,True,False,M,400000,2.3225,1820912,D
2013-09-24,2013-09-20,DEMATTEO DANIEL A,0001166817,Executive Chairman,True,True,False,S,-433064,12.47,1420912,D
2013-09-24,2013-09-20,DEMATTEO DANIEL A,0001166817,Executive Chairman,True,True,False,M,33064,2.5325,1853976,D
2013-09-24,2013-09-20,Davis Jerome L,0001294199,,True,False,False,S,-28000,12.45,156600,D
2013-09-24,2013-09-20,Crawford Troy W.,0001495241,Sr. VP & Chief Accounting Off.,False,True,False,S,-80000,12.4475,309456,D
2013-09-24,2013-09-20,Bartel Tony,0001391398,President,False,True,False,S,-331940,12.455,1655700,D
2013-09-24,2013-09-20,Bartel Tony,0001391398,President,False,True,False,M,331940,5.1725,1987640,D
2013-09-24,2013-09-23,SZCZEPANSKI GERALD R,0001178515,,True,False,False,S,-154004,12.395,137040,D
2013-09-24,2013-09-23,SZCZEPANSKI GERALD R,0001178515,,True,False,False,M,25960,4.485,291044,D
2013-09-24,2013-09-23,Lloyd Robert Alan,0001352220,Ex. VP & Chief Fin. Officer,False,True,False,S,-68800,12.3725,908844,D
2013-09-24,2013-09-23,DEMATTEO DANIEL A,0001166817,Executive Chairman,True,True,False,S,-1166936,12.38,1420912,D
2013-09-24,2013-09-23,DEMATTEO DANIEL A,0001166817,Executive Chairman,True,True,False,M,1166936,2.5325,2587848,D
2013-09-24,2013-09-23,Bartel Tony,0001391398,President,False,True,False,S,-113200,12.4025,1655700,D
2013-09-24,2013-09-23,Bartel Tony,0001391398,President,False,True,False,M,113200,5.1725,1768900,D
2013-09-24,2013-09-24,SZCZEPANSKI GERALD R,0001178515,,True,False,False,S,-26088,12.5,137040,D
2013-09-24,2013-09-24,SZCZEPANSKI GERALD R,0001178515,,True,False,False,M,26088,4.485,163128,D
2013-09-24,2013-09-24,Bartel Tony,0001391398,President,False,True,False,M,214860,5.1725,1870560,D
2013-09-24,2013-09-24,Bartel Tony,0001391398,President,False,True,False,S,-214860,12.535,1655700,D
2013-10-01,2013-10-01,ZILAVY LAWRENCE S,0001176169,,True,False,False,S,-60000,12.5225,115440,D
2014-06-26,2013-10-16,SZCZEPANSKI GERALD R,0001178515,,True,False,False,G,-21920,0.0,115120,D
2013-10-18,2013-10-17,Koonin Steven R,0001405614,,True,False,False,S,-8400,12.8825,89760,D
2014-06-26,2013-11-25,Kim Shane,0001523958,,True,False,False,G,-800,0.0,54880,D
2014-02-05,2013-11-25,Raines Julian Paul,0001315015,Chief Executive Officer,True,True,False,G,-40416,0.0,2050272,D
2014-02-05,2013-11-25,DEMATTEO DANIEL A,0001166817,Executive Chairman,True,True,False,G,-8024,0.0,1412888,D
2013-11-27,2013-11-25,Mauler Michael,0001481036,Ex. VP-GameStop International,False,True,False,S,-48000,12.58,693868,D
2014-06-26,2013-12-05,SZCZEPANSKI GERALD R,0001178515,,True,False,False,G,-25920,0.0,89200,D
2014-02-05,2013-12-12,Lloyd Robert Alan,0001352220,Ex. VP & Chief Fin. Officer,False,True,False,G,-28160,0.0,880684,D
2013-12-13,2013-12-12,FONTAINE R RICHARD,0001136733,,True,False,False,S,-328000,11.4325,1067592,D
2013-12-13,2013-12-12,FONTAINE R RICHARD,0001136733,,True,False,False,M,328000,2.3225,1395592,D
2014-02-05,2013-12-13,Bartel Tony,0001391398,President,False,True,False,G,-48000,0.0,1607700,D
2014-01-21,2014-01-16,Koonin Steven R,0001405614,,True,False,False,S,-8400,9.1825,81360,D
2014-01-21,2014-01-16,Mauler Michael,0001481036,Ex. VP-GameStop International,False,True,False,S,-24000,9.5,669868,D
2014-02-05,2014-02-02,Raines Julian Paul,0001315015,Chief Executive Officer,True,True,False,F,-17700,8.7675,2032572,D
2014-02-05,2014-02-02,Mauler Michael,0001481036,Ex. VP-GameStop International,False,True,False,F,-5588,8.7675,664280,D
2014-02-05,2014-02-02,Lloyd Robert Alan,0001352220,Ex. VP & Chief Fin. Officer,False,True,False,F,-7648,8.7675,873036,D
2014-02-05,2014-02-02,Hogan Michael P,0001560915,"EVP, Strat. Bus. & Brand Dev.",False,True,False,F,-3068,8.7675,464972,D
2014-02-05,2014-02-02,DEMATTEO DANIEL A,0001166817,Executive Chairman,True,True,False,F,-15992,8.7675,1396896,D
2014-02-05,2014-02-02,Crawford Troy W.,0001495241,Sr. VP & Chief Accounting Off.,False,True,False,F,-3176,8.7675,306280,D
2014-02-05,2014-02-02,Bartel Tony,0001391398,President,False,True,False,F,-10712,8.7675,1596988,D
2014-02-03,2014-02-03,SHERN STEPHANIE M,0001174708,,True,False,False,S,-22812,8.6825,31484,D
2014-02-11,2014-02-07,Raines Julian Paul,0001315015,Chief Executive Officer,True,True,False,F,-66720,8.875,1965852,D
2014-02-11,2014-02-07,Mauler Michael,0001481036,Ex. VP-GameStop International,False,True,False,F,-13176,8.875,651104,D
2014-02-11,2014-02-07,Lloyd Robert Alan,0001352220,Ex. VP & Chief Fin. Officer,False,True,False,F,-22416,8.875,850620,D
2014-02-11,2014-02-07,Hogan Michael P,0001560915,"EVP, Strat. Bus. & Brand Dev.",False,True,False,F,-4708,8.875,460264,D
2014-02-11,2014-02-07,DEMATTEO DANIEL A,0001166817,Executive Chairman,True,True,False,F,-41820,8.875,1355076,D
2014-02-11,2014-02-07,Crawford Troy W.,0001495241,Sr. VP & Chief Accounting Off.,False,True,False,F,-4708,8.875,301572,D
2014-02-11,2014-02-07,Bartel Tony,0001391398,President,False,True,False,F,-38736,8.875,1558252,D
2014-02-25,2014-02-22,Raines Julian Paul,0001315015,Chief Executive Officer,True,True,False,F,-22556,8.89,1943296,D
2014-02-25,2014-02-22,Mauler Michael,0001481036,Ex. VP-GameStop International,False,True,False,F,-4972,8.89,646132,D
2014-02-25,2014-02-22,Lloyd Robert Alan,0001352220,Ex. VP & Chief Fin. Officer,False,True,False,F,-9484,8.89,841136,D
2014-02-25,2014-02-22,Hogan Michael P,0001560915,"EVP, Strat. Bus. & Brand Dev.",False,True,False,F,-4412,8.89,455852,D
2014-02-25,2014-02-22,DEMATTEO DANIEL A,0001166817,Executive Chairman,True,True,False,F,-14096,8.89,1340980,D
2014-02-25,2014-02-22,Crawford Troy W.,0001495241,Sr. VP & Chief Accounting Off.,False,True,False,F,-4412,8.89,297160,D
2014-02-25,2014-02-22,Bartel Tony,0001391398,President,False,True,False,F,-13528,8.89,1544724,D
2014-03-11,2014-03-07,Raines Julian Paul,0001315015,Chief Executive Officer,True,True,False,A,129840,0.0,2073136,D
2014-03-11,2014-03-07,Raines Julian Paul,0001315015,Chief Executive Officer,True,True,False,A,129840,0.0,2202976,D
2014-03-11,2014-03-07,Raines Julian Paul,0001315015,Chief Executive Officer,True,True,False,A,129840,0.0,2332816,D
2014-03-11,2014-03-07,Mauler Michael,0001481036,Ex. VP-GameStop International,False,True,False,A,31200,0.0,708532,D
2014-03-11,2014-03-07,Mauler Michael,0001481036,Ex. VP-GameStop International,False,True,False,A,31200,0.0,739732,D
2014-03-11,2014-03-07,Mauler Michael,0001481036,Ex. VP-GameStop International,False,True,False,A,31200,0.0,677332,D
2014-03-11,2014-03-07,Lloyd Robert Alan,0001352220,Ex. VP & Chief Fin. Officer,False,True,False,A,43680,0.0,928496,D
2014-03-11,2014-03-07,Lloyd Robert Alan,0001352220,Ex. VP & Chief Fin. Officer,False,True,False,A,43680,0.0,972176,D
2014-03-11,2014-03-07,Lloyd Robert Alan,0001352220,Ex. VP & Chief Fin. Officer,False,True,False,A,43680,0.0,884816,D
2014-03-11,2014-03-07,Hogan Michael P,0001560915,"EVP, Strat. Bus. & Brand Dev.",False,True,False,A,31200,0.0,549452,D
2014-03-11,2014-03-07,Hogan Michael P,0001560915,"EVP, Strat. Bus. & Brand Dev.",False,True,False,A,31200,0.0,518252,D
2014-03-11,2014-03-07,Hogan Michael P,0001560915,"EVP, Strat. Bus. & Brand Dev.",False,True,False,A,31200,0.0,487052,D
2014-03-11,2014-03-07,DEMATTEO DANIEL A,0001166817,Executive Chairman,True,True,False,A,64920,0.0,1470820,D
2014-03-11,2014-03-07,DEMATTEO DANIEL A,0001166817,Executive Chairman,True,True,False,A,64920,0.0,1535740,D
2014-03-11,2014-03-07,DEMATTEO DANIEL A,0001166817,Executive Chairman,True,True,False,A,64920,0.0,1405900,D
2014-03-11,2014-03-07,Crawford Troy W.,0001495241,Sr. VP & Chief Accounting Off.,False,True,False,A,31200,0.0,328360,D
2014-03-11,2014-03-07,Bartel Tony,0001391398,President,False,True,False,A,62400,0.0,1607124,D
2014-03-11,2014-03-07,Bartel Tony,0001391398,President,False,True,False,A,62400,0.0,1731924,D
2014-03-11,2014-03-07,Bartel Tony,0001391398,President,False,True,False,A,62400,0.0,1669524,D
2014-04-01,2014-03-31,Mauler Michael,0001481036,Ex. VP-GameStop International,False,True,False,S,-24000,10.125,715732,D
2014-04-01,2014-03-31,Crawford Troy W.,0001495241,Sr. VP & Chief Accounting Off.,False,True,False,S,-2224,10.18,288360,D
2014-04-01,2014-03-31,Crawford Troy W.,0001495241,Sr. VP & Chief Accounting Off.,False,True,False,S,-37776,10.1275,290584,D
2014-04-04,2014-04-02,Raines Julian Paul,0001315015,Chief Executive Officer,True,True,False,A,4032,0.0,2336848,D
2014-04-04,2014-04-02,Raines Julian Paul,0001315015,Chief Executive Officer,True,True,False,F,-23120,10.8425,2313728,D
2014-04-04,2014-04-02,Mauler Michael,0001481036,Ex. VP-GameStop International,False,True,False,F,-6932,10.8425,710012,D
2014-04-04,2014-04-02,Mauler Michael,0001481036,Ex. VP-GameStop International,False,True,False,A,1212,0.0,716944,D
2014-04-04,2014-04-02,Lloyd Robert Alan,0001352220,Ex. VP & Chief Fin. Officer,False,True,False,F,-9720,10.8425,964160,D
2014-04-04,2014-04-02,Lloyd Robert Alan,0001352220,Ex. VP & Chief Fin. Officer,False,True,False,A,1704,0.0,973880,D
2014-04-04,2014-04-02,Hogan Michael P,0001560915,"EVP, Strat. Bus. & Brand Dev.",False,True,False,F,-4520,10.8425,546144,D
2014-04-04,2014-04-02,Hogan Michael P,0001560915,"EVP, Strat. Bus. & Brand Dev.",False,True,False,A,1212,0.0,550664,D
2014-04-04,2014-04-02,DEMATTEO DANIEL A,0001166817,Executive Chairman,True,True,False,F,-14448,10.8425,1523812,D
2014-04-04,2014-04-02,DEMATTEO DANIEL A,0001166817,Executive Chairman,True,True,False,A,2520,0.0,1538260,D
2014-04-04,2014-04-02,Bartel Tony,0001391398,President,False,True,False,F,-13864,10.8425,1720484,D
2014-04-04,2014-04-02,Bartel Tony,0001391398,President,False,True,False,A,2424,0.0,1734348,D
2014-04-17,2014-04-17,Koonin Steven R,0001405614,,True,False,False,S,-8400,10.16,72960,D
2014-06-26,2014-06-24,Davis Jerome L,0001294199,,True,False,False,A,13920,0.0,170520,D
2014-06-26,2014-06-24,ZILAVY LAWRENCE S,0001176169,,True,False,False,A,13920,0.0,129360,D
2014-06-26,2014-06-24,VRABECK KATHY P,0001093166,,True,False,False,A,13920,0.0,58320,D
2014-06-26,2014-06-24,SZCZEPANSKI GERALD R,0001178515,,True,False,False,A,13920,0.0,103120,D
2014-06-26,2014-06-24,SHERN STEPHANIE M,0001174708,,True,False,False,A,13920,0.0,45404,D
2014-06-26,2014-06-24,Koonin Steven R,0001405614,,True,False,False,A,13920,0.0,86880,D
2014-06-26,2014-06-24,Kim Shane,0001523958,,True,False,False,A,13920,0.0,68800,D
2014-06-26,2014-06-24,KELLY THOMAS N JR,0001196636,,True,False,False,A,13920,0.0,60696,D
2014-06-26,2014-06-24,FONTAINE R RICHARD,0001136733,,True,False,False,A,13920,0.0,1081512,D
2014-06-30,2014-06-27,FONTAINE R RICHARD,0001136733,,True,False,False,S,-360000,10.105,1221512,D
2014-06-30,2014-06-27,FONTAINE R RICHARD,0001136733,,True,False,False,M,500000,2.5325,1581512,D
2014-07-02,2014-07-01,ZILAVY LAWRENCE S,0001176169,,True,False,False,S,-14000,10.1225,115360,D
2014-07-18,2014-07-17,Koonin Steven R,0001405614,,True,False,False,S,-8400,10.315,78480,D
2014-09-23,2014-09-19,Mauler Michael,0001481036,Ex. VP-GameStop International,False,True,False,S,-96280,10.9075,670012,D
2014-09-23,2014-09-19,Mauler Michael,0001481036,Ex. VP-GameStop International,False,True,False,M,56280,6.205,766292,D
2014-09-23,2014-09-19,Lloyd Robert Alan,0001352220,Ex. VP & Chief Fin. Officer,False,True,False,S,-80000,10.9075,884160,D
2014-09-23,2014-09-19,Koonin Steven R,0001405614,,True,False,False,S,-7200,10.9075,71280,D
2014-09-23,2014-09-19,DEMATTEO DANIEL A,0001166817,Executive Chairman,True,True,False,S,-600000,10.9075,923812,D
2014-10-02,2014-10-01,ZILAVY LAWRENCE S,0001176169,,True,False,False,S,-14000,10.24,101360,D
2014-11-03,2014-10-30,FONTAINE R RICHARD,0001136733,,True,False,False,M,300000,2.5325,1521512,D
2014-11-03,2014-10-30,FONTAINE R RICHARD,0001136733,,True,False,False,S,-160000,10.51,1361512,D
2014-12-03,2014-12-01,SHERN STEPHANIE M,0001174708,,True,False,False,S,-41332,9.045,45404,D
2014-12-03,2014-12-01,SHERN STEPHANIE M,0001174708,,True,False,False,M,41332,4.485,86736,D
2015-02-10,2014-12-02,Bartel Tony,0001391398,President & Chief Op. Officer,False,True,False,G,-44000,0.0,1676484,D
2015-02-10,2014-12-02,Lloyd Robert Alan,0001352220,Ex. VP & Chief Fin. Officer,False,True,False,G,-29520,0.0,854640,D
2015-02-04,2014-12-08,FONTAINE R RICHARD,0001136733,,True,False,False,G,-20000,0.0,1341512,D
2014-12-09,2014-12-08,Koonin Steven R,0001405614,,True,False,False,S,-7200,8.865,64080,D
2015-02-10,2014-12-11,Raines Julian Paul,0001315015,Chief Executive Officer,True,True,False,G,-11676,0.0,2302052,D
2015-01-28,2015-01-26,BUSKEY MICHAEL T,0001631051,EVP & President-U.S. Stores,False,True,False,S,-14056,9.555,310624,D
2015-01-26,2015-01-26,ZILAVY LAWRENCE S,0001176169,,True,False,False,S,-14000,9.515,87360,D
2015-02-04,2015-02-02,FONTAINE R RICHARD,0001136733,,True,False,False,S,-400000,8.7375,1341512,D
2015-02-04,2015-02-02,FONTAINE R RICHARD,0001136733,,True,False,False,M,400000,2.5325,1741512,D
2015-02-03,2015-02-02,SHERN STEPHANIE M,0001174708,,True,False,False,M,82668,4.485,128072,D
2015-02-03,2015-02-02,SHERN STEPHANIE M,0001174708,,True,False,False,S,-82668,8.775,45404,D
2015-02-10,2015-02-07,DEMATTEO DANIEL A,0001166817,Executive Chairman,True,True,False,F,-27284,9.19,896528,D
2015-02-10,2015-02-07,Bartel Tony,0001391398,President & Chief Op. Officer,False,True,False,F,-26144,9.19,1650340,D
2015-02-10,2015-02-07,Mauler Michael,0001481036,Ex. VP-GameStop International,False,True,False,F,-13428,9.19,656584,D
2015-02-10,2015-02-07,Lloyd Robert Alan,0001352220,Ex. VP & Chief Fin. Officer,False,True,False,F,-18572,9.19,836068,D
2015-02-10,2015-02-07,BUSKEY MICHAEL T,0001631051,EVP & President-U.S. Stores,False,True,False,F,-5888,9.19,304736,D
2015-02-10,2015-02-07,Hogan Michael P,0001560915,"EVP, Strat. Bus. & Brand Dev.",False,True,False,F,-4984,9.19,541160,D
2015-02-10,2015-02-07,Raines Julian Paul,0001315015,Chief Executive Officer,True,True,False,F,-50776,9.19,2251276,D
2015-02-10,2015-02-07,Crawford Troy W.,0001495241,Sr. VP & Chief Accounting Off.,False,True,False,F,-5084,9.19,283276,D
2015-02-10,2015-02-10,DEMATTEO DANIEL A,0001166817,Executive Chairman,True,True,False,F,-84320,9.51,812208,D
2015-02-24,2015-02-22,Crawford Troy W.,0001495241,Sr. VP & Chief Accounting Off.,False,True,False,F,-4412,9.3725,278864,D
2015-02-24,2015-02-22,BUSKEY MICHAEL T,0001631051,EVP & President-U.S. Stores,False,True,False,F,-4412,9.3725,300324,D
2015-02-24,2015-02-22,Raines Julian Paul,0001315015,Chief Executive Officer,True,True,False,F,-45676,9.3725,2205600,D
2015-02-24,2015-02-22,Hogan Michael P,0001560915,"EVP, Strat. Bus. & Brand Dev.",False,True,False,F,-8932,9.3725,532228,D
2015-02-24,2015-02-22,Mauler Michael,0001481036,EVP - President International,False,True,False,F,-8932,9.3725,647652,D
2015-02-24,2015-02-22,Bartel Tony,0001391398,President & Chief Op. Officer,False,True,False,F,-27392,9.3725,1622948,D
2015-02-24,2015-02-22,Lloyd Robert Alan,0001352220,Ex. VP & Chief Fin. Officer,False,True,False,F,-16248,9.3725,819820,D
2015-03-10,2015-03-06,BUSKEY MICHAEL T,0001631051,EVP & President-U.S. Stores,False,True,False,A,59880,10.04,360204,D
2015-03-10,2015-03-06,BUSKEY MICHAEL T,0001631051,EVP & President-U.S. Stores,False,True,False,A,59880,10.04,420084,D
2015-03-10,2015-03-06,DEMATTEO DANIEL A,0001166817,Executive Chairman,True,True,False,A,124560,10.04,936768,D
2015-03-10,2015-03-06,DEMATTEO DANIEL A,0001166817,Executive Chairman,True,True,False,A,124560,10.04,1061328,D
2015-03-10,2015-03-06,Raines Julian Paul,0001315015,Chief Executive Officer,True,True,False,A,249120,10.04,2703840,D
2015-03-10,2015-03-06,Raines Julian Paul,0001315015,Chief Executive Officer,True,True,False,A,249120,10.04,2454720,D
2015-03-10,2015-03-06,Crawford Troy W.,0001495241,Sr. VP & Chief Accounting Off.,False,True,False,A,25440,10.04,304304,D
2015-03-10,2015-03-06,Hogan Michael P,0001560915,"EVP, Strat. Bus. & Brand Dev.",False,True,False,A,59880,10.04,651988,D
2015-03-10,2015-03-06,Hogan Michael P,0001560915,"EVP, Strat. Bus. & Brand Dev.",False,True,False,A,59880,10.04,592108,D
2015-03-10,2015-03-06,Mauler Michael,0001481036,EVP - President International,False,True,False,A,59880,10.04,707532,D
2015-03-10,2015-03-06,Mauler Michael,0001481036,EVP - President International,False,True,False,A,59880,10.04,767412,D
2015-03-10,2015-03-06,Lloyd Robert Alan,0001352220,Ex. VP & Chief Fin. Officer,False,True,False,A,83760,10.04,987340,D
2015-03-10,2015-03-06,Lloyd Robert Alan,0001352220,Ex. VP & Chief Fin. Officer,False,True,False,A,83760,10.04,903580,D
2015-03-10,2015-03-06,Bartel Tony,0001391398,Chief Operating Officer,False,True,False,A,119640,10.04,1862228,D
2015-03-10,2015-03-06,Bartel Tony,0001391398,Chief Operating Officer,False,True,False,A,119640,10.04,1742588,D
2015-03-10,2015-03-07,BUSKEY MICHAEL T,0001631051,EVP & President-U.S. Stores,False,True,False,F,-2848,10.04,417236,D
2015-03-10,2015-03-07,Raines Julian Paul,0001315015,Chief Executive Officer,True,True,False,F,-18156,10.04,2685684,D
2015-03-10,2015-03-07,Crawford Troy W.,0001495241,Sr. VP & Chief Accounting Off.,False,True,False,F,-2848,10.04,301456,D
2015-03-10,2015-03-07,Hogan Michael P,0001560915,"EVP, Strat. Bus. & Brand Dev.",False,True,False,F,-2848,10.04,649140,D
2015-03-10,2015-03-07,Mauler Michael,0001481036,EVP - President International,False,True,False,F,-2848,10.04,764564,D
2015-03-10,2015-03-07,Lloyd Robert Alan,0001352220,Ex. VP & Chief Fin. Officer,False,True,False,F,-6108,10.04,981232,D
2015-03-10,2015-03-07,Bartel Tony,0001391398,Chief Operating Officer,False,True,False,F,-8728,10.04,1853500,D
2015-04-01,2015-03-30,ZILAVY LAWRENCE S,0001176169,,True,False,False,S,-14000,9.565,73360,D
2015-04-01,2015-03-30,Koonin Steven R,0001405614,,True,False,False,S,-7200,9.4775,56880,D
2015-04-01,2015-03-30,Raines Julian Paul,0001315015,Chief Executive Officer,True,True,False,F,-64336,9.4225,2078308,D
2015-04-01,2015-03-30,Raines Julian Paul,0001315015,Chief Executive Officer,True,True,False,D,-526000,0.0,2159684,D
2015-04-01,2015-03-30,Raines Julian Paul,0001315015,Chief Executive Officer,True,True,False,D,-17040,0.0,2142644,D
2015-04-01,2015-03-30,Raines Julian Paul,0001315015,Chief Executive Officer,True,True,False,D,-22716,0.0,2055592,D
2015-04-01,2015-03-30,Raines Julian Paul,0001315015,Chief Executive Officer,True,True,False,F,-14980,9.4225,2040612,D
2015-04-01,2015-03-30,DEMATTEO DANIEL A,0001166817,Executive Chairman,True,True,False,D,-10680,0.0,1050648,D
2015-04-01,2015-03-30,DEMATTEO DANIEL A,0001166817,Executive Chairman,True,True,False,D,-11360,0.0,998964,D
2015-04-01,2015-03-30,DEMATTEO DANIEL A,0001166817,Executive Chairman,True,True,False,F,-40324,9.4225,1010324,D
2015-04-01,2015-03-30,DEMATTEO DANIEL A,0001166817,Executive Chairman,True,True,False,F,-22472,9.4225,977288,D
2015-04-01,2015-03-30,Bartel Tony,0001391398,Chief Operating Officer,False,True,False,F,-7200,9.4225,1376592,D
2015-04-01,2015-03-30,Bartel Tony,0001391398,Chief Operating Officer,False,True,False,D,-10920,0.0,1382268,D
2015-04-01,2015-03-30,Bartel Tony,0001391398,Chief Operating Officer,False,True,False,F,-38512,9.4225,1393188,D
2015-04-01,2015-03-30,Bartel Tony,0001391398,Chief Operating Officer,False,True,False,D,-411600,0.0,1441900,D
2015-04-01,2015-03-30,Bartel Tony,0001391398,Chief Operating Officer,False,True,False,D,-10200,0.0,1431700,D
2015-04-01,2015-03-30,Mauler Michael,0001481036,EVP - President International,False,True,False,F,-17672,9.4225,486532,D
2015-04-01,2015-03-30,Mauler Michael,0001481036,EVP - President International,False,True,False,D,-5460,0.0,481072,D
2015-04-01,2015-03-30,Mauler Michael,0001481036,EVP - President International,False,True,False,F,-3600,9.4225,477480,D
2015-04-01,2015-03-30,Mauler Michael,0001481036,EVP - President International,False,True,False,D,-255200,0.0,509364,D
2015-04-01,2015-03-30,Mauler Michael,0001481036,EVP - President International,False,True,False,D,-5160,0.0,504204,D
2015-04-01,2015-03-30,Hogan Michael P,0001560915,"EVP, Strat. Bus. & Brand Dev.",False,True,False,D,-5460,0.0,643680,D
2015-04-01,2015-03-30,Hogan Michael P,0001560915,"EVP, Strat. Bus. & Brand Dev.",False,True,False,F,-2348,9.4225,641344,D
2015-04-01,2015-03-30,Lloyd Robert Alan,0001352220,Ex. VP & Chief Fin. Officer,False,True,False,D,-306400,0.0,674832,D
2015-04-01,2015-03-30,Lloyd Robert Alan,0001352220,Ex. VP & Chief Fin. Officer,False,True,False,D,-7200,0.0,667632,D
2015-04-01,2015-03-30,Lloyd Robert Alan,0001352220,Ex. VP & Chief Fin. Officer,False,True,False,F,-27184,9.4225,640448,D
2015-04-01,2015-03-30,Lloyd Robert Alan,0001352220,Ex. VP & Chief Fin. Officer,False,True,False,D,-7644,0.0,632804,D
2015-04-01,2015-03-30,Lloyd Robert Alan,0001352220,Ex. VP & Chief Fin. Officer,False,True,False,F,-5040,9.4225,630440,D
2015-04-01,2015-03-31,Raines Julian Paul,0001315015,Chief Executive Officer,True,True,False,G,-10512,0.0,2030100,D
2015-04-01,2015-04-01,Raines Julian Paul,0001315015,Chief Executive Officer,True,True,False,G,-11904,0.0,2018196,D
2015-04-13,2015-04-09,Mauler Michael,0001481036,EVP - President International,False,True,False,S,-70600,10.0,406880,D
2015-04-13,2015-04-10,Mauler Michael,0001481036,EVP - President International,False,True,False,S,-9400,10.045,397480,D
2015-09-23,2015-06-15,Lloyd Robert Alan,0001352220,Ex. VP & Chief Fin. Officer,False,True,False,G,-28000,0.0,602440,D
2015-09-09,2015-06-16,DEMATTEO DANIEL A,0001166817,Executive Chairman,True,True,False,G,-4000,0.0,973288,D
2015-06-22,2015-06-19,Koonin Steven R,0001405614,,True,False,False,S,-7200,10.8425,49680,D
2015-06-25,2015-06-23,Davis Jerome L,0001294199,,True,False,False,A,12624,0.0,183144,D
2015-06-25,2015-06-23,ZILAVY LAWRENCE S,0001176169,,True,False,False,A,12624,0.0,85984,D
2015-06-25,2015-06-23,FONTAINE R RICHARD,0001136733,,True,False,False,A,12624,0.0,1354136,D
2015-06-25,2015-06-23,KELLY THOMAS N JR,0001196636,,True,False,False,A,12624,0.0,73320,D
2015-06-25,2015-06-23,SZCZEPANSKI GERALD R,0001178515,,True,False,False,A,12624,0.0,115744,D
2015-06-25,2015-06-23,Kim Shane,0001523958,,True,False,False,A,12624,0.0,81424,D
2015-06-25,2015-06-23,Koonin Steven R,0001405614,,True,False,False,A,12624,0.0,62304,D
2015-06-25,2015-06-23,VRABECK KATHY P,0001093166,,True,False,False,A,12624,0.0,70944,D
2015-06-25,2015-06-23,SHERN STEPHANIE M,0001174708,,True,False,False,A,12624,0.0,58028,D
2015-07-06,2015-07-02,Davis Jerome L,0001294199,,True,False,False,S,-26000,11.0075,157144,D
2015-07-10,2015-07-09,FONTAINE R RICHARD,0001136733,,True,False,False,S,-400000,11.71,954136,D
2015-09-09,2015-09-04,DEMATTEO DANIEL A,0001166817,Executive Chairman,True,True,False,F,-52256,10.3125,921032,D
2015-09-23,2015-09-21,VRABECK KATHY P,0001093166,,True,False,False,S,-20000,10.49,50944,D
2015-09-23,2015-09-21,ZILAVY LAWRENCE S,0001176169,,True,False,False,S,-10000,10.485,75984,D
2015-09-23,2015-09-21,Koonin Steven R,0001405614,,True,False,False,S,-5000,10.49,57304,D
2015-09-23,2015-09-21,Lloyd Robert Alan,0001352220,Ex. VP & Chief Fin. Officer,False,True,False,M,157600,6.205,760040,D
2015-09-23,2015-09-21,Lloyd Robert Alan,0001352220,Ex. VP & Chief Fin. Officer,False,True,False,S,-186784,10.4925,573256,D
2015-09-23,2015-09-21,Mauler Michael,0001481036,EVP - President International,False,True,False,M,56280,6.205,453760,D
2015-09-23,2015-09-21,Mauler Michael,0001481036,EVP - President International,False,True,False,S,-84084,10.4925,369676,D
2015-10-22,2015-10-19,Bartel Tony,0001391398,Chief Operating Officer,False,True,False,G,-41400,0.0,1335192,D
2015-10-22,2015-10-20,Raines Julian Paul,0001315015,Chief Executive Officer,True,True,False,S,-120000,11.25,1898196,D
2015-10-22,2015-10-20,Lloyd Robert Alan,0001352220,Ex. VP & Chief Fin. Officer,False,True,False,S,-34916,11.25,538340,D
2015-10-22,2015-10-20,Hogan Michael P,0001560915,"EVP, Strat. Bus. & Brand Dev.",False,True,False,S,-33964,11.25,607380,D
2015-10-22,2015-10-20,Raines Julian Paul,0001315015,Chief Executive Officer,True,True,False,S,-120000,11.25,1898196,D
2015-10-22,2015-10-20,BUSKEY MICHAEL T,0001631051,EVP & President-U.S. Stores,False,True,False,S,-40000,11.25,377248,D
2015-10-22,2015-10-20,Crawford Troy W.,0001495241,Sr. VP & Chief Accounting Off.,False,True,False,S,-20000,11.25,281472,D
2015-10-22,2015-10-20,Bartel Tony,0001391398,Chief Operating Officer,False,True,False,S,-55180,11.25,1280012,D
2016-02-24,2015-10-22,Raines Julian Paul,0001315015,Chief Executive Officer,True,True,False,G,-73908,0.0,1824288,D
2016-02-24,2015-10-27,Lloyd Robert Alan,0001352220,Ex. VP & Chief Fin. Officer,False,True,False,G,-8000,0.0,530340,D
2015-12-02,2015-11-30,Koonin Steven R,0001405614,,True,False,False,S,-5000,8.8475,52304,D
2016-01-19,2016-01-15,SHERN STEPHANIE M,0001174708,,True,False,False,S,-12924,6.3675,45104,D
2016-02-24,2016-02-22,Hogan Michael P,0001560915,"EVP, Strat. Bus. & Brand Dev.",False,True,False,F,-95436,7.3025,511944,D
2016-02-24,2016-02-22,Crawford Troy W.,0001495241,Sr. VP & Chief Accounting Off.,False,True,False,F,-62276,7.3025,219196,D
2016-02-24,2016-02-22,Bartel Tony,0001391398,Chief Operating Officer,False,True,False,F,-17872,7.3025,1262140,D
2016-02-24,2016-02-22,Lloyd Robert Alan,0001352220,Ex. VP & Chief Fin. Officer,False,True,False,F,-12712,7.3025,517628,D
2016-02-24,2016-02-22,BUSKEY MICHAEL T,0001631051,EVP & President-U.S. Stores,False,True,False,F,-68256,7.3025,308992,D
2016-02-24,2016-02-22,Raines Julian Paul,0001315015,Chief Executive Officer,True,True,False,F,-29708,7.3025,1794580,D
2016-02-24,2016-02-22,Mauler Michael,0001481036,EVP - President International,False,True,False,F,-9216,7.3025,360460,D
2016-03-01,2016-02-26,Raines Julian Paul,0001315015,Chief Executive Officer,True,True,False,A,294720,7.635,2089300,D
2016-03-01,2016-02-26,Raines Julian Paul,0001315015,Chief Executive Officer,True,True,False,A,294720,7.635,2384020,D
2016-03-01,2016-02-26,Hogan Michael P,0001560915,"EVP, Strat. Bus. & Brand Dev.",False,True,False,A,70800,7.635,582744,D
2016-03-01,2016-02-26,Hogan Michael P,0001560915,"EVP, Strat. Bus. & Brand Dev.",False,True,False,A,70800,7.635,653544,D
2016-03-01,2016-02-26,Lloyd Robert Alan,0001352220,Ex. VP & Chief Fin. Officer,False,True,False,A,99120,7.635,715868,D
2016-03-01,2016-02-26,Lloyd Robert Alan,0001352220,Ex. VP & Chief Fin. Officer,False,True,False,A,99120,7.635,616748,D
2016-03-01,2016-02-26,Mauler Michael,0001481036,EVP - President International,False,True,False,A,70800,7.635,431260,D
2016-03-01,2016-02-26,Mauler Michael,0001481036,EVP - President International,False,True,False,A,70800,7.635,502060,D
2016-03-01,2016-02-26,BUSKEY MICHAEL T,0001631051,EVP & President-U.S. Stores,False,True,False,A,70800,7.635,379792,D
2016-03-01,2016-02-26,BUSKEY MICHAEL T,0001631051,EVP & President-U.S. Stores,False,True,False,A,70800,7.635,450592,D
2016-03-01,2016-02-26,Crawford Troy W.,0001495241,Sr. VP & Chief Accounting Off.,False,True,False,A,33480,7.635,252676,D
2016-03-01,2016-02-26,Bartel Tony,0001391398,Chief Operating Officer,False,True,False,A,141480,7.635,1545100,D
2016-03-01,2016-02-26,Bartel Tony,0001391398,Chief Operating Officer,False,True,False,A,141480,7.635,1403620,D
2016-03-01,2016-02-26,DEMATTEO DANIEL A,0001166817,Executive Chairman,True,True,False,A,78600,7.635,1078232,D
2016-03-01,2016-02-26,DEMATTEO DANIEL A,0001166817,Executive Chairman,True,True,False,A,78600,7.635,999632,D
2016-03-09,2016-03-07,Bartel Tony,0001391398,Chief Operating Officer,False,True,False,F,-13032,7.685,1521160,D
2016-03-09,2016-03-07,Hogan Michael P,0001560915,"EVP, Strat. Bus. & Brand Dev.",False,True,False,F,-7964,7.685,637204,D
2016-03-09,2016-03-07,BUSKEY MICHAEL T,0001631051,EVP & President-U.S. Stores,False,True,False,F,-4364,7.685,437852,D
2016-03-09,2016-03-07,Mauler Michael,0001481036,EVP - President International,False,True,False,F,-5196,7.685,491404,D
2016-03-09,2016-03-07,Lloyd Robert Alan,0001352220,Ex. VP & Chief Fin. Officer,False,True,False,F,-7272,7.685,700956,D
2016-03-09,2016-03-07,Crawford Troy W.,0001495241,Sr. VP & Chief Accounting Off.,False,True,False,F,-4364,7.685,244752,D
2016-03-09,2016-03-07,Raines Julian Paul,0001315015,Chief Executive Officer,True,True,False,F,-33136,7.685,2318476,D
2016-03-08,2016-03-07,Mauler Michael,0001481036,EVP - President International,False,True,False,F,-5460,7.8075,496600,D
2016-03-08,2016-03-07,Hogan Michael P,0001560915,"EVP, Strat. Bus. & Brand Dev.",False,True,False,F,-8376,7.8075,645168,D
2016-03-08,2016-03-07,BUSKEY MICHAEL T,0001631051,EVP & President-U.S. Stores,False,True,False,F,-8376,7.8075,442216,D
2016-03-08,2016-03-07,Crawford Troy W.,0001495241,Sr. VP & Chief Accounting Off.,False,True,False,F,-3560,7.8075,249116,D
2016-03-08,2016-03-07,Lloyd Robert Alan,0001352220,Ex. VP & Chief Fin. Officer,False,True,False,F,-7640,7.8075,708228,D
2016-03-08,2016-03-07,Bartel Tony,0001391398,Chief Operating Officer,False,True,False,F,-10908,7.8075,1534192,D
2016-03-08,2016-03-07,Raines Julian Paul,0001315015,Chief Executive Officer,True,True,False,F,-32408,7.8075,2351612,D
2016-03-30,2016-03-29,SHERN STEPHANIE M,0001174708,,True,False,False,S,-7076,7.7975,38028,D
2016-04-11,2016-04-07,Raines Julian Paul,0001315015,Chief Executive Officer,True,True,False,D,-24192,0.0,2302804,D
2016-04-11,2016-04-07,Raines Julian Paul,0001315015,Chief Executive Officer,True,True,False,A,8520,7.28,2326996,D
2016-04-11,2016-04-07,Raines Julian Paul,0001315015,Chief Executive Officer,True,True,False,F,-61088,7.28,2241716,D
2016-04-11,2016-04-07,DEMATTEO DANIEL A,0001166817,Executive Chairman,True,True,False,F,-37460,7.28,1030992,D
2016-04-11,2016-04-07,DEMATTEO DANIEL A,0001166817,Executive Chairman,True,True,False,A,5340,7.28,1083572,D
2016-04-11,2016-04-07,DEMATTEO DANIEL A,0001166817,Executive Chairman,True,True,False,D,-15120,0.0,1068452,D
2016-04-11,2016-04-07,Bartel Tony,0001391398,Chief Operating Officer,False,True,False,F,-36628,7.28,1475124,D
2016-04-11,2016-04-07,Bartel Tony,0001391398,Chief Operating Officer,False,True,False,D,-14508,0.0,1511752,D
2016-04-11,2016-04-07,Bartel Tony,0001391398,Chief Operating Officer,False,True,False,A,5100,7.28,1526260,D
2016-04-11,2016-04-07,Mauler Michael,0001481036,EVP - President International,False,True,False,D,-7252,0.0,486732,D
2016-04-11,2016-04-07,Mauler Michael,0001481036,EVP - President International,False,True,False,A,2580,7.28,493984,D
2016-04-11,2016-04-07,Mauler Michael,0001481036,EVP - President International,False,True,False,F,-18332,7.28,468400,D
2016-04-11,2016-04-07,Lloyd Robert Alan,0001352220,Ex. VP & Chief Fin. Officer,False,True,False,A,3600,7.28,704556,D
2016-04-11,2016-04-07,Lloyd Robert Alan,0001352220,Ex. VP & Chief Fin. Officer,False,True,False,F,-25692,7.28,668696,D
2016-04-11,2016-04-07,Lloyd Robert Alan,0001352220,Ex. VP & Chief Fin. Officer,False,True,False,D,-10168,0.0,694388,D
2016-04-11,2016-04-07,Hogan Michael P,0001560915,"EVP, Strat. Bus. & Brand Dev.",False,True,False,D,-7252,0.0,629952,D
2016-04-11,2016-04-07,Hogan Michael P,0001560915,"EVP, Strat. Bus. & Brand Dev.",False,True,False,F,-17248,7.28,612704,D
2016-06-23,2016-06-21,VRABECK KATHY P,0001093166,,True,False,False,A,21672,0.0,72616,D
2016-06-23,2016-06-21,KELLY THOMAS N JR,0001196636,,True,False,False,A,21672,0.0,94992,D
2016-06-23,2016-06-21,Kim Shane,0001523958,,True,False,False,A,21672,0.0,103096,D
2016-06-23,2016-06-21,Koonin Steven R,0001405614,,True,False,False,A,21672,0.0,73976,D
2016-06-23,2016-06-21,ZILAVY LAWRENCE S,0001176169,,True,False,False,A,21672,0.0,97656,D
2016-06-23,2016-06-21,SHERN STEPHANIE M,0001174708,,True,False,False,A,21672,0.0,59700,D
2016-06-23,2016-06-21,Davis Jerome L,0001294199,,True,False,False,A,21672,0.0,178816,D
2016-06-23,2016-06-21,SZCZEPANSKI GERALD R,0001178515,,True,False,False,A,21672,0.0,137416,D
2016-06-27,2016-06-23,Mauler Michael,0001481036,EVP - President International,False,True,False,F,-24712,6.5825,443688,D
2016-09-16,2016-09-15,Mauler Michael,0001481036,EVP - President International,False,True,False,P,40000,6.7275,483688,D
2016-10-27,2016-10-26,Lloyd Robert Alan,0001352220,Ex. VP & Chief Fin. Officer,False,True,False,F,-34576,6.1925,634120,D
2017-01-17,2017-01-13,SHERN STEPHANIE M,0001174708,,True,False,False,S,-16000,5.645,43700,D
2017-02-28,2017-02-27,Crawford Troy W.,0001495241,Sr. VP & Chief Accounting Off.,False,True,False,F,-3576,6.57,241176,D
2017-03-07,2017-03-03,Raines Julian Paul,0001315015,Chief Executive Officer,True,True,False,A,356040,6.32,2597756,D
2017-03-07,2017-03-03,Raines Julian Paul,0001315015,Chief Executive Officer,True,True,False,A,356040,6.32,2953796,D
2017-03-07,2017-03-03,Mauler Michael,0001481036,EVP - President International,False,True,False,A,85560,6.32,569248,D
2017-03-07,2017-03-03,Mauler Michael,0001481036,EVP - President International,False,True,False,A,85560,6.32,654808,D
2017-03-07,2017-03-03,DEMATTEO DANIEL A,0001166817,Executive Chairman,True,True,False,A,59400,6.32,1090392,D
2017-03-07,2017-03-03,DEMATTEO DANIEL A,0001166817,Executive Chairman,True,True,False,A,59400,6.32,1149792,D
2017-03-07,2017-03-03,Hogan Michael P,0001560915,"EVP, Strat. Bus. & Brand Dev.",False,True,False,A,85560,6.32,698264,D
2017-03-07,2017-03-03,Hogan Michael P,0001560915,"EVP, Strat. Bus. & Brand Dev.",False,True,False,A,85560,6.32,783824,D
2017-03-07,2017-03-03,Lloyd Robert Alan,0001352220,Ex. VP & Chief Fin. Officer,False,True,False,A,119640,6.32,753760,D
2017-03-07,2017-03-03,Lloyd Robert Alan,0001352220,Ex. VP & Chief Fin. Officer,False,True,False,A,119640,6.32,873400,D
2017-03-07,2017-03-03,Crawford Troy W.,0001495241,Sr. VP & Chief Accounting Off.,False,True,False,A,20220,6.32,261396,D
2017-03-07,2017-03-03,Crawford Troy W.,0001495241,Sr. VP & Chief Accounting Off.,False,True,False,A,20220,6.32,281616,D
2017-03-07,2017-03-03,BUSKEY MICHAEL T,0001631051,EVP & President-U.S. Stores,False,True,False,A,85560,6.32,608972,D
2017-03-07,2017-03-03,BUSKEY MICHAEL T,0001631051,EVP & President-U.S. Stores,False,True,False,A,85560,6.32,523412,D
2017-03-07,2017-03-03,Bartel Tony,0001391398,Chief Operating Officer,False,True,False,A,171000,6.32,1646124,D
2017-03-07,2017-03-03,Bartel Tony,0001391398,Chief Operating Officer,False,True,False,A,171000,6.32,1817124,D
2017-03-08,2017-03-06,Hogan Michael P,0001560915,"EVP, Strat. Bus. & Brand Dev.",False,True,False,F,-8540,6.32,775284,D
2017-03-08,2017-03-06,Crawford Troy W.,0001495241,Sr. VP & Chief Accounting Off.,False,True,False,F,-2244,6.32,279372,D
2017-03-08,2017-03-06,BUSKEY MICHAEL T,0001631051,EVP & President-U.S. Stores,False,True,False,F,-5780,6.32,603192,D
2017-03-08,2017-03-06,Raines Julian Paul,0001315015,Chief Executive Officer,True,True,False,F,-22708,6.32,2931088,D
2017-03-08,2017-03-06,Bartel Tony,0001391398,Chief Operating Officer,False,True,False,F,-16648,6.32,1800476,D
2017-03-08,2017-03-07,Hogan Michael P,0001560915,"EVP, Strat. Bus. & Brand Dev.",False,True,False,F,-7964,6.2275,767320,D
2017-03-08,2017-03-07,Crawford Troy W.,0001495241,Sr. VP & Chief Accounting Off.,False,True,False,F,-2828,6.2275,276544,D
2017-03-08,2017-03-07,BUSKEY MICHAEL T,0001631051,EVP & President-U.S. Stores,False,True,False,F,-2848,6.2275,600344,D
2017-03-08,2017-03-07,Raines Julian Paul,0001315015,Chief Executive Officer,True,True,False,F,-22000,6.2275,2909088,D
2017-03-08,2017-03-07,Bartel Tony,0001391398,Chief Operating Officer,False,True,False,F,-15928,6.2275,1784548,D
2017-04-04,2017-03-31,Bartel Tony,0001391398,Chief Operating Officer,False,True,False,D,-53836,0.0,1668312,D
2017-04-04,2017-03-31,Bartel Tony,0001391398,Chief Operating Officer,False,True,False,D,-62400,0.0,1722148,D
2017-04-04,2017-03-31,Bartel Tony,0001391398,Chief Operating Officer,False,True,False,F,-19784,5.615,1648528,D
2017-04-04,2017-03-31,Mauler Michael,0001481036,EVP - President International,False,True,False,F,-29812,5.615,566852,D
2017-04-04,2017-03-31,Mauler Michael,0001481036,EVP - President International,False,True,False,D,-26944,0.0,596664,D
2017-04-04,2017-03-31,Mauler Michael,0001481036,EVP - President International,False,True,False,D,-31200,0.0,623608,D
2017-04-04,2017-03-31,DEMATTEO DANIEL A,0001166817,Executive Chairman,True,True,False,F,-61716,5.615,967104,D
2017-04-04,2017-03-31,DEMATTEO DANIEL A,0001166817,Executive Chairman,True,True,False,D,-64920,0.0,1084872,D
2017-04-04,2017-03-31,DEMATTEO DANIEL A,0001166817,Executive Chairman,True,True,False,D,-56052,0.0,1028820,D
2017-04-04,2017-03-31,BUSKEY MICHAEL T,0001631051,EVP - H.R. & ThinkGeek Stores,False,True,False,D,-26944,0.0,573400,D
2017-04-04,2017-03-31,BUSKEY MICHAEL T,0001631051,EVP - H.R. & ThinkGeek Stores,False,True,False,F,-6456,5.615,566944,D
2017-04-04,2017-03-31,Raines Julian Paul,0001315015,Chief Executive Officer,True,True,False,F,-41212,5.615,2625932,D
2017-04-04,2017-03-31,Raines Julian Paul,0001315015,Chief Executive Officer,True,True,False,D,-129840,0.0,2779248,D
2017-04-04,2017-03-31,Raines Julian Paul,0001315015,Chief Executive Officer,True,True,False,D,-112104,0.0,2667144,D
2017-04-04,2017-03-31,Lloyd Robert Alan,0001352220,Ex. VP & Chief Fin. Officer,False,True,False,D,-43680,0.0,829720,D
2017-04-04,2017-03-31,Lloyd Robert Alan,0001352220,Ex. VP & Chief Fin. Officer,False,True,False,F,-60912,5.615,731116,D
2017-04-04,2017-03-31,Lloyd Robert Alan,0001352220,Ex. VP & Chief Fin. Officer,False,True,False,D,-37692,0.0,792028,D
2017-04-04,2017-03-31,Hogan Michael P,0001560915,"EVP, Strat. Bus. & Brand Dev.",False,True,False,D,-26944,0.0,709176,D
2017-04-04,2017-03-31,Hogan Michael P,0001560915,"EVP, Strat. Bus. & Brand Dev.",False,True,False,D,-31200,0.0,736120,D
2017-04-04,2017-03-31,Hogan Michael P,0001560915,"EVP, Strat. Bus. & Brand Dev.",False,True,False,F,-9904,5.615,699272,D
2017-06-29,2017-06-27,VRABECK KATHY P,0001093166,,True,False,False,A,26196,0.0,98812,D
2017-06-29,2017-06-27,Koonin Steven R,0001405614,,True,False,False,A,26196,0.0,100172,D
2017-06-29,2017-06-27,Kim Shane,0001523958,,True,False,False,A,26196,0.0,129292,D
2017-06-29,2017-06-27,ZILAVY LAWRENCE S,0001176169,,True,False,False,A,26196,0.0,123852,D
2017-06-29,2017-06-27,Davis Jerome L,0001294199,,True,False,False,A,26196,0.0,205012,D
2017-06-29,2017-06-27,SHERN STEPHANIE M,0001174708,,True,False,False,A,26196,0.0,69896,D
2017-06-29,2017-06-27,KELLY THOMAS N JR,0001196636,,True,False,False,A,26196,0.0,121188,D
2017-06-29,2017-06-27,SZCZEPANSKI GERALD R,0001178515,,True,False,False,A,26196,0.0,163612,D
2018-02-27,2017-08-29,DEMATTEO DANIEL A,0001166817,Executive Chairman,True,True,False,G,-4552,0.0,962552,D
2017-11-28,2017-11-27,SHERN STEPHANIE M,0001174708,,True,False,False,S,-16000,4.4775,53896,D
2018-02-02,2018-01-31,BUSKEY MICHAEL T,0001631051,EVP - H.R. & ThinkGeek Stores,False,True,False,F,-40376,4.2025,526568,D
2018-02-27,2018-02-23,DEMATTEO DANIEL A,0001166817,Executive Chairman,True,True,False,A,93960,3.9925,1150472,D
2018-02-27,2018-02-23,DEMATTEO DANIEL A,0001166817,Executive Chairman,True,True,False,A,93960,3.9925,1056512,D
2018-02-27,2018-02-23,Mauler Michael,0001481036,Chief Executive Officer,True,True,False,A,438360,3.9925,1005212,D
2018-02-27,2018-02-23,Mauler Michael,0001481036,Chief Executive Officer,True,True,False,A,438360,3.9925,1443572,D
2018-02-27,2018-02-23,Lloyd Robert Alan,0001352220,Ex. VP & Chief Fin. Officer,False,True,False,A,210420,3.9925,941536,D
2018-02-27,2018-02-23,Lloyd Robert Alan,0001352220,Ex. VP & Chief Fin. Officer,False,True,False,A,210420,3.9925,1151956,D
2018-02-27,2018-02-23,Crawford Troy W.,0001495241,Sr. VP & Chief Accounting Off.,False,True,False,A,93960,3.9925,370504,D
2018-02-27,2018-02-23,Kaufman Daniel,0001665514,Chief Legal & Admin. Officer,False,True,False,A,93960,3.9925,286256,D
2018-02-27,2018-02-23,Kaufman Daniel,0001665514,Chief Legal & Admin. Officer,False,True,False,A,187920,3.9925,474176,D
2018-02-27,2018-02-26,Crawford Troy W.,0001495241,Sr. VP & Chief Accounting Off.,False,True,False,F,-3312,3.9925,367192,D
2018-03-08,2018-03-06,Crawford Troy W.,0001495241,Sr. VP & Chief Accounting Off.,False,True,False,F,-2100,4.0125,365092,D
2018-04-11,2018-04-09,Crawford Troy W.,0001495241,Sr. VP & Chief Accounting Off.,False,True,False,F,-1644,3.3575,363448,D
2018-04-16,2018-04-12,Mauler Michael,0001481036,Chief Executive Officer,True,True,False,F,-31612,3.37,1385412,D
2018-04-16,2018-04-12,Mauler Michael,0001481036,Chief Executive Officer,True,True,False,D,-26548,0.0,1417024,D
2018-04-16,2018-04-12,BUSKEY MICHAEL T,0001631051,EVP - H.R. & ThinkGeek Stores,False,True,False,D,-26548,0.0,500020,D
2018-04-16,2018-04-12,BUSKEY MICHAEL T,0001631051,EVP - H.R. & ThinkGeek Stores,False,True,False,F,-38940,3.37,461080,D
2018-04-16,2018-04-12,DEMATTEO DANIEL A,0001166817,Executive Chairman,True,True,False,F,-26428,3.37,1094572,D
2018-04-16,2018-04-12,DEMATTEO DANIEL A,0001166817,Executive Chairman,True,True,False,D,-29472,0.0,1121000,D
2018-04-16,2018-04-12,Kaufman Daniel,0001665514,Chief Legal & Admin. Officer,False,True,False,F,-6344,3.37,467832,D
2018-04-16,2018-04-12,Lloyd Robert Alan,0001352220,Ex. VP & Chief Fin. Officer,False,True,False,F,-46224,3.37,1068564,D
2018-04-16,2018-04-12,Lloyd Robert Alan,0001352220,Ex. VP & Chief Fin. Officer,False,True,False,D,-37168,0.0,1114788,D
2018-06-06,2018-06-04,DEMATTEO DANIEL A,0001166817,Executive Chairman,True,True,False,A,23928,3.56,1142428,D
2018-06-06,2018-06-04,DEMATTEO DANIEL A,0001166817,Executive Chairman,True,True,False,A,23928,3.56,1118500,D
2018-06-06,2018-06-04,Lloyd Robert Alan,0001352220,Chief  Opt & Fin. Officer,False,True,False,A,76080,3.56,1220724,D
2018-06-06,2018-06-04,Lloyd Robert Alan,0001352220,Chief  Opt & Fin. Officer,False,True,False,A,76080,3.56,1144644,D
2018-06-06,2018-06-04,Kim Shane,0001523958,Int. Chief Executive Officer,True,True,False,A,421352,3.56,550644,D
2018-06-28,2018-06-26,VRABECK KATHY P,0001093166,,True,False,False,A,37412,0.0,136224,D
2018-06-28,2018-06-26,Koonin Steven R,0001405614,,True,False,False,A,37412,0.0,137584,D
2018-06-28,2018-06-26,Davis Jerome L,0001294199,,True,False,False,A,37412,0.0,242424,D
2018-06-28,2018-06-26,KELLY THOMAS N JR,0001196636,,True,False,False,A,37412,0.0,158600,D
2018-06-28,2018-06-26,ZILAVY LAWRENCE S,0001176169,,True,False,False,A,37412,0.0,161264,D
2018-06-28,2018-06-26,SZCZEPANSKI GERALD R,0001178515,,True,False,False,A,37412,0.0,201024,D
2018-08-20,2018-08-16,Teffner Carrie W.,0001473684,,True,False,False,A,36320,0.0,36320,D
2018-08-27,2018-08-23,Kaufman Daniel,0001665514,Chief Legal & Admin. Officer,False,True,False,F,-29420,4.245,438412,D
2018-08-27,2018-08-23,DEMATTEO DANIEL A,0001166817,Executive Chairman,True,True,False,F,-32232,4.245,1110196,D
2018-08-27,2018-08-23,Lloyd Robert Alan,0001352220,Chief  Opt & Fin. Officer,False,True,False,F,-82804,4.245,1137920,D
2019-02-27,2019-02-25,DEMATTEO DANIEL A,0001166817,Executive Chairman,True,True,False,F,-2368,2.7575,1107828,D
2019-02-27,2019-02-25,Lloyd Robert Alan,0001352220,Chief  Opt & Fin. Officer,False,True,False,F,-5976,2.7575,1131944,D
2019-02-27,2019-02-25,Crawford Troy W.,0001495241,Sr. VP & Chief Accounting Off.,False,True,False,F,-8612,2.7575,354836,D
2019-02-28,2019-02-26,Crawford Troy W.,0001495241,Sr. VP & Chief Accounting Off.,False,True,False,F,-2620,2.8875,352216,D
2019-03-06,2019-03-04,Crawford Troy W.,0001495241,Sr. VP & Chief Accounting Off.,False,True,False,F,-1628,2.925,350588,D
2019-03-28,2019-03-26,Kaufman Daniel,0001665514,Chief Legal & Admin. Officer,False,True,False,D,-20220,0.0,418192,D
2019-03-28,2019-03-26,Crawford Troy W.,0001495241,Sr. VP & Chief Accounting Off.,False,True,False,D,-20220,0.0,330368,D
2019-03-28,2019-03-26,DEMATTEO DANIEL A,0001166817,Executive Chairman,True,True,False,D,-59400,0.0,1048428,D
2019-03-28,2019-03-26,Lloyd Robert Alan,0001352220,Chief  Opt & Fin. Officer,False,True,False,D,-119640,0.0,1012304,D
2019-04-17,2019-04-15,Sherman George E Jr,0001574373,Chief Executive Officer,True,True,False,A,1006712,2.235,3691276,D
2019-04-17,2019-04-15,Sherman George E Jr,0001574373,Chief Executive Officer,True,True,False,A,1342280,2.235,2684564,D
2019-04-17,2019-04-15,Sherman George E Jr,0001574373,Chief Executive Officer,True,True,False,A,1342284,2.235,1342284,D
2019-04-17,2019-04-15,Sherman George E Jr,0001574373,Chief Executive Officer,True,True,False,A,1006712,2.235,4697988,D
2019-05-02,2019-04-30,DEMATTEO DANIEL A,0001166817,Executive Chairman,True,True,False,G,-4580,0.0,1043848,D
2019-05-13,2019-05-09,Lloyd Robert Alan,0001352220,Chief  Opt & Fin. Officer,False,True,False,A,561960,0.0,2136224,D
2019-05-13,2019-05-09,Lloyd Robert Alan,0001352220,Chief  Opt & Fin. Officer,False,True,False,A,561960,0.0,1574264,D
2019-05-13,2019-05-09,Crawford Troy W.,0001495241,Sr. VP & Chief Accounting Off.,False,True,False,A,115800,0.0,446168,D
2019-05-13,2019-05-09,DEMATTEO DANIEL A,0001166817,Executive Chairman,True,True,False,A,227040,0.0,1270888,D
2019-05-13,2019-05-09,DEMATTEO DANIEL A,0001166817,Executive Chairman,True,True,False,A,227040,0.0,1497928,D
2019-05-13,2019-05-09,Kaufman Daniel,0001665514,Chief Transformation Officer,False,True,False,A,340560,0.0,758752,D
2019-05-13,2019-05-09,Kaufman Daniel,0001665514,Chief Transformation Officer,False,True,False,A,340560,0.0,1099312,D
2019-06-05,2019-05-31,Kim Shane,0001523958,,True,False,False,F,-102600,1.895,448044,D
2019-06-14,2019-06-14,Hamlin Frank M.,0001606643,EVP & Chief Customer Officer,False,True,False,A,365232,0.0,367468,D
2019-06-14,2019-06-14,Hamlin Frank M.,0001606643,EVP & Chief Customer Officer,False,True,False,A,365232,0.0,732700,D
2019-06-14,2019-06-14,Hamlin Frank M.,0001606643,EVP & Chief Customer Officer,False,True,False,D,-115800,0.0,2236,D
2019-06-27,2019-06-25,Teffner Carrie W.,0001473684,,True,False,False,A,101084,0.0,137404,D
2019-06-27,2019-06-25,KELLY THOMAS N JR,0001196636,,True,False,False,A,101084,0.0,259684,D
2019-06-27,2019-06-25,Davis Jerome L,0001294199,,True,False,False,A,101084,0.0,343508,D
2019-06-27,2019-06-25,VRABECK KATHY P,0001093166,,True,False,False,A,101084,0.0,237308,D
2019-06-27,2019-06-25,Koonin Steven R,0001405614,,True,False,False,A,101084,0.0,238668,D
2019-06-27,2019-06-25,Dunn Lizabeth,0001775043,,True,False,False,A,101084,0.0,111876,D
2019-06-27,2019-06-25,Dunn Lizabeth,0001775043,,True,False,False,A,10792,0.0,10792,D
2019-06-27,2019-06-25,FERNANDEZ RAUL J,0001106627,,True,False,False,A,101084,0.0,111876,D
2019-06-27,2019-06-25,FERNANDEZ RAUL J,0001106627,,True,False,False,A,10792,0.0,10792,D
2019-06-27,2019-06-25,SZCZEPANSKI GERALD R,0001178515,,True,False,False,A,101084,0.0,302108,D
2019-06-27,2019-06-25,ZILAVY LAWRENCE S,0001176169,,True,False,False,A,101084,0.0,262348,D
2019-07-01,2019-07-01,Bell James A,0001622741,EVP & Chief Financial Officer,False,True,False,A,476192,0.0,476192,D
2019-07-01,2019-07-01,Bell James A,0001622741,EVP & Chief Financial Officer,False,True,False,A,476192,0.0,952384,D
2019-07-01,2019-07-01,Homeister Chris,0001587824,EVP & Chief Merch. Officer,False,True,False,A,476192,0.0,952384,D
2019-07-01,2019-07-01,Homeister Chris,0001587824,EVP & Chief Merch. Officer,False,True,False,A,476192,0.0,476192,D
2019-09-20,2019-09-18,FERNANDEZ RAUL J,0001106627,,True,False,False,P,21000,1.155,132876,D
2019-09-23,2019-09-20,Teffner Carrie W.,0001473684,,True,False,False,P,84472,1.1825,221876,D
2019-09-24,2019-09-23,SZCZEPANSKI GERALD R,0001178515,,True,False,False,P,160000,1.26,462108,D
2019-09-24,2019-09-24,FERNANDEZ RAUL J,0001106627,,True,False,False,P,19600,1.2675,152476,D
2019-09-24,2019-09-24,VRABECK KATHY P,0001093166,,True,False,False,P,80000,1.3225,317308,D
2019-09-30,2019-09-27,Dunn Lizabeth,0001775043,,True,False,False,P,20000,1.345,131876,D
2020-02-25,2019-12-03,DEMATTEO DANIEL A,0001166817,Executive Chairman,True,True,False,G,-10088,0.0,1487840,D
2020-02-25,2020-02-24,DEMATTEO DANIEL A,0001166817,Executive Chairman,True,True,False,F,-2368,1.01,1485472,D
2020-04-08,2020-03-09,DEMATTEO DANIEL A,0001166817,Executive Chairman,True,True,False,D,-117888,0.0,1367584,D
2020-04-08,2020-03-09,Kaufman Daniel,0001665514,Chief Transformation Officer,False,True,False,D,-187920,0.0,911392,D
2020-04-17,2020-04-15,Sherman George E Jr,0001574373,Chief Executive Officer,True,True,False,F,-286940,1.3175,4411048,D
2020-04-16,2020-04-15,Koonin Steven R,0001405614,,True,False,False,S,-137584,1.34,101084,D
2020-04-17,2020-04-17,Sherman George E Jr,0001574373,Chief Executive Officer,True,True,False,P,100000,1.13,4511048,D
2020-04-17,2020-04-17,Bell James A,0001622741,EVP & Chief Financial Officer,False,True,False,P,18000,1.25,970384,D
2020-05-12,2020-05-09,Kaufman Daniel,0001665514,Chief Transformation Officer,False,True,False,F,-106772,1.245,804620,D
2020-05-12,2020-05-09,DEMATTEO DANIEL A,0001166817,Executive Chairman,True,True,False,F,-55288,1.245,1312296,D
2020-06-11,2020-06-09,Hamlin Frank M.,0001606643,EVP & Chief Customer Officer,False,True,False,A,214596,0.0,947296,D
2020-06-11,2020-06-09,Hamlin Frank M.,0001606643,EVP & Chief Customer Officer,False,True,False,A,643788,0.0,1591084,D
2020-06-11,2020-06-09,Homeister Chris,0001587824,EVP & Chief Merch. Officer,False,True,False,A,278972,0.0,1231356,D
2020-06-11,2020-06-09,Homeister Chris,0001587824,EVP & Chief Merch. Officer,False,True,False,A,836916,0.0,2068272,D
2020-06-11,2020-06-09,Bell James A,0001622741,EVP & Chief Financial Officer,False,True,False,A,278972,0.0,1249356,D
2020-06-11,2020-06-09,Bell James A,0001622741,EVP & Chief Financial Officer,False,True,False,A,836916,0.0,2086272,D
2020-06-11,2020-06-09,Sherman George E Jr,0001574373,Chief Executive Officer,True,True,False,A,3701724,0.0,9446680,D
2020-06-11,2020-06-09,Sherman George E Jr,0001574373,Chief Executive Officer,True,True,False,A,1233908,0.0,5744956,D
2020-06-16,2020-06-12,Symancyk James Kevin,0001777178,,True,False,False,A,117156,0.0,149156,D
2020-06-16,2020-06-12,Symancyk James Kevin,0001777178,,True,False,False,A,32000,0.0,32000,D
2020-06-16,2020-06-12,Simon William S,0001349347,,True,False,False,A,117156,0.0,149156,D
2020-06-16,2020-06-12,Simon William S,0001349347,,True,False,False,A,32000,0.0,32000,D
2020-06-16,2020-06-12,Fils-Aime Reginald,0001810172,,True,False,False,A,117156,0.0,135008,D
2020-06-16,2020-06-12,Fils-Aime Reginald,0001810172,,True,False,False,A,17852,0.0,17852,D
2020-06-16,2020-06-12,VRABECK KATHY P,0001093166,,True,False,False,A,200840,0.0,518148,D
2020-06-16,2020-06-12,Teffner Carrie W.,0001473684,,True,False,False,A,117156,0.0,339032,D
2020-06-16,2020-06-12,FERNANDEZ RAUL J,0001106627,,True,False,False,A,117156,0.0,269632,D
2020-06-16,2020-06-12,Dunn Lizabeth,0001775043,,True,False,False,A,117156,0.0,249032,D
2020-06-16,2020-06-14,Hamlin Frank M.,0001606643,EVP & Chief Customer Officer,False,True,False,F,-29648,1.18,1561436,D
2020-06-18,2020-06-17,EVANS PAUL J.,0001538595,,True,False,False,A,117156,0.0,137156,D
2020-06-18,2020-06-17,Wolf Kurt James,0001693906,,True,False,False,A,117156,0.0,202756,D
2020-07-06,2020-07-01,Homeister Chris,0001587824,EVP & Chief Merch. Officer,False,True,False,F,-38652,1.11,2029620,D
2020-07-06,2020-07-01,Bell James A,0001622741,EVP & Chief Financial Officer,False,True,False,F,-38652,1.11,2047620,D
2020-12-21,2020-12-17,RC Ventures LLC,0001822844,,False,False,True,P,1881244,3.6925,32979644,I
2020-12-21,2020-12-18,RC Ventures LLC,0001822844,,False,False,True,P,1024356,3.9725,34004000,I
2020-12-21,2020-12-18,RC Ventures LLC,0001822844,,False,False,True,P,2000000,4.005,36004000,I
2021-01-14,2021-01-12,Wolf Kurt James,0001693906,,True,False,False,S,-640000,4.9975,444000,I
2021-01-14,2021-01-12,Wolf Kurt James,0001693906,,True,False,False,J,-542000,0.0,1084000,I
2021-01-14,2021-01-12,Wolf Kurt James,0001693906,,True,False,False,S,-2240000,4.9975,1554400,I
2021-01-15,2021-01-13,VRABECK KATHY P,0001093166,,True,False,False,S,-63776,7.6625,318148,D
2021-01-15,2021-01-13,VRABECK KATHY P,0001093166,,True,False,False,S,-136224,6.685,381924,D
2021-01-15,2021-01-13,FERNANDEZ RAUL J,0001106627,,True,False,False,S,-36540,8.26,233092,D
2021-01-15,2021-01-13,Dunn Lizabeth,0001775043,,True,False,False,S,-20000,7.835,229032,D
2021-01-14,2021-01-13,Wolf Kurt James,0001693906,,True,False,False,S,-280000,7.77,1274400,I
2021-01-14,2021-01-13,Wolf Kurt James,0001693906,,True,False,False,S,-80000,7.77,364000,I
2021-01-15,2021-01-14,FERNANDEZ RAUL J,0001106627,,True,False,False,S,-14000,10.025,219092,D
2021-01-15,2021-01-14,FERNANDEZ RAUL J,0001106627,,True,False,False,S,-29968,9.0125,189124,D
2021-01-15,2021-01-14,FERNANDEZ RAUL J,0001106627,,True,False,False,S,-57968,8.78,131156,D
2021-01-19,2021-01-15,FERNANDEZ RAUL J,0001106627,,True,False,False,S,-10000,9.52,117156,D
2021-01-19,2021-01-15,FERNANDEZ RAUL J,0001106627,,True,False,False,S,-4000,9.195,127156,D
2021-02-16,2021-02-11,Grube James,0001840480,,True,False,False,A,11604,0.0,11604,D
2021-02-16,2021-02-11,Attal Alain,0001840485,,True,False,False,A,11604,0.0,511604,D
2021-03-26,2021-03-01,Saadeh-Jajeh Diana,0001817439,"SVP, Interim CFO",False,True,False,A,11796,0.0,11796,D
2021-04-01,2021-03-30,Wolf Kurt James,0001693906,,True,False,False,J,-364000,0.0,0,I
2021-04-05,2021-04-01,Owens Jenna,0001853823,Chief Operating Officer,False,True,False,A,224764,0.0,224764,D
2021-04-14,2021-04-12,Sherman George E Jr,0001574373,Chief Executive Officer,True,True,False,D,-1342280,0.0,8104400,D
2021-04-14,2021-04-12,Sherman George E Jr,0001574373,Chief Executive Officer,True,True,False,D,-1006712,0.0,7097688,D
2021-04-14,2021-04-12,Homeister Chris,0001587824,EVP & Chief Merch. Officer,False,True,False,D,-476192,0.0,1553428,D
2021-04-16,2021-04-15,Sherman George E Jr,0001574373,Chief Executive Officer,True,True,False,F,-172340,39.11,6793300,D
2021-04-16,2021-04-15,Sherman George E Jr,0001574373,Chief Executive Officer,True,True,False,F,-132048,39.11,6965640,D
2021-04-20,2021-04-18,Sherman George E Jr,0001574373,Chief Executive Officer,True,True,False,D,-1233908,0.0,5559392,D
2021-06-21,2021-06-09,Xu Yang,0001868284,,True,False,False,A,4088,0.0,4088,D
2021-06-21,2021-06-09,Cheng Lawrence,0001868288,,True,False,False,A,4088,0.0,16088,D
2021-06-11,2021-06-09,Sherman George E Jr,0001574373,Chief Executive Officer,True,True,False,F,-485544,75.64,5073848,D
2021-06-11,2021-06-09,Grube James,0001840480,,True,False,False,A,4088,0.0,15692,D
2021-06-11,2021-06-09,Attal Alain,0001840485,,True,False,False,A,4088,0.0,515692,D
2021-06-24,2021-06-23,Grube James,0001840480,,True,False,False,S,-7600,54.445,8092,D
2021-07-06,2021-07-01,Furlong Matthew,0001870695,Chief Executive Officer,True,True,False,A,290712,0.0,0,D
2021-10-04,2021-10-01,Recupero Michael,0001873290,Chief Financial Officer,False,True,False,A,222384,0.0,222384,D
2021-10-04,2021-10-01,Saadeh-Jajeh Diana,0001817439,"SVP, Chief Accounting Officer",False,True,False,A,67436,0.0,79232,D
2022-03-03,2022-03-01,Saadeh-Jajeh Diana,0001817439,"SVP, Chief Accounting Officer",False,True,False,F,-960,29.755,78272,D
2022-03-23,2022-03-21,Cheng Lawrence,0001868288,,True,False,False,P,12000,24.115,32088,D
2022-03-23,2022-03-21,Cheng Lawrence,0001868288,,True,False,False,P,4000,23.4975,20088,D
2022-03-23,2022-03-22,Saadeh-Jajeh Diana,0001817439,"SVP, Chief Accounting Officer",False,True,False,S,-2972,31.25,75300,D
2022-03-22,2022-03-22,RC Ventures LLC,0001822844,,False,False,True,P,66112,24.5825,36098240,I
2022-03-22,2022-03-22,RC Ventures LLC,0001822844,,False,False,True,P,31248,24.8525,36129488,I
2022-03-22,2022-03-22,RC Ventures LLC,0001822844,,False,False,True,P,59520,25.0975,36189008,I
2022-03-22,2022-03-22,RC Ventures LLC,0001822844,,False,False,True,P,31600,27.07,36404000,I
2022-03-22,2022-03-22,RC Ventures LLC,0001822844,,False,False,True,P,25044,25.565,36294524,I
2022-03-22,2022-03-22,RC Ventures LLC,0001822844,,False,False,True,P,124,25.97,36294648,I
2022-03-22,2022-03-22,RC Ventures LLC,0001822844,,False,False,True,P,12676,26.0825,36307324,I
2022-03-22,2022-03-22,RC Ventures LLC,0001822844,,False,False,True,P,35340,26.36,36342664,I
2022-03-22,2022-03-22,RC Ventures LLC,0001822844,,False,False,True,P,14136,26.6375,36356800,I
2022-03-22,2022-03-22,RC Ventures LLC,0001822844,,False,False,True,P,15600,26.815,36372400,I
2022-03-22,2022-03-22,RC Ventures LLC,0001822844,,False,False,True,P,26936,24.38,36032128,I
2022-03-22,2022-03-22,RC Ventures LLC,0001822844,,False,False,True,P,1192,24.2125,36005192,I
2022-03-22,2022-03-22,RC Ventures LLC,0001822844,,False,False,True,P,80472,25.3425,36269480,I
2022-03-24,2022-03-24,Attal Alain,0001840485,,True,False,False,P,6000,32.4775,521692,D
2022-06-16,2022-06-15,Attal Alain,0001840485,,True,False,False,A,7000,28.58,528692,D
2022-06-16,2022-06-15,Grube James,0001840480,,True,False,False,A,7000,28.58,15092,D
2022-06-16,2022-06-15,Xu Yang,0001868284,,True,False,False,A,7000,28.58,11088,D
2022-06-16,2022-06-15,Cheng Lawrence,0001868288,,True,False,False,A,7000,28.58,39088,D
2022-07-06,2022-07-01,Furlong Matthew,0001870695,Chief Executive Officer,True,True,False,F,-6336,30.855,284376,D
2022-07-05,2022-07-01,Patel Nir Vinay,0001930653,Chief Operating Officer,False,True,False,A,450708,0.0,450708,D
2022-07-05,2022-07-01,Patel Nir Vinay,0001930653,Chief Operating Officer,False,True,False,A,676060,0.0,1126768,D
2022-07-12,2022-07-11,Saadeh-Jajeh Diana,0001817439,Chief Financial Officer,False,True,False,A,30924,0.0,106224,D
2022-10-04,2022-10-03,Saadeh-Jajeh Diana,0001817439,Chief Financial Officer,False,True,False,F,-1347,24.85,104877,D
2023-03-03,2023-03-01,Saadeh-Jajeh Diana,0001817439,Chief Financial Officer,False,True,False,F,-955,18.15,103922,D
2023-03-31,2023-03-29,Cheng Lawrence,0001868288,,True,False,False,P,5000,22.8,37088,I
2023-06-13,2023-06-09,Cohen Ryan,0001767470,Executive Chairman,True,True,True,P,190638,22.91,36847842,I
2023-06-13,2023-06-09,Cohen Ryan,0001767470,Executive Chairman,True,True,True,P,253204,22.25,36657204,I
2023-06-12,2023-06-09,Cheng Lawrence,0001868288,,True,False,False,P,5000,22.38,42088,I
2023-06-09,2023-06-09,Attal Alain,0001840485,,True,False,False,P,10000,22.4,538692,D
2023-06-13,2023-06-12,Robinson Mark Haymond,0001981001,General Manager,False,True,False,A,9300,0.0,85996,D
2023-06-20,2023-06-15,Xu Yang,0001868284,,True,False,False,A,8772,22.8,19860,D
2023-06-20,2023-06-15,Grube James,0001840480,,True,False,False,A,8772,22.8,23864,D
2023-06-20,2023-06-15,Cheng Lawrence,0001868288,,True,False,False,A,8772,22.8,15772,D
2023-06-20,2023-06-15,Attal Alain,0001840485,,True,False,False,A,8772,22.8,547464,D
2023-07-06,2023-07-05,Robinson Mark Haymond,0001981001,General Manager,False,True,False,S,-433,24.48,85563,D
2023-07-10,2023-07-06,Patel Nir Vinay,0001930653,Chief Operating Officer,False,True,False,S,-20149,23.27,1106619,D
2023-07-07,2023-07-06,Saadeh-Jajeh Diana,0001817439,Chief Financial Officer,False,True,False,S,-10484,23.27,93438,D
2023-07-10,2023-07-10,Patel Nir Vinay,0001930653,Chief Operating Officer,False,True,False,S,-101924,22.44,1004695,D
2023-09-11,2023-09-08,Cheng Lawrence,0001868288,,True,False,False,P,4768,17.64,53856,I
2023-09-11,2023-09-08,Attal Alain,0001840485,,True,False,False,P,15000,17.78,562464,D
2023-09-11,2023-09-11,Cheng Lawrence,0001868288,,True,False,False,P,1232,17.71,55088,I
2023-10-04,2023-10-02,Robinson Mark Haymond,0001981001,General Counsel and Secretary,False,True,False,S,-4220,15.41,81343,D
2023-10-04,2023-10-02,Moore Daniel William,0001990547,PAO and Interim PFO,False,True,False,S,-686,15.41,17307,D
2023-10-13,2023-10-12,Robinson Mark Haymond,0001981001,General Counsel and Secretary,False,True,False,S,-11966,15.48,69377,D
2023-11-03,2023-11-01,Moore Daniel William,0001990547,PAO and Interim PFO,False,True,False,A,6641,15.06,23948,D
2024-01-08,2024-01-02,Robinson Mark Haymond,0001981001,General Counsel and Secretary,False,True,False,F,-690,17.53,68687,D
2024-01-08,2024-01-02,Moore Daniel William,0001990547,PAO and Interim PFO,False,True,False,F,-985,17.53,22963,D
2024-04-03,2024-04-02,Robinson Mark Haymond,0001981001,General Counsel and Secretary,False,True,False,S,-4379,11.61,64308,D
2024-04-03,2024-04-02,Moore Daniel William,0001990547,PFO and PAO,False,True,False,S,-1052,11.61,21911,D
2024-04-10,2024-04-08,Moore Daniel William,0001990547,PFO and PAO,False,True,False,S,-526,11.25,21385,D
2024-04-09,2024-04-08,Cheng Lawrence,0001868288,,True,False,False,P,4829,11.22,59917,I
2024-04-09,2024-04-08,Cheng Lawrence,0001868288,,True,False,False,P,500,11.22,65088,I
2024-04-09,2024-04-08,Cheng Lawrence,0001868288,,True,False,False,P,313,11.21,64588,I
2024-04-09,2024-04-08,Cheng Lawrence,0001868288,,True,False,False,P,4358,11.23,64275,I
2024-04-24,2024-04-23,Robinson Mark Haymond,0001981001,General Counsel and Secretary,False,True,False,S,-13471,10.16,50837,D
2024-04-25,2024-04-24,Moore Daniel William,0001990547,PFO and PAO,False,True,False,S,-7779,10.2,13606,D
2024-05-07,2024-05-06,Robinson Mark Haymond,0001981001,General Counsel and Secretary,False,True,False,S,-214,14.51,50623,D
2024-06-14,2024-06-13,Robinson Mark Haymond,0001981001,General Counsel and Secretary,False,True,False,S,-2215,26.33,48408,D
2024-07-03,2024-07-01,Moore Daniel William,0001990547,PFO and PAO,False,True,False,A,21152,25.53,39655,D
2024-07-03,2024-07-01,Moore Daniel William,0001990547,PFO and PAO,False,True,False,A,4897,25.53,18503,D
2024-07-03,2024-07-01,Robinson Mark Haymond,0001981001,General Counsel and Secretary,False,True,False,A,11751,25.53,60159,D
2024-07-03,2024-07-02,Moore Daniel William,0001990547,PFO and PAO,False,True,False,S,-403,23.43,39252,D
2024-07-03,2024-07-02,Robinson Mark Haymond,0001981001,General Counsel and Secretary,False,True,False,S,-565,23.43,59594,D
2024-07-09,2024-07-08,Cheng Lawrence,0001868288,,True,False,False,P,4140,24.85,69228,I
2024-10-03,2024-10-02,Moore Daniel William,0001990547,PFO and PAO,False,True,False,S,-1972,21.96,37280,D
2024-10-03,2024-10-02,Robinson Mark Haymond,0001981001,General Counsel and Secretary,False,True,False,S,-4667,21.96,54927,D
2024-10-10,2024-10-07,Moore Daniel William,0001990547,PFO and PAO,False,True,False,S,-2376,21.5,34904,D
2024-10-11,2024-10-10,Robinson Mark Haymond,0001981001,General Counsel and Secretary,False,True,False,S,-11000,20.82,43927,D
2024-10-15,2024-10-11,Moore Daniel William,0001990547,PFO and PAO,False,True,False,S,-2624,21.0,32280,D
2025-01-06,2025-01-03,Moore Daniel William,0001990547,PFO and PAO,False,True,False,S,-895,31.07,31385,D
2025-01-06,2025-01-03,Robinson Mark Haymond,0001981001,General Counsel and Secretary,False,True,False,S,-1577,31.07,42350,D
2025-04-04,2025-04-02,Robinson Mark Haymond,0001981001,General Counsel and Secretary,False,True,False,S,-4687,22.53,37663,D
2025-04-04,2025-04-02,Moore Daniel William,0001990547,PFO and PAO,False,True,False,S,-1608,22.53,29777,D
2025-04-07,2025-04-03,Cheng Lawrence,0001868288,,True,False,False,P,5000,21.54,83000,I
2025-04-07,2025-04-03,Cohen Ryan,0001767470,"President, CEO and Chairman",True,True,False,P,500000,21.55,37347842,D
2025-04-10,2025-04-10,Attal Alain,0001840485,,True,False,False,P,10000,25.75,572464,D
2025-07-01,2025-06-30,Grube James,0001840480,,True,False,False,P,5575,23.71,29439,D
2025-07-03,2025-07-01,Moore Daniel William,0001990547,PFO and PAO,False,True,False,A,19843,27.34,49620,D
2025-07-03,2025-07-01,Robinson Mark Haymond,0001981001,General Counsel and Secretary,False,True,False,A,91442,27.34,129105,D
2025-07-03,2025-07-02,Moore Daniel William,0001990547,PFO and PAO,False,True,False,S,-721,23.95,48899,D
2025-07-03,2025-07-02,Robinson Mark Haymond,0001981001,General Counsel and Secretary,False,True,False,S,-1269,23.95,127836,D
2025-07-25,2025-07-23,Robinson Mark Haymond,0001981001,General Counsel and Secretary,False,True,False,S,-11055,24.18,116781,D
2025-07-25,2025-07-24,Robinson Mark Haymond,0001981001,General Counsel and Secretary,False,True,False,S,-30,23.81,116751,D
2025-08-12,2025-08-11,Moore Daniel William,0001990547,PFO and PAO,False,True,False,A,71060,23.22,119959,D
2025-09-03,2025-09-02,Moore Daniel William,0001990547,PFO and PAO,False,True,False,S,-830,22.68,119129,D
2025-10-02,2025-10-02,Moore Daniel William,0001990547,PFO and PAO,False,True,False,S,-6509,27.58,112620,D
2025-10-02,2025-10-02,Robinson Mark Haymond,0001981001,General Counsel and Secretary,False,True,False,S,-4449,27.58,112302,D
2025-12-10,2025-12-09,Robinson Mark Haymond,0001981001,General Counsel and Secretary,False,True,False,A,9561,21.84,121863,D
2025-12-29,2025-12-23,Moore Daniel William,0001990547,PFO and PAO,False,True,False,A,1081,21.38,113701,D
2025-12-29,2025-12-23,Robinson Mark Haymond,0001981001,General Counsel and Secretary,False,True,False,A,967,21.38,122830,D
2026-01-06,2026-01-02,Robinson Mark Haymond,0001981001,General Counsel and Secretary,False,True,False,S,-5475,20.4386,117355,D
2026-01-06,2026-01-02,Moore Daniel William,0001990547,PFO and PAO,False,True,False,S,-5477,20.4386,108224,D
2026-01-13,2026-01-12,Robinson Mark Haymond,0001981001,General Counsel and Secretary,False,True,False,S,-12200,21.0039,105155,D
2026-01-22,2026-01-20,Cohen Ryan,0001767470,"President, CEO and Chairman",True,True,False,P,500000,21.1174,37847842,D
2026-01-20,2026-01-20,Attal Alain,0001840485,,True,False,False,P,12000,20.8998,584464,D
2026-01-22,2026-01-21,Cohen Ryan,0001767470,"President, CEO and Chairman",True,True,False,P,500000,21.601,38347842,D
2026-01-21,2026-01-21,Attal Alain,0001840485,,True,False,False,P,12000,21.6314,596464,D
2026-01-26,2026-01-23,Cheng Lawrence,0001868288,,True,False,False,P,5000,22.8737,88000,I
