date,symbol,exchange,volume,exercised,open_interest,product_kind,expiration
2026-01-08,GME,A,2276,0,2246,OSTK,2026-01-09
2026-01-08,GME,A,51,0,51,OSTK,2026-01-16
2026-01-08,GME,A,179,0,179,OSTK,2026-01-23
2026-01-08,GME,A,288,0,288,OSTK,2026-01-30
2026-01-08,GME,A,362,0,362,OSTK,2026-02-06
2026-01-08,GME,A,59,0,59,OSTK,2026-02-13
2026-01-08,GME,A,226,0,226,OSTK,2026-02-20
2026-01-08,GME,A,44,0,44,OSTK,2026-02-27
2026-01-08,GME,A,416,0,416,OSTK,2026-04-17
2026-01-08,GME,A,18,0,18,OSTK,2026-06-18
2026-01-08,GME,A,2,0,2,OSTK,2026-07-17
2026-01-08,GME,A,135,0,135,OSTK,2026-09-18
2026-01-08,GME,A,0,0,102,OSTK,2026-10-16
2026-01-08,GME,A,59,0,59,OSTK,2026-12-18
2026-01-08,GME,A,7,0,7,OSTK,2027-01-15
2026-01-08,GME,A,12,0,12,OSTK,2027-09-17
2026-01-08,GME,A,2,0,2,OSTK,2027-12-17
2026-01-08,GME,A,89,0,9,OSTK,2028-01-21
2026-01-08,GME,A,13,0,13,OSTK,2028-12-15
2026-01-08,GME,B,1124,0,1134,OSTK,2026-01-09
2026-01-08,GME,B,154,0,80,OSTK,2026-01-16
2026-01-08,GME,B,141,0,141,OSTK,2026-01-23
2026-01-08,GME,B,76,0,76,OSTK,2026-01-30
2026-01-08,GME,B,14,0,14,OSTK,2026-02-06
2026-01-08,GME,B,8,0,8,OSTK,2026-02-13
2026-01-08,GME,B,89,0,89,OSTK,2026-02-20
2026-01-08,GME,B,5,0,5,OSTK,2026-02-27
2026-01-08,GME,B,1,0,1,OSTK,2026-04-17
2026-01-08,GME,B,39,0,39,OSTK,2026-06-18
2026-01-08,GME,B,10,0,10,OSTK,2026-07-17
2026-01-08,GME,B,49,0,49,OSTK,2026-09-18
2026-01-08,GME,B,0,0,22,OSTK,2026-10-16
2026-01-08,GME,B,80,0,80,OSTK,2026-12-18
2026-01-08,GME,B,30,0,30,OSTK,2027-01-15
2026-01-08,GME,B,11,0,11,OSTK,2027-12-17
2026-01-08,GME,B,6,0,6,OSTK,2028-01-21
2026-01-08,GME,B,70,0,70,OSTK,2028-06-16
2026-01-08,GME,B,2,0,2,OSTK,2028-12-15
2026-01-08,GME,C,2562,0,2488,OSTK,2026-01-09
2026-01-08,GME,C,505,0,445,OSTK,2026-01-16
2026-01-08,GME,C,278,0,278,OSTK,2026-01-23
2026-01-08,GME,C,607,0,443,OSTK,2026-01-30
2026-01-08,GME,C,93,0,93,OSTK,2026-02-06
2026-01-08,GME,C,164,0,164,OSTK,2026-02-13
2026-01-08,GME,C,954,0,882,OSTK,2026-02-20
2026-01-08,GME,C,90,0,90,OSTK,2026-02-27
2026-01-08,GME,C,13,0,13,OSTK,2026-04-17
2026-01-08,GME,C,1762,0,1760,OSTK,2026-06-18
2026-01-08,GME,C,8,0,8,OSTK,2026-07-17
2026-01-08,GME,C,155,0,155,OSTK,2026-09-18
2026-01-08,GME,C,0,0,124,OSTK,2026-10-16
2026-01-08,GME,C,47,0,47,OSTK,2026-12-18
2026-01-08,GME,C,37,0,37,OSTK,2027-01-15
2026-01-08,GME,C,41,0,41,OSTK,2027-12-17
2026-01-08,GME,C,5,0,5,OSTK,2028-01-21
2026-01-08,GME,C,14,0,14,OSTK,2028-06-16
2026-01-08,GME,C,38,0,38,OSTK,2028-12-15
2026-01-08,GME,D,2042,0,1882,OSTK,2026-01-09
2026-01-08,GME,D,2231,0,1879,OSTK,2026-01-16
2026-01-08,GME,D,162,0,162,OSTK,2026-01-23
2026-01-08,GME,D,130,0,78,OSTK,2026-01-30
2026-01-08,GME,D,76,0,76,OSTK,2026-02-06
2026-01-08,GME,D,24,0,24,OSTK,2026-02-13
2026-01-08,GME,D,304,0,222,OSTK,2026-02-20
2026-01-08,GME,D,4,0,4,OSTK,2026-02-27
2026-01-08,GME,D,537,0,531,OSTK,2026-04-17
2026-01-08,GME,D,79,0,79,OSTK,2026-06-18
2026-01-08,GME,D,9,0,9,OSTK,2026-07-17
2026-01-08,GME,D,14,0,14,OSTK,2026-09-18
2026-01-08,GME,D,28,0,28,OSTK,2026-10-16
2026-01-08,GME,D,14,0,14,OSTK,2026-12-18
2026-01-08,GME,D,107,0,107,OSTK,2027-01-15
2026-01-08,GME,D,4,0,4,OSTK,2027-09-17
2026-01-08,GME,D,2,0,4,OSTK,2027-12-17
2026-01-08,GME,D,208,0,124,OSTK,2028-01-21
2026-01-08,GME,D,49,0,49,OSTK,2028-12-15
2026-01-08,GME,E,9468,0,9466,OSTK,2026-01-09
2026-01-08,GME,E,9,0,9,OSTK,2026-01-16
2026-01-08,GME,E,104,0,104,OSTK,2026-01-23
2026-01-08,GME,E,182,0,182,OSTK,2026-01-30
2026-01-08,GME,E,42,0,42,OSTK,2026-02-06
2026-01-08,GME,E,20,0,20,OSTK,2026-02-13
2026-01-08,GME,E,93,0,93,OSTK,2026-02-20
2026-01-08,GME,E,46,0,46,OSTK,2026-02-27
2026-01-08,GME,E,1558,0,1558,OSTK,2026-04-17
2026-01-08,GME,E,166,0,166,OSTK,2026-06-18
2026-01-08,GME,E,3,0,3,OSTK,2026-09-18
2026-01-08,GME,E,2,0,2,OSTK,2026-10-16
2026-01-08,GME,E,33,0,33,OSTK,2026-12-18
2026-01-08,GME,E,66,0,66,OSTK,2027-01-15
2026-01-08,GME,E,32,0,32,OSTK,2027-12-17
2026-01-08,GME,E,14,0,14,OSTK,2028-01-21
2026-01-08,GME,E,4,0,4,OSTK,2028-12-15
2026-01-08,GME,H,1065,0,619,OSTK,2026-01-09
2026-01-08,GME,H,140,0,28,OSTK,2026-01-16
2026-01-08,GME,H,53,0,51,OSTK,2026-01-23
2026-01-08,GME,H,161,0,155,OSTK,2026-01-30
2026-01-08,GME,H,12,0,12,OSTK,2026-02-06
2026-01-08,GME,H,12,0,12,OSTK,2026-02-13
2026-01-08,GME,H,346,0,72,OSTK,2026-02-20
2026-01-08,GME,H,239,0,239,OSTK,2026-04-17
2026-01-08,GME,H,1,0,1,OSTK,2026-06-18
2026-01-08,GME,H,13,0,13,OSTK,2026-07-17
2026-01-08,GME,H,18,0,16,OSTK,2026-09-18
2026-01-08,GME,H,15,0,15,OSTK,2026-10-16
2026-01-08,GME,H,5,0,5,OSTK,2026-12-18
2026-01-08,GME,H,26,0,26,OSTK,2027-01-15
2026-01-08,GME,H,1,0,1,OSTK,2027-09-17
2026-01-08,GME,H,7,0,7,OSTK,2027-12-17
2026-01-08,GME,H,4,0,4,OSTK,2028-01-21
2026-01-08,GME,H,1,0,1,OSTK,2028-12-15
2026-01-08,GME,I,1815,0,1765,OSTK,2026-01-09
2026-01-08,GME,I,588,0,550,OSTK,2026-01-16
2026-01-08,GME,I,248,0,248,OSTK,2026-01-23
2026-01-08,GME,I,348,0,348,OSTK,2026-01-30
2026-01-08,GME,I,111,0,111,OSTK,2026-02-06
2026-01-08,GME,I,13,0,13,OSTK,2026-02-13
2026-01-08,GME,I,269,0,239,OSTK,2026-02-20
2026-01-08,GME,I,193,0,195,OSTK,2026-04-17
2026-01-08,GME,I,72,0,76,OSTK,2026-06-18
2026-01-08,GME,I,3,0,3,OSTK,2026-07-17
2026-01-08,GME,I,205,0,205,OSTK,2026-09-18
2026-01-08,GME,I,0,0,10,OSTK,2026-10-16
2026-01-08,GME,I,51,0,51,OSTK,2026-12-18
2026-01-08,GME,I,1,0,1,OSTK,2027-01-15
2026-01-08,GME,I,1,0,1,OSTK,2027-09-17
2026-01-08,GME,I,16,0,16,OSTK,2027-12-17
2026-01-08,GME,I,1,0,1,OSTK,2028-01-21
2026-01-08,GME,I,1,0,1,OSTK,2028-06-16
2026-01-08,GME,J,1919,0,701,OSTK,2026-01-09
2026-01-08,GME,J,20,0,14,OSTK,2026-01-16
2026-01-08,GME,J,226,0,222,OSTK,2026-01-23
2026-01-08,GME,J,106,0,44,OSTK,2026-01-30
2026-01-08,GME,J,36,0,36,OSTK,2026-02-06
2026-01-08,GME,J,107,0,1,OSTK,2026-02-13
2026-01-08,GME,J,266,48,196,OSTK,2026-02-20
2026-01-08,GME,J,9,0,9,OSTK,2026-02-27
2026-01-08,GME,J,408,0,382,OSTK,2026-04-17
2026-01-08,GME,J,1,0,1,OSTK,2026-06-18
2026-01-08,GME,J,15,0,15,OSTK,2026-07-17
2026-01-08,GME,J,5,0,5,OSTK,2026-09-18
2026-01-08,GME,J,2,0,2,OSTK,2026-10-16
2026-01-08,GME,J,4,0,4,OSTK,2026-12-18
2026-01-08,GME,J,21,0,19,OSTK,2027-01-15
2026-01-08,GME,J,27,0,27,OSTK,2027-12-17
2026-01-08,GME,J,35,0,35,OSTK,2028-01-21
2026-01-08,GME,L,984,0,970,OSTK,2026-01-09
2026-01-08,GME,L,681,0,653,OSTK,2026-01-16
2026-01-08,GME,L,39,0,39,OSTK,2026-01-23
2026-01-08,GME,L,119,0,119,OSTK,2026-01-30
2026-01-08,GME,L,3,0,3,OSTK,2026-02-06
2026-01-08,GME,L,419,0,419,OSTK,2026-02-20
2026-01-08,GME,L,7,0,7,OSTK,2026-02-27
2026-01-08,GME,L,23,0,23,OSTK,2026-04-17
2026-01-08,GME,L,8,0,8,OSTK,2027-01-15
2026-01-08,GME,L,0,0,2,OSTK,2027-12-17
2026-01-08,GME,L,83,0,1,OSTK,2028-01-21
2026-01-08,GME,M,3608,0,3528,OSTK,2026-01-09
2026-01-08,GME,M,1885,0,1795,OSTK,2026-01-16
2026-01-08,GME,M,253,0,253,OSTK,2026-01-23
2026-01-08,GME,M,466,0,466,OSTK,2026-01-30
2026-01-08,GME,M,80,0,80,OSTK,2026-02-06
2026-01-08,GME,M,124,0,124,OSTK,2026-02-13
2026-01-08,GME,M,634,0,634,OSTK,2026-02-20
2026-01-08,GME,M,17,0,17,OSTK,2026-02-27
2026-01-08,GME,M,511,0,511,OSTK,2026-04-17
2026-01-08,GME,M,114,0,114,OSTK,2026-06-18
2026-01-08,GME,M,4,0,4,OSTK,2026-07-17
2026-01-08,GME,M,66,0,66,OSTK,2026-09-18
2026-01-08,GME,M,9,0,9,OSTK,2026-10-16
2026-01-08,GME,M,18,0,18,OSTK,2026-12-18
2026-01-08,GME,M,69,0,69,OSTK,2027-01-15
2026-01-08,GME,M,10,0,10,OSTK,2027-12-17
2026-01-08,GME,M,109,0,9,OSTK,2028-01-21
2026-01-08,GME,M,1,0,1,OSTK,2028-06-16
2026-01-08,GME,P,2490,0,1232,OSTK,2026-01-09
2026-01-08,GME,P,69,0,21,OSTK,2026-01-16
2026-01-08,GME,P,162,0,134,OSTK,2026-01-23
2026-01-08,GME,P,323,0,261,OSTK,2026-01-30
2026-01-08,GME,P,53,0,31,OSTK,2026-02-06
2026-01-08,GME,P,10,0,10,OSTK,2026-02-13
2026-01-08,GME,P,710,0,424,OSTK,2026-02-20
2026-01-08,GME,P,13,0,13,OSTK,2026-02-27
2026-01-08,GME,P,671,0,641,OSTK,2026-04-17
2026-01-08,GME,P,1,0,1,OSTK,2026-06-18
2026-01-08,GME,P,6,0,6,OSTK,2026-07-17
2026-01-08,GME,P,32,0,34,OSTK,2026-09-18
2026-01-08,GME,P,32,0,32,OSTK,2026-10-16
2026-01-08,GME,P,15,0,15,OSTK,2026-12-18
2026-01-08,GME,P,3,0,3,OSTK,2027-01-15
2026-01-08,GME,P,87,0,101,OSTK,2027-09-17
2026-01-08,GME,P,17,0,17,OSTK,2027-12-17
2026-01-08,GME,P,5,0,3,OSTK,2028-01-21
2026-01-08,GME,P,2,0,2,OSTK,2028-06-16
2026-01-08,GME,P,7,0,7,OSTK,2028-12-15
2026-01-08,GME,Q,231,0,251,OSTK,2026-01-09
2026-01-08,GME,Q,1,0,1,OSTK,2026-01-16
2026-01-08,GME,Q,64,0,70,OSTK,2026-01-23
2026-01-08,GME,Q,3,0,3,OSTK,2026-01-30
2026-01-08,GME,Q,0,0,86,OSTK,2026-02-06
2026-01-08,GME,Q,36,0,36,OSTK,2026-02-13
2026-01-08,GME,Q,290,0,298,OSTK,2026-02-20
2026-01-08,GME,Q,13,0,15,OSTK,2026-04-17
2026-01-08,GME,Q,5,0,7,OSTK,2026-06-18
2026-01-08,GME,Q,38,0,38,OSTK,2026-09-18
2026-01-08,GME,Q,0,0,2,OSTK,2026-12-18
2026-01-08,GME,Q,0,0,72,OSTK,2027-12-17
2026-01-08,GME,Q,99,0,21,OSTK,2028-01-21
2026-01-08,GME,R,1074,0,602,OSTK,2026-01-09
2026-01-08,GME,R,1084,0,662,OSTK,2026-01-16
2026-01-08,GME,R,123,0,123,OSTK,2026-01-23
2026-01-08,GME,R,95,0,161,OSTK,2026-01-30
2026-01-08,GME,R,33,0,33,OSTK,2026-02-06
2026-01-08,GME,R,161,0,161,OSTK,2026-02-13
2026-01-08,GME,R,416,0,396,OSTK,2026-02-20
2026-01-08,GME,R,22,0,22,OSTK,2026-02-27
2026-01-08,GME,R,279,0,279,OSTK,2026-04-17
2026-01-08,GME,R,225,0,225,OSTK,2026-06-18
2026-01-08,GME,R,25,0,25,OSTK,2026-09-18
2026-01-08,GME,R,8,0,8,OSTK,2026-10-16
2026-01-08,GME,R,7,0,7,OSTK,2026-12-18
2026-01-08,GME,R,26,0,26,OSTK,2027-01-15
2026-01-08,GME,R,2,0,72,OSTK,2027-12-17
2026-01-08,GME,R,106,25,1,OSTK,2028-01-21
2026-01-08,GME,R,18,0,18,OSTK,2028-12-15
2026-01-08,GME,T,914,0,914,OSTK,2026-01-09
2026-01-08,GME,T,191,0,191,OSTK,2026-01-16
2026-01-08,GME,T,9,0,9,OSTK,2026-01-23
2026-01-08,GME,T,20,0,20,OSTK,2026-01-30
2026-01-08,GME,T,36,0,36,OSTK,2026-02-20
2026-01-08,GME,T,71,0,71,OSTK,2026-04-17
2026-01-08,GME,T,9,0,9,OSTK,2026-06-18
2026-01-08,GME,T,0,0,4,OSTK,2026-09-18
2026-01-08,GME,T,80,0,0,OSTK,2028-01-21
2026-01-08,GME,U,838,0,804,OSTK,2026-01-09
2026-01-08,GME,U,49,0,27,OSTK,2026-01-16
2026-01-08,GME,U,95,0,79,OSTK,2026-01-23
2026-01-08,GME,U,172,0,132,OSTK,2026-01-30
2026-01-08,GME,U,92,0,68,OSTK,2026-02-06
2026-01-08,GME,U,2,0,2,OSTK,2026-02-13
2026-01-08,GME,U,324,38,278,OSTK,2026-02-20
2026-01-08,GME,U,99,0,69,OSTK,2026-04-17
2026-01-08,GME,U,188,0,186,OSTK,2026-06-18
2026-01-08,GME,U,35,0,35,OSTK,2026-07-17
2026-01-08,GME,U,1,0,1,OSTK,2026-09-18
2026-01-08,GME,U,10,0,32,OSTK,2026-10-16
2026-01-08,GME,U,3,0,3,OSTK,2026-12-18
2026-01-08,GME,U,5,0,5,OSTK,2027-01-15
2026-01-08,GME,U,2,0,2,OSTK,2027-09-17
2026-01-08,GME,U,14,0,14,OSTK,2027-12-17
2026-01-08,GME,U,9,0,9,OSTK,2028-01-21
2026-01-08,GME,U,3,0,3,OSTK,2028-06-16
2026-01-08,GME,U,1,0,1,OSTK,2028-12-15
2026-01-08,GME,W,1015,0,903,OSTK,2026-01-09
2026-01-08,GME,W,1,0,1,OSTK,2026-01-16
2026-01-08,GME,W,48,0,48,OSTK,2026-01-23
2026-01-08,GME,W,79,0,79,OSTK,2026-01-30
2026-01-08,GME,W,31,0,31,OSTK,2026-02-06
2026-01-08,GME,W,17,0,17,OSTK,2026-02-13
2026-01-08,GME,W,157,170,55,OSTK,2026-02-20
2026-01-08,GME,W,21,0,21,OSTK,2026-02-27
2026-01-08,GME,W,134,0,132,OSTK,2026-04-17
2026-01-08,GME,W,51,0,51,OSTK,2026-06-18
2026-01-08,GME,W,20,0,20,OSTK,2026-07-17
2026-01-08,GME,W,24,0,24,OSTK,2026-09-18
2026-01-08,GME,W,12,0,12,OSTK,2026-10-16
2026-01-08,GME,W,31,0,31,OSTK,2026-12-18
2026-01-08,GME,W,4,0,4,OSTK,2027-01-15
2026-01-08,GME,W,1,0,27,OSTK,2027-09-17
2026-01-08,GME,W,12,0,98,OSTK,2027-12-17
2026-01-08,GME,W,172,0,92,OSTK,2028-01-21
2026-01-08,GME,W,10,0,10,OSTK,2028-12-15
2026-01-08,GME,X,10992,0,10378,OSTK,2026-01-09
2026-01-08,GME,X,176,0,176,OSTK,2026-01-16
2026-01-08,GME,X,426,0,268,OSTK,2026-01-23
2026-01-08,GME,X,1066,0,1062,OSTK,2026-01-30
2026-01-08,GME,X,206,0,206,OSTK,2026-02-06
2026-01-08,GME,X,25,0,25,OSTK,2026-02-13
2026-01-08,GME,X,669,0,667,OSTK,2026-02-20
2026-01-08,GME,X,56,0,56,OSTK,2026-02-27
2026-01-08,GME,X,14,0,14,OSTK,2026-04-17
2026-01-08,GME,X,5,0,5,OSTK,2026-06-18
2026-01-08,GME,X,35,0,35,OSTK,2026-07-17
2026-01-08,GME,X,129,0,153,OSTK,2026-09-18
2026-01-08,GME,X,0,0,10,OSTK,2026-10-16
2026-01-08,GME,X,28,0,28,OSTK,2026-12-18
2026-01-08,GME,X,6,0,6,OSTK,2027-01-15
2026-01-08,GME,X,5,0,5,OSTK,2027-09-17
2026-01-08,GME,X,2,0,2,OSTK,2027-12-17
2026-01-08,GME,X,286,0,206,OSTK,2028-01-21
2026-01-08,GME,X,100,0,100,OSTK,2028-06-16
2026-01-08,GME,X,1,0,1,OSTK,2028-12-15
2026-01-08,GME,Z,629,0,505,OSTK,2026-01-09
2026-01-08,GME,Z,47,0,43,OSTK,2026-01-16
2026-01-08,GME,Z,44,0,38,OSTK,2026-01-23
2026-01-08,GME,Z,77,0,75,OSTK,2026-01-30
2026-01-08,GME,Z,23,0,23,OSTK,2026-02-06
2026-01-08,GME,Z,31,0,31,OSTK,2026-02-13
2026-01-08,GME,Z,208,0,142,OSTK,2026-02-20
2026-01-08,GME,Z,7,0,7,OSTK,2026-02-27
2026-01-08,GME,Z,75,0,75,OSTK,2026-04-17
2026-01-08,GME,Z,9,0,7,OSTK,2026-06-18
2026-01-08,GME,Z,10,0,10,OSTK,2026-07-17
2026-01-08,GME,Z,0,0,10,OSTK,2026-10-16
2026-01-08,GME,Z,15,0,15,OSTK,2026-12-18
2026-01-08,GME,Z,92,0,92,OSTK,2027-01-15
2026-01-08,GME,Z,1,0,1,OSTK,2027-09-17
2026-01-08,GME,Z,1,0,1,OSTK,2027-12-17
2026-01-08,GME,Z,89,0,9,OSTK,2028-01-21
2026-01-08,GME,Z,2,0,2,OSTK,2028-06-16
2026-01-08,GME,Z,1,0,1,OSTK,2028-12-15
2026-01-09,GME,A,7535,0,7335,OSTK,2026-01-09
2026-01-09,GME,A,160,0,128,OSTK,2026-01-16
2026-01-09,GME,A,945,0,1007,OSTK,2026-01-23
2026-01-09,GME,A,542,0,542,OSTK,2026-01-30
2026-01-09,GME,A,157,0,157,OSTK,2026-02-06
2026-01-09,GME,A,664,0,664,OSTK,2026-02-13
2026-01-09,GME,A,549,0,555,OSTK,2026-02-20
2026-01-09,GME,A,18,0,18,OSTK,2026-02-27
2026-01-09,GME,A,359,0,359,OSTK,2026-04-17
2026-01-09,GME,A,8,0,8,OSTK,2026-06-18
2026-01-09,GME,A,1,0,1,OSTK,2026-07-17
2026-01-09,GME,A,24,0,24,OSTK,2026-09-18
2026-01-09,GME,A,92,0,92,OSTK,2026-10-16
2026-01-09,GME,A,85,0,85,OSTK,2026-12-18
2026-01-09,GME,A,4,0,4,OSTK,2027-01-15
2026-01-09,GME,A,7,0,7,OSTK,2027-09-17
2026-01-09,GME,A,4,0,4,OSTK,2027-12-17
2026-01-09,GME,A,3,0,3,OSTK,2028-01-21
2026-01-09,GME,A,2,0,2,OSTK,2028-06-16
2026-01-09,GME,A,9,0,9,OSTK,2028-12-15
2026-01-09,GME,B,2053,0,2071,OSTK,2026-01-09
2026-01-09,GME,B,194,0,98,OSTK,2026-01-16
2026-01-09,GME,B,125,0,125,OSTK,2026-01-23
2026-01-09,GME,B,140,0,140,OSTK,2026-01-30
2026-01-09,GME,B,123,0,123,OSTK,2026-02-06
2026-01-09,GME,B,4,0,4,OSTK,2026-02-13
2026-01-09,GME,B,290,0,290,OSTK,2026-02-20
2026-01-09,GME,B,222,0,222,OSTK,2026-02-27
2026-01-09,GME,B,134,0,134,OSTK,2026-04-17
2026-01-09,GME,B,31,0,31,OSTK,2026-06-18
2026-01-09,GME,B,65,0,65,OSTK,2026-09-18
2026-01-09,GME,B,3,0,3,OSTK,2026-10-16
2026-01-09,GME,B,40,0,40,OSTK,2026-12-18
2026-01-09,GME,B,15,0,15,OSTK,2027-01-15
2026-01-09,GME,B,2,0,0,OSTK,2027-12-17
2026-01-09,GME,B,2,0,2,OSTK,2028-01-21
2026-01-09,GME,C,7683,0,7297,OSTK,2026-01-09
2026-01-09,GME,C,496,0,338,OSTK,2026-01-16
2026-01-09,GME,C,1693,0,1803,OSTK,2026-01-23
2026-01-09,GME,C,717,0,711,OSTK,2026-01-30
2026-01-09,GME,C,265,0,265,OSTK,2026-02-06
2026-01-09,GME,C,214,0,214,OSTK,2026-02-13
2026-01-09,GME,C,1782,0,1772,OSTK,2026-02-20
2026-01-09,GME,C,32,0,32,OSTK,2026-02-27
2026-01-09,GME,C,13,0,13,OSTK,2026-04-17
2026-01-09,GME,C,25,0,21,OSTK,2026-06-18
2026-01-09,GME,C,6,0,6,OSTK,2026-07-17
2026-01-09,GME,C,40,0,38,OSTK,2026-09-18
2026-01-09,GME,C,10,0,10,OSTK,2026-10-16
2026-01-09,GME,C,97,0,97,OSTK,2026-12-18
2026-01-09,GME,C,91,0,91,OSTK,2027-01-15
2026-01-09,GME,C,15,0,15,OSTK,2027-09-17
2026-01-09,GME,C,1,0,1,OSTK,2027-12-17
2026-01-09,GME,C,2,0,2,OSTK,2028-01-21
2026-01-09,GME,C,75,0,75,OSTK,2028-12-15
2026-01-09,GME,D,4849,0,3221,OSTK,2026-01-09
2026-01-09,GME,D,3776,0,2148,OSTK,2026-01-16
2026-01-09,GME,D,281,0,213,OSTK,2026-01-23
2026-01-09,GME,D,229,0,125,OSTK,2026-01-30
2026-01-09,GME,D,68,0,24,OSTK,2026-02-06
2026-01-09,GME,D,83,0,83,OSTK,2026-02-13
2026-01-09,GME,D,665,0,509,OSTK,2026-02-20
2026-01-09,GME,D,21,0,19,OSTK,2026-02-27
2026-01-09,GME,D,197,0,169,OSTK,2026-04-17
2026-01-09,GME,D,70,0,70,OSTK,2026-06-18
2026-01-09,GME,D,12,0,12,OSTK,2026-07-17
2026-01-09,GME,D,31,0,31,OSTK,2026-09-18
2026-01-09,GME,D,62,0,62,OSTK,2026-10-16
2026-01-09,GME,D,52,0,52,OSTK,2026-12-18
2026-01-09,GME,D,335,0,317,OSTK,2027-01-15
2026-01-09,GME,D,56,0,56,OSTK,2027-12-17
2026-01-09,GME,D,125,0,125,OSTK,2028-01-21
2026-01-09,GME,D,1,0,1,OSTK,2028-06-16
2026-01-09,GME,D,15,0,15,OSTK,2028-12-15
2026-01-09,GME,E,1934,0,2018,OSTK,2026-01-09
2026-01-09,GME,E,9,0,9,OSTK,2026-01-16
2026-01-09,GME,E,342,0,352,OSTK,2026-01-23
2026-01-09,GME,E,140,0,140,OSTK,2026-01-30
2026-01-09,GME,E,173,0,173,OSTK,2026-02-06
2026-01-09,GME,E,5,0,5,OSTK,2026-02-13
2026-01-09,GME,E,92,0,96,OSTK,2026-02-20
2026-01-09,GME,E,6,0,6,OSTK,2026-02-27
2026-01-09,GME,E,187,0,187,OSTK,2026-04-17
2026-01-09,GME,E,38,0,38,OSTK,2026-06-18
2026-01-09,GME,E,3,0,3,OSTK,2026-09-18
2026-01-09,GME,E,59,0,59,OSTK,2026-10-16
2026-01-09,GME,E,1,0,1,OSTK,2026-12-18
2026-01-09,GME,E,19,0,19,OSTK,2027-01-15
2026-01-09,GME,E,9,0,9,OSTK,2028-01-21
2026-01-09,GME,E,3,0,3,OSTK,2028-12-15
2026-01-09,GME,H,2661,14,1603,OSTK,2026-01-09
2026-01-09,GME,H,140,0,110,OSTK,2026-01-16
2026-01-09,GME,H,289,0,241,OSTK,2026-01-23
2026-01-09,GME,H,129,0,117,OSTK,2026-01-30
2026-01-09,GME,H,9,0,9,OSTK,2026-02-06
2026-01-09,GME,H,104,0,104,OSTK,2026-02-13
2026-01-09,GME,H,572,0,510,OSTK,2026-02-20
2026-01-09,GME,H,12,0,12,OSTK,2026-02-27
2026-01-09,GME,H,4,0,4,OSTK,2026-04-17
2026-01-09,GME,H,132,0,130,OSTK,2026-06-18
2026-01-09,GME,H,6,0,6,OSTK,2026-07-17
2026-01-09,GME,H,18,0,6,OSTK,2026-09-18
2026-01-09,GME,H,1,0,1,OSTK,2026-10-16
2026-01-09,GME,H,29,0,21,OSTK,2026-12-18
2026-01-09,GME,H,2,0,2,OSTK,2027-01-15
2026-01-09,GME,H,1,0,1,OSTK,2027-09-17
2026-01-09,GME,H,1,0,1,OSTK,2027-12-17
2026-01-09,GME,H,23,0,23,OSTK,2028-01-21
2026-01-09,GME,H,3,0,3,OSTK,2028-06-16
2026-01-09,GME,H,1,0,1,OSTK,2028-12-15
2026-01-09,GME,I,4242,0,4122,OSTK,2026-01-09
2026-01-09,GME,I,38,0,10,OSTK,2026-01-16
2026-01-09,GME,I,499,0,493,OSTK,2026-01-23
2026-01-09,GME,I,351,0,351,OSTK,2026-01-30
2026-01-09,GME,I,119,0,119,OSTK,2026-02-06
2026-01-09,GME,I,44,0,44,OSTK,2026-02-13
2026-01-09,GME,I,531,0,535,OSTK,2026-02-20
2026-01-09,GME,I,17,0,17,OSTK,2026-02-27
2026-01-09,GME,I,4,0,4,OSTK,2026-04-17
2026-01-09,GME,I,2,0,2,OSTK,2026-06-18
2026-01-09,GME,I,2,0,2,OSTK,2026-07-17
2026-01-09,GME,I,82,0,82,OSTK,2026-09-18
2026-01-09,GME,I,36,0,36,OSTK,2026-10-16
2026-01-09,GME,I,108,0,106,OSTK,2026-12-18
2026-01-09,GME,I,168,0,168,OSTK,2027-01-15
2026-01-09,GME,I,37,0,37,OSTK,2027-09-17
2026-01-09,GME,I,4,0,2,OSTK,2027-12-17
2026-01-09,GME,I,4,0,2,OSTK,2028-01-21
2026-01-09,GME,I,1,0,1,OSTK,2028-06-16
2026-01-09,GME,I,62,0,62,OSTK,2028-12-15
2026-01-09,GME,J,5137,0,3319,OSTK,2026-01-09
2026-01-09,GME,J,115,0,33,OSTK,2026-01-16
2026-01-09,GME,J,454,0,454,OSTK,2026-01-23
2026-01-09,GME,J,106,0,76,OSTK,2026-01-30
2026-01-09,GME,J,62,0,12,OSTK,2026-02-06
2026-01-09,GME,J,15,0,15,OSTK,2026-02-13
2026-01-09,GME,J,80,0,72,OSTK,2026-02-20
2026-01-09,GME,J,3,0,3,OSTK,2026-02-27
2026-01-09,GME,J,2416,0,2412,OSTK,2026-04-17
2026-01-09,GME,J,2,0,2,OSTK,2026-06-18
2026-01-09,GME,J,4,0,4,OSTK,2026-10-16
2026-01-09,GME,J,5,0,5,OSTK,2026-12-18
2026-01-09,GME,J,21,0,21,OSTK,2027-01-15
2026-01-09,GME,J,6,0,6,OSTK,2028-01-21
2026-01-09,GME,J,2,0,2,OSTK,2028-06-16
2026-01-09,GME,L,3494,0,3410,OSTK,2026-01-09
2026-01-09,GME,L,3796,500,3994,OSTK,2026-01-16
2026-01-09,GME,L,187,0,287,OSTK,2026-01-23
2026-01-09,GME,L,236,0,182,OSTK,2026-01-30
2026-01-09,GME,L,4,0,4,OSTK,2026-02-06
2026-01-09,GME,L,857,0,857,OSTK,2026-02-20
2026-01-09,GME,L,156,0,152,OSTK,2026-04-17
2026-01-09,GME,L,22,0,22,OSTK,2026-07-17
2026-01-09,GME,L,43,0,43,OSTK,2026-10-16
2026-01-09,GME,L,41,0,41,OSTK,2026-12-18
2026-01-09,GME,L,13,0,13,OSTK,2027-01-15
2026-01-09,GME,L,11,0,11,OSTK,2027-12-17
2026-01-09,GME,M,7278,0,7232,OSTK,2026-01-09
2026-01-09,GME,M,5133,0,4931,OSTK,2026-01-16
2026-01-09,GME,M,987,0,1015,OSTK,2026-01-23
2026-01-09,GME,M,319,0,319,OSTK,2026-01-30
2026-01-09,GME,M,73,0,73,OSTK,2026-02-06
2026-01-09,GME,M,142,0,142,OSTK,2026-02-13
2026-01-09,GME,M,633,0,637,OSTK,2026-02-20
2026-01-09,GME,M,30,0,30,OSTK,2026-02-27
2026-01-09,GME,M,1246,0,1246,OSTK,2026-04-17
2026-01-09,GME,M,623,0,623,OSTK,2026-06-18
2026-01-09,GME,M,13,0,13,OSTK,2026-09-18
2026-01-09,GME,M,29,0,29,OSTK,2026-10-16
2026-01-09,GME,M,121,0,121,OSTK,2026-12-18
2026-01-09,GME,M,82,0,82,OSTK,2027-01-15
2026-01-09,GME,M,3,0,3,OSTK,2027-09-17
2026-01-09,GME,M,3,0,3,OSTK,2027-12-17
2026-01-09,GME,M,69,0,69,OSTK,2028-01-21
2026-01-09,GME,M,8,0,8,OSTK,2028-06-16
2026-01-09,GME,M,73,0,73,OSTK,2028-12-15
2026-01-09,GME,P,4097,20,2947,OSTK,2026-01-09
2026-01-09,GME,P,625,0,525,OSTK,2026-01-16
2026-01-09,GME,P,740,0,706,OSTK,2026-01-23
2026-01-09,GME,P,360,0,284,OSTK,2026-01-30
2026-01-09,GME,P,396,0,350,OSTK,2026-02-06
2026-01-09,GME,P,144,0,142,OSTK,2026-02-13
2026-01-09,GME,P,1201,0,575,OSTK,2026-02-20
2026-01-09,GME,P,15,0,15,OSTK,2026-02-27
2026-01-09,GME,P,1,0,1,OSTK,2026-04-17
2026-01-09,GME,P,2,0,2,OSTK,2026-06-18
2026-01-09,GME,P,1,0,1,OSTK,2026-07-17
2026-01-09,GME,P,5,0,5,OSTK,2026-09-18
2026-01-09,GME,P,144,0,144,OSTK,2026-10-16
2026-01-09,GME,P,33,0,33,OSTK,2026-12-18
2026-01-09,GME,P,1,0,1,OSTK,2027-01-15
2026-01-09,GME,P,14,0,14,OSTK,2027-09-17
2026-01-09,GME,P,42,0,42,OSTK,2027-12-17
2026-01-09,GME,P,6,0,6,OSTK,2028-01-21
2026-01-09,GME,P,54,0,54,OSTK,2028-06-16
2026-01-09,GME,P,30,0,30,OSTK,2028-12-15
2026-01-09,GME,Q,1124,5,1355,OSTK,2026-01-09
2026-01-09,GME,Q,1641,1,2452,OSTK,2026-01-16
2026-01-09,GME,Q,10,0,376,OSTK,2026-01-23
2026-01-09,GME,Q,44,0,44,OSTK,2026-01-30
2026-01-09,GME,Q,24,0,28,OSTK,2026-02-06
2026-01-09,GME,Q,10,0,330,OSTK,2026-02-20
2026-01-09,GME,Q,12,0,16,OSTK,2026-04-17
2026-01-09,GME,Q,0,0,6,OSTK,2026-06-18
2026-01-09,GME,Q,2,0,2,OSTK,2026-07-17
2026-01-09,GME,Q,1,0,3,OSTK,2026-10-16
2026-01-09,GME,Q,2,0,8,OSTK,2026-12-18
2026-01-09,GME,Q,1,0,1,OSTK,2027-01-15
2026-01-09,GME,Q,16,0,16,OSTK,2027-09-17
2026-01-09,GME,Q,0,0,2,OSTK,2027-12-17
2026-01-09,GME,Q,1,0,65,OSTK,2028-01-21
2026-01-09,GME,R,3470,0,2916,OSTK,2026-01-09
2026-01-09,GME,R,2377,0,2803,OSTK,2026-01-16
2026-01-09,GME,R,340,0,720,OSTK,2026-01-23
2026-01-09,GME,R,428,0,428,OSTK,2026-01-30
2026-01-09,GME,R,294,0,294,OSTK,2026-02-06
2026-01-09,GME,R,6,0,6,OSTK,2026-02-13
2026-01-09,GME,R,717,0,693,OSTK,2026-02-20
2026-01-09,GME,R,34,0,34,OSTK,2026-02-27
2026-01-09,GME,R,261,0,261,OSTK,2026-04-17
2026-01-09,GME,R,248,0,248,OSTK,2026-06-18
2026-01-09,GME,R,5,0,5,OSTK,2026-07-17
2026-01-09,GME,R,10,0,10,OSTK,2026-09-18
2026-01-09,GME,R,17,0,17,OSTK,2026-10-16
2026-01-09,GME,R,34,0,34,OSTK,2026-12-18
2026-01-09,GME,R,63,0,63,OSTK,2027-01-15
2026-01-09,GME,R,122,0,122,OSTK,2027-12-17
2026-01-09,GME,R,35,0,35,OSTK,2028-01-21
2026-01-09,GME,R,17,0,17,OSTK,2028-12-15
2026-01-09,GME,T,1699,38,1789,OSTK,2026-01-09
2026-01-09,GME,T,1412,0,1448,OSTK,2026-01-16
2026-01-09,GME,T,48,0,48,OSTK,2026-01-23
2026-01-09,GME,T,54,0,74,OSTK,2026-01-30
2026-01-09,GME,T,0,0,50,OSTK,2026-02-13
2026-01-09,GME,T,6,0,6,OSTK,2026-02-20
2026-01-09,GME,T,102,0,102,OSTK,2026-02-27
2026-01-09,GME,T,11,0,11,OSTK,2026-04-17
2026-01-09,GME,T,3,0,3,OSTK,2026-06-18
2026-01-09,GME,U,2040,0,2094,OSTK,2026-01-09
2026-01-09,GME,U,193,0,127,OSTK,2026-01-16
2026-01-09,GME,U,364,0,422,OSTK,2026-01-23
2026-01-09,GME,U,317,0,305,OSTK,2026-01-30
2026-01-09,GME,U,183,0,183,OSTK,2026-02-06
2026-01-09,GME,U,588,0,588,OSTK,2026-02-13
2026-01-09,GME,U,272,0,266,OSTK,2026-02-20
2026-01-09,GME,U,41,0,41,OSTK,2026-02-27
2026-01-09,GME,U,227,0,227,OSTK,2026-04-17
2026-01-09,GME,U,1,0,1,OSTK,2026-06-18
2026-01-09,GME,U,7,0,7,OSTK,2026-07-17
2026-01-09,GME,U,1,0,1,OSTK,2026-09-18
2026-01-09,GME,U,44,0,44,OSTK,2026-10-16
2026-01-09,GME,U,25,0,25,OSTK,2026-12-18
2026-01-09,GME,U,2,0,2,OSTK,2027-01-15
2026-01-09,GME,U,1,0,1,OSTK,2027-09-17
2026-01-09,GME,U,49,0,49,OSTK,2027-12-17
2026-01-09,GME,U,25,0,25,OSTK,2028-01-21
2026-01-09,GME,U,3,0,3,OSTK,2028-06-16
2026-01-09,GME,U,19,0,19,OSTK,2028-12-15
2026-01-09,GME,W,4904,377,5197,OSTK,2026-01-09
2026-01-09,GME,W,4656,0,4646,OSTK,2026-01-16
2026-01-09,GME,W,204,0,202,OSTK,2026-01-23
2026-01-09,GME,W,40,0,130,OSTK,2026-01-30
2026-01-09,GME,W,17,0,17,OSTK,2026-02-06
2026-01-09,GME,W,8,0,8,OSTK,2026-02-13
2026-01-09,GME,W,98,0,50,OSTK,2026-02-20
2026-01-09,GME,W,7,0,7,OSTK,2026-02-27
2026-01-09,GME,W,124,0,124,OSTK,2026-04-17
2026-01-09,GME,W,74,0,74,OSTK,2026-06-18
2026-01-09,GME,W,17,0,17,OSTK,2026-07-17
2026-01-09,GME,W,1,0,1,OSTK,2026-09-18
2026-01-09,GME,W,128,0,128,OSTK,2026-10-16
2026-01-09,GME,W,1,0,1,OSTK,2026-12-18
2026-01-09,GME,W,11,0,11,OSTK,2027-01-15
2026-01-09,GME,W,1,0,1,OSTK,2027-12-17
2026-01-09,GME,W,8,0,8,OSTK,2028-01-21
2026-01-09,GME,W,1,0,1,OSTK,2028-06-16
2026-01-09,GME,W,22,0,22,OSTK,2028-12-15
2026-01-09,GME,X,15993,0,13697,OSTK,2026-01-09
2026-01-09,GME,X,134,0,80,OSTK,2026-01-16
2026-01-09,GME,X,998,0,878,OSTK,2026-01-23
2026-01-09,GME,X,1470,0,1432,OSTK,2026-01-30
2026-01-09,GME,X,361,0,355,OSTK,2026-02-06
2026-01-09,GME,X,129,0,129,OSTK,2026-02-13
2026-01-09,GME,X,1448,0,1446,OSTK,2026-02-20
2026-01-09,GME,X,24,0,24,OSTK,2026-02-27
2026-01-09,GME,X,28,0,28,OSTK,2026-04-17
2026-01-09,GME,X,7,0,7,OSTK,2026-06-18
2026-01-09,GME,X,40,0,40,OSTK,2026-07-17
2026-01-09,GME,X,93,0,93,OSTK,2026-09-18
2026-01-09,GME,X,11,0,11,OSTK,2026-10-16
2026-01-09,GME,X,71,0,71,OSTK,2026-12-18
2026-01-09,GME,X,11,0,11,OSTK,2027-01-15
2026-01-09,GME,X,100,0,100,OSTK,2027-12-17
2026-01-09,GME,X,1,0,1,OSTK,2028-01-21
2026-01-09,GME,X,86,0,86,OSTK,2028-12-15
2026-01-09,GME,Z,1901,46,1681,OSTK,2026-01-09
2026-01-09,GME,Z,76,0,10,OSTK,2026-01-16
2026-01-09,GME,Z,141,0,639,OSTK,2026-01-23
2026-01-09,GME,Z,213,0,209,OSTK,2026-01-30
2026-01-09,GME,Z,14,0,14,OSTK,2026-02-06
2026-01-09,GME,Z,16,0,16,OSTK,2026-02-13
2026-01-09,GME,Z,353,0,343,OSTK,2026-02-20
2026-01-09,GME,Z,25,0,25,OSTK,2026-02-27
2026-01-09,GME,Z,295,0,287,OSTK,2026-04-17
2026-01-09,GME,Z,9,0,1,OSTK,2026-06-18
2026-01-09,GME,Z,12,0,12,OSTK,2026-07-17
2026-01-09,GME,Z,11,0,11,OSTK,2026-09-18
2026-01-09,GME,Z,3,0,3,OSTK,2026-10-16
2026-01-09,GME,Z,1,0,1,OSTK,2027-01-15
2026-01-09,GME,Z,1,0,1,OSTK,2027-09-17
2026-01-09,GME,Z,5,0,5,OSTK,2027-12-17
2026-01-09,GME,Z,1,0,1,OSTK,2028-01-21
2026-01-09,GME,Z,2,0,2,OSTK,2028-06-16
2026-01-09,GME,Z,24,0,24,OSTK,2028-12-15
2026-01-12,GME,A,71,0,71,OSTK,2026-01-16
2026-01-12,GME,A,988,0,1090,OSTK,2026-01-23
2026-01-12,GME,A,1063,0,1063,OSTK,2026-01-30
2026-01-12,GME,A,144,0,144,OSTK,2026-02-06
2026-01-12,GME,A,45,0,45,OSTK,2026-02-13
2026-01-12,GME,A,579,0,743,OSTK,2026-02-20
2026-01-12,GME,A,36,0,36,OSTK,2026-02-27
2026-01-12,GME,A,495,0,495,OSTK,2026-04-17
2026-01-12,GME,A,330,0,330,OSTK,2026-06-18
2026-01-12,GME,A,9,0,9,OSTK,2026-07-17
2026-01-12,GME,A,12,0,12,OSTK,2026-09-18
2026-01-12,GME,A,69,0,69,OSTK,2026-10-16
2026-01-12,GME,A,35,0,35,OSTK,2026-12-18
2026-01-12,GME,A,6,0,6,OSTK,2027-01-15
2026-01-12,GME,A,10,0,10,OSTK,2027-09-17
2026-01-12,GME,A,9,0,9,OSTK,2027-12-17
2026-01-12,GME,A,497,0,55,OSTK,2028-01-21
2026-01-12,GME,A,12,0,12,OSTK,2028-06-16
2026-01-12,GME,A,142,0,142,OSTK,2028-12-15
2026-01-12,GME,B,120,0,110,OSTK,2026-01-16
2026-01-12,GME,B,1144,0,1294,OSTK,2026-01-23
2026-01-12,GME,B,245,0,247,OSTK,2026-01-30
2026-01-12,GME,B,20,0,18,OSTK,2026-02-06
2026-01-12,GME,B,58,0,58,OSTK,2026-02-13
2026-01-12,GME,B,752,0,752,OSTK,2026-02-20
2026-01-12,GME,B,48,0,48,OSTK,2026-02-27
2026-01-12,GME,B,7,0,7,OSTK,2026-04-17
2026-01-12,GME,B,127,0,127,OSTK,2026-06-18
2026-01-12,GME,B,3,0,3,OSTK,2026-07-17
2026-01-12,GME,B,10,0,10,OSTK,2026-09-18
2026-01-12,GME,B,32,0,32,OSTK,2026-10-16
2026-01-12,GME,B,22,0,22,OSTK,2026-12-18
2026-01-12,GME,B,11,0,11,OSTK,2027-01-15
2026-01-12,GME,B,0,0,10,OSTK,2027-09-17
2026-01-12,GME,B,1,0,1,OSTK,2027-12-17
2026-01-12,GME,B,176,0,2,OSTK,2028-01-21
2026-01-12,GME,B,48,0,48,OSTK,2028-06-16
2026-01-12,GME,C,258,0,210,OSTK,2026-01-16
2026-01-12,GME,C,3107,0,3047,OSTK,2026-01-23
2026-01-12,GME,C,885,0,745,OSTK,2026-01-30
2026-01-12,GME,C,167,0,163,OSTK,2026-02-06
2026-01-12,GME,C,113,0,107,OSTK,2026-02-13
2026-01-12,GME,C,847,0,851,OSTK,2026-02-20
2026-01-12,GME,C,273,0,273,OSTK,2026-02-27
2026-01-12,GME,C,6,0,4,OSTK,2026-04-17
2026-01-12,GME,C,125,0,125,OSTK,2026-06-18
2026-01-12,GME,C,12,0,12,OSTK,2026-07-17
2026-01-12,GME,C,17,0,17,OSTK,2026-09-18
2026-01-12,GME,C,7,0,7,OSTK,2026-10-16
2026-01-12,GME,C,44,0,44,OSTK,2026-12-18
2026-01-12,GME,C,45,0,45,OSTK,2027-01-15
2026-01-12,GME,C,5,0,5,OSTK,2027-09-17
2026-01-12,GME,C,6,0,6,OSTK,2027-12-17
2026-01-12,GME,C,6,0,6,OSTK,2028-01-21
2026-01-12,GME,C,27,0,27,OSTK,2028-06-16
2026-01-12,GME,C,159,0,159,OSTK,2028-12-15
2026-01-12,GME,D,1545,0,1409,OSTK,2026-01-16
2026-01-12,GME,D,159,0,309,OSTK,2026-01-23
2026-01-12,GME,D,389,0,211,OSTK,2026-01-30
2026-01-12,GME,D,52,0,50,OSTK,2026-02-06
2026-01-12,GME,D,15,0,15,OSTK,2026-02-13
2026-01-12,GME,D,336,0,278,OSTK,2026-02-20
2026-01-12,GME,D,76,0,76,OSTK,2026-02-27
2026-01-12,GME,D,219,0,211,OSTK,2026-04-17
2026-01-12,GME,D,39,0,39,OSTK,2026-06-18
2026-01-12,GME,D,6,0,6,OSTK,2026-07-17
2026-01-12,GME,D,13,0,13,OSTK,2026-09-18
2026-01-12,GME,D,40,0,40,OSTK,2026-10-16
2026-01-12,GME,D,27,0,27,OSTK,2026-12-18
2026-01-12,GME,D,9,0,7,OSTK,2027-01-15
2026-01-12,GME,D,7,0,7,OSTK,2027-09-17
2026-01-12,GME,D,2,0,2,OSTK,2027-12-17
2026-01-12,GME,D,530,0,108,OSTK,2028-01-21
2026-01-12,GME,D,24,0,24,OSTK,2028-06-16
2026-01-12,GME,D,54,0,54,OSTK,2028-12-15
2026-01-12,GME,E,13,0,11,OSTK,2026-01-16
2026-01-12,GME,E,242,0,310,OSTK,2026-01-23
2026-01-12,GME,E,284,0,284,OSTK,2026-01-30
2026-01-12,GME,E,96,0,96,OSTK,2026-02-06
2026-01-12,GME,E,39,0,39,OSTK,2026-02-13
2026-01-12,GME,E,206,0,206,OSTK,2026-02-20
2026-01-12,GME,E,272,0,272,OSTK,2026-04-17
2026-01-12,GME,E,58,0,54,OSTK,2026-06-18
2026-01-12,GME,E,7,0,7,OSTK,2026-07-17
2026-01-12,GME,E,1,0,1,OSTK,2026-10-16
2026-01-12,GME,E,18,0,18,OSTK,2027-01-15
2026-01-12,GME,E,1,0,1,OSTK,2027-12-17
2026-01-12,GME,E,609,0,97,OSTK,2028-01-21
2026-01-12,GME,E,36,0,36,OSTK,2028-12-15
2026-01-12,GME,H,188,0,46,OSTK,2026-01-16
2026-01-12,GME,H,225,0,215,OSTK,2026-01-23
2026-01-12,GME,H,841,0,841,OSTK,2026-01-30
2026-01-12,GME,H,140,0,138,OSTK,2026-02-06
2026-01-12,GME,H,60,0,60,OSTK,2026-02-13
2026-01-12,GME,H,779,0,689,OSTK,2026-02-20
2026-01-12,GME,H,79,0,79,OSTK,2026-02-27
2026-01-12,GME,H,469,0,283,OSTK,2026-04-17
2026-01-12,GME,H,3,0,3,OSTK,2026-06-18
2026-01-12,GME,H,17,0,17,OSTK,2026-07-17
2026-01-12,GME,H,15,0,9,OSTK,2026-09-18
2026-01-12,GME,H,42,0,38,OSTK,2026-10-16
2026-01-12,GME,H,23,0,23,OSTK,2026-12-18
2026-01-12,GME,H,32,0,26,OSTK,2027-01-15
2026-01-12,GME,H,6,0,6,OSTK,2027-09-17
2026-01-12,GME,H,3,0,3,OSTK,2027-12-17
2026-01-12,GME,H,434,0,4,OSTK,2028-01-21
2026-01-12,GME,H,3,0,3,OSTK,2028-06-16
2026-01-12,GME,H,107,0,107,OSTK,2028-12-15
2026-01-12,GME,I,50,0,46,OSTK,2026-01-16
2026-01-12,GME,I,337,0,303,OSTK,2026-01-23
2026-01-12,GME,I,345,0,355,OSTK,2026-01-30
2026-01-12,GME,I,67,0,67,OSTK,2026-02-06
2026-01-12,GME,I,23,0,23,OSTK,2026-02-13
2026-01-12,GME,I,160,0,158,OSTK,2026-02-20
2026-01-12,GME,I,18,0,18,OSTK,2026-02-27
2026-01-12,GME,I,43,0,43,OSTK,2026-04-17
2026-01-12,GME,I,1910,0,1910,OSTK,2026-06-18
2026-01-12,GME,I,4,0,4,OSTK,2026-07-17
2026-01-12,GME,I,50,0,50,OSTK,2026-09-18
2026-01-12,GME,I,95,0,95,OSTK,2026-10-16
2026-01-12,GME,I,62,0,62,OSTK,2026-12-18
2026-01-12,GME,I,3,0,3,OSTK,2027-01-15
2026-01-12,GME,I,134,0,134,OSTK,2027-09-17
2026-01-12,GME,I,6,0,6,OSTK,2027-12-17
2026-01-12,GME,I,651,0,89,OSTK,2028-01-21
2026-01-12,GME,I,87,0,87,OSTK,2028-06-16
2026-01-12,GME,I,95,0,95,OSTK,2028-12-15
2026-01-12,GME,J,268,0,64,OSTK,2026-01-16
2026-01-12,GME,J,518,0,442,OSTK,2026-01-23
2026-01-12,GME,J,275,0,207,OSTK,2026-01-30
2026-01-12,GME,J,31,0,23,OSTK,2026-02-06
2026-01-12,GME,J,14,0,14,OSTK,2026-02-13
2026-01-12,GME,J,249,0,237,OSTK,2026-02-20
2026-01-12,GME,J,9,0,9,OSTK,2026-02-27
2026-01-12,GME,J,2701,0,2591,OSTK,2026-04-17
2026-01-12,GME,J,479,0,479,OSTK,2026-06-18
2026-01-12,GME,J,11,0,11,OSTK,2026-07-17
2026-01-12,GME,J,2,0,2,OSTK,2026-09-18
2026-01-12,GME,J,3,0,3,OSTK,2026-10-16
2026-01-12,GME,J,52,0,52,OSTK,2026-12-18
2026-01-12,GME,J,14,0,14,OSTK,2027-01-15
2026-01-12,GME,J,2,0,2,OSTK,2027-12-17
2026-01-12,GME,J,445,0,1,OSTK,2028-01-21
2026-01-12,GME,J,5,0,5,OSTK,2028-12-15
2026-01-12,GME,L,3622,0,2478,OSTK,2026-01-16
2026-01-12,GME,L,543,0,571,OSTK,2026-01-23
2026-01-12,GME,L,104,0,106,OSTK,2026-01-30
2026-01-12,GME,L,80,0,76,OSTK,2026-02-06
2026-01-12,GME,L,43,0,43,OSTK,2026-02-13
2026-01-12,GME,L,874,0,874,OSTK,2026-02-20
2026-01-12,GME,L,18,0,18,OSTK,2026-02-27
2026-01-12,GME,L,109,0,91,OSTK,2026-04-17
2026-01-12,GME,L,186,0,186,OSTK,2026-06-18
2026-01-12,GME,L,211,0,209,OSTK,2027-01-15
2026-01-12,GME,L,1,0,85,OSTK,2027-09-17
2026-01-12,GME,L,461,0,5,OSTK,2028-01-21
2026-01-12,GME,L,2,0,2,OSTK,2028-06-16
2026-01-12,GME,L,14,1,13,OSTK,2028-12-15
2026-01-12,GME,M,6398,0,6278,OSTK,2026-01-16
2026-01-12,GME,M,818,0,846,OSTK,2026-01-23
2026-01-12,GME,M,1004,0,1024,OSTK,2026-01-30
2026-01-12,GME,M,66,0,66,OSTK,2026-02-06
2026-01-12,GME,M,276,0,276,OSTK,2026-02-13
2026-01-12,GME,M,1014,0,1014,OSTK,2026-02-20
2026-01-12,GME,M,130,0,130,OSTK,2026-02-27
2026-01-12,GME,M,647,0,643,OSTK,2026-04-17
2026-01-12,GME,M,679,0,679,OSTK,2026-06-18
2026-01-12,GME,M,2,0,2,OSTK,2026-07-17
2026-01-12,GME,M,4,0,4,OSTK,2026-09-18
2026-01-12,GME,M,25,0,25,OSTK,2026-10-16
2026-01-12,GME,M,32,0,32,OSTK,2026-12-18
2026-01-12,GME,M,39,0,39,OSTK,2027-01-15
2026-01-12,GME,M,2,0,2,OSTK,2027-12-17
2026-01-12,GME,M,621,0,43,OSTK,2028-01-21
2026-01-12,GME,M,4,0,4,OSTK,2028-06-16
2026-01-12,GME,M,31,0,31,OSTK,2028-12-15
2026-01-12,GME,P,945,0,769,OSTK,2026-01-16
2026-01-12,GME,P,623,0,431,OSTK,2026-01-23
2026-01-12,GME,P,653,0,621,OSTK,2026-01-30
2026-01-12,GME,P,129,0,129,OSTK,2026-02-06
2026-01-12,GME,P,61,0,51,OSTK,2026-02-13
2026-01-12,GME,P,1051,0,905,OSTK,2026-02-20
2026-01-12,GME,P,23,0,17,OSTK,2026-02-27
2026-01-12,GME,P,219,0,201,OSTK,2026-04-17
2026-01-12,GME,P,1,0,1,OSTK,2026-06-18
2026-01-12,GME,P,121,0,121,OSTK,2026-07-17
2026-01-12,GME,P,3,0,3,OSTK,2026-09-18
2026-01-12,GME,P,10,0,10,OSTK,2026-10-16
2026-01-12,GME,P,19,0,19,OSTK,2026-12-18
2026-01-12,GME,P,2,0,2,OSTK,2027-01-15
2026-01-12,GME,P,5,0,5,OSTK,2027-09-17
2026-01-12,GME,P,12,0,8,OSTK,2027-12-17
2026-01-12,GME,P,17,0,17,OSTK,2028-01-21
2026-01-12,GME,P,3,0,1,OSTK,2028-06-16
2026-01-12,GME,P,426,0,426,OSTK,2028-12-15
2026-01-12,GME,Q,937,0,1037,OSTK,2026-01-16
2026-01-12,GME,Q,21,0,395,OSTK,2026-01-23
2026-01-12,GME,Q,33,0,245,OSTK,2026-01-30
2026-01-12,GME,Q,2,0,2,OSTK,2026-02-06
2026-01-12,GME,Q,0,0,2,OSTK,2026-02-13
2026-01-12,GME,Q,10,0,132,OSTK,2026-02-20
2026-01-12,GME,Q,0,0,2,OSTK,2026-02-27
2026-01-12,GME,Q,2,0,2,OSTK,2026-04-17
2026-01-12,GME,Q,1,0,1,OSTK,2026-06-18
2026-01-12,GME,Q,0,0,2,OSTK,2026-12-18
2026-01-12,GME,Q,5,0,201,OSTK,2027-09-17
2026-01-12,GME,Q,256,0,0,OSTK,2028-01-21
2026-01-12,GME,R,2135,0,1929,OSTK,2026-01-16
2026-01-12,GME,R,402,0,528,OSTK,2026-01-23
2026-01-12,GME,R,310,0,342,OSTK,2026-01-30
2026-01-12,GME,R,215,0,213,OSTK,2026-02-06
2026-01-12,GME,R,34,0,34,OSTK,2026-02-13
2026-01-12,GME,R,398,0,382,OSTK,2026-02-20
2026-01-12,GME,R,1,0,17,OSTK,2026-02-27
2026-01-12,GME,R,325,0,279,OSTK,2026-04-17
2026-01-12,GME,R,270,0,314,OSTK,2026-06-18
2026-01-12,GME,R,10,0,10,OSTK,2026-07-17
2026-01-12,GME,R,10,0,10,OSTK,2026-09-18
2026-01-12,GME,R,146,0,146,OSTK,2026-10-16
2026-01-12,GME,R,30,0,118,OSTK,2026-12-18
2026-01-12,GME,R,64,0,62,OSTK,2027-01-15
2026-01-12,GME,R,0,0,10,OSTK,2027-09-17
2026-01-12,GME,R,5,0,5,OSTK,2027-12-17
2026-01-12,GME,R,587,0,19,OSTK,2028-01-21
2026-01-12,GME,R,107,0,107,OSTK,2028-06-16
2026-01-12,GME,R,48,0,48,OSTK,2028-12-15
2026-01-12,GME,T,2,0,2,OSTK,2026-01-16
2026-01-12,GME,T,292,0,548,OSTK,2026-01-23
2026-01-12,GME,T,54,0,58,OSTK,2026-01-30
2026-01-12,GME,T,3,0,3,OSTK,2026-02-06
2026-01-12,GME,T,65,0,65,OSTK,2026-02-20
2026-01-12,GME,T,1,0,1,OSTK,2026-12-18
2026-01-12,GME,T,0,0,36,OSTK,2027-09-17
2026-01-12,GME,T,390,0,0,OSTK,2028-01-21
2026-01-12,GME,U,323,0,179,OSTK,2026-01-16
2026-01-12,GME,U,280,0,304,OSTK,2026-01-23
2026-01-12,GME,U,375,0,351,OSTK,2026-01-30
2026-01-12,GME,U,27,0,23,OSTK,2026-02-06
2026-01-12,GME,U,40,0,40,OSTK,2026-02-13
2026-01-12,GME,U,64,38,276,OSTK,2026-02-20
2026-01-12,GME,U,19,0,19,OSTK,2026-02-27
2026-01-12,GME,U,10,0,10,OSTK,2026-04-17
2026-01-12,GME,U,1,0,1,OSTK,2026-06-18
2026-01-12,GME,U,1,0,1,OSTK,2026-09-18
2026-01-12,GME,U,6,0,6,OSTK,2026-10-16
2026-01-12,GME,U,50,0,50,OSTK,2026-12-18
2026-01-12,GME,U,7,0,5,OSTK,2027-01-15
2026-01-12,GME,U,0,0,10,OSTK,2027-09-17
2026-01-12,GME,U,98,0,98,OSTK,2027-12-17
2026-01-12,GME,U,1,0,1,OSTK,2028-01-21
2026-01-12,GME,U,66,15,81,OSTK,2028-12-15
2026-01-12,GME,W,1819,0,1823,OSTK,2026-01-16
2026-01-12,GME,W,265,0,621,OSTK,2026-01-23
2026-01-12,GME,W,81,0,81,OSTK,2026-01-30
2026-01-12,GME,W,31,0,29,OSTK,2026-02-06
2026-01-12,GME,W,57,0,57,OSTK,2026-02-13
2026-01-12,GME,W,309,36,345,OSTK,2026-02-20
2026-01-12,GME,W,1,0,1,OSTK,2026-02-27
2026-01-12,GME,W,46,0,46,OSTK,2026-04-17
2026-01-12,GME,W,25,0,25,OSTK,2026-06-18
2026-01-12,GME,W,5,0,5,OSTK,2026-07-17
2026-01-12,GME,W,2,0,2,OSTK,2026-10-16
2026-01-12,GME,W,2,0,2,OSTK,2027-01-15
2026-01-12,GME,W,94,0,256,OSTK,2027-09-17
2026-01-12,GME,W,222,0,0,OSTK,2028-01-21
2026-01-12,GME,W,0,14,14,OSTK,2028-12-15
2026-01-12,GME,X,381,0,249,OSTK,2026-01-16
2026-01-12,GME,X,2062,0,1926,OSTK,2026-01-23
2026-01-12,GME,X,1511,0,1381,OSTK,2026-01-30
2026-01-12,GME,X,97,0,97,OSTK,2026-02-06
2026-01-12,GME,X,681,0,681,OSTK,2026-02-13
2026-01-12,GME,X,894,0,894,OSTK,2026-02-20
2026-01-12,GME,X,73,0,73,OSTK,2026-02-27
2026-01-12,GME,X,9,0,9,OSTK,2026-04-17
2026-01-12,GME,X,4,0,4,OSTK,2026-06-18
2026-01-12,GME,X,22,0,22,OSTK,2026-07-17
2026-01-12,GME,X,16,0,16,OSTK,2026-09-18
2026-01-12,GME,X,4,0,4,OSTK,2026-10-16
2026-01-12,GME,X,65,0,65,OSTK,2026-12-18
2026-01-12,GME,X,18,0,18,OSTK,2027-01-15
2026-01-12,GME,X,1,0,1,OSTK,2027-09-17
2026-01-12,GME,X,50,0,50,OSTK,2027-12-17
2026-01-12,GME,X,353,0,9,OSTK,2028-01-21
2026-01-12,GME,X,97,0,97,OSTK,2028-12-15
2026-01-12,GME,Z,543,0,535,OSTK,2026-01-16
2026-01-12,GME,Z,90,0,186,OSTK,2026-01-23
2026-01-12,GME,Z,74,0,94,OSTK,2026-01-30
2026-01-12,GME,Z,62,0,48,OSTK,2026-02-06
2026-01-12,GME,Z,12,0,12,OSTK,2026-02-13
2026-01-12,GME,Z,212,0,140,OSTK,2026-02-20
2026-01-12,GME,Z,164,0,164,OSTK,2026-02-27
2026-01-12,GME,Z,1,0,1,OSTK,2026-04-17
2026-01-12,GME,Z,1,0,1,OSTK,2026-06-18
2026-01-12,GME,Z,61,0,61,OSTK,2026-07-17
2026-01-12,GME,Z,1,0,1,OSTK,2026-09-18
2026-01-12,GME,Z,25,0,25,OSTK,2026-10-16
2026-01-12,GME,Z,2,0,2,OSTK,2026-12-18
2026-01-12,GME,Z,108,0,108,OSTK,2027-01-15
2026-01-12,GME,Z,1,0,119,OSTK,2027-09-17
2026-01-12,GME,Z,1,0,1,OSTK,2027-12-17
2026-01-12,GME,Z,228,0,6,OSTK,2028-01-21
2026-01-12,GME,Z,1,0,1,OSTK,2028-06-16
2026-01-12,GME,Z,19,0,19,OSTK,2028-12-15
2026-01-13,GME,A,220,0,216,OSTK,2026-01-16
2026-01-13,GME,A,892,0,872,OSTK,2026-01-23
2026-01-13,GME,A,1018,0,1018,OSTK,2026-01-30
2026-01-13,GME,A,28,0,28,OSTK,2026-02-06
2026-01-13,GME,A,8,0,8,OSTK,2026-02-13
2026-01-13,GME,A,483,0,483,OSTK,2026-02-20
2026-01-13,GME,A,4,0,4,OSTK,2026-02-27
2026-01-13,GME,A,10,0,10,OSTK,2026-04-17
2026-01-13,GME,A,35,0,35,OSTK,2026-06-18
2026-01-13,GME,A,2,0,2,OSTK,2026-07-17
2026-01-13,GME,A,54,0,54,OSTK,2026-09-18
2026-01-13,GME,A,274,0,274,OSTK,2026-10-16
2026-01-13,GME,A,30,0,30,OSTK,2026-12-18
2026-01-13,GME,A,59,0,59,OSTK,2027-01-15
2026-01-13,GME,A,1,0,1,OSTK,2027-09-17
2026-01-13,GME,A,5,0,5,OSTK,2027-12-17
2026-01-13,GME,A,10,0,10,OSTK,2028-01-21
2026-01-13,GME,A,6,0,6,OSTK,2028-12-15
2026-01-13,GME,B,132,0,130,OSTK,2026-01-16
2026-01-13,GME,B,207,0,315,OSTK,2026-01-23
2026-01-13,GME,B,124,0,124,OSTK,2026-01-30
2026-01-13,GME,B,28,0,28,OSTK,2026-02-06
2026-01-13,GME,B,7,0,7,OSTK,2026-02-13
2026-01-13,GME,B,1074,0,1074,OSTK,2026-02-20
2026-01-13,GME,B,84,0,84,OSTK,2026-02-27
2026-01-13,GME,B,21,0,21,OSTK,2026-04-17
2026-01-13,GME,B,79,0,79,OSTK,2026-06-18
2026-01-13,GME,B,53,0,53,OSTK,2026-07-17
2026-01-13,GME,B,33,0,33,OSTK,2026-09-18
2026-01-13,GME,B,4,0,4,OSTK,2026-10-16
2026-01-13,GME,B,4,0,4,OSTK,2026-12-18
2026-01-13,GME,B,47,0,47,OSTK,2027-01-15
2026-01-13,GME,B,1,0,1,OSTK,2027-09-17
2026-01-13,GME,B,5,0,5,OSTK,2027-12-17
2026-01-13,GME,B,43,0,43,OSTK,2028-01-21
2026-01-13,GME,C,286,0,264,OSTK,2026-01-16
2026-01-13,GME,C,1134,0,982,OSTK,2026-01-23
2026-01-13,GME,C,832,0,812,OSTK,2026-01-30
2026-01-13,GME,C,28,0,28,OSTK,2026-02-06
2026-01-13,GME,C,98,0,98,OSTK,2026-02-13
2026-01-13,GME,C,1062,0,1046,OSTK,2026-02-20
2026-01-13,GME,C,21,0,21,OSTK,2026-02-27
2026-01-13,GME,C,26,0,26,OSTK,2026-04-17
2026-01-13,GME,C,39,0,39,OSTK,2026-06-18
2026-01-13,GME,C,71,0,71,OSTK,2026-09-18
2026-01-13,GME,C,25,0,25,OSTK,2026-10-16
2026-01-13,GME,C,54,0,54,OSTK,2026-12-18
2026-01-13,GME,C,2,0,2,OSTK,2027-01-15
2026-01-13,GME,C,25,0,25,OSTK,2027-09-17
2026-01-13,GME,C,2,0,2,OSTK,2027-12-17
2026-01-13,GME,C,1,0,1,OSTK,2028-01-21
2026-01-13,GME,C,1,0,1,OSTK,2028-06-16
2026-01-13,GME,C,8,0,8,OSTK,2028-12-15
2026-01-13,GME,D,1501,0,1303,OSTK,2026-01-16
2026-01-13,GME,D,153,0,409,OSTK,2026-01-23
2026-01-13,GME,D,563,0,491,OSTK,2026-01-30
2026-01-13,GME,D,109,0,109,OSTK,2026-02-06
2026-01-13,GME,D,18,0,18,OSTK,2026-02-13
2026-01-13,GME,D,188,0,176,OSTK,2026-02-20
2026-01-13,GME,D,14,0,14,OSTK,2026-02-27
2026-01-13,GME,D,906,0,838,OSTK,2026-04-17
2026-01-13,GME,D,221,0,221,OSTK,2026-06-18
2026-01-13,GME,D,27,0,27,OSTK,2026-07-17
2026-01-13,GME,D,24,0,24,OSTK,2026-09-18
2026-01-13,GME,D,21,0,21,OSTK,2026-10-16
2026-01-13,GME,D,29,0,27,OSTK,2026-12-18
2026-01-13,GME,D,80,0,78,OSTK,2027-01-15
2026-01-13,GME,D,6,0,6,OSTK,2027-09-17
2026-01-13,GME,D,31,0,29,OSTK,2027-12-17
2026-01-13,GME,D,27,0,25,OSTK,2028-01-21
2026-01-13,GME,D,8,0,8,OSTK,2028-12-15
2026-01-13,GME,E,19,0,19,OSTK,2026-01-16
2026-01-13,GME,E,227,0,227,OSTK,2026-01-23
2026-01-13,GME,E,75,0,75,OSTK,2026-01-30
2026-01-13,GME,E,8,0,8,OSTK,2026-02-06
2026-01-13,GME,E,7,0,7,OSTK,2026-02-13
2026-01-13,GME,E,805,0,805,OSTK,2026-02-20
2026-01-13,GME,E,5,0,5,OSTK,2026-02-27
2026-01-13,GME,E,380,0,380,OSTK,2026-04-17
2026-01-13,GME,E,195,0,195,OSTK,2026-06-18
2026-01-13,GME,E,35,0,35,OSTK,2026-07-17
2026-01-13,GME,E,1,0,1,OSTK,2026-10-16
2026-01-13,GME,E,36,0,36,OSTK,2026-12-18
2026-01-13,GME,E,6,0,6,OSTK,2027-12-17
2026-01-13,GME,E,27,0,27,OSTK,2028-01-21
2026-01-13,GME,E,7,0,7,OSTK,2028-12-15
2026-01-13,GME,H,54,0,52,OSTK,2026-01-16
2026-01-13,GME,H,101,0,195,OSTK,2026-01-23
2026-01-13,GME,H,70,0,62,OSTK,2026-01-30
2026-01-13,GME,H,6,0,6,OSTK,2026-02-06
2026-01-13,GME,H,6,0,4,OSTK,2026-02-13
2026-01-13,GME,H,59,0,19,OSTK,2026-02-20
2026-01-13,GME,H,25,0,25,OSTK,2026-02-27
2026-01-13,GME,H,201,0,77,OSTK,2026-04-17
2026-01-13,GME,H,10,0,10,OSTK,2026-06-18
2026-01-13,GME,H,8,0,8,OSTK,2026-07-17
2026-01-13,GME,H,15,0,13,OSTK,2026-09-18
2026-01-13,GME,H,13,0,9,OSTK,2026-10-16
2026-01-13,GME,H,20,0,16,OSTK,2026-12-18
2026-01-13,GME,H,1,0,1,OSTK,2027-01-15
2026-01-13,GME,H,5,0,5,OSTK,2027-09-17
2026-01-13,GME,H,6,0,6,OSTK,2027-12-17
2026-01-13,GME,H,0,0,2,OSTK,2028-01-21
2026-01-13,GME,H,2,0,2,OSTK,2028-12-15
2026-01-13,GME,I,111,0,111,OSTK,2026-01-16
2026-01-13,GME,I,585,0,565,OSTK,2026-01-23
2026-01-13,GME,I,377,0,377,OSTK,2026-01-30
2026-01-13,GME,I,94,0,94,OSTK,2026-02-06
2026-01-13,GME,I,27,0,27,OSTK,2026-02-13
2026-01-13,GME,I,454,0,450,OSTK,2026-02-20
2026-01-13,GME,I,66,0,66,OSTK,2026-02-27
2026-01-13,GME,I,33,0,33,OSTK,2026-04-17
2026-01-13,GME,I,905,0,905,OSTK,2026-06-18
2026-01-13,GME,I,31,0,31,OSTK,2026-07-17
2026-01-13,GME,I,80,0,80,OSTK,2026-09-18
2026-01-13,GME,I,12,0,12,OSTK,2026-10-16
2026-01-13,GME,I,56,0,56,OSTK,2026-12-18
2026-01-13,GME,I,207,0,207,OSTK,2027-01-15
2026-01-13,GME,I,114,0,114,OSTK,2027-09-17
2026-01-13,GME,I,3,0,3,OSTK,2027-12-17
2026-01-13,GME,I,8,0,6,OSTK,2028-01-21
2026-01-13,GME,I,5,0,5,OSTK,2028-06-16
2026-01-13,GME,I,7,0,7,OSTK,2028-12-15
2026-01-13,GME,J,609,0,103,OSTK,2026-01-16
2026-01-13,GME,J,266,0,144,OSTK,2026-01-23
2026-01-13,GME,J,387,0,81,OSTK,2026-01-30
2026-01-13,GME,J,99,0,99,OSTK,2026-02-06
2026-01-13,GME,J,4,0,0,OSTK,2026-02-13
2026-01-13,GME,J,88,0,80,OSTK,2026-02-20
2026-01-13,GME,J,200,0,200,OSTK,2026-02-27
2026-01-13,GME,J,2633,0,2617,OSTK,2026-04-17
2026-01-13,GME,J,484,0,484,OSTK,2026-06-18
2026-01-13,GME,J,11,0,11,OSTK,2026-09-18
2026-01-13,GME,J,2,0,2,OSTK,2026-10-16
2026-01-13,GME,J,11,0,9,OSTK,2026-12-18
2026-01-13,GME,J,23,0,23,OSTK,2027-01-15
2026-01-13,GME,J,1,0,1,OSTK,2027-12-17
2026-01-13,GME,J,10,0,10,OSTK,2028-01-21
2026-01-13,GME,L,1997,0,1963,OSTK,2026-01-16
2026-01-13,GME,L,173,0,181,OSTK,2026-01-23
2026-01-13,GME,L,235,0,235,OSTK,2026-01-30
2026-01-13,GME,L,4,0,4,OSTK,2026-02-06
2026-01-13,GME,L,3,0,3,OSTK,2026-02-13
2026-01-13,GME,L,657,0,655,OSTK,2026-02-20
2026-01-13,GME,L,29,0,29,OSTK,2026-02-27
2026-01-13,GME,L,399,0,399,OSTK,2026-04-17
2026-01-13,GME,L,39,0,39,OSTK,2026-06-18
2026-01-13,GME,L,19,0,19,OSTK,2026-07-17
2026-01-13,GME,L,5,0,5,OSTK,2026-09-18
2026-01-13,GME,L,5,0,5,OSTK,2026-12-18
2026-01-13,GME,L,36,0,36,OSTK,2027-01-15
2026-01-13,GME,L,1,0,1,OSTK,2027-09-17
2026-01-13,GME,L,6,0,6,OSTK,2027-12-17
2026-01-13,GME,L,19,0,19,OSTK,2028-01-21
2026-01-13,GME,L,2,0,2,OSTK,2028-12-15
2026-01-13,GME,M,3697,0,3769,OSTK,2026-01-16
2026-01-13,GME,M,1121,0,1129,OSTK,2026-01-23
2026-01-13,GME,M,1348,0,1348,OSTK,2026-01-30
2026-01-13,GME,M,176,0,176,OSTK,2026-02-06
2026-01-13,GME,M,27,0,27,OSTK,2026-02-13
2026-01-13,GME,M,582,0,578,OSTK,2026-02-20
2026-01-13,GME,M,44,0,44,OSTK,2026-02-27
2026-01-13,GME,M,671,0,637,OSTK,2026-04-17
2026-01-13,GME,M,221,0,221,OSTK,2026-06-18
2026-01-13,GME,M,25,0,25,OSTK,2026-07-17
2026-01-13,GME,M,19,0,19,OSTK,2026-09-18
2026-01-13,GME,M,60,0,60,OSTK,2026-10-16
2026-01-13,GME,M,12,0,12,OSTK,2026-12-18
2026-01-13,GME,M,99,0,99,OSTK,2027-01-15
2026-01-13,GME,M,4,0,4,OSTK,2027-12-17
2026-01-13,GME,M,44,0,44,OSTK,2028-01-21
2026-01-13,GME,M,4,0,4,OSTK,2028-12-15
2026-01-13,GME,P,384,0,104,OSTK,2026-01-16
2026-01-13,GME,P,373,0,417,OSTK,2026-01-23
2026-01-13,GME,P,447,0,327,OSTK,2026-01-30
2026-01-13,GME,P,52,0,10,OSTK,2026-02-06
2026-01-13,GME,P,68,0,68,OSTK,2026-02-13
2026-01-13,GME,P,402,0,364,OSTK,2026-02-20
2026-01-13,GME,P,13,0,13,OSTK,2026-02-27
2026-01-13,GME,P,5,0,5,OSTK,2026-04-17
2026-01-13,GME,P,296,0,248,OSTK,2026-06-18
2026-01-13,GME,P,37,0,37,OSTK,2026-07-17
2026-01-13,GME,P,12,0,12,OSTK,2026-09-18
2026-01-13,GME,P,37,0,35,OSTK,2026-10-16
2026-01-13,GME,P,21,0,21,OSTK,2026-12-18
2026-01-13,GME,P,15,10,5,OSTK,2027-01-15
2026-01-13,GME,P,571,0,589,OSTK,2027-09-17
2026-01-13,GME,P,3,0,11,OSTK,2027-12-17
2026-01-13,GME,P,1,0,1,OSTK,2028-01-21
2026-01-13,GME,P,33,0,33,OSTK,2028-12-15
2026-01-13,GME,Q,405,0,987,OSTK,2026-01-16
2026-01-13,GME,Q,9,0,463,OSTK,2026-01-23
2026-01-13,GME,Q,62,0,160,OSTK,2026-01-30
2026-01-13,GME,Q,2,0,2,OSTK,2026-02-06
2026-01-13,GME,Q,0,0,2,OSTK,2026-02-13
2026-01-13,GME,Q,5,0,15,OSTK,2026-02-20
2026-01-13,GME,Q,57,0,63,OSTK,2026-04-17
2026-01-13,GME,Q,83,0,153,OSTK,2026-06-18
2026-01-13,GME,Q,1,0,1,OSTK,2026-09-18
2026-01-13,GME,Q,1,0,1,OSTK,2026-12-18
2026-01-13,GME,Q,6,0,6,OSTK,2027-01-15
2026-01-13,GME,Q,17,0,79,OSTK,2027-12-17
2026-01-13,GME,Q,0,0,14,OSTK,2028-01-21
2026-01-13,GME,R,1453,0,1097,OSTK,2026-01-16
2026-01-13,GME,R,328,0,402,OSTK,2026-01-23
2026-01-13,GME,R,259,0,221,OSTK,2026-01-30
2026-01-13,GME,R,48,0,34,OSTK,2026-02-06
2026-01-13,GME,R,45,0,45,OSTK,2026-02-13
2026-01-13,GME,R,89,0,69,OSTK,2026-02-20
2026-01-13,GME,R,2,0,2,OSTK,2026-02-27
2026-01-13,GME,R,650,0,610,OSTK,2026-04-17
2026-01-13,GME,R,61,0,61,OSTK,2026-06-18
2026-01-13,GME,R,1,0,1,OSTK,2026-07-17
2026-01-13,GME,R,16,0,16,OSTK,2026-09-18
2026-01-13,GME,R,16,0,16,OSTK,2026-10-16
2026-01-13,GME,R,57,0,67,OSTK,2026-12-18
2026-01-13,GME,R,55,0,55,OSTK,2027-01-15
2026-01-13,GME,R,1,0,1,OSTK,2027-09-17
2026-01-13,GME,R,1,0,1,OSTK,2027-12-17
2026-01-13,GME,R,21,0,21,OSTK,2028-01-21
2026-01-13,GME,R,7,0,7,OSTK,2028-06-16
2026-01-13,GME,R,2,0,2,OSTK,2028-12-15
2026-01-13,GME,T,1077,0,1077,OSTK,2026-01-16
2026-01-13,GME,T,186,0,288,OSTK,2026-01-23
2026-01-13,GME,T,99,0,99,OSTK,2026-01-30
2026-01-13,GME,T,2,0,2,OSTK,2026-02-06
2026-01-13,GME,T,1,0,1,OSTK,2026-02-20
2026-01-13,GME,T,11,0,11,OSTK,2026-04-17
2026-01-13,GME,T,1,0,1,OSTK,2027-01-15
2026-01-13,GME,T,1,0,1,OSTK,2028-01-21
2026-01-13,GME,U,581,0,85,OSTK,2026-01-16
2026-01-13,GME,U,270,0,452,OSTK,2026-01-23
2026-01-13,GME,U,66,0,64,OSTK,2026-01-30
2026-01-13,GME,U,65,0,65,OSTK,2026-02-06
2026-01-13,GME,U,8,0,8,OSTK,2026-02-13
2026-01-13,GME,U,111,0,109,OSTK,2026-02-20
2026-01-13,GME,U,6,0,6,OSTK,2026-02-27
2026-01-13,GME,U,136,0,136,OSTK,2026-04-17
2026-01-13,GME,U,1,0,1,OSTK,2026-06-18
2026-01-13,GME,U,7,0,7,OSTK,2026-07-17
2026-01-13,GME,U,10,0,10,OSTK,2026-09-18
2026-01-13,GME,U,11,0,9,OSTK,2026-10-16
2026-01-13,GME,U,9,0,9,OSTK,2026-12-18
2026-01-13,GME,U,9,10,17,OSTK,2027-01-15
2026-01-13,GME,U,1,0,1,OSTK,2027-12-17
2026-01-13,GME,U,19,0,19,OSTK,2028-01-21
2026-01-13,GME,U,2,0,2,OSTK,2028-06-16
2026-01-13,GME,U,20,0,16,OSTK,2028-12-15
2026-01-13,GME,W,4,0,4,OSTK,2026-01-16
2026-01-13,GME,W,132,0,600,OSTK,2026-01-23
2026-01-13,GME,W,102,0,102,OSTK,2026-01-30
2026-01-13,GME,W,16,0,16,OSTK,2026-02-06
2026-01-13,GME,W,2,0,2,OSTK,2026-02-13
2026-01-13,GME,W,320,0,320,OSTK,2026-02-20
2026-01-13,GME,W,2,0,2,OSTK,2026-02-27
2026-01-13,GME,W,291,0,245,OSTK,2026-04-17
2026-01-13,GME,W,20,0,20,OSTK,2026-06-18
2026-01-13,GME,W,16,0,16,OSTK,2026-07-17
2026-01-13,GME,W,1,0,1,OSTK,2026-10-16
2026-01-13,GME,W,15,0,17,OSTK,2027-01-15
2026-01-13,GME,W,34,0,34,OSTK,2027-09-17
2026-01-13,GME,W,4,0,4,OSTK,2027-12-17
2026-01-13,GME,W,30,0,30,OSTK,2028-01-21
2026-01-13,GME,X,264,0,210,OSTK,2026-01-16
2026-01-13,GME,X,1205,0,1097,OSTK,2026-01-23
2026-01-13,GME,X,2194,0,2160,OSTK,2026-01-30
2026-01-13,GME,X,211,0,211,OSTK,2026-02-06
2026-01-13,GME,X,223,0,223,OSTK,2026-02-13
2026-01-13,GME,X,964,0,960,OSTK,2026-02-20
2026-01-13,GME,X,25,0,25,OSTK,2026-02-27
2026-01-13,GME,X,13,0,13,OSTK,2026-04-17
2026-01-13,GME,X,4,0,4,OSTK,2026-06-18
2026-01-13,GME,X,7,0,7,OSTK,2026-07-17
2026-01-13,GME,X,47,0,47,OSTK,2026-09-18
2026-01-13,GME,X,31,0,31,OSTK,2026-10-16
2026-01-13,GME,X,281,0,289,OSTK,2026-12-18
2026-01-13,GME,X,5,0,5,OSTK,2027-01-15
2026-01-13,GME,X,3,0,3,OSTK,2027-09-17
2026-01-13,GME,X,7,0,7,OSTK,2028-01-21
2026-01-13,GME,Z,318,0,96,OSTK,2026-01-16
2026-01-13,GME,Z,204,0,260,OSTK,2026-01-23
2026-01-13,GME,Z,463,0,337,OSTK,2026-01-30
2026-01-13,GME,Z,427,0,417,OSTK,2026-02-06
2026-01-13,GME,Z,2,0,2,OSTK,2026-02-13
2026-01-13,GME,Z,240,0,210,OSTK,2026-02-20
2026-01-13,GME,Z,27,0,27,OSTK,2026-02-27
2026-01-13,GME,Z,465,0,445,OSTK,2026-04-17
2026-01-13,GME,Z,13,0,13,OSTK,2026-06-18
2026-01-13,GME,Z,15,0,15,OSTK,2026-07-17
2026-01-13,GME,Z,1,0,1,OSTK,2026-09-18
2026-01-13,GME,Z,121,0,121,OSTK,2026-10-16
2026-01-13,GME,Z,3,0,3,OSTK,2026-12-18
2026-01-13,GME,Z,25,0,25,OSTK,2027-01-15
2026-01-13,GME,Z,6,0,6,OSTK,2027-12-17
2026-01-13,GME,Z,103,0,103,OSTK,2028-01-21
2026-01-13,GME,Z,6,0,6,OSTK,2028-06-16
2026-01-14,GME,A,587,0,541,OSTK,2026-01-16
2026-01-14,GME,A,1445,0,1445,OSTK,2026-01-23
2026-01-14,GME,A,642,0,642,OSTK,2026-01-30
2026-01-14,GME,A,439,0,439,OSTK,2026-02-06
2026-01-14,GME,A,14,0,14,OSTK,2026-02-13
2026-01-14,GME,A,459,0,459,OSTK,2026-02-20
2026-01-14,GME,A,28,0,28,OSTK,2026-02-27
2026-01-14,GME,A,33,0,33,OSTK,2026-04-17
2026-01-14,GME,A,57,0,57,OSTK,2026-06-18
2026-01-14,GME,A,2,0,2,OSTK,2026-07-17
2026-01-14,GME,A,58,0,58,OSTK,2026-09-18
2026-01-14,GME,A,241,0,241,OSTK,2026-10-16
2026-01-14,GME,A,40,0,40,OSTK,2026-12-18
2026-01-14,GME,A,11,0,11,OSTK,2027-01-15
2026-01-14,GME,A,8,0,8,OSTK,2027-09-17
2026-01-14,GME,A,13,0,13,OSTK,2027-12-17
2026-01-14,GME,A,32,0,34,OSTK,2028-01-21
2026-01-14,GME,A,1,0,1,OSTK,2028-06-16
2026-01-14,GME,A,1,0,1,OSTK,2028-12-15
2026-01-14,GME,B,109,0,107,OSTK,2026-01-16
2026-01-14,GME,B,259,0,259,OSTK,2026-01-23
2026-01-14,GME,B,309,0,309,OSTK,2026-01-30
2026-01-14,GME,B,66,0,66,OSTK,2026-02-06
2026-01-14,GME,B,17,0,17,OSTK,2026-02-13
2026-01-14,GME,B,30,0,30,OSTK,2026-02-20
2026-01-14,GME,B,17,0,17,OSTK,2026-02-27
2026-01-14,GME,B,29,0,29,OSTK,2026-04-17
2026-01-14,GME,B,10,0,10,OSTK,2026-06-18
2026-01-14,GME,B,60,0,60,OSTK,2026-07-17
2026-01-14,GME,B,15,0,15,OSTK,2026-09-18
2026-01-14,GME,B,40,0,40,OSTK,2026-10-16
2026-01-14,GME,B,56,0,56,OSTK,2026-12-18
2026-01-14,GME,B,12,0,12,OSTK,2027-01-15
2026-01-14,GME,B,1,0,1,OSTK,2027-12-17
2026-01-14,GME,B,2,0,2,OSTK,2028-01-21
2026-01-14,GME,B,1,0,1,OSTK,2028-06-16
2026-01-14,GME,B,3,0,3,OSTK,2028-12-15
2026-01-14,GME,C,421,0,421,OSTK,2026-01-16
2026-01-14,GME,C,2098,0,2080,OSTK,2026-01-23
2026-01-14,GME,C,860,0,848,OSTK,2026-01-30
2026-01-14,GME,C,686,0,684,OSTK,2026-02-06
2026-01-14,GME,C,162,0,162,OSTK,2026-02-13
2026-01-14,GME,C,422,0,422,OSTK,2026-02-20
2026-01-14,GME,C,147,0,147,OSTK,2026-02-27
2026-01-14,GME,C,83,0,83,OSTK,2026-04-17
2026-01-14,GME,C,26,0,26,OSTK,2026-06-18
2026-01-14,GME,C,23,0,23,OSTK,2026-07-17
2026-01-14,GME,C,81,0,81,OSTK,2026-09-18
2026-01-14,GME,C,10,0,10,OSTK,2026-10-16
2026-01-14,GME,C,79,0,79,OSTK,2026-12-18
2026-01-14,GME,C,48,0,48,OSTK,2027-01-15
2026-01-14,GME,C,1,0,1,OSTK,2027-09-17
2026-01-14,GME,C,1,0,1,OSTK,2027-12-17
2026-01-14,GME,C,104,0,98,OSTK,2028-01-21
2026-01-14,GME,C,45,0,45,OSTK,2028-06-16
2026-01-14,GME,C,3,0,3,OSTK,2028-12-15
2026-01-14,GME,D,1635,0,1235,OSTK,2026-01-16
2026-01-14,GME,D,356,0,246,OSTK,2026-01-23
2026-01-14,GME,D,162,0,134,OSTK,2026-01-30
2026-01-14,GME,D,376,0,362,OSTK,2026-02-06
2026-01-14,GME,D,169,0,169,OSTK,2026-02-13
2026-01-14,GME,D,236,0,166,OSTK,2026-02-20
2026-01-14,GME,D,136,0,136,OSTK,2026-02-27
2026-01-14,GME,D,375,0,353,OSTK,2026-04-17
2026-01-14,GME,D,131,0,131,OSTK,2026-06-18
2026-01-14,GME,D,15,0,15,OSTK,2026-07-17
2026-01-14,GME,D,5,0,5,OSTK,2026-09-18
2026-01-14,GME,D,376,0,376,OSTK,2026-10-16
2026-01-14,GME,D,35,0,35,OSTK,2026-12-18
2026-01-14,GME,D,203,0,203,OSTK,2027-01-15
2026-01-14,GME,D,41,0,35,OSTK,2027-12-17
2026-01-14,GME,D,56,0,42,OSTK,2028-01-21
2026-01-14,GME,D,18,0,18,OSTK,2028-06-16
2026-01-14,GME,D,101,0,101,OSTK,2028-12-15
2026-01-14,GME,E,42,0,42,OSTK,2026-01-16
2026-01-14,GME,E,550,0,550,OSTK,2026-01-23
2026-01-14,GME,E,248,0,262,OSTK,2026-01-30
2026-01-14,GME,E,36,0,36,OSTK,2026-02-06
2026-01-14,GME,E,2,0,2,OSTK,2026-02-13
2026-01-14,GME,E,238,0,238,OSTK,2026-02-20
2026-01-14,GME,E,8,0,8,OSTK,2026-02-27
2026-01-14,GME,E,244,0,244,OSTK,2026-04-17
2026-01-14,GME,E,50,0,50,OSTK,2026-06-18
2026-01-14,GME,E,5,0,5,OSTK,2026-09-18
2026-01-14,GME,E,14,0,14,OSTK,2026-10-16
2026-01-14,GME,E,22,0,22,OSTK,2026-12-18
2026-01-14,GME,E,61,0,81,OSTK,2027-01-15
2026-01-14,GME,E,1,0,1,OSTK,2027-12-17
2026-01-14,GME,E,76,0,52,OSTK,2028-01-21
2026-01-14,GME,E,3,0,3,OSTK,2028-12-15
2026-01-14,GME,H,64,0,58,OSTK,2026-01-16
2026-01-14,GME,H,717,0,579,OSTK,2026-01-23
2026-01-14,GME,H,137,0,115,OSTK,2026-01-30
2026-01-14,GME,H,53,0,33,OSTK,2026-02-06
2026-01-14,GME,H,47,0,47,OSTK,2026-02-13
2026-01-14,GME,H,158,0,144,OSTK,2026-02-20
2026-01-14,GME,H,15,0,15,OSTK,2026-02-27
2026-01-14,GME,H,194,0,184,OSTK,2026-04-17
2026-01-14,GME,H,21,0,21,OSTK,2026-06-18
2026-01-14,GME,H,3,0,3,OSTK,2026-07-17
2026-01-14,GME,H,40,0,40,OSTK,2026-09-18
2026-01-14,GME,H,392,0,390,OSTK,2026-10-16
2026-01-14,GME,H,63,0,63,OSTK,2026-12-18
2026-01-14,GME,H,7,0,7,OSTK,2027-01-15
2026-01-14,GME,H,2,0,0,OSTK,2027-09-17
2026-01-14,GME,H,6,0,6,OSTK,2027-12-17
2026-01-14,GME,H,0,0,2,OSTK,2028-01-21
2026-01-14,GME,H,1,0,1,OSTK,2028-06-16
2026-01-14,GME,H,21,0,21,OSTK,2028-12-15
2026-01-14,GME,I,70,0,66,OSTK,2026-01-16
2026-01-14,GME,I,990,0,914,OSTK,2026-01-23
2026-01-14,GME,I,470,0,454,OSTK,2026-01-30
2026-01-14,GME,I,78,0,78,OSTK,2026-02-06
2026-01-14,GME,I,34,0,34,OSTK,2026-02-13
2026-01-14,GME,I,157,0,157,OSTK,2026-02-20
2026-01-14,GME,I,93,0,93,OSTK,2026-02-27
2026-01-14,GME,I,38,0,38,OSTK,2026-04-17
2026-01-14,GME,I,7,0,7,OSTK,2026-06-18
2026-01-14,GME,I,1,0,1,OSTK,2026-07-17
2026-01-14,GME,I,72,0,72,OSTK,2026-09-18
2026-01-14,GME,I,1,0,1,OSTK,2026-10-16
2026-01-14,GME,I,39,0,39,OSTK,2026-12-18
2026-01-14,GME,I,1,0,1,OSTK,2027-01-15
2026-01-14,GME,I,81,0,81,OSTK,2027-09-17
2026-01-14,GME,I,131,0,65,OSTK,2027-12-17
2026-01-14,GME,I,3,0,3,OSTK,2028-01-21
2026-01-14,GME,I,6,0,6,OSTK,2028-12-15
2026-01-14,GME,J,84,0,8,OSTK,2026-01-16
2026-01-14,GME,J,222,0,150,OSTK,2026-01-23
2026-01-14,GME,J,124,0,104,OSTK,2026-01-30
2026-01-14,GME,J,23,0,21,OSTK,2026-02-06
2026-01-14,GME,J,34,0,24,OSTK,2026-02-13
2026-01-14,GME,J,51,0,47,OSTK,2026-02-20
2026-01-14,GME,J,2,0,2,OSTK,2026-02-27
2026-01-14,GME,J,3,0,3,OSTK,2026-04-17
2026-01-14,GME,J,41,0,41,OSTK,2026-06-18
2026-01-14,GME,J,25,0,25,OSTK,2026-07-17
2026-01-14,GME,J,2,0,2,OSTK,2026-09-18
2026-01-14,GME,J,9,0,9,OSTK,2026-10-16
2026-01-14,GME,J,108,0,108,OSTK,2026-12-18
2026-01-14,GME,J,10,0,0,OSTK,2027-01-15
2026-01-14,GME,J,2,0,2,OSTK,2027-12-17
2026-01-14,GME,J,49,0,49,OSTK,2028-01-21
2026-01-14,GME,J,3,0,3,OSTK,2028-06-16
2026-01-14,GME,J,6,0,6,OSTK,2028-12-15
2026-01-14,GME,L,1347,0,1177,OSTK,2026-01-16
2026-01-14,GME,L,275,0,231,OSTK,2026-01-23
2026-01-14,GME,L,399,0,395,OSTK,2026-01-30
2026-01-14,GME,L,38,0,22,OSTK,2026-02-06
2026-01-14,GME,L,18,0,18,OSTK,2026-02-13
2026-01-14,GME,L,92,0,92,OSTK,2026-02-20
2026-01-14,GME,L,71,0,67,OSTK,2026-02-27
2026-01-14,GME,L,181,0,217,OSTK,2026-04-17
2026-01-14,GME,L,106,0,106,OSTK,2026-06-18
2026-01-14,GME,L,1,0,1,OSTK,2026-10-16
2026-01-14,GME,L,10,0,10,OSTK,2026-12-18
2026-01-14,GME,L,430,0,112,OSTK,2027-01-15
2026-01-14,GME,L,11,0,11,OSTK,2027-12-17
2026-01-14,GME,L,35,0,35,OSTK,2028-01-21
2026-01-14,GME,M,6616,0,6498,OSTK,2026-01-16
2026-01-14,GME,M,1051,0,1041,OSTK,2026-01-23
2026-01-14,GME,M,517,0,531,OSTK,2026-01-30
2026-01-14,GME,M,651,0,651,OSTK,2026-02-06
2026-01-14,GME,M,63,0,63,OSTK,2026-02-13
2026-01-14,GME,M,492,0,492,OSTK,2026-02-20
2026-01-14,GME,M,117,0,117,OSTK,2026-02-27
2026-01-14,GME,M,1555,0,1557,OSTK,2026-04-17
2026-01-14,GME,M,134,0,134,OSTK,2026-06-18
2026-01-14,GME,M,51,0,51,OSTK,2026-09-18
2026-01-14,GME,M,68,0,68,OSTK,2026-10-16
2026-01-14,GME,M,87,0,87,OSTK,2026-12-18
2026-01-14,GME,M,253,0,253,OSTK,2027-01-15
2026-01-14,GME,M,1,0,1,OSTK,2027-09-17
2026-01-14,GME,M,104,0,56,OSTK,2027-12-17
2026-01-14,GME,M,130,0,82,OSTK,2028-01-21
2026-01-14,GME,M,1,0,1,OSTK,2028-06-16
2026-01-14,GME,P,146,0,74,OSTK,2026-01-16
2026-01-14,GME,P,511,0,465,OSTK,2026-01-23
2026-01-14,GME,P,723,0,449,OSTK,2026-01-30
2026-01-14,GME,P,172,0,160,OSTK,2026-02-06
2026-01-14,GME,P,133,0,103,OSTK,2026-02-13
2026-01-14,GME,P,418,0,348,OSTK,2026-02-20
2026-01-14,GME,P,12,0,12,OSTK,2026-02-27
2026-01-14,GME,P,293,0,253,OSTK,2026-04-17
2026-01-14,GME,P,42,0,40,OSTK,2026-06-18
2026-01-14,GME,P,299,0,299,OSTK,2026-07-17
2026-01-14,GME,P,14,0,14,OSTK,2026-09-18
2026-01-14,GME,P,1,0,1,OSTK,2026-10-16
2026-01-14,GME,P,296,0,296,OSTK,2026-12-18
2026-01-14,GME,P,28,0,28,OSTK,2027-01-15
2026-01-14,GME,P,220,0,218,OSTK,2027-09-17
2026-01-14,GME,P,1,0,1,OSTK,2027-12-17
2026-01-14,GME,P,201,0,77,OSTK,2028-01-21
2026-01-14,GME,P,47,0,47,OSTK,2028-06-16
2026-01-14,GME,P,13,0,13,OSTK,2028-12-15
2026-01-14,GME,Q,5,0,1,OSTK,2026-01-16
2026-01-14,GME,Q,8,0,156,OSTK,2026-01-23
2026-01-14,GME,Q,18,0,18,OSTK,2026-01-30
2026-01-14,GME,Q,1,0,5,OSTK,2026-02-06
2026-01-14,GME,Q,1,0,1,OSTK,2026-02-13
2026-01-14,GME,Q,2,0,2,OSTK,2026-02-20
2026-01-14,GME,Q,1,0,7,OSTK,2026-04-17
2026-01-14,GME,Q,0,0,86,OSTK,2026-06-18
2026-01-14,GME,Q,1,0,1,OSTK,2026-07-17
2026-01-14,GME,Q,30,0,36,OSTK,2026-12-18
2026-01-14,GME,Q,1,0,3,OSTK,2027-01-15
2026-01-14,GME,Q,3,0,7,OSTK,2027-09-17
2026-01-14,GME,Q,2,0,518,OSTK,2027-12-17
2026-01-14,GME,Q,0,0,52,OSTK,2028-01-21
2026-01-14,GME,R,1213,0,849,OSTK,2026-01-16
2026-01-14,GME,R,275,0,275,OSTK,2026-01-23
2026-01-14,GME,R,191,0,191,OSTK,2026-01-30
2026-01-14,GME,R,529,0,529,OSTK,2026-02-06
2026-01-14,GME,R,169,0,169,OSTK,2026-02-13
2026-01-14,GME,R,189,0,189,OSTK,2026-02-20
2026-01-14,GME,R,46,0,46,OSTK,2026-02-27
2026-01-14,GME,R,157,0,163,OSTK,2026-04-17
2026-01-14,GME,R,22,0,22,OSTK,2026-06-18
2026-01-14,GME,R,20,0,20,OSTK,2026-07-17
2026-01-14,GME,R,6,0,6,OSTK,2026-09-18
2026-01-14,GME,R,39,0,37,OSTK,2026-10-16
2026-01-14,GME,R,60,0,60,OSTK,2026-12-18
2026-01-14,GME,R,200,0,200,OSTK,2027-01-15
2026-01-14,GME,R,1,0,1,OSTK,2027-09-17
2026-01-14,GME,R,37,0,37,OSTK,2028-01-21
2026-01-14,GME,R,10,0,10,OSTK,2028-12-15
2026-01-14,GME,T,4,0,2,OSTK,2026-01-16
2026-01-14,GME,T,177,0,177,OSTK,2026-01-23
2026-01-14,GME,T,27,0,27,OSTK,2026-01-30
2026-01-14,GME,T,3,0,3,OSTK,2026-02-06
2026-01-14,GME,T,21,0,21,OSTK,2026-02-20
2026-01-14,GME,T,3,0,3,OSTK,2026-06-18
2026-01-14,GME,T,10,0,10,OSTK,2026-10-16
2026-01-14,GME,T,1,0,1,OSTK,2026-12-18
2026-01-14,GME,T,13,0,13,OSTK,2027-01-15
2026-01-14,GME,U,332,0,248,OSTK,2026-01-16
2026-01-14,GME,U,209,0,199,OSTK,2026-01-23
2026-01-14,GME,U,103,0,101,OSTK,2026-01-30
2026-01-14,GME,U,173,0,173,OSTK,2026-02-06
2026-01-14,GME,U,109,0,109,OSTK,2026-02-13
2026-01-14,GME,U,74,0,80,OSTK,2026-02-20
2026-01-14,GME,U,20,0,20,OSTK,2026-02-27
2026-01-14,GME,U,49,0,49,OSTK,2026-04-17
2026-01-14,GME,U,10,0,10,OSTK,2026-06-18
2026-01-14,GME,U,30,0,30,OSTK,2026-07-17
2026-01-14,GME,U,8,0,8,OSTK,2026-09-18
2026-01-14,GME,U,13,0,11,OSTK,2026-10-16
2026-01-14,GME,U,129,0,129,OSTK,2026-12-18
2026-01-14,GME,U,100,0,100,OSTK,2027-01-15
2026-01-14,GME,U,2,0,2,OSTK,2027-09-17
2026-01-14,GME,U,4,0,4,OSTK,2027-12-17
2026-01-14,GME,U,16,0,16,OSTK,2028-01-21
2026-01-14,GME,U,20,0,20,OSTK,2028-06-16
2026-01-14,GME,U,1,0,1,OSTK,2028-12-15
2026-01-14,GME,W,4,0,0,OSTK,2026-01-16
2026-01-14,GME,W,222,0,224,OSTK,2026-01-23
2026-01-14,GME,W,127,0,127,OSTK,2026-01-30
2026-01-14,GME,W,68,0,68,OSTK,2026-02-06
2026-01-14,GME,W,1,0,1,OSTK,2026-02-13
2026-01-14,GME,W,125,0,127,OSTK,2026-02-20
2026-01-14,GME,W,15,0,15,OSTK,2026-02-27
2026-01-14,GME,W,416,0,416,OSTK,2026-04-17
2026-01-14,GME,W,75,0,75,OSTK,2026-06-18
2026-01-14,GME,W,5,0,5,OSTK,2026-07-17
2026-01-14,GME,W,2,0,2,OSTK,2026-09-18
2026-01-14,GME,W,14,0,14,OSTK,2026-10-16
2026-01-14,GME,W,1,0,1,OSTK,2026-12-18
2026-01-14,GME,W,8,0,8,OSTK,2027-01-15
2026-01-14,GME,W,13,0,83,OSTK,2027-09-17
2026-01-14,GME,W,2,0,2,OSTK,2027-12-17
2026-01-14,GME,W,52,0,52,OSTK,2028-01-21
2026-01-14,GME,X,298,0,208,OSTK,2026-01-16
2026-01-14,GME,X,1620,0,1148,OSTK,2026-01-23
2026-01-14,GME,X,520,0,506,OSTK,2026-01-30
2026-01-14,GME,X,129,0,129,OSTK,2026-02-06
2026-01-14,GME,X,147,0,147,OSTK,2026-02-13
2026-01-14,GME,X,1214,0,1194,OSTK,2026-02-20
2026-01-14,GME,X,29,0,27,OSTK,2026-02-27
2026-01-14,GME,X,3,0,3,OSTK,2026-04-17
2026-01-14,GME,X,11,0,11,OSTK,2026-06-18
2026-01-14,GME,X,1,0,1,OSTK,2026-07-17
2026-01-14,GME,X,131,0,131,OSTK,2026-09-18
2026-01-14,GME,X,162,0,162,OSTK,2026-10-16
2026-01-14,GME,X,49,0,49,OSTK,2026-12-18
2026-01-14,GME,X,10,0,6,OSTK,2027-01-15
2026-01-14,GME,X,2,0,2,OSTK,2027-12-17
2026-01-14,GME,X,86,0,86,OSTK,2028-01-21
2026-01-14,GME,X,1,0,1,OSTK,2028-12-15
2026-01-14,GME,Z,52,0,16,OSTK,2026-01-16
2026-01-14,GME,Z,131,0,107,OSTK,2026-01-23
2026-01-14,GME,Z,157,0,85,OSTK,2026-01-30
2026-01-14,GME,Z,145,0,143,OSTK,2026-02-06
2026-01-14,GME,Z,38,0,38,OSTK,2026-02-13
2026-01-14,GME,Z,141,0,139,OSTK,2026-02-20
2026-01-14,GME,Z,13,0,13,OSTK,2026-02-27
2026-01-14,GME,Z,117,0,157,OSTK,2026-04-17
2026-01-14,GME,Z,44,0,42,OSTK,2026-06-18
2026-01-14,GME,Z,203,0,203,OSTK,2026-07-17
2026-01-14,GME,Z,2,0,2,OSTK,2026-09-18
2026-01-14,GME,Z,7,0,7,OSTK,2026-10-16
2026-01-14,GME,Z,24,0,24,OSTK,2026-12-18
2026-01-14,GME,Z,15,0,15,OSTK,2027-01-15
2026-01-14,GME,Z,1,0,1,OSTK,2027-12-17
2026-01-14,GME,Z,100,0,84,OSTK,2028-01-21
2026-01-14,GME,Z,1,0,1,OSTK,2028-06-16
2026-01-15,GME,A,69,0,69,OSTK,2026-01-16
2026-01-15,GME,A,1872,0,1850,OSTK,2026-01-23
2026-01-15,GME,A,844,0,1018,OSTK,2026-01-30
2026-01-15,GME,A,228,0,228,OSTK,2026-02-06
2026-01-15,GME,A,67,0,67,OSTK,2026-02-13
2026-01-15,GME,A,403,0,383,OSTK,2026-02-20
2026-01-15,GME,A,90,0,90,OSTK,2026-02-27
2026-01-15,GME,A,44,0,44,OSTK,2026-03-20
2026-01-15,GME,A,1,0,1,OSTK,2026-04-17
2026-01-15,GME,A,121,0,121,OSTK,2026-06-18
2026-01-15,GME,A,18,0,18,OSTK,2026-07-17
2026-01-15,GME,A,44,0,44,OSTK,2026-09-18
2026-01-15,GME,A,5,0,5,OSTK,2026-10-16
2026-01-15,GME,A,63,0,63,OSTK,2026-12-18
2026-01-15,GME,A,20,0,20,OSTK,2027-01-15
2026-01-15,GME,A,75,0,75,OSTK,2027-09-17
2026-01-15,GME,A,3,0,3,OSTK,2027-12-17
2026-01-15,GME,A,85,0,85,OSTK,2028-01-21
2026-01-15,GME,A,10,0,10,OSTK,2028-06-16
2026-01-15,GME,A,2,0,2,OSTK,2028-12-15
2026-01-15,GME,B,546,0,546,OSTK,2026-01-16
2026-01-15,GME,B,470,0,470,OSTK,2026-01-23
2026-01-15,GME,B,557,0,557,OSTK,2026-01-30
2026-01-15,GME,B,6,0,6,OSTK,2026-02-06
2026-01-15,GME,B,27,0,27,OSTK,2026-02-13
2026-01-15,GME,B,312,0,312,OSTK,2026-02-20
2026-01-15,GME,B,29,0,29,OSTK,2026-02-27
2026-01-15,GME,B,17,0,17,OSTK,2026-03-20
2026-01-15,GME,B,10,0,10,OSTK,2026-04-17
2026-01-15,GME,B,34,0,34,OSTK,2026-06-18
2026-01-15,GME,B,7,0,7,OSTK,2026-09-18
2026-01-15,GME,B,110,0,110,OSTK,2026-10-16
2026-01-15,GME,B,17,0,17,OSTK,2026-12-18
2026-01-15,GME,B,62,0,62,OSTK,2027-01-15
2026-01-15,GME,B,26,0,26,OSTK,2027-09-17
2026-01-15,GME,B,1,0,1,OSTK,2027-12-17
2026-01-15,GME,B,13,0,13,OSTK,2028-01-21
2026-01-15,GME,B,1,0,1,OSTK,2028-12-15
2026-01-15,GME,C,419,0,327,OSTK,2026-01-16
2026-01-15,GME,C,3414,0,2970,OSTK,2026-01-23
2026-01-15,GME,C,944,0,912,OSTK,2026-01-30
2026-01-15,GME,C,325,0,317,OSTK,2026-02-06
2026-01-15,GME,C,120,0,118,OSTK,2026-02-13
2026-01-15,GME,C,782,0,728,OSTK,2026-02-20
2026-01-15,GME,C,60,0,60,OSTK,2026-02-27
2026-01-15,GME,C,265,0,265,OSTK,2026-03-20
2026-01-15,GME,C,15,0,15,OSTK,2026-04-17
2026-01-15,GME,C,7,0,7,OSTK,2026-06-18
2026-01-15,GME,C,55,0,55,OSTK,2026-07-17
2026-01-15,GME,C,58,0,58,OSTK,2026-09-18
2026-01-15,GME,C,170,0,104,OSTK,2026-10-16
2026-01-15,GME,C,38,0,38,OSTK,2026-12-18
2026-01-15,GME,C,1602,0,1602,OSTK,2027-01-15
2026-01-15,GME,C,64,0,64,OSTK,2027-09-17
2026-01-15,GME,C,22,0,22,OSTK,2027-12-17
2026-01-15,GME,C,10,0,10,OSTK,2028-01-21
2026-01-15,GME,C,1,0,1,OSTK,2028-06-16
2026-01-15,GME,C,12,0,10,OSTK,2028-12-15
2026-01-15,GME,D,2500,0,2070,OSTK,2026-01-16
2026-01-15,GME,D,696,0,422,OSTK,2026-01-23
2026-01-15,GME,D,408,0,356,OSTK,2026-01-30
2026-01-15,GME,D,64,0,64,OSTK,2026-02-06
2026-01-15,GME,D,44,0,44,OSTK,2026-02-13
2026-01-15,GME,D,335,0,283,OSTK,2026-02-20
2026-01-15,GME,D,45,0,41,OSTK,2026-02-27
2026-01-15,GME,D,138,0,138,OSTK,2026-03-20
2026-01-15,GME,D,363,0,311,OSTK,2026-04-17
2026-01-15,GME,D,47,0,43,OSTK,2026-06-18
2026-01-15,GME,D,3,0,3,OSTK,2026-07-17
2026-01-15,GME,D,19,0,19,OSTK,2026-09-18
2026-01-15,GME,D,33,0,31,OSTK,2026-10-16
2026-01-15,GME,D,7,0,7,OSTK,2026-12-18
2026-01-15,GME,D,292,0,290,OSTK,2027-01-15
2026-01-15,GME,D,4,0,4,OSTK,2027-09-17
2026-01-15,GME,D,3,0,3,OSTK,2027-12-17
2026-01-15,GME,D,8,0,8,OSTK,2028-01-21
2026-01-15,GME,D,1,0,1,OSTK,2028-12-15
2026-01-15,GME,E,125,0,125,OSTK,2026-01-16
2026-01-15,GME,E,4633,0,4633,OSTK,2026-01-23
2026-01-15,GME,E,387,0,387,OSTK,2026-01-30
2026-01-15,GME,E,47,0,47,OSTK,2026-02-06
2026-01-15,GME,E,75,0,75,OSTK,2026-02-13
2026-01-15,GME,E,531,0,531,OSTK,2026-02-20
2026-01-15,GME,E,16,0,16,OSTK,2026-02-27
2026-01-15,GME,E,398,0,398,OSTK,2026-04-17
2026-01-15,GME,E,1,0,1,OSTK,2026-06-18
2026-01-15,GME,E,7,0,7,OSTK,2026-07-17
2026-01-15,GME,E,3,0,3,OSTK,2026-10-16
2026-01-15,GME,E,19,0,17,OSTK,2027-01-15
2026-01-15,GME,E,6,0,6,OSTK,2027-12-17
2026-01-15,GME,E,1,0,1,OSTK,2028-01-21
2026-01-15,GME,E,2,0,0,OSTK,2028-12-15
2026-01-15,GME,H,64,0,64,OSTK,2026-01-16
2026-01-15,GME,H,336,0,218,OSTK,2026-01-23
2026-01-15,GME,H,304,0,202,OSTK,2026-01-30
2026-01-15,GME,H,51,0,51,OSTK,2026-02-06
2026-01-15,GME,H,1,0,1,OSTK,2026-02-13
2026-01-15,GME,H,687,0,673,OSTK,2026-02-20
2026-01-15,GME,H,16,0,16,OSTK,2026-02-27
2026-01-15,GME,H,6,0,16,OSTK,2026-03-20
2026-01-15,GME,H,100,0,96,OSTK,2026-04-17
2026-01-15,GME,H,1,0,1,OSTK,2026-06-18
2026-01-15,GME,H,2,0,2,OSTK,2026-07-17
2026-01-15,GME,H,30,0,28,OSTK,2026-09-18
2026-01-15,GME,H,1,0,1,OSTK,2026-10-16
2026-01-15,GME,H,20,0,20,OSTK,2026-12-18
2026-01-15,GME,H,7,0,7,OSTK,2027-01-15
2026-01-15,GME,H,7,0,7,OSTK,2027-09-17
2026-01-15,GME,H,22,0,22,OSTK,2027-12-17
2026-01-15,GME,H,4,0,4,OSTK,2028-01-21
2026-01-15,GME,H,1,0,1,OSTK,2028-06-16
2026-01-15,GME,H,13,0,13,OSTK,2028-12-15
2026-01-15,GME,I,110,0,106,OSTK,2026-01-16
2026-01-15,GME,I,1223,0,1135,OSTK,2026-01-23
2026-01-15,GME,I,462,0,472,OSTK,2026-01-30
2026-01-15,GME,I,51,0,51,OSTK,2026-02-06
2026-01-15,GME,I,130,0,130,OSTK,2026-02-13
2026-01-15,GME,I,925,0,923,OSTK,2026-02-20
2026-01-15,GME,I,58,0,58,OSTK,2026-02-27
2026-01-15,GME,I,116,0,128,OSTK,2026-03-20
2026-01-15,GME,I,2,0,2,OSTK,2026-04-17
2026-01-15,GME,I,7,0,7,OSTK,2026-06-18
2026-01-15,GME,I,32,0,32,OSTK,2026-07-17
2026-01-15,GME,I,95,0,95,OSTK,2026-09-18
2026-01-15,GME,I,1,0,1,OSTK,2026-10-16
2026-01-15,GME,I,76,0,76,OSTK,2026-12-18
2026-01-15,GME,I,1,0,1,OSTK,2027-01-15
2026-01-15,GME,I,392,0,436,OSTK,2027-09-17
2026-01-15,GME,I,76,0,30,OSTK,2027-12-17
2026-01-15,GME,I,62,0,16,OSTK,2028-01-21
2026-01-15,GME,J,205,0,79,OSTK,2026-01-16
2026-01-15,GME,J,697,0,533,OSTK,2026-01-23
2026-01-15,GME,J,292,0,266,OSTK,2026-01-30
2026-01-15,GME,J,103,0,63,OSTK,2026-02-06
2026-01-15,GME,J,46,0,46,OSTK,2026-02-13
2026-01-15,GME,J,400,0,348,OSTK,2026-02-20
2026-01-15,GME,J,66,0,66,OSTK,2026-02-27
2026-01-15,GME,J,2501,0,2487,OSTK,2026-04-17
2026-01-15,GME,J,417,0,417,OSTK,2026-06-18
2026-01-15,GME,J,20,0,20,OSTK,2026-07-17
2026-01-15,GME,J,10,0,10,OSTK,2026-09-18
2026-01-15,GME,J,1,0,1,OSTK,2026-12-18
2026-01-15,GME,J,36,0,36,OSTK,2027-01-15
2026-01-15,GME,J,9,0,9,OSTK,2027-12-17
2026-01-15,GME,J,45,0,45,OSTK,2028-01-21
2026-01-15,GME,L,1604,0,1402,OSTK,2026-01-16
2026-01-15,GME,L,595,0,403,OSTK,2026-01-23
2026-01-15,GME,L,297,0,247,OSTK,2026-01-30
2026-01-15,GME,L,9,0,7,OSTK,2026-02-06
2026-01-15,GME,L,4,0,4,OSTK,2026-02-13
2026-01-15,GME,L,430,0,364,OSTK,2026-02-20
2026-01-15,GME,L,50,0,50,OSTK,2026-02-27
2026-01-15,GME,L,68,0,68,OSTK,2026-03-20
2026-01-15,GME,L,178,0,178,OSTK,2026-04-17
2026-01-15,GME,L,35,0,35,OSTK,2026-06-18
2026-01-15,GME,L,1,0,1,OSTK,2026-07-17
2026-01-15,GME,L,7,0,7,OSTK,2026-09-18
2026-01-15,GME,L,24,0,24,OSTK,2026-10-16
2026-01-15,GME,L,107,0,107,OSTK,2027-01-15
2026-01-15,GME,L,26,0,26,OSTK,2028-01-21
2026-01-15,GME,L,20,0,20,OSTK,2028-12-15
2026-01-15,GME,M,6900,0,6810,OSTK,2026-01-16
2026-01-15,GME,M,2199,0,2187,OSTK,2026-01-23
2026-01-15,GME,M,803,0,789,OSTK,2026-01-30
2026-01-15,GME,M,200,0,200,OSTK,2026-02-06
2026-01-15,GME,M,83,0,83,OSTK,2026-02-13
2026-01-15,GME,M,738,0,738,OSTK,2026-02-20
2026-01-15,GME,M,354,0,354,OSTK,2026-02-27
2026-01-15,GME,M,6,0,6,OSTK,2026-03-20
2026-01-15,GME,M,949,0,949,OSTK,2026-04-17
2026-01-15,GME,M,217,0,217,OSTK,2026-06-18
2026-01-15,GME,M,34,0,34,OSTK,2026-09-18
2026-01-15,GME,M,30,0,30,OSTK,2026-10-16
2026-01-15,GME,M,19,0,19,OSTK,2026-12-18
2026-01-15,GME,M,93,0,93,OSTK,2027-01-15
2026-01-15,GME,M,12,0,22,OSTK,2027-09-17
2026-01-15,GME,M,6,0,4,OSTK,2027-12-17
2026-01-15,GME,M,58,0,56,OSTK,2028-01-21
2026-01-15,GME,P,415,0,127,OSTK,2026-01-16
2026-01-15,GME,P,626,0,508,OSTK,2026-01-23
2026-01-15,GME,P,541,0,475,OSTK,2026-01-30
2026-01-15,GME,P,284,0,270,OSTK,2026-02-06
2026-01-15,GME,P,255,0,255,OSTK,2026-02-13
2026-01-15,GME,P,1160,0,1108,OSTK,2026-02-20
2026-01-15,GME,P,40,0,36,OSTK,2026-02-27
2026-01-15,GME,P,82,0,82,OSTK,2026-03-20
2026-01-15,GME,P,10,0,10,OSTK,2026-04-17
2026-01-15,GME,P,4,0,0,OSTK,2026-06-18
2026-01-15,GME,P,2,0,2,OSTK,2026-07-17
2026-01-15,GME,P,37,0,37,OSTK,2026-09-18
2026-01-15,GME,P,1,0,1,OSTK,2026-10-16
2026-01-15,GME,P,29,0,29,OSTK,2026-12-18
2026-01-15,GME,P,29,0,29,OSTK,2027-01-15
2026-01-15,GME,P,542,0,546,OSTK,2027-09-17
2026-01-15,GME,P,10,0,10,OSTK,2027-12-17
2026-01-15,GME,P,1,0,1,OSTK,2028-01-21
2026-01-15,GME,P,11,0,11,OSTK,2028-06-16
2026-01-15,GME,P,133,0,131,OSTK,2028-12-15
2026-01-15,GME,Q,6,0,6,OSTK,2026-01-16
2026-01-15,GME,Q,177,0,169,OSTK,2026-01-23
2026-01-15,GME,Q,425,0,797,OSTK,2026-01-30
2026-01-15,GME,Q,4,0,6,OSTK,2026-02-06
2026-01-15,GME,Q,0,0,4,OSTK,2026-02-13
2026-01-15,GME,Q,109,0,109,OSTK,2026-02-20
2026-01-15,GME,Q,0,0,8,OSTK,2026-02-27
2026-01-15,GME,Q,0,0,42,OSTK,2026-03-20
2026-01-15,GME,Q,22,0,24,OSTK,2026-04-17
2026-01-15,GME,Q,5,0,5,OSTK,2026-06-18
2026-01-15,GME,Q,0,0,2,OSTK,2026-09-18
2026-01-15,GME,Q,1,0,1,OSTK,2026-10-16
2026-01-15,GME,Q,34,0,34,OSTK,2026-12-18
2026-01-15,GME,Q,6,0,8,OSTK,2027-09-17
2026-01-15,GME,Q,5,0,5,OSTK,2027-12-17
2026-01-15,GME,Q,2,0,6,OSTK,2028-01-21
2026-01-15,GME,Q,0,0,10,OSTK,2028-12-15
2026-01-15,GME,R,3808,0,3532,OSTK,2026-01-16
2026-01-15,GME,R,338,0,336,OSTK,2026-01-23
2026-01-15,GME,R,449,0,685,OSTK,2026-01-30
2026-01-15,GME,R,11,0,9,OSTK,2026-02-06
2026-01-15,GME,R,211,0,209,OSTK,2026-02-13
2026-01-15,GME,R,320,0,298,OSTK,2026-02-20
2026-01-15,GME,R,7,0,9,OSTK,2026-02-27
2026-01-15,GME,R,7,0,7,OSTK,2026-03-20
2026-01-15,GME,R,112,0,104,OSTK,2026-04-17
2026-01-15,GME,R,56,0,56,OSTK,2026-06-18
2026-01-15,GME,R,67,0,67,OSTK,2026-07-17
2026-01-15,GME,R,18,0,18,OSTK,2026-09-18
2026-01-15,GME,R,8,0,8,OSTK,2026-10-16
2026-01-15,GME,R,8,0,8,OSTK,2026-12-18
2026-01-15,GME,R,61,0,61,OSTK,2027-01-15
2026-01-15,GME,R,4,0,4,OSTK,2027-09-17
2026-01-15,GME,R,1,0,1,OSTK,2027-12-17
2026-01-15,GME,R,1,0,1,OSTK,2028-01-21
2026-01-15,GME,R,12,0,12,OSTK,2028-12-15
2026-01-15,GME,T,105,0,105,OSTK,2026-01-16
2026-01-15,GME,T,251,0,255,OSTK,2026-01-23
2026-01-15,GME,T,181,0,193,OSTK,2026-01-30
2026-01-15,GME,T,15,0,15,OSTK,2026-02-06
2026-01-15,GME,T,343,0,343,OSTK,2026-02-20
2026-01-15,GME,T,3,0,13,OSTK,2026-02-27
2026-01-15,GME,T,3,0,3,OSTK,2026-03-20
2026-01-15,GME,T,54,0,54,OSTK,2026-04-17
2026-01-15,GME,T,1,0,1,OSTK,2026-06-18
2026-01-15,GME,T,6,0,6,OSTK,2026-07-17
2026-01-15,GME,T,3,0,3,OSTK,2026-09-18
2026-01-15,GME,T,219,0,219,OSTK,2026-10-16
2026-01-15,GME,T,2,0,2,OSTK,2026-12-18
2026-01-15,GME,T,1,0,1,OSTK,2027-09-17
2026-01-15,GME,U,536,0,292,OSTK,2026-01-16
2026-01-15,GME,U,721,0,653,OSTK,2026-01-23
2026-01-15,GME,U,315,0,947,OSTK,2026-01-30
2026-01-15,GME,U,42,0,42,OSTK,2026-02-06
2026-01-15,GME,U,11,0,3,OSTK,2026-02-13
2026-01-15,GME,U,172,38,110,OSTK,2026-02-20
2026-01-15,GME,U,130,0,130,OSTK,2026-02-27
2026-01-15,GME,U,1,0,1,OSTK,2026-03-20
2026-01-15,GME,U,204,0,204,OSTK,2026-04-17
2026-01-15,GME,U,24,0,24,OSTK,2026-06-18
2026-01-15,GME,U,1,0,1,OSTK,2026-07-17
2026-01-15,GME,U,12,0,12,OSTK,2026-09-18
2026-01-15,GME,U,46,0,46,OSTK,2026-10-16
2026-01-15,GME,U,111,0,111,OSTK,2026-12-18
2026-01-15,GME,U,28,0,28,OSTK,2027-01-15
2026-01-15,GME,U,2,0,2,OSTK,2027-09-17
2026-01-15,GME,U,1,0,1,OSTK,2027-12-17
2026-01-15,GME,U,1,0,1,OSTK,2028-01-21
2026-01-15,GME,W,6,0,6,OSTK,2026-01-16
2026-01-15,GME,W,512,0,512,OSTK,2026-01-23
2026-01-15,GME,W,332,0,332,OSTK,2026-01-30
2026-01-15,GME,W,81,0,81,OSTK,2026-02-06
2026-01-15,GME,W,1,0,1,OSTK,2026-02-13
2026-01-15,GME,W,121,35,100,OSTK,2026-02-20
2026-01-15,GME,W,14,0,14,OSTK,2026-02-27
2026-01-15,GME,W,168,0,170,OSTK,2026-04-17
2026-01-15,GME,W,29,0,29,OSTK,2026-06-18
2026-01-15,GME,W,3,0,3,OSTK,2026-07-17
2026-01-15,GME,W,5,0,7,OSTK,2026-09-18
2026-01-15,GME,W,9,0,9,OSTK,2026-10-16
2026-01-15,GME,W,6,0,6,OSTK,2026-12-18
2026-01-15,GME,W,2,0,2,OSTK,2027-01-15
2026-01-15,GME,W,87,0,87,OSTK,2027-09-17
2026-01-15,GME,W,0,0,2,OSTK,2027-12-17
2026-01-15,GME,W,0,0,10,OSTK,2028-12-15
2026-01-15,GME,X,651,0,399,OSTK,2026-01-16
2026-01-15,GME,X,1592,0,1282,OSTK,2026-01-23
2026-01-15,GME,X,1372,0,1272,OSTK,2026-01-30
2026-01-15,GME,X,404,0,404,OSTK,2026-02-06
2026-01-15,GME,X,195,0,185,OSTK,2026-02-13
2026-01-15,GME,X,1423,0,1315,OSTK,2026-02-20
2026-01-15,GME,X,192,0,192,OSTK,2026-02-27
2026-01-15,GME,X,22,0,22,OSTK,2026-03-20
2026-01-15,GME,X,68,0,68,OSTK,2026-04-17
2026-01-15,GME,X,31,0,31,OSTK,2026-06-18
2026-01-15,GME,X,2,0,2,OSTK,2026-07-17
2026-01-15,GME,X,57,0,57,OSTK,2026-09-18
2026-01-15,GME,X,93,0,93,OSTK,2026-10-16
2026-01-15,GME,X,73,0,71,OSTK,2026-12-18
2026-01-15,GME,X,10,0,10,OSTK,2027-01-15
2026-01-15,GME,X,7,0,7,OSTK,2027-09-17
2026-01-15,GME,X,6455,0,6455,OSTK,2027-12-17
2026-01-15,GME,X,49,0,49,OSTK,2028-01-21
2026-01-15,GME,X,26,0,26,OSTK,2028-12-15
2026-01-15,GME,Z,95,0,81,OSTK,2026-01-16
2026-01-15,GME,Z,178,0,178,OSTK,2026-01-23
2026-01-15,GME,Z,495,0,627,OSTK,2026-01-30
2026-01-15,GME,Z,245,0,245,OSTK,2026-02-06
2026-01-15,GME,Z,50,0,50,OSTK,2026-02-13
2026-01-15,GME,Z,261,0,247,OSTK,2026-02-20
2026-01-15,GME,Z,5,0,5,OSTK,2026-02-27
2026-01-15,GME,Z,72,0,72,OSTK,2026-03-20
2026-01-15,GME,Z,128,0,118,OSTK,2026-04-17
2026-01-15,GME,Z,17,0,17,OSTK,2026-06-18
2026-01-15,GME,Z,13,0,13,OSTK,2026-10-16
2026-01-15,GME,Z,22,0,22,OSTK,2026-12-18
2026-01-15,GME,Z,12,0,12,OSTK,2027-01-15
2026-01-15,GME,Z,7,0,7,OSTK,2027-09-17
2026-01-15,GME,Z,4,0,4,OSTK,2027-12-17
2026-01-15,GME,Z,5,0,5,OSTK,2028-01-21
2026-01-16,GME,A,412,0,376,OSTK,2026-01-16
2026-01-16,GME,A,3773,0,3787,OSTK,2026-01-23
2026-01-16,GME,A,1031,0,1029,OSTK,2026-01-30
2026-01-16,GME,A,200,0,200,OSTK,2026-02-06
2026-01-16,GME,A,169,0,169,OSTK,2026-02-13
2026-01-16,GME,A,773,0,773,OSTK,2026-02-20
2026-01-16,GME,A,75,0,75,OSTK,2026-02-27
2026-01-16,GME,A,202,0,202,OSTK,2026-03-20
2026-01-16,GME,A,3,0,3,OSTK,2026-04-17
2026-01-16,GME,A,2,0,2,OSTK,2026-06-18
2026-01-16,GME,A,29,0,29,OSTK,2026-07-17
2026-01-16,GME,A,112,0,112,OSTK,2026-09-18
2026-01-16,GME,A,97,0,97,OSTK,2026-10-16
2026-01-16,GME,A,53,0,53,OSTK,2026-12-18
2026-01-16,GME,A,13,0,13,OSTK,2027-01-15
2026-01-16,GME,A,94,0,94,OSTK,2027-09-17
2026-01-16,GME,A,5,0,5,OSTK,2027-12-17
2026-01-16,GME,A,1,0,1,OSTK,2028-01-21
2026-01-16,GME,A,1,0,1,OSTK,2028-06-16
2026-01-16,GME,A,1,0,1,OSTK,2028-12-15
2026-01-16,GME,B,1371,0,1371,OSTK,2026-01-16
2026-01-16,GME,B,9040,0,9048,OSTK,2026-01-23
2026-01-16,GME,B,868,0,770,OSTK,2026-01-30
2026-01-16,GME,B,163,0,163,OSTK,2026-02-06
2026-01-16,GME,B,96,0,96,OSTK,2026-02-13
2026-01-16,GME,B,280,0,280,OSTK,2026-02-20
2026-01-16,GME,B,6,0,6,OSTK,2026-02-27
2026-01-16,GME,B,165,0,165,OSTK,2026-03-20
2026-01-16,GME,B,264,0,264,OSTK,2026-04-17
2026-01-16,GME,B,137,0,137,OSTK,2026-06-18
2026-01-16,GME,B,16,0,16,OSTK,2026-07-17
2026-01-16,GME,B,30,0,30,OSTK,2026-09-18
2026-01-16,GME,B,14,0,14,OSTK,2026-10-16
2026-01-16,GME,B,6,0,6,OSTK,2026-12-18
2026-01-16,GME,B,21,0,21,OSTK,2027-01-15
2026-01-16,GME,B,11,0,31,OSTK,2027-09-17
2026-01-16,GME,B,1,0,1,OSTK,2027-12-17
2026-01-16,GME,B,1,0,1,OSTK,2028-01-21
2026-01-16,GME,B,27,0,27,OSTK,2028-06-16
2026-01-16,GME,C,1136,0,1130,OSTK,2026-01-16
2026-01-16,GME,C,6233,0,6065,OSTK,2026-01-23
2026-01-16,GME,C,2523,0,2483,OSTK,2026-01-30
2026-01-16,GME,C,324,0,302,OSTK,2026-02-06
2026-01-16,GME,C,223,0,219,OSTK,2026-02-13
2026-01-16,GME,C,1038,0,1028,OSTK,2026-02-20
2026-01-16,GME,C,483,0,483,OSTK,2026-02-27
2026-01-16,GME,C,635,0,635,OSTK,2026-03-20
2026-01-16,GME,C,254,0,254,OSTK,2026-04-17
2026-01-16,GME,C,89,0,89,OSTK,2026-06-18
2026-01-16,GME,C,201,0,201,OSTK,2026-07-17
2026-01-16,GME,C,89,0,89,OSTK,2026-09-18
2026-01-16,GME,C,76,0,76,OSTK,2026-10-16
2026-01-16,GME,C,49,0,49,OSTK,2026-12-18
2026-01-16,GME,C,42,0,42,OSTK,2027-01-15
2026-01-16,GME,C,105,0,103,OSTK,2027-09-17
2026-01-16,GME,C,9,0,9,OSTK,2027-12-17
2026-01-16,GME,C,92,0,92,OSTK,2028-01-21
2026-01-16,GME,C,30,0,30,OSTK,2028-06-16
2026-01-16,GME,C,54,0,54,OSTK,2028-12-15
2026-01-16,GME,D,3419,0,2997,OSTK,2026-01-16
2026-01-16,GME,D,1139,0,977,OSTK,2026-01-23
2026-01-16,GME,D,4137,0,4101,OSTK,2026-01-30
2026-01-16,GME,D,105,0,105,OSTK,2026-02-06
2026-01-16,GME,D,67,13,74,OSTK,2026-02-13
2026-01-16,GME,D,348,5,323,OSTK,2026-02-20
2026-01-16,GME,D,35,14,15,OSTK,2026-02-27
2026-01-16,GME,D,150,0,150,OSTK,2026-03-20
2026-01-16,GME,D,271,0,229,OSTK,2026-04-17
2026-01-16,GME,D,134,0,122,OSTK,2026-06-18
2026-01-16,GME,D,17,0,17,OSTK,2026-07-17
2026-01-16,GME,D,12,0,10,OSTK,2026-09-18
2026-01-16,GME,D,14,0,14,OSTK,2026-10-16
2026-01-16,GME,D,19,0,19,OSTK,2026-12-18
2026-01-16,GME,D,223,0,217,OSTK,2027-01-15
2026-01-16,GME,D,36,0,36,OSTK,2027-09-17
2026-01-16,GME,D,56,0,0,OSTK,2027-12-17
2026-01-16,GME,D,95,0,39,OSTK,2028-01-21
2026-01-16,GME,D,7,0,7,OSTK,2028-06-16
2026-01-16,GME,D,29,0,29,OSTK,2028-12-15
2026-01-16,GME,E,93,0,93,OSTK,2026-01-16
2026-01-16,GME,E,7675,0,7675,OSTK,2026-01-23
2026-01-16,GME,E,818,0,818,OSTK,2026-01-30
2026-01-16,GME,E,66,0,66,OSTK,2026-02-06
2026-01-16,GME,E,63,0,63,OSTK,2026-02-13
2026-01-16,GME,E,608,0,610,OSTK,2026-02-20
2026-01-16,GME,E,12,0,12,OSTK,2026-02-27
2026-01-16,GME,E,12,0,12,OSTK,2026-03-20
2026-01-16,GME,E,2,0,2,OSTK,2026-04-17
2026-01-16,GME,E,48,0,48,OSTK,2026-06-18
2026-01-16,GME,E,2,0,2,OSTK,2026-07-17
2026-01-16,GME,E,4,0,4,OSTK,2026-09-18
2026-01-16,GME,E,10,0,10,OSTK,2026-10-16
2026-01-16,GME,E,2,0,2,OSTK,2026-12-18
2026-01-16,GME,E,17,0,17,OSTK,2027-01-15
2026-01-16,GME,E,16,0,16,OSTK,2027-12-17
2026-01-16,GME,E,25,0,25,OSTK,2028-01-21
2026-01-16,GME,E,6,0,6,OSTK,2028-06-16
2026-01-16,GME,E,2,0,2,OSTK,2028-12-15
2026-01-16,GME,H,561,0,527,OSTK,2026-01-16
2026-01-16,GME,H,3185,0,2807,OSTK,2026-01-23
2026-01-16,GME,H,324,0,282,OSTK,2026-01-30
2026-01-16,GME,H,160,0,156,OSTK,2026-02-06
2026-01-16,GME,H,40,0,40,OSTK,2026-02-13
2026-01-16,GME,H,242,0,220,OSTK,2026-02-20
2026-01-16,GME,H,166,0,166,OSTK,2026-02-27
2026-01-16,GME,H,180,0,180,OSTK,2026-03-20
2026-01-16,GME,H,3,0,3,OSTK,2026-04-17
2026-01-16,GME,H,10,0,10,OSTK,2026-06-18
2026-01-16,GME,H,4,0,4,OSTK,2026-07-17
2026-01-16,GME,H,23,0,21,OSTK,2026-09-18
2026-01-16,GME,H,67,0,71,OSTK,2026-10-16
2026-01-16,GME,H,59,0,59,OSTK,2026-12-18
2026-01-16,GME,H,6,0,6,OSTK,2027-01-15
2026-01-16,GME,H,19,0,19,OSTK,2027-09-17
2026-01-16,GME,H,40,0,40,OSTK,2027-12-17
2026-01-16,GME,H,7,0,7,OSTK,2028-01-21
2026-01-16,GME,H,5,0,5,OSTK,2028-06-16
2026-01-16,GME,H,1,0,1,OSTK,2028-12-15
2026-01-16,GME,I,496,0,470,OSTK,2026-01-16
2026-01-16,GME,I,2294,0,2114,OSTK,2026-01-23
2026-01-16,GME,I,4113,0,4093,OSTK,2026-01-30
2026-01-16,GME,I,105,0,105,OSTK,2026-02-06
2026-01-16,GME,I,78,0,78,OSTK,2026-02-13
2026-01-16,GME,I,514,0,514,OSTK,2026-02-20
2026-01-16,GME,I,64,0,64,OSTK,2026-02-27
2026-01-16,GME,I,92,0,92,OSTK,2026-03-20
2026-01-16,GME,I,113,0,113,OSTK,2026-04-17
2026-01-16,GME,I,61,0,61,OSTK,2026-06-18
2026-01-16,GME,I,34,0,34,OSTK,2026-07-17
2026-01-16,GME,I,173,0,173,OSTK,2026-09-18
2026-01-16,GME,I,25,0,25,OSTK,2026-10-16
2026-01-16,GME,I,73,0,73,OSTK,2026-12-18
2026-01-16,GME,I,99,0,99,OSTK,2027-01-15
2026-01-16,GME,I,138,0,138,OSTK,2027-09-17
2026-01-16,GME,I,138,0,36,OSTK,2027-12-17
2026-01-16,GME,I,108,0,6,OSTK,2028-01-21
2026-01-16,GME,I,11,0,11,OSTK,2028-06-16
2026-01-16,GME,I,31,0,31,OSTK,2028-12-15
2026-01-16,GME,J,153,0,123,OSTK,2026-01-16
2026-01-16,GME,J,2407,0,1489,OSTK,2026-01-23
2026-01-16,GME,J,320,0,204,OSTK,2026-01-30
2026-01-16,GME,J,300,0,236,OSTK,2026-02-06
2026-01-16,GME,J,443,0,455,OSTK,2026-02-20
2026-01-16,GME,J,63,0,63,OSTK,2026-02-27
2026-01-16,GME,J,45,0,45,OSTK,2026-03-20
2026-01-16,GME,J,2871,0,2855,OSTK,2026-04-17
2026-01-16,GME,J,457,0,455,OSTK,2026-06-18
2026-01-16,GME,J,3,0,3,OSTK,2026-07-17
2026-01-16,GME,J,7,0,7,OSTK,2026-10-16
2026-01-16,GME,J,5,0,5,OSTK,2026-12-18
2026-01-16,GME,J,2,0,0,OSTK,2027-01-15
2026-01-16,GME,J,1,0,1,OSTK,2027-09-17
2026-01-16,GME,J,2,0,2,OSTK,2028-01-21
2026-01-16,GME,J,16,0,16,OSTK,2028-06-16
2026-01-16,GME,J,5,0,5,OSTK,2028-12-15
2026-01-16,GME,L,3471,0,2791,OSTK,2026-01-16
2026-01-16,GME,L,2823,0,2749,OSTK,2026-01-23
2026-01-16,GME,L,4141,0,4099,OSTK,2026-01-30
2026-01-16,GME,L,237,0,221,OSTK,2026-02-06
2026-01-16,GME,L,82,0,82,OSTK,2026-02-13
2026-01-16,GME,L,1382,0,1362,OSTK,2026-02-20
2026-01-16,GME,L,22,0,22,OSTK,2026-02-27
2026-01-16,GME,L,337,0,337,OSTK,2026-03-20
2026-01-16,GME,L,828,0,784,OSTK,2026-04-17
2026-01-16,GME,L,1151,0,1151,OSTK,2026-06-18
2026-01-16,GME,L,1,0,1,OSTK,2026-07-17
2026-01-16,GME,L,20,0,20,OSTK,2026-09-18
2026-01-16,GME,L,11,0,11,OSTK,2026-10-16
2026-01-16,GME,L,368,0,358,OSTK,2027-01-15
2026-01-16,GME,L,1,0,1,OSTK,2027-09-17
2026-01-16,GME,L,40,0,40,OSTK,2027-12-17
2026-01-16,GME,L,7,0,5,OSTK,2028-01-21
2026-01-16,GME,L,9,0,9,OSTK,2028-06-16
2026-01-16,GME,M,8346,0,8156,OSTK,2026-01-16
2026-01-16,GME,M,4379,0,4361,OSTK,2026-01-23
2026-01-16,GME,M,2341,0,2315,OSTK,2026-01-30
2026-01-16,GME,M,382,0,382,OSTK,2026-02-06
2026-01-16,GME,M,109,0,107,OSTK,2026-02-13
2026-01-16,GME,M,1297,0,1297,OSTK,2026-02-20
2026-01-16,GME,M,279,0,279,OSTK,2026-02-27
2026-01-16,GME,M,524,0,524,OSTK,2026-03-20
2026-01-16,GME,M,2314,0,2316,OSTK,2026-04-17
2026-01-16,GME,M,405,0,405,OSTK,2026-06-18
2026-01-16,GME,M,17,0,17,OSTK,2026-07-17
2026-01-16,GME,M,96,0,96,OSTK,2026-09-18
2026-01-16,GME,M,27,0,27,OSTK,2026-10-16
2026-01-16,GME,M,36,0,36,OSTK,2026-12-18
2026-01-16,GME,M,114,0,114,OSTK,2027-01-15
2026-01-16,GME,M,17,0,17,OSTK,2027-09-17
2026-01-16,GME,M,97,0,17,OSTK,2027-12-17
2026-01-16,GME,M,83,0,3,OSTK,2028-01-21
2026-01-16,GME,M,6,0,6,OSTK,2028-06-16
2026-01-16,GME,P,1702,0,1660,OSTK,2026-01-16
2026-01-16,GME,P,2018,0,1558,OSTK,2026-01-23
2026-01-16,GME,P,4938,0,4882,OSTK,2026-01-30
2026-01-16,GME,P,123,0,79,OSTK,2026-02-06
2026-01-16,GME,P,94,0,94,OSTK,2026-02-13
2026-01-16,GME,P,1277,0,1263,OSTK,2026-02-20
2026-01-16,GME,P,46,0,46,OSTK,2026-02-27
2026-01-16,GME,P,483,0,485,OSTK,2026-03-20
2026-01-16,GME,P,36,0,28,OSTK,2026-04-17
2026-01-16,GME,P,18,0,18,OSTK,2026-06-18
2026-01-16,GME,P,51,0,51,OSTK,2026-07-17
2026-01-16,GME,P,13,0,13,OSTK,2026-09-18
2026-01-16,GME,P,48,0,48,OSTK,2026-10-16
2026-01-16,GME,P,16,0,16,OSTK,2026-12-18
2026-01-16,GME,P,31,0,31,OSTK,2027-01-15
2026-01-16,GME,P,33,0,33,OSTK,2027-09-17
2026-01-16,GME,P,26,0,26,OSTK,2027-12-17
2026-01-16,GME,P,3,0,3,OSTK,2028-01-21
2026-01-16,GME,P,41,0,39,OSTK,2028-06-16
2026-01-16,GME,P,18,0,18,OSTK,2028-12-15
2026-01-16,GME,Q,5,0,5,OSTK,2026-01-16
2026-01-16,GME,Q,2548,0,3038,OSTK,2026-01-23
2026-01-16,GME,Q,243,0,273,OSTK,2026-01-30
2026-01-16,GME,Q,41,9,448,OSTK,2026-02-06
2026-01-16,GME,Q,7,0,195,OSTK,2026-02-13
2026-01-16,GME,Q,132,0,138,OSTK,2026-02-20
2026-01-16,GME,Q,0,80,80,OSTK,2026-02-27
2026-01-16,GME,Q,1,0,69,OSTK,2026-03-20
2026-01-16,GME,Q,361,0,431,OSTK,2026-04-17
2026-01-16,GME,Q,4,0,4,OSTK,2026-06-18
2026-01-16,GME,Q,6,0,6,OSTK,2027-01-15
2026-01-16,GME,Q,0,0,2,OSTK,2027-09-17
2026-01-16,GME,Q,1,0,13,OSTK,2027-12-17
2026-01-16,GME,Q,0,0,2,OSTK,2028-01-21
2026-01-16,GME,Q,1,0,1,OSTK,2028-06-16
2026-01-16,GME,Q,10,0,10,OSTK,2028-12-15
2026-01-16,GME,R,4022,0,2894,OSTK,2026-01-16
2026-01-16,GME,R,1569,0,1411,OSTK,2026-01-23
2026-01-16,GME,R,641,0,647,OSTK,2026-01-30
2026-01-16,GME,R,738,18,756,OSTK,2026-02-06
2026-01-16,GME,R,31,0,31,OSTK,2026-02-13
2026-01-16,GME,R,626,0,588,OSTK,2026-02-20
2026-01-16,GME,R,11,0,11,OSTK,2026-02-27
2026-01-16,GME,R,187,0,187,OSTK,2026-03-20
2026-01-16,GME,R,609,0,599,OSTK,2026-04-17
2026-01-16,GME,R,1127,0,1127,OSTK,2026-06-18
2026-01-16,GME,R,35,0,35,OSTK,2026-07-17
2026-01-16,GME,R,10,0,10,OSTK,2026-09-18
2026-01-16,GME,R,73,0,97,OSTK,2026-10-16
2026-01-16,GME,R,26,0,24,OSTK,2026-12-18
2026-01-16,GME,R,256,0,280,OSTK,2027-01-15
2026-01-16,GME,R,23,0,23,OSTK,2027-09-17
2026-01-16,GME,R,72,0,72,OSTK,2028-01-21
2026-01-16,GME,R,102,0,102,OSTK,2028-12-15
2026-01-16,GME,T,32,0,32,OSTK,2026-01-16
2026-01-16,GME,T,857,0,857,OSTK,2026-01-23
2026-01-16,GME,T,254,0,258,OSTK,2026-01-30
2026-01-16,GME,T,139,0,139,OSTK,2026-02-06
2026-01-16,GME,T,157,0,157,OSTK,2026-02-20
2026-01-16,GME,T,4,0,4,OSTK,2026-02-27
2026-01-16,GME,T,2,0,2,OSTK,2026-03-20
2026-01-16,GME,T,168,0,168,OSTK,2026-04-17
2026-01-16,GME,T,6,0,6,OSTK,2026-06-18
2026-01-16,GME,T,0,0,16,OSTK,2026-07-17
2026-01-16,GME,T,2,0,2,OSTK,2026-09-18
2026-01-16,GME,T,0,0,10,OSTK,2026-10-16
2026-01-16,GME,T,2,0,2,OSTK,2026-12-18
2026-01-16,GME,T,35,0,33,OSTK,2027-01-15
2026-01-16,GME,T,151,0,151,OSTK,2027-09-17
2026-01-16,GME,U,1264,0,1164,OSTK,2026-01-16
2026-01-16,GME,U,2572,0,2694,OSTK,2026-01-23
2026-01-16,GME,U,305,0,281,OSTK,2026-01-30
2026-01-16,GME,U,124,29,117,OSTK,2026-02-06
2026-01-16,GME,U,140,0,126,OSTK,2026-02-13
2026-01-16,GME,U,349,0,315,OSTK,2026-02-20
2026-01-16,GME,U,15,75,90,OSTK,2026-02-27
2026-01-16,GME,U,185,0,179,OSTK,2026-03-20
2026-01-16,GME,U,147,0,147,OSTK,2026-04-17
2026-01-16,GME,U,12,0,12,OSTK,2026-06-18
2026-01-16,GME,U,1,0,1,OSTK,2026-07-17
2026-01-16,GME,U,8,0,8,OSTK,2026-09-18
2026-01-16,GME,U,2,0,2,OSTK,2026-10-16
2026-01-16,GME,U,2,0,2,OSTK,2026-12-18
2026-01-16,GME,U,54,0,54,OSTK,2027-01-15
2026-01-16,GME,U,2,0,2,OSTK,2027-09-17
2026-01-16,GME,U,100,0,98,OSTK,2027-12-17
2026-01-16,GME,U,3,0,3,OSTK,2028-01-21
2026-01-16,GME,U,10,0,10,OSTK,2028-06-16
2026-01-16,GME,U,5,0,5,OSTK,2028-12-15
2026-01-16,GME,W,4,0,4,OSTK,2026-01-16
2026-01-16,GME,W,1249,0,1281,OSTK,2026-01-23
2026-01-16,GME,W,2968,0,2968,OSTK,2026-01-30
2026-01-16,GME,W,33,54,33,OSTK,2026-02-06
2026-01-16,GME,W,6,0,6,OSTK,2026-02-13
2026-01-16,GME,W,403,10,387,OSTK,2026-02-20
2026-01-16,GME,W,14,71,85,OSTK,2026-02-27
2026-01-16,GME,W,5,0,5,OSTK,2026-03-20
2026-01-16,GME,W,156,0,156,OSTK,2026-04-17
2026-01-16,GME,W,2,0,2,OSTK,2026-06-18
2026-01-16,GME,W,28,0,28,OSTK,2026-07-17
2026-01-16,GME,W,1,0,1,OSTK,2026-10-16
2026-01-16,GME,W,1,0,1,OSTK,2026-12-18
2026-01-16,GME,W,26,0,26,OSTK,2027-01-15
2026-01-16,GME,W,12,0,12,OSTK,2027-09-17
2026-01-16,GME,W,1,0,3,OSTK,2027-12-17
2026-01-16,GME,X,1266,0,1250,OSTK,2026-01-16
2026-01-16,GME,X,18387,0,16269,OSTK,2026-01-23
2026-01-16,GME,X,2235,0,2057,OSTK,2026-01-30
2026-01-16,GME,X,330,0,330,OSTK,2026-02-06
2026-01-16,GME,X,127,0,125,OSTK,2026-02-13
2026-01-16,GME,X,1776,0,1494,OSTK,2026-02-20
2026-01-16,GME,X,225,0,225,OSTK,2026-02-27
2026-01-16,GME,X,333,0,323,OSTK,2026-03-20
2026-01-16,GME,X,254,0,254,OSTK,2026-04-17
2026-01-16,GME,X,16,0,16,OSTK,2026-06-18
2026-01-16,GME,X,26,0,26,OSTK,2026-07-17
2026-01-16,GME,X,102,0,102,OSTK,2026-09-18
2026-01-16,GME,X,3,0,3,OSTK,2026-10-16
2026-01-16,GME,X,52,0,52,OSTK,2026-12-18
2026-01-16,GME,X,142,0,142,OSTK,2027-01-15
2026-01-16,GME,X,5,0,5,OSTK,2027-09-17
2026-01-16,GME,X,10,0,10,OSTK,2027-12-17
2026-01-16,GME,X,2,0,2,OSTK,2028-01-21
2026-01-16,GME,X,1,0,1,OSTK,2028-12-15
2026-01-16,GME,Z,244,0,232,OSTK,2026-01-16
2026-01-16,GME,Z,1576,0,1430,OSTK,2026-01-23
2026-01-16,GME,Z,690,0,700,OSTK,2026-01-30
2026-01-16,GME,Z,68,0,64,OSTK,2026-02-06
2026-01-16,GME,Z,67,0,57,OSTK,2026-02-13
2026-01-16,GME,Z,109,0,99,OSTK,2026-02-20
2026-01-16,GME,Z,19,0,19,OSTK,2026-02-27
2026-01-16,GME,Z,81,0,85,OSTK,2026-03-20
2026-01-16,GME,Z,732,0,730,OSTK,2026-04-17
2026-01-16,GME,Z,1,0,1,OSTK,2026-06-18
2026-01-16,GME,Z,1,0,1,OSTK,2026-07-17
2026-01-16,GME,Z,3,0,3,OSTK,2026-09-18
2026-01-16,GME,Z,7,0,7,OSTK,2026-10-16
2026-01-16,GME,Z,7,0,7,OSTK,2026-12-18
2026-01-16,GME,Z,2,0,2,OSTK,2027-01-15
2026-01-16,GME,Z,18,0,18,OSTK,2027-09-17
2026-01-16,GME,Z,26,0,94,OSTK,2027-12-17
2026-01-16,GME,Z,10,0,10,OSTK,2028-01-21
2026-01-16,GME,Z,132,0,132,OSTK,2028-06-16
2026-01-20,GME,A,5498,0,5052,OSTK,2026-01-23
2026-01-20,GME,A,2717,0,2651,OSTK,2026-01-30
2026-01-20,GME,A,427,0,427,OSTK,2026-02-06
2026-01-20,GME,A,111,0,111,OSTK,2026-02-13
2026-01-20,GME,A,1259,0,1255,OSTK,2026-02-20
2026-01-20,GME,A,229,0,229,OSTK,2026-02-27
2026-01-20,GME,A,148,0,148,OSTK,2026-03-20
2026-01-20,GME,A,1,0,1,OSTK,2026-04-17
2026-01-20,GME,A,1900,0,1898,OSTK,2026-06-18
2026-01-20,GME,A,12,0,12,OSTK,2026-07-17
2026-01-20,GME,A,84,0,84,OSTK,2026-09-18
2026-01-20,GME,A,209,0,209,OSTK,2026-10-16
2026-01-20,GME,A,46,0,46,OSTK,2026-12-18
2026-01-20,GME,A,108,0,108,OSTK,2027-01-15
2026-01-20,GME,A,10,0,10,OSTK,2027-09-17
2026-01-20,GME,A,142,0,136,OSTK,2027-12-17
2026-01-20,GME,A,28,0,22,OSTK,2028-01-21
2026-01-20,GME,A,2,0,2,OSTK,2028-06-16
2026-01-20,GME,A,1,0,1,OSTK,2028-12-15
2026-01-20,GME,B,2591,0,2611,OSTK,2026-01-23
2026-01-20,GME,B,897,0,897,OSTK,2026-01-30
2026-01-20,GME,B,503,0,503,OSTK,2026-02-06
2026-01-20,GME,B,281,0,281,OSTK,2026-02-13
2026-01-20,GME,B,613,0,613,OSTK,2026-02-20
2026-01-20,GME,B,176,0,176,OSTK,2026-02-27
2026-01-20,GME,B,73,0,73,OSTK,2026-03-20
2026-01-20,GME,B,25,0,3,OSTK,2026-04-17
2026-01-20,GME,B,3,0,3,OSTK,2026-06-18
2026-01-20,GME,B,68,0,68,OSTK,2026-07-17
2026-01-20,GME,B,47,0,47,OSTK,2026-09-18
2026-01-20,GME,B,82,0,82,OSTK,2026-10-16
2026-01-20,GME,B,28,0,28,OSTK,2026-12-18
2026-01-20,GME,B,33,0,33,OSTK,2027-01-15
2026-01-20,GME,B,3,0,3,OSTK,2027-09-17
2026-01-20,GME,B,1,0,1,OSTK,2027-12-17
2026-01-20,GME,B,38,0,34,OSTK,2028-01-21
2026-01-20,GME,B,1,0,1,OSTK,2028-12-15
2026-01-20,GME,C,4522,0,4312,OSTK,2026-01-23
2026-01-20,GME,C,2474,0,1978,OSTK,2026-01-30
2026-01-20,GME,C,1040,0,826,OSTK,2026-02-06
2026-01-20,GME,C,166,0,166,OSTK,2026-02-13
2026-01-20,GME,C,921,0,871,OSTK,2026-02-20
2026-01-20,GME,C,98,0,98,OSTK,2026-02-27
2026-01-20,GME,C,410,0,370,OSTK,2026-03-20
2026-01-20,GME,C,10,0,10,OSTK,2026-04-17
2026-01-20,GME,C,15,0,15,OSTK,2026-06-18
2026-01-20,GME,C,20,0,20,OSTK,2026-07-17
2026-01-20,GME,C,92,0,92,OSTK,2026-09-18
2026-01-20,GME,C,178,0,178,OSTK,2026-10-16
2026-01-20,GME,C,53,0,53,OSTK,2026-12-18
2026-01-20,GME,C,6,0,6,OSTK,2027-01-15
2026-01-20,GME,C,23,0,23,OSTK,2027-09-17
2026-01-20,GME,C,87,0,79,OSTK,2027-12-17
2026-01-20,GME,C,55,0,47,OSTK,2028-01-21
2026-01-20,GME,C,32,0,32,OSTK,2028-06-16
2026-01-20,GME,C,7,0,7,OSTK,2028-12-15
2026-01-20,GME,D,4208,0,2808,OSTK,2026-01-23
2026-01-20,GME,D,2308,0,1628,OSTK,2026-01-30
2026-01-20,GME,D,258,0,202,OSTK,2026-02-06
2026-01-20,GME,D,146,0,66,OSTK,2026-02-13
2026-01-20,GME,D,690,0,600,OSTK,2026-02-20
2026-01-20,GME,D,165,0,163,OSTK,2026-02-27
2026-01-20,GME,D,297,0,293,OSTK,2026-03-20
2026-01-20,GME,D,686,0,564,OSTK,2026-04-17
2026-01-20,GME,D,131,0,131,OSTK,2026-06-18
2026-01-20,GME,D,16,0,16,OSTK,2026-07-17
2026-01-20,GME,D,22,0,22,OSTK,2026-09-18
2026-01-20,GME,D,18,0,18,OSTK,2026-10-16
2026-01-20,GME,D,30,0,28,OSTK,2026-12-18
2026-01-20,GME,D,330,0,318,OSTK,2027-01-15
2026-01-20,GME,D,21,0,21,OSTK,2027-09-17
2026-01-20,GME,D,157,0,145,OSTK,2027-12-17
2026-01-20,GME,D,130,0,104,OSTK,2028-01-21
2026-01-20,GME,D,14,0,14,OSTK,2028-12-15
2026-01-20,GME,E,1947,0,1947,OSTK,2026-01-23
2026-01-20,GME,E,1202,0,1202,OSTK,2026-01-30
2026-01-20,GME,E,202,0,202,OSTK,2026-02-06
2026-01-20,GME,E,22,0,22,OSTK,2026-02-13
2026-01-20,GME,E,508,0,508,OSTK,2026-02-20
2026-01-20,GME,E,35,0,35,OSTK,2026-02-27
2026-01-20,GME,E,77,0,77,OSTK,2026-03-20
2026-01-20,GME,E,526,0,526,OSTK,2026-04-17
2026-01-20,GME,E,34,0,34,OSTK,2026-06-18
2026-01-20,GME,E,1,0,1,OSTK,2026-07-17
2026-01-20,GME,E,4,0,4,OSTK,2026-09-18
2026-01-20,GME,E,10,0,10,OSTK,2026-10-16
2026-01-20,GME,E,15,0,15,OSTK,2027-01-15
2026-01-20,GME,E,1,0,1,OSTK,2027-09-17
2026-01-20,GME,E,152,0,140,OSTK,2027-12-17
2026-01-20,GME,E,23,0,15,OSTK,2028-01-21
2026-01-20,GME,E,10,0,10,OSTK,2028-12-15
2026-01-20,GME,H,2876,0,1622,OSTK,2026-01-23
2026-01-20,GME,H,1465,0,999,OSTK,2026-01-30
2026-01-20,GME,H,236,0,142,OSTK,2026-02-06
2026-01-20,GME,H,75,0,73,OSTK,2026-02-13
2026-01-20,GME,H,248,0,176,OSTK,2026-02-20
2026-01-20,GME,H,27,0,27,OSTK,2026-02-27
2026-01-20,GME,H,112,0,114,OSTK,2026-03-20
2026-01-20,GME,H,832,0,594,OSTK,2026-04-17
2026-01-20,GME,H,102,0,102,OSTK,2026-06-18
2026-01-20,GME,H,272,0,272,OSTK,2026-07-17
2026-01-20,GME,H,15,0,15,OSTK,2026-09-18
2026-01-20,GME,H,25,0,25,OSTK,2026-10-16
2026-01-20,GME,H,16,0,16,OSTK,2026-12-18
2026-01-20,GME,H,6,0,6,OSTK,2027-01-15
2026-01-20,GME,H,11,0,11,OSTK,2027-09-17
2026-01-20,GME,H,1,0,1,OSTK,2027-12-17
2026-01-20,GME,H,0,0,2,OSTK,2028-01-21
2026-01-20,GME,H,1,0,1,OSTK,2028-06-16
2026-01-20,GME,I,4665,0,4641,OSTK,2026-01-23
2026-01-20,GME,I,1236,0,1178,OSTK,2026-01-30
2026-01-20,GME,I,430,0,430,OSTK,2026-02-06
2026-01-20,GME,I,108,0,108,OSTK,2026-02-13
2026-01-20,GME,I,473,0,473,OSTK,2026-02-20
2026-01-20,GME,I,114,0,114,OSTK,2026-02-27
2026-01-20,GME,I,62,0,60,OSTK,2026-03-20
2026-01-20,GME,I,1441,0,1371,OSTK,2026-04-17
2026-01-20,GME,I,2,0,2,OSTK,2026-06-18
2026-01-20,GME,I,7,0,7,OSTK,2026-07-17
2026-01-20,GME,I,146,74,220,OSTK,2026-09-18
2026-01-20,GME,I,228,0,228,OSTK,2026-10-16
2026-01-20,GME,I,65,0,67,OSTK,2026-12-18
2026-01-20,GME,I,1,0,1,OSTK,2027-01-15
2026-01-20,GME,I,47,0,47,OSTK,2027-09-17
2026-01-20,GME,I,832,0,716,OSTK,2027-12-17
2026-01-20,GME,I,1,0,1,OSTK,2028-01-21
2026-01-20,GME,I,2,0,2,OSTK,2028-06-16
2026-01-20,GME,I,26,0,26,OSTK,2028-12-15
2026-01-20,GME,J,3321,0,2089,OSTK,2026-01-23
2026-01-20,GME,J,1731,0,915,OSTK,2026-01-30
2026-01-20,GME,J,939,0,717,OSTK,2026-02-06
2026-01-20,GME,J,17,0,17,OSTK,2026-02-13
2026-01-20,GME,J,486,0,378,OSTK,2026-02-20
2026-01-20,GME,J,42,0,40,OSTK,2026-02-27
2026-01-20,GME,J,99,0,97,OSTK,2026-03-20
2026-01-20,GME,J,2922,0,2898,OSTK,2026-04-17
2026-01-20,GME,J,358,0,358,OSTK,2026-06-18
2026-01-20,GME,J,2,0,2,OSTK,2026-07-17
2026-01-20,GME,J,15,0,15,OSTK,2026-09-18
2026-01-20,GME,J,30,0,30,OSTK,2026-10-16
2026-01-20,GME,J,12,0,12,OSTK,2026-12-18
2026-01-20,GME,J,20,0,20,OSTK,2027-01-15
2026-01-20,GME,J,4,0,4,OSTK,2027-09-17
2026-01-20,GME,J,134,0,134,OSTK,2027-12-17
2026-01-20,GME,J,60,0,58,OSTK,2028-01-21
2026-01-20,GME,J,1,0,1,OSTK,2028-06-16
2026-01-20,GME,J,9,0,9,OSTK,2028-12-15
2026-01-20,GME,L,2829,0,1753,OSTK,2026-01-23
2026-01-20,GME,L,1356,0,1162,OSTK,2026-01-30
2026-01-20,GME,L,515,0,443,OSTK,2026-02-06
2026-01-20,GME,L,104,0,104,OSTK,2026-02-13
2026-01-20,GME,L,523,0,427,OSTK,2026-02-20
2026-01-20,GME,L,307,20,255,OSTK,2026-02-27
2026-01-20,GME,L,63,0,63,OSTK,2026-03-20
2026-01-20,GME,L,798,0,736,OSTK,2026-04-17
2026-01-20,GME,L,36,0,20,OSTK,2026-06-18
2026-01-20,GME,L,11,0,11,OSTK,2026-07-17
2026-01-20,GME,L,29,0,29,OSTK,2026-10-16
2026-01-20,GME,L,5,0,5,OSTK,2026-12-18
2026-01-20,GME,L,420,0,416,OSTK,2027-01-15
2026-01-20,GME,L,3,0,3,OSTK,2027-09-17
2026-01-20,GME,L,78,0,78,OSTK,2027-12-17
2026-01-20,GME,L,92,0,80,OSTK,2028-01-21
2026-01-20,GME,L,1,0,1,OSTK,2028-06-16
2026-01-20,GME,L,2,0,2,OSTK,2028-12-15
2026-01-20,GME,M,7675,0,7477,OSTK,2026-01-23
2026-01-20,GME,M,3629,0,3445,OSTK,2026-01-30
2026-01-20,GME,M,1255,0,1255,OSTK,2026-02-06
2026-01-20,GME,M,168,0,168,OSTK,2026-02-13
2026-01-20,GME,M,928,0,918,OSTK,2026-02-20
2026-01-20,GME,M,75,0,85,OSTK,2026-02-27
2026-01-20,GME,M,487,0,487,OSTK,2026-03-20
2026-01-20,GME,M,2752,0,2748,OSTK,2026-04-17
2026-01-20,GME,M,399,0,299,OSTK,2026-06-18
2026-01-20,GME,M,9,0,9,OSTK,2026-07-17
2026-01-20,GME,M,86,0,86,OSTK,2026-09-18
2026-01-20,GME,M,40,0,40,OSTK,2026-10-16
2026-01-20,GME,M,20,0,20,OSTK,2026-12-18
2026-01-20,GME,M,286,0,286,OSTK,2027-01-15
2026-01-20,GME,M,1,0,1,OSTK,2027-09-17
2026-01-20,GME,M,153,0,139,OSTK,2027-12-17
2026-01-20,GME,M,79,0,67,OSTK,2028-01-21
2026-01-20,GME,M,3,0,3,OSTK,2028-06-16
2026-01-20,GME,M,8,0,8,OSTK,2028-12-15
2026-01-20,GME,P,6875,0,4809,OSTK,2026-01-23
2026-01-20,GME,P,1774,0,1370,OSTK,2026-01-30
2026-01-20,GME,P,1414,0,1030,OSTK,2026-02-06
2026-01-20,GME,P,163,0,117,OSTK,2026-02-13
2026-01-20,GME,P,836,0,746,OSTK,2026-02-20
2026-01-20,GME,P,68,0,30,OSTK,2026-02-27
2026-01-20,GME,P,175,0,175,OSTK,2026-03-20
2026-01-20,GME,P,56,0,56,OSTK,2026-04-17
2026-01-20,GME,P,328,0,294,OSTK,2026-06-18
2026-01-20,GME,P,1,0,1,OSTK,2026-07-17
2026-01-20,GME,P,22,0,24,OSTK,2026-09-18
2026-01-20,GME,P,68,0,60,OSTK,2026-10-16
2026-01-20,GME,P,334,0,142,OSTK,2026-12-18
2026-01-20,GME,P,60,0,46,OSTK,2027-01-15
2026-01-20,GME,P,425,0,423,OSTK,2027-09-17
2026-01-20,GME,P,314,0,312,OSTK,2027-12-17
2026-01-20,GME,P,293,0,187,OSTK,2028-01-21
2026-01-20,GME,P,75,0,75,OSTK,2028-06-16
2026-01-20,GME,P,10,0,10,OSTK,2028-12-15
2026-01-20,GME,Q,1448,0,2106,OSTK,2026-01-23
2026-01-20,GME,Q,664,0,984,OSTK,2026-01-30
2026-01-20,GME,Q,172,0,174,OSTK,2026-02-06
2026-01-20,GME,Q,68,0,72,OSTK,2026-02-13
2026-01-20,GME,Q,206,0,114,OSTK,2026-02-20
2026-01-20,GME,Q,47,0,49,OSTK,2026-02-27
2026-01-20,GME,Q,2,0,4,OSTK,2026-03-20
2026-01-20,GME,Q,91,0,105,OSTK,2026-04-17
2026-01-20,GME,Q,0,0,6,OSTK,2026-06-18
2026-01-20,GME,Q,0,0,20,OSTK,2026-12-18
2026-01-20,GME,Q,1,0,7,OSTK,2027-01-15
2026-01-20,GME,Q,8,0,8,OSTK,2027-09-17
2026-01-20,GME,Q,130,0,184,OSTK,2027-12-17
2026-01-20,GME,Q,2,0,6,OSTK,2028-01-21
2026-01-20,GME,R,2302,0,2304,OSTK,2026-01-23
2026-01-20,GME,R,1189,0,825,OSTK,2026-01-30
2026-01-20,GME,R,156,0,136,OSTK,2026-02-06
2026-01-20,GME,R,121,0,121,OSTK,2026-02-13
2026-01-20,GME,R,274,0,468,OSTK,2026-02-20
2026-01-20,GME,R,138,0,132,OSTK,2026-02-27
2026-01-20,GME,R,125,0,125,OSTK,2026-03-20
2026-01-20,GME,R,609,0,609,OSTK,2026-04-17
2026-01-20,GME,R,114,0,114,OSTK,2026-06-18
2026-01-20,GME,R,8,0,6,OSTK,2026-07-17
2026-01-20,GME,R,12,0,12,OSTK,2026-09-18
2026-01-20,GME,R,34,0,34,OSTK,2026-10-16
2026-01-20,GME,R,23,0,23,OSTK,2026-12-18
2026-01-20,GME,R,48,0,124,OSTK,2027-01-15
2026-01-20,GME,R,1,0,1,OSTK,2027-09-17
2026-01-20,GME,R,130,0,130,OSTK,2027-12-17
2026-01-20,GME,R,16,0,16,OSTK,2028-01-21
2026-01-20,GME,R,1,0,1,OSTK,2028-06-16
2026-01-20,GME,R,6,0,6,OSTK,2028-12-15
2026-01-20,GME,T,2505,0,2505,OSTK,2026-01-23
2026-01-20,GME,T,749,0,749,OSTK,2026-01-30
2026-01-20,GME,T,1228,0,1228,OSTK,2026-02-06
2026-01-20,GME,T,41,0,41,OSTK,2026-02-13
2026-01-20,GME,T,902,0,902,OSTK,2026-02-20
2026-01-20,GME,T,5,0,7,OSTK,2026-02-27
2026-01-20,GME,T,6,0,6,OSTK,2026-03-20
2026-01-20,GME,T,67,0,67,OSTK,2026-04-17
2026-01-20,GME,T,1,0,1,OSTK,2026-06-18
2026-01-20,GME,T,1,0,1,OSTK,2026-12-18
2026-01-20,GME,T,1,0,1,OSTK,2027-01-15
2026-01-20,GME,T,1,0,1,OSTK,2027-09-17
2026-01-20,GME,T,130,0,130,OSTK,2027-12-17
2026-01-20,GME,U,2326,15,4515,OSTK,2026-01-23
2026-01-20,GME,U,647,0,1079,OSTK,2026-01-30
2026-01-20,GME,U,357,0,361,OSTK,2026-02-06
2026-01-20,GME,U,64,0,64,OSTK,2026-02-13
2026-01-20,GME,U,208,0,216,OSTK,2026-02-20
2026-01-20,GME,U,100,0,100,OSTK,2026-02-27
2026-01-20,GME,U,243,0,243,OSTK,2026-03-20
2026-01-20,GME,U,2,0,2,OSTK,2026-04-17
2026-01-20,GME,U,1,0,1,OSTK,2026-06-18
2026-01-20,GME,U,1,0,1,OSTK,2026-07-17
2026-01-20,GME,U,13,0,13,OSTK,2026-09-18
2026-01-20,GME,U,22,0,22,OSTK,2026-10-16
2026-01-20,GME,U,8,0,8,OSTK,2026-12-18
2026-01-20,GME,U,24,0,24,OSTK,2027-01-15
2026-01-20,GME,U,2,0,2,OSTK,2027-09-17
2026-01-20,GME,U,84,0,84,OSTK,2027-12-17
2026-01-20,GME,U,17,0,15,OSTK,2028-01-21
2026-01-20,GME,U,3,0,3,OSTK,2028-06-16
2026-01-20,GME,U,3,0,3,OSTK,2028-12-15
2026-01-20,GME,W,1766,67,1621,OSTK,2026-01-23
2026-01-20,GME,W,920,0,924,OSTK,2026-01-30
2026-01-20,GME,W,307,0,307,OSTK,2026-02-06
2026-01-20,GME,W,19,0,17,OSTK,2026-02-13
2026-01-20,GME,W,342,0,342,OSTK,2026-02-20
2026-01-20,GME,W,14,0,14,OSTK,2026-02-27
2026-01-20,GME,W,37,0,35,OSTK,2026-03-20
2026-01-20,GME,W,328,0,334,OSTK,2026-04-17
2026-01-20,GME,W,88,0,88,OSTK,2026-06-18
2026-01-20,GME,W,4,0,4,OSTK,2026-07-17
2026-01-20,GME,W,5,0,5,OSTK,2026-09-18
2026-01-20,GME,W,105,0,105,OSTK,2026-10-16
2026-01-20,GME,W,6,0,6,OSTK,2026-12-18
2026-01-20,GME,W,119,0,119,OSTK,2027-01-15
2026-01-20,GME,W,19,0,19,OSTK,2027-09-17
2026-01-20,GME,W,100,0,90,OSTK,2027-12-17
2026-01-20,GME,W,24,0,14,OSTK,2028-01-21
2026-01-20,GME,W,7,0,7,OSTK,2028-06-16
2026-01-20,GME,W,3,0,3,OSTK,2028-12-15
2026-01-20,GME,X,11020,0,9196,OSTK,2026-01-23
2026-01-20,GME,X,4360,0,4010,OSTK,2026-01-30
2026-01-20,GME,X,1297,0,1193,OSTK,2026-02-06
2026-01-20,GME,X,450,23,337,OSTK,2026-02-13
2026-01-20,GME,X,2434,0,2310,OSTK,2026-02-20
2026-01-20,GME,X,385,0,385,OSTK,2026-02-27
2026-01-20,GME,X,483,0,473,OSTK,2026-03-20
2026-01-20,GME,X,414,0,414,OSTK,2026-04-17
2026-01-20,GME,X,6,0,6,OSTK,2026-06-18
2026-01-20,GME,X,69,0,69,OSTK,2026-07-17
2026-01-20,GME,X,159,0,159,OSTK,2026-09-18
2026-01-20,GME,X,193,0,193,OSTK,2026-10-16
2026-01-20,GME,X,65,0,61,OSTK,2026-12-18
2026-01-20,GME,X,6,0,6,OSTK,2027-01-15
2026-01-20,GME,X,71,0,71,OSTK,2027-09-17
2026-01-20,GME,X,11,0,11,OSTK,2027-12-17
2026-01-20,GME,X,3,0,3,OSTK,2028-01-21
2026-01-20,GME,X,29,0,29,OSTK,2028-06-16
2026-01-20,GME,X,2,0,2,OSTK,2028-12-15
2026-01-20,GME,Z,2467,0,1507,OSTK,2026-01-23
2026-01-20,GME,Z,526,0,610,OSTK,2026-01-30
2026-01-20,GME,Z,73,0,73,OSTK,2026-02-06
2026-01-20,GME,Z,71,25,26,OSTK,2026-02-13
2026-01-20,GME,Z,154,0,150,OSTK,2026-02-20
2026-01-20,GME,Z,123,0,123,OSTK,2026-02-27
2026-01-20,GME,Z,127,0,127,OSTK,2026-03-20
2026-01-20,GME,Z,449,0,449,OSTK,2026-04-17
2026-01-20,GME,Z,17,0,17,OSTK,2026-06-18
2026-01-20,GME,Z,50,0,50,OSTK,2026-07-17
2026-01-20,GME,Z,77,0,77,OSTK,2026-09-18
2026-01-20,GME,Z,14,0,14,OSTK,2026-10-16
2026-01-20,GME,Z,24,0,24,OSTK,2026-12-18
2026-01-20,GME,Z,1,0,1,OSTK,2027-01-15
2026-01-20,GME,Z,6,0,6,OSTK,2027-09-17
2026-01-20,GME,Z,136,0,136,OSTK,2027-12-17
2026-01-20,GME,Z,112,0,112,OSTK,2028-01-21
2026-01-20,GME,Z,8,0,8,OSTK,2028-12-15
2026-01-21,GME,A,6431,0,6429,OSTK,2026-01-23
2026-01-21,GME,A,3108,0,3104,OSTK,2026-01-30
2026-01-21,GME,A,726,0,726,OSTK,2026-02-06
2026-01-21,GME,A,214,0,214,OSTK,2026-02-13
2026-01-21,GME,A,1604,0,1604,OSTK,2026-02-20
2026-01-21,GME,A,378,0,378,OSTK,2026-02-27
2026-01-21,GME,A,99,0,99,OSTK,2026-03-20
2026-01-21,GME,A,1121,0,1107,OSTK,2026-04-17
2026-01-21,GME,A,59,0,59,OSTK,2026-06-18
2026-01-21,GME,A,6,0,6,OSTK,2026-07-17
2026-01-21,GME,A,128,0,128,OSTK,2026-09-18
2026-01-21,GME,A,141,0,141,OSTK,2026-10-16
2026-01-21,GME,A,45,0,45,OSTK,2026-12-18
2026-01-21,GME,A,106,0,100,OSTK,2027-01-15
2026-01-21,GME,A,9,0,9,OSTK,2027-09-17
2026-01-21,GME,A,4,0,4,OSTK,2027-12-17
2026-01-21,GME,A,25,0,25,OSTK,2028-01-21
2026-01-21,GME,A,1,0,1,OSTK,2028-12-15
2026-01-21,GME,B,3271,0,3261,OSTK,2026-01-23
2026-01-21,GME,B,1234,0,1298,OSTK,2026-01-30
2026-01-21,GME,B,624,0,624,OSTK,2026-02-06
2026-01-21,GME,B,212,0,212,OSTK,2026-02-13
2026-01-21,GME,B,816,0,816,OSTK,2026-02-20
2026-01-21,GME,B,151,0,151,OSTK,2026-02-27
2026-01-21,GME,B,918,0,918,OSTK,2026-03-20
2026-01-21,GME,B,6,0,6,OSTK,2026-04-17
2026-01-21,GME,B,37,0,37,OSTK,2026-06-18
2026-01-21,GME,B,163,0,163,OSTK,2026-07-17
2026-01-21,GME,B,55,0,55,OSTK,2026-09-18
2026-01-21,GME,B,2,0,2,OSTK,2026-10-16
2026-01-21,GME,B,515,0,515,OSTK,2026-12-18
2026-01-21,GME,B,23,0,23,OSTK,2027-01-15
2026-01-21,GME,B,7,0,7,OSTK,2027-09-17
2026-01-21,GME,B,2,0,2,OSTK,2027-12-17
2026-01-21,GME,B,74,0,72,OSTK,2028-01-21
2026-01-21,GME,B,5,0,5,OSTK,2028-06-16
2026-01-21,GME,B,1,0,1,OSTK,2028-12-15
2026-01-21,GME,C,14702,0,12090,OSTK,2026-01-23
2026-01-21,GME,C,5079,0,4113,OSTK,2026-01-30
2026-01-21,GME,C,763,0,709,OSTK,2026-02-06
2026-01-21,GME,C,248,0,246,OSTK,2026-02-13
2026-01-21,GME,C,1547,0,1503,OSTK,2026-02-20
2026-01-21,GME,C,569,0,567,OSTK,2026-02-27
2026-01-21,GME,C,319,0,315,OSTK,2026-03-20
2026-01-21,GME,C,10,0,10,OSTK,2026-04-17
2026-01-21,GME,C,50,0,50,OSTK,2026-06-18
2026-01-21,GME,C,39,0,39,OSTK,2026-07-17
2026-01-21,GME,C,274,0,274,OSTK,2026-09-18
2026-01-21,GME,C,93,0,91,OSTK,2026-10-16
2026-01-21,GME,C,44,0,44,OSTK,2026-12-18
2026-01-21,GME,C,2,0,2,OSTK,2027-01-15
2026-01-21,GME,C,21,0,21,OSTK,2027-09-17
2026-01-21,GME,C,10,0,10,OSTK,2027-12-17
2026-01-21,GME,C,200,0,200,OSTK,2028-01-21
2026-01-21,GME,C,236,0,236,OSTK,2028-12-15
2026-01-21,GME,D,3422,46,3130,OSTK,2026-01-23
2026-01-21,GME,D,2258,0,3342,OSTK,2026-01-30
2026-01-21,GME,D,608,0,458,OSTK,2026-02-06
2026-01-21,GME,D,45,0,43,OSTK,2026-02-13
2026-01-21,GME,D,618,0,606,OSTK,2026-02-20
2026-01-21,GME,D,154,0,150,OSTK,2026-02-27
2026-01-21,GME,D,212,0,212,OSTK,2026-03-20
2026-01-21,GME,D,1572,0,1508,OSTK,2026-04-17
2026-01-21,GME,D,315,0,315,OSTK,2026-06-18
2026-01-21,GME,D,15,0,15,OSTK,2026-07-17
2026-01-21,GME,D,67,0,67,OSTK,2026-09-18
2026-01-21,GME,D,61,0,61,OSTK,2026-10-16
2026-01-21,GME,D,32,0,128,OSTK,2026-12-18
2026-01-21,GME,D,258,0,216,OSTK,2027-01-15
2026-01-21,GME,D,1,0,1,OSTK,2027-09-17
2026-01-21,GME,D,66,0,66,OSTK,2027-12-17
2026-01-21,GME,D,56,0,56,OSTK,2028-01-21
2026-01-21,GME,D,0,0,98,OSTK,2028-06-16
2026-01-21,GME,D,6,0,6,OSTK,2028-12-15
2026-01-21,GME,E,3194,0,3174,OSTK,2026-01-23
2026-01-21,GME,E,1595,0,1629,OSTK,2026-01-30
2026-01-21,GME,E,137,0,137,OSTK,2026-02-06
2026-01-21,GME,E,54,0,54,OSTK,2026-02-13
2026-01-21,GME,E,344,0,346,OSTK,2026-02-20
2026-01-21,GME,E,75,0,75,OSTK,2026-02-27
2026-01-21,GME,E,10,0,6,OSTK,2026-03-20
2026-01-21,GME,E,2,0,2,OSTK,2026-04-17
2026-01-21,GME,E,2,0,2,OSTK,2026-06-18
2026-01-21,GME,E,16,0,16,OSTK,2026-07-17
2026-01-21,GME,E,30,0,30,OSTK,2026-09-18
2026-01-21,GME,E,2,0,2,OSTK,2026-10-16
2026-01-21,GME,E,8,0,8,OSTK,2027-01-15
2026-01-21,GME,E,4,0,4,OSTK,2028-01-21
2026-01-21,GME,H,2476,0,1876,OSTK,2026-01-23
2026-01-21,GME,H,1124,0,888,OSTK,2026-01-30
2026-01-21,GME,H,201,0,177,OSTK,2026-02-06
2026-01-21,GME,H,97,0,97,OSTK,2026-02-13
2026-01-21,GME,H,999,0,991,OSTK,2026-02-20
2026-01-21,GME,H,44,0,42,OSTK,2026-02-27
2026-01-21,GME,H,227,0,223,OSTK,2026-03-20
2026-01-21,GME,H,1,0,1,OSTK,2026-04-17
2026-01-21,GME,H,2,0,2,OSTK,2026-06-18
2026-01-21,GME,H,69,0,67,OSTK,2026-07-17
2026-01-21,GME,H,26,0,26,OSTK,2026-09-18
2026-01-21,GME,H,37,0,33,OSTK,2026-10-16
2026-01-21,GME,H,6,0,6,OSTK,2026-12-18
2026-01-21,GME,H,38,0,38,OSTK,2027-01-15
2026-01-21,GME,H,1,0,1,OSTK,2027-09-17
2026-01-21,GME,H,13,0,13,OSTK,2027-12-17
2026-01-21,GME,H,4,0,4,OSTK,2028-01-21
2026-01-21,GME,H,11,0,11,OSTK,2028-12-15
2026-01-21,GME,I,3488,0,3378,OSTK,2026-01-23
2026-01-21,GME,I,1980,0,1966,OSTK,2026-01-30
2026-01-21,GME,I,412,0,410,OSTK,2026-02-06
2026-01-21,GME,I,42,0,42,OSTK,2026-02-13
2026-01-21,GME,I,3244,0,1976,OSTK,2026-02-20
2026-01-21,GME,I,149,0,149,OSTK,2026-02-27
2026-01-21,GME,I,1736,0,534,OSTK,2026-03-20
2026-01-21,GME,I,10,0,10,OSTK,2026-04-17
2026-01-21,GME,I,16,0,16,OSTK,2026-06-18
2026-01-21,GME,I,167,0,167,OSTK,2026-09-18
2026-01-21,GME,I,230,0,230,OSTK,2026-10-16
2026-01-21,GME,I,77,0,77,OSTK,2026-12-18
2026-01-21,GME,I,2,0,2,OSTK,2027-01-15
2026-01-21,GME,I,10,0,10,OSTK,2027-09-17
2026-01-21,GME,I,117,0,13,OSTK,2027-12-17
2026-01-21,GME,I,113,0,9,OSTK,2028-01-21
2026-01-21,GME,I,42,0,42,OSTK,2028-06-16
2026-01-21,GME,I,4,0,4,OSTK,2028-12-15
2026-01-21,GME,J,4627,0,2727,OSTK,2026-01-23
2026-01-21,GME,J,2107,0,1711,OSTK,2026-01-30
2026-01-21,GME,J,229,0,201,OSTK,2026-02-06
2026-01-21,GME,J,101,0,25,OSTK,2026-02-13
2026-01-21,GME,J,879,0,787,OSTK,2026-02-20
2026-01-21,GME,J,113,0,97,OSTK,2026-02-27
2026-01-21,GME,J,484,0,462,OSTK,2026-03-20
2026-01-21,GME,J,14,0,14,OSTK,2026-04-17
2026-01-21,GME,J,180,0,180,OSTK,2026-06-18
2026-01-21,GME,J,15,0,15,OSTK,2026-07-17
2026-01-21,GME,J,15,0,15,OSTK,2026-09-18
2026-01-21,GME,J,4,0,2,OSTK,2026-10-16
2026-01-21,GME,J,1,0,1,OSTK,2026-12-18
2026-01-21,GME,J,11,0,11,OSTK,2027-01-15
2026-01-21,GME,J,0,0,32,OSTK,2027-12-17
2026-01-21,GME,J,11,0,11,OSTK,2028-01-21
2026-01-21,GME,J,43,0,43,OSTK,2028-12-15
2026-01-21,GME,L,4064,0,3940,OSTK,2026-01-23
2026-01-21,GME,L,1547,0,1537,OSTK,2026-01-30
2026-01-21,GME,L,269,0,265,OSTK,2026-02-06
2026-01-21,GME,L,104,0,84,OSTK,2026-02-13
2026-01-21,GME,L,364,0,350,OSTK,2026-02-20
2026-01-21,GME,L,192,0,192,OSTK,2026-02-27
2026-01-21,GME,L,241,0,241,OSTK,2026-03-20
2026-01-21,GME,L,198,0,196,OSTK,2026-04-17
2026-01-21,GME,L,492,0,492,OSTK,2026-06-18
2026-01-21,GME,L,395,0,395,OSTK,2026-07-17
2026-01-21,GME,L,2,0,2,OSTK,2026-09-18
2026-01-21,GME,L,34,0,36,OSTK,2026-10-16
2026-01-21,GME,L,4,0,6,OSTK,2026-12-18
2026-01-21,GME,L,37,0,37,OSTK,2027-01-15
2026-01-21,GME,L,35,0,35,OSTK,2027-09-17
2026-01-21,GME,L,3,0,3,OSTK,2027-12-17
2026-01-21,GME,L,20,0,20,OSTK,2028-01-21
2026-01-21,GME,L,0,0,4,OSTK,2028-06-16
2026-01-21,GME,L,13,0,13,OSTK,2028-12-15
2026-01-21,GME,M,7445,0,7441,OSTK,2026-01-23
2026-01-21,GME,M,3705,0,3635,OSTK,2026-01-30
2026-01-21,GME,M,424,0,424,OSTK,2026-02-06
2026-01-21,GME,M,187,0,187,OSTK,2026-02-13
2026-01-21,GME,M,2057,0,2055,OSTK,2026-02-20
2026-01-21,GME,M,344,0,344,OSTK,2026-02-27
2026-01-21,GME,M,607,0,607,OSTK,2026-03-20
2026-01-21,GME,M,749,0,721,OSTK,2026-04-17
2026-01-21,GME,M,524,0,524,OSTK,2026-06-18
2026-01-21,GME,M,43,0,43,OSTK,2026-07-17
2026-01-21,GME,M,91,0,91,OSTK,2026-09-18
2026-01-21,GME,M,68,0,70,OSTK,2026-10-16
2026-01-21,GME,M,38,0,40,OSTK,2026-12-18
2026-01-21,GME,M,233,0,233,OSTK,2027-01-15
2026-01-21,GME,M,35,0,35,OSTK,2027-09-17
2026-01-21,GME,M,209,0,207,OSTK,2027-12-17
2026-01-21,GME,M,281,0,279,OSTK,2028-01-21
2026-01-21,GME,M,17,0,21,OSTK,2028-06-16
2026-01-21,GME,M,47,0,47,OSTK,2028-12-15
2026-01-21,GME,P,5697,0,4777,OSTK,2026-01-23
2026-01-21,GME,P,3188,0,2742,OSTK,2026-01-30
2026-01-21,GME,P,398,0,386,OSTK,2026-02-06
2026-01-21,GME,P,386,0,354,OSTK,2026-02-13
2026-01-21,GME,P,757,0,715,OSTK,2026-02-20
2026-01-21,GME,P,209,0,195,OSTK,2026-02-27
2026-01-21,GME,P,671,0,591,OSTK,2026-03-20
2026-01-21,GME,P,3,0,3,OSTK,2026-04-17
2026-01-21,GME,P,25,0,25,OSTK,2026-06-18
2026-01-21,GME,P,26,0,26,OSTK,2026-07-17
2026-01-21,GME,P,23,0,23,OSTK,2026-09-18
2026-01-21,GME,P,1,0,1,OSTK,2026-10-16
2026-01-21,GME,P,41,0,41,OSTK,2026-12-18
2026-01-21,GME,P,16,0,8,OSTK,2027-01-15
2026-01-21,GME,P,3,0,3,OSTK,2027-09-17
2026-01-21,GME,P,13,0,13,OSTK,2027-12-17
2026-01-21,GME,P,1,0,1,OSTK,2028-01-21
2026-01-21,GME,P,2,0,2,OSTK,2028-06-16
2026-01-21,GME,P,7,0,7,OSTK,2028-12-15
2026-01-21,GME,Q,997,0,1079,OSTK,2026-01-23
2026-01-21,GME,Q,1703,0,2351,OSTK,2026-01-30
2026-01-21,GME,Q,112,0,114,OSTK,2026-02-06
2026-01-21,GME,Q,5,0,5,OSTK,2026-02-13
2026-01-21,GME,Q,130,0,132,OSTK,2026-02-20
2026-01-21,GME,Q,48,0,58,OSTK,2026-02-27
2026-01-21,GME,Q,22,0,74,OSTK,2026-03-20
2026-01-21,GME,Q,54,0,64,OSTK,2026-04-17
2026-01-21,GME,Q,5,0,13,OSTK,2026-06-18
2026-01-21,GME,Q,0,0,4,OSTK,2026-12-18
2026-01-21,GME,Q,1,0,5,OSTK,2027-01-15
2026-01-21,GME,Q,19,0,133,OSTK,2027-12-17
2026-01-21,GME,Q,37,0,267,OSTK,2028-01-21
2026-01-21,GME,Q,5,0,5,OSTK,2028-12-15
2026-01-21,GME,R,2270,0,2422,OSTK,2026-01-23
2026-01-21,GME,R,980,0,1146,OSTK,2026-01-30
2026-01-21,GME,R,255,0,217,OSTK,2026-02-06
2026-01-21,GME,R,27,0,27,OSTK,2026-02-13
2026-01-21,GME,R,301,0,341,OSTK,2026-02-20
2026-01-21,GME,R,135,0,135,OSTK,2026-02-27
2026-01-21,GME,R,97,0,97,OSTK,2026-03-20
2026-01-21,GME,R,487,0,471,OSTK,2026-04-17
2026-01-21,GME,R,150,0,150,OSTK,2026-06-18
2026-01-21,GME,R,107,0,107,OSTK,2026-07-17
2026-01-21,GME,R,34,0,34,OSTK,2026-09-18
2026-01-21,GME,R,185,0,183,OSTK,2026-10-16
2026-01-21,GME,R,10,0,12,OSTK,2026-12-18
2026-01-21,GME,R,27,0,29,OSTK,2027-01-15
2026-01-21,GME,R,6,0,6,OSTK,2027-09-17
2026-01-21,GME,R,6,0,96,OSTK,2028-01-21
2026-01-21,GME,R,7,0,7,OSTK,2028-06-16
2026-01-21,GME,R,2,0,2,OSTK,2028-12-15
2026-01-21,GME,T,1454,0,1454,OSTK,2026-01-23
2026-01-21,GME,T,686,0,688,OSTK,2026-01-30
2026-01-21,GME,T,31,0,31,OSTK,2026-02-06
2026-01-21,GME,T,6,0,6,OSTK,2026-02-13
2026-01-21,GME,T,110,0,110,OSTK,2026-02-20
2026-01-21,GME,T,8,0,8,OSTK,2026-02-27
2026-01-21,GME,T,15,0,15,OSTK,2026-03-20
2026-01-21,GME,T,42,0,46,OSTK,2026-04-17
2026-01-21,GME,T,3,0,3,OSTK,2026-06-18
2026-01-21,GME,T,8,0,8,OSTK,2027-12-17
2026-01-21,GME,T,0,0,4,OSTK,2028-01-21
2026-01-21,GME,T,3,0,3,OSTK,2028-12-15
2026-01-21,GME,U,4215,0,4303,OSTK,2026-01-23
2026-01-21,GME,U,2630,0,2548,OSTK,2026-01-30
2026-01-21,GME,U,151,0,151,OSTK,2026-02-06
2026-01-21,GME,U,57,0,57,OSTK,2026-02-13
2026-01-21,GME,U,244,0,248,OSTK,2026-02-20
2026-01-21,GME,U,318,0,298,OSTK,2026-02-27
2026-01-21,GME,U,137,0,157,OSTK,2026-03-20
2026-01-21,GME,U,2,0,2,OSTK,2026-04-17
2026-01-21,GME,U,24,0,24,OSTK,2026-06-18
2026-01-21,GME,U,15,0,15,OSTK,2026-07-17
2026-01-21,GME,U,11,0,11,OSTK,2026-09-18
2026-01-21,GME,U,30,0,30,OSTK,2026-10-16
2026-01-21,GME,U,4,0,6,OSTK,2026-12-18
2026-01-21,GME,U,36,0,36,OSTK,2027-01-15
2026-01-21,GME,U,1,0,1,OSTK,2027-09-17
2026-01-21,GME,U,12,0,12,OSTK,2027-12-17
2026-01-21,GME,U,1,0,1,OSTK,2028-01-21
2026-01-21,GME,U,1,0,1,OSTK,2028-06-16
2026-01-21,GME,U,15,0,9,OSTK,2028-12-15
2026-01-21,GME,W,1468,0,1642,OSTK,2026-01-23
2026-01-21,GME,W,503,0,737,OSTK,2026-01-30
2026-01-21,GME,W,120,0,120,OSTK,2026-02-06
2026-01-21,GME,W,14,0,12,OSTK,2026-02-13
2026-01-21,GME,W,441,0,439,OSTK,2026-02-20
2026-01-21,GME,W,8,0,8,OSTK,2026-02-27
2026-01-21,GME,W,394,0,394,OSTK,2026-03-20
2026-01-21,GME,W,560,0,564,OSTK,2026-04-17
2026-01-21,GME,W,2,0,2,OSTK,2026-06-18
2026-01-21,GME,W,2,0,2,OSTK,2026-07-17
2026-01-21,GME,W,4,0,4,OSTK,2026-09-18
2026-01-21,GME,W,12,0,12,OSTK,2026-10-16
2026-01-21,GME,W,6,0,6,OSTK,2026-12-18
2026-01-21,GME,W,4,0,4,OSTK,2027-01-15
2026-01-21,GME,W,0,0,106,OSTK,2027-12-17
2026-01-21,GME,W,11,0,13,OSTK,2028-01-21
2026-01-21,GME,X,11055,0,10447,OSTK,2026-01-23
2026-01-21,GME,X,6132,0,5700,OSTK,2026-01-30
2026-01-21,GME,X,1155,0,1037,OSTK,2026-02-06
2026-01-21,GME,X,474,0,470,OSTK,2026-02-13
2026-01-21,GME,X,1866,0,1736,OSTK,2026-02-20
2026-01-21,GME,X,385,0,381,OSTK,2026-02-27
2026-01-21,GME,X,1053,0,1053,OSTK,2026-03-20
2026-01-21,GME,X,10,0,10,OSTK,2026-04-17
2026-01-21,GME,X,60,0,60,OSTK,2026-06-18
2026-01-21,GME,X,59,0,59,OSTK,2026-07-17
2026-01-21,GME,X,132,0,132,OSTK,2026-09-18
2026-01-21,GME,X,174,0,174,OSTK,2026-10-16
2026-01-21,GME,X,63,0,63,OSTK,2026-12-18
2026-01-21,GME,X,1,0,17,OSTK,2027-01-15
2026-01-21,GME,X,6,0,6,OSTK,2027-09-17
2026-01-21,GME,X,14,0,14,OSTK,2027-12-17
2026-01-21,GME,X,1,0,1,OSTK,2028-01-21
2026-01-21,GME,X,4,0,4,OSTK,2028-06-16
2026-01-21,GME,X,49,0,49,OSTK,2028-12-15
2026-01-21,GME,Z,1343,0,1175,OSTK,2026-01-23
2026-01-21,GME,Z,1183,0,1257,OSTK,2026-01-30
2026-01-21,GME,Z,610,0,372,OSTK,2026-02-06
2026-01-21,GME,Z,44,0,44,OSTK,2026-02-13
2026-01-21,GME,Z,793,0,791,OSTK,2026-02-20
2026-01-21,GME,Z,142,0,122,OSTK,2026-02-27
2026-01-21,GME,Z,535,0,535,OSTK,2026-03-20
2026-01-21,GME,Z,1010,0,1030,OSTK,2026-04-17
2026-01-21,GME,Z,16,0,16,OSTK,2026-06-18
2026-01-21,GME,Z,25,0,25,OSTK,2026-07-17
2026-01-21,GME,Z,1,0,1,OSTK,2026-09-18
2026-01-21,GME,Z,82,0,82,OSTK,2026-10-16
2026-01-21,GME,Z,5,0,5,OSTK,2026-12-18
2026-01-21,GME,Z,57,0,57,OSTK,2027-01-15
2026-01-21,GME,Z,9,0,9,OSTK,2027-09-17
2026-01-21,GME,Z,0,0,146,OSTK,2027-12-17
2026-01-21,GME,Z,27,0,429,OSTK,2028-01-21
2026-01-21,GME,Z,4,0,4,OSTK,2028-12-15
2026-01-22,GME,A,16101,108,16327,OSTK,2026-01-23
2026-01-22,GME,A,7757,82,7793,OSTK,2026-01-30
2026-01-22,GME,A,1337,10,1337,OSTK,2026-02-06
2026-01-22,GME,A,843,0,843,OSTK,2026-02-13
2026-01-22,GME,A,2028,48,2076,OSTK,2026-02-20
2026-01-22,GME,A,295,0,295,OSTK,2026-02-27
2026-01-22,GME,A,60,0,60,OSTK,2026-03-06
2026-01-22,GME,A,410,0,628,OSTK,2026-03-20
2026-01-22,GME,A,34,0,34,OSTK,2026-04-17
2026-01-22,GME,A,10,0,10,OSTK,2026-06-18
2026-01-22,GME,A,73,0,73,OSTK,2026-07-17
2026-01-22,GME,A,22,0,22,OSTK,2026-09-18
2026-01-22,GME,A,40,0,40,OSTK,2026-10-16
2026-01-22,GME,A,145,0,145,OSTK,2026-12-18
2026-01-22,GME,A,70,0,154,OSTK,2027-01-15
2026-01-22,GME,A,8,0,8,OSTK,2027-09-17
2026-01-22,GME,A,27,0,27,OSTK,2027-12-17
2026-01-22,GME,A,11,0,11,OSTK,2028-01-21
2026-01-22,GME,A,9,0,1,OSTK,2028-06-16
2026-01-22,GME,A,32,0,24,OSTK,2028-12-15
2026-01-22,GME,B,9579,30,9621,OSTK,2026-01-23
2026-01-22,GME,B,6756,78,7126,OSTK,2026-01-30
2026-01-22,GME,B,1274,0,1274,OSTK,2026-02-06
2026-01-22,GME,B,472,0,472,OSTK,2026-02-13
2026-01-22,GME,B,1632,452,2084,OSTK,2026-02-20
2026-01-22,GME,B,800,0,800,OSTK,2026-02-27
2026-01-22,GME,B,24,0,24,OSTK,2026-03-06
2026-01-22,GME,B,829,0,829,OSTK,2026-03-20
2026-01-22,GME,B,20,0,20,OSTK,2026-04-17
2026-01-22,GME,B,21,0,21,OSTK,2026-06-18
2026-01-22,GME,B,93,0,93,OSTK,2026-07-17
2026-01-22,GME,B,10,0,10,OSTK,2026-09-18
2026-01-22,GME,B,21,0,21,OSTK,2026-10-16
2026-01-22,GME,B,96,0,172,OSTK,2026-12-18
2026-01-22,GME,B,45,0,45,OSTK,2027-01-15
2026-01-22,GME,B,7,0,7,OSTK,2027-09-17
2026-01-22,GME,B,17,0,17,OSTK,2027-12-17
2026-01-22,GME,B,2,0,2,OSTK,2028-01-21
2026-01-22,GME,B,1,0,1,OSTK,2028-06-16
2026-01-22,GME,B,14,0,14,OSTK,2028-12-15
2026-01-22,GME,C,18026,84,16050,OSTK,2026-01-23
2026-01-22,GME,C,9819,26,9585,OSTK,2026-01-30
2026-01-22,GME,C,2826,0,2748,OSTK,2026-02-06
2026-01-22,GME,C,1484,0,1470,OSTK,2026-02-13
2026-01-22,GME,C,5054,0,5046,OSTK,2026-02-20
2026-01-22,GME,C,3178,0,3176,OSTK,2026-02-27
2026-01-22,GME,C,143,0,143,OSTK,2026-03-06
2026-01-22,GME,C,2352,0,2826,OSTK,2026-03-20
2026-01-22,GME,C,69,0,69,OSTK,2026-04-17
2026-01-22,GME,C,5,0,5,OSTK,2026-06-18
2026-01-22,GME,C,695,0,695,OSTK,2026-07-17
2026-01-22,GME,C,109,0,109,OSTK,2026-09-18
2026-01-22,GME,C,16,0,16,OSTK,2026-10-16
2026-01-22,GME,C,141,0,141,OSTK,2026-12-18
2026-01-22,GME,C,151,0,151,OSTK,2027-01-15
2026-01-22,GME,C,1,0,1,OSTK,2027-09-17
2026-01-22,GME,C,28,0,28,OSTK,2027-12-17
2026-01-22,GME,C,141,0,135,OSTK,2028-01-21
2026-01-22,GME,C,6,0,6,OSTK,2028-06-16
2026-01-22,GME,C,55,0,55,OSTK,2028-12-15
2026-01-22,GME,D,8736,121,8205,OSTK,2026-01-23
2026-01-22,GME,D,9205,132,8535,OSTK,2026-01-30
2026-01-22,GME,D,1526,0,1456,OSTK,2026-02-06
2026-01-22,GME,D,625,0,599,OSTK,2026-02-13
2026-01-22,GME,D,2562,0,2514,OSTK,2026-02-20
2026-01-22,GME,D,310,0,308,OSTK,2026-02-27
2026-01-22,GME,D,200,0,200,OSTK,2026-03-06
2026-01-22,GME,D,1110,0,1106,OSTK,2026-03-20
2026-01-22,GME,D,1302,0,1170,OSTK,2026-04-17
2026-01-22,GME,D,1658,0,1650,OSTK,2026-06-18
2026-01-22,GME,D,561,0,561,OSTK,2026-07-17
2026-01-22,GME,D,47,0,47,OSTK,2026-09-18
2026-01-22,GME,D,106,0,106,OSTK,2026-10-16
2026-01-22,GME,D,65,0,65,OSTK,2026-12-18
2026-01-22,GME,D,616,0,574,OSTK,2027-01-15
2026-01-22,GME,D,13,0,13,OSTK,2027-09-17
2026-01-22,GME,D,108,0,98,OSTK,2027-12-17
2026-01-22,GME,D,136,0,136,OSTK,2028-01-21
2026-01-22,GME,D,2,0,2,OSTK,2028-06-16
2026-01-22,GME,D,238,0,238,OSTK,2028-12-15
2026-01-22,GME,E,21737,85,21776,OSTK,2026-01-23
2026-01-22,GME,E,19647,26,19735,OSTK,2026-01-30
2026-01-22,GME,E,491,0,493,OSTK,2026-02-06
2026-01-22,GME,E,270,0,270,OSTK,2026-02-13
2026-01-22,GME,E,1781,0,1785,OSTK,2026-02-20
2026-01-22,GME,E,187,0,187,OSTK,2026-02-27
2026-01-22,GME,E,13,0,13,OSTK,2026-03-06
2026-01-22,GME,E,517,0,517,OSTK,2026-03-20
2026-01-22,GME,E,95,0,95,OSTK,2026-04-17
2026-01-22,GME,E,1,0,1,OSTK,2026-06-18
2026-01-22,GME,E,24,0,24,OSTK,2026-07-17
2026-01-22,GME,E,3,0,3,OSTK,2026-10-16
2026-01-22,GME,E,32,0,32,OSTK,2026-12-18
2026-01-22,GME,E,22,0,22,OSTK,2027-01-15
2026-01-22,GME,E,27,0,27,OSTK,2027-12-17
2026-01-22,GME,E,27,0,27,OSTK,2028-01-21
2026-01-22,GME,E,17,0,17,OSTK,2028-06-16
2026-01-22,GME,E,5,0,5,OSTK,2028-12-15
2026-01-22,GME,H,6347,58,5603,OSTK,2026-01-23
2026-01-22,GME,H,5428,51,4079,OSTK,2026-01-30
2026-01-22,GME,H,902,0,818,OSTK,2026-02-06
2026-01-22,GME,H,210,0,208,OSTK,2026-02-13
2026-01-22,GME,H,2426,0,2250,OSTK,2026-02-20
2026-01-22,GME,H,454,0,436,OSTK,2026-02-27
2026-01-22,GME,H,132,0,132,OSTK,2026-03-06
2026-01-22,GME,H,602,0,598,OSTK,2026-03-20
2026-01-22,GME,H,42,0,42,OSTK,2026-04-17
2026-01-22,GME,H,46,0,46,OSTK,2026-06-18
2026-01-22,GME,H,38,0,38,OSTK,2026-07-17
2026-01-22,GME,H,23,0,23,OSTK,2026-09-18
2026-01-22,GME,H,373,0,371,OSTK,2026-10-16
2026-01-22,GME,H,48,0,48,OSTK,2026-12-18
2026-01-22,GME,H,18,0,18,OSTK,2027-01-15
2026-01-22,GME,H,6,0,6,OSTK,2027-09-17
2026-01-22,GME,H,13,0,13,OSTK,2027-12-17
2026-01-22,GME,H,107,0,107,OSTK,2028-01-21
2026-01-22,GME,H,17,0,17,OSTK,2028-06-16
2026-01-22,GME,H,211,0,211,OSTK,2028-12-15
2026-01-22,GME,I,6947,107,6506,OSTK,2026-01-23
2026-01-22,GME,I,4985,23,4692,OSTK,2026-01-30
2026-01-22,GME,I,914,0,920,OSTK,2026-02-06
2026-01-22,GME,I,313,0,313,OSTK,2026-02-13
2026-01-22,GME,I,2167,0,2175,OSTK,2026-02-20
2026-01-22,GME,I,470,0,470,OSTK,2026-02-27
2026-01-22,GME,I,77,0,77,OSTK,2026-03-06
2026-01-22,GME,I,510,0,510,OSTK,2026-03-20
2026-01-22,GME,I,32,0,32,OSTK,2026-04-17
2026-01-22,GME,I,314,179,475,OSTK,2026-06-18
2026-01-22,GME,I,151,0,151,OSTK,2026-07-17
2026-01-22,GME,I,55,0,55,OSTK,2026-09-18
2026-01-22,GME,I,124,0,124,OSTK,2026-10-16
2026-01-22,GME,I,178,0,178,OSTK,2026-12-18
2026-01-22,GME,I,64,0,64,OSTK,2027-01-15
2026-01-22,GME,I,41,0,41,OSTK,2027-09-17
2026-01-22,GME,I,120,0,120,OSTK,2027-12-17
2026-01-22,GME,I,162,0,160,OSTK,2028-01-21
2026-01-22,GME,I,4,0,4,OSTK,2028-12-15
2026-01-22,GME,J,9734,33,6453,OSTK,2026-01-23
2026-01-22,GME,J,6099,0,4783,OSTK,2026-01-30
2026-01-22,GME,J,873,22,781,OSTK,2026-02-06
2026-01-22,GME,J,439,0,429,OSTK,2026-02-13
2026-01-22,GME,J,1555,0,1409,OSTK,2026-02-20
2026-01-22,GME,J,256,0,216,OSTK,2026-02-27
2026-01-22,GME,J,25,0,25,OSTK,2026-03-06
2026-01-22,GME,J,392,0,390,OSTK,2026-03-20
2026-01-22,GME,J,18,0,18,OSTK,2026-04-17
2026-01-22,GME,J,439,227,664,OSTK,2026-06-18
2026-01-22,GME,J,344,0,342,OSTK,2026-07-17
2026-01-22,GME,J,79,0,79,OSTK,2026-09-18
2026-01-22,GME,J,141,0,139,OSTK,2026-10-16
2026-01-22,GME,J,3,0,3,OSTK,2026-12-18
2026-01-22,GME,J,2,0,2,OSTK,2027-01-15
2026-01-22,GME,J,3,0,3,OSTK,2027-09-17
2026-01-22,GME,J,14,0,14,OSTK,2027-12-17
2026-01-22,GME,J,12,0,12,OSTK,2028-01-21
2026-01-22,GME,J,6,0,6,OSTK,2028-12-15
2026-01-22,GME,L,7465,0,7119,OSTK,2026-01-23
2026-01-22,GME,L,5246,1,5069,OSTK,2026-01-30
2026-01-22,GME,L,1216,0,774,OSTK,2026-02-06
2026-01-22,GME,L,378,0,212,OSTK,2026-02-13
2026-01-22,GME,L,2601,0,2533,OSTK,2026-02-20
2026-01-22,GME,L,281,0,263,OSTK,2026-02-27
2026-01-22,GME,L,44,0,42,OSTK,2026-03-06
2026-01-22,GME,L,853,0,853,OSTK,2026-03-20
2026-01-22,GME,L,1632,5,1607,OSTK,2026-04-17
2026-01-22,GME,L,512,0,512,OSTK,2026-06-18
2026-01-22,GME,L,238,0,238,OSTK,2026-07-17
2026-01-22,GME,L,55,0,55,OSTK,2026-09-18
2026-01-22,GME,L,289,0,289,OSTK,2026-10-16
2026-01-22,GME,L,3,0,15,OSTK,2026-12-18
2026-01-22,GME,L,1269,0,1247,OSTK,2027-01-15
2026-01-22,GME,L,28,0,26,OSTK,2027-09-17
2026-01-22,GME,L,33,0,37,OSTK,2027-12-17
2026-01-22,GME,L,187,0,1033,OSTK,2028-01-21
2026-01-22,GME,L,28,0,42,OSTK,2028-12-15
2026-01-22,GME,M,20902,77,21003,OSTK,2026-01-23
2026-01-22,GME,M,9944,11,10257,OSTK,2026-01-30
2026-01-22,GME,M,2967,0,2965,OSTK,2026-02-06
2026-01-22,GME,M,545,0,545,OSTK,2026-02-13
2026-01-22,GME,M,3851,0,3857,OSTK,2026-02-20
2026-01-22,GME,M,589,0,591,OSTK,2026-02-27
2026-01-22,GME,M,173,0,173,OSTK,2026-03-06
2026-01-22,GME,M,1753,0,1753,OSTK,2026-03-20
2026-01-22,GME,M,1637,0,1945,OSTK,2026-04-17
2026-01-22,GME,M,1080,570,1650,OSTK,2026-06-18
2026-01-22,GME,M,133,0,133,OSTK,2026-07-17
2026-01-22,GME,M,30,0,30,OSTK,2026-09-18
2026-01-22,GME,M,171,0,171,OSTK,2026-10-16
2026-01-22,GME,M,33,0,43,OSTK,2026-12-18
2026-01-22,GME,M,225,0,225,OSTK,2027-01-15
2026-01-22,GME,M,12,0,12,OSTK,2027-09-17
2026-01-22,GME,M,115,0,103,OSTK,2027-12-17
2026-01-22,GME,M,177,0,165,OSTK,2028-01-21
2026-01-22,GME,M,49,0,39,OSTK,2028-06-16
2026-01-22,GME,M,132,0,122,OSTK,2028-12-15
2026-01-22,GME,P,18100,69,14603,OSTK,2026-01-23
2026-01-22,GME,P,9664,7,8789,OSTK,2026-01-30
2026-01-22,GME,P,1447,20,1377,OSTK,2026-02-06
2026-01-22,GME,P,955,0,839,OSTK,2026-02-13
2026-01-22,GME,P,2830,0,2734,OSTK,2026-02-20
2026-01-22,GME,P,474,0,422,OSTK,2026-02-27
2026-01-22,GME,P,79,0,53,OSTK,2026-03-06
2026-01-22,GME,P,1542,0,1520,OSTK,2026-03-20
2026-01-22,GME,P,19,0,19,OSTK,2026-04-17
2026-01-22,GME,P,18,0,18,OSTK,2026-06-18
2026-01-22,GME,P,450,0,446,OSTK,2026-07-17
2026-01-22,GME,P,138,0,138,OSTK,2026-09-18
2026-01-22,GME,P,299,0,293,OSTK,2026-10-16
2026-01-22,GME,P,112,0,110,OSTK,2026-12-18
2026-01-22,GME,P,56,0,232,OSTK,2027-01-15
2026-01-22,GME,P,2,0,2,OSTK,2027-09-17
2026-01-22,GME,P,84,0,84,OSTK,2027-12-17
2026-01-22,GME,P,163,0,163,OSTK,2028-01-21
2026-01-22,GME,P,56,0,62,OSTK,2028-06-16
2026-01-22,GME,P,239,0,243,OSTK,2028-12-15
2026-01-22,GME,Q,2799,766,4233,OSTK,2026-01-23
2026-01-22,GME,Q,1730,64,2442,OSTK,2026-01-30
2026-01-22,GME,Q,107,1,520,OSTK,2026-02-06
2026-01-22,GME,Q,189,0,397,OSTK,2026-02-13
2026-01-22,GME,Q,111,0,1163,OSTK,2026-02-20
2026-01-22,GME,Q,141,0,201,OSTK,2026-02-27
2026-01-22,GME,Q,3,0,3,OSTK,2026-03-06
2026-01-22,GME,Q,28,300,336,OSTK,2026-03-20
2026-01-22,GME,Q,170,0,2496,OSTK,2026-04-17
2026-01-22,GME,Q,1,0,19,OSTK,2026-06-18
2026-01-22,GME,Q,9,0,63,OSTK,2026-07-17
2026-01-22,GME,Q,0,0,2,OSTK,2026-09-18
2026-01-22,GME,Q,2,0,64,OSTK,2026-10-16
2026-01-22,GME,Q,1,0,25,OSTK,2026-12-18
2026-01-22,GME,Q,6,0,0,OSTK,2027-01-15
2026-01-22,GME,Q,15,0,15,OSTK,2027-09-17
2026-01-22,GME,Q,3,0,1,OSTK,2027-12-17
2026-01-22,GME,Q,264,0,748,OSTK,2028-01-21
2026-01-22,GME,Q,94,0,94,OSTK,2028-12-15
2026-01-22,GME,R,7035,45,7826,OSTK,2026-01-23
2026-01-22,GME,R,3483,38,3747,OSTK,2026-01-30
2026-01-22,GME,R,858,6,1048,OSTK,2026-02-06
2026-01-22,GME,R,462,0,456,OSTK,2026-02-13
2026-01-22,GME,R,2728,1,3007,OSTK,2026-02-20
2026-01-22,GME,R,241,0,237,OSTK,2026-02-27
2026-01-22,GME,R,124,0,124,OSTK,2026-03-06
2026-01-22,GME,R,726,0,804,OSTK,2026-03-20
2026-01-22,GME,R,1862,0,1836,OSTK,2026-04-17
2026-01-22,GME,R,187,0,187,OSTK,2026-06-18
2026-01-22,GME,R,130,0,130,OSTK,2026-07-17
2026-01-22,GME,R,20,0,20,OSTK,2026-09-18
2026-01-22,GME,R,43,0,43,OSTK,2026-10-16
2026-01-22,GME,R,36,0,136,OSTK,2026-12-18
2026-01-22,GME,R,178,0,178,OSTK,2027-01-15
2026-01-22,GME,R,11,0,11,OSTK,2027-09-17
2026-01-22,GME,R,0,4,6,OSTK,2027-12-17
2026-01-22,GME,R,175,0,283,OSTK,2028-01-21
2026-01-22,GME,R,12,0,12,OSTK,2028-12-15
2026-01-22,GME,T,2521,49,2688,OSTK,2026-01-23
2026-01-22,GME,T,2564,83,2667,OSTK,2026-01-30
2026-01-22,GME,T,490,0,552,OSTK,2026-02-06
2026-01-22,GME,T,20,0,22,OSTK,2026-02-13
2026-01-22,GME,T,111,0,125,OSTK,2026-02-20
2026-01-22,GME,T,33,0,33,OSTK,2026-02-27
2026-01-22,GME,T,7,0,7,OSTK,2026-03-20
2026-01-22,GME,T,81,0,95,OSTK,2026-04-17
2026-01-22,GME,T,1,0,1,OSTK,2026-06-18
2026-01-22,GME,T,1,0,1,OSTK,2026-07-17
2026-01-22,GME,T,9,0,9,OSTK,2026-09-18
2026-01-22,GME,T,5,0,7,OSTK,2026-10-16
2026-01-22,GME,T,1,0,5,OSTK,2026-12-18
2026-01-22,GME,T,6,0,0,OSTK,2027-01-15
2026-01-22,GME,T,12,0,12,OSTK,2027-12-17
2026-01-22,GME,T,20,0,370,OSTK,2028-01-21
2026-01-22,GME,T,0,0,6,OSTK,2028-12-15
2026-01-22,GME,U,7714,51,9113,OSTK,2026-01-23
2026-01-22,GME,U,2832,51,3337,OSTK,2026-01-30
2026-01-22,GME,U,804,52,1002,OSTK,2026-02-06
2026-01-22,GME,U,197,12,191,OSTK,2026-02-13
2026-01-22,GME,U,1220,16,1426,OSTK,2026-02-20
2026-01-22,GME,U,413,0,351,OSTK,2026-02-27
2026-01-22,GME,U,22,0,22,OSTK,2026-03-06
2026-01-22,GME,U,829,0,1131,OSTK,2026-03-20
2026-01-22,GME,U,22,0,398,OSTK,2026-04-17
2026-01-22,GME,U,53,0,31,OSTK,2026-06-18
2026-01-22,GME,U,202,0,202,OSTK,2026-07-17
2026-01-22,GME,U,63,0,45,OSTK,2026-09-18
2026-01-22,GME,U,210,0,210,OSTK,2026-10-16
2026-01-22,GME,U,80,0,80,OSTK,2026-12-18
2026-01-22,GME,U,121,0,119,OSTK,2027-01-15
2026-01-22,GME,U,4,0,4,OSTK,2027-09-17
2026-01-22,GME,U,19,0,17,OSTK,2027-12-17
2026-01-22,GME,U,1,0,1,OSTK,2028-01-21
2026-01-22,GME,U,10,0,10,OSTK,2028-06-16
2026-01-22,GME,U,5,0,5,OSTK,2028-12-15
2026-01-22,GME,W,3735,261,5322,OSTK,2026-01-23
2026-01-22,GME,W,2219,138,2545,OSTK,2026-01-30
2026-01-22,GME,W,273,79,354,OSTK,2026-02-06
2026-01-22,GME,W,318,10,328,OSTK,2026-02-13
2026-01-22,GME,W,682,7,693,OSTK,2026-02-20
2026-01-22,GME,W,202,0,202,OSTK,2026-02-27
2026-01-22,GME,W,24,0,24,OSTK,2026-03-06
2026-01-22,GME,W,256,0,262,OSTK,2026-03-20
2026-01-22,GME,W,426,0,360,OSTK,2026-04-17
2026-01-22,GME,W,208,34,242,OSTK,2026-06-18
2026-01-22,GME,W,123,0,123,OSTK,2026-07-17
2026-01-22,GME,W,1,0,1,OSTK,2026-09-18
2026-01-22,GME,W,39,0,39,OSTK,2026-10-16
2026-01-22,GME,W,4,0,4,OSTK,2026-12-18
2026-01-22,GME,W,18,0,16,OSTK,2027-01-15
2026-01-22,GME,W,87,12,99,OSTK,2027-12-17
2026-01-22,GME,W,35,0,35,OSTK,2028-01-21
2026-01-22,GME,W,4,0,4,OSTK,2028-12-15
2026-01-22,GME,X,38067,30,35973,OSTK,2026-01-23
2026-01-22,GME,X,14459,15,12930,OSTK,2026-01-30
2026-01-22,GME,X,4339,12,4279,OSTK,2026-02-06
2026-01-22,GME,X,1085,0,1031,OSTK,2026-02-13
2026-01-22,GME,X,5218,0,5068,OSTK,2026-02-20
2026-01-22,GME,X,676,0,634,OSTK,2026-02-27
2026-01-22,GME,X,284,0,284,OSTK,2026-03-06
2026-01-22,GME,X,2354,0,2962,OSTK,2026-03-20
2026-01-22,GME,X,53,0,53,OSTK,2026-04-17
2026-01-22,GME,X,28,0,26,OSTK,2026-06-18
2026-01-22,GME,X,325,0,325,OSTK,2026-07-17
2026-01-22,GME,X,42,0,42,OSTK,2026-09-18
2026-01-22,GME,X,3,0,3,OSTK,2026-10-16
2026-01-22,GME,X,134,0,134,OSTK,2026-12-18
2026-01-22,GME,X,88,0,296,OSTK,2027-01-15
2026-01-22,GME,X,17,0,17,OSTK,2027-09-17
2026-01-22,GME,X,179,0,179,OSTK,2027-12-17
2026-01-22,GME,X,16,0,16,OSTK,2028-01-21
2026-01-22,GME,X,0,0,20,OSTK,2028-06-16
2026-01-22,GME,X,56,0,54,OSTK,2028-12-15
2026-01-22,GME,Z,6646,109,6643,OSTK,2026-01-23
2026-01-22,GME,Z,3173,76,2933,OSTK,2026-01-30
2026-01-22,GME,Z,1524,17,1539,OSTK,2026-02-06
2026-01-22,GME,Z,629,0,629,OSTK,2026-02-13
2026-01-22,GME,Z,1008,4,1350,OSTK,2026-02-20
2026-01-22,GME,Z,245,0,243,OSTK,2026-02-27
2026-01-22,GME,Z,121,0,121,OSTK,2026-03-06
2026-01-22,GME,Z,464,0,462,OSTK,2026-03-20
2026-01-22,GME,Z,3,0,3,OSTK,2026-04-17
2026-01-22,GME,Z,7,0,7,OSTK,2026-06-18
2026-01-22,GME,Z,80,0,72,OSTK,2026-07-17
2026-01-22,GME,Z,51,0,51,OSTK,2026-09-18
2026-01-22,GME,Z,23,0,23,OSTK,2026-10-16
2026-01-22,GME,Z,1,0,29,OSTK,2026-12-18
2026-01-22,GME,Z,87,0,17,OSTK,2027-01-15
2026-01-22,GME,Z,11,0,11,OSTK,2027-09-17
2026-01-22,GME,Z,4,0,4,OSTK,2027-12-17
2026-01-22,GME,Z,6,0,6,OSTK,2028-01-21
2026-01-22,GME,Z,9,0,9,OSTK,2028-12-15
2026-01-23,GME,A,8583,27,8534,OSTK,2026-01-23
2026-01-23,GME,A,8310,19,8517,OSTK,2026-01-30
2026-01-23,GME,A,1104,0,1104,OSTK,2026-02-06
2026-01-23,GME,A,256,0,254,OSTK,2026-02-13
2026-01-23,GME,A,1323,0,1843,OSTK,2026-02-20
2026-01-23,GME,A,107,0,107,OSTK,2026-02-27
2026-01-23,GME,A,163,0,163,OSTK,2026-03-06
2026-01-23,GME,A,471,0,473,OSTK,2026-03-20
2026-01-23,GME,A,27,0,27,OSTK,2026-04-17
2026-01-23,GME,A,2,0,2,OSTK,2026-06-18
2026-01-23,GME,A,5,0,5,OSTK,2026-07-17
2026-01-23,GME,A,45,0,45,OSTK,2026-09-18
2026-01-23,GME,A,1,0,1,OSTK,2026-10-16
2026-01-23,GME,A,75,0,75,OSTK,2026-12-18
2026-01-23,GME,A,50,0,50,OSTK,2027-01-15
2026-01-23,GME,A,35,0,35,OSTK,2027-09-17
2026-01-23,GME,A,4,0,4,OSTK,2027-12-17
2026-01-23,GME,A,40,0,40,OSTK,2028-01-21
2026-01-23,GME,A,5,0,5,OSTK,2028-06-16
2026-01-23,GME,A,25,0,25,OSTK,2028-12-15
2026-01-23,GME,B,6149,0,6093,OSTK,2026-01-23
2026-01-23,GME,B,4833,7,4994,OSTK,2026-01-30
2026-01-23,GME,B,965,0,965,OSTK,2026-02-06
2026-01-23,GME,B,384,0,384,OSTK,2026-02-13
2026-01-23,GME,B,828,0,902,OSTK,2026-02-20
2026-01-23,GME,B,283,0,283,OSTK,2026-02-27
2026-01-23,GME,B,80,0,80,OSTK,2026-03-06
2026-01-23,GME,B,1046,0,1046,OSTK,2026-03-20
2026-01-23,GME,B,20,0,20,OSTK,2026-04-17
2026-01-23,GME,B,54,0,54,OSTK,2026-06-18
2026-01-23,GME,B,189,0,189,OSTK,2026-07-17
2026-01-23,GME,B,23,0,23,OSTK,2026-09-18
2026-01-23,GME,B,45,0,45,OSTK,2026-10-16
2026-01-23,GME,B,16,0,16,OSTK,2026-12-18
2026-01-23,GME,B,172,0,172,OSTK,2027-01-15
2026-01-23,GME,B,12,0,12,OSTK,2027-09-17
2026-01-23,GME,B,4,0,4,OSTK,2027-12-17
2026-01-23,GME,B,135,0,135,OSTK,2028-01-21
2026-01-23,GME,B,11,0,11,OSTK,2028-12-15
2026-01-23,GME,C,18805,0,18007,OSTK,2026-01-23
2026-01-23,GME,C,17072,0,16472,OSTK,2026-01-30
2026-01-23,GME,C,2057,0,2041,OSTK,2026-02-06
2026-01-23,GME,C,585,0,555,OSTK,2026-02-13
2026-01-23,GME,C,1768,0,1756,OSTK,2026-02-20
2026-01-23,GME,C,378,0,358,OSTK,2026-02-27
2026-01-23,GME,C,239,0,239,OSTK,2026-03-06
2026-01-23,GME,C,934,1,925,OSTK,2026-03-20
2026-01-23,GME,C,201,0,201,OSTK,2026-04-17
2026-01-23,GME,C,10,0,8,OSTK,2026-06-18
2026-01-23,GME,C,93,0,93,OSTK,2026-07-17
2026-01-23,GME,C,93,0,93,OSTK,2026-09-18
2026-01-23,GME,C,17,0,17,OSTK,2026-10-16
2026-01-23,GME,C,82,0,82,OSTK,2026-12-18
2026-01-23,GME,C,144,0,142,OSTK,2027-01-15
2026-01-23,GME,C,3,0,3,OSTK,2027-09-17
2026-01-23,GME,C,2,0,2,OSTK,2027-12-17
2026-01-23,GME,C,3,0,3,OSTK,2028-01-21
2026-01-23,GME,C,22,0,22,OSTK,2028-12-15
2026-01-23,GME,D,8155,0,6877,OSTK,2026-01-23
2026-01-23,GME,D,5678,32,6058,OSTK,2026-01-30
2026-01-23,GME,D,1121,0,1061,OSTK,2026-02-06
2026-01-23,GME,D,469,0,415,OSTK,2026-02-13
2026-01-23,GME,D,1165,0,1091,OSTK,2026-02-20
2026-01-23,GME,D,157,0,157,OSTK,2026-02-27
2026-01-23,GME,D,53,0,53,OSTK,2026-03-06
2026-01-23,GME,D,1249,0,791,OSTK,2026-03-20
2026-01-23,GME,D,1080,0,1054,OSTK,2026-04-17
2026-01-23,GME,D,129,0,127,OSTK,2026-06-18
2026-01-23,GME,D,56,0,56,OSTK,2026-07-17
2026-01-23,GME,D,24,0,24,OSTK,2026-09-18
2026-01-23,GME,D,34,0,34,OSTK,2026-10-16
2026-01-23,GME,D,7,0,7,OSTK,2026-12-18
2026-01-23,GME,D,388,0,374,OSTK,2027-01-15
2026-01-23,GME,D,24,0,24,OSTK,2027-09-17
2026-01-23,GME,D,27,0,27,OSTK,2027-12-17
2026-01-23,GME,D,118,0,118,OSTK,2028-01-21
2026-01-23,GME,D,26,0,26,OSTK,2028-12-15
2026-01-23,GME,E,4248,6,4228,OSTK,2026-01-23
2026-01-23,GME,E,3660,0,3834,OSTK,2026-01-30
2026-01-23,GME,E,770,0,770,OSTK,2026-02-06
2026-01-23,GME,E,294,0,294,OSTK,2026-02-13
2026-01-23,GME,E,335,0,357,OSTK,2026-02-20
2026-01-23,GME,E,8,0,8,OSTK,2026-02-27
2026-01-23,GME,E,18,0,18,OSTK,2026-03-06
2026-01-23,GME,E,1076,0,1084,OSTK,2026-03-20
2026-01-23,GME,E,326,0,326,OSTK,2026-04-17
2026-01-23,GME,E,138,0,138,OSTK,2026-06-18
2026-01-23,GME,E,14,0,14,OSTK,2026-07-17
2026-01-23,GME,E,12,0,12,OSTK,2026-09-18
2026-01-23,GME,E,2,0,2,OSTK,2026-10-16
2026-01-23,GME,E,8,0,8,OSTK,2026-12-18
2026-01-23,GME,E,76,0,76,OSTK,2027-01-15
2026-01-23,GME,E,25,0,25,OSTK,2027-09-17
2026-01-23,GME,E,5,0,5,OSTK,2027-12-17
2026-01-23,GME,E,1,0,1,OSTK,2028-12-15
2026-01-23,GME,H,7126,0,6050,OSTK,2026-01-23
2026-01-23,GME,H,3211,0,2691,OSTK,2026-01-30
2026-01-23,GME,H,607,0,553,OSTK,2026-02-06
2026-01-23,GME,H,199,0,185,OSTK,2026-02-13
2026-01-23,GME,H,620,0,564,OSTK,2026-02-20
2026-01-23,GME,H,169,0,157,OSTK,2026-02-27
2026-01-23,GME,H,127,0,109,OSTK,2026-03-06
2026-01-23,GME,H,567,0,521,OSTK,2026-03-20
2026-01-23,GME,H,1,0,1,OSTK,2026-04-17
2026-01-23,GME,H,1,0,1,OSTK,2026-06-18
2026-01-23,GME,H,15,0,15,OSTK,2026-07-17
2026-01-23,GME,H,8,0,8,OSTK,2026-09-18
2026-01-23,GME,H,132,0,128,OSTK,2026-10-16
2026-01-23,GME,H,22,0,22,OSTK,2026-12-18
2026-01-23,GME,H,5,0,5,OSTK,2027-01-15
2026-01-23,GME,H,5,0,5,OSTK,2027-09-17
2026-01-23,GME,H,1,0,1,OSTK,2027-12-17
2026-01-23,GME,H,163,0,163,OSTK,2028-01-21
2026-01-23,GME,I,5905,0,5721,OSTK,2026-01-23
2026-01-23,GME,I,6206,15,6139,OSTK,2026-01-30
2026-01-23,GME,I,1561,0,1557,OSTK,2026-02-06
2026-01-23,GME,I,384,0,384,OSTK,2026-02-13
2026-01-23,GME,I,1361,3,1424,OSTK,2026-02-20
2026-01-23,GME,I,176,0,176,OSTK,2026-02-27
2026-01-23,GME,I,41,0,41,OSTK,2026-03-06
2026-01-23,GME,I,410,0,340,OSTK,2026-03-20
2026-01-23,GME,I,20,0,20,OSTK,2026-04-17
2026-01-23,GME,I,200,0,200,OSTK,2026-06-18
2026-01-23,GME,I,68,0,68,OSTK,2026-07-17
2026-01-23,GME,I,37,0,37,OSTK,2026-09-18
2026-01-23,GME,I,20,0,20,OSTK,2026-10-16
2026-01-23,GME,I,142,0,142,OSTK,2026-12-18
2026-01-23,GME,I,10,0,10,OSTK,2027-01-15
2026-01-23,GME,I,56,0,56,OSTK,2027-09-17
2026-01-23,GME,I,4,0,4,OSTK,2027-12-17
2026-01-23,GME,I,7,0,7,OSTK,2028-01-21
2026-01-23,GME,I,8,0,0,OSTK,2028-06-16
2026-01-23,GME,J,13276,3,5361,OSTK,2026-01-23
2026-01-23,GME,J,4402,0,3044,OSTK,2026-01-30
2026-01-23,GME,J,1112,0,1020,OSTK,2026-02-06
2026-01-23,GME,J,171,0,167,OSTK,2026-02-13
2026-01-23,GME,J,470,0,372,OSTK,2026-02-20
2026-01-23,GME,J,116,0,116,OSTK,2026-02-27
2026-01-23,GME,J,9,0,9,OSTK,2026-03-06
2026-01-23,GME,J,268,0,242,OSTK,2026-03-20
2026-01-23,GME,J,1365,1,368,OSTK,2026-04-17
2026-01-23,GME,J,223,0,223,OSTK,2026-06-18
2026-01-23,GME,J,215,0,215,OSTK,2026-07-17
2026-01-23,GME,J,6,0,6,OSTK,2026-09-18
2026-01-23,GME,J,1,0,1,OSTK,2026-10-16
2026-01-23,GME,J,8,0,20,OSTK,2026-12-18
2026-01-23,GME,J,75,0,75,OSTK,2027-01-15
2026-01-23,GME,J,1,0,1,OSTK,2027-09-17
2026-01-23,GME,J,50,0,50,OSTK,2027-12-17
2026-01-23,GME,J,83,0,81,OSTK,2028-01-21
2026-01-23,GME,L,7614,0,6848,OSTK,2026-01-23
2026-01-23,GME,L,9707,8,9735,OSTK,2026-01-30
2026-01-23,GME,L,1400,0,1374,OSTK,2026-02-06
2026-01-23,GME,L,51,0,47,OSTK,2026-02-13
2026-01-23,GME,L,1266,0,1342,OSTK,2026-02-20
2026-01-23,GME,L,109,0,109,OSTK,2026-02-27
2026-01-23,GME,L,13,0,11,OSTK,2026-03-06
2026-01-23,GME,L,357,0,331,OSTK,2026-03-20
2026-01-23,GME,L,1316,0,1300,OSTK,2026-04-17
2026-01-23,GME,L,802,0,804,OSTK,2026-06-18
2026-01-23,GME,L,59,0,59,OSTK,2026-07-17
2026-01-23,GME,L,20,0,20,OSTK,2026-09-18
2026-01-23,GME,L,194,0,194,OSTK,2026-10-16
2026-01-23,GME,L,5,0,5,OSTK,2026-12-18
2026-01-23,GME,L,323,0,319,OSTK,2027-01-15
2026-01-23,GME,L,25,0,25,OSTK,2028-01-21
2026-01-23,GME,M,16378,0,16300,OSTK,2026-01-23
2026-01-23,GME,M,9667,149,9808,OSTK,2026-01-30
2026-01-23,GME,M,2210,0,2216,OSTK,2026-02-06
2026-01-23,GME,M,750,0,750,OSTK,2026-02-13
2026-01-23,GME,M,1464,0,1494,OSTK,2026-02-20
2026-01-23,GME,M,134,0,134,OSTK,2026-02-27
2026-01-23,GME,M,86,0,86,OSTK,2026-03-06
2026-01-23,GME,M,551,0,551,OSTK,2026-03-20
2026-01-23,GME,M,764,0,764,OSTK,2026-04-17
2026-01-23,GME,M,242,0,242,OSTK,2026-06-18
2026-01-23,GME,M,328,0,328,OSTK,2026-07-17
2026-01-23,GME,M,14,0,14,OSTK,2026-09-18
2026-01-23,GME,M,34,0,34,OSTK,2026-10-16
2026-01-23,GME,M,70,0,70,OSTK,2026-12-18
2026-01-23,GME,M,251,0,251,OSTK,2027-01-15
2026-01-23,GME,M,22,0,22,OSTK,2027-09-17
2026-01-23,GME,M,71,0,67,OSTK,2027-12-17
2026-01-23,GME,M,92,0,88,OSTK,2028-01-21
2026-01-23,GME,M,65,0,65,OSTK,2028-12-15
2026-01-23,GME,P,14232,0,10022,OSTK,2026-01-23
2026-01-23,GME,P,8344,36,7324,OSTK,2026-01-30
2026-01-23,GME,P,1591,0,1491,OSTK,2026-02-06
2026-01-23,GME,P,344,0,338,OSTK,2026-02-13
2026-01-23,GME,P,2113,0,2165,OSTK,2026-02-20
2026-01-23,GME,P,311,0,311,OSTK,2026-02-27
2026-01-23,GME,P,54,0,54,OSTK,2026-03-06
2026-01-23,GME,P,818,0,706,OSTK,2026-03-20
2026-01-23,GME,P,14,0,14,OSTK,2026-04-17
2026-01-23,GME,P,480,0,478,OSTK,2026-06-18
2026-01-23,GME,P,64,0,64,OSTK,2026-07-17
2026-01-23,GME,P,14,0,12,OSTK,2026-09-18
2026-01-23,GME,P,61,0,59,OSTK,2026-10-16
2026-01-23,GME,P,26,0,26,OSTK,2026-12-18
2026-01-23,GME,P,10,0,10,OSTK,2027-01-15
2026-01-23,GME,P,36,0,36,OSTK,2027-09-17
2026-01-23,GME,P,2,0,2,OSTK,2027-12-17
2026-01-23,GME,P,5,0,5,OSTK,2028-01-21
2026-01-23,GME,P,47,0,47,OSTK,2028-06-16
2026-01-23,GME,P,8,0,8,OSTK,2028-12-15
2026-01-23,GME,Q,1759,6,1681,OSTK,2026-01-23
2026-01-23,GME,Q,4225,1,4876,OSTK,2026-01-30
2026-01-23,GME,Q,108,0,114,OSTK,2026-02-06
2026-01-23,GME,Q,326,0,366,OSTK,2026-02-13
2026-01-23,GME,Q,228,0,468,OSTK,2026-02-20
2026-01-23,GME,Q,1,0,33,OSTK,2026-02-27
2026-01-23,GME,Q,300,0,302,OSTK,2026-03-06
2026-01-23,GME,Q,7,0,31,OSTK,2026-03-20
2026-01-23,GME,Q,30,0,30,OSTK,2026-04-17
2026-01-23,GME,Q,3,0,79,OSTK,2026-06-18
2026-01-23,GME,Q,0,0,12,OSTK,2026-09-18
2026-01-23,GME,Q,0,0,64,OSTK,2026-10-16
2026-01-23,GME,Q,50,0,56,OSTK,2027-01-15
2026-01-23,GME,Q,2,0,2,OSTK,2027-09-17
2026-01-23,GME,Q,1,0,1,OSTK,2027-12-17
2026-01-23,GME,Q,1,0,1,OSTK,2028-06-16
2026-01-23,GME,R,5210,0,4112,OSTK,2026-01-23
2026-01-23,GME,R,3329,29,3600,OSTK,2026-01-30
2026-01-23,GME,R,953,0,879,OSTK,2026-02-06
2026-01-23,GME,R,217,0,275,OSTK,2026-02-13
2026-01-23,GME,R,835,0,1005,OSTK,2026-02-20
2026-01-23,GME,R,135,0,145,OSTK,2026-02-27
2026-01-23,GME,R,43,0,43,OSTK,2026-03-06
2026-01-23,GME,R,1134,0,1138,OSTK,2026-03-20
2026-01-23,GME,R,1335,0,1337,OSTK,2026-04-17
2026-01-23,GME,R,414,0,426,OSTK,2026-06-18
2026-01-23,GME,R,101,0,101,OSTK,2026-07-17
2026-01-23,GME,R,8,0,8,OSTK,2026-09-18
2026-01-23,GME,R,41,0,43,OSTK,2026-10-16
2026-01-23,GME,R,5,0,5,OSTK,2026-12-18
2026-01-23,GME,R,35,0,35,OSTK,2027-01-15
2026-01-23,GME,R,15,0,15,OSTK,2027-09-17
2026-01-23,GME,R,45,0,45,OSTK,2028-01-21
2026-01-23,GME,R,2,0,2,OSTK,2028-12-15
2026-01-23,GME,T,2306,65,2355,OSTK,2026-01-23
2026-01-23,GME,T,2095,0,2293,OSTK,2026-01-30
2026-01-23,GME,T,275,0,317,OSTK,2026-02-06
2026-01-23,GME,T,30,0,82,OSTK,2026-02-13
2026-01-23,GME,T,209,0,251,OSTK,2026-02-20
2026-01-23,GME,T,19,0,19,OSTK,2026-03-20
2026-01-23,GME,T,25,0,25,OSTK,2026-04-17
2026-01-23,GME,T,0,0,18,OSTK,2026-07-17
2026-01-23,GME,T,0,0,4,OSTK,2026-10-16
2026-01-23,GME,T,4,0,2,OSTK,2027-01-15
2026-01-23,GME,U,7059,0,5735,OSTK,2026-01-23
2026-01-23,GME,U,3716,73,4657,OSTK,2026-01-30
2026-01-23,GME,U,555,0,461,OSTK,2026-02-06
2026-01-23,GME,U,180,0,280,OSTK,2026-02-13
2026-01-23,GME,U,539,86,803,OSTK,2026-02-20
2026-01-23,GME,U,195,0,195,OSTK,2026-02-27
2026-01-23,GME,U,75,0,75,OSTK,2026-03-06
2026-01-23,GME,U,326,0,228,OSTK,2026-03-20
2026-01-23,GME,U,15,0,15,OSTK,2026-04-17
2026-01-23,GME,U,1,0,1,OSTK,2026-06-18
2026-01-23,GME,U,22,0,22,OSTK,2026-07-17
2026-01-23,GME,U,17,0,17,OSTK,2026-09-18
2026-01-23,GME,U,8,0,8,OSTK,2026-10-16
2026-01-23,GME,U,18,0,18,OSTK,2026-12-18
2026-01-23,GME,U,23,0,23,OSTK,2027-01-15
2026-01-23,GME,U,3,0,3,OSTK,2027-09-17
2026-01-23,GME,U,2,0,2,OSTK,2027-12-17
2026-01-23,GME,U,6,0,6,OSTK,2028-01-21
2026-01-23,GME,U,10,0,10,OSTK,2028-12-15
2026-01-23,GME,W,4703,89,4780,OSTK,2026-01-23
2026-01-23,GME,W,3546,137,3709,OSTK,2026-01-30
2026-01-23,GME,W,150,0,150,OSTK,2026-02-06
2026-01-23,GME,W,272,0,272,OSTK,2026-02-13
2026-01-23,GME,W,822,0,872,OSTK,2026-02-20
2026-01-23,GME,W,82,0,82,OSTK,2026-02-27
2026-01-23,GME,W,35,0,35,OSTK,2026-03-06
2026-01-23,GME,W,279,0,279,OSTK,2026-03-20
2026-01-23,GME,W,182,0,182,OSTK,2026-04-17
2026-01-23,GME,W,61,0,61,OSTK,2026-06-18
2026-01-23,GME,W,38,0,38,OSTK,2026-07-17
2026-01-23,GME,W,15,0,15,OSTK,2026-10-16
2026-01-23,GME,W,44,0,38,OSTK,2027-01-15
2026-01-23,GME,W,10,0,10,OSTK,2027-12-17
2026-01-23,GME,W,3,0,3,OSTK,2028-01-21
2026-01-23,GME,W,4,0,4,OSTK,2028-06-16
2026-01-23,GME,X,25679,1,23572,OSTK,2026-01-23
2026-01-23,GME,X,15686,0,15310,OSTK,2026-01-30
2026-01-23,GME,X,3515,0,3509,OSTK,2026-02-06
2026-01-23,GME,X,536,0,532,OSTK,2026-02-13
2026-01-23,GME,X,3069,0,3071,OSTK,2026-02-20
2026-01-23,GME,X,247,0,245,OSTK,2026-02-27
2026-01-23,GME,X,93,0,93,OSTK,2026-03-06
2026-01-23,GME,X,1287,0,1275,OSTK,2026-03-20
2026-01-23,GME,X,16,0,16,OSTK,2026-04-17
2026-01-23,GME,X,6,0,6,OSTK,2026-06-18
2026-01-23,GME,X,31,0,31,OSTK,2026-07-17
2026-01-23,GME,X,52,0,52,OSTK,2026-09-18
2026-01-23,GME,X,315,0,315,OSTK,2026-10-16
2026-01-23,GME,X,122,0,122,OSTK,2026-12-18
2026-01-23,GME,X,23,0,63,OSTK,2027-01-15
2026-01-23,GME,X,12,0,12,OSTK,2027-09-17
2026-01-23,GME,X,8,0,8,OSTK,2028-01-21
2026-01-23,GME,X,2,0,2,OSTK,2028-12-15
2026-01-23,GME,Z,6332,22,3828,OSTK,2026-01-23
2026-01-23,GME,Z,2919,503,3520,OSTK,2026-01-30
2026-01-23,GME,Z,533,0,475,OSTK,2026-02-06
2026-01-23,GME,Z,328,0,328,OSTK,2026-02-13
2026-01-23,GME,Z,900,14,938,OSTK,2026-02-20
2026-01-23,GME,Z,33,0,33,OSTK,2026-02-27
2026-01-23,GME,Z,33,0,33,OSTK,2026-03-06
2026-01-23,GME,Z,398,0,392,OSTK,2026-03-20
2026-01-23,GME,Z,289,0,307,OSTK,2026-04-17
2026-01-23,GME,Z,5,0,5,OSTK,2026-06-18
2026-01-23,GME,Z,116,0,96,OSTK,2026-07-17
2026-01-23,GME,Z,1,0,1,OSTK,2026-09-18
2026-01-23,GME,Z,1,0,1,OSTK,2026-10-16
2026-01-23,GME,Z,6,0,6,OSTK,2026-12-18
2026-01-23,GME,Z,2,0,2,OSTK,2027-01-15
2026-01-23,GME,Z,20,0,20,OSTK,2027-09-17
2026-01-23,GME,Z,1,0,1,OSTK,2027-12-17
2026-01-23,GME,Z,13,0,13,OSTK,2028-01-21
2026-01-26,GME,A,25519,87,27708,OSTK,2026-01-30
2026-01-26,GME,A,2680,1,2681,OSTK,2026-02-06
2026-01-26,GME,A,529,0,529,OSTK,2026-02-13
2026-01-26,GME,A,4319,273,3606,OSTK,2026-02-20
2026-01-26,GME,A,155,0,153,OSTK,2026-02-27
2026-01-26,GME,A,128,0,138,OSTK,2026-03-06
2026-01-26,GME,A,1107,193,1746,OSTK,2026-03-20
2026-01-26,GME,A,71,0,71,OSTK,2026-04-17
2026-01-26,GME,A,52,0,58,OSTK,2026-06-18
2026-01-26,GME,A,40,0,40,OSTK,2026-07-17
2026-01-26,GME,A,38,0,38,OSTK,2026-09-18
2026-01-26,GME,A,8,0,0,OSTK,2026-10-16
2026-01-26,GME,A,55,0,55,OSTK,2026-12-18
2026-01-26,GME,A,40,0,40,OSTK,2027-01-15
2026-01-26,GME,A,7,0,7,OSTK,2027-09-17
2026-01-26,GME,A,6,0,6,OSTK,2027-12-17
2026-01-26,GME,A,114,0,110,OSTK,2028-01-21
2026-01-26,GME,A,1,0,1,OSTK,2028-06-16
2026-01-26,GME,A,65,0,65,OSTK,2028-12-15
2026-01-26,GME,B,21761,51,22604,OSTK,2026-01-30
2026-01-26,GME,B,2920,10,3238,OSTK,2026-02-06
2026-01-26,GME,B,1188,0,1368,OSTK,2026-02-13
2026-01-26,GME,B,3098,1340,5008,OSTK,2026-02-20
2026-01-26,GME,B,518,0,704,OSTK,2026-02-27
2026-01-26,GME,B,494,0,544,OSTK,2026-03-06
2026-01-26,GME,B,1725,0,2215,OSTK,2026-03-20
2026-01-26,GME,B,46,0,46,OSTK,2026-04-17
2026-01-26,GME,B,25,0,25,OSTK,2026-06-18
2026-01-26,GME,B,78,0,78,OSTK,2026-07-17
2026-01-26,GME,B,85,0,85,OSTK,2026-09-18
2026-01-26,GME,B,13,0,13,OSTK,2026-10-16
2026-01-26,GME,B,48,0,48,OSTK,2026-12-18
2026-01-26,GME,B,286,0,286,OSTK,2027-01-15
2026-01-26,GME,B,3,0,3,OSTK,2027-09-17
2026-01-26,GME,B,95,0,95,OSTK,2027-12-17
2026-01-26,GME,B,6,0,6,OSTK,2028-01-21
2026-01-26,GME,B,17,0,17,OSTK,2028-06-16
2026-01-26,GME,B,135,0,135,OSTK,2028-12-15
2026-01-26,GME,C,31099,255,29978,OSTK,2026-01-30
2026-01-26,GME,C,7745,323,7742,OSTK,2026-02-06
2026-01-26,GME,C,2745,0,2869,OSTK,2026-02-13
2026-01-26,GME,C,10179,475,10068,OSTK,2026-02-20
2026-01-26,GME,C,1226,0,1138,OSTK,2026-02-27
2026-01-26,GME,C,688,0,910,OSTK,2026-03-06
2026-01-26,GME,C,3201,162,3665,OSTK,2026-03-20
2026-01-26,GME,C,64,0,64,OSTK,2026-04-17
2026-01-26,GME,C,78,0,68,OSTK,2026-06-18
2026-01-26,GME,C,189,0,189,OSTK,2026-07-17
2026-01-26,GME,C,131,0,131,OSTK,2026-09-18
2026-01-26,GME,C,2,0,2,OSTK,2026-10-16
2026-01-26,GME,C,243,0,243,OSTK,2026-12-18
2026-01-26,GME,C,90,0,90,OSTK,2027-01-15
2026-01-26,GME,C,56,0,56,OSTK,2027-09-17
2026-01-26,GME,C,63,0,63,OSTK,2027-12-17
2026-01-26,GME,C,5,0,5,OSTK,2028-01-21
2026-01-26,GME,C,45,0,45,OSTK,2028-06-16
2026-01-26,GME,C,32,0,34,OSTK,2028-12-15
2026-01-26,GME,D,25882,156,22942,OSTK,2026-01-30
2026-01-26,GME,D,6414,125,6213,OSTK,2026-02-06
2026-01-26,GME,D,1122,0,1178,OSTK,2026-02-13
2026-01-26,GME,D,6141,131,6134,OSTK,2026-02-20
2026-01-26,GME,D,721,0,757,OSTK,2026-02-27
2026-01-26,GME,D,310,0,310,OSTK,2026-03-06
2026-01-26,GME,D,2590,0,2642,OSTK,2026-03-20
2026-01-26,GME,D,3205,31,3112,OSTK,2026-04-17
2026-01-26,GME,D,1261,0,1247,OSTK,2026-06-18
2026-01-26,GME,D,195,0,195,OSTK,2026-07-17
2026-01-26,GME,D,25,0,25,OSTK,2026-09-18
2026-01-26,GME,D,315,0,311,OSTK,2026-10-16
2026-01-26,GME,D,51,0,51,OSTK,2026-12-18
2026-01-26,GME,D,838,0,790,OSTK,2027-01-15
2026-01-26,GME,D,23,0,21,OSTK,2027-09-17
2026-01-26,GME,D,188,0,166,OSTK,2027-12-17
2026-01-26,GME,D,381,0,323,OSTK,2028-01-21
2026-01-26,GME,D,4,0,4,OSTK,2028-06-16
2026-01-26,GME,D,24,0,24,OSTK,2028-12-15
2026-01-26,GME,E,15621,1058,18469,OSTK,2026-01-30
2026-01-26,GME,E,2245,2,3085,OSTK,2026-02-06
2026-01-26,GME,E,951,0,1165,OSTK,2026-02-13
2026-01-26,GME,E,2830,118,3244,OSTK,2026-02-20
2026-01-26,GME,E,233,0,233,OSTK,2026-02-27
2026-01-26,GME,E,97,0,97,OSTK,2026-03-06
2026-01-26,GME,E,647,118,1021,OSTK,2026-03-20
2026-01-26,GME,E,16,0,6,OSTK,2026-04-17
2026-01-26,GME,E,8,0,8,OSTK,2026-06-18
2026-01-26,GME,E,8,0,8,OSTK,2026-07-17
2026-01-26,GME,E,26,0,26,OSTK,2026-09-18
2026-01-26,GME,E,1,0,1,OSTK,2026-10-16
2026-01-26,GME,E,12,0,12,OSTK,2026-12-18
2026-01-26,GME,E,62,0,62,OSTK,2027-01-15
2026-01-26,GME,E,28,0,28,OSTK,2027-12-17
2026-01-26,GME,E,158,0,142,OSTK,2028-01-21
2026-01-26,GME,E,1,0,1,OSTK,2028-06-16
2026-01-26,GME,E,5,0,5,OSTK,2028-12-15
2026-01-26,GME,H,16871,40,14099,OSTK,2026-01-30
2026-01-26,GME,H,4348,41,4235,OSTK,2026-02-06
2026-01-26,GME,H,1183,0,1173,OSTK,2026-02-13
2026-01-26,GME,H,5764,20,5744,OSTK,2026-02-20
2026-01-26,GME,H,696,5,689,OSTK,2026-02-27
2026-01-26,GME,H,136,0,136,OSTK,2026-03-06
2026-01-26,GME,H,2328,0,2232,OSTK,2026-03-20
2026-01-26,GME,H,24,0,24,OSTK,2026-04-17
2026-01-26,GME,H,22,0,22,OSTK,2026-06-18
2026-01-26,GME,H,56,0,56,OSTK,2026-07-17
2026-01-26,GME,H,47,0,47,OSTK,2026-09-18
2026-01-26,GME,H,11,0,11,OSTK,2026-10-16
2026-01-26,GME,H,35,0,35,OSTK,2026-12-18
2026-01-26,GME,H,43,0,43,OSTK,2027-01-15
2026-01-26,GME,H,8,0,6,OSTK,2027-09-17
2026-01-26,GME,H,3,0,3,OSTK,2027-12-17
2026-01-26,GME,H,47,0,47,OSTK,2028-01-21
2026-01-26,GME,H,2,0,2,OSTK,2028-06-16
2026-01-26,GME,H,8,0,6,OSTK,2028-12-15
2026-01-26,GME,I,14790,76,16482,OSTK,2026-01-30
2026-01-26,GME,I,3810,1,3987,OSTK,2026-02-06
2026-01-26,GME,I,1262,0,1344,OSTK,2026-02-13
2026-01-26,GME,I,4003,262,4267,OSTK,2026-02-20
2026-01-26,GME,I,367,0,367,OSTK,2026-02-27
2026-01-26,GME,I,138,0,138,OSTK,2026-03-06
2026-01-26,GME,I,1322,63,1423,OSTK,2026-03-20
2026-01-26,GME,I,1404,242,1560,OSTK,2026-04-17
2026-01-26,GME,I,2,0,2,OSTK,2026-06-18
2026-01-26,GME,I,25,0,25,OSTK,2026-07-17
2026-01-26,GME,I,6,0,6,OSTK,2026-09-18
2026-01-26,GME,I,299,0,293,OSTK,2026-10-16
2026-01-26,GME,I,106,0,106,OSTK,2026-12-18
2026-01-26,GME,I,5,0,5,OSTK,2027-01-15
2026-01-26,GME,I,5,0,5,OSTK,2027-09-17
2026-01-26,GME,I,138,0,140,OSTK,2027-12-17
2026-01-26,GME,I,646,0,638,OSTK,2028-01-21
2026-01-26,GME,I,14,0,12,OSTK,2028-06-16
2026-01-26,GME,I,21,0,13,OSTK,2028-12-15
2026-01-26,GME,J,30875,128,24139,OSTK,2026-01-30
2026-01-26,GME,J,3656,1,3291,OSTK,2026-02-06
2026-01-26,GME,J,1048,0,1082,OSTK,2026-02-13
2026-01-26,GME,J,4274,150,4168,OSTK,2026-02-20
2026-01-26,GME,J,504,0,516,OSTK,2026-02-27
2026-01-26,GME,J,82,0,84,OSTK,2026-03-06
2026-01-26,GME,J,868,45,973,OSTK,2026-03-20
2026-01-26,GME,J,1,0,1,OSTK,2026-04-17
2026-01-26,GME,J,5,0,5,OSTK,2026-06-18
2026-01-26,GME,J,61,0,61,OSTK,2026-07-17
2026-01-26,GME,J,6,0,6,OSTK,2026-09-18
2026-01-26,GME,J,149,0,149,OSTK,2026-10-16
2026-01-26,GME,J,26,0,26,OSTK,2026-12-18
2026-01-26,GME,J,39,0,11,OSTK,2027-01-15
2026-01-26,GME,J,4,0,4,OSTK,2027-09-17
2026-01-26,GME,J,9,0,9,OSTK,2027-12-17
2026-01-26,GME,J,239,0,239,OSTK,2028-01-21
2026-01-26,GME,J,1,0,1,OSTK,2028-06-16
2026-01-26,GME,J,10,0,10,OSTK,2028-12-15
2026-01-26,GME,L,23133,6,21779,OSTK,2026-01-30
2026-01-26,GME,L,4875,2,5395,OSTK,2026-02-06
2026-01-26,GME,L,1513,0,1723,OSTK,2026-02-13
2026-01-26,GME,L,5002,1,4877,OSTK,2026-02-20
2026-01-26,GME,L,330,0,438,OSTK,2026-02-27
2026-01-26,GME,L,330,0,330,OSTK,2026-03-06
2026-01-26,GME,L,2449,0,2707,OSTK,2026-03-20
2026-01-26,GME,L,2081,0,1941,OSTK,2026-04-17
2026-01-26,GME,L,1479,0,1097,OSTK,2026-06-18
2026-01-26,GME,L,319,0,319,OSTK,2026-07-17
2026-01-26,GME,L,36,0,146,OSTK,2026-09-18
2026-01-26,GME,L,188,100,56,OSTK,2026-10-16
2026-01-26,GME,L,11,0,121,OSTK,2026-12-18
2026-01-26,GME,L,794,0,694,OSTK,2027-01-15
2026-01-26,GME,L,53,0,347,OSTK,2027-12-17
2026-01-26,GME,L,53,0,51,OSTK,2028-01-21
2026-01-26,GME,L,12,0,12,OSTK,2028-06-16
2026-01-26,GME,L,5907,0,5907,OSTK,2028-12-15
2026-01-26,GME,M,34646,49,36633,OSTK,2026-01-30
2026-01-26,GME,M,8391,55,8562,OSTK,2026-02-06
2026-01-26,GME,M,2984,0,3166,OSTK,2026-02-13
2026-01-26,GME,M,6790,105,7247,OSTK,2026-02-20
2026-01-26,GME,M,869,0,937,OSTK,2026-02-27
2026-01-26,GME,M,749,0,749,OSTK,2026-03-06
2026-01-26,GME,M,2835,293,3302,OSTK,2026-03-20
2026-01-26,GME,M,4070,105,4175,OSTK,2026-04-17
2026-01-26,GME,M,641,83,724,OSTK,2026-06-18
2026-01-26,GME,M,141,0,141,OSTK,2026-07-17
2026-01-26,GME,M,185,0,185,OSTK,2026-09-18
2026-01-26,GME,M,321,0,319,OSTK,2026-10-16
2026-01-26,GME,M,47,0,47,OSTK,2026-12-18
2026-01-26,GME,M,859,0,859,OSTK,2027-01-15
2026-01-26,GME,M,13,0,13,OSTK,2027-09-17
2026-01-26,GME,M,324,0,318,OSTK,2027-12-17
2026-01-26,GME,M,262,0,256,OSTK,2028-01-21
2026-01-26,GME,M,8,0,8,OSTK,2028-06-16
2026-01-26,GME,M,33,0,31,OSTK,2028-12-15
2026-01-26,GME,P,40731,351,38772,OSTK,2026-01-30
2026-01-26,GME,P,7138,156,6600,OSTK,2026-02-06
2026-01-26,GME,P,1572,0,1728,OSTK,2026-02-13
2026-01-26,GME,P,11888,15,11559,OSTK,2026-02-20
2026-01-26,GME,P,986,10,974,OSTK,2026-02-27
2026-01-26,GME,P,285,0,385,OSTK,2026-03-06
2026-01-26,GME,P,4578,0,4552,OSTK,2026-03-20
2026-01-26,GME,P,85,0,85,OSTK,2026-04-17
2026-01-26,GME,P,22,0,20,OSTK,2026-06-18
2026-01-26,GME,P,131,0,131,OSTK,2026-07-17
2026-01-26,GME,P,27,0,27,OSTK,2026-09-18
2026-01-26,GME,P,19,0,13,OSTK,2026-10-16
2026-01-26,GME,P,386,0,388,OSTK,2026-12-18
2026-01-26,GME,P,41,0,41,OSTK,2027-01-15
2026-01-26,GME,P,199,0,199,OSTK,2027-09-17
2026-01-26,GME,P,36,0,36,OSTK,2027-12-17
2026-01-26,GME,P,24,0,0,OSTK,2028-01-21
2026-01-26,GME,P,43,0,43,OSTK,2028-06-16
2026-01-26,GME,P,31,0,31,OSTK,2028-12-15
2026-01-26,GME,Q,9872,886,17716,OSTK,2026-01-30
2026-01-26,GME,Q,1132,118,2542,OSTK,2026-02-06
2026-01-26,GME,Q,146,200,1044,OSTK,2026-02-13
2026-01-26,GME,Q,984,241,3081,OSTK,2026-02-20
2026-01-26,GME,Q,1,0,83,OSTK,2026-02-27
2026-01-26,GME,Q,5,0,11,OSTK,2026-03-06
2026-01-26,GME,Q,395,0,955,OSTK,2026-03-20
2026-01-26,GME,Q,52,0,374,OSTK,2026-04-17
2026-01-26,GME,Q,10,0,14,OSTK,2026-06-18
2026-01-26,GME,Q,6,350,356,OSTK,2026-07-17
2026-01-26,GME,Q,1,0,3,OSTK,2026-09-18
2026-01-26,GME,Q,1,0,11,OSTK,2026-10-16
2026-01-26,GME,Q,5,0,15,OSTK,2027-01-15
2026-01-26,GME,Q,1,0,1,OSTK,2027-09-17
2026-01-26,GME,Q,1,0,3,OSTK,2027-12-17
2026-01-26,GME,Q,125,0,187,OSTK,2028-01-21
2026-01-26,GME,Q,0,0,4,OSTK,2028-12-15
2026-01-26,GME,R,19531,241,23434,OSTK,2026-01-30
2026-01-26,GME,R,2464,22,4822,OSTK,2026-02-06
2026-01-26,GME,R,1276,0,2236,OSTK,2026-02-13
2026-01-26,GME,R,5697,41,6962,OSTK,2026-02-20
2026-01-26,GME,R,598,0,676,OSTK,2026-02-27
2026-01-26,GME,R,529,0,569,OSTK,2026-03-06
2026-01-26,GME,R,2914,0,2988,OSTK,2026-03-20
2026-01-26,GME,R,1195,0,1173,OSTK,2026-04-17
2026-01-26,GME,R,432,0,432,OSTK,2026-06-18
2026-01-26,GME,R,212,0,212,OSTK,2026-07-17
2026-01-26,GME,R,42,0,42,OSTK,2026-09-18
2026-01-26,GME,R,124,0,124,OSTK,2026-10-16
2026-01-26,GME,R,17,0,15,OSTK,2026-12-18
2026-01-26,GME,R,290,0,286,OSTK,2027-01-15
2026-01-26,GME,R,14,0,14,OSTK,2027-09-17
2026-01-26,GME,R,10,0,10,OSTK,2027-12-17
2026-01-26,GME,R,26,0,26,OSTK,2028-01-21
2026-01-26,GME,R,2,0,2,OSTK,2028-06-16
2026-01-26,GME,R,3,0,3,OSTK,2028-12-15
2026-01-26,GME,T,7294,22,8616,OSTK,2026-01-30
2026-01-26,GME,T,1451,0,1759,OSTK,2026-02-06
2026-01-26,GME,T,224,0,302,OSTK,2026-02-13
2026-01-26,GME,T,1060,32,1270,OSTK,2026-02-20
2026-01-26,GME,T,2,0,54,OSTK,2026-02-27
2026-01-26,GME,T,58,0,58,OSTK,2026-03-06
2026-01-26,GME,T,189,0,243,OSTK,2026-03-20
2026-01-26,GME,T,520,0,520,OSTK,2026-04-17
2026-01-26,GME,T,1,0,1,OSTK,2026-06-18
2026-01-26,GME,T,177,0,179,OSTK,2026-10-16
2026-01-26,GME,T,0,0,6,OSTK,2026-12-18
2026-01-26,GME,T,19,0,19,OSTK,2027-01-15
2026-01-26,GME,T,8,0,8,OSTK,2028-01-21
2026-01-26,GME,T,1,0,1,OSTK,2028-12-15
2026-01-26,GME,U,17809,52,25369,OSTK,2026-01-30
2026-01-26,GME,U,3707,33,6420,OSTK,2026-02-06
2026-01-26,GME,U,633,8,2453,OSTK,2026-02-13
2026-01-26,GME,U,4037,149,6376,OSTK,2026-02-20
2026-01-26,GME,U,421,105,724,OSTK,2026-02-27
2026-01-26,GME,U,121,0,123,OSTK,2026-03-06
2026-01-26,GME,U,1331,0,1435,OSTK,2026-03-20
2026-01-26,GME,U,52,0,52,OSTK,2026-04-17
2026-01-26,GME,U,60,0,58,OSTK,2026-06-18
2026-01-26,GME,U,33,0,33,OSTK,2026-07-17
2026-01-26,GME,U,79,0,79,OSTK,2026-09-18
2026-01-26,GME,U,5,0,5,OSTK,2026-10-16
2026-01-26,GME,U,81,0,81,OSTK,2026-12-18
2026-01-26,GME,U,80,0,76,OSTK,2027-01-15
2026-01-26,GME,U,1,0,1,OSTK,2027-09-17
2026-01-26,GME,U,2,0,2,OSTK,2027-12-17
2026-01-26,GME,U,62,0,62,OSTK,2028-01-21
2026-01-26,GME,U,1,0,1,OSTK,2028-06-16
2026-01-26,GME,W,9399,25,13400,OSTK,2026-01-30
2026-01-26,GME,W,1201,0,1405,OSTK,2026-02-06
2026-01-26,GME,W,171,5,214,OSTK,2026-02-13
2026-01-26,GME,W,640,276,946,OSTK,2026-02-20
2026-01-26,GME,W,75,106,213,OSTK,2026-02-27
2026-01-26,GME,W,95,0,91,OSTK,2026-03-06
2026-01-26,GME,W,411,0,391,OSTK,2026-03-20
2026-01-26,GME,W,1,0,1,OSTK,2026-04-17
2026-01-26,GME,W,76,55,129,OSTK,2026-06-18
2026-01-26,GME,W,2,0,2,OSTK,2026-07-17
2026-01-26,GME,W,1,0,1,OSTK,2026-09-18
2026-01-26,GME,W,0,0,2,OSTK,2026-10-16
2026-01-26,GME,W,1,0,1,OSTK,2027-01-15
2026-01-26,GME,W,4,0,4,OSTK,2027-12-17
2026-01-26,GME,W,138,0,154,OSTK,2028-01-21
2026-01-26,GME,W,3,0,3,OSTK,2028-06-16
2026-01-26,GME,W,1,0,1,OSTK,2028-12-15
2026-01-26,GME,X,57622,236,55330,OSTK,2026-01-30
2026-01-26,GME,X,10977,3,11236,OSTK,2026-02-06
2026-01-26,GME,X,2770,0,2848,OSTK,2026-02-13
2026-01-26,GME,X,8145,80,8491,OSTK,2026-02-20
2026-01-26,GME,X,1152,0,1148,OSTK,2026-02-27
2026-01-26,GME,X,343,0,369,OSTK,2026-03-06
2026-01-26,GME,X,5409,102,5627,OSTK,2026-03-20
2026-01-26,GME,X,18,0,18,OSTK,2026-04-17
2026-01-26,GME,X,82,0,82,OSTK,2026-06-18
2026-01-26,GME,X,329,0,329,OSTK,2026-07-17
2026-01-26,GME,X,158,0,158,OSTK,2026-09-18
2026-01-26,GME,X,7,0,7,OSTK,2026-10-16
2026-01-26,GME,X,107,0,107,OSTK,2026-12-18
2026-01-26,GME,X,61,0,79,OSTK,2027-01-15
2026-01-26,GME,X,4,0,4,OSTK,2027-09-17
2026-01-26,GME,X,14,0,12,OSTK,2027-12-17
2026-01-26,GME,X,39,0,39,OSTK,2028-01-21
2026-01-26,GME,X,5,0,5,OSTK,2028-06-16
2026-01-26,GME,X,20,0,18,OSTK,2028-12-15
2026-01-26,GME,Z,17444,74,19980,OSTK,2026-01-30
2026-01-26,GME,Z,2780,36,4228,OSTK,2026-02-06
2026-01-26,GME,Z,1378,0,2068,OSTK,2026-02-13
2026-01-26,GME,Z,3869,96,4287,OSTK,2026-02-20
2026-01-26,GME,Z,174,0,238,OSTK,2026-02-27
2026-01-26,GME,Z,90,0,90,OSTK,2026-03-06
2026-01-26,GME,Z,944,24,1016,OSTK,2026-03-20
2026-01-26,GME,Z,1,0,1,OSTK,2026-04-17
2026-01-26,GME,Z,6,0,10,OSTK,2026-06-18
2026-01-26,GME,Z,27,0,27,OSTK,2026-07-17
2026-01-26,GME,Z,30,0,30,OSTK,2026-09-18
2026-01-26,GME,Z,18,0,18,OSTK,2026-10-16
2026-01-26,GME,Z,21,0,21,OSTK,2026-12-18
2026-01-26,GME,Z,56,0,56,OSTK,2027-01-15
2026-01-26,GME,Z,30,0,30,OSTK,2027-09-17
2026-01-26,GME,Z,2,0,2,OSTK,2027-12-17
2026-01-26,GME,Z,113,0,111,OSTK,2028-01-21
2026-01-26,GME,Z,55,0,53,OSTK,2028-12-15
2026-01-27,GME,A,10093,0,10597,OSTK,2026-01-30
2026-01-27,GME,A,2469,0,2521,OSTK,2026-02-06
2026-01-27,GME,A,442,0,458,OSTK,2026-02-13
2026-01-27,GME,A,1598,0,1482,OSTK,2026-02-20
2026-01-27,GME,A,85,0,85,OSTK,2026-02-27
2026-01-27,GME,A,143,0,143,OSTK,2026-03-06
2026-01-27,GME,A,655,0,625,OSTK,2026-03-20
2026-01-27,GME,A,2,0,2,OSTK,2026-04-17
2026-01-27,GME,A,2,0,2,OSTK,2026-06-18
2026-01-27,GME,A,16,0,16,OSTK,2026-07-17
2026-01-27,GME,A,21,0,21,OSTK,2026-09-18
2026-01-27,GME,A,398,0,398,OSTK,2026-10-16
2026-01-27,GME,A,51,0,51,OSTK,2026-12-18
2026-01-27,GME,A,31,0,31,OSTK,2027-01-15
2026-01-27,GME,A,11,0,11,OSTK,2027-09-17
2026-01-27,GME,A,2,0,2,OSTK,2027-12-17
2026-01-27,GME,A,17,0,15,OSTK,2028-01-21
2026-01-27,GME,A,5,0,5,OSTK,2028-12-15
2026-01-27,GME,B,7776,32,7882,OSTK,2026-01-30
2026-01-27,GME,B,1986,0,1998,OSTK,2026-02-06
2026-01-27,GME,B,597,0,597,OSTK,2026-02-13
2026-01-27,GME,B,1786,0,1782,OSTK,2026-02-20
2026-01-27,GME,B,402,0,402,OSTK,2026-02-27
2026-01-27,GME,B,129,0,129,OSTK,2026-03-06
2026-01-27,GME,B,1825,0,1821,OSTK,2026-03-20
2026-01-27,GME,B,10,0,10,OSTK,2026-04-17
2026-01-27,GME,B,1,0,1,OSTK,2026-06-18
2026-01-27,GME,B,66,0,66,OSTK,2026-07-17
2026-01-27,GME,B,1,0,1,OSTK,2026-09-18
2026-01-27,GME,B,229,0,203,OSTK,2026-10-16
2026-01-27,GME,B,13,0,13,OSTK,2026-12-18
2026-01-27,GME,B,20,0,20,OSTK,2027-01-15
2026-01-27,GME,B,1,0,1,OSTK,2027-09-17
2026-01-27,GME,B,13,0,13,OSTK,2027-12-17
2026-01-27,GME,B,11,0,11,OSTK,2028-01-21
2026-01-27,GME,B,1,0,1,OSTK,2028-06-16
2026-01-27,GME,B,6,0,6,OSTK,2028-12-15
2026-01-27,GME,C,16242,18,14608,OSTK,2026-01-30
2026-01-27,GME,C,4859,139,4858,OSTK,2026-02-06
2026-01-27,GME,C,976,0,880,OSTK,2026-02-13
2026-01-27,GME,C,4531,116,4475,OSTK,2026-02-20
2026-01-27,GME,C,714,0,690,OSTK,2026-02-27
2026-01-27,GME,C,239,0,235,OSTK,2026-03-06
2026-01-27,GME,C,2723,0,2429,OSTK,2026-03-20
2026-01-27,GME,C,5,0,5,OSTK,2026-04-17
2026-01-27,GME,C,8,0,8,OSTK,2026-06-18
2026-01-27,GME,C,117,0,117,OSTK,2026-07-17
2026-01-27,GME,C,65,0,65,OSTK,2026-09-18
2026-01-27,GME,C,330,0,314,OSTK,2026-10-16
2026-01-27,GME,C,46,0,46,OSTK,2026-12-18
2026-01-27,GME,C,29,0,29,OSTK,2027-01-15
2026-01-27,GME,C,7,0,7,OSTK,2027-09-17
2026-01-27,GME,C,26,0,26,OSTK,2027-12-17
2026-01-27,GME,C,2,0,2,OSTK,2028-01-21
2026-01-27,GME,C,3,0,3,OSTK,2028-06-16
2026-01-27,GME,C,2,0,0,OSTK,2028-12-15
2026-01-27,GME,D,7171,23,6474,OSTK,2026-01-30
2026-01-27,GME,D,2239,0,2419,OSTK,2026-02-06
2026-01-27,GME,D,577,0,483,OSTK,2026-02-13
2026-01-27,GME,D,2159,0,1573,OSTK,2026-02-20
2026-01-27,GME,D,355,0,329,OSTK,2026-02-27
2026-01-27,GME,D,271,0,261,OSTK,2026-03-06
2026-01-27,GME,D,2969,0,2151,OSTK,2026-03-20
2026-01-27,GME,D,861,0,795,OSTK,2026-04-17
2026-01-27,GME,D,156,0,156,OSTK,2026-06-18
2026-01-27,GME,D,8,0,8,OSTK,2026-07-17
2026-01-27,GME,D,56,0,56,OSTK,2026-09-18
2026-01-27,GME,D,106,0,106,OSTK,2026-10-16
2026-01-27,GME,D,25,0,25,OSTK,2026-12-18
2026-01-27,GME,D,329,0,329,OSTK,2027-01-15
2026-01-27,GME,D,31,0,21,OSTK,2027-09-17
2026-01-27,GME,D,12,0,12,OSTK,2027-12-17
2026-01-27,GME,D,50,0,50,OSTK,2028-01-21
2026-01-27,GME,D,10,0,10,OSTK,2028-06-16
2026-01-27,GME,D,98,0,96,OSTK,2028-12-15
2026-01-27,GME,E,6871,500,8001,OSTK,2026-01-30
2026-01-27,GME,E,1445,156,1741,OSTK,2026-02-06
2026-01-27,GME,E,260,0,260,OSTK,2026-02-13
2026-01-27,GME,E,1175,28,1211,OSTK,2026-02-20
2026-01-27,GME,E,91,0,91,OSTK,2026-02-27
2026-01-27,GME,E,78,0,78,OSTK,2026-03-06
2026-01-27,GME,E,375,0,371,OSTK,2026-03-20
2026-01-27,GME,E,1,0,1,OSTK,2026-04-17
2026-01-27,GME,E,100,3,103,OSTK,2026-06-18
2026-01-27,GME,E,8,0,8,OSTK,2026-07-17
2026-01-27,GME,E,2,0,2,OSTK,2026-09-18
2026-01-27,GME,E,12,0,12,OSTK,2026-10-16
2026-01-27,GME,E,15,0,15,OSTK,2027-01-15
2026-01-27,GME,E,5,0,5,OSTK,2027-12-17
2026-01-27,GME,E,5,0,5,OSTK,2028-01-21
2026-01-27,GME,E,10,0,10,OSTK,2028-12-15
2026-01-27,GME,H,9273,4,7625,OSTK,2026-01-30
2026-01-27,GME,H,1757,0,1553,OSTK,2026-02-06
2026-01-27,GME,H,394,0,334,OSTK,2026-02-13
2026-01-27,GME,H,1507,0,1061,OSTK,2026-02-20
2026-01-27,GME,H,153,0,153,OSTK,2026-02-27
2026-01-27,GME,H,389,0,389,OSTK,2026-03-06
2026-01-27,GME,H,1216,0,898,OSTK,2026-03-20
2026-01-27,GME,H,15,0,15,OSTK,2026-04-17
2026-01-27,GME,H,7,0,7,OSTK,2026-06-18
2026-01-27,GME,H,62,0,62,OSTK,2026-07-17
2026-01-27,GME,H,27,0,27,OSTK,2026-09-18
2026-01-27,GME,H,5,0,5,OSTK,2026-10-16
2026-01-27,GME,H,52,0,52,OSTK,2026-12-18
2026-01-27,GME,H,2,0,2,OSTK,2027-01-15
2026-01-27,GME,H,3,0,3,OSTK,2027-09-17
2026-01-27,GME,H,1,0,1,OSTK,2027-12-17
2026-01-27,GME,H,64,0,64,OSTK,2028-01-21
2026-01-27,GME,H,4,0,4,OSTK,2028-06-16
2026-01-27,GME,H,2,0,2,OSTK,2028-12-15
2026-01-27,GME,I,6595,5,6454,OSTK,2026-01-30
2026-01-27,GME,I,2402,45,2565,OSTK,2026-02-06
2026-01-27,GME,I,336,0,336,OSTK,2026-02-13
2026-01-27,GME,I,2201,65,2236,OSTK,2026-02-20
2026-01-27,GME,I,640,0,640,OSTK,2026-02-27
2026-01-27,GME,I,57,0,57,OSTK,2026-03-06
2026-01-27,GME,I,577,0,575,OSTK,2026-03-20
2026-01-27,GME,I,1094,0,1074,OSTK,2026-04-17
2026-01-27,GME,I,1,0,1,OSTK,2026-06-18
2026-01-27,GME,I,4,0,4,OSTK,2026-07-17
2026-01-27,GME,I,20,0,20,OSTK,2026-09-18
2026-01-27,GME,I,545,0,545,OSTK,2026-10-16
2026-01-27,GME,I,65,0,65,OSTK,2026-12-18
2026-01-27,GME,I,4,0,4,OSTK,2027-01-15
2026-01-27,GME,I,10,0,10,OSTK,2027-09-17
2026-01-27,GME,I,34,0,34,OSTK,2027-12-17
2026-01-27,GME,I,31,0,31,OSTK,2028-01-21
2026-01-27,GME,I,1,0,1,OSTK,2028-12-15
2026-01-27,GME,J,13214,5,10671,OSTK,2026-01-30
2026-01-27,GME,J,1745,36,1551,OSTK,2026-02-06
2026-01-27,GME,J,439,0,363,OSTK,2026-02-13
2026-01-27,GME,J,1614,19,1383,OSTK,2026-02-20
2026-01-27,GME,J,163,0,81,OSTK,2026-02-27
2026-01-27,GME,J,57,0,57,OSTK,2026-03-06
2026-01-27,GME,J,1278,0,982,OSTK,2026-03-20
2026-01-27,GME,J,361,0,347,OSTK,2026-04-17
2026-01-27,GME,J,143,2,145,OSTK,2026-06-18
2026-01-27,GME,J,23,0,23,OSTK,2026-07-17
2026-01-27,GME,J,14,0,14,OSTK,2026-09-18
2026-01-27,GME,J,22,0,22,OSTK,2026-10-16
2026-01-27,GME,J,3,0,3,OSTK,2026-12-18
2026-01-27,GME,J,13,0,13,OSTK,2027-01-15
2026-01-27,GME,J,3,0,3,OSTK,2027-09-17
2026-01-27,GME,J,21,0,21,OSTK,2027-12-17
2026-01-27,GME,J,20,0,20,OSTK,2028-01-21
2026-01-27,GME,J,1,0,1,OSTK,2028-12-15
2026-01-27,GME,L,5438,0,5108,OSTK,2026-01-30
2026-01-27,GME,L,3125,0,2853,OSTK,2026-02-06
2026-01-27,GME,L,430,0,448,OSTK,2026-02-13
2026-01-27,GME,L,1479,0,1455,OSTK,2026-02-20
2026-01-27,GME,L,435,0,435,OSTK,2026-02-27
2026-01-27,GME,L,114,0,114,OSTK,2026-03-06
2026-01-27,GME,L,913,0,907,OSTK,2026-03-20
2026-01-27,GME,L,548,0,550,OSTK,2026-04-17
2026-01-27,GME,L,282,120,392,OSTK,2026-06-18
2026-01-27,GME,L,12,0,12,OSTK,2026-07-17
2026-01-27,GME,L,256,0,256,OSTK,2026-09-18
2026-01-27,GME,L,295,0,295,OSTK,2026-10-16
2026-01-27,GME,L,42,0,42,OSTK,2026-12-18
2026-01-27,GME,L,158,0,188,OSTK,2027-01-15
2026-01-27,GME,L,21,0,21,OSTK,2027-09-17
2026-01-27,GME,L,3,0,3,OSTK,2027-12-17
2026-01-27,GME,L,169,0,239,OSTK,2028-01-21
2026-01-27,GME,L,1,0,1,OSTK,2028-12-15
2026-01-27,GME,M,15890,0,15966,OSTK,2026-01-30
2026-01-27,GME,M,5323,79,5532,OSTK,2026-02-06
2026-01-27,GME,M,931,0,975,OSTK,2026-02-13
2026-01-27,GME,M,3104,73,3175,OSTK,2026-02-20
2026-01-27,GME,M,401,0,401,OSTK,2026-02-27
2026-01-27,GME,M,311,0,311,OSTK,2026-03-06
2026-01-27,GME,M,1477,0,1421,OSTK,2026-03-20
2026-01-27,GME,M,1003,0,1003,OSTK,2026-04-17
2026-01-27,GME,M,361,5,366,OSTK,2026-06-18
2026-01-27,GME,M,76,0,76,OSTK,2026-07-17
2026-01-27,GME,M,65,0,65,OSTK,2026-09-18
2026-01-27,GME,M,88,0,88,OSTK,2026-10-16
2026-01-27,GME,M,32,0,32,OSTK,2026-12-18
2026-01-27,GME,M,173,0,173,OSTK,2027-01-15
2026-01-27,GME,M,12,0,12,OSTK,2027-09-17
2026-01-27,GME,M,102,0,100,OSTK,2027-12-17
2026-01-27,GME,M,106,0,104,OSTK,2028-01-21
2026-01-27,GME,M,1,0,1,OSTK,2028-06-16
2026-01-27,GME,M,36,0,36,OSTK,2028-12-15
2026-01-27,GME,P,14859,14,13071,OSTK,2026-01-30
2026-01-27,GME,P,3554,0,2790,OSTK,2026-02-06
2026-01-27,GME,P,1492,0,1230,OSTK,2026-02-13
2026-01-27,GME,P,6292,0,4846,OSTK,2026-02-20
2026-01-27,GME,P,500,0,484,OSTK,2026-02-27
2026-01-27,GME,P,247,0,197,OSTK,2026-03-06
2026-01-27,GME,P,2629,0,2241,OSTK,2026-03-20
2026-01-27,GME,P,2,0,2,OSTK,2026-04-17
2026-01-27,GME,P,19,0,19,OSTK,2026-06-18
2026-01-27,GME,P,44,0,44,OSTK,2026-07-17
2026-01-27,GME,P,13,0,17,OSTK,2026-09-18
2026-01-27,GME,P,368,0,376,OSTK,2026-10-16
2026-01-27,GME,P,24,0,32,OSTK,2026-12-18
2026-01-27,GME,P,19,0,19,OSTK,2027-01-15
2026-01-27,GME,P,34,0,22,OSTK,2027-09-17
2026-01-27,GME,P,10,0,10,OSTK,2027-12-17
2026-01-27,GME,P,4,0,4,OSTK,2028-01-21
2026-01-27,GME,P,9,0,9,OSTK,2028-06-16
2026-01-27,GME,P,53,0,51,OSTK,2028-12-15
2026-01-27,GME,Q,3414,283,4089,OSTK,2026-01-30
2026-01-27,GME,Q,854,0,2514,OSTK,2026-02-06
2026-01-27,GME,Q,64,0,732,OSTK,2026-02-13
2026-01-27,GME,Q,739,0,947,OSTK,2026-02-20
2026-01-27,GME,Q,2,0,26,OSTK,2026-02-27
2026-01-27,GME,Q,0,0,4,OSTK,2026-03-06
2026-01-27,GME,Q,268,10,372,OSTK,2026-03-20
2026-01-27,GME,Q,72,0,82,OSTK,2026-04-17
2026-01-27,GME,Q,7,336,347,OSTK,2026-06-18
2026-01-27,GME,Q,1,0,3,OSTK,2026-07-17
2026-01-27,GME,Q,3,0,5,OSTK,2026-09-18
2026-01-27,GME,Q,1,0,3,OSTK,2026-10-16
2026-01-27,GME,Q,1,0,3,OSTK,2026-12-18
2026-01-27,GME,Q,0,0,20,OSTK,2027-01-15
2026-01-27,GME,Q,1,0,1,OSTK,2027-09-17
2026-01-27,GME,Q,1,0,1,OSTK,2027-12-17
2026-01-27,GME,Q,77,0,79,OSTK,2028-01-21
2026-01-27,GME,Q,1,0,1,OSTK,2028-06-16
2026-01-27,GME,Q,0,0,2,OSTK,2028-12-15
2026-01-27,GME,R,8632,46,8090,OSTK,2026-01-30
2026-01-27,GME,R,2488,2,2734,OSTK,2026-02-06
2026-01-27,GME,R,638,0,664,OSTK,2026-02-13
2026-01-27,GME,R,1558,0,1658,OSTK,2026-02-20
2026-01-27,GME,R,292,0,292,OSTK,2026-02-27
2026-01-27,GME,R,84,0,84,OSTK,2026-03-06
2026-01-27,GME,R,1270,0,1130,OSTK,2026-03-20
2026-01-27,GME,R,934,0,932,OSTK,2026-04-17
2026-01-27,GME,R,364,18,382,OSTK,2026-06-18
2026-01-27,GME,R,174,0,174,OSTK,2026-07-17
2026-01-27,GME,R,3,0,3,OSTK,2026-09-18
2026-01-27,GME,R,98,0,128,OSTK,2026-10-16
2026-01-27,GME,R,23,0,27,OSTK,2026-12-18
2026-01-27,GME,R,247,0,247,OSTK,2027-01-15
2026-01-27,GME,R,25,0,25,OSTK,2027-09-17
2026-01-27,GME,R,18,0,58,OSTK,2028-01-21
2026-01-27,GME,T,3751,0,3927,OSTK,2026-01-30
2026-01-27,GME,T,579,5,664,OSTK,2026-02-06
2026-01-27,GME,T,50,0,50,OSTK,2026-02-13
2026-01-27,GME,T,463,51,472,OSTK,2026-02-20
2026-01-27,GME,T,10,0,58,OSTK,2026-02-27
2026-01-27,GME,T,148,0,136,OSTK,2026-03-20
2026-01-27,GME,T,89,0,89,OSTK,2026-04-17
2026-01-27,GME,T,4,3,7,OSTK,2026-06-18
2026-01-27,GME,T,0,0,8,OSTK,2026-10-16
2026-01-27,GME,T,1,0,1,OSTK,2026-12-18
2026-01-27,GME,T,72,0,72,OSTK,2027-01-15
2026-01-27,GME,T,2,0,2,OSTK,2028-01-21
2026-01-27,GME,U,5813,58,6235,OSTK,2026-01-30
2026-01-27,GME,U,1672,18,2262,OSTK,2026-02-06
2026-01-27,GME,U,388,0,630,OSTK,2026-02-13
2026-01-27,GME,U,1366,0,1974,OSTK,2026-02-20
2026-01-27,GME,U,208,0,208,OSTK,2026-02-27
2026-01-27,GME,U,189,0,189,OSTK,2026-03-06
2026-01-27,GME,U,689,0,599,OSTK,2026-03-20
2026-01-27,GME,U,4,0,4,OSTK,2026-04-17
2026-01-27,GME,U,4,0,4,OSTK,2026-06-18
2026-01-27,GME,U,43,0,45,OSTK,2026-07-17
2026-01-27,GME,U,10,0,10,OSTK,2026-09-18
2026-01-27,GME,U,61,0,53,OSTK,2026-10-16
2026-01-27,GME,U,8,0,8,OSTK,2026-12-18
2026-01-27,GME,U,24,0,24,OSTK,2027-01-15
2026-01-27,GME,U,2,0,2,OSTK,2027-12-17
2026-01-27,GME,U,10,0,0,OSTK,2028-01-21
2026-01-27,GME,U,1,0,1,OSTK,2028-12-15
2026-01-27,GME,W,2377,0,2701,OSTK,2026-01-30
2026-01-27,GME,W,638,0,756,OSTK,2026-02-06
2026-01-27,GME,W,152,0,154,OSTK,2026-02-13
2026-01-27,GME,W,305,0,307,OSTK,2026-02-20
2026-01-27,GME,W,99,0,99,OSTK,2026-02-27
2026-01-27,GME,W,1,0,1,OSTK,2026-03-06
2026-01-27,GME,W,492,0,492,OSTK,2026-03-20
2026-01-27,GME,W,210,0,210,OSTK,2026-04-17
2026-01-27,GME,W,27,0,25,OSTK,2026-06-18
2026-01-27,GME,W,1,0,1,OSTK,2026-07-17
2026-01-27,GME,W,250,0,250,OSTK,2026-10-16
2026-01-27,GME,W,1,0,1,OSTK,2026-12-18
2026-01-27,GME,W,20,0,20,OSTK,2027-01-15
2026-01-27,GME,W,3,0,3,OSTK,2027-12-17
2026-01-27,GME,W,3,0,3,OSTK,2028-01-21
2026-01-27,GME,W,1,0,1,OSTK,2028-06-16
2026-01-27,GME,X,19617,5,18748,OSTK,2026-01-30
2026-01-27,GME,X,4749,1,4874,OSTK,2026-02-06
2026-01-27,GME,X,582,0,570,OSTK,2026-02-13
2026-01-27,GME,X,4659,65,4582,OSTK,2026-02-20
2026-01-27,GME,X,522,0,518,OSTK,2026-02-27
2026-01-27,GME,X,178,0,178,OSTK,2026-03-06
2026-01-27,GME,X,2782,0,2748,OSTK,2026-03-20
2026-01-27,GME,X,4,0,4,OSTK,2026-04-17
2026-01-27,GME,X,3,0,15,OSTK,2026-06-18
2026-01-27,GME,X,31,0,31,OSTK,2026-07-17
2026-01-27,GME,X,54,0,54,OSTK,2026-09-18
2026-01-27,GME,X,2,0,28,OSTK,2026-10-16
2026-01-27,GME,X,47,0,47,OSTK,2026-12-18
2026-01-27,GME,X,2,0,2,OSTK,2027-01-15
2026-01-27,GME,X,20,0,20,OSTK,2027-09-17
2026-01-27,GME,X,2,0,2,OSTK,2027-12-17
2026-01-27,GME,X,12,0,10,OSTK,2028-01-21
2026-01-27,GME,X,1,0,1,OSTK,2028-06-16
2026-01-27,GME,X,1002,500,502,OSTK,2028-12-15
2026-01-27,GME,Z,4564,12,4706,OSTK,2026-01-30
2026-01-27,GME,Z,1289,0,1401,OSTK,2026-02-06
2026-01-27,GME,Z,412,0,430,OSTK,2026-02-13
2026-01-27,GME,Z,1195,0,981,OSTK,2026-02-20
2026-01-27,GME,Z,253,0,253,OSTK,2026-02-27
2026-01-27,GME,Z,44,0,44,OSTK,2026-03-06
2026-01-27,GME,Z,1045,0,983,OSTK,2026-03-20
2026-01-27,GME,Z,15,0,15,OSTK,2026-04-17
2026-01-27,GME,Z,10,0,10,OSTK,2026-06-18
2026-01-27,GME,Z,11,0,11,OSTK,2026-07-17
2026-01-27,GME,Z,3,0,3,OSTK,2026-09-18
2026-01-27,GME,Z,0,0,24,OSTK,2026-10-16
2026-01-27,GME,Z,19,0,19,OSTK,2026-12-18
2026-01-27,GME,Z,37,0,37,OSTK,2027-01-15
2026-01-27,GME,Z,22,0,22,OSTK,2027-09-17
2026-01-27,GME,Z,1,0,1,OSTK,2027-12-17
2026-01-27,GME,Z,54,0,54,OSTK,2028-01-21
2026-01-27,GME,Z,2,0,2,OSTK,2028-06-16
2026-01-27,GME,Z,148,0,148,OSTK,2028-12-15
2026-01-28,GME,A,8770,90,8826,OSTK,2026-01-30
2026-01-28,GME,A,1936,0,1934,OSTK,2026-02-06
2026-01-28,GME,A,611,0,611,OSTK,2026-02-13
2026-01-28,GME,A,880,0,846,OSTK,2026-02-20
2026-01-28,GME,A,110,0,110,OSTK,2026-02-27
2026-01-28,GME,A,89,0,89,OSTK,2026-03-06
2026-01-28,GME,A,516,0,516,OSTK,2026-03-20
2026-01-28,GME,A,19,0,19,OSTK,2026-04-17
2026-01-28,GME,A,25,0,25,OSTK,2026-06-18
2026-01-28,GME,A,42,0,42,OSTK,2026-07-17
2026-01-28,GME,A,18,0,18,OSTK,2026-09-18
2026-01-28,GME,A,172,0,172,OSTK,2026-10-16
2026-01-28,GME,A,54,0,54,OSTK,2026-12-18
2026-01-28,GME,A,9,0,9,OSTK,2027-01-15
2026-01-28,GME,A,35,0,35,OSTK,2027-09-17
2026-01-28,GME,A,0,0,8,OSTK,2027-12-17
2026-01-28,GME,A,5,0,5,OSTK,2028-01-21
2026-01-28,GME,A,3,0,3,OSTK,2028-12-15
2026-01-28,GME,B,6302,0,6202,OSTK,2026-01-30
2026-01-28,GME,B,1978,0,2104,OSTK,2026-02-06
2026-01-28,GME,B,589,0,595,OSTK,2026-02-13
2026-01-28,GME,B,517,0,511,OSTK,2026-02-20
2026-01-28,GME,B,359,0,359,OSTK,2026-02-27
2026-01-28,GME,B,125,0,121,OSTK,2026-03-06
2026-01-28,GME,B,1069,0,1069,OSTK,2026-03-20
2026-01-28,GME,B,99,0,97,OSTK,2026-04-17
2026-01-28,GME,B,135,0,135,OSTK,2026-06-18
2026-01-28,GME,B,15,0,15,OSTK,2026-07-17
2026-01-28,GME,B,90,0,90,OSTK,2026-09-18
2026-01-28,GME,B,2,0,2,OSTK,2026-10-16
2026-01-28,GME,B,61,0,61,OSTK,2026-12-18
2026-01-28,GME,B,1,0,1,OSTK,2027-01-15
2026-01-28,GME,B,43,0,43,OSTK,2027-09-17
2026-01-28,GME,B,6,0,6,OSTK,2027-12-17
2026-01-28,GME,B,61,0,61,OSTK,2028-01-21
2026-01-28,GME,B,1,0,1,OSTK,2028-06-16
2026-01-28,GME,B,31,0,31,OSTK,2028-12-15
2026-01-28,GME,C,16244,36,14548,OSTK,2026-01-30
2026-01-28,GME,C,3964,0,3668,OSTK,2026-02-06
2026-01-28,GME,C,1269,0,1247,OSTK,2026-02-13
2026-01-28,GME,C,3957,0,3927,OSTK,2026-02-20
2026-01-28,GME,C,417,0,405,OSTK,2026-02-27
2026-01-28,GME,C,293,0,287,OSTK,2026-03-06
2026-01-28,GME,C,1288,0,1226,OSTK,2026-03-20
2026-01-28,GME,C,1,0,1,OSTK,2026-04-17
2026-01-28,GME,C,1259,0,1259,OSTK,2026-06-18
2026-01-28,GME,C,15,0,15,OSTK,2026-07-17
2026-01-28,GME,C,95,0,95,OSTK,2026-09-18
2026-01-28,GME,C,10,0,10,OSTK,2026-10-16
2026-01-28,GME,C,53,0,53,OSTK,2026-12-18
2026-01-28,GME,C,16,0,14,OSTK,2027-01-15
2026-01-28,GME,C,47,0,47,OSTK,2027-09-17
2026-01-28,GME,C,1,0,1,OSTK,2027-12-17
2026-01-28,GME,C,27,0,27,OSTK,2028-01-21
2026-01-28,GME,C,26,0,34,OSTK,2028-06-16
2026-01-28,GME,C,15,0,15,OSTK,2028-12-15
2026-01-28,GME,D,6870,0,5540,OSTK,2026-01-30
2026-01-28,GME,D,1482,0,1122,OSTK,2026-02-06
2026-01-28,GME,D,774,0,470,OSTK,2026-02-13
2026-01-28,GME,D,1238,0,968,OSTK,2026-02-20
2026-01-28,GME,D,458,0,430,OSTK,2026-02-27
2026-01-28,GME,D,79,0,77,OSTK,2026-03-06
2026-01-28,GME,D,997,0,867,OSTK,2026-03-20
2026-01-28,GME,D,378,40,336,OSTK,2026-04-17
2026-01-28,GME,D,215,0,205,OSTK,2026-06-18
2026-01-28,GME,D,24,0,18,OSTK,2026-07-17
2026-01-28,GME,D,14,0,14,OSTK,2026-09-18
2026-01-28,GME,D,92,0,92,OSTK,2026-10-16
2026-01-28,GME,D,60,0,60,OSTK,2026-12-18
2026-01-28,GME,D,46,0,46,OSTK,2027-01-15
2026-01-28,GME,D,73,0,73,OSTK,2027-09-17
2026-01-28,GME,D,1,0,1,OSTK,2027-12-17
2026-01-28,GME,D,11,0,11,OSTK,2028-01-21
2026-01-28,GME,D,2,0,2,OSTK,2028-12-15
2026-01-28,GME,E,4661,25,4894,OSTK,2026-01-30
2026-01-28,GME,E,1054,0,1096,OSTK,2026-02-06
2026-01-28,GME,E,174,0,224,OSTK,2026-02-13
2026-01-28,GME,E,700,0,766,OSTK,2026-02-20
2026-01-28,GME,E,51,0,51,OSTK,2026-02-27
2026-01-28,GME,E,9,0,9,OSTK,2026-03-06
2026-01-28,GME,E,347,0,307,OSTK,2026-03-20
2026-01-28,GME,E,230,0,180,OSTK,2026-04-17
2026-01-28,GME,E,10,0,10,OSTK,2026-06-18
2026-01-28,GME,E,11,0,11,OSTK,2026-07-17
2026-01-28,GME,E,1,0,1,OSTK,2026-09-18
2026-01-28,GME,E,9,0,9,OSTK,2026-10-16
2026-01-28,GME,E,1,0,1,OSTK,2026-12-18
2026-01-28,GME,E,8,0,8,OSTK,2027-01-15
2026-01-28,GME,E,2,0,2,OSTK,2027-09-17
2026-01-28,GME,E,11,0,11,OSTK,2028-01-21
2026-01-28,GME,H,6903,0,4985,OSTK,2026-01-30
2026-01-28,GME,H,1002,0,792,OSTK,2026-02-06
2026-01-28,GME,H,414,0,290,OSTK,2026-02-13
2026-01-28,GME,H,1243,0,933,OSTK,2026-02-20
2026-01-28,GME,H,113,0,109,OSTK,2026-02-27
2026-01-28,GME,H,54,0,50,OSTK,2026-03-06
2026-01-28,GME,H,1006,0,818,OSTK,2026-03-20
2026-01-28,GME,H,2,0,2,OSTK,2026-04-17
2026-01-28,GME,H,82,0,82,OSTK,2026-06-18
2026-01-28,GME,H,120,0,120,OSTK,2026-07-17
2026-01-28,GME,H,15,0,15,OSTK,2026-09-18
2026-01-28,GME,H,31,0,31,OSTK,2026-10-16
2026-01-28,GME,H,13,0,13,OSTK,2026-12-18
2026-01-28,GME,H,28,0,28,OSTK,2027-01-15
2026-01-28,GME,H,36,0,36,OSTK,2027-09-17
2026-01-28,GME,H,1,0,1,OSTK,2027-12-17
2026-01-28,GME,H,149,0,127,OSTK,2028-01-21
2026-01-28,GME,I,7682,13,7253,OSTK,2026-01-30
2026-01-28,GME,I,2088,0,1720,OSTK,2026-02-06
2026-01-28,GME,I,1674,0,1670,OSTK,2026-02-13
2026-01-28,GME,I,1072,0,1080,OSTK,2026-02-20
2026-01-28,GME,I,365,0,363,OSTK,2026-02-27
2026-01-28,GME,I,45,0,45,OSTK,2026-03-06
2026-01-28,GME,I,451,0,449,OSTK,2026-03-20
2026-01-28,GME,I,753,0,751,OSTK,2026-04-17
2026-01-28,GME,I,368,0,368,OSTK,2026-06-18
2026-01-28,GME,I,23,0,23,OSTK,2026-07-17
2026-01-28,GME,I,64,0,64,OSTK,2026-09-18
2026-01-28,GME,I,207,0,207,OSTK,2026-10-16
2026-01-28,GME,I,68,0,68,OSTK,2026-12-18
2026-01-28,GME,I,31,0,31,OSTK,2027-01-15
2026-01-28,GME,I,89,0,89,OSTK,2027-09-17
2026-01-28,GME,I,77,0,77,OSTK,2027-12-17
2026-01-28,GME,I,77,0,77,OSTK,2028-01-21
2026-01-28,GME,I,37,0,37,OSTK,2028-06-16
2026-01-28,GME,I,15,0,15,OSTK,2028-12-15
2026-01-28,GME,J,9668,0,5292,OSTK,2026-01-30
2026-01-28,GME,J,2021,0,1217,OSTK,2026-02-06
2026-01-28,GME,J,140,0,138,OSTK,2026-02-13
2026-01-28,GME,J,1437,0,1133,OSTK,2026-02-20
2026-01-28,GME,J,179,0,179,OSTK,2026-02-27
2026-01-28,GME,J,53,0,53,OSTK,2026-03-06
2026-01-28,GME,J,247,0,237,OSTK,2026-03-20
2026-01-28,GME,J,10,0,10,OSTK,2026-04-17
2026-01-28,GME,J,91,0,91,OSTK,2026-06-18
2026-01-28,GME,J,614,0,614,OSTK,2026-07-17
2026-01-28,GME,J,19,0,9,OSTK,2026-10-16
2026-01-28,GME,J,4,0,4,OSTK,2026-12-18
2026-01-28,GME,J,58,0,58,OSTK,2027-01-15
2026-01-28,GME,J,89,0,89,OSTK,2027-12-17
2026-01-28,GME,J,119,0,119,OSTK,2028-01-21
2026-01-28,GME,J,1,0,1,OSTK,2028-06-16
2026-01-28,GME,L,3866,0,3488,OSTK,2026-01-30
2026-01-28,GME,L,1172,0,1234,OSTK,2026-02-06
2026-01-28,GME,L,329,0,317,OSTK,2026-02-13
2026-01-28,GME,L,490,0,448,OSTK,2026-02-20
2026-01-28,GME,L,69,0,61,OSTK,2026-02-27
2026-01-28,GME,L,60,0,60,OSTK,2026-03-06
2026-01-28,GME,L,676,0,674,OSTK,2026-03-20
2026-01-28,GME,L,309,0,309,OSTK,2026-04-17
2026-01-28,GME,L,416,0,416,OSTK,2026-06-18
2026-01-28,GME,L,144,0,144,OSTK,2026-07-17
2026-01-28,GME,L,1,0,1,OSTK,2026-09-18
2026-01-28,GME,L,19,0,19,OSTK,2026-10-16
2026-01-28,GME,L,35,0,31,OSTK,2027-01-15
2026-01-28,GME,L,1,0,1,OSTK,2027-09-17
2026-01-28,GME,L,11,0,11,OSTK,2027-12-17
2026-01-28,GME,L,119,0,119,OSTK,2028-01-21
2026-01-28,GME,L,5,0,5,OSTK,2028-12-15
2026-01-28,GME,M,12555,5,12578,OSTK,2026-01-30
2026-01-28,GME,M,2332,0,2384,OSTK,2026-02-06
2026-01-28,GME,M,1396,0,1406,OSTK,2026-02-13
2026-01-28,GME,M,1549,0,1541,OSTK,2026-02-20
2026-01-28,GME,M,201,0,199,OSTK,2026-02-27
2026-01-28,GME,M,171,0,171,OSTK,2026-03-06
2026-01-28,GME,M,1549,0,1549,OSTK,2026-03-20
2026-01-28,GME,M,592,0,592,OSTK,2026-04-17
2026-01-28,GME,M,311,0,319,OSTK,2026-06-18
2026-01-28,GME,M,282,0,282,OSTK,2026-07-17
2026-01-28,GME,M,21,0,21,OSTK,2026-09-18
2026-01-28,GME,M,145,0,145,OSTK,2026-10-16
2026-01-28,GME,M,11,0,11,OSTK,2026-12-18
2026-01-28,GME,M,110,0,110,OSTK,2027-01-15
2026-01-28,GME,M,42,0,42,OSTK,2027-09-17
2026-01-28,GME,M,64,0,64,OSTK,2027-12-17
2026-01-28,GME,M,67,0,67,OSTK,2028-01-21
2026-01-28,GME,M,30,0,30,OSTK,2028-06-16
2026-01-28,GME,M,22,0,22,OSTK,2028-12-15
2026-01-28,GME,P,9445,11,5996,OSTK,2026-01-30
2026-01-28,GME,P,2789,0,2383,OSTK,2026-02-06
2026-01-28,GME,P,401,0,341,OSTK,2026-02-13
2026-01-28,GME,P,1616,0,1340,OSTK,2026-02-20
2026-01-28,GME,P,332,0,324,OSTK,2026-02-27
2026-01-28,GME,P,134,0,128,OSTK,2026-03-06
2026-01-28,GME,P,874,0,748,OSTK,2026-03-20
2026-01-28,GME,P,10,0,10,OSTK,2026-04-17
2026-01-28,GME,P,474,0,440,OSTK,2026-06-18
2026-01-28,GME,P,28,0,24,OSTK,2026-07-17
2026-01-28,GME,P,299,0,299,OSTK,2026-09-18
2026-01-28,GME,P,89,0,89,OSTK,2026-10-16
2026-01-28,GME,P,59,0,59,OSTK,2026-12-18
2026-01-28,GME,P,6,0,6,OSTK,2027-01-15
2026-01-28,GME,P,75,0,75,OSTK,2027-09-17
2026-01-28,GME,P,3,0,3,OSTK,2027-12-17
2026-01-28,GME,P,56,0,56,OSTK,2028-01-21
2026-01-28,GME,P,187,0,187,OSTK,2028-06-16
2026-01-28,GME,P,26,0,26,OSTK,2028-12-15
2026-01-28,GME,Q,2981,21,3158,OSTK,2026-01-30
2026-01-28,GME,Q,259,0,345,OSTK,2026-02-06
2026-01-28,GME,Q,86,0,92,OSTK,2026-02-13
2026-01-28,GME,Q,266,250,614,OSTK,2026-02-20
2026-01-28,GME,Q,0,0,8,OSTK,2026-02-27
2026-01-28,GME,Q,0,0,26,OSTK,2026-03-06
2026-01-28,GME,Q,98,0,128,OSTK,2026-03-20
2026-01-28,GME,Q,44,0,56,OSTK,2026-04-17
2026-01-28,GME,Q,44,0,56,OSTK,2026-06-18
2026-01-28,GME,Q,10,0,10,OSTK,2026-07-17
2026-01-28,GME,Q,8,0,8,OSTK,2026-09-18
2026-01-28,GME,Q,5,0,7,OSTK,2026-10-16
2026-01-28,GME,Q,21,0,21,OSTK,2026-12-18
2026-01-28,GME,Q,2,0,2,OSTK,2027-01-15
2026-01-28,GME,Q,1,0,1,OSTK,2027-09-17
2026-01-28,GME,Q,0,0,2,OSTK,2028-01-21
2026-01-28,GME,R,4503,16,3811,OSTK,2026-01-30
2026-01-28,GME,R,1341,0,1383,OSTK,2026-02-06
2026-01-28,GME,R,348,0,350,OSTK,2026-02-13
2026-01-28,GME,R,1894,0,2016,OSTK,2026-02-20
2026-01-28,GME,R,574,0,572,OSTK,2026-02-27
2026-01-28,GME,R,55,0,55,OSTK,2026-03-06
2026-01-28,GME,R,830,0,826,OSTK,2026-03-20
2026-01-28,GME,R,763,0,753,OSTK,2026-04-17
2026-01-28,GME,R,313,0,317,OSTK,2026-06-18
2026-01-28,GME,R,11,0,11,OSTK,2026-07-17
2026-01-28,GME,R,201,0,201,OSTK,2026-09-18
2026-01-28,GME,R,72,0,78,OSTK,2026-10-16
2026-01-28,GME,R,5,0,5,OSTK,2026-12-18
2026-01-28,GME,R,39,0,39,OSTK,2027-01-15
2026-01-28,GME,R,52,0,52,OSTK,2027-09-17
2026-01-28,GME,R,81,0,81,OSTK,2028-01-21
2026-01-28,GME,T,2335,0,2357,OSTK,2026-01-30
2026-01-28,GME,T,155,0,191,OSTK,2026-02-06
2026-01-28,GME,T,34,0,34,OSTK,2026-02-13
2026-01-28,GME,T,676,0,738,OSTK,2026-02-20
2026-01-28,GME,T,79,0,79,OSTK,2026-03-20
2026-01-28,GME,T,43,0,43,OSTK,2026-04-17
2026-01-28,GME,T,4,0,4,OSTK,2026-06-18
2026-01-28,GME,T,75,0,75,OSTK,2026-10-16
2026-01-28,GME,U,3561,0,4347,OSTK,2026-01-30
2026-01-28,GME,U,936,0,936,OSTK,2026-02-06
2026-01-28,GME,U,171,3,176,OSTK,2026-02-13
2026-01-28,GME,U,592,0,742,OSTK,2026-02-20
2026-01-28,GME,U,68,0,68,OSTK,2026-02-27
2026-01-28,GME,U,76,0,76,OSTK,2026-03-06
2026-01-28,GME,U,1286,0,1286,OSTK,2026-03-20
2026-01-28,GME,U,570,0,570,OSTK,2026-04-17
2026-01-28,GME,U,3,0,3,OSTK,2026-06-18
2026-01-28,GME,U,12,0,12,OSTK,2026-07-17
2026-01-28,GME,U,60,0,60,OSTK,2026-10-16
2026-01-28,GME,U,8,0,8,OSTK,2026-12-18
2026-01-28,GME,U,2,0,0,OSTK,2027-01-15
2026-01-28,GME,U,12,0,12,OSTK,2027-09-17
2026-01-28,GME,U,17,0,17,OSTK,2028-01-21
2026-01-28,GME,U,1,0,1,OSTK,2028-06-16
2026-01-28,GME,U,4,0,4,OSTK,2028-12-15
2026-01-28,GME,W,2066,41,2523,OSTK,2026-01-30
2026-01-28,GME,W,225,0,255,OSTK,2026-02-06
2026-01-28,GME,W,502,20,538,OSTK,2026-02-13
2026-01-28,GME,W,197,0,247,OSTK,2026-02-20
2026-01-28,GME,W,52,0,52,OSTK,2026-02-27
2026-01-28,GME,W,29,0,429,OSTK,2026-03-06
2026-01-28,GME,W,73,0,473,OSTK,2026-03-20
2026-01-28,GME,W,48,0,48,OSTK,2026-04-17
2026-01-28,GME,W,2,0,2,OSTK,2026-06-18
2026-01-28,GME,W,5,0,5,OSTK,2026-10-16
2026-01-28,GME,W,23,0,23,OSTK,2027-01-15
2026-01-28,GME,W,2,0,2,OSTK,2028-01-21
2026-01-28,GME,W,10,0,10,OSTK,2028-06-16
2026-01-28,GME,X,12897,11,12334,OSTK,2026-01-30
2026-01-28,GME,X,4253,0,4113,OSTK,2026-02-06
2026-01-28,GME,X,728,0,736,OSTK,2026-02-13
2026-01-28,GME,X,2821,0,2739,OSTK,2026-02-20
2026-01-28,GME,X,288,0,288,OSTK,2026-02-27
2026-01-28,GME,X,159,0,159,OSTK,2026-03-06
2026-01-28,GME,X,879,0,837,OSTK,2026-03-20
2026-01-28,GME,X,21,0,21,OSTK,2026-04-17
2026-01-28,GME,X,11,0,11,OSTK,2026-06-18
2026-01-28,GME,X,36,0,36,OSTK,2026-07-17
2026-01-28,GME,X,98,0,98,OSTK,2026-09-18
2026-01-28,GME,X,177,0,163,OSTK,2026-10-16
2026-01-28,GME,X,40,0,40,OSTK,2026-12-18
2026-01-28,GME,X,6,0,6,OSTK,2027-01-15
2026-01-28,GME,X,22,0,22,OSTK,2027-09-17
2026-01-28,GME,X,9,0,9,OSTK,2027-12-17
2026-01-28,GME,X,15,0,15,OSTK,2028-01-21
2026-01-28,GME,X,7,0,7,OSTK,2028-12-15
2026-01-28,GME,Z,2973,18,3043,OSTK,2026-01-30
2026-01-28,GME,Z,996,0,992,OSTK,2026-02-06
2026-01-28,GME,Z,473,10,467,OSTK,2026-02-13
2026-01-28,GME,Z,837,0,827,OSTK,2026-02-20
2026-01-28,GME,Z,71,0,69,OSTK,2026-02-27
2026-01-28,GME,Z,243,0,243,OSTK,2026-03-06
2026-01-28,GME,Z,291,0,281,OSTK,2026-03-20
2026-01-28,GME,Z,1,0,1,OSTK,2026-04-17
2026-01-28,GME,Z,2,0,2,OSTK,2026-06-18
2026-01-28,GME,Z,649,0,641,OSTK,2026-07-17
2026-01-28,GME,Z,6,0,6,OSTK,2026-09-18
2026-01-28,GME,Z,1,0,1,OSTK,2026-10-16
2026-01-28,GME,Z,7,0,7,OSTK,2026-12-18
2026-01-28,GME,Z,10,0,10,OSTK,2027-01-15
2026-01-28,GME,Z,110,0,100,OSTK,2027-09-17
2026-01-28,GME,Z,0,0,4,OSTK,2027-12-17
2026-01-28,GME,Z,41,0,41,OSTK,2028-01-21
2026-01-28,GME,Z,21,0,21,OSTK,2028-12-15
2026-01-29,GME,A,6718,0,6604,OSTK,2026-01-30
2026-01-29,GME,A,3046,0,3018,OSTK,2026-02-06
2026-01-29,GME,A,482,0,442,OSTK,2026-02-13
2026-01-29,GME,A,902,0,1192,OSTK,2026-02-20
2026-01-29,GME,A,70,0,70,OSTK,2026-02-27
2026-01-29,GME,A,58,0,58,OSTK,2026-03-06
2026-01-29,GME,A,1,0,1,OSTK,2026-03-13
2026-01-29,GME,A,547,0,549,OSTK,2026-03-20
2026-01-29,GME,A,16,0,16,OSTK,2026-04-17
2026-01-29,GME,A,1,0,1,OSTK,2026-06-18
2026-01-29,GME,A,15,0,15,OSTK,2026-07-17
2026-01-29,GME,A,19,0,19,OSTK,2026-09-18
2026-01-29,GME,A,157,0,157,OSTK,2026-10-16
2026-01-29,GME,A,61,0,61,OSTK,2026-12-18
2026-01-29,GME,A,25,0,25,OSTK,2027-01-15
2026-01-29,GME,A,8,0,8,OSTK,2027-09-17
2026-01-29,GME,A,80,0,80,OSTK,2027-12-17
2026-01-29,GME,A,12,0,12,OSTK,2028-01-21
2026-01-29,GME,A,41,0,41,OSTK,2028-12-15
2026-01-29,GME,B,4185,0,3939,OSTK,2026-01-30
2026-01-29,GME,B,1726,0,1726,OSTK,2026-02-06
2026-01-29,GME,B,563,0,563,OSTK,2026-02-13
2026-01-29,GME,B,1043,0,1043,OSTK,2026-02-20
2026-01-29,GME,B,290,0,290,OSTK,2026-02-27
2026-01-29,GME,B,749,0,749,OSTK,2026-03-06
2026-01-29,GME,B,6,0,6,OSTK,2026-03-13
2026-01-29,GME,B,504,0,504,OSTK,2026-03-20
2026-01-29,GME,B,50,0,50,OSTK,2026-04-17
2026-01-29,GME,B,26,0,26,OSTK,2026-06-18
2026-01-29,GME,B,23,0,23,OSTK,2026-07-17
2026-01-29,GME,B,6,0,6,OSTK,2026-09-18
2026-01-29,GME,B,2,0,2,OSTK,2026-10-16
2026-01-29,GME,B,20,0,20,OSTK,2026-12-18
2026-01-29,GME,B,68,0,68,OSTK,2027-01-15
2026-01-29,GME,B,1,0,1,OSTK,2027-09-17
2026-01-29,GME,B,2,0,2,OSTK,2027-12-17
2026-01-29,GME,B,75,0,75,OSTK,2028-01-21
2026-01-29,GME,C,15279,0,13105,OSTK,2026-01-30
2026-01-29,GME,C,6589,0,6473,OSTK,2026-02-06
2026-01-29,GME,C,1242,0,1156,OSTK,2026-02-13
2026-01-29,GME,C,3586,0,3484,OSTK,2026-02-20
2026-01-29,GME,C,453,0,429,OSTK,2026-02-27
2026-01-29,GME,C,469,0,469,OSTK,2026-03-06
2026-01-29,GME,C,7,0,7,OSTK,2026-03-13
2026-01-29,GME,C,1138,0,1074,OSTK,2026-03-20
2026-01-29,GME,C,1948,0,1916,OSTK,2026-04-17
2026-01-29,GME,C,6,0,2,OSTK,2026-06-18
2026-01-29,GME,C,45,0,45,OSTK,2026-07-17
2026-01-29,GME,C,26,0,24,OSTK,2026-09-18
2026-01-29,GME,C,359,0,293,OSTK,2026-10-16
2026-01-29,GME,C,138,0,136,OSTK,2026-12-18
2026-01-29,GME,C,5,0,5,OSTK,2027-01-15
2026-01-29,GME,C,3,0,3,OSTK,2027-09-17
2026-01-29,GME,C,12,0,12,OSTK,2027-12-17
2026-01-29,GME,C,24,0,24,OSTK,2028-01-21
2026-01-29,GME,C,47,0,47,OSTK,2028-12-15
2026-01-29,GME,D,5302,0,4122,OSTK,2026-01-30
2026-01-29,GME,D,2837,0,2209,OSTK,2026-02-06
2026-01-29,GME,D,911,0,763,OSTK,2026-02-13
2026-01-29,GME,D,1123,0,813,OSTK,2026-02-20
2026-01-29,GME,D,332,0,238,OSTK,2026-02-27
2026-01-29,GME,D,224,0,84,OSTK,2026-03-06
2026-01-29,GME,D,12,0,12,OSTK,2026-03-13
2026-01-29,GME,D,923,0,799,OSTK,2026-03-20
2026-01-29,GME,D,456,0,452,OSTK,2026-04-17
2026-01-29,GME,D,193,0,181,OSTK,2026-06-18
2026-01-29,GME,D,27,0,27,OSTK,2026-07-17
2026-01-29,GME,D,6,0,6,OSTK,2026-09-18
2026-01-29,GME,D,71,0,71,OSTK,2026-10-16
2026-01-29,GME,D,25,0,25,OSTK,2026-12-18
2026-01-29,GME,D,183,0,167,OSTK,2027-01-15
2026-01-29,GME,D,5,0,5,OSTK,2027-09-17
2026-01-29,GME,D,44,0,44,OSTK,2027-12-17
2026-01-29,GME,D,32,0,32,OSTK,2028-01-21
2026-01-29,GME,D,13,0,3,OSTK,2028-12-15
2026-01-29,GME,E,3963,0,4065,OSTK,2026-01-30
2026-01-29,GME,E,1717,0,1713,OSTK,2026-02-06
2026-01-29,GME,E,488,0,488,OSTK,2026-02-13
2026-01-29,GME,E,1310,0,1314,OSTK,2026-02-20
2026-01-29,GME,E,35,0,35,OSTK,2026-02-27
2026-01-29,GME,E,36,0,36,OSTK,2026-03-06
2026-01-29,GME,E,206,0,206,OSTK,2026-03-20
2026-01-29,GME,E,7,0,7,OSTK,2026-04-17
2026-01-29,GME,E,212,0,212,OSTK,2026-06-18
2026-01-29,GME,E,11,0,11,OSTK,2026-09-18
2026-01-29,GME,E,15,0,15,OSTK,2026-10-16
2026-01-29,GME,E,3,0,3,OSTK,2026-12-18
2026-01-29,GME,E,14,0,16,OSTK,2027-01-15
2026-01-29,GME,E,21,0,21,OSTK,2027-12-17
2026-01-29,GME,E,10,0,10,OSTK,2028-06-16
2026-01-29,GME,E,2,0,2,OSTK,2028-12-15
2026-01-29,GME,H,3885,0,2183,OSTK,2026-01-30
2026-01-29,GME,H,1413,0,977,OSTK,2026-02-06
2026-01-29,GME,H,235,0,139,OSTK,2026-02-13
2026-01-29,GME,H,843,0,669,OSTK,2026-02-20
2026-01-29,GME,H,161,78,73,OSTK,2026-02-27
2026-01-29,GME,H,50,0,50,OSTK,2026-03-06
2026-01-29,GME,H,1,0,1,OSTK,2026-03-13
2026-01-29,GME,H,516,0,362,OSTK,2026-03-20
2026-01-29,GME,H,1,0,1,OSTK,2026-04-17
2026-01-29,GME,H,2,0,2,OSTK,2026-06-18
2026-01-29,GME,H,20,0,12,OSTK,2026-07-17
2026-01-29,GME,H,11,0,5,OSTK,2026-09-18
2026-01-29,GME,H,21,0,21,OSTK,2026-10-16
2026-01-29,GME,H,11,0,11,OSTK,2026-12-18
2026-01-29,GME,H,2,0,2,OSTK,2027-01-15
2026-01-29,GME,H,26,0,20,OSTK,2027-09-17
2026-01-29,GME,H,1,0,1,OSTK,2027-12-17
2026-01-29,GME,H,2,0,2,OSTK,2028-01-21
2026-01-29,GME,H,10,0,10,OSTK,2028-12-15
2026-01-29,GME,I,6339,0,6207,OSTK,2026-01-30
2026-01-29,GME,I,2616,0,2578,OSTK,2026-02-06
2026-01-29,GME,I,648,0,648,OSTK,2026-02-13
2026-01-29,GME,I,977,0,979,OSTK,2026-02-20
2026-01-29,GME,I,106,0,106,OSTK,2026-02-27
2026-01-29,GME,I,33,0,33,OSTK,2026-03-06
2026-01-29,GME,I,615,0,615,OSTK,2026-03-20
2026-01-29,GME,I,1,0,1,OSTK,2026-04-17
2026-01-29,GME,I,418,0,418,OSTK,2026-06-18
2026-01-29,GME,I,39,0,39,OSTK,2026-07-17
2026-01-29,GME,I,16,0,16,OSTK,2026-09-18
2026-01-29,GME,I,179,0,179,OSTK,2026-10-16
2026-01-29,GME,I,73,0,73,OSTK,2026-12-18
2026-01-29,GME,I,2,0,2,OSTK,2027-01-15
2026-01-29,GME,I,21,0,21,OSTK,2027-09-17
2026-01-29,GME,I,8,0,8,OSTK,2027-12-17
2026-01-29,GME,I,12,0,10,OSTK,2028-01-21
2026-01-29,GME,I,5,0,5,OSTK,2028-12-15
2026-01-29,GME,J,12279,0,6821,OSTK,2026-01-30
2026-01-29,GME,J,2044,0,1422,OSTK,2026-02-06
2026-01-29,GME,J,397,0,345,OSTK,2026-02-13
2026-01-29,GME,J,1347,0,827,OSTK,2026-02-20
2026-01-29,GME,J,59,0,51,OSTK,2026-02-27
2026-01-29,GME,J,178,0,178,OSTK,2026-03-06
2026-01-29,GME,J,5,0,5,OSTK,2026-03-13
2026-01-29,GME,J,1773,0,1639,OSTK,2026-03-20
2026-01-29,GME,J,278,0,244,OSTK,2026-04-17
2026-01-29,GME,J,210,0,208,OSTK,2026-06-18
2026-01-29,GME,J,5,0,5,OSTK,2026-07-17
2026-01-29,GME,J,101,0,101,OSTK,2026-09-18
2026-01-29,GME,J,23,0,23,OSTK,2026-10-16
2026-01-29,GME,J,1,0,1,OSTK,2026-12-18
2026-01-29,GME,J,3,0,3,OSTK,2027-01-15
2026-01-29,GME,J,39,0,39,OSTK,2027-12-17
2026-01-29,GME,J,2,0,2,OSTK,2028-01-21
2026-01-29,GME,L,6724,0,5232,OSTK,2026-01-30
2026-01-29,GME,L,3339,0,3241,OSTK,2026-02-06
2026-01-29,GME,L,463,0,463,OSTK,2026-02-13
2026-01-29,GME,L,1365,0,1341,OSTK,2026-02-20
2026-01-29,GME,L,28,0,28,OSTK,2026-02-27
2026-01-29,GME,L,116,0,116,OSTK,2026-03-06
2026-01-29,GME,L,3,0,3,OSTK,2026-03-13
2026-01-29,GME,L,368,0,364,OSTK,2026-03-20
2026-01-29,GME,L,673,0,673,OSTK,2026-04-17
2026-01-29,GME,L,211,0,191,OSTK,2026-06-18
2026-01-29,GME,L,3,0,3,OSTK,2026-07-17
2026-01-29,GME,L,5,0,5,OSTK,2026-09-18
2026-01-29,GME,L,68,0,68,OSTK,2026-10-16
2026-01-29,GME,L,13,0,13,OSTK,2026-12-18
2026-01-29,GME,L,152,0,152,OSTK,2027-01-15
2026-01-29,GME,L,10,0,10,OSTK,2027-12-17
2026-01-29,GME,L,504,0,504,OSTK,2028-01-21
2026-01-29,GME,M,10921,0,10863,OSTK,2026-01-30
2026-01-29,GME,M,4689,0,4683,OSTK,2026-02-06
2026-01-29,GME,M,583,0,589,OSTK,2026-02-13
2026-01-29,GME,M,2586,0,2590,OSTK,2026-02-20
2026-01-29,GME,M,431,0,431,OSTK,2026-02-27
2026-01-29,GME,M,86,0,86,OSTK,2026-03-06
2026-01-29,GME,M,34,0,34,OSTK,2026-03-13
2026-01-29,GME,M,1412,0,1412,OSTK,2026-03-20
2026-01-29,GME,M,834,0,838,OSTK,2026-04-17
2026-01-29,GME,M,347,0,347,OSTK,2026-06-18
2026-01-29,GME,M,24,0,24,OSTK,2026-07-17
2026-01-29,GME,M,4,0,4,OSTK,2026-09-18
2026-01-29,GME,M,85,0,85,OSTK,2026-10-16
2026-01-29,GME,M,20,0,20,OSTK,2026-12-18
2026-01-29,GME,M,212,0,212,OSTK,2027-01-15
2026-01-29,GME,M,15,0,15,OSTK,2027-09-17
2026-01-29,GME,M,356,0,356,OSTK,2027-12-17
2026-01-29,GME,M,12,0,12,OSTK,2028-01-21
2026-01-29,GME,M,1,0,1,OSTK,2028-06-16
2026-01-29,GME,M,32,0,32,OSTK,2028-12-15
2026-01-29,GME,P,6414,5,4809,OSTK,2026-01-30
2026-01-29,GME,P,3003,0,2467,OSTK,2026-02-06
2026-01-29,GME,P,760,0,496,OSTK,2026-02-13
2026-01-29,GME,P,2925,0,2621,OSTK,2026-02-20
2026-01-29,GME,P,337,0,307,OSTK,2026-02-27
2026-01-29,GME,P,125,0,123,OSTK,2026-03-06
2026-01-29,GME,P,2,0,2,OSTK,2026-03-13
2026-01-29,GME,P,1679,0,1475,OSTK,2026-03-20
2026-01-29,GME,P,1039,10,923,OSTK,2026-04-17
2026-01-29,GME,P,15,0,15,OSTK,2026-06-18
2026-01-29,GME,P,22,0,22,OSTK,2026-07-17
2026-01-29,GME,P,75,0,75,OSTK,2026-09-18
2026-01-29,GME,P,251,0,251,OSTK,2026-10-16
2026-01-29,GME,P,51,0,51,OSTK,2026-12-18
2026-01-29,GME,P,89,0,89,OSTK,2027-01-15
2026-01-29,GME,P,306,0,268,OSTK,2027-09-17
2026-01-29,GME,P,9,0,9,OSTK,2027-12-17
2026-01-29,GME,P,143,0,143,OSTK,2028-01-21
2026-01-29,GME,P,9,0,9,OSTK,2028-06-16
2026-01-29,GME,P,44,0,44,OSTK,2028-12-15
2026-01-29,GME,Q,2351,0,2353,OSTK,2026-01-30
2026-01-29,GME,Q,880,0,906,OSTK,2026-02-06
2026-01-29,GME,Q,21,0,31,OSTK,2026-02-13
2026-01-29,GME,Q,355,0,423,OSTK,2026-02-20
2026-01-29,GME,Q,25,0,31,OSTK,2026-02-27
2026-01-29,GME,Q,1,0,7,OSTK,2026-03-06
2026-01-29,GME,Q,115,0,191,OSTK,2026-03-20
2026-01-29,GME,Q,32,0,44,OSTK,2026-04-17
2026-01-29,GME,Q,8,0,8,OSTK,2026-06-18
2026-01-29,GME,Q,2,0,2,OSTK,2026-10-16
2026-01-29,GME,Q,1,0,19,OSTK,2026-12-18
2026-01-29,GME,Q,1,0,1,OSTK,2027-01-15
2026-01-29,GME,Q,175,0,179,OSTK,2027-09-17
2026-01-29,GME,Q,19,0,41,OSTK,2027-12-17
2026-01-29,GME,Q,0,0,10,OSTK,2028-12-15
2026-01-29,GME,R,5486,0,4978,OSTK,2026-01-30
2026-01-29,GME,R,1134,0,1326,OSTK,2026-02-06
2026-01-29,GME,R,482,0,482,OSTK,2026-02-13
2026-01-29,GME,R,769,0,1057,OSTK,2026-02-20
2026-01-29,GME,R,155,0,155,OSTK,2026-02-27
2026-01-29,GME,R,413,0,415,OSTK,2026-03-06
2026-01-29,GME,R,4,0,4,OSTK,2026-03-13
2026-01-29,GME,R,1173,0,1173,OSTK,2026-03-20
2026-01-29,GME,R,603,0,677,OSTK,2026-04-17
2026-01-29,GME,R,105,0,105,OSTK,2026-06-18
2026-01-29,GME,R,18,0,16,OSTK,2026-07-17
2026-01-29,GME,R,28,0,28,OSTK,2026-09-18
2026-01-29,GME,R,57,0,57,OSTK,2026-10-16
2026-01-29,GME,R,19,0,29,OSTK,2026-12-18
2026-01-29,GME,R,291,0,351,OSTK,2027-01-15
2026-01-29,GME,R,4,0,4,OSTK,2027-09-17
2026-01-29,GME,R,1,0,1,OSTK,2027-12-17
2026-01-29,GME,R,37,0,37,OSTK,2028-01-21
2026-01-29,GME,R,47,0,47,OSTK,2028-12-15
2026-01-29,GME,T,2817,0,2813,OSTK,2026-01-30
2026-01-29,GME,T,1488,0,1500,OSTK,2026-02-06
2026-01-29,GME,T,10,0,10,OSTK,2026-02-13
2026-01-29,GME,T,320,0,320,OSTK,2026-02-20
2026-01-29,GME,T,15,0,17,OSTK,2026-02-27
2026-01-29,GME,T,42,2,44,OSTK,2026-04-17
2026-01-29,GME,T,5,0,7,OSTK,2026-06-18
2026-01-29,GME,T,1,0,1,OSTK,2026-07-17
2026-01-29,GME,T,1,0,1,OSTK,2026-10-16
2026-01-29,GME,T,1,0,1,OSTK,2027-01-15
2026-01-29,GME,T,2,0,2,OSTK,2028-01-21
2026-01-29,GME,U,4354,0,4418,OSTK,2026-01-30
2026-01-29,GME,U,1443,0,1597,OSTK,2026-02-06
2026-01-29,GME,U,119,18,139,OSTK,2026-02-13
2026-01-29,GME,U,392,1,421,OSTK,2026-02-20
2026-01-29,GME,U,315,0,315,OSTK,2026-02-27
2026-01-29,GME,U,321,0,321,OSTK,2026-03-06
2026-01-29,GME,U,430,0,428,OSTK,2026-03-20
2026-01-29,GME,U,1,0,1,OSTK,2026-04-17
2026-01-29,GME,U,36,0,36,OSTK,2026-06-18
2026-01-29,GME,U,102,0,104,OSTK,2026-07-17
2026-01-29,GME,U,74,0,74,OSTK,2026-10-16
2026-01-29,GME,U,15,0,15,OSTK,2026-12-18
2026-01-29,GME,U,8,0,6,OSTK,2027-01-15
2026-01-29,GME,U,10,0,10,OSTK,2027-09-17
2026-01-29,GME,U,4,0,4,OSTK,2027-12-17
2026-01-29,GME,U,8,0,8,OSTK,2028-01-21
2026-01-29,GME,W,3627,0,3757,OSTK,2026-01-30
2026-01-29,GME,W,871,0,877,OSTK,2026-02-06
2026-01-29,GME,W,68,32,100,OSTK,2026-02-13
2026-01-29,GME,W,217,13,230,OSTK,2026-02-20
2026-01-29,GME,W,20,41,61,OSTK,2026-02-27
2026-01-29,GME,W,109,0,109,OSTK,2026-03-06
2026-01-29,GME,W,154,0,170,OSTK,2026-03-20
2026-01-29,GME,W,171,0,171,OSTK,2026-04-17
2026-01-29,GME,W,225,0,225,OSTK,2026-06-18
2026-01-29,GME,W,4,0,4,OSTK,2026-07-17
2026-01-29,GME,W,13,0,13,OSTK,2026-09-18
2026-01-29,GME,W,6,0,6,OSTK,2026-10-16
2026-01-29,GME,W,14,0,14,OSTK,2027-01-15
2026-01-29,GME,W,14,0,20,OSTK,2027-09-17
2026-01-29,GME,W,2,0,2,OSTK,2027-12-17
2026-01-29,GME,W,3,0,3,OSTK,2028-01-21
2026-01-29,GME,W,0,0,108,OSTK,2028-12-15
2026-01-29,GME,X,12970,0,11728,OSTK,2026-01-30
2026-01-29,GME,X,6392,0,5930,OSTK,2026-02-06
2026-01-29,GME,X,692,0,662,OSTK,2026-02-13
2026-01-29,GME,X,2081,0,2035,OSTK,2026-02-20
2026-01-29,GME,X,511,0,507,OSTK,2026-02-27
2026-01-29,GME,X,853,0,853,OSTK,2026-03-06
2026-01-29,GME,X,4,0,4,OSTK,2026-03-13
2026-01-29,GME,X,1759,0,1623,OSTK,2026-03-20
2026-01-29,GME,X,10,0,10,OSTK,2026-04-17
2026-01-29,GME,X,13,0,13,OSTK,2026-06-18
2026-01-29,GME,X,30,0,30,OSTK,2026-07-17
2026-01-29,GME,X,15,0,15,OSTK,2026-09-18
2026-01-29,GME,X,203,0,199,OSTK,2026-10-16
2026-01-29,GME,X,98,0,98,OSTK,2026-12-18
2026-01-29,GME,X,10,0,10,OSTK,2027-01-15
2026-01-29,GME,X,1,0,1,OSTK,2027-09-17
2026-01-29,GME,X,40,0,40,OSTK,2027-12-17
2026-01-29,GME,X,32,0,32,OSTK,2028-01-21
2026-01-29,GME,X,1,0,1,OSTK,2028-12-15
2026-01-29,GME,Z,2562,5,2005,OSTK,2026-01-30
2026-01-29,GME,Z,848,0,516,OSTK,2026-02-06
2026-01-29,GME,Z,274,0,202,OSTK,2026-02-13
2026-01-29,GME,Z,237,0,263,OSTK,2026-02-20
2026-01-29,GME,Z,107,1,106,OSTK,2026-02-27
2026-01-29,GME,Z,408,0,408,OSTK,2026-03-06
2026-01-29,GME,Z,393,0,387,OSTK,2026-03-20
2026-01-29,GME,Z,1,0,1,OSTK,2026-04-17
2026-01-29,GME,Z,40,0,40,OSTK,2026-06-18
2026-01-29,GME,Z,31,0,31,OSTK,2026-07-17
2026-01-29,GME,Z,1,0,1,OSTK,2026-09-18
2026-01-29,GME,Z,16,0,16,OSTK,2026-10-16
2026-01-29,GME,Z,52,0,52,OSTK,2026-12-18
2026-01-29,GME,Z,223,0,223,OSTK,2027-01-15
2026-01-29,GME,Z,9,0,9,OSTK,2027-09-17
2026-01-29,GME,Z,21,0,21,OSTK,2027-12-17
2026-01-29,GME,Z,9,0,9,OSTK,2028-01-21
2026-01-29,GME,Z,75,0,75,OSTK,2028-12-15
2026-01-30,GME,A,7972,0,8080,OSTK,2026-01-30
2026-01-30,GME,A,6059,216,6229,OSTK,2026-02-06
2026-01-30,GME,A,529,0,527,OSTK,2026-02-13
2026-01-30,GME,A,1670,0,1670,OSTK,2026-02-20
2026-01-30,GME,A,316,0,316,OSTK,2026-02-27
2026-01-30,GME,A,53,0,53,OSTK,2026-03-06
2026-01-30,GME,A,8,0,8,OSTK,2026-03-13
2026-01-30,GME,A,263,0,263,OSTK,2026-03-20
2026-01-30,GME,A,3,0,3,OSTK,2026-04-17
2026-01-30,GME,A,47,0,95,OSTK,2026-06-18
2026-01-30,GME,A,73,0,73,OSTK,2026-07-17
2026-01-30,GME,A,22,0,22,OSTK,2026-09-18
2026-01-30,GME,A,9,0,9,OSTK,2026-10-16
2026-01-30,GME,A,7,0,7,OSTK,2026-12-18
2026-01-30,GME,A,38,0,38,OSTK,2027-01-15
2026-01-30,GME,A,6,0,6,OSTK,2027-09-17
2026-01-30,GME,A,1,0,1,OSTK,2027-12-17
2026-01-30,GME,A,12,0,12,OSTK,2028-01-21
2026-01-30,GME,A,14,0,14,OSTK,2028-12-15
2026-01-30,GME,B,7156,0,7140,OSTK,2026-01-30
2026-01-30,GME,B,3350,506,3876,OSTK,2026-02-06
2026-01-30,GME,B,918,0,930,OSTK,2026-02-13
2026-01-30,GME,B,1164,0,1216,OSTK,2026-02-20
2026-01-30,GME,B,778,0,778,OSTK,2026-02-27
2026-01-30,GME,B,1063,0,1063,OSTK,2026-03-06
2026-01-30,GME,B,18,0,18,OSTK,2026-03-13
2026-01-30,GME,B,819,0,819,OSTK,2026-03-20
2026-01-30,GME,B,128,0,128,OSTK,2026-04-17
2026-01-30,GME,B,42,0,40,OSTK,2026-06-18
2026-01-30,GME,B,29,0,29,OSTK,2026-07-17
2026-01-30,GME,B,1,0,1,OSTK,2026-09-18
2026-01-30,GME,B,1,0,1,OSTK,2026-10-16
2026-01-30,GME,B,30,0,30,OSTK,2026-12-18
2026-01-30,GME,B,171,0,171,OSTK,2027-01-15
2026-01-30,GME,B,4,0,4,OSTK,2027-09-17
2026-01-30,GME,B,1,0,1,OSTK,2027-12-17
2026-01-30,GME,B,19,0,19,OSTK,2028-01-21
2026-01-30,GME,B,14,0,14,OSTK,2028-06-16
2026-01-30,GME,B,4,0,4,OSTK,2028-12-15
2026-01-30,GME,C,24070,0,23476,OSTK,2026-01-30
2026-01-30,GME,C,12512,240,12296,OSTK,2026-02-06
2026-01-30,GME,C,1250,0,1184,OSTK,2026-02-13
2026-01-30,GME,C,5247,0,4749,OSTK,2026-02-20
2026-01-30,GME,C,802,0,740,OSTK,2026-02-27
2026-01-30,GME,C,537,0,557,OSTK,2026-03-06
2026-01-30,GME,C,84,0,84,OSTK,2026-03-13
2026-01-30,GME,C,1817,0,1771,OSTK,2026-03-20
2026-01-30,GME,C,24,0,24,OSTK,2026-04-17
2026-01-30,GME,C,6,0,6,OSTK,2026-06-18
2026-01-30,GME,C,94,0,94,OSTK,2026-07-17
2026-01-30,GME,C,29,0,29,OSTK,2026-09-18
2026-01-30,GME,C,295,0,295,OSTK,2026-10-16
2026-01-30,GME,C,2,0,2,OSTK,2026-12-18
2026-01-30,GME,C,18,0,18,OSTK,2027-01-15
2026-01-30,GME,C,6,0,6,OSTK,2027-09-17
2026-01-30,GME,C,13,0,13,OSTK,2027-12-17
2026-01-30,GME,C,262,0,260,OSTK,2028-01-21
2026-01-30,GME,C,35,0,35,OSTK,2028-06-16
2026-01-30,GME,C,59,0,59,OSTK,2028-12-15
2026-01-30,GME,D,6856,0,6678,OSTK,2026-01-30
2026-01-30,GME,D,4581,47,3984,OSTK,2026-02-06
2026-01-30,GME,D,894,12,832,OSTK,2026-02-13
2026-01-30,GME,D,991,0,913,OSTK,2026-02-20
2026-01-30,GME,D,163,0,131,OSTK,2026-02-27
2026-01-30,GME,D,277,0,275,OSTK,2026-03-06
2026-01-30,GME,D,7,0,7,OSTK,2026-03-13
2026-01-30,GME,D,591,0,513,OSTK,2026-03-20
2026-01-30,GME,D,743,0,737,OSTK,2026-04-17
2026-01-30,GME,D,373,0,373,OSTK,2026-06-18
2026-01-30,GME,D,11,0,11,OSTK,2026-07-17
2026-01-30,GME,D,6,0,6,OSTK,2026-09-18
2026-01-30,GME,D,82,0,82,OSTK,2026-10-16
2026-01-30,GME,D,10,0,10,OSTK,2026-12-18
2026-01-30,GME,D,59,0,59,OSTK,2027-01-15
2026-01-30,GME,D,34,0,34,OSTK,2027-09-17
2026-01-30,GME,D,3,0,3,OSTK,2027-12-17
2026-01-30,GME,D,141,0,141,OSTK,2028-01-21
2026-01-30,GME,D,17,0,17,OSTK,2028-12-15
2026-01-30,GME,E,18665,0,18995,OSTK,2026-01-30
2026-01-30,GME,E,19755,87,20024,OSTK,2026-02-06
2026-01-30,GME,E,353,0,357,OSTK,2026-02-13
2026-01-30,GME,E,1436,0,1428,OSTK,2026-02-20
2026-01-30,GME,E,282,0,282,OSTK,2026-02-27
2026-01-30,GME,E,60,0,60,OSTK,2026-03-06
2026-01-30,GME,E,1,0,1,OSTK,2026-03-13
2026-01-30,GME,E,375,0,375,OSTK,2026-03-20
2026-01-30,GME,E,2,0,2,OSTK,2026-04-17
2026-01-30,GME,E,35,0,35,OSTK,2026-06-18
2026-01-30,GME,E,11,0,11,OSTK,2026-07-17
2026-01-30,GME,E,1,0,1,OSTK,2026-09-18
2026-01-30,GME,E,4,0,4,OSTK,2026-10-16
2026-01-30,GME,E,9,0,9,OSTK,2026-12-18
2026-01-30,GME,E,2,0,2,OSTK,2027-01-15
2026-01-30,GME,E,1,0,1,OSTK,2027-09-17
2026-01-30,GME,E,1,0,1,OSTK,2027-12-17
2026-01-30,GME,E,26,0,26,OSTK,2028-01-21
2026-01-30,GME,E,1,0,1,OSTK,2028-12-15
2026-01-30,GME,H,8100,0,5512,OSTK,2026-01-30
2026-01-30,GME,H,5030,19,4573,OSTK,2026-02-06
2026-01-30,GME,H,1097,0,1029,OSTK,2026-02-13
2026-01-30,GME,H,1696,0,1066,OSTK,2026-02-20
2026-01-30,GME,H,300,0,266,OSTK,2026-02-27
2026-01-30,GME,H,101,0,83,OSTK,2026-03-06
2026-01-30,GME,H,22,0,22,OSTK,2026-03-13
2026-01-30,GME,H,503,0,461,OSTK,2026-03-20
2026-01-30,GME,H,393,0,391,OSTK,2026-04-17
2026-01-30,GME,H,6,0,6,OSTK,2026-06-18
2026-01-30,GME,H,4,0,4,OSTK,2026-07-17
2026-01-30,GME,H,3,0,3,OSTK,2026-09-18
2026-01-30,GME,H,242,0,242,OSTK,2026-10-16
2026-01-30,GME,H,28,0,28,OSTK,2026-12-18
2026-01-30,GME,H,30,0,10,OSTK,2027-01-15
2026-01-30,GME,H,2,0,2,OSTK,2027-09-17
2026-01-30,GME,H,2,0,2,OSTK,2027-12-17
2026-01-30,GME,H,444,0,444,OSTK,2028-01-21
2026-01-30,GME,H,10,0,10,OSTK,2028-12-15
2026-01-30,GME,I,6817,0,6331,OSTK,2026-01-30
2026-01-30,GME,I,4632,63,4681,OSTK,2026-02-06
2026-01-30,GME,I,786,0,786,OSTK,2026-02-13
2026-01-30,GME,I,1659,0,1671,OSTK,2026-02-20
2026-01-30,GME,I,486,0,486,OSTK,2026-02-27
2026-01-30,GME,I,130,0,130,OSTK,2026-03-06
2026-01-30,GME,I,82,0,82,OSTK,2026-03-13
2026-01-30,GME,I,405,0,403,OSTK,2026-03-20
2026-01-30,GME,I,2,0,2,OSTK,2026-04-17
2026-01-30,GME,I,10,0,10,OSTK,2026-06-18
2026-01-30,GME,I,19,0,19,OSTK,2026-07-17
2026-01-30,GME,I,18,0,18,OSTK,2026-09-18
2026-01-30,GME,I,304,0,304,OSTK,2026-10-16
2026-01-30,GME,I,21,0,21,OSTK,2026-12-18
2026-01-30,GME,I,60,0,60,OSTK,2027-01-15
2026-01-30,GME,I,3,0,3,OSTK,2027-09-17
2026-01-30,GME,I,2,0,2,OSTK,2027-12-17
2026-01-30,GME,I,46,0,46,OSTK,2028-01-21
2026-01-30,GME,I,4,0,4,OSTK,2028-06-16
2026-01-30,GME,I,12,0,12,OSTK,2028-12-15
2026-01-30,GME,J,17216,0,7288,OSTK,2026-01-30
2026-01-30,GME,J,3464,17,2395,OSTK,2026-02-06
2026-01-30,GME,J,527,0,411,OSTK,2026-02-13
2026-01-30,GME,J,2026,0,1690,OSTK,2026-02-20
2026-01-30,GME,J,199,0,137,OSTK,2026-02-27
2026-01-30,GME,J,82,0,80,OSTK,2026-03-06
2026-01-30,GME,J,10,0,10,OSTK,2026-03-13
2026-01-30,GME,J,565,0,557,OSTK,2026-03-20
2026-01-30,GME,J,1,0,1,OSTK,2026-04-17
2026-01-30,GME,J,24,0,24,OSTK,2026-06-18
2026-01-30,GME,J,3,0,3,OSTK,2026-07-17
2026-01-30,GME,J,1,0,1,OSTK,2026-09-18
2026-01-30,GME,J,23,0,23,OSTK,2026-10-16
2026-01-30,GME,J,275,0,241,OSTK,2027-01-15
2026-01-30,GME,J,5,0,5,OSTK,2027-09-17
2026-01-30,GME,J,3,0,3,OSTK,2027-12-17
2026-01-30,GME,J,6,0,6,OSTK,2028-01-21
2026-01-30,GME,J,1,0,1,OSTK,2028-12-15
2026-01-30,GME,L,7376,0,6874,OSTK,2026-01-30
2026-01-30,GME,L,4929,39,4492,OSTK,2026-02-06
2026-01-30,GME,L,560,0,556,OSTK,2026-02-13
2026-01-30,GME,L,2198,0,2244,OSTK,2026-02-20
2026-01-30,GME,L,174,0,174,OSTK,2026-02-27
2026-01-30,GME,L,80,0,100,OSTK,2026-03-06
2026-01-30,GME,L,31,0,31,OSTK,2026-03-13
2026-01-30,GME,L,374,0,356,OSTK,2026-03-20
2026-01-30,GME,L,931,0,855,OSTK,2026-04-17
2026-01-30,GME,L,193,0,193,OSTK,2026-06-18
2026-01-30,GME,L,12,0,12,OSTK,2026-07-17
2026-01-30,GME,L,15,0,15,OSTK,2026-09-18
2026-01-30,GME,L,459,0,459,OSTK,2026-10-16
2026-01-30,GME,L,85,0,85,OSTK,2026-12-18
2026-01-30,GME,L,74,0,74,OSTK,2027-01-15
2026-01-30,GME,L,1,0,1,OSTK,2027-12-17
2026-01-30,GME,L,38,0,38,OSTK,2028-01-21
2026-01-30,GME,M,19502,0,19284,OSTK,2026-01-30
2026-01-30,GME,M,8927,107,8746,OSTK,2026-02-06
2026-01-30,GME,M,1185,0,1185,OSTK,2026-02-13
2026-01-30,GME,M,3684,39,3725,OSTK,2026-02-20
2026-01-30,GME,M,582,0,582,OSTK,2026-02-27
2026-01-30,GME,M,74,0,80,OSTK,2026-03-06
2026-01-30,GME,M,139,0,139,OSTK,2026-03-13
2026-01-30,GME,M,953,0,1013,OSTK,2026-03-20
2026-01-30,GME,M,828,0,828,OSTK,2026-04-17
2026-01-30,GME,M,238,0,238,OSTK,2026-06-18
2026-01-30,GME,M,52,0,52,OSTK,2026-07-17
2026-01-30,GME,M,11,0,11,OSTK,2026-09-18
2026-01-30,GME,M,134,0,134,OSTK,2026-10-16
2026-01-30,GME,M,8,0,8,OSTK,2026-12-18
2026-01-30,GME,M,241,0,241,OSTK,2027-01-15
2026-01-30,GME,M,6,0,6,OSTK,2027-09-17
2026-01-30,GME,M,36,0,36,OSTK,2028-01-21
2026-01-30,GME,M,3,0,3,OSTK,2028-06-16
2026-01-30,GME,M,13,0,13,OSTK,2028-12-15
2026-01-30,GME,P,16866,0,12458,OSTK,2026-01-30
2026-01-30,GME,P,8914,3,7433,OSTK,2026-02-06
2026-01-30,GME,P,1373,0,1183,OSTK,2026-02-13
2026-01-30,GME,P,4413,4,3967,OSTK,2026-02-20
2026-01-30,GME,P,734,0,706,OSTK,2026-02-27
2026-01-30,GME,P,174,0,152,OSTK,2026-03-06
2026-01-30,GME,P,33,0,33,OSTK,2026-03-13
2026-01-30,GME,P,1699,0,1331,OSTK,2026-03-20
2026-01-30,GME,P,4,0,4,OSTK,2026-04-17
2026-01-30,GME,P,5,0,5,OSTK,2026-06-18
2026-01-30,GME,P,59,0,57,OSTK,2026-07-17
2026-01-30,GME,P,10,0,10,OSTK,2026-09-18
2026-01-30,GME,P,17,0,17,OSTK,2026-10-16
2026-01-30,GME,P,15,0,15,OSTK,2026-12-18
2026-01-30,GME,P,447,0,377,OSTK,2027-01-15
2026-01-30,GME,P,11,0,13,OSTK,2027-09-17
2026-01-30,GME,P,6,0,6,OSTK,2027-12-17
2026-01-30,GME,P,271,0,231,OSTK,2028-01-21
2026-01-30,GME,P,47,0,47,OSTK,2028-06-16
2026-01-30,GME,P,17,0,17,OSTK,2028-12-15
2026-01-30,GME,Q,3572,0,4308,OSTK,2026-01-30
2026-01-30,GME,Q,1686,546,2438,OSTK,2026-02-06
2026-01-30,GME,Q,168,0,202,OSTK,2026-02-13
2026-01-30,GME,Q,443,306,1113,OSTK,2026-02-20
2026-01-30,GME,Q,0,0,26,OSTK,2026-02-27
2026-01-30,GME,Q,1,0,1,OSTK,2026-03-06
2026-01-30,GME,Q,203,200,535,OSTK,2026-03-20
2026-01-30,GME,Q,96,0,80,OSTK,2026-04-17
2026-01-30,GME,Q,0,0,130,OSTK,2026-06-18
2026-01-30,GME,Q,6,0,6,OSTK,2026-10-16
2026-01-30,GME,Q,138,0,138,OSTK,2027-01-15
2026-01-30,GME,Q,0,0,6,OSTK,2028-01-21
2026-01-30,GME,R,9955,0,7869,OSTK,2026-01-30
2026-01-30,GME,R,7782,31,7079,OSTK,2026-02-06
2026-01-30,GME,R,832,0,826,OSTK,2026-02-13
2026-01-30,GME,R,1884,0,1824,OSTK,2026-02-20
2026-01-30,GME,R,985,0,981,OSTK,2026-02-27
2026-01-30,GME,R,205,0,211,OSTK,2026-03-06
2026-01-30,GME,R,3,0,3,OSTK,2026-03-13
2026-01-30,GME,R,711,0,687,OSTK,2026-03-20
2026-01-30,GME,R,1040,100,918,OSTK,2026-04-17
2026-01-30,GME,R,272,0,272,OSTK,2026-06-18
2026-01-30,GME,R,20,0,20,OSTK,2026-07-17
2026-01-30,GME,R,5,0,5,OSTK,2026-09-18
2026-01-30,GME,R,34,0,36,OSTK,2026-10-16
2026-01-30,GME,R,13,0,13,OSTK,2026-12-18
2026-01-30,GME,R,274,0,224,OSTK,2027-01-15
2026-01-30,GME,R,8,0,8,OSTK,2027-09-17
2026-01-30,GME,R,2,0,2,OSTK,2027-12-17
2026-01-30,GME,R,16,0,136,OSTK,2028-01-21
2026-01-30,GME,R,1,0,1,OSTK,2028-06-16
2026-01-30,GME,R,38,0,38,OSTK,2028-12-15
2026-01-30,GME,T,3206,0,3386,OSTK,2026-01-30
2026-01-30,GME,T,1055,42,1211,OSTK,2026-02-06
2026-01-30,GME,T,11,0,17,OSTK,2026-02-13
2026-01-30,GME,T,302,0,334,OSTK,2026-02-20
2026-01-30,GME,T,12,0,12,OSTK,2026-02-27
2026-01-30,GME,T,1,0,1,OSTK,2026-03-13
2026-01-30,GME,T,26,0,20,OSTK,2026-03-20
2026-01-30,GME,T,54,0,32,OSTK,2026-04-17
2026-01-30,GME,T,1,0,1,OSTK,2026-10-16
2026-01-30,GME,T,64,0,64,OSTK,2027-01-15
2026-01-30,GME,U,6528,0,6368,OSTK,2026-01-30
2026-01-30,GME,U,3844,73,4235,OSTK,2026-02-06
2026-01-30,GME,U,1119,17,1560,OSTK,2026-02-13
2026-01-30,GME,U,1134,9,1091,OSTK,2026-02-20
2026-01-30,GME,U,381,0,381,OSTK,2026-02-27
2026-01-30,GME,U,289,0,289,OSTK,2026-03-06
2026-01-30,GME,U,14,0,14,OSTK,2026-03-13
2026-01-30,GME,U,844,0,842,OSTK,2026-03-20
2026-01-30,GME,U,3,0,3,OSTK,2026-04-17
2026-01-30,GME,U,5,0,5,OSTK,2026-06-18
2026-01-30,GME,U,6,0,6,OSTK,2026-07-17
2026-01-30,GME,U,59,0,59,OSTK,2026-10-16
2026-01-30,GME,U,35,0,35,OSTK,2026-12-18
2026-01-30,GME,U,33,0,25,OSTK,2027-01-15
2026-01-30,GME,U,1,0,1,OSTK,2027-09-17
2026-01-30,GME,U,2,0,2,OSTK,2027-12-17
2026-01-30,GME,U,2,0,2,OSTK,2028-01-21
2026-01-30,GME,U,2,0,2,OSTK,2028-12-15
2026-01-30,GME,W,4355,0,5305,OSTK,2026-01-30
2026-01-30,GME,W,1902,69,2163,OSTK,2026-02-06
2026-01-30,GME,W,96,11,107,OSTK,2026-02-13
2026-01-30,GME,W,364,18,384,OSTK,2026-02-20
2026-01-30,GME,W,51,0,51,OSTK,2026-02-27
2026-01-30,GME,W,62,0,62,OSTK,2026-03-06
2026-01-30,GME,W,2,0,2,OSTK,2026-03-13
2026-01-30,GME,W,140,0,156,OSTK,2026-03-20
2026-01-30,GME,W,54,12,40,OSTK,2026-04-17
2026-01-30,GME,W,72,0,72,OSTK,2026-06-18
2026-01-30,GME,W,2,0,2,OSTK,2026-10-16
2026-01-30,GME,W,4,0,4,OSTK,2027-01-15
2026-01-30,GME,W,1,0,1,OSTK,2028-06-16
2026-01-30,GME,X,32212,0,28530,OSTK,2026-01-30
2026-01-30,GME,X,16250,90,15590,OSTK,2026-02-06
2026-01-30,GME,X,1638,2,1538,OSTK,2026-02-13
2026-01-30,GME,X,4137,0,4071,OSTK,2026-02-20
2026-01-30,GME,X,1440,0,1226,OSTK,2026-02-27
2026-01-30,GME,X,183,0,183,OSTK,2026-03-06
2026-01-30,GME,X,18,0,18,OSTK,2026-03-13
2026-01-30,GME,X,2522,0,2514,OSTK,2026-03-20
2026-01-30,GME,X,6,0,6,OSTK,2026-04-17
2026-01-30,GME,X,21,0,99,OSTK,2026-06-18
2026-01-30,GME,X,48,0,48,OSTK,2026-07-17
2026-01-30,GME,X,20,0,20,OSTK,2026-09-18
2026-01-30,GME,X,2,0,2,OSTK,2026-10-16
2026-01-30,GME,X,8,0,8,OSTK,2026-12-18
2026-01-30,GME,X,59,0,45,OSTK,2027-01-15
2026-01-30,GME,X,405,0,405,OSTK,2027-12-17
2026-01-30,GME,X,92,0,92,OSTK,2028-01-21
2026-01-30,GME,X,155,0,155,OSTK,2028-06-16
2026-01-30,GME,X,17,0,17,OSTK,2028-12-15
2026-01-30,GME,Z,4462,0,3612,OSTK,2026-01-30
2026-01-30,GME,Z,2957,119,3428,OSTK,2026-02-06
2026-01-30,GME,Z,205,0,185,OSTK,2026-02-13
2026-01-30,GME,Z,806,0,780,OSTK,2026-02-20
2026-01-30,GME,Z,166,0,162,OSTK,2026-02-27
2026-01-30,GME,Z,49,0,55,OSTK,2026-03-06
2026-01-30,GME,Z,1,0,1,OSTK,2026-03-13
2026-01-30,GME,Z,172,0,152,OSTK,2026-03-20
2026-01-30,GME,Z,4,0,4,OSTK,2026-04-17
2026-01-30,GME,Z,0,0,98,OSTK,2026-06-18
2026-01-30,GME,Z,12,0,12,OSTK,2026-07-17
2026-01-30,GME,Z,11,0,11,OSTK,2026-09-18
2026-01-30,GME,Z,271,0,271,OSTK,2026-10-16
2026-01-30,GME,Z,181,0,181,OSTK,2026-12-18
2026-01-30,GME,Z,78,0,78,OSTK,2027-01-15
2026-01-30,GME,Z,7,0,7,OSTK,2027-09-17
2026-01-30,GME,Z,6,0,6,OSTK,2028-01-21
2026-01-30,GME,Z,3,0,3,OSTK,2028-06-16
2026-01-30,GME,Z,4,0,4,OSTK,2028-12-15
2026-02-02,GME,A,13660,0,13702,OSTK,2026-02-06
2026-02-02,GME,A,3200,0,3200,OSTK,2026-02-13
2026-02-02,GME,A,4650,174,3736,OSTK,2026-02-20
2026-02-02,GME,A,296,0,296,OSTK,2026-02-27
2026-02-02,GME,A,467,0,471,OSTK,2026-03-06
2026-02-02,GME,A,31,0,33,OSTK,2026-03-13
2026-02-02,GME,A,1713,2500,2517,OSTK,2026-03-20
2026-02-02,GME,A,9,0,9,OSTK,2026-04-17
2026-02-02,GME,A,43,0,43,OSTK,2026-06-18
2026-02-02,GME,A,197,0,197,OSTK,2026-07-17
2026-02-02,GME,A,83,0,83,OSTK,2026-09-18
2026-02-02,GME,A,15,0,15,OSTK,2026-10-16
2026-02-02,GME,A,70,0,70,OSTK,2026-12-18
2026-02-02,GME,A,52,0,52,OSTK,2027-01-15
2026-02-02,GME,A,65,0,65,OSTK,2027-09-17
2026-02-02,GME,A,17,0,17,OSTK,2027-12-17
2026-02-02,GME,A,6,0,6,OSTK,2028-01-21
2026-02-02,GME,A,33,0,31,OSTK,2028-06-16
2026-02-02,GME,A,31,0,29,OSTK,2028-12-15
2026-02-02,GME,B,8320,90,8756,OSTK,2026-02-06
2026-02-02,GME,B,3579,150,3829,OSTK,2026-02-13
2026-02-02,GME,B,2774,154,3016,OSTK,2026-02-20
2026-02-02,GME,B,1605,0,1599,OSTK,2026-02-27
2026-02-02,GME,B,788,0,820,OSTK,2026-03-06
2026-02-02,GME,B,119,0,119,OSTK,2026-03-13
2026-02-02,GME,B,2864,0,2864,OSTK,2026-03-20
2026-02-02,GME,B,127,0,125,OSTK,2026-04-17
2026-02-02,GME,B,66,0,66,OSTK,2026-06-18
2026-02-02,GME,B,423,0,423,OSTK,2026-07-17
2026-02-02,GME,B,76,0,76,OSTK,2026-09-18
2026-02-02,GME,B,1,0,1,OSTK,2026-10-16
2026-02-02,GME,B,37,0,37,OSTK,2026-12-18
2026-02-02,GME,B,12,0,16,OSTK,2027-01-15
2026-02-02,GME,B,76,0,76,OSTK,2027-09-17
2026-02-02,GME,B,101,0,101,OSTK,2027-12-17
2026-02-02,GME,B,77,0,77,OSTK,2028-01-21
2026-02-02,GME,B,7,0,7,OSTK,2028-06-16
2026-02-02,GME,B,11,0,11,OSTK,2028-12-15
2026-02-02,GME,C,19797,75,18920,OSTK,2026-02-06
2026-02-02,GME,C,4846,0,4930,OSTK,2026-02-13
2026-02-02,GME,C,10909,268,11107,OSTK,2026-02-20
2026-02-02,GME,C,1290,0,1280,OSTK,2026-02-27
2026-02-02,GME,C,1456,0,1450,OSTK,2026-03-06
2026-02-02,GME,C,169,0,165,OSTK,2026-03-13
2026-02-02,GME,C,2919,0,2833,OSTK,2026-03-20
2026-02-02,GME,C,41,0,41,OSTK,2026-04-17
2026-02-02,GME,C,269,119,378,OSTK,2026-06-18
2026-02-02,GME,C,284,0,284,OSTK,2026-07-17
2026-02-02,GME,C,282,0,282,OSTK,2026-09-18
2026-02-02,GME,C,1,0,1,OSTK,2026-10-16
2026-02-02,GME,C,92,0,92,OSTK,2026-12-18
2026-02-02,GME,C,74,0,68,OSTK,2027-01-15
2026-02-02,GME,C,74,0,72,OSTK,2027-09-17
2026-02-02,GME,C,59,0,59,OSTK,2027-12-17
2026-02-02,GME,C,21,0,21,OSTK,2028-01-21
2026-02-02,GME,C,29,0,29,OSTK,2028-06-16
2026-02-02,GME,C,68,0,66,OSTK,2028-12-15
2026-02-02,GME,D,13469,115,12170,OSTK,2026-02-06
2026-02-02,GME,D,2429,0,2449,OSTK,2026-02-13
2026-02-02,GME,D,4525,1,4380,OSTK,2026-02-20
2026-02-02,GME,D,605,0,597,OSTK,2026-02-27
2026-02-02,GME,D,2397,0,2477,OSTK,2026-03-06
2026-02-02,GME,D,120,0,138,OSTK,2026-03-13
2026-02-02,GME,D,2377,0,2217,OSTK,2026-03-20
2026-02-02,GME,D,3274,110,3232,OSTK,2026-04-17
2026-02-02,GME,D,718,0,606,OSTK,2026-06-18
2026-02-02,GME,D,191,0,211,OSTK,2026-07-17
2026-02-02,GME,D,137,0,137,OSTK,2026-09-18
2026-02-02,GME,D,820,0,774,OSTK,2026-10-16
2026-02-02,GME,D,96,0,94,OSTK,2026-12-18
2026-02-02,GME,D,968,110,1016,OSTK,2027-01-15
2026-02-02,GME,D,82,0,82,OSTK,2027-09-17
2026-02-02,GME,D,989,0,979,OSTK,2027-12-17
2026-02-02,GME,D,160,0,140,OSTK,2028-01-21
2026-02-02,GME,D,13,0,13,OSTK,2028-06-16
2026-02-02,GME,D,25,0,19,OSTK,2028-12-15
2026-02-02,GME,E,7484,425,9033,OSTK,2026-02-06
2026-02-02,GME,E,1546,0,1648,OSTK,2026-02-13
2026-02-02,GME,E,1962,80,2694,OSTK,2026-02-20
2026-02-02,GME,E,437,0,437,OSTK,2026-02-27
2026-02-02,GME,E,286,0,286,OSTK,2026-03-06
2026-02-02,GME,E,15,0,15,OSTK,2026-03-13
2026-02-02,GME,E,861,0,861,OSTK,2026-03-20
2026-02-02,GME,E,14,0,14,OSTK,2026-04-17
2026-02-02,GME,E,668,635,103,OSTK,2026-06-18
2026-02-02,GME,E,67,0,67,OSTK,2026-07-17
2026-02-02,GME,E,49,0,49,OSTK,2026-09-18
2026-02-02,GME,E,20,0,20,OSTK,2026-10-16
2026-02-02,GME,E,8,0,8,OSTK,2026-12-18
2026-02-02,GME,E,41,0,41,OSTK,2027-01-15
2026-02-02,GME,E,13,0,13,OSTK,2027-09-17
2026-02-02,GME,E,183,0,183,OSTK,2027-12-17
2026-02-02,GME,E,2,0,2,OSTK,2028-01-21
2026-02-02,GME,E,21,0,21,OSTK,2028-06-16
2026-02-02,GME,E,2,0,2,OSTK,2028-12-15
2026-02-02,GME,H,10208,49,8709,OSTK,2026-02-06
2026-02-02,GME,H,3557,0,3401,OSTK,2026-02-13
2026-02-02,GME,H,2779,6,2567,OSTK,2026-02-20
2026-02-02,GME,H,812,0,804,OSTK,2026-02-27
2026-02-02,GME,H,530,0,532,OSTK,2026-03-06
2026-02-02,GME,H,39,0,39,OSTK,2026-03-13
2026-02-02,GME,H,1613,0,1595,OSTK,2026-03-20
2026-02-02,GME,H,68,0,48,OSTK,2026-04-17
2026-02-02,GME,H,19,0,19,OSTK,2026-06-18
2026-02-02,GME,H,142,0,140,OSTK,2026-07-17
2026-02-02,GME,H,18,0,16,OSTK,2026-09-18
2026-02-02,GME,H,485,0,433,OSTK,2026-10-16
2026-02-02,GME,H,72,0,72,OSTK,2026-12-18
2026-02-02,GME,H,68,0,66,OSTK,2027-01-15
2026-02-02,GME,H,179,0,177,OSTK,2027-09-17
2026-02-02,GME,H,43,0,43,OSTK,2027-12-17
2026-02-02,GME,H,5,0,5,OSTK,2028-01-21
2026-02-02,GME,H,4,0,4,OSTK,2028-06-16
2026-02-02,GME,H,72,0,72,OSTK,2028-12-15
2026-02-02,GME,I,10431,267,10716,OSTK,2026-02-06
2026-02-02,GME,I,2135,0,2169,OSTK,2026-02-13
2026-02-02,GME,I,4129,104,4481,OSTK,2026-02-20
2026-02-02,GME,I,1313,0,1311,OSTK,2026-02-27
2026-02-02,GME,I,875,0,875,OSTK,2026-03-06
2026-02-02,GME,I,92,0,92,OSTK,2026-03-13
2026-02-02,GME,I,1465,0,1465,OSTK,2026-03-20
2026-02-02,GME,I,1,0,1,OSTK,2026-04-17
2026-02-02,GME,I,9,0,9,OSTK,2026-06-18
2026-02-02,GME,I,86,0,86,OSTK,2026-07-17
2026-02-02,GME,I,57,0,57,OSTK,2026-09-18
2026-02-02,GME,I,304,0,298,OSTK,2026-10-16
2026-02-02,GME,I,137,0,137,OSTK,2026-12-18
2026-02-02,GME,I,127,0,127,OSTK,2027-01-15
2026-02-02,GME,I,35,0,35,OSTK,2027-09-17
2026-02-02,GME,I,27,0,27,OSTK,2027-12-17
2026-02-02,GME,I,1,0,1,OSTK,2028-01-21
2026-02-02,GME,I,2,0,2,OSTK,2028-06-16
2026-02-02,GME,I,173,0,171,OSTK,2028-12-15
2026-02-02,GME,J,16629,65,12534,OSTK,2026-02-06
2026-02-02,GME,J,2073,0,1953,OSTK,2026-02-13
2026-02-02,GME,J,2703,48,2641,OSTK,2026-02-20
2026-02-02,GME,J,609,0,603,OSTK,2026-02-27
2026-02-02,GME,J,827,0,821,OSTK,2026-03-06
2026-02-02,GME,J,76,0,76,OSTK,2026-03-13
2026-02-02,GME,J,985,0,931,OSTK,2026-03-20
2026-02-02,GME,J,15,0,15,OSTK,2026-04-17
2026-02-02,GME,J,24,104,128,OSTK,2026-06-18
2026-02-02,GME,J,19,0,19,OSTK,2026-07-17
2026-02-02,GME,J,31,0,27,OSTK,2026-09-18
2026-02-02,GME,J,95,0,83,OSTK,2026-10-16
2026-02-02,GME,J,13,0,13,OSTK,2026-12-18
2026-02-02,GME,J,52,0,18,OSTK,2027-01-15
2026-02-02,GME,J,11,0,11,OSTK,2027-12-17
2026-02-02,GME,J,1,0,1,OSTK,2028-01-21
2026-02-02,GME,J,13,0,11,OSTK,2028-12-15
2026-02-02,GME,L,10751,0,10455,OSTK,2026-02-06
2026-02-02,GME,L,2042,0,2116,OSTK,2026-02-13
2026-02-02,GME,L,2465,31,2522,OSTK,2026-02-20
2026-02-02,GME,L,613,0,613,OSTK,2026-02-27
2026-02-02,GME,L,978,0,978,OSTK,2026-03-06
2026-02-02,GME,L,95,0,95,OSTK,2026-03-13
2026-02-02,GME,L,2447,0,2439,OSTK,2026-03-20
2026-02-02,GME,L,1399,0,1157,OSTK,2026-04-17
2026-02-02,GME,L,610,0,606,OSTK,2026-06-18
2026-02-02,GME,L,49,0,49,OSTK,2026-07-17
2026-02-02,GME,L,171,0,171,OSTK,2026-09-18
2026-02-02,GME,L,128,0,126,OSTK,2026-10-16
2026-02-02,GME,L,72,0,72,OSTK,2026-12-18
2026-02-02,GME,L,517,0,505,OSTK,2027-01-15
2026-02-02,GME,L,33,0,33,OSTK,2027-09-17
2026-02-02,GME,L,337,0,315,OSTK,2027-12-17
2026-02-02,GME,L,510,0,494,OSTK,2028-01-21
2026-02-02,GME,L,2,0,2,OSTK,2028-06-16
2026-02-02,GME,L,86,0,86,OSTK,2028-12-15
2026-02-02,GME,M,22828,396,22566,OSTK,2026-02-06
2026-02-02,GME,M,4145,0,4269,OSTK,2026-02-13
2026-02-02,GME,M,6656,135,6809,OSTK,2026-02-20
2026-02-02,GME,M,1335,0,1335,OSTK,2026-02-27
2026-02-02,GME,M,2001,0,1985,OSTK,2026-03-06
2026-02-02,GME,M,135,0,135,OSTK,2026-03-13
2026-02-02,GME,M,2660,0,2660,OSTK,2026-03-20
2026-02-02,GME,M,2763,0,2587,OSTK,2026-04-17
2026-02-02,GME,M,1199,1,1188,OSTK,2026-06-18
2026-02-02,GME,M,166,0,166,OSTK,2026-07-17
2026-02-02,GME,M,102,0,102,OSTK,2026-09-18
2026-02-02,GME,M,715,0,715,OSTK,2026-10-16
2026-02-02,GME,M,60,0,60,OSTK,2026-12-18
2026-02-02,GME,M,964,300,1264,OSTK,2027-01-15
2026-02-02,GME,M,129,1,130,OSTK,2027-09-17
2026-02-02,GME,M,1093,0,1079,OSTK,2027-12-17
2026-02-02,GME,M,288,0,274,OSTK,2028-01-21
2026-02-02,GME,M,41,0,41,OSTK,2028-06-16
2026-02-02,GME,M,170,0,168,OSTK,2028-12-15
2026-02-02,GME,P,23044,166,20274,OSTK,2026-02-06
2026-02-02,GME,P,4391,0,4253,OSTK,2026-02-13
2026-02-02,GME,P,12267,228,10575,OSTK,2026-02-20
2026-02-02,GME,P,1400,0,1378,OSTK,2026-02-27
2026-02-02,GME,P,2529,0,2457,OSTK,2026-03-06
2026-02-02,GME,P,68,0,68,OSTK,2026-03-13
2026-02-02,GME,P,4779,0,4673,OSTK,2026-03-20
2026-02-02,GME,P,36,0,36,OSTK,2026-04-17
2026-02-02,GME,P,206,0,204,OSTK,2026-06-18
2026-02-02,GME,P,314,0,262,OSTK,2026-07-17
2026-02-02,GME,P,111,0,99,OSTK,2026-09-18
2026-02-02,GME,P,16,0,0,OSTK,2026-10-16
2026-02-02,GME,P,111,0,109,OSTK,2026-12-18
2026-02-02,GME,P,262,0,220,OSTK,2027-01-15
2026-02-02,GME,P,81,0,79,OSTK,2027-09-17
2026-02-02,GME,P,19,0,19,OSTK,2027-12-17
2026-02-02,GME,P,23,0,23,OSTK,2028-01-21
2026-02-02,GME,P,7,0,7,OSTK,2028-06-16
2026-02-02,GME,P,123,0,139,OSTK,2028-12-15
2026-02-02,GME,Q,4613,844,6781,OSTK,2026-02-06
2026-02-02,GME,Q,420,0,704,OSTK,2026-02-13
2026-02-02,GME,Q,1089,724,3331,OSTK,2026-02-20
2026-02-02,GME,Q,45,0,67,OSTK,2026-02-27
2026-02-02,GME,Q,233,0,263,OSTK,2026-03-06
2026-02-02,GME,Q,2,0,4,OSTK,2026-03-13
2026-02-02,GME,Q,292,0,314,OSTK,2026-03-20
2026-02-02,GME,Q,1,0,1,OSTK,2026-04-17
2026-02-02,GME,Q,378,0,378,OSTK,2026-06-18
2026-02-02,GME,Q,42,0,42,OSTK,2026-07-17
2026-02-02,GME,Q,2,0,2,OSTK,2026-09-18
2026-02-02,GME,Q,51,0,55,OSTK,2026-10-16
2026-02-02,GME,Q,2,0,2,OSTK,2026-12-18
2026-02-02,GME,Q,2,0,2,OSTK,2027-01-15
2026-02-02,GME,Q,17,0,19,OSTK,2027-09-17
2026-02-02,GME,Q,314,0,768,OSTK,2027-12-17
2026-02-02,GME,Q,575,60,679,OSTK,2028-01-21
2026-02-02,GME,Q,0,0,10,OSTK,2028-12-15
2026-02-02,GME,R,12420,21,13183,OSTK,2026-02-06
2026-02-02,GME,R,3910,0,4140,OSTK,2026-02-13
2026-02-02,GME,R,3447,80,3577,OSTK,2026-02-20
2026-02-02,GME,R,662,0,660,OSTK,2026-02-27
2026-02-02,GME,R,4735,0,4827,OSTK,2026-03-06
2026-02-02,GME,R,100,0,106,OSTK,2026-03-13
2026-02-02,GME,R,2187,0,2209,OSTK,2026-03-20
2026-02-02,GME,R,1155,0,1139,OSTK,2026-04-17
2026-02-02,GME,R,1080,0,1076,OSTK,2026-06-18
2026-02-02,GME,R,182,0,182,OSTK,2026-07-17
2026-02-02,GME,R,18,0,18,OSTK,2026-09-18
2026-02-02,GME,R,80,0,78,OSTK,2026-10-16
2026-02-02,GME,R,57,0,59,OSTK,2026-12-18
2026-02-02,GME,R,231,0,315,OSTK,2027-01-15
2026-02-02,GME,R,32,0,32,OSTK,2027-09-17
2026-02-02,GME,R,313,0,313,OSTK,2027-12-17
2026-02-02,GME,R,209,0,209,OSTK,2028-01-21
2026-02-02,GME,R,4,0,4,OSTK,2028-06-16
2026-02-02,GME,R,228,0,228,OSTK,2028-12-15
2026-02-02,GME,T,2927,14,3249,OSTK,2026-02-06
2026-02-02,GME,T,695,0,701,OSTK,2026-02-13
2026-02-02,GME,T,232,100,442,OSTK,2026-02-20
2026-02-02,GME,T,18,0,18,OSTK,2026-02-27
2026-02-02,GME,T,428,0,642,OSTK,2026-03-06
2026-02-02,GME,T,13,0,23,OSTK,2026-03-13
2026-02-02,GME,T,65,0,65,OSTK,2026-03-20
2026-02-02,GME,T,495,0,507,OSTK,2026-04-17
2026-02-02,GME,T,1,0,1,OSTK,2026-06-18
2026-02-02,GME,T,9,0,9,OSTK,2026-07-17
2026-02-02,GME,T,1,0,1,OSTK,2026-09-18
2026-02-02,GME,T,30,0,30,OSTK,2026-10-16
2026-02-02,GME,T,0,0,10,OSTK,2026-12-18
2026-02-02,GME,T,32,0,32,OSTK,2027-01-15
2026-02-02,GME,T,1,0,1,OSTK,2027-09-17
2026-02-02,GME,T,305,0,305,OSTK,2027-12-17
2026-02-02,GME,T,150,0,164,OSTK,2028-01-21
2026-02-02,GME,U,8745,31,11136,OSTK,2026-02-06
2026-02-02,GME,U,1534,0,2706,OSTK,2026-02-13
2026-02-02,GME,U,2114,235,3299,OSTK,2026-02-20
2026-02-02,GME,U,564,10,572,OSTK,2026-02-27
2026-02-02,GME,U,568,0,604,OSTK,2026-03-06
2026-02-02,GME,U,128,0,128,OSTK,2026-03-13
2026-02-02,GME,U,1596,0,1614,OSTK,2026-03-20
2026-02-02,GME,U,20,0,10,OSTK,2026-04-17
2026-02-02,GME,U,39,0,39,OSTK,2026-06-18
2026-02-02,GME,U,49,0,49,OSTK,2026-07-17
2026-02-02,GME,U,43,0,43,OSTK,2026-09-18
2026-02-02,GME,U,5,0,3,OSTK,2026-10-16
2026-02-02,GME,U,10,0,10,OSTK,2026-12-18
2026-02-02,GME,U,91,0,87,OSTK,2027-01-15
2026-02-02,GME,U,33,0,35,OSTK,2027-09-17
2026-02-02,GME,U,90,0,90,OSTK,2027-12-17
2026-02-02,GME,U,2,0,2,OSTK,2028-01-21
2026-02-02,GME,U,2,0,2,OSTK,2028-06-16
2026-02-02,GME,U,404,0,404,OSTK,2028-12-15
2026-02-02,GME,W,2994,454,5220,OSTK,2026-02-06
2026-02-02,GME,W,1084,0,1306,OSTK,2026-02-13
2026-02-02,GME,W,1783,139,2524,OSTK,2026-02-20
2026-02-02,GME,W,44,8,52,OSTK,2026-02-27
2026-02-02,GME,W,278,0,294,OSTK,2026-03-06
2026-02-02,GME,W,18,0,18,OSTK,2026-03-13
2026-02-02,GME,W,387,0,387,OSTK,2026-03-20
2026-02-02,GME,W,294,15,307,OSTK,2026-04-17
2026-02-02,GME,W,70,0,70,OSTK,2026-06-18
2026-02-02,GME,W,31,0,31,OSTK,2026-07-17
2026-02-02,GME,W,40,0,40,OSTK,2026-09-18
2026-02-02,GME,W,213,0,231,OSTK,2026-10-16
2026-02-02,GME,W,9,0,5,OSTK,2027-01-15
2026-02-02,GME,W,8,0,8,OSTK,2027-09-17
2026-02-02,GME,W,3,0,183,OSTK,2027-12-17
2026-02-02,GME,W,1,0,1,OSTK,2028-01-21
2026-02-02,GME,X,36565,156,34647,OSTK,2026-02-06
2026-02-02,GME,X,7044,0,6854,OSTK,2026-02-13
2026-02-02,GME,X,7710,63,7465,OSTK,2026-02-20
2026-02-02,GME,X,1532,0,1500,OSTK,2026-02-27
2026-02-02,GME,X,1913,0,1891,OSTK,2026-03-06
2026-02-02,GME,X,138,0,92,OSTK,2026-03-13
2026-02-02,GME,X,5494,0,5424,OSTK,2026-03-20
2026-02-02,GME,X,118,0,118,OSTK,2026-04-17
2026-02-02,GME,X,434,342,776,OSTK,2026-06-18
2026-02-02,GME,X,181,0,181,OSTK,2026-07-17
2026-02-02,GME,X,149,0,149,OSTK,2026-09-18
2026-02-02,GME,X,40,0,40,OSTK,2026-10-16
2026-02-02,GME,X,123,0,123,OSTK,2026-12-18
2026-02-02,GME,X,110,0,150,OSTK,2027-01-15
2026-02-02,GME,X,8,0,8,OSTK,2027-09-17
2026-02-02,GME,X,71,0,71,OSTK,2027-12-17
2026-02-02,GME,X,26,0,26,OSTK,2028-01-21
2026-02-02,GME,X,2,0,2,OSTK,2028-06-16
2026-02-02,GME,X,39,0,39,OSTK,2028-12-15
2026-02-02,GME,Z,9692,47,9385,OSTK,2026-02-06
2026-02-02,GME,Z,1286,0,1598,OSTK,2026-02-13
2026-02-02,GME,Z,1866,118,2226,OSTK,2026-02-20
2026-02-02,GME,Z,403,0,383,OSTK,2026-02-27
2026-02-02,GME,Z,385,0,401,OSTK,2026-03-06
2026-02-02,GME,Z,31,0,33,OSTK,2026-03-13
2026-02-02,GME,Z,1581,0,1567,OSTK,2026-03-20
2026-02-02,GME,Z,8,0,8,OSTK,2026-04-17
2026-02-02,GME,Z,17,0,17,OSTK,2026-06-18
2026-02-02,GME,Z,128,0,128,OSTK,2026-07-17
2026-02-02,GME,Z,19,0,19,OSTK,2026-09-18
2026-02-02,GME,Z,235,0,235,OSTK,2026-10-16
2026-02-02,GME,Z,72,0,70,OSTK,2026-12-18
2026-02-02,GME,Z,35,0,35,OSTK,2027-01-15
2026-02-02,GME,Z,47,0,47,OSTK,2027-09-17
2026-02-02,GME,Z,38,0,38,OSTK,2027-12-17
2026-02-02,GME,Z,232,1,209,OSTK,2028-01-21
2026-02-02,GME,Z,4,0,4,OSTK,2028-06-16
2026-02-02,GME,Z,16,0,26,OSTK,2028-12-15
2026-02-03,GME,A,7739,0,7805,OSTK,2026-02-06
2026-02-03,GME,A,1339,0,1341,OSTK,2026-02-13
2026-02-03,GME,A,1146,0,1172,OSTK,2026-02-20
2026-02-03,GME,A,396,0,396,OSTK,2026-02-27
2026-02-03,GME,A,181,0,181,OSTK,2026-03-06
2026-02-03,GME,A,35,0,35,OSTK,2026-03-13
2026-02-03,GME,A,569,0,561,OSTK,2026-03-20
2026-02-03,GME,A,50,0,52,OSTK,2026-04-17
2026-02-03,GME,A,162,0,162,OSTK,2026-06-18
2026-02-03,GME,A,131,0,131,OSTK,2026-07-17
2026-02-03,GME,A,25,0,25,OSTK,2026-09-18
2026-02-03,GME,A,38,0,38,OSTK,2026-10-16
2026-02-03,GME,A,38,0,38,OSTK,2026-12-18
2026-02-03,GME,A,36,0,36,OSTK,2027-01-15
2026-02-03,GME,A,73,0,73,OSTK,2027-09-17
2026-02-03,GME,A,2,0,2,OSTK,2027-12-17
2026-02-03,GME,A,11,0,11,OSTK,2028-01-21
2026-02-03,GME,A,1,0,1,OSTK,2028-06-16
2026-02-03,GME,A,20,0,20,OSTK,2028-12-15
2026-02-03,GME,B,5189,0,5091,OSTK,2026-02-06
2026-02-03,GME,B,1526,0,1546,OSTK,2026-02-13
2026-02-03,GME,B,3197,0,3479,OSTK,2026-02-20
2026-02-03,GME,B,889,0,889,OSTK,2026-02-27
2026-02-03,GME,B,378,0,378,OSTK,2026-03-06
2026-02-03,GME,B,270,0,270,OSTK,2026-03-13
2026-02-03,GME,B,1442,0,1442,OSTK,2026-03-20
2026-02-03,GME,B,16,0,42,OSTK,2026-04-17
2026-02-03,GME,B,36,0,36,OSTK,2026-06-18
2026-02-03,GME,B,85,0,85,OSTK,2026-07-17
2026-02-03,GME,B,103,0,103,OSTK,2026-09-18
2026-02-03,GME,B,63,0,63,OSTK,2026-10-16
2026-02-03,GME,B,37,0,37,OSTK,2026-12-18
2026-02-03,GME,B,36,0,42,OSTK,2027-01-15
2026-02-03,GME,B,139,0,139,OSTK,2027-09-17
2026-02-03,GME,B,34,0,34,OSTK,2027-12-17
2026-02-03,GME,B,26,0,26,OSTK,2028-01-21
2026-02-03,GME,B,3,0,3,OSTK,2028-06-16
2026-02-03,GME,B,62,0,62,OSTK,2028-12-15
2026-02-03,GME,C,12291,0,11443,OSTK,2026-02-06
2026-02-03,GME,C,5038,0,4898,OSTK,2026-02-13
2026-02-03,GME,C,7316,0,7094,OSTK,2026-02-20
2026-02-03,GME,C,948,0,942,OSTK,2026-02-27
2026-02-03,GME,C,909,0,899,OSTK,2026-03-06
2026-02-03,GME,C,119,0,117,OSTK,2026-03-13
2026-02-03,GME,C,1607,4,1517,OSTK,2026-03-20
2026-02-03,GME,C,4,0,12,OSTK,2026-04-17
2026-02-03,GME,C,30,0,30,OSTK,2026-06-18
2026-02-03,GME,C,485,0,485,OSTK,2026-07-17
2026-02-03,GME,C,288,0,288,OSTK,2026-09-18
2026-02-03,GME,C,5,0,5,OSTK,2026-10-16
2026-02-03,GME,C,76,0,76,OSTK,2026-12-18
2026-02-03,GME,C,3959,0,3921,OSTK,2027-01-15
2026-02-03,GME,C,15,0,15,OSTK,2027-09-17
2026-02-03,GME,C,46,0,46,OSTK,2027-12-17
2026-02-03,GME,C,329,0,327,OSTK,2028-01-21
2026-02-03,GME,C,2,0,2,OSTK,2028-06-16
2026-02-03,GME,C,26,0,26,OSTK,2028-12-15
2026-02-03,GME,D,6226,0,5576,OSTK,2026-02-06
2026-02-03,GME,D,2408,0,2330,OSTK,2026-02-13
2026-02-03,GME,D,2495,40,2365,OSTK,2026-02-20
2026-02-03,GME,D,275,0,271,OSTK,2026-02-27
2026-02-03,GME,D,374,0,356,OSTK,2026-03-06
2026-02-03,GME,D,105,0,103,OSTK,2026-03-13
2026-02-03,GME,D,1368,0,1190,OSTK,2026-03-20
2026-02-03,GME,D,855,0,829,OSTK,2026-04-17
2026-02-03,GME,D,1921,0,1819,OSTK,2026-06-18
2026-02-03,GME,D,75,0,75,OSTK,2026-07-17
2026-02-03,GME,D,25,0,25,OSTK,2026-09-18
2026-02-03,GME,D,152,0,152,OSTK,2026-10-16
2026-02-03,GME,D,28,0,26,OSTK,2026-12-18
2026-02-03,GME,D,285,0,271,OSTK,2027-01-15
2026-02-03,GME,D,54,0,54,OSTK,2027-09-17
2026-02-03,GME,D,33,0,45,OSTK,2027-12-17
2026-02-03,GME,D,83,0,67,OSTK,2028-01-21
2026-02-03,GME,D,6,0,6,OSTK,2028-06-16
2026-02-03,GME,D,4,0,4,OSTK,2028-12-15
2026-02-03,GME,E,3764,0,4024,OSTK,2026-02-06
2026-02-03,GME,E,961,0,1301,OSTK,2026-02-13
2026-02-03,GME,E,863,0,1133,OSTK,2026-02-20
2026-02-03,GME,E,2103,0,2103,OSTK,2026-02-27
2026-02-03,GME,E,174,0,174,OSTK,2026-03-06
2026-02-03,GME,E,7,0,7,OSTK,2026-03-13
2026-02-03,GME,E,172,0,172,OSTK,2026-03-20
2026-02-03,GME,E,9,0,9,OSTK,2026-04-17
2026-02-03,GME,E,22,0,22,OSTK,2026-06-18
2026-02-03,GME,E,47,0,47,OSTK,2026-07-17
2026-02-03,GME,E,18,0,18,OSTK,2026-09-18
2026-02-03,GME,E,1,0,1,OSTK,2026-10-16
2026-02-03,GME,E,16,0,16,OSTK,2026-12-18
2026-02-03,GME,E,3,0,3,OSTK,2027-01-15
2026-02-03,GME,E,2,0,2,OSTK,2027-09-17
2026-02-03,GME,E,28,0,28,OSTK,2027-12-17
2026-02-03,GME,E,4,0,4,OSTK,2028-01-21
2026-02-03,GME,E,2,0,2,OSTK,2028-06-16
2026-02-03,GME,H,5183,0,3883,OSTK,2026-02-06
2026-02-03,GME,H,1973,0,1899,OSTK,2026-02-13
2026-02-03,GME,H,1847,10,1719,OSTK,2026-02-20
2026-02-03,GME,H,204,0,166,OSTK,2026-02-27
2026-02-03,GME,H,249,0,187,OSTK,2026-03-06
2026-02-03,GME,H,14,0,12,OSTK,2026-03-13
2026-02-03,GME,H,692,0,552,OSTK,2026-03-20
2026-02-03,GME,H,15,0,17,OSTK,2026-04-17
2026-02-03,GME,H,7,0,7,OSTK,2026-06-18
2026-02-03,GME,H,19,0,19,OSTK,2026-07-17
2026-02-03,GME,H,27,0,25,OSTK,2026-09-18
2026-02-03,GME,H,10,0,0,OSTK,2026-10-16
2026-02-03,GME,H,22,0,22,OSTK,2026-12-18
2026-02-03,GME,H,66,0,66,OSTK,2027-01-15
2026-02-03,GME,H,11,0,11,OSTK,2027-09-17
2026-02-03,GME,H,1,0,1,OSTK,2027-12-17
2026-02-03,GME,H,5,0,5,OSTK,2028-01-21
2026-02-03,GME,H,1,0,1,OSTK,2028-06-16
2026-02-03,GME,H,12,0,10,OSTK,2028-12-15
2026-02-03,GME,I,5680,0,5200,OSTK,2026-02-06
2026-02-03,GME,I,3097,0,3087,OSTK,2026-02-13
2026-02-03,GME,I,1700,0,1724,OSTK,2026-02-20
2026-02-03,GME,I,1074,0,1074,OSTK,2026-02-27
2026-02-03,GME,I,220,0,220,OSTK,2026-03-06
2026-02-03,GME,I,32,0,32,OSTK,2026-03-13
2026-02-03,GME,I,452,0,462,OSTK,2026-03-20
2026-02-03,GME,I,10,0,16,OSTK,2026-04-17
2026-02-03,GME,I,107,0,107,OSTK,2026-06-18
2026-02-03,GME,I,138,10,128,OSTK,2026-07-17
2026-02-03,GME,I,160,0,160,OSTK,2026-09-18
2026-02-03,GME,I,20,0,20,OSTK,2026-10-16
2026-02-03,GME,I,83,0,83,OSTK,2026-12-18
2026-02-03,GME,I,10,0,10,OSTK,2027-01-15
2026-02-03,GME,I,4,0,4,OSTK,2027-09-17
2026-02-03,GME,I,330,0,262,OSTK,2027-12-17
2026-02-03,GME,I,126,0,108,OSTK,2028-01-21
2026-02-03,GME,I,4,0,4,OSTK,2028-06-16
2026-02-03,GME,I,22,0,22,OSTK,2028-12-15
2026-02-03,GME,J,5101,0,3813,OSTK,2026-02-06
2026-02-03,GME,J,683,0,597,OSTK,2026-02-13
2026-02-03,GME,J,1105,0,1053,OSTK,2026-02-20
2026-02-03,GME,J,76,0,74,OSTK,2026-02-27
2026-02-03,GME,J,161,0,105,OSTK,2026-03-06
2026-02-03,GME,J,88,0,6,OSTK,2026-03-13
2026-02-03,GME,J,639,24,531,OSTK,2026-03-20
2026-02-03,GME,J,4,0,6,OSTK,2026-04-17
2026-02-03,GME,J,14,0,14,OSTK,2026-06-18
2026-02-03,GME,J,81,0,81,OSTK,2026-07-17
2026-02-03,GME,J,13,0,13,OSTK,2026-09-18
2026-02-03,GME,J,2,0,2,OSTK,2026-10-16
2026-02-03,GME,J,26,0,26,OSTK,2026-12-18
2026-02-03,GME,J,23,0,19,OSTK,2027-01-15
2026-02-03,GME,J,11,0,11,OSTK,2027-12-17
2026-02-03,GME,J,23,0,31,OSTK,2028-01-21
2026-02-03,GME,L,6208,0,5976,OSTK,2026-02-06
2026-02-03,GME,L,1251,0,1245,OSTK,2026-02-13
2026-02-03,GME,L,1459,0,1723,OSTK,2026-02-20
2026-02-03,GME,L,616,0,614,OSTK,2026-02-27
2026-02-03,GME,L,321,0,321,OSTK,2026-03-06
2026-02-03,GME,L,23,0,23,OSTK,2026-03-13
2026-02-03,GME,L,1264,0,1264,OSTK,2026-03-20
2026-02-03,GME,L,1049,0,985,OSTK,2026-04-17
2026-02-03,GME,L,1336,0,1276,OSTK,2026-06-18
2026-02-03,GME,L,205,0,205,OSTK,2026-07-17
2026-02-03,GME,L,9,0,7,OSTK,2026-09-18
2026-02-03,GME,L,63,0,63,OSTK,2026-10-16
2026-02-03,GME,L,110,0,110,OSTK,2026-12-18
2026-02-03,GME,L,488,0,488,OSTK,2027-01-15
2026-02-03,GME,L,20,0,20,OSTK,2027-09-17
2026-02-03,GME,L,39,0,27,OSTK,2027-12-17
2026-02-03,GME,L,90,0,90,OSTK,2028-01-21
2026-02-03,GME,L,5,0,5,OSTK,2028-06-16
2026-02-03,GME,L,7,0,7,OSTK,2028-12-15
2026-02-03,GME,M,14782,0,14358,OSTK,2026-02-06
2026-02-03,GME,M,4529,0,4533,OSTK,2026-02-13
2026-02-03,GME,M,3043,0,3147,OSTK,2026-02-20
2026-02-03,GME,M,1008,0,1004,OSTK,2026-02-27
2026-02-03,GME,M,417,0,417,OSTK,2026-03-06
2026-02-03,GME,M,391,0,391,OSTK,2026-03-13
2026-02-03,GME,M,1157,0,1157,OSTK,2026-03-20
2026-02-03,GME,M,1130,0,1130,OSTK,2026-04-17
2026-02-03,GME,M,1036,0,1034,OSTK,2026-06-18
2026-02-03,GME,M,117,0,119,OSTK,2026-07-17
2026-02-03,GME,M,52,0,52,OSTK,2026-09-18
2026-02-03,GME,M,154,0,154,OSTK,2026-10-16
2026-02-03,GME,M,39,0,39,OSTK,2026-12-18
2026-02-03,GME,M,360,0,360,OSTK,2027-01-15
2026-02-03,GME,M,16,0,16,OSTK,2027-09-17
2026-02-03,GME,M,47,0,45,OSTK,2027-12-17
2026-02-03,GME,M,82,0,80,OSTK,2028-01-21
2026-02-03,GME,M,2,0,2,OSTK,2028-06-16
2026-02-03,GME,M,33,0,33,OSTK,2028-12-15
2026-02-03,GME,P,9563,0,7869,OSTK,2026-02-06
2026-02-03,GME,P,4099,0,3793,OSTK,2026-02-13
2026-02-03,GME,P,5774,0,5428,OSTK,2026-02-20
2026-02-03,GME,P,691,0,611,OSTK,2026-02-27
2026-02-03,GME,P,382,0,304,OSTK,2026-03-06
2026-02-03,GME,P,414,0,414,OSTK,2026-03-13
2026-02-03,GME,P,1937,0,1773,OSTK,2026-03-20
2026-02-03,GME,P,15,0,23,OSTK,2026-04-17
2026-02-03,GME,P,2,0,2,OSTK,2026-06-18
2026-02-03,GME,P,266,0,262,OSTK,2026-07-17
2026-02-03,GME,P,281,0,281,OSTK,2026-09-18
2026-02-03,GME,P,660,0,654,OSTK,2026-10-16
2026-02-03,GME,P,26,0,20,OSTK,2026-12-18
2026-02-03,GME,P,44,0,64,OSTK,2027-01-15
2026-02-03,GME,P,262,0,262,OSTK,2027-09-17
2026-02-03,GME,P,21,0,161,OSTK,2027-12-17
2026-02-03,GME,P,13,0,13,OSTK,2028-01-21
2026-02-03,GME,P,14,0,14,OSTK,2028-06-16
2026-02-03,GME,P,30,0,30,OSTK,2028-12-15
2026-02-03,GME,Q,1377,0,1619,OSTK,2026-02-06
2026-02-03,GME,Q,457,500,1715,OSTK,2026-02-13
2026-02-03,GME,Q,313,0,949,OSTK,2026-02-20
2026-02-03,GME,Q,61,0,117,OSTK,2026-02-27
2026-02-03,GME,Q,2,0,6,OSTK,2026-03-06
2026-02-03,GME,Q,5,0,5,OSTK,2026-03-13
2026-02-03,GME,Q,431,0,445,OSTK,2026-03-20
2026-02-03,GME,Q,0,0,6,OSTK,2026-04-17
2026-02-03,GME,Q,177,142,321,OSTK,2026-06-18
2026-02-03,GME,Q,94,0,94,OSTK,2026-07-17
2026-02-03,GME,Q,88,0,88,OSTK,2026-09-18
2026-02-03,GME,Q,93,0,93,OSTK,2026-10-16
2026-02-03,GME,Q,2,0,0,OSTK,2026-12-18
2026-02-03,GME,Q,1,0,13,OSTK,2027-01-15
2026-02-03,GME,Q,14,0,14,OSTK,2027-09-17
2026-02-03,GME,Q,35,0,75,OSTK,2027-12-17
2026-02-03,GME,Q,34,0,140,OSTK,2028-01-21
2026-02-03,GME,R,5071,0,4933,OSTK,2026-02-06
2026-02-03,GME,R,2220,0,2514,OSTK,2026-02-13
2026-02-03,GME,R,2085,0,2563,OSTK,2026-02-20
2026-02-03,GME,R,457,0,459,OSTK,2026-02-27
2026-02-03,GME,R,164,0,162,OSTK,2026-03-06
2026-02-03,GME,R,34,0,34,OSTK,2026-03-13
2026-02-03,GME,R,1213,0,1189,OSTK,2026-03-20
2026-02-03,GME,R,994,0,986,OSTK,2026-04-17
2026-02-03,GME,R,407,1,408,OSTK,2026-06-18
2026-02-03,GME,R,71,0,71,OSTK,2026-07-17
2026-02-03,GME,R,56,0,58,OSTK,2026-09-18
2026-02-03,GME,R,83,0,83,OSTK,2026-10-16
2026-02-03,GME,R,6,0,6,OSTK,2026-12-18
2026-02-03,GME,R,187,0,187,OSTK,2027-01-15
2026-02-03,GME,R,4,0,4,OSTK,2027-09-17
2026-02-03,GME,R,38,0,36,OSTK,2027-12-17
2026-02-03,GME,R,34,0,34,OSTK,2028-01-21
2026-02-03,GME,R,9,0,9,OSTK,2028-12-15
2026-02-03,GME,T,1298,0,1376,OSTK,2026-02-06
2026-02-03,GME,T,62,0,122,OSTK,2026-02-13
2026-02-03,GME,T,70,0,290,OSTK,2026-02-20
2026-02-03,GME,T,75,0,67,OSTK,2026-02-27
2026-02-03,GME,T,5,0,43,OSTK,2026-03-06
2026-02-03,GME,T,1,0,3,OSTK,2026-03-13
2026-02-03,GME,T,20,0,20,OSTK,2026-03-20
2026-02-03,GME,T,12,0,12,OSTK,2026-04-17
2026-02-03,GME,T,16,0,16,OSTK,2026-07-17
2026-02-03,GME,T,55,0,55,OSTK,2026-09-18
2026-02-03,GME,T,35,0,39,OSTK,2026-10-16
2026-02-03,GME,T,21,0,21,OSTK,2027-01-15
2026-02-03,GME,T,0,0,4,OSTK,2027-12-17
2026-02-03,GME,T,1,0,1,OSTK,2028-01-21
2026-02-03,GME,T,22,0,22,OSTK,2028-12-15
2026-02-03,GME,U,3275,0,4043,OSTK,2026-02-06
2026-02-03,GME,U,1649,0,1715,OSTK,2026-02-13
2026-02-03,GME,U,1109,0,1359,OSTK,2026-02-20
2026-02-03,GME,U,451,0,451,OSTK,2026-02-27
2026-02-03,GME,U,210,0,210,OSTK,2026-03-06
2026-02-03,GME,U,245,0,245,OSTK,2026-03-13
2026-02-03,GME,U,1399,0,1373,OSTK,2026-03-20
2026-02-03,GME,U,31,0,31,OSTK,2026-04-17
2026-02-03,GME,U,135,0,135,OSTK,2026-06-18
2026-02-03,GME,U,12,0,12,OSTK,2026-07-17
2026-02-03,GME,U,15,0,15,OSTK,2026-09-18
2026-02-03,GME,U,4,0,4,OSTK,2026-10-16
2026-02-03,GME,U,9,0,9,OSTK,2026-12-18
2026-02-03,GME,U,4,0,4,OSTK,2027-01-15
2026-02-03,GME,U,1,0,1,OSTK,2027-09-17
2026-02-03,GME,U,1,0,1,OSTK,2027-12-17
2026-02-03,GME,U,10,0,10,OSTK,2028-01-21
2026-02-03,GME,U,2,0,2,OSTK,2028-12-15
2026-02-03,GME,W,7430,0,8166,OSTK,2026-02-06
2026-02-03,GME,W,5986,0,6152,OSTK,2026-02-13
2026-02-03,GME,W,515,0,1225,OSTK,2026-02-20
2026-02-03,GME,W,50,0,50,OSTK,2026-02-27
2026-02-03,GME,W,29,0,29,OSTK,2026-03-06
2026-02-03,GME,W,9,0,9,OSTK,2026-03-13
2026-02-03,GME,W,482,0,480,OSTK,2026-03-20
2026-02-03,GME,W,410,0,410,OSTK,2026-04-17
2026-02-03,GME,W,39,0,39,OSTK,2026-06-18
2026-02-03,GME,W,33,0,33,OSTK,2026-07-17
2026-02-03,GME,W,7,0,7,OSTK,2026-09-18
2026-02-03,GME,W,7,0,9,OSTK,2026-10-16
2026-02-03,GME,W,2,0,2,OSTK,2027-01-15
2026-02-03,GME,W,15,0,15,OSTK,2027-09-17
2026-02-03,GME,W,203,0,277,OSTK,2027-12-17
2026-02-03,GME,W,181,0,181,OSTK,2028-01-21
2026-02-03,GME,X,17539,0,16761,OSTK,2026-02-06
2026-02-03,GME,X,5308,0,5142,OSTK,2026-02-13
2026-02-03,GME,X,5096,0,5132,OSTK,2026-02-20
2026-02-03,GME,X,1791,0,1617,OSTK,2026-02-27
2026-02-03,GME,X,1254,0,1252,OSTK,2026-03-06
2026-02-03,GME,X,160,0,160,OSTK,2026-03-13
2026-02-03,GME,X,2247,0,2199,OSTK,2026-03-20
2026-02-03,GME,X,551,0,553,OSTK,2026-04-17
2026-02-03,GME,X,53,0,53,OSTK,2026-06-18
2026-02-03,GME,X,139,0,139,OSTK,2026-07-17
2026-02-03,GME,X,55,0,55,OSTK,2026-09-18
2026-02-03,GME,X,1,0,1,OSTK,2026-10-16
2026-02-03,GME,X,82,0,82,OSTK,2026-12-18
2026-02-03,GME,X,78,0,78,OSTK,2027-01-15
2026-02-03,GME,X,23,0,23,OSTK,2027-09-17
2026-02-03,GME,X,626,0,622,OSTK,2027-12-17
2026-02-03,GME,X,25,0,25,OSTK,2028-01-21
2026-02-03,GME,X,40,0,40,OSTK,2028-06-16
2026-02-03,GME,X,22,0,22,OSTK,2028-12-15
2026-02-03,GME,Z,6120,0,5742,OSTK,2026-02-06
2026-02-03,GME,Z,1189,0,1367,OSTK,2026-02-13
2026-02-03,GME,Z,2115,0,2323,OSTK,2026-02-20
2026-02-03,GME,Z,352,0,346,OSTK,2026-02-27
2026-02-03,GME,Z,83,0,83,OSTK,2026-03-06
2026-02-03,GME,Z,99,0,99,OSTK,2026-03-13
2026-02-03,GME,Z,384,0,364,OSTK,2026-03-20
2026-02-03,GME,Z,501,0,507,OSTK,2026-04-17
2026-02-03,GME,Z,38,0,38,OSTK,2026-06-18
2026-02-03,GME,Z,90,0,90,OSTK,2026-07-17
2026-02-03,GME,Z,34,0,34,OSTK,2026-09-18
2026-02-03,GME,Z,70,0,70,OSTK,2026-10-16
2026-02-03,GME,Z,20,0,20,OSTK,2026-12-18
2026-02-03,GME,Z,35,0,35,OSTK,2027-01-15
2026-02-03,GME,Z,12,0,12,OSTK,2027-09-17
2026-02-03,GME,Z,3,0,3,OSTK,2027-12-17
2026-02-03,GME,Z,100,0,100,OSTK,2028-01-21
2026-02-03,GME,Z,4,0,4,OSTK,2028-06-16
2026-02-03,GME,Z,4,0,4,OSTK,2028-12-15
2026-02-04,GME,A,6325,0,6459,OSTK,2026-02-06
2026-02-04,GME,A,1349,0,1393,OSTK,2026-02-13
2026-02-04,GME,A,908,0,914,OSTK,2026-02-20
2026-02-04,GME,A,87,0,85,OSTK,2026-02-27
2026-02-04,GME,A,173,0,173,OSTK,2026-03-06
2026-02-04,GME,A,32,0,32,OSTK,2026-03-13
2026-02-04,GME,A,201,0,201,OSTK,2026-03-20
2026-02-04,GME,A,10,0,10,OSTK,2026-04-17
2026-02-04,GME,A,4,0,8,OSTK,2026-06-18
2026-02-04,GME,A,15,0,15,OSTK,2026-07-17
2026-02-04,GME,A,8,0,8,OSTK,2026-09-18
2026-02-04,GME,A,43,0,43,OSTK,2026-10-16
2026-02-04,GME,A,33,0,33,OSTK,2026-12-18
2026-02-04,GME,A,13,0,13,OSTK,2027-01-15
2026-02-04,GME,A,0,0,148,OSTK,2027-09-17
2026-02-04,GME,A,30,0,30,OSTK,2027-12-17
2026-02-04,GME,A,104,0,34,OSTK,2028-01-21
2026-02-04,GME,A,0,0,100,OSTK,2028-12-15
2026-02-04,GME,B,4589,0,4577,OSTK,2026-02-06
2026-02-04,GME,B,1630,0,1836,OSTK,2026-02-13
2026-02-04,GME,B,1710,0,1752,OSTK,2026-02-20
2026-02-04,GME,B,624,0,624,OSTK,2026-02-27
2026-02-04,GME,B,199,0,199,OSTK,2026-03-06
2026-02-04,GME,B,45,0,45,OSTK,2026-03-13
2026-02-04,GME,B,997,0,997,OSTK,2026-03-20
2026-02-04,GME,B,847,0,847,OSTK,2026-04-17
2026-02-04,GME,B,10,0,10,OSTK,2026-06-18
2026-02-04,GME,B,33,0,33,OSTK,2026-07-17
2026-02-04,GME,B,127,0,127,OSTK,2026-09-18
2026-02-04,GME,B,134,0,134,OSTK,2026-10-16
2026-02-04,GME,B,96,0,96,OSTK,2026-12-18
2026-02-04,GME,B,15,0,15,OSTK,2027-01-15
2026-02-04,GME,B,2,0,2,OSTK,2027-09-17
2026-02-04,GME,B,7,0,7,OSTK,2027-12-17
2026-02-04,GME,B,10,0,2,OSTK,2028-01-21
2026-02-04,GME,B,4,0,4,OSTK,2028-12-15
2026-02-04,GME,C,7808,0,7194,OSTK,2026-02-06
2026-02-04,GME,C,2889,0,2717,OSTK,2026-02-13
2026-02-04,GME,C,1978,0,1954,OSTK,2026-02-20
2026-02-04,GME,C,510,0,504,OSTK,2026-02-27
2026-02-04,GME,C,231,0,229,OSTK,2026-03-06
2026-02-04,GME,C,86,0,86,OSTK,2026-03-13
2026-02-04,GME,C,926,0,858,OSTK,2026-03-20
2026-02-04,GME,C,19,0,19,OSTK,2026-04-17
2026-02-04,GME,C,6,0,6,OSTK,2026-06-18
2026-02-04,GME,C,66,0,66,OSTK,2026-07-17
2026-02-04,GME,C,68,0,68,OSTK,2026-09-18
2026-02-04,GME,C,105,0,105,OSTK,2026-10-16
2026-02-04,GME,C,45,0,45,OSTK,2026-12-18
2026-02-04,GME,C,355,0,351,OSTK,2027-01-15
2026-02-04,GME,C,16,0,16,OSTK,2027-09-17
2026-02-04,GME,C,5000,0,5000,OSTK,2027-12-17
2026-02-04,GME,C,55,0,55,OSTK,2028-01-21
2026-02-04,GME,C,9,0,9,OSTK,2028-12-15
2026-02-04,GME,D,5974,0,5396,OSTK,2026-02-06
2026-02-04,GME,D,1647,0,1595,OSTK,2026-02-13
2026-02-04,GME,D,1454,0,1468,OSTK,2026-02-20
2026-02-04,GME,D,373,0,369,OSTK,2026-02-27
2026-02-04,GME,D,145,0,143,OSTK,2026-03-06
2026-02-04,GME,D,12,0,12,OSTK,2026-03-13
2026-02-04,GME,D,477,0,451,OSTK,2026-03-20
2026-02-04,GME,D,755,0,649,OSTK,2026-04-17
2026-02-04,GME,D,115,0,115,OSTK,2026-06-18
2026-02-04,GME,D,38,0,38,OSTK,2026-07-17
2026-02-04,GME,D,8,0,6,OSTK,2026-09-18
2026-02-04,GME,D,23,0,23,OSTK,2026-10-16
2026-02-04,GME,D,11,0,11,OSTK,2026-12-18
2026-02-04,GME,D,98,0,96,OSTK,2027-01-15
2026-02-04,GME,D,53,0,53,OSTK,2027-12-17
2026-02-04,GME,D,135,0,135,OSTK,2028-01-21
2026-02-04,GME,D,6,0,6,OSTK,2028-12-15
2026-02-04,GME,E,2776,0,2860,OSTK,2026-02-06
2026-02-04,GME,E,625,0,773,OSTK,2026-02-13
2026-02-04,GME,E,780,0,832,OSTK,2026-02-20
2026-02-04,GME,E,83,0,83,OSTK,2026-02-27
2026-02-04,GME,E,30,0,30,OSTK,2026-03-06
2026-02-04,GME,E,14,0,14,OSTK,2026-03-13
2026-02-04,GME,E,146,0,146,OSTK,2026-03-20
2026-02-04,GME,E,1,0,1,OSTK,2026-04-17
2026-02-04,GME,E,134,0,134,OSTK,2026-06-18
2026-02-04,GME,E,5,0,5,OSTK,2026-07-17
2026-02-04,GME,E,6,0,6,OSTK,2026-09-18
2026-02-04,GME,E,17,0,17,OSTK,2026-10-16
2026-02-04,GME,E,57,0,57,OSTK,2026-12-18
2026-02-04,GME,E,187,0,187,OSTK,2027-01-15
2026-02-04,GME,E,0,0,2,OSTK,2027-09-17
2026-02-04,GME,E,8,0,8,OSTK,2027-12-17
2026-02-04,GME,E,17,0,17,OSTK,2028-01-21
2026-02-04,GME,E,1,0,1,OSTK,2028-06-16
2026-02-04,GME,H,4797,0,4349,OSTK,2026-02-06
2026-02-04,GME,H,1500,0,1410,OSTK,2026-02-13
2026-02-04,GME,H,1088,0,992,OSTK,2026-02-20
2026-02-04,GME,H,146,0,144,OSTK,2026-02-27
2026-02-04,GME,H,188,0,182,OSTK,2026-03-06
2026-02-04,GME,H,30,0,30,OSTK,2026-03-13
2026-02-04,GME,H,483,0,377,OSTK,2026-03-20
2026-02-04,GME,H,2,0,2,OSTK,2026-04-17
2026-02-04,GME,H,2,0,2,OSTK,2026-06-18
2026-02-04,GME,H,4,0,4,OSTK,2026-07-17
2026-02-04,GME,H,2,0,2,OSTK,2026-09-18
2026-02-04,GME,H,37,0,37,OSTK,2026-10-16
2026-02-04,GME,H,21,0,21,OSTK,2026-12-18
2026-02-04,GME,H,7,0,7,OSTK,2027-01-15
2026-02-04,GME,H,8,0,8,OSTK,2027-12-17
2026-02-04,GME,H,59,0,59,OSTK,2028-01-21
2026-02-04,GME,H,16,0,16,OSTK,2028-06-16
2026-02-04,GME,H,6,0,4,OSTK,2028-12-15
2026-02-04,GME,I,4111,0,4153,OSTK,2026-02-06
2026-02-04,GME,I,1233,0,1243,OSTK,2026-02-13
2026-02-04,GME,I,993,0,1025,OSTK,2026-02-20
2026-02-04,GME,I,243,0,243,OSTK,2026-02-27
2026-02-04,GME,I,168,0,166,OSTK,2026-03-06
2026-02-04,GME,I,137,0,135,OSTK,2026-03-13
2026-02-04,GME,I,424,0,424,OSTK,2026-03-20
2026-02-04,GME,I,418,0,418,OSTK,2026-04-17
2026-02-04,GME,I,20,0,20,OSTK,2026-06-18
2026-02-04,GME,I,20,0,30,OSTK,2026-07-17
2026-02-04,GME,I,64,0,64,OSTK,2026-09-18
2026-02-04,GME,I,133,0,133,OSTK,2026-10-16
2026-02-04,GME,I,62,0,62,OSTK,2026-12-18
2026-02-04,GME,I,180,0,180,OSTK,2027-01-15
2026-02-04,GME,I,26,0,4,OSTK,2027-12-17
2026-02-04,GME,I,58,0,36,OSTK,2028-01-21
2026-02-04,GME,I,2,0,2,OSTK,2028-12-15
2026-02-04,GME,J,4702,0,3410,OSTK,2026-02-06
2026-02-04,GME,J,726,0,672,OSTK,2026-02-13
2026-02-04,GME,J,380,0,358,OSTK,2026-02-20
2026-02-04,GME,J,36,0,36,OSTK,2026-02-27
2026-02-04,GME,J,37,0,17,OSTK,2026-03-06
2026-02-04,GME,J,1,0,1,OSTK,2026-03-13
2026-02-04,GME,J,170,0,162,OSTK,2026-03-20
2026-02-04,GME,J,9,0,9,OSTK,2026-04-17
2026-02-04,GME,J,78,0,78,OSTK,2026-06-18
2026-02-04,GME,J,5,0,5,OSTK,2026-07-17
2026-02-04,GME,J,2,0,2,OSTK,2026-09-18
2026-02-04,GME,J,14,3,11,OSTK,2026-10-16
2026-02-04,GME,J,17,0,17,OSTK,2027-01-15
2026-02-04,GME,J,0,0,6,OSTK,2027-09-17
2026-02-04,GME,J,13,0,13,OSTK,2027-12-17
2026-02-04,GME,J,57,0,57,OSTK,2028-01-21
2026-02-04,GME,L,2676,0,2624,OSTK,2026-02-06
2026-02-04,GME,L,738,0,910,OSTK,2026-02-13
2026-02-04,GME,L,857,0,827,OSTK,2026-02-20
2026-02-04,GME,L,189,0,189,OSTK,2026-02-27
2026-02-04,GME,L,104,0,104,OSTK,2026-03-06
2026-02-04,GME,L,6,0,6,OSTK,2026-03-13
2026-02-04,GME,L,778,0,772,OSTK,2026-03-20
2026-02-04,GME,L,305,0,303,OSTK,2026-04-17
2026-02-04,GME,L,51,0,51,OSTK,2026-06-18
2026-02-04,GME,L,43,0,53,OSTK,2026-07-17
2026-02-04,GME,L,8,0,8,OSTK,2026-09-18
2026-02-04,GME,L,36,0,44,OSTK,2026-10-16
2026-02-04,GME,L,32,0,32,OSTK,2026-12-18
2026-02-04,GME,L,108,0,102,OSTK,2027-01-15
2026-02-04,GME,L,3,0,9,OSTK,2027-12-17
2026-02-04,GME,L,83,0,83,OSTK,2028-01-21
2026-02-04,GME,L,32,0,32,OSTK,2028-12-15
2026-02-04,GME,M,12060,0,12204,OSTK,2026-02-06
2026-02-04,GME,M,3022,0,3152,OSTK,2026-02-13
2026-02-04,GME,M,2053,0,2161,OSTK,2026-02-20
2026-02-04,GME,M,324,0,324,OSTK,2026-02-27
2026-02-04,GME,M,351,0,351,OSTK,2026-03-06
2026-02-04,GME,M,29,0,29,OSTK,2026-03-13
2026-02-04,GME,M,898,0,898,OSTK,2026-03-20
2026-02-04,GME,M,827,0,827,OSTK,2026-04-17
2026-02-04,GME,M,218,0,218,OSTK,2026-06-18
2026-02-04,GME,M,39,0,39,OSTK,2026-07-17
2026-02-04,GME,M,30,0,30,OSTK,2026-09-18
2026-02-04,GME,M,118,0,118,OSTK,2026-10-16
2026-02-04,GME,M,15,0,15,OSTK,2026-12-18
2026-02-04,GME,M,302,0,302,OSTK,2027-01-15
2026-02-04,GME,M,3,0,3,OSTK,2027-09-17
2026-02-04,GME,M,135,0,123,OSTK,2027-12-17
2026-02-04,GME,M,129,0,97,OSTK,2028-01-21
2026-02-04,GME,M,6,0,6,OSTK,2028-06-16
2026-02-04,GME,M,103,0,103,OSTK,2028-12-15
2026-02-04,GME,P,11048,0,9370,OSTK,2026-02-06
2026-02-04,GME,P,3363,0,3061,OSTK,2026-02-13
2026-02-04,GME,P,2160,0,2032,OSTK,2026-02-20
2026-02-04,GME,P,206,0,208,OSTK,2026-02-27
2026-02-04,GME,P,344,0,338,OSTK,2026-03-06
2026-02-04,GME,P,10,0,10,OSTK,2026-03-13
2026-02-04,GME,P,767,0,719,OSTK,2026-03-20
2026-02-04,GME,P,29,0,29,OSTK,2026-04-17
2026-02-04,GME,P,1,0,1,OSTK,2026-06-18
2026-02-04,GME,P,78,0,80,OSTK,2026-07-17
2026-02-04,GME,P,28,0,26,OSTK,2026-09-18
2026-02-04,GME,P,633,0,635,OSTK,2026-10-16
2026-02-04,GME,P,17,0,19,OSTK,2026-12-18
2026-02-04,GME,P,6,0,6,OSTK,2027-01-15
2026-02-04,GME,P,0,0,254,OSTK,2027-09-17
2026-02-04,GME,P,3,0,3,OSTK,2027-12-17
2026-02-04,GME,P,0,0,4,OSTK,2028-01-21
2026-02-04,GME,P,29,0,29,OSTK,2028-06-16
2026-02-04,GME,P,10,0,10,OSTK,2028-12-15
2026-02-04,GME,Q,990,103,2487,OSTK,2026-02-06
2026-02-04,GME,Q,318,0,1118,OSTK,2026-02-13
2026-02-04,GME,Q,655,0,865,OSTK,2026-02-20
2026-02-04,GME,Q,0,0,6,OSTK,2026-02-27
2026-02-04,GME,Q,5,0,13,OSTK,2026-03-06
2026-02-04,GME,Q,0,0,10,OSTK,2026-03-13
2026-02-04,GME,Q,82,0,98,OSTK,2026-03-20
2026-02-04,GME,Q,5,0,13,OSTK,2026-04-17
2026-02-04,GME,Q,0,3,55,OSTK,2026-06-18
2026-02-04,GME,Q,1,0,1,OSTK,2026-07-17
2026-02-04,GME,Q,0,1,7,OSTK,2026-10-16
2026-02-04,GME,Q,0,0,4,OSTK,2026-12-18
2026-02-04,GME,Q,10,0,16,OSTK,2027-01-15
2026-02-04,GME,Q,0,0,196,OSTK,2027-09-17
2026-02-04,GME,Q,1,0,9,OSTK,2028-01-21
2026-02-04,GME,R,4051,0,4413,OSTK,2026-02-06
2026-02-04,GME,R,1924,0,2296,OSTK,2026-02-13
2026-02-04,GME,R,1403,0,1803,OSTK,2026-02-20
2026-02-04,GME,R,170,0,188,OSTK,2026-02-27
2026-02-04,GME,R,127,0,127,OSTK,2026-03-06
2026-02-04,GME,R,23,0,23,OSTK,2026-03-13
2026-02-04,GME,R,378,0,378,OSTK,2026-03-20
2026-02-04,GME,R,648,0,642,OSTK,2026-04-17
2026-02-04,GME,R,162,0,162,OSTK,2026-06-18
2026-02-04,GME,R,8,0,8,OSTK,2026-07-17
2026-02-04,GME,R,20,0,20,OSTK,2026-09-18
2026-02-04,GME,R,76,0,92,OSTK,2026-10-16
2026-02-04,GME,R,8,0,8,OSTK,2026-12-18
2026-02-04,GME,R,193,0,203,OSTK,2027-01-15
2026-02-04,GME,R,1,0,1,OSTK,2028-01-21
2026-02-04,GME,R,1,0,1,OSTK,2028-06-16
2026-02-04,GME,R,1,0,1,OSTK,2028-12-15
2026-02-04,GME,T,1491,0,1565,OSTK,2026-02-06
2026-02-04,GME,T,289,0,489,OSTK,2026-02-13
2026-02-04,GME,T,136,0,148,OSTK,2026-02-20
2026-02-04,GME,T,13,0,13,OSTK,2026-02-27
2026-02-04,GME,T,9,0,9,OSTK,2026-03-06
2026-02-04,GME,T,169,0,169,OSTK,2026-03-20
2026-02-04,GME,T,28,0,28,OSTK,2026-04-17
2026-02-04,GME,T,5,0,15,OSTK,2026-06-18
2026-02-04,GME,T,3,0,3,OSTK,2026-07-17
2026-02-04,GME,T,7,0,7,OSTK,2026-09-18
2026-02-04,GME,T,29,0,29,OSTK,2026-10-16
2026-02-04,GME,T,1,0,7,OSTK,2026-12-18
2026-02-04,GME,T,5,0,5,OSTK,2027-01-15
2026-02-04,GME,T,2,0,2,OSTK,2027-09-17
2026-02-04,GME,T,0,0,4,OSTK,2028-12-15
2026-02-04,GME,U,2951,0,3959,OSTK,2026-02-06
2026-02-04,GME,U,513,0,1081,OSTK,2026-02-13
2026-02-04,GME,U,1054,0,1508,OSTK,2026-02-20
2026-02-04,GME,U,102,0,102,OSTK,2026-02-27
2026-02-04,GME,U,53,0,53,OSTK,2026-03-06
2026-02-04,GME,U,5,0,5,OSTK,2026-03-13
2026-02-04,GME,U,297,0,297,OSTK,2026-03-20
2026-02-04,GME,U,2,0,2,OSTK,2026-04-17
2026-02-04,GME,U,2,0,2,OSTK,2026-06-18
2026-02-04,GME,U,36,0,36,OSTK,2026-07-17
2026-02-04,GME,U,2,0,2,OSTK,2026-09-18
2026-02-04,GME,U,11,0,11,OSTK,2026-10-16
2026-02-04,GME,U,1,0,3,OSTK,2026-12-18
2026-02-04,GME,U,2,0,2,OSTK,2027-01-15
2026-02-04,GME,U,33,0,33,OSTK,2027-09-17
2026-02-04,GME,U,1,0,1,OSTK,2027-12-17
2026-02-04,GME,U,172,0,172,OSTK,2028-01-21
2026-02-04,GME,W,2023,55,2360,OSTK,2026-02-06
2026-02-04,GME,W,171,0,583,OSTK,2026-02-13
2026-02-04,GME,W,434,0,454,OSTK,2026-02-20
2026-02-04,GME,W,30,0,30,OSTK,2026-02-27
2026-02-04,GME,W,18,0,18,OSTK,2026-03-06
2026-02-04,GME,W,9,0,9,OSTK,2026-03-13
2026-02-04,GME,W,91,0,91,OSTK,2026-03-20
2026-02-04,GME,W,147,0,145,OSTK,2026-04-17
2026-02-04,GME,W,55,0,55,OSTK,2026-06-18
2026-02-04,GME,W,9,0,9,OSTK,2026-07-17
2026-02-04,GME,W,17,0,17,OSTK,2026-09-18
2026-02-04,GME,W,22,0,22,OSTK,2026-10-16
2026-02-04,GME,W,2,0,2,OSTK,2026-12-18
2026-02-04,GME,W,318,0,318,OSTK,2027-01-15
2026-02-04,GME,W,9,0,9,OSTK,2027-12-17
2026-02-04,GME,W,9,0,9,OSTK,2028-01-21
2026-02-04,GME,W,1,0,1,OSTK,2028-06-16
2026-02-04,GME,X,12202,0,11906,OSTK,2026-02-06
2026-02-04,GME,X,4369,0,4287,OSTK,2026-02-13
2026-02-04,GME,X,3601,0,3567,OSTK,2026-02-20
2026-02-04,GME,X,1003,0,1001,OSTK,2026-02-27
2026-02-04,GME,X,133,0,133,OSTK,2026-03-06
2026-02-04,GME,X,31,0,25,OSTK,2026-03-13
2026-02-04,GME,X,1465,0,1461,OSTK,2026-03-20
2026-02-04,GME,X,1,0,1,OSTK,2026-04-17
2026-02-04,GME,X,12,0,12,OSTK,2026-06-18
2026-02-04,GME,X,54,0,54,OSTK,2026-07-17
2026-02-04,GME,X,42,0,42,OSTK,2026-09-18
2026-02-04,GME,X,68,0,68,OSTK,2026-10-16
2026-02-04,GME,X,59,0,59,OSTK,2026-12-18
2026-02-04,GME,X,43,0,83,OSTK,2027-01-15
2026-02-04,GME,X,0,0,328,OSTK,2027-09-17
2026-02-04,GME,X,1,0,1,OSTK,2027-12-17
2026-02-04,GME,X,147,0,117,OSTK,2028-01-21
2026-02-04,GME,X,1,0,1,OSTK,2028-06-16
2026-02-04,GME,X,2,0,2,OSTK,2028-12-15
2026-02-04,GME,Z,5323,42,5355,OSTK,2026-02-06
2026-02-04,GME,Z,1573,0,1653,OSTK,2026-02-13
2026-02-04,GME,Z,973,0,1107,OSTK,2026-02-20
2026-02-04,GME,Z,21,0,21,OSTK,2026-02-27
2026-02-04,GME,Z,72,0,68,OSTK,2026-03-06
2026-02-04,GME,Z,18,0,18,OSTK,2026-03-13
2026-02-04,GME,Z,807,0,805,OSTK,2026-03-20
2026-02-04,GME,Z,2,0,0,OSTK,2026-04-17
2026-02-04,GME,Z,11,0,11,OSTK,2026-06-18
2026-02-04,GME,Z,11,0,11,OSTK,2026-07-17
2026-02-04,GME,Z,4,0,4,OSTK,2026-09-18
2026-02-04,GME,Z,28,0,26,OSTK,2026-10-16
2026-02-04,GME,Z,14,0,14,OSTK,2026-12-18
2026-02-04,GME,Z,6,0,6,OSTK,2027-01-15
2026-02-04,GME,Z,0,0,352,OSTK,2027-09-17
2026-02-04,GME,Z,7,0,7,OSTK,2027-12-17
2026-02-04,GME,Z,27,0,27,OSTK,2028-01-21
2026-02-04,GME,Z,13,0,13,OSTK,2028-12-15
2026-02-05,GME,A,4867,65,4764,OSTK,2026-02-06
2026-02-05,GME,A,1399,0,1541,OSTK,2026-02-13
2026-02-05,GME,A,824,0,818,OSTK,2026-02-20
2026-02-05,GME,A,133,0,133,OSTK,2026-02-27
2026-02-05,GME,A,27,0,27,OSTK,2026-03-06
2026-02-05,GME,A,26,0,26,OSTK,2026-03-13
2026-02-05,GME,A,136,0,136,OSTK,2026-03-20
2026-02-05,GME,A,1,0,1,OSTK,2026-04-17
2026-02-05,GME,A,9,0,9,OSTK,2026-06-18
2026-02-05,GME,A,10,0,10,OSTK,2026-07-17
2026-02-05,GME,A,19,0,19,OSTK,2026-09-18
2026-02-05,GME,A,54,0,54,OSTK,2026-10-16
2026-02-05,GME,A,37,0,37,OSTK,2026-12-18
2026-02-05,GME,A,1,0,1,OSTK,2027-01-15
2026-02-05,GME,A,2,0,2,OSTK,2027-09-17
2026-02-05,GME,A,3,0,183,OSTK,2027-12-17
2026-02-05,GME,A,58,0,58,OSTK,2028-01-21
2026-02-05,GME,A,41,0,41,OSTK,2028-12-15
2026-02-05,GME,B,4378,22,4396,OSTK,2026-02-06
2026-02-05,GME,B,1993,0,1987,OSTK,2026-02-13
2026-02-05,GME,B,1204,0,1202,OSTK,2026-02-20
2026-02-05,GME,B,380,0,380,OSTK,2026-02-27
2026-02-05,GME,B,169,0,169,OSTK,2026-03-06
2026-02-05,GME,B,47,0,47,OSTK,2026-03-13
2026-02-05,GME,B,815,0,815,OSTK,2026-03-20
2026-02-05,GME,B,36,0,36,OSTK,2026-03-27
2026-02-05,GME,B,1,0,1,OSTK,2026-04-17
2026-02-05,GME,B,20,0,20,OSTK,2026-06-18
2026-02-05,GME,B,65,0,65,OSTK,2026-07-17
2026-02-05,GME,B,116,0,116,OSTK,2026-09-18
2026-02-05,GME,B,16,0,16,OSTK,2026-10-16
2026-02-05,GME,B,24,0,24,OSTK,2026-12-18
2026-02-05,GME,B,48,0,48,OSTK,2027-01-15
2026-02-05,GME,B,9,0,9,OSTK,2027-09-17
2026-02-05,GME,B,20,0,20,OSTK,2027-12-17
2026-02-05,GME,B,19,0,19,OSTK,2028-01-21
2026-02-05,GME,B,2,0,2,OSTK,2028-06-16
2026-02-05,GME,B,4,0,4,OSTK,2028-12-15
2026-02-05,GME,C,13563,42,12953,OSTK,2026-02-06
2026-02-05,GME,C,4783,0,4607,OSTK,2026-02-13
2026-02-05,GME,C,3932,0,3742,OSTK,2026-02-20
2026-02-05,GME,C,877,0,839,OSTK,2026-02-27
2026-02-05,GME,C,565,0,543,OSTK,2026-03-06
2026-02-05,GME,C,312,0,312,OSTK,2026-03-13
2026-02-05,GME,C,1032,0,1002,OSTK,2026-03-20
2026-02-05,GME,C,8,0,8,OSTK,2026-03-27
2026-02-05,GME,C,18,0,18,OSTK,2026-04-17
2026-02-05,GME,C,3,0,3,OSTK,2026-06-18
2026-02-05,GME,C,89,0,89,OSTK,2026-07-17
2026-02-05,GME,C,51,0,51,OSTK,2026-09-18
2026-02-05,GME,C,1,0,1,OSTK,2026-10-16
2026-02-05,GME,C,55,0,55,OSTK,2026-12-18
2026-02-05,GME,C,43,0,43,OSTK,2027-01-15
2026-02-05,GME,C,7,0,7,OSTK,2027-09-17
2026-02-05,GME,C,22,0,22,OSTK,2027-12-17
2026-02-05,GME,C,126,0,126,OSTK,2028-01-21
2026-02-05,GME,C,16,0,16,OSTK,2028-12-15
2026-02-05,GME,D,5222,19,4947,OSTK,2026-02-06
2026-02-05,GME,D,2898,0,2974,OSTK,2026-02-13
2026-02-05,GME,D,1842,0,1510,OSTK,2026-02-20
2026-02-05,GME,D,251,0,249,OSTK,2026-02-27
2026-02-05,GME,D,200,0,186,OSTK,2026-03-06
2026-02-05,GME,D,103,0,103,OSTK,2026-03-13
2026-02-05,GME,D,576,0,552,OSTK,2026-03-20
2026-02-05,GME,D,24,0,20,OSTK,2026-03-27
2026-02-05,GME,D,7,0,7,OSTK,2026-04-17
2026-02-05,GME,D,121,0,121,OSTK,2026-06-18
2026-02-05,GME,D,75,0,75,OSTK,2026-07-17
2026-02-05,GME,D,58,0,58,OSTK,2026-09-18
2026-02-05,GME,D,7,0,7,OSTK,2026-10-16
2026-02-05,GME,D,24,0,24,OSTK,2026-12-18
2026-02-05,GME,D,4,0,4,OSTK,2027-01-15
2026-02-05,GME,D,5,0,5,OSTK,2027-09-17
2026-02-05,GME,D,2,0,2,OSTK,2027-12-17
2026-02-05,GME,D,1,0,1,OSTK,2028-01-21
2026-02-05,GME,D,1,0,1,OSTK,2028-06-16
2026-02-05,GME,D,16,0,16,OSTK,2028-12-15
2026-02-05,GME,E,3383,29,3742,OSTK,2026-02-06
2026-02-05,GME,E,1747,0,1793,OSTK,2026-02-13
2026-02-05,GME,E,865,0,975,OSTK,2026-02-20
2026-02-05,GME,E,129,0,129,OSTK,2026-02-27
2026-02-05,GME,E,82,0,82,OSTK,2026-03-06
2026-02-05,GME,E,7,0,7,OSTK,2026-03-13
2026-02-05,GME,E,219,0,215,OSTK,2026-03-20
2026-02-05,GME,E,2,0,2,OSTK,2026-04-17
2026-02-05,GME,E,3,0,3,OSTK,2026-06-18
2026-02-05,GME,E,1,0,1,OSTK,2026-07-17
2026-02-05,GME,E,2,0,2,OSTK,2026-09-18
2026-02-05,GME,E,24,0,24,OSTK,2026-10-16
2026-02-05,GME,E,7,0,7,OSTK,2026-12-18
2026-02-05,GME,E,4,0,4,OSTK,2027-01-15
2026-02-05,GME,E,1,0,1,OSTK,2027-09-17
2026-02-05,GME,E,3,0,3,OSTK,2027-12-17
2026-02-05,GME,E,15,0,11,OSTK,2028-01-21
2026-02-05,GME,H,5298,8,4468,OSTK,2026-02-06
2026-02-05,GME,H,2014,0,1672,OSTK,2026-02-13
2026-02-05,GME,H,1147,0,1053,OSTK,2026-02-20
2026-02-05,GME,H,401,0,401,OSTK,2026-02-27
2026-02-05,GME,H,129,0,129,OSTK,2026-03-06
2026-02-05,GME,H,113,0,133,OSTK,2026-03-13
2026-02-05,GME,H,561,0,541,OSTK,2026-03-20
2026-02-05,GME,H,5,0,5,OSTK,2026-03-27
2026-02-05,GME,H,401,0,385,OSTK,2026-04-17
2026-02-05,GME,H,288,0,286,OSTK,2026-06-18
2026-02-05,GME,H,15,0,13,OSTK,2026-07-17
2026-02-05,GME,H,30,0,30,OSTK,2026-09-18
2026-02-05,GME,H,10,0,10,OSTK,2026-10-16
2026-02-05,GME,H,25,0,25,OSTK,2026-12-18
2026-02-05,GME,H,21,0,21,OSTK,2027-01-15
2026-02-05,GME,H,2,0,2,OSTK,2027-09-17
2026-02-05,GME,H,3,0,3,OSTK,2027-12-17
2026-02-05,GME,H,26,0,26,OSTK,2028-01-21
2026-02-05,GME,H,11,0,11,OSTK,2028-06-16
2026-02-05,GME,H,2,0,2,OSTK,2028-12-15
2026-02-05,GME,I,5387,13,5822,OSTK,2026-02-06
2026-02-05,GME,I,1809,0,1841,OSTK,2026-02-13
2026-02-05,GME,I,1459,0,1473,OSTK,2026-02-20
2026-02-05,GME,I,265,0,265,OSTK,2026-02-27
2026-02-05,GME,I,315,0,315,OSTK,2026-03-06
2026-02-05,GME,I,106,0,106,OSTK,2026-03-13
2026-02-05,GME,I,328,0,328,OSTK,2026-03-20
2026-02-05,GME,I,2,0,2,OSTK,2026-04-17
2026-02-05,GME,I,14,0,14,OSTK,2026-06-18
2026-02-05,GME,I,6,0,6,OSTK,2026-07-17
2026-02-05,GME,I,21,0,21,OSTK,2026-09-18
2026-02-05,GME,I,5,0,5,OSTK,2026-10-16
2026-02-05,GME,I,47,0,47,OSTK,2026-12-18
2026-02-05,GME,I,5,0,5,OSTK,2027-01-15
2026-02-05,GME,I,2,0,2,OSTK,2027-09-17
2026-02-05,GME,I,10,0,10,OSTK,2027-12-17
2026-02-05,GME,I,90,0,8,OSTK,2028-01-21
2026-02-05,GME,I,1,0,1,OSTK,2028-06-16
2026-02-05,GME,I,2,0,2,OSTK,2028-12-15
2026-02-05,GME,J,7769,14,5139,OSTK,2026-02-06
2026-02-05,GME,J,2103,0,1679,OSTK,2026-02-13
2026-02-05,GME,J,885,0,813,OSTK,2026-02-20
2026-02-05,GME,J,113,0,111,OSTK,2026-02-27
2026-02-05,GME,J,35,0,33,OSTK,2026-03-06
2026-02-05,GME,J,11,0,11,OSTK,2026-03-13
2026-02-05,GME,J,303,0,295,OSTK,2026-03-20
2026-02-05,GME,J,1,0,1,OSTK,2026-03-27
2026-02-05,GME,J,121,0,97,OSTK,2026-04-17
2026-02-05,GME,J,2,0,0,OSTK,2026-06-18
2026-02-05,GME,J,3,0,3,OSTK,2026-09-18
2026-02-05,GME,J,8,0,8,OSTK,2026-10-16
2026-02-05,GME,J,5,0,5,OSTK,2026-12-18
2026-02-05,GME,J,1,0,1,OSTK,2027-01-15
2026-02-05,GME,J,5,0,5,OSTK,2027-12-17
2026-02-05,GME,J,22,0,22,OSTK,2028-01-21
2026-02-05,GME,J,3,0,3,OSTK,2028-12-15
2026-02-05,GME,L,3538,4,3616,OSTK,2026-02-06
2026-02-05,GME,L,1803,0,1747,OSTK,2026-02-13
2026-02-05,GME,L,594,0,588,OSTK,2026-02-20
2026-02-05,GME,L,176,0,176,OSTK,2026-02-27
2026-02-05,GME,L,246,0,246,OSTK,2026-03-06
2026-02-05,GME,L,222,0,222,OSTK,2026-03-13
2026-02-05,GME,L,856,0,856,OSTK,2026-03-20
2026-02-05,GME,L,2,0,2,OSTK,2026-03-27
2026-02-05,GME,L,2,0,2,OSTK,2026-04-17
2026-02-05,GME,L,167,0,165,OSTK,2026-06-18
2026-02-05,GME,L,3,0,3,OSTK,2026-07-17
2026-02-05,GME,L,2,0,2,OSTK,2026-09-18
2026-02-05,GME,L,8,0,8,OSTK,2026-10-16
2026-02-05,GME,L,4,0,6,OSTK,2026-12-18
2026-02-05,GME,L,77,0,77,OSTK,2027-01-15
2026-02-05,GME,L,215,250,65,OSTK,2027-12-17
2026-02-05,GME,L,196,0,196,OSTK,2028-01-21
2026-02-05,GME,L,21,0,21,OSTK,2028-12-15
2026-02-05,GME,M,10906,34,10862,OSTK,2026-02-06
2026-02-05,GME,M,3312,0,3416,OSTK,2026-02-13
2026-02-05,GME,M,3652,0,3644,OSTK,2026-02-20
2026-02-05,GME,M,263,0,265,OSTK,2026-02-27
2026-02-05,GME,M,201,0,201,OSTK,2026-03-06
2026-02-05,GME,M,64,0,66,OSTK,2026-03-13
2026-02-05,GME,M,785,0,753,OSTK,2026-03-20
2026-02-05,GME,M,30,0,30,OSTK,2026-03-27
2026-02-05,GME,M,729,0,729,OSTK,2026-04-17
2026-02-05,GME,M,26,0,26,OSTK,2026-06-18
2026-02-05,GME,M,26,0,26,OSTK,2026-07-17
2026-02-05,GME,M,55,0,55,OSTK,2026-09-18
2026-02-05,GME,M,478,0,478,OSTK,2026-10-16
2026-02-05,GME,M,17,0,17,OSTK,2026-12-18
2026-02-05,GME,M,17,0,17,OSTK,2027-01-15
2026-02-05,GME,M,20,0,20,OSTK,2027-12-17
2026-02-05,GME,M,44,0,44,OSTK,2028-01-21
2026-02-05,GME,M,6,0,6,OSTK,2028-06-16
2026-02-05,GME,M,30,0,30,OSTK,2028-12-15
2026-02-05,GME,P,11091,194,8891,OSTK,2026-02-06
2026-02-05,GME,P,5344,0,4806,OSTK,2026-02-13
2026-02-05,GME,P,4445,7,3632,OSTK,2026-02-20
2026-02-05,GME,P,295,0,297,OSTK,2026-02-27
2026-02-05,GME,P,397,0,379,OSTK,2026-03-06
2026-02-05,GME,P,59,0,57,OSTK,2026-03-13
2026-02-05,GME,P,1103,0,953,OSTK,2026-03-20
2026-02-05,GME,P,24,0,24,OSTK,2026-03-27
2026-02-05,GME,P,7,0,7,OSTK,2026-04-17
2026-02-05,GME,P,18,0,16,OSTK,2026-06-18
2026-02-05,GME,P,67,0,65,OSTK,2026-07-17
2026-02-05,GME,P,15,0,15,OSTK,2026-09-18
2026-02-05,GME,P,71,0,69,OSTK,2026-10-16
2026-02-05,GME,P,19,0,19,OSTK,2026-12-18
2026-02-05,GME,P,12,0,12,OSTK,2027-01-15
2026-02-05,GME,P,274,0,274,OSTK,2027-09-17
2026-02-05,GME,P,6,0,6,OSTK,2027-12-17
2026-02-05,GME,P,757,0,755,OSTK,2028-01-21
2026-02-05,GME,P,18,0,0,OSTK,2028-06-16
2026-02-05,GME,P,27,0,27,OSTK,2028-12-15
2026-02-05,GME,Q,1471,613,2372,OSTK,2026-02-06
2026-02-05,GME,Q,280,0,612,OSTK,2026-02-13
2026-02-05,GME,Q,578,0,600,OSTK,2026-02-20
2026-02-05,GME,Q,13,0,13,OSTK,2026-02-27
2026-02-05,GME,Q,5,0,7,OSTK,2026-03-06
2026-02-05,GME,Q,0,0,2,OSTK,2026-03-13
2026-02-05,GME,Q,83,0,87,OSTK,2026-03-20
2026-02-05,GME,Q,78,0,110,OSTK,2026-04-17
2026-02-05,GME,Q,0,54,54,OSTK,2026-06-18
2026-02-05,GME,Q,5,0,5,OSTK,2027-01-15
2026-02-05,GME,Q,2,0,2,OSTK,2027-09-17
2026-02-05,GME,Q,7,0,7,OSTK,2027-12-17
2026-02-05,GME,Q,3,0,17,OSTK,2028-01-21
2026-02-05,GME,Q,0,0,2,OSTK,2028-12-15
2026-02-05,GME,R,7471,54,7069,OSTK,2026-02-06
2026-02-05,GME,R,4480,0,4558,OSTK,2026-02-13
2026-02-05,GME,R,2179,0,2287,OSTK,2026-02-20
2026-02-05,GME,R,260,0,260,OSTK,2026-02-27
2026-02-05,GME,R,179,0,173,OSTK,2026-03-06
2026-02-05,GME,R,242,0,242,OSTK,2026-03-13
2026-02-05,GME,R,849,0,849,OSTK,2026-03-20
2026-02-05,GME,R,70,0,70,OSTK,2026-03-27
2026-02-05,GME,R,926,0,850,OSTK,2026-04-17
2026-02-05,GME,R,1,0,1,OSTK,2026-06-18
2026-02-05,GME,R,4,0,4,OSTK,2026-07-17
2026-02-05,GME,R,24,0,4,OSTK,2026-09-18
2026-02-05,GME,R,72,0,68,OSTK,2026-10-16
2026-02-05,GME,R,6,0,6,OSTK,2026-12-18
2026-02-05,GME,R,2,0,2,OSTK,2027-01-15
2026-02-05,GME,R,1,0,1,OSTK,2027-09-17
2026-02-05,GME,R,2,0,2,OSTK,2027-12-17
2026-02-05,GME,R,114,0,114,OSTK,2028-01-21
2026-02-05,GME,R,20,0,20,OSTK,2028-06-16
2026-02-05,GME,R,6,0,8,OSTK,2028-12-15
2026-02-05,GME,T,890,15,1153,OSTK,2026-02-06
2026-02-05,GME,T,344,0,362,OSTK,2026-02-13
2026-02-05,GME,T,15,0,771,OSTK,2026-02-20
2026-02-05,GME,T,51,0,51,OSTK,2026-02-27
2026-02-05,GME,T,2,0,8,OSTK,2026-03-06
2026-02-05,GME,T,5,0,5,OSTK,2026-03-13
2026-02-05,GME,T,12,0,14,OSTK,2026-03-20
2026-02-05,GME,T,20,0,20,OSTK,2026-03-27
2026-02-05,GME,T,498,0,506,OSTK,2026-04-17
2026-02-05,GME,T,29,0,29,OSTK,2026-10-16
2026-02-05,GME,T,2,0,2,OSTK,2027-01-15
2026-02-05,GME,T,8,0,8,OSTK,2027-12-17
2026-02-05,GME,T,12,0,12,OSTK,2028-01-21
2026-02-05,GME,U,3237,0,3665,OSTK,2026-02-06
2026-02-05,GME,U,1444,0,2586,OSTK,2026-02-13
2026-02-05,GME,U,1133,0,1127,OSTK,2026-02-20
2026-02-05,GME,U,325,0,325,OSTK,2026-02-27
2026-02-05,GME,U,42,0,42,OSTK,2026-03-06
2026-02-05,GME,U,465,0,465,OSTK,2026-03-13
2026-02-05,GME,U,799,0,799,OSTK,2026-03-20
2026-02-05,GME,U,2,0,2,OSTK,2026-04-17
2026-02-05,GME,U,5,0,5,OSTK,2026-06-18
2026-02-05,GME,U,5,0,5,OSTK,2026-07-17
2026-02-05,GME,U,203,0,201,OSTK,2026-10-16
2026-02-05,GME,U,2,0,2,OSTK,2026-12-18
2026-02-05,GME,U,1,0,1,OSTK,2027-01-15
2026-02-05,GME,U,2,0,2,OSTK,2027-09-17
2026-02-05,GME,U,589,0,589,OSTK,2028-01-21
2026-02-05,GME,U,1,0,1,OSTK,2028-12-15
2026-02-05,GME,W,1986,156,2380,OSTK,2026-02-06
2026-02-05,GME,W,1211,0,1297,OSTK,2026-02-13
2026-02-05,GME,W,254,0,586,OSTK,2026-02-20
2026-02-05,GME,W,199,0,199,OSTK,2026-02-27
2026-02-05,GME,W,44,0,44,OSTK,2026-03-06
2026-02-05,GME,W,5,0,5,OSTK,2026-03-13
2026-02-05,GME,W,157,0,157,OSTK,2026-03-20
2026-02-05,GME,W,1,0,1,OSTK,2026-03-27
2026-02-05,GME,W,2,0,2,OSTK,2026-04-17
2026-02-05,GME,W,36,0,36,OSTK,2026-06-18
2026-02-05,GME,W,28,0,28,OSTK,2026-09-18
2026-02-05,GME,W,14,0,16,OSTK,2026-10-16
2026-02-05,GME,W,4,0,4,OSTK,2026-12-18
2026-02-05,GME,W,21,0,19,OSTK,2027-01-15
2026-02-05,GME,W,1,0,1,OSTK,2027-09-17
2026-02-05,GME,W,66,0,116,OSTK,2027-12-17
2026-02-05,GME,W,34,0,36,OSTK,2028-01-21
2026-02-05,GME,X,19141,82,18627,OSTK,2026-02-06
2026-02-05,GME,X,6827,0,6389,OSTK,2026-02-13
2026-02-05,GME,X,5579,0,5413,OSTK,2026-02-20
2026-02-05,GME,X,668,0,666,OSTK,2026-02-27
2026-02-05,GME,X,484,0,480,OSTK,2026-03-06
2026-02-05,GME,X,289,0,289,OSTK,2026-03-13
2026-02-05,GME,X,1735,0,1613,OSTK,2026-03-20
2026-02-05,GME,X,54,0,54,OSTK,2026-03-27
2026-02-05,GME,X,24,0,24,OSTK,2026-04-17
2026-02-05,GME,X,12,0,12,OSTK,2026-06-18
2026-02-05,GME,X,119,0,119,OSTK,2026-07-17
2026-02-05,GME,X,153,0,153,OSTK,2026-09-18
2026-02-05,GME,X,5,0,5,OSTK,2026-10-16
2026-02-05,GME,X,50,0,52,OSTK,2026-12-18
2026-02-05,GME,X,29,0,29,OSTK,2027-01-15
2026-02-05,GME,X,4,0,4,OSTK,2027-09-17
2026-02-05,GME,X,22,0,20,OSTK,2027-12-17
2026-02-05,GME,X,2,0,2,OSTK,2028-01-21
2026-02-05,GME,X,1,0,1,OSTK,2028-06-16
2026-02-05,GME,X,14,0,14,OSTK,2028-12-15
2026-02-05,GME,Z,4540,24,4112,OSTK,2026-02-06
2026-02-05,GME,Z,1602,0,1628,OSTK,2026-02-13
2026-02-05,GME,Z,713,0,711,OSTK,2026-02-20
2026-02-05,GME,Z,93,0,93,OSTK,2026-02-27
2026-02-05,GME,Z,86,0,86,OSTK,2026-03-06
2026-02-05,GME,Z,6,0,6,OSTK,2026-03-13
2026-02-05,GME,Z,612,0,612,OSTK,2026-03-20
2026-02-05,GME,Z,1,0,1,OSTK,2026-03-27
2026-02-05,GME,Z,2,0,2,OSTK,2026-04-17
2026-02-05,GME,Z,3,0,3,OSTK,2026-06-18
2026-02-05,GME,Z,63,0,63,OSTK,2026-07-17
2026-02-05,GME,Z,49,0,49,OSTK,2026-09-18
2026-02-05,GME,Z,112,0,108,OSTK,2026-10-16
2026-02-05,GME,Z,13,0,13,OSTK,2026-12-18
2026-02-05,GME,Z,4,0,4,OSTK,2027-01-15
2026-02-05,GME,Z,2,0,2,OSTK,2027-09-17
2026-02-05,GME,Z,141,0,89,OSTK,2027-12-17
2026-02-05,GME,Z,10,0,10,OSTK,2028-01-21
2026-02-05,GME,Z,27,0,27,OSTK,2028-06-16
2026-02-05,GME,Z,5,0,5,OSTK,2028-12-15
2026-02-06,GME,A,9303,0,8465,OSTK,2026-02-06
2026-02-06,GME,A,8198,0,8142,OSTK,2026-02-13
2026-02-06,GME,A,914,0,912,OSTK,2026-02-20
2026-02-06,GME,A,123,0,123,OSTK,2026-02-27
2026-02-06,GME,A,73,0,73,OSTK,2026-03-06
2026-02-06,GME,A,15,0,15,OSTK,2026-03-13
2026-02-06,GME,A,161,0,163,OSTK,2026-03-20
2026-02-06,GME,A,6,0,6,OSTK,2026-03-27
2026-02-06,GME,A,9,0,9,OSTK,2026-04-17
2026-02-06,GME,A,21,0,21,OSTK,2026-06-18
2026-02-06,GME,A,43,0,43,OSTK,2026-07-17
2026-02-06,GME,A,12,0,12,OSTK,2026-09-18
2026-02-06,GME,A,11,0,11,OSTK,2026-10-16
2026-02-06,GME,A,22,0,22,OSTK,2026-12-18
2026-02-06,GME,A,74,14,88,OSTK,2027-01-15
2026-02-06,GME,A,10,0,10,OSTK,2028-01-21
2026-02-06,GME,A,12,0,12,OSTK,2028-12-15
2026-02-06,GME,B,6681,0,6653,OSTK,2026-02-06
2026-02-06,GME,B,4408,0,4520,OSTK,2026-02-13
2026-02-06,GME,B,1241,0,1303,OSTK,2026-02-20
2026-02-06,GME,B,552,0,552,OSTK,2026-02-27
2026-02-06,GME,B,224,0,224,OSTK,2026-03-06
2026-02-06,GME,B,116,0,116,OSTK,2026-03-13
2026-02-06,GME,B,973,0,973,OSTK,2026-03-20
2026-02-06,GME,B,52,0,52,OSTK,2026-03-27
2026-02-06,GME,B,1129,0,1129,OSTK,2026-04-17
2026-02-06,GME,B,36,0,36,OSTK,2026-06-18
2026-02-06,GME,B,13,0,13,OSTK,2026-07-17
2026-02-06,GME,B,7,0,7,OSTK,2026-09-18
2026-02-06,GME,B,7,0,7,OSTK,2026-10-16
2026-02-06,GME,B,24,0,24,OSTK,2026-12-18
2026-02-06,GME,B,3,0,3,OSTK,2027-01-15
2026-02-06,GME,B,3,0,3,OSTK,2027-09-17
2026-02-06,GME,B,62,0,62,OSTK,2027-12-17
2026-02-06,GME,B,1,0,1,OSTK,2028-01-21
2026-02-06,GME,B,4,0,4,OSTK,2028-12-15
2026-02-06,GME,C,14521,0,13671,OSTK,2026-02-06
2026-02-06,GME,C,10009,0,9581,OSTK,2026-02-13
2026-02-06,GME,C,3258,0,3108,OSTK,2026-02-20
2026-02-06,GME,C,518,0,502,OSTK,2026-02-27
2026-02-06,GME,C,496,0,416,OSTK,2026-03-06
2026-02-06,GME,C,298,0,298,OSTK,2026-03-13
2026-02-06,GME,C,1172,0,1148,OSTK,2026-03-20
2026-02-06,GME,C,92,0,92,OSTK,2026-03-27
2026-02-06,GME,C,5,0,5,OSTK,2026-04-17
2026-02-06,GME,C,44,0,44,OSTK,2026-06-18
2026-02-06,GME,C,52,0,52,OSTK,2026-07-17
2026-02-06,GME,C,45,0,45,OSTK,2026-09-18
2026-02-06,GME,C,2,0,2,OSTK,2026-10-16
2026-02-06,GME,C,30,0,30,OSTK,2026-12-18
2026-02-06,GME,C,36,0,36,OSTK,2027-01-15
2026-02-06,GME,C,1,0,1,OSTK,2027-12-17
2026-02-06,GME,C,54,0,54,OSTK,2028-01-21
2026-02-06,GME,C,31,0,31,OSTK,2028-06-16
2026-02-06,GME,C,10,0,10,OSTK,2028-12-15
2026-02-06,GME,D,5078,0,4102,OSTK,2026-02-06
2026-02-06,GME,D,3937,0,3625,OSTK,2026-02-13
2026-02-06,GME,D,2082,0,1860,OSTK,2026-02-20
2026-02-06,GME,D,257,0,249,OSTK,2026-02-27
2026-02-06,GME,D,196,0,184,OSTK,2026-03-06
2026-02-06,GME,D,124,0,124,OSTK,2026-03-13
2026-02-06,GME,D,586,0,484,OSTK,2026-03-20
2026-02-06,GME,D,7,0,7,OSTK,2026-03-27
2026-02-06,GME,D,3,0,3,OSTK,2026-04-17
2026-02-06,GME,D,17,0,17,OSTK,2026-06-18
2026-02-06,GME,D,99,0,99,OSTK,2026-07-17
2026-02-06,GME,D,11,0,11,OSTK,2026-09-18
2026-02-06,GME,D,5,0,5,OSTK,2026-10-16
2026-02-06,GME,D,2,0,2,OSTK,2026-12-18
2026-02-06,GME,D,10,0,10,OSTK,2027-01-15
2026-02-06,GME,D,24,0,24,OSTK,2027-09-17
2026-02-06,GME,D,1,0,1,OSTK,2027-12-17
2026-02-06,GME,D,11,0,11,OSTK,2028-01-21
2026-02-06,GME,E,8322,0,8462,OSTK,2026-02-06
2026-02-06,GME,E,6722,0,6852,OSTK,2026-02-13
2026-02-06,GME,E,589,0,703,OSTK,2026-02-20
2026-02-06,GME,E,60,0,60,OSTK,2026-02-27
2026-02-06,GME,E,34,0,34,OSTK,2026-03-06
2026-02-06,GME,E,23,0,23,OSTK,2026-03-13
2026-02-06,GME,E,303,0,303,OSTK,2026-03-20
2026-02-06,GME,E,122,0,122,OSTK,2026-04-17
2026-02-06,GME,E,201,0,181,OSTK,2026-06-18
2026-02-06,GME,E,20,0,20,OSTK,2026-07-17
2026-02-06,GME,E,11,0,11,OSTK,2026-09-18
2026-02-06,GME,E,25,0,25,OSTK,2026-10-16
2026-02-06,GME,E,5,0,5,OSTK,2026-12-18
2026-02-06,GME,E,36,0,36,OSTK,2027-01-15
2026-02-06,GME,E,28,0,28,OSTK,2027-12-17
2026-02-06,GME,E,29,0,29,OSTK,2028-01-21
2026-02-06,GME,H,4197,0,2991,OSTK,2026-02-06
2026-02-06,GME,H,3547,0,3097,OSTK,2026-02-13
2026-02-06,GME,H,1581,0,1275,OSTK,2026-02-20
2026-02-06,GME,H,241,0,185,OSTK,2026-02-27
2026-02-06,GME,H,89,0,79,OSTK,2026-03-06
2026-02-06,GME,H,194,0,192,OSTK,2026-03-13
2026-02-06,GME,H,498,0,416,OSTK,2026-03-20
2026-02-06,GME,H,7,0,7,OSTK,2026-03-27
2026-02-06,GME,H,24,0,24,OSTK,2026-04-17
2026-02-06,GME,H,11,0,11,OSTK,2026-06-18
2026-02-06,GME,H,14,0,14,OSTK,2026-07-17
2026-02-06,GME,H,10,0,10,OSTK,2026-09-18
2026-02-06,GME,H,44,0,44,OSTK,2026-10-16
2026-02-06,GME,H,4,0,4,OSTK,2026-12-18
2026-02-06,GME,H,1,0,1,OSTK,2027-01-15
2026-02-06,GME,H,1,0,1,OSTK,2027-12-17
2026-02-06,GME,H,14,0,14,OSTK,2028-01-21
2026-02-06,GME,H,16,0,16,OSTK,2028-06-16
2026-02-06,GME,H,37,0,37,OSTK,2028-12-15
2026-02-06,GME,I,7128,0,6984,OSTK,2026-02-06
2026-02-06,GME,I,4329,0,4193,OSTK,2026-02-13
2026-02-06,GME,I,1083,0,1125,OSTK,2026-02-20
2026-02-06,GME,I,288,0,288,OSTK,2026-02-27
2026-02-06,GME,I,485,0,485,OSTK,2026-03-06
2026-02-06,GME,I,69,0,69,OSTK,2026-03-13
2026-02-06,GME,I,334,0,334,OSTK,2026-03-20
2026-02-06,GME,I,5,0,5,OSTK,2026-03-27
2026-02-06,GME,I,450,0,450,OSTK,2026-04-17
2026-02-06,GME,I,11,0,7,OSTK,2026-06-18
2026-02-06,GME,I,6,0,6,OSTK,2026-07-17
2026-02-06,GME,I,19,0,19,OSTK,2026-09-18
2026-02-06,GME,I,234,0,234,OSTK,2026-10-16
2026-02-06,GME,I,21,0,21,OSTK,2026-12-18
2026-02-06,GME,I,34,0,34,OSTK,2027-01-15
2026-02-06,GME,I,2,0,2,OSTK,2027-09-17
2026-02-06,GME,I,1,0,1,OSTK,2027-12-17
2026-02-06,GME,I,163,0,163,OSTK,2028-01-21
2026-02-06,GME,I,1,0,1,OSTK,2028-12-15
2026-02-06,GME,J,6933,0,3311,OSTK,2026-02-06
2026-02-06,GME,J,2667,0,2075,OSTK,2026-02-13
2026-02-06,GME,J,1172,0,894,OSTK,2026-02-20
2026-02-06,GME,J,212,0,200,OSTK,2026-02-27
2026-02-06,GME,J,59,0,55,OSTK,2026-03-06
2026-02-06,GME,J,8,0,8,OSTK,2026-03-13
2026-02-06,GME,J,99,0,97,OSTK,2026-03-20
2026-02-06,GME,J,2,0,2,OSTK,2026-03-27
2026-02-06,GME,J,249,0,249,OSTK,2026-04-17
2026-02-06,GME,J,11,0,11,OSTK,2026-06-18
2026-02-06,GME,J,10,0,10,OSTK,2026-09-18
2026-02-06,GME,J,6,5,1,OSTK,2026-10-16
2026-02-06,GME,J,1,0,1,OSTK,2027-01-15
2026-02-06,GME,J,29,0,29,OSTK,2027-12-17
2026-02-06,GME,J,7,0,7,OSTK,2028-01-21
2026-02-06,GME,J,15,0,15,OSTK,2028-12-15
2026-02-06,GME,L,4995,0,4101,OSTK,2026-02-06
2026-02-06,GME,L,4289,0,4047,OSTK,2026-02-13
2026-02-06,GME,L,1463,0,1341,OSTK,2026-02-20
2026-02-06,GME,L,160,0,160,OSTK,2026-02-27
2026-02-06,GME,L,35,0,33,OSTK,2026-03-06
2026-02-06,GME,L,21,0,25,OSTK,2026-03-13
2026-02-06,GME,L,396,0,396,OSTK,2026-03-20
2026-02-06,GME,L,4,0,10,OSTK,2026-03-27
2026-02-06,GME,L,1470,0,1444,OSTK,2026-04-17
2026-02-06,GME,L,381,10,389,OSTK,2026-06-18
2026-02-06,GME,L,23,0,23,OSTK,2026-07-17
2026-02-06,GME,L,4,0,4,OSTK,2026-09-18
2026-02-06,GME,L,220,0,220,OSTK,2026-10-16
2026-02-06,GME,L,5,0,5,OSTK,2026-12-18
2026-02-06,GME,L,1021,0,1021,OSTK,2027-01-15
2026-02-06,GME,L,24,0,24,OSTK,2027-12-17
2026-02-06,GME,L,205,0,205,OSTK,2028-01-21
2026-02-06,GME,M,13959,0,13151,OSTK,2026-02-06
2026-02-06,GME,M,8329,0,8235,OSTK,2026-02-13
2026-02-06,GME,M,2881,0,2867,OSTK,2026-02-20
2026-02-06,GME,M,261,0,261,OSTK,2026-02-27
2026-02-06,GME,M,294,0,290,OSTK,2026-03-06
2026-02-06,GME,M,20,0,20,OSTK,2026-03-13
2026-02-06,GME,M,900,0,900,OSTK,2026-03-20
2026-02-06,GME,M,19,0,19,OSTK,2026-03-27
2026-02-06,GME,M,98,0,98,OSTK,2026-04-17
2026-02-06,GME,M,48,0,48,OSTK,2026-06-18
2026-02-06,GME,M,11,0,11,OSTK,2026-07-17
2026-02-06,GME,M,36,0,36,OSTK,2026-09-18
2026-02-06,GME,M,4,0,4,OSTK,2026-10-16
2026-02-06,GME,M,17,0,17,OSTK,2026-12-18
2026-02-06,GME,M,4,0,4,OSTK,2027-01-15
2026-02-06,GME,M,1,0,1,OSTK,2027-12-17
2026-02-06,GME,M,11,0,11,OSTK,2028-01-21
2026-02-06,GME,M,2,0,2,OSTK,2028-12-15
2026-02-06,GME,P,11099,0,8543,OSTK,2026-02-06
2026-02-06,GME,P,6786,0,5856,OSTK,2026-02-13
2026-02-06,GME,P,3631,0,2909,OSTK,2026-02-20
2026-02-06,GME,P,365,0,235,OSTK,2026-02-27
2026-02-06,GME,P,291,0,267,OSTK,2026-03-06
2026-02-06,GME,P,61,0,61,OSTK,2026-03-13
2026-02-06,GME,P,697,0,591,OSTK,2026-03-20
2026-02-06,GME,P,32,0,32,OSTK,2026-03-27
2026-02-06,GME,P,7,0,7,OSTK,2026-04-17
2026-02-06,GME,P,14,0,14,OSTK,2026-06-18
2026-02-06,GME,P,72,0,72,OSTK,2026-07-17
2026-02-06,GME,P,62,0,4,OSTK,2026-09-18
2026-02-06,GME,P,1,0,1,OSTK,2026-10-16
2026-02-06,GME,P,22,0,24,OSTK,2026-12-18
2026-02-06,GME,P,10,0,10,OSTK,2027-01-15
2026-02-06,GME,P,372,0,370,OSTK,2027-09-17
2026-02-06,GME,P,18,0,18,OSTK,2027-12-17
2026-02-06,GME,P,158,0,156,OSTK,2028-01-21
2026-02-06,GME,P,43,0,43,OSTK,2028-06-16
2026-02-06,GME,P,17,0,17,OSTK,2028-12-15
2026-02-06,GME,Q,1100,0,1178,OSTK,2026-02-06
2026-02-06,GME,Q,1237,350,2253,OSTK,2026-02-13
2026-02-06,GME,Q,401,6,833,OSTK,2026-02-20
2026-02-06,GME,Q,30,0,36,OSTK,2026-02-27
2026-02-06,GME,Q,5,0,13,OSTK,2026-03-06
2026-02-06,GME,Q,193,0,273,OSTK,2026-03-13
2026-02-06,GME,Q,431,0,469,OSTK,2026-03-20
2026-02-06,GME,Q,16,0,22,OSTK,2026-03-27
2026-02-06,GME,Q,681,83,1102,OSTK,2026-04-17
2026-02-06,GME,Q,0,1,1,OSTK,2026-06-18
2026-02-06,GME,Q,0,0,2,OSTK,2026-09-18
2026-02-06,GME,Q,1,57,56,OSTK,2026-10-16
2026-02-06,GME,Q,1,0,1,OSTK,2026-12-18
2026-02-06,GME,Q,2,0,2,OSTK,2027-01-15
2026-02-06,GME,Q,58,0,58,OSTK,2027-09-17
2026-02-06,GME,Q,2,0,2,OSTK,2027-12-17
2026-02-06,GME,Q,6,0,6,OSTK,2028-01-21
2026-02-06,GME,R,6317,0,5433,OSTK,2026-02-06
2026-02-06,GME,R,4685,0,5117,OSTK,2026-02-13
2026-02-06,GME,R,3251,0,3673,OSTK,2026-02-20
2026-02-06,GME,R,507,0,497,OSTK,2026-02-27
2026-02-06,GME,R,230,0,212,OSTK,2026-03-06
2026-02-06,GME,R,20,0,20,OSTK,2026-03-13
2026-02-06,GME,R,717,0,699,OSTK,2026-03-20
2026-02-06,GME,R,37,0,37,OSTK,2026-03-27
2026-02-06,GME,R,624,0,624,OSTK,2026-04-17
2026-02-06,GME,R,3,0,3,OSTK,2026-06-18
2026-02-06,GME,R,28,0,28,OSTK,2026-07-17
2026-02-06,GME,R,6,0,6,OSTK,2026-09-18
2026-02-06,GME,R,1,0,1,OSTK,2026-10-16
2026-02-06,GME,R,2,0,2,OSTK,2026-12-18
2026-02-06,GME,R,6,0,6,OSTK,2027-01-15
2026-02-06,GME,R,9,0,9,OSTK,2027-12-17
2026-02-06,GME,R,5,0,5,OSTK,2028-01-21
2026-02-06,GME,R,0,0,6,OSTK,2028-06-16
2026-02-06,GME,R,29,0,29,OSTK,2028-12-15
2026-02-06,GME,T,2356,0,2352,OSTK,2026-02-06
2026-02-06,GME,T,1590,0,1710,OSTK,2026-02-13
2026-02-06,GME,T,235,0,321,OSTK,2026-02-20
2026-02-06,GME,T,11,0,11,OSTK,2026-02-27
2026-02-06,GME,T,12,0,12,OSTK,2026-03-06
2026-02-06,GME,T,0,0,6,OSTK,2026-03-20
2026-02-06,GME,T,25,0,25,OSTK,2026-04-17
2026-02-06,GME,T,18,0,18,OSTK,2026-06-18
2026-02-06,GME,T,46,0,46,OSTK,2026-10-16
2026-02-06,GME,T,1,0,1,OSTK,2027-01-15
2026-02-06,GME,U,3014,0,2958,OSTK,2026-02-06
2026-02-06,GME,U,3117,0,3885,OSTK,2026-02-13
2026-02-06,GME,U,968,0,1084,OSTK,2026-02-20
2026-02-06,GME,U,143,0,143,OSTK,2026-02-27
2026-02-06,GME,U,47,0,47,OSTK,2026-03-06
2026-02-06,GME,U,7,0,7,OSTK,2026-03-13
2026-02-06,GME,U,426,0,456,OSTK,2026-03-20
2026-02-06,GME,U,20,0,20,OSTK,2026-03-27
2026-02-06,GME,U,201,0,201,OSTK,2026-04-17
2026-02-06,GME,U,9,0,9,OSTK,2026-06-18
2026-02-06,GME,U,40,0,40,OSTK,2026-07-17
2026-02-06,GME,U,6,0,6,OSTK,2026-09-18
2026-02-06,GME,U,6,0,6,OSTK,2026-10-16
2026-02-06,GME,U,14,0,14,OSTK,2026-12-18
2026-02-06,GME,U,19,0,19,OSTK,2027-01-15
2026-02-06,GME,U,1,0,1,OSTK,2027-12-17
2026-02-06,GME,U,10,0,10,OSTK,2028-01-21
2026-02-06,GME,W,3751,0,4083,OSTK,2026-02-06
2026-02-06,GME,W,2473,0,3069,OSTK,2026-02-13
2026-02-06,GME,W,240,0,250,OSTK,2026-02-20
2026-02-06,GME,W,3,0,3,OSTK,2026-02-27
2026-02-06,GME,W,26,0,26,OSTK,2026-03-06
2026-02-06,GME,W,5,0,5,OSTK,2026-03-13
2026-02-06,GME,W,15,0,19,OSTK,2026-03-20
2026-02-06,GME,W,4,0,4,OSTK,2026-03-27
2026-02-06,GME,W,14,0,14,OSTK,2026-04-17
2026-02-06,GME,W,29,0,29,OSTK,2026-06-18
2026-02-06,GME,W,13,0,13,OSTK,2026-07-17
2026-02-06,GME,W,10,0,10,OSTK,2026-09-18
2026-02-06,GME,W,21,0,21,OSTK,2026-10-16
2026-02-06,GME,W,0,0,2,OSTK,2026-12-18
2026-02-06,GME,W,51,0,51,OSTK,2027-01-15
2026-02-06,GME,W,25,0,103,OSTK,2027-09-17
2026-02-06,GME,W,5,0,5,OSTK,2027-12-17
2026-02-06,GME,W,39,0,39,OSTK,2028-01-21
2026-02-06,GME,W,1,0,1,OSTK,2028-06-16
2026-02-06,GME,W,1,0,1,OSTK,2028-12-15
2026-02-06,GME,X,28671,0,26423,OSTK,2026-02-06
2026-02-06,GME,X,15978,0,14956,OSTK,2026-02-13
2026-02-06,GME,X,4969,0,4847,OSTK,2026-02-20
2026-02-06,GME,X,701,0,697,OSTK,2026-02-27
2026-02-06,GME,X,417,0,369,OSTK,2026-03-06
2026-02-06,GME,X,37,0,37,OSTK,2026-03-13
2026-02-06,GME,X,1017,0,943,OSTK,2026-03-20
2026-02-06,GME,X,88,0,88,OSTK,2026-03-27
2026-02-06,GME,X,1,0,1,OSTK,2026-04-17
2026-02-06,GME,X,8,0,8,OSTK,2026-06-18
2026-02-06,GME,X,92,0,92,OSTK,2026-07-17
2026-02-06,GME,X,21,0,21,OSTK,2026-09-18
2026-02-06,GME,X,54,2,50,OSTK,2026-10-16
2026-02-06,GME,X,65,0,65,OSTK,2026-12-18
2026-02-06,GME,X,10,0,10,OSTK,2027-01-15
2026-02-06,GME,X,1,0,1,OSTK,2027-09-17
2026-02-06,GME,X,7,0,7,OSTK,2027-12-17
2026-02-06,GME,X,1,0,1,OSTK,2028-01-21
2026-02-06,GME,X,16,0,16,OSTK,2028-12-15
2026-02-06,GME,Z,4536,0,4108,OSTK,2026-02-06
2026-02-06,GME,Z,3019,0,3127,OSTK,2026-02-13
2026-02-06,GME,Z,621,0,707,OSTK,2026-02-20
2026-02-06,GME,Z,201,0,201,OSTK,2026-02-27
2026-02-06,GME,Z,412,0,412,OSTK,2026-03-06
2026-02-06,GME,Z,10,0,10,OSTK,2026-03-13
2026-02-06,GME,Z,262,0,254,OSTK,2026-03-20
2026-02-06,GME,Z,49,0,49,OSTK,2026-03-27
2026-02-06,GME,Z,430,0,452,OSTK,2026-04-17
2026-02-06,GME,Z,103,0,103,OSTK,2026-06-18
2026-02-06,GME,Z,29,0,29,OSTK,2026-07-17
2026-02-06,GME,Z,114,0,114,OSTK,2026-10-16
2026-02-06,GME,Z,33,0,33,OSTK,2026-12-18
2026-02-06,GME,Z,1,0,1,OSTK,2027-01-15
2026-02-06,GME,Z,1,0,1,OSTK,2027-09-17
2026-02-06,GME,Z,1,0,1,OSTK,2027-12-17
2026-02-06,GME,Z,22,0,22,OSTK,2028-01-21
2026-02-06,GME,Z,1,0,1,OSTK,2028-06-16
2026-02-06,GME,Z,1,0,1,OSTK,2028-12-15
2026-02-09,GME,A,8953,46,8509,OSTK,2026-02-13
2026-02-09,GME,A,1684,0,1688,OSTK,2026-02-20
2026-02-09,GME,A,398,0,400,OSTK,2026-02-27
2026-02-09,GME,A,643,0,643,OSTK,2026-03-06
2026-02-09,GME,A,7,0,7,OSTK,2026-03-13
2026-02-09,GME,A,89,0,89,OSTK,2026-03-20
2026-02-09,GME,A,12,0,12,OSTK,2026-03-27
2026-02-09,GME,A,11,0,11,OSTK,2026-04-17
2026-02-09,GME,A,3,0,3,OSTK,2026-06-18
2026-02-09,GME,A,35,0,35,OSTK,2026-07-17
2026-02-09,GME,A,43,0,43,OSTK,2026-09-18
2026-02-09,GME,A,21,0,21,OSTK,2026-10-16
2026-02-09,GME,A,91,0,91,OSTK,2026-12-18
2026-02-09,GME,A,20,0,20,OSTK,2027-01-15
2026-02-09,GME,A,7,0,7,OSTK,2027-09-17
2026-02-09,GME,A,61,0,61,OSTK,2027-12-17
2026-02-09,GME,A,54,0,54,OSTK,2028-12-15
2026-02-09,GME,B,3230,0,3232,OSTK,2026-02-13
2026-02-09,GME,B,1167,500,1667,OSTK,2026-02-20
2026-02-09,GME,B,156,0,156,OSTK,2026-02-27
2026-02-09,GME,B,156,0,156,OSTK,2026-03-06
2026-02-09,GME,B,51,0,51,OSTK,2026-03-13
2026-02-09,GME,B,226,0,226,OSTK,2026-03-20
2026-02-09,GME,B,20,0,20,OSTK,2026-03-27
2026-02-09,GME,B,4,0,4,OSTK,2026-04-17
2026-02-09,GME,B,178,0,184,OSTK,2026-06-18
2026-02-09,GME,B,62,0,62,OSTK,2026-07-17
2026-02-09,GME,B,18,0,18,OSTK,2026-09-18
2026-02-09,GME,B,1,0,1,OSTK,2026-10-16
2026-02-09,GME,B,36,0,36,OSTK,2026-12-18
2026-02-09,GME,B,108,0,108,OSTK,2027-01-15
2026-02-09,GME,B,5,0,5,OSTK,2027-09-17
2026-02-09,GME,B,582,0,574,OSTK,2027-12-17
2026-02-09,GME,B,4,0,4,OSTK,2028-01-21
2026-02-09,GME,B,18,0,18,OSTK,2028-12-15
2026-02-09,GME,C,5724,0,5116,OSTK,2026-02-13
2026-02-09,GME,C,2787,0,2587,OSTK,2026-02-20
2026-02-09,GME,C,749,0,697,OSTK,2026-02-27
2026-02-09,GME,C,570,0,544,OSTK,2026-03-06
2026-02-09,GME,C,134,0,118,OSTK,2026-03-13
2026-02-09,GME,C,760,0,548,OSTK,2026-03-20
2026-02-09,GME,C,98,0,96,OSTK,2026-03-27
2026-02-09,GME,C,2231,0,2019,OSTK,2026-04-17
2026-02-09,GME,C,1136,0,1134,OSTK,2026-06-18
2026-02-09,GME,C,34,0,34,OSTK,2026-07-17
2026-02-09,GME,C,26,0,26,OSTK,2026-09-18
2026-02-09,GME,C,82,0,82,OSTK,2026-10-16
2026-02-09,GME,C,118,0,118,OSTK,2026-12-18
2026-02-09,GME,C,24,0,24,OSTK,2027-01-15
2026-02-09,GME,C,57,0,55,OSTK,2027-09-17
2026-02-09,GME,C,2,0,2,OSTK,2027-12-17
2026-02-09,GME,C,24,0,24,OSTK,2028-01-21
2026-02-09,GME,C,61,0,61,OSTK,2028-12-15
2026-02-09,GME,D,3802,0,3030,OSTK,2026-02-13
2026-02-09,GME,D,1563,0,1305,OSTK,2026-02-20
2026-02-09,GME,D,517,0,329,OSTK,2026-02-27
2026-02-09,GME,D,167,0,155,OSTK,2026-03-06
2026-02-09,GME,D,58,0,56,OSTK,2026-03-13
2026-02-09,GME,D,715,0,633,OSTK,2026-03-20
2026-02-09,GME,D,20,0,14,OSTK,2026-03-27
2026-02-09,GME,D,3,0,3,OSTK,2026-04-17
2026-02-09,GME,D,1,0,1,OSTK,2026-06-18
2026-02-09,GME,D,43,0,43,OSTK,2026-07-17
2026-02-09,GME,D,26,0,40,OSTK,2026-09-18
2026-02-09,GME,D,37,0,51,OSTK,2026-10-16
2026-02-09,GME,D,14,0,14,OSTK,2026-12-18
2026-02-09,GME,D,117,0,113,OSTK,2027-01-15
2026-02-09,GME,D,7,0,7,OSTK,2027-09-17
2026-02-09,GME,D,16,0,16,OSTK,2027-12-17
2026-02-09,GME,D,12,0,12,OSTK,2028-01-21
2026-02-09,GME,D,24,0,24,OSTK,2028-12-15
2026-02-09,GME,E,2577,0,2689,OSTK,2026-02-13
2026-02-09,GME,E,823,0,927,OSTK,2026-02-20
2026-02-09,GME,E,63,0,63,OSTK,2026-02-27
2026-02-09,GME,E,52,0,52,OSTK,2026-03-06
2026-02-09,GME,E,6,0,6,OSTK,2026-03-13
2026-02-09,GME,E,112,0,112,OSTK,2026-03-20
2026-02-09,GME,E,3,0,3,OSTK,2026-03-27
2026-02-09,GME,E,226,0,226,OSTK,2026-04-17
2026-02-09,GME,E,50,0,50,OSTK,2026-06-18
2026-02-09,GME,E,10,0,10,OSTK,2026-07-17
2026-02-09,GME,E,6,0,6,OSTK,2026-09-18
2026-02-09,GME,E,64,0,64,OSTK,2026-10-16
2026-02-09,GME,E,1,0,1,OSTK,2026-12-18
2026-02-09,GME,E,16,0,16,OSTK,2027-01-15
2026-02-09,GME,E,40,0,40,OSTK,2027-12-17
2026-02-09,GME,E,49,0,49,OSTK,2028-01-21
2026-02-09,GME,E,2,0,2,OSTK,2028-12-15
2026-02-09,GME,H,3066,0,2286,OSTK,2026-02-13
2026-02-09,GME,H,1202,0,876,OSTK,2026-02-20
2026-02-09,GME,H,425,0,405,OSTK,2026-02-27
2026-02-09,GME,H,54,0,42,OSTK,2026-03-06
2026-02-09,GME,H,33,0,33,OSTK,2026-03-13
2026-02-09,GME,H,357,0,205,OSTK,2026-03-20
2026-02-09,GME,H,22,0,22,OSTK,2026-03-27
2026-02-09,GME,H,165,0,93,OSTK,2026-04-17
2026-02-09,GME,H,101,0,99,OSTK,2026-06-18
2026-02-09,GME,H,3,0,3,OSTK,2026-07-17
2026-02-09,GME,H,11,0,11,OSTK,2026-09-18
2026-02-09,GME,H,2,0,2,OSTK,2026-10-16
2026-02-09,GME,H,22,0,22,OSTK,2026-12-18
2026-02-09,GME,H,48,0,48,OSTK,2027-01-15
2026-02-09,GME,H,23,0,21,OSTK,2027-09-17
2026-02-09,GME,H,12,0,12,OSTK,2027-12-17
2026-02-09,GME,H,6,0,6,OSTK,2028-01-21
2026-02-09,GME,H,1,0,1,OSTK,2028-06-16
2026-02-09,GME,H,14,0,14,OSTK,2028-12-15
2026-02-09,GME,I,2665,0,2679,OSTK,2026-02-13
2026-02-09,GME,I,1724,0,1712,OSTK,2026-02-20
2026-02-09,GME,I,475,0,475,OSTK,2026-02-27
2026-02-09,GME,I,272,0,272,OSTK,2026-03-06
2026-02-09,GME,I,79,0,79,OSTK,2026-03-13
2026-02-09,GME,I,381,0,377,OSTK,2026-03-20
2026-02-09,GME,I,46,0,46,OSTK,2026-03-27
2026-02-09,GME,I,3,0,3,OSTK,2026-04-17
2026-02-09,GME,I,3,0,3,OSTK,2026-06-18
2026-02-09,GME,I,8,0,8,OSTK,2026-07-17
2026-02-09,GME,I,22,0,22,OSTK,2026-09-18
2026-02-09,GME,I,215,0,215,OSTK,2026-10-16
2026-02-09,GME,I,135,0,135,OSTK,2026-12-18
2026-02-09,GME,I,74,0,76,OSTK,2027-01-15
2026-02-09,GME,I,16,0,16,OSTK,2027-09-17
2026-02-09,GME,I,522,0,522,OSTK,2027-12-17
2026-02-09,GME,I,380,0,380,OSTK,2028-01-21
2026-02-09,GME,I,38,0,38,OSTK,2028-06-16
2026-02-09,GME,I,29,0,29,OSTK,2028-12-15
2026-02-09,GME,J,3097,0,1959,OSTK,2026-02-13
2026-02-09,GME,J,1007,0,813,OSTK,2026-02-20
2026-02-09,GME,J,347,0,341,OSTK,2026-02-27
2026-02-09,GME,J,87,0,49,OSTK,2026-03-06
2026-02-09,GME,J,41,0,41,OSTK,2026-03-13
2026-02-09,GME,J,108,0,94,OSTK,2026-03-20
2026-02-09,GME,J,2,0,2,OSTK,2026-03-27
2026-02-09,GME,J,152,0,60,OSTK,2026-04-17
2026-02-09,GME,J,34,0,34,OSTK,2026-06-18
2026-02-09,GME,J,6,0,6,OSTK,2026-09-18
2026-02-09,GME,J,6,0,6,OSTK,2026-10-16
2026-02-09,GME,J,1,0,1,OSTK,2026-12-18
2026-02-09,GME,J,18,0,18,OSTK,2027-01-15
2026-02-09,GME,L,3138,0,2670,OSTK,2026-02-13
2026-02-09,GME,L,1160,0,1142,OSTK,2026-02-20
2026-02-09,GME,L,197,0,193,OSTK,2026-02-27
2026-02-09,GME,L,122,0,122,OSTK,2026-03-06
2026-02-09,GME,L,59,0,59,OSTK,2026-03-13
2026-02-09,GME,L,285,0,263,OSTK,2026-03-20
2026-02-09,GME,L,18,0,20,OSTK,2026-03-27
2026-02-09,GME,L,229,0,225,OSTK,2026-04-17
2026-02-09,GME,L,76,0,78,OSTK,2026-06-18
2026-02-09,GME,L,72,0,72,OSTK,2026-07-17
2026-02-09,GME,L,26,0,30,OSTK,2026-09-18
2026-02-09,GME,L,16,0,20,OSTK,2026-10-16
2026-02-09,GME,L,11,0,11,OSTK,2026-12-18
2026-02-09,GME,L,17,0,17,OSTK,2027-01-15
2026-02-09,GME,L,4,0,4,OSTK,2027-09-17
2026-02-09,GME,L,6,0,6,OSTK,2027-12-17
2026-02-09,GME,M,8120,0,7916,OSTK,2026-02-13
2026-02-09,GME,M,3728,0,3678,OSTK,2026-02-20
2026-02-09,GME,M,372,0,372,OSTK,2026-02-27
2026-02-09,GME,M,687,0,687,OSTK,2026-03-06
2026-02-09,GME,M,24,0,24,OSTK,2026-03-13
2026-02-09,GME,M,1155,0,1155,OSTK,2026-03-20
2026-02-09,GME,M,23,0,23,OSTK,2026-03-27
2026-02-09,GME,M,1,0,1,OSTK,2026-04-17
2026-02-09,GME,M,7,0,7,OSTK,2026-06-18
2026-02-09,GME,M,11,0,11,OSTK,2026-07-17
2026-02-09,GME,M,6,0,8,OSTK,2026-09-18
2026-02-09,GME,M,24,0,24,OSTK,2026-10-16
2026-02-09,GME,M,20,0,20,OSTK,2026-12-18
2026-02-09,GME,M,37,0,37,OSTK,2027-01-15
2026-02-09,GME,M,7,0,7,OSTK,2027-09-17
2026-02-09,GME,M,6,0,6,OSTK,2027-12-17
2026-02-09,GME,M,98,0,98,OSTK,2028-01-21
2026-02-09,GME,M,18,0,18,OSTK,2028-12-15
2026-02-09,GME,P,6038,79,4367,OSTK,2026-02-13
2026-02-09,GME,P,2387,0,1809,OSTK,2026-02-20
2026-02-09,GME,P,339,0,251,OSTK,2026-02-27
2026-02-09,GME,P,166,0,146,OSTK,2026-03-06
2026-02-09,GME,P,36,0,14,OSTK,2026-03-13
2026-02-09,GME,P,771,0,683,OSTK,2026-03-20
2026-02-09,GME,P,60,0,58,OSTK,2026-03-27
2026-02-09,GME,P,4,0,4,OSTK,2026-04-17
2026-02-09,GME,P,240,0,240,OSTK,2026-06-18
2026-02-09,GME,P,26,0,26,OSTK,2026-07-17
2026-02-09,GME,P,15,0,13,OSTK,2026-09-18
2026-02-09,GME,P,29,0,27,OSTK,2026-10-16
2026-02-09,GME,P,2,0,2,OSTK,2026-12-18
2026-02-09,GME,P,7,0,5,OSTK,2027-01-15
2026-02-09,GME,P,11,0,9,OSTK,2027-09-17
2026-02-09,GME,P,73,0,73,OSTK,2027-12-17
2026-02-09,GME,P,1,0,1,OSTK,2028-01-21
2026-02-09,GME,P,47,0,47,OSTK,2028-06-16
2026-02-09,GME,P,32,0,30,OSTK,2028-12-15
2026-02-09,GME,Q,979,341,1470,OSTK,2026-02-13
2026-02-09,GME,Q,158,0,292,OSTK,2026-02-20
2026-02-09,GME,Q,159,0,159,OSTK,2026-02-27
2026-02-09,GME,Q,28,0,30,OSTK,2026-03-06
2026-02-09,GME,Q,5,0,5,OSTK,2026-03-13
2026-02-09,GME,Q,45,0,49,OSTK,2026-03-20
2026-02-09,GME,Q,1,0,81,OSTK,2026-03-27
2026-02-09,GME,Q,25,0,31,OSTK,2026-04-17
2026-02-09,GME,Q,17,107,130,OSTK,2026-06-18
2026-02-09,GME,Q,10,0,10,OSTK,2026-07-17
2026-02-09,GME,Q,15,0,15,OSTK,2026-09-18
2026-02-09,GME,Q,11,0,11,OSTK,2026-10-16
2026-02-09,GME,Q,1,0,1,OSTK,2026-12-18
2026-02-09,GME,Q,17,0,17,OSTK,2027-01-15
2026-02-09,GME,Q,3,0,3,OSTK,2027-09-17
2026-02-09,GME,Q,2,0,2,OSTK,2028-12-15
2026-02-09,GME,R,3111,8,2845,OSTK,2026-02-13
2026-02-09,GME,R,1648,0,1612,OSTK,2026-02-20
2026-02-09,GME,R,286,0,286,OSTK,2026-02-27
2026-02-09,GME,R,267,0,219,OSTK,2026-03-06
2026-02-09,GME,R,47,0,47,OSTK,2026-03-13
2026-02-09,GME,R,329,0,329,OSTK,2026-03-20
2026-02-09,GME,R,75,0,75,OSTK,2026-03-27
2026-02-09,GME,R,523,0,523,OSTK,2026-04-17
2026-02-09,GME,R,106,0,108,OSTK,2026-06-18
2026-02-09,GME,R,26,0,26,OSTK,2026-07-17
2026-02-09,GME,R,6,0,6,OSTK,2026-09-18
2026-02-09,GME,R,23,0,23,OSTK,2026-10-16
2026-02-09,GME,R,4,0,4,OSTK,2026-12-18
2026-02-09,GME,R,104,0,104,OSTK,2027-01-15
2026-02-09,GME,R,16,0,16,OSTK,2027-09-17
2026-02-09,GME,R,2,0,2,OSTK,2027-12-17
2026-02-09,GME,R,11,0,11,OSTK,2028-01-21
2026-02-09,GME,R,2,0,2,OSTK,2028-06-16
2026-02-09,GME,R,21,0,21,OSTK,2028-12-15
2026-02-09,GME,T,1034,26,1066,OSTK,2026-02-13
2026-02-09,GME,T,218,0,302,OSTK,2026-02-20
2026-02-09,GME,T,4,0,4,OSTK,2026-02-27
2026-02-09,GME,T,1,0,1,OSTK,2026-03-06
2026-02-09,GME,T,15,0,15,OSTK,2026-03-13
2026-02-09,GME,T,5,0,5,OSTK,2026-03-20
2026-02-09,GME,T,0,0,4,OSTK,2026-03-27
2026-02-09,GME,T,20,0,20,OSTK,2026-04-17
2026-02-09,GME,T,0,0,2,OSTK,2026-06-18
2026-02-09,GME,T,2,0,2,OSTK,2026-07-17
2026-02-09,GME,T,38,0,30,OSTK,2026-10-16
2026-02-09,GME,T,1,0,1,OSTK,2027-09-17
2026-02-09,GME,U,2297,2,2447,OSTK,2026-02-13
2026-02-09,GME,U,509,0,1209,OSTK,2026-02-20
2026-02-09,GME,U,170,0,174,OSTK,2026-02-27
2026-02-09,GME,U,63,0,63,OSTK,2026-03-06
2026-02-09,GME,U,22,0,22,OSTK,2026-03-13
2026-02-09,GME,U,134,0,180,OSTK,2026-03-20
2026-02-09,GME,U,21,0,21,OSTK,2026-03-27
2026-02-09,GME,U,10,0,10,OSTK,2026-04-17
2026-02-09,GME,U,18,0,22,OSTK,2026-06-18
2026-02-09,GME,U,95,0,95,OSTK,2026-07-17
2026-02-09,GME,U,1,0,1,OSTK,2026-09-18
2026-02-09,GME,U,18,0,18,OSTK,2026-10-16
2026-02-09,GME,U,32,0,32,OSTK,2026-12-18
2026-02-09,GME,U,22,0,22,OSTK,2027-01-15
2026-02-09,GME,U,14,0,14,OSTK,2027-12-17
2026-02-09,GME,W,2075,119,2430,OSTK,2026-02-13
2026-02-09,GME,W,258,0,262,OSTK,2026-02-20
2026-02-09,GME,W,788,0,788,OSTK,2026-02-27
2026-02-09,GME,W,2,0,2,OSTK,2026-03-06
2026-02-09,GME,W,22,0,22,OSTK,2026-03-13
2026-02-09,GME,W,259,0,259,OSTK,2026-03-20
2026-02-09,GME,W,1,0,1,OSTK,2026-03-27
2026-02-09,GME,W,192,0,192,OSTK,2026-04-17
2026-02-09,GME,W,8,0,8,OSTK,2026-06-18
2026-02-09,GME,W,2,0,2,OSTK,2026-07-17
2026-02-09,GME,W,4,0,4,OSTK,2026-09-18
2026-02-09,GME,W,76,0,76,OSTK,2026-10-16
2026-02-09,GME,W,510,0,510,OSTK,2027-01-15
2026-02-09,GME,W,5,0,5,OSTK,2027-12-17
2026-02-09,GME,W,2,0,2,OSTK,2028-01-21
2026-02-09,GME,W,3,0,3,OSTK,2028-12-15
2026-02-09,GME,X,13519,0,12535,OSTK,2026-02-13
2026-02-09,GME,X,6818,0,6362,OSTK,2026-02-20
2026-02-09,GME,X,675,0,621,OSTK,2026-02-27
2026-02-09,GME,X,714,0,708,OSTK,2026-03-06
2026-02-09,GME,X,194,0,192,OSTK,2026-03-13
2026-02-09,GME,X,900,0,908,OSTK,2026-03-20
2026-02-09,GME,X,54,0,54,OSTK,2026-03-27
2026-02-09,GME,X,18,0,18,OSTK,2026-04-17
2026-02-09,GME,X,39,0,39,OSTK,2026-06-18
2026-02-09,GME,X,44,0,44,OSTK,2026-07-17
2026-02-09,GME,X,13,0,15,OSTK,2026-09-18
2026-02-09,GME,X,10,0,10,OSTK,2026-10-16
2026-02-09,GME,X,97,0,97,OSTK,2026-12-18
2026-02-09,GME,X,2,0,2,OSTK,2027-01-15
2026-02-09,GME,X,13,0,13,OSTK,2027-09-17
2026-02-09,GME,X,14,0,14,OSTK,2027-12-17
2026-02-09,GME,X,11,0,11,OSTK,2028-01-21
2026-02-09,GME,X,5,0,5,OSTK,2028-06-16
2026-02-09,GME,X,93,0,93,OSTK,2028-12-15
2026-02-09,GME,Z,1637,24,1581,OSTK,2026-02-13
2026-02-09,GME,Z,462,0,472,OSTK,2026-02-20
2026-02-09,GME,Z,168,0,172,OSTK,2026-02-27
2026-02-09,GME,Z,160,0,156,OSTK,2026-03-06
2026-02-09,GME,Z,69,0,69,OSTK,2026-03-13
2026-02-09,GME,Z,205,0,205,OSTK,2026-03-20
2026-02-09,GME,Z,63,0,65,OSTK,2026-03-27
2026-02-09,GME,Z,334,0,328,OSTK,2026-04-17
2026-02-09,GME,Z,63,0,67,OSTK,2026-06-18
2026-02-09,GME,Z,19,0,19,OSTK,2026-07-17
2026-02-09,GME,Z,3,0,3,OSTK,2026-09-18
2026-02-09,GME,Z,31,0,31,OSTK,2026-10-16
2026-02-09,GME,Z,23,0,23,OSTK,2026-12-18
2026-02-09,GME,Z,138,0,136,OSTK,2027-01-15
2026-02-09,GME,Z,30,0,30,OSTK,2027-09-17
2026-02-09,GME,Z,322,0,322,OSTK,2027-12-17
2026-02-09,GME,Z,40,0,40,OSTK,2028-01-21
2026-02-09,GME,Z,3,0,3,OSTK,2028-06-16
2026-02-10,GME,A,8019,0,7615,OSTK,2026-02-13
2026-02-10,GME,A,2388,240,2120,OSTK,2026-02-20
2026-02-10,GME,A,330,0,330,OSTK,2026-02-27
2026-02-10,GME,A,77,0,77,OSTK,2026-03-06
2026-02-10,GME,A,80,0,80,OSTK,2026-03-13
2026-02-10,GME,A,920,0,920,OSTK,2026-03-20
2026-02-10,GME,A,23,0,23,OSTK,2026-03-27
2026-02-10,GME,A,106,0,106,OSTK,2026-04-17
2026-02-10,GME,A,100,0,100,OSTK,2026-06-18
2026-02-10,GME,A,8,0,8,OSTK,2026-07-17
2026-02-10,GME,A,15,0,15,OSTK,2026-09-18
2026-02-10,GME,A,48,0,48,OSTK,2026-10-16
2026-02-10,GME,A,326,240,86,OSTK,2026-12-18
2026-02-10,GME,A,1,0,1,OSTK,2027-01-15
2026-02-10,GME,A,6,0,6,OSTK,2027-12-17
2026-02-10,GME,A,3,0,3,OSTK,2028-01-21
2026-02-10,GME,A,4,0,4,OSTK,2028-06-16
2026-02-10,GME,A,55,0,55,OSTK,2028-12-15
2026-02-10,GME,B,1828,10,1828,OSTK,2026-02-13
2026-02-10,GME,B,1404,0,1446,OSTK,2026-02-20
2026-02-10,GME,B,378,0,378,OSTK,2026-02-27
2026-02-10,GME,B,112,0,112,OSTK,2026-03-06
2026-02-10,GME,B,69,0,69,OSTK,2026-03-13
2026-02-10,GME,B,475,0,475,OSTK,2026-03-20
2026-02-10,GME,B,36,0,36,OSTK,2026-03-27
2026-02-10,GME,B,10,0,10,OSTK,2026-04-17
2026-02-10,GME,B,6,0,6,OSTK,2026-06-18
2026-02-10,GME,B,4,0,4,OSTK,2026-07-17
2026-02-10,GME,B,3,0,3,OSTK,2026-09-18
2026-02-10,GME,B,163,0,163,OSTK,2026-10-16
2026-02-10,GME,B,5,0,5,OSTK,2026-12-18
2026-02-10,GME,B,19,0,17,OSTK,2027-01-15
2026-02-10,GME,B,5,0,5,OSTK,2027-12-17
2026-02-10,GME,B,10,0,0,OSTK,2028-01-21
2026-02-10,GME,B,3,0,3,OSTK,2028-06-16
2026-02-10,GME,B,12,0,12,OSTK,2028-12-15
2026-02-10,GME,C,7824,0,6568,OSTK,2026-02-13
2026-02-10,GME,C,3632,0,3346,OSTK,2026-02-20
2026-02-10,GME,C,860,0,844,OSTK,2026-02-27
2026-02-10,GME,C,218,0,216,OSTK,2026-03-06
2026-02-10,GME,C,73,0,73,OSTK,2026-03-13
2026-02-10,GME,C,2822,0,2802,OSTK,2026-03-20
2026-02-10,GME,C,104,0,104,OSTK,2026-03-27
2026-02-10,GME,C,4,0,4,OSTK,2026-04-17
2026-02-10,GME,C,7,0,5,OSTK,2026-06-18
2026-02-10,GME,C,169,0,167,OSTK,2026-07-17
2026-02-10,GME,C,57,0,57,OSTK,2026-09-18
2026-02-10,GME,C,125,0,127,OSTK,2026-10-16
2026-02-10,GME,C,16,0,16,OSTK,2026-12-18
2026-02-10,GME,C,5,0,5,OSTK,2027-01-15
2026-02-10,GME,C,3,0,3,OSTK,2027-09-17
2026-02-10,GME,C,3,0,1,OSTK,2027-12-17
2026-02-10,GME,C,143,0,143,OSTK,2028-01-21
2026-02-10,GME,C,4,0,4,OSTK,2028-06-16
2026-02-10,GME,C,82,0,82,OSTK,2028-12-15
2026-02-10,GME,D,3358,0,2796,OSTK,2026-02-13
2026-02-10,GME,D,1440,0,1312,OSTK,2026-02-20
2026-02-10,GME,D,340,0,300,OSTK,2026-02-27
2026-02-10,GME,D,90,0,84,OSTK,2026-03-06
2026-02-10,GME,D,133,0,127,OSTK,2026-03-13
2026-02-10,GME,D,591,0,575,OSTK,2026-03-20
2026-02-10,GME,D,24,0,24,OSTK,2026-03-27
2026-02-10,GME,D,346,0,316,OSTK,2026-04-17
2026-02-10,GME,D,142,0,200,OSTK,2026-06-18
2026-02-10,GME,D,64,0,64,OSTK,2026-07-17
2026-02-10,GME,D,3,0,3,OSTK,2026-09-18
2026-02-10,GME,D,9,0,9,OSTK,2026-10-16
2026-02-10,GME,D,5,0,5,OSTK,2026-12-18
2026-02-10,GME,D,68,0,68,OSTK,2027-01-15
2026-02-10,GME,D,1,0,1,OSTK,2027-09-17
2026-02-10,GME,D,13,0,13,OSTK,2027-12-17
2026-02-10,GME,D,46,0,46,OSTK,2028-01-21
2026-02-10,GME,D,15,0,15,OSTK,2028-12-15
2026-02-10,GME,E,3247,2,3405,OSTK,2026-02-13
2026-02-10,GME,E,913,0,979,OSTK,2026-02-20
2026-02-10,GME,E,169,0,167,OSTK,2026-02-27
2026-02-10,GME,E,126,0,126,OSTK,2026-03-06
2026-02-10,GME,E,16,0,16,OSTK,2026-03-13
2026-02-10,GME,E,517,0,517,OSTK,2026-03-20
2026-02-10,GME,E,158,0,158,OSTK,2026-04-17
2026-02-10,GME,E,39,0,39,OSTK,2026-06-18
2026-02-10,GME,E,3,0,3,OSTK,2026-09-18
2026-02-10,GME,E,16,0,16,OSTK,2026-10-16
2026-02-10,GME,E,5,0,5,OSTK,2027-01-15
2026-02-10,GME,E,3,0,3,OSTK,2027-09-17
2026-02-10,GME,E,2,0,2,OSTK,2028-01-21
2026-02-10,GME,E,4,0,4,OSTK,2028-12-15
2026-02-10,GME,H,3327,0,1825,OSTK,2026-02-13
2026-02-10,GME,H,1544,0,1184,OSTK,2026-02-20
2026-02-10,GME,H,178,0,118,OSTK,2026-02-27
2026-02-10,GME,H,52,0,50,OSTK,2026-03-06
2026-02-10,GME,H,18,0,18,OSTK,2026-03-13
2026-02-10,GME,H,614,0,512,OSTK,2026-03-20
2026-02-10,GME,H,257,0,257,OSTK,2026-03-27
2026-02-10,GME,H,4,0,4,OSTK,2026-04-17
2026-02-10,GME,H,5,0,5,OSTK,2026-06-18
2026-02-10,GME,H,12,0,12,OSTK,2026-07-17
2026-02-10,GME,H,3,0,3,OSTK,2026-09-18
2026-02-10,GME,H,45,0,45,OSTK,2026-10-16
2026-02-10,GME,H,2,0,2,OSTK,2026-12-18
2026-02-10,GME,H,1,0,1,OSTK,2027-01-15
2026-02-10,GME,H,16,0,16,OSTK,2027-12-17
2026-02-10,GME,H,6,0,6,OSTK,2028-01-21
2026-02-10,GME,H,3,0,3,OSTK,2028-06-16
2026-02-10,GME,H,11,0,11,OSTK,2028-12-15
2026-02-10,GME,I,2623,4,2627,OSTK,2026-02-13
2026-02-10,GME,I,1508,0,1494,OSTK,2026-02-20
2026-02-10,GME,I,1037,0,1037,OSTK,2026-02-27
2026-02-10,GME,I,79,0,79,OSTK,2026-03-06
2026-02-10,GME,I,89,0,89,OSTK,2026-03-13
2026-02-10,GME,I,2311,1500,691,OSTK,2026-03-20
2026-02-10,GME,I,58,0,58,OSTK,2026-03-27
2026-02-10,GME,I,30,0,30,OSTK,2026-04-17
2026-02-10,GME,I,30,0,30,OSTK,2026-06-18
2026-02-10,GME,I,11,0,11,OSTK,2026-07-17
2026-02-10,GME,I,18,0,18,OSTK,2026-09-18
2026-02-10,GME,I,210,0,210,OSTK,2026-10-16
2026-02-10,GME,I,45,0,45,OSTK,2026-12-18
2026-02-10,GME,I,31,0,33,OSTK,2027-01-15
2026-02-10,GME,I,23,0,23,OSTK,2027-12-17
2026-02-10,GME,I,120,0,120,OSTK,2028-01-21
2026-02-10,GME,I,101,0,101,OSTK,2028-06-16
2026-02-10,GME,I,148,0,148,OSTK,2028-12-15
2026-02-10,GME,J,3957,0,2241,OSTK,2026-02-13
2026-02-10,GME,J,966,0,610,OSTK,2026-02-20
2026-02-10,GME,J,93,0,91,OSTK,2026-02-27
2026-02-10,GME,J,19,0,17,OSTK,2026-03-06
2026-02-10,GME,J,5,0,5,OSTK,2026-03-13
2026-02-10,GME,J,1221,0,1107,OSTK,2026-03-20
2026-02-10,GME,J,5,0,5,OSTK,2026-03-27
2026-02-10,GME,J,168,0,168,OSTK,2026-04-17
2026-02-10,GME,J,223,0,223,OSTK,2026-06-18
2026-02-10,GME,J,1,0,1,OSTK,2026-07-17
2026-02-10,GME,J,10,0,10,OSTK,2026-10-16
2026-02-10,GME,J,6,0,6,OSTK,2027-01-15
2026-02-10,GME,J,1,0,1,OSTK,2027-12-17
2026-02-10,GME,J,1,0,1,OSTK,2028-01-21
2026-02-10,GME,J,1,0,1,OSTK,2028-06-16
2026-02-10,GME,L,2529,0,2191,OSTK,2026-02-13
2026-02-10,GME,L,934,0,792,OSTK,2026-02-20
2026-02-10,GME,L,178,0,178,OSTK,2026-02-27
2026-02-10,GME,L,40,0,40,OSTK,2026-03-06
2026-02-10,GME,L,100,0,100,OSTK,2026-03-13
2026-02-10,GME,L,2011,0,1989,OSTK,2026-03-20
2026-02-10,GME,L,4,0,4,OSTK,2026-03-27
2026-02-10,GME,L,345,0,323,OSTK,2026-04-17
2026-02-10,GME,L,111,0,111,OSTK,2026-06-18
2026-02-10,GME,L,9,0,9,OSTK,2026-07-17
2026-02-10,GME,L,3,0,3,OSTK,2026-09-18
2026-02-10,GME,L,4,0,4,OSTK,2026-10-16
2026-02-10,GME,L,1,0,1,OSTK,2026-12-18
2026-02-10,GME,L,1,0,1,OSTK,2027-01-15
2026-02-10,GME,L,1,0,1,OSTK,2027-09-17
2026-02-10,GME,L,3,0,3,OSTK,2027-12-17
2026-02-10,GME,L,3,0,7,OSTK,2028-01-21
2026-02-10,GME,L,45,0,45,OSTK,2028-06-16
2026-02-10,GME,L,5,0,5,OSTK,2028-12-15
2026-02-10,GME,M,7049,184,6811,OSTK,2026-02-13
2026-02-10,GME,M,2775,0,2731,OSTK,2026-02-20
2026-02-10,GME,M,346,0,334,OSTK,2026-02-27
2026-02-10,GME,M,368,0,366,OSTK,2026-03-06
2026-02-10,GME,M,27,0,27,OSTK,2026-03-13
2026-02-10,GME,M,750,0,744,OSTK,2026-03-20
2026-02-10,GME,M,18,0,18,OSTK,2026-03-27
2026-02-10,GME,M,16,0,16,OSTK,2026-04-17
2026-02-10,GME,M,36,0,36,OSTK,2026-06-18
2026-02-10,GME,M,46,0,46,OSTK,2026-07-17
2026-02-10,GME,M,4,0,4,OSTK,2026-09-18
2026-02-10,GME,M,124,0,124,OSTK,2026-10-16
2026-02-10,GME,M,19,0,19,OSTK,2026-12-18
2026-02-10,GME,M,13,0,13,OSTK,2027-01-15
2026-02-10,GME,M,5,0,5,OSTK,2027-09-17
2026-02-10,GME,M,50,0,50,OSTK,2027-12-17
2026-02-10,GME,M,61,0,65,OSTK,2028-01-21
2026-02-10,GME,M,26,0,26,OSTK,2028-12-15
2026-02-10,GME,P,7187,0,5097,OSTK,2026-02-13
2026-02-10,GME,P,2627,0,1881,OSTK,2026-02-20
2026-02-10,GME,P,479,0,419,OSTK,2026-02-27
2026-02-10,GME,P,325,0,215,OSTK,2026-03-06
2026-02-10,GME,P,27,0,27,OSTK,2026-03-13
2026-02-10,GME,P,1282,0,1182,OSTK,2026-03-20
2026-02-10,GME,P,25,0,25,OSTK,2026-03-27
2026-02-10,GME,P,1,0,1,OSTK,2026-04-17
2026-02-10,GME,P,11,0,11,OSTK,2026-06-18
2026-02-10,GME,P,31,0,31,OSTK,2026-07-17
2026-02-10,GME,P,7,0,7,OSTK,2026-09-18
2026-02-10,GME,P,102,0,72,OSTK,2026-10-16
2026-02-10,GME,P,4,0,4,OSTK,2026-12-18
2026-02-10,GME,P,47,0,47,OSTK,2027-01-15
2026-02-10,GME,P,8,0,8,OSTK,2027-09-17
2026-02-10,GME,P,1,0,1,OSTK,2027-12-17
2026-02-10,GME,P,2,0,2,OSTK,2028-01-21
2026-02-10,GME,P,14,0,22,OSTK,2028-06-16
2026-02-10,GME,P,19,0,19,OSTK,2028-12-15
2026-02-10,GME,Q,1355,0,1491,OSTK,2026-02-13
2026-02-10,GME,Q,594,0,1038,OSTK,2026-02-20
2026-02-10,GME,Q,24,0,78,OSTK,2026-02-27
2026-02-10,GME,Q,2,0,32,OSTK,2026-03-06
2026-02-10,GME,Q,0,0,2,OSTK,2026-03-13
2026-02-10,GME,Q,27,0,43,OSTK,2026-03-20
2026-02-10,GME,Q,1,0,1,OSTK,2026-03-27
2026-02-10,GME,Q,11,0,11,OSTK,2026-04-17
2026-02-10,GME,Q,1,0,7,OSTK,2026-06-18
2026-02-10,GME,Q,0,0,2,OSTK,2026-07-17
2026-02-10,GME,Q,0,46,46,OSTK,2026-10-16
2026-02-10,GME,Q,1,0,1,OSTK,2027-01-15
2026-02-10,GME,Q,2,0,6,OSTK,2027-12-17
2026-02-10,GME,Q,0,0,8,OSTK,2028-01-21
2026-02-10,GME,Q,2,0,6,OSTK,2028-06-16
2026-02-10,GME,R,4562,0,4216,OSTK,2026-02-13
2026-02-10,GME,R,2482,0,2620,OSTK,2026-02-20
2026-02-10,GME,R,425,0,525,OSTK,2026-02-27
2026-02-10,GME,R,249,0,245,OSTK,2026-03-06
2026-02-10,GME,R,51,0,47,OSTK,2026-03-13
2026-02-10,GME,R,856,0,830,OSTK,2026-03-20
2026-02-10,GME,R,15,0,15,OSTK,2026-03-27
2026-02-10,GME,R,1,0,1,OSTK,2026-04-17
2026-02-10,GME,R,130,0,130,OSTK,2026-06-18
2026-02-10,GME,R,2,0,2,OSTK,2026-07-17
2026-02-10,GME,R,8,0,8,OSTK,2026-09-18
2026-02-10,GME,R,1,0,1,OSTK,2026-10-16
2026-02-10,GME,R,1,0,1,OSTK,2027-01-15
2026-02-10,GME,R,3,0,27,OSTK,2027-12-17
2026-02-10,GME,R,4,0,2,OSTK,2028-01-21
2026-02-10,GME,R,30,0,24,OSTK,2028-12-15
2026-02-10,GME,T,1289,0,1309,OSTK,2026-02-13
2026-02-10,GME,T,375,0,369,OSTK,2026-02-20
2026-02-10,GME,T,25,0,25,OSTK,2026-02-27
2026-02-10,GME,T,3,0,3,OSTK,2026-03-06
2026-02-10,GME,T,4,0,4,OSTK,2026-03-13
2026-02-10,GME,T,231,0,215,OSTK,2026-03-20
2026-02-10,GME,T,2,0,2,OSTK,2026-03-27
2026-02-10,GME,T,18,0,18,OSTK,2026-04-17
2026-02-10,GME,T,2,0,2,OSTK,2026-06-18
2026-02-10,GME,T,5,0,1,OSTK,2026-07-17
2026-02-10,GME,T,52,0,52,OSTK,2026-10-16
2026-02-10,GME,T,1,0,1,OSTK,2027-01-15
2026-02-10,GME,T,1,0,1,OSTK,2027-12-17
2026-02-10,GME,T,2,0,2,OSTK,2028-12-15
2026-02-10,GME,U,3406,0,2538,OSTK,2026-02-13
2026-02-10,GME,U,699,0,2265,OSTK,2026-02-20
2026-02-10,GME,U,185,0,343,OSTK,2026-02-27
2026-02-10,GME,U,89,0,89,OSTK,2026-03-06
2026-02-10,GME,U,55,0,55,OSTK,2026-03-13
2026-02-10,GME,U,323,0,257,OSTK,2026-03-20
2026-02-10,GME,U,105,0,105,OSTK,2026-03-27
2026-02-10,GME,U,117,0,117,OSTK,2026-04-17
2026-02-10,GME,U,50,0,50,OSTK,2026-06-18
2026-02-10,GME,U,5,0,5,OSTK,2026-07-17
2026-02-10,GME,U,5,0,5,OSTK,2026-10-16
2026-02-10,GME,U,5,0,5,OSTK,2026-12-18
2026-02-10,GME,U,5,0,5,OSTK,2027-01-15
2026-02-10,GME,U,5,0,5,OSTK,2027-12-17
2026-02-10,GME,U,1,0,1,OSTK,2028-01-21
2026-02-10,GME,U,3,0,3,OSTK,2028-06-16
2026-02-10,GME,U,4,0,4,OSTK,2028-12-15
2026-02-10,GME,W,1816,0,1928,OSTK,2026-02-13
2026-02-10,GME,W,682,0,684,OSTK,2026-02-20
2026-02-10,GME,W,63,0,63,OSTK,2026-02-27
2026-02-10,GME,W,88,0,88,OSTK,2026-03-06
2026-02-10,GME,W,16,0,16,OSTK,2026-03-13
2026-02-10,GME,W,148,0,148,OSTK,2026-03-20
2026-02-10,GME,W,2,0,2,OSTK,2026-03-27
2026-02-10,GME,W,44,0,44,OSTK,2026-04-17
2026-02-10,GME,W,258,0,258,OSTK,2026-06-18
2026-02-10,GME,W,21,0,21,OSTK,2026-10-16
2026-02-10,GME,W,25,0,25,OSTK,2027-01-15
2026-02-10,GME,W,1,0,1,OSTK,2027-09-17
2026-02-10,GME,W,1,0,1,OSTK,2027-12-17
2026-02-10,GME,W,1,0,1,OSTK,2028-01-21
2026-02-10,GME,W,2,0,2,OSTK,2028-12-15
2026-02-10,GME,X,15084,0,13648,OSTK,2026-02-13
2026-02-10,GME,X,4449,0,4115,OSTK,2026-02-20
2026-02-10,GME,X,807,0,793,OSTK,2026-02-27
2026-02-10,GME,X,359,0,335,OSTK,2026-03-06
2026-02-10,GME,X,43,0,43,OSTK,2026-03-13
2026-02-10,GME,X,1900,0,1794,OSTK,2026-03-20
2026-02-10,GME,X,135,0,135,OSTK,2026-03-27
2026-02-10,GME,X,2,0,2,OSTK,2026-04-17
2026-02-10,GME,X,397,0,369,OSTK,2026-06-18
2026-02-10,GME,X,97,0,97,OSTK,2026-07-17
2026-02-10,GME,X,16,0,16,OSTK,2026-09-18
2026-02-10,GME,X,210,0,208,OSTK,2026-10-16
2026-02-10,GME,X,80,0,80,OSTK,2026-12-18
2026-02-10,GME,X,5,0,5,OSTK,2027-01-15
2026-02-10,GME,X,13,0,13,OSTK,2027-09-17
2026-02-10,GME,X,1,0,1,OSTK,2027-12-17
2026-02-10,GME,X,3,0,3,OSTK,2028-01-21
2026-02-10,GME,X,1,0,1,OSTK,2028-06-16
2026-02-10,GME,X,25,0,25,OSTK,2028-12-15
2026-02-10,GME,Z,2086,0,1530,OSTK,2026-02-13
2026-02-10,GME,Z,1071,0,1401,OSTK,2026-02-20
2026-02-10,GME,Z,264,0,260,OSTK,2026-02-27
2026-02-10,GME,Z,130,0,130,OSTK,2026-03-06
2026-02-10,GME,Z,55,0,55,OSTK,2026-03-13
2026-02-10,GME,Z,393,0,389,OSTK,2026-03-20
2026-02-10,GME,Z,43,0,43,OSTK,2026-03-27
2026-02-10,GME,Z,15,0,15,OSTK,2026-04-17
2026-02-10,GME,Z,6,0,6,OSTK,2026-06-18
2026-02-10,GME,Z,8,0,8,OSTK,2026-07-17
2026-02-10,GME,Z,3,0,3,OSTK,2026-09-18
2026-02-10,GME,Z,29,0,29,OSTK,2026-10-16
2026-02-10,GME,Z,21,0,21,OSTK,2026-12-18
2026-02-10,GME,Z,12,0,12,OSTK,2027-01-15
2026-02-10,GME,Z,3,0,3,OSTK,2027-09-17
2026-02-10,GME,Z,2,0,2,OSTK,2027-12-17
2026-02-10,GME,Z,2,0,2,OSTK,2028-01-21
2026-02-10,GME,Z,15,0,15,OSTK,2028-12-15
2026-02-11,GME,A,5536,0,5576,OSTK,2026-02-13
2026-02-11,GME,A,2607,0,2647,OSTK,2026-02-20
2026-02-11,GME,A,543,0,543,OSTK,2026-02-27
2026-02-11,GME,A,219,0,199,OSTK,2026-03-06
2026-02-11,GME,A,39,0,39,OSTK,2026-03-13
2026-02-11,GME,A,441,0,441,OSTK,2026-03-20
2026-02-11,GME,A,29,0,29,OSTK,2026-03-27
2026-02-11,GME,A,9,0,9,OSTK,2026-04-17
2026-02-11,GME,A,397,0,397,OSTK,2026-06-18
2026-02-11,GME,A,399,0,399,OSTK,2026-07-17
2026-02-11,GME,A,11,0,13,OSTK,2026-09-18
2026-02-11,GME,A,28,0,28,OSTK,2026-10-16
2026-02-11,GME,A,81,0,81,OSTK,2026-12-18
2026-02-11,GME,A,3,0,3,OSTK,2027-01-15
2026-02-11,GME,A,1,0,1,OSTK,2027-09-17
2026-02-11,GME,A,5,0,5,OSTK,2028-01-21
2026-02-11,GME,A,1,0,1,OSTK,2028-06-16
2026-02-11,GME,A,12,0,12,OSTK,2028-12-15
2026-02-11,GME,B,1738,0,1738,OSTK,2026-02-13
2026-02-11,GME,B,857,0,881,OSTK,2026-02-20
2026-02-11,GME,B,325,0,345,OSTK,2026-02-27
2026-02-11,GME,B,189,0,189,OSTK,2026-03-06
2026-02-11,GME,B,159,0,159,OSTK,2026-03-13
2026-02-11,GME,B,244,0,244,OSTK,2026-03-20
2026-02-11,GME,B,121,0,121,OSTK,2026-03-27
2026-02-11,GME,B,3,0,3,OSTK,2026-04-17
2026-02-11,GME,B,27,0,25,OSTK,2026-06-18
2026-02-11,GME,B,115,0,115,OSTK,2026-07-17
2026-02-11,GME,B,3,0,3,OSTK,2026-09-18
2026-02-11,GME,B,2,0,2,OSTK,2026-10-16
2026-02-11,GME,B,17,0,17,OSTK,2026-12-18
2026-02-11,GME,B,8,0,8,OSTK,2027-01-15
2026-02-11,GME,B,10,0,10,OSTK,2027-09-17
2026-02-11,GME,B,1,0,1,OSTK,2027-12-17
2026-02-11,GME,B,23,0,23,OSTK,2028-01-21
2026-02-11,GME,B,1,0,1,OSTK,2028-06-16
2026-02-11,GME,B,19,0,19,OSTK,2028-12-15
2026-02-11,GME,C,4379,0,3885,OSTK,2026-02-13
2026-02-11,GME,C,3730,0,3308,OSTK,2026-02-20
2026-02-11,GME,C,823,0,811,OSTK,2026-02-27
2026-02-11,GME,C,333,0,331,OSTK,2026-03-06
2026-02-11,GME,C,274,0,272,OSTK,2026-03-13
2026-02-11,GME,C,1315,0,1269,OSTK,2026-03-20
2026-02-11,GME,C,73,0,53,OSTK,2026-03-27
2026-02-11,GME,C,20,0,14,OSTK,2026-04-17
2026-02-11,GME,C,1,0,1,OSTK,2026-06-18
2026-02-11,GME,C,82,0,82,OSTK,2026-07-17
2026-02-11,GME,C,37,0,37,OSTK,2026-09-18
2026-02-11,GME,C,177,0,177,OSTK,2026-10-16
2026-02-11,GME,C,100,0,50,OSTK,2026-12-18
2026-02-11,GME,C,1,0,1,OSTK,2027-01-15
2026-02-11,GME,C,7,0,7,OSTK,2027-09-17
2026-02-11,GME,C,1,0,1,OSTK,2027-12-17
2026-02-11,GME,C,37,0,37,OSTK,2028-01-21
2026-02-11,GME,C,5,0,1,OSTK,2028-06-16
2026-02-11,GME,C,66,0,66,OSTK,2028-12-15
2026-02-11,GME,D,2469,0,1939,OSTK,2026-02-13
2026-02-11,GME,D,1210,0,1032,OSTK,2026-02-20
2026-02-11,GME,D,355,0,321,OSTK,2026-02-27
2026-02-11,GME,D,66,0,64,OSTK,2026-03-06
2026-02-11,GME,D,49,0,47,OSTK,2026-03-13
2026-02-11,GME,D,613,0,491,OSTK,2026-03-20
2026-02-11,GME,D,92,0,92,OSTK,2026-03-27
2026-02-11,GME,D,327,0,323,OSTK,2026-04-17
2026-02-11,GME,D,178,0,156,OSTK,2026-06-18
2026-02-11,GME,D,32,0,32,OSTK,2026-07-17
2026-02-11,GME,D,1,0,1,OSTK,2026-09-18
2026-02-11,GME,D,41,0,41,OSTK,2026-10-16
2026-02-11,GME,D,42,0,42,OSTK,2026-12-18
2026-02-11,GME,D,94,0,92,OSTK,2027-01-15
2026-02-11,GME,D,7,0,7,OSTK,2027-09-17
2026-02-11,GME,D,31,0,29,OSTK,2027-12-17
2026-02-11,GME,D,10,0,10,OSTK,2028-01-21
2026-02-11,GME,D,6,0,6,OSTK,2028-12-15
2026-02-11,GME,E,1870,0,1796,OSTK,2026-02-13
2026-02-11,GME,E,818,0,852,OSTK,2026-02-20
2026-02-11,GME,E,163,0,163,OSTK,2026-02-27
2026-02-11,GME,E,66,0,66,OSTK,2026-03-06
2026-02-11,GME,E,41,0,41,OSTK,2026-03-13
2026-02-11,GME,E,198,0,198,OSTK,2026-03-20
2026-02-11,GME,E,5,0,5,OSTK,2026-03-27
2026-02-11,GME,E,231,0,231,OSTK,2026-04-17
2026-02-11,GME,E,28,0,28,OSTK,2026-06-18
2026-02-11,GME,E,316,0,316,OSTK,2026-07-17
2026-02-11,GME,E,40,0,40,OSTK,2026-10-16
2026-02-11,GME,E,1,0,1,OSTK,2026-12-18
2026-02-11,GME,E,2,0,2,OSTK,2027-01-15
2026-02-11,GME,E,1,0,1,OSTK,2028-01-21
2026-02-11,GME,H,2181,0,1685,OSTK,2026-02-13
2026-02-11,GME,H,1159,0,955,OSTK,2026-02-20
2026-02-11,GME,H,585,0,581,OSTK,2026-02-27
2026-02-11,GME,H,102,0,86,OSTK,2026-03-06
2026-02-11,GME,H,98,0,96,OSTK,2026-03-13
2026-02-11,GME,H,729,0,641,OSTK,2026-03-20
2026-02-11,GME,H,31,0,31,OSTK,2026-03-27
2026-02-11,GME,H,3,0,3,OSTK,2026-04-17
2026-02-11,GME,H,2,0,2,OSTK,2026-06-18
2026-02-11,GME,H,21,0,11,OSTK,2026-07-17
2026-02-11,GME,H,8,0,6,OSTK,2026-09-18
2026-02-11,GME,H,1,0,1,OSTK,2026-10-16
2026-02-11,GME,H,13,0,13,OSTK,2026-12-18
2026-02-11,GME,H,35,0,33,OSTK,2027-01-15
2026-02-11,GME,H,11,0,11,OSTK,2027-09-17
2026-02-11,GME,H,3,0,3,OSTK,2027-12-17
2026-02-11,GME,H,199,0,199,OSTK,2028-01-21
2026-02-11,GME,H,8,0,8,OSTK,2028-12-15
2026-02-11,GME,I,3102,0,3060,OSTK,2026-02-13
2026-02-11,GME,I,2186,0,2174,OSTK,2026-02-20
2026-02-11,GME,I,329,0,329,OSTK,2026-02-27
2026-02-11,GME,I,175,0,175,OSTK,2026-03-06
2026-02-11,GME,I,451,0,447,OSTK,2026-03-13
2026-02-11,GME,I,625,0,615,OSTK,2026-03-20
2026-02-11,GME,I,280,0,280,OSTK,2026-03-27
2026-02-11,GME,I,231,0,277,OSTK,2026-04-17
2026-02-11,GME,I,74,0,74,OSTK,2026-06-18
2026-02-11,GME,I,18,0,18,OSTK,2026-07-17
2026-02-11,GME,I,28,0,28,OSTK,2026-09-18
2026-02-11,GME,I,181,0,181,OSTK,2026-10-16
2026-02-11,GME,I,133,0,133,OSTK,2026-12-18
2026-02-11,GME,I,47,0,47,OSTK,2027-01-15
2026-02-11,GME,I,54,0,54,OSTK,2027-12-17
2026-02-11,GME,I,52,0,52,OSTK,2028-01-21
2026-02-11,GME,I,37,0,37,OSTK,2028-06-16
2026-02-11,GME,I,70,0,70,OSTK,2028-12-15
2026-02-11,GME,J,2591,0,1537,OSTK,2026-02-13
2026-02-11,GME,J,1929,0,1565,OSTK,2026-02-20
2026-02-11,GME,J,170,0,142,OSTK,2026-02-27
2026-02-11,GME,J,29,0,29,OSTK,2026-03-06
2026-02-11,GME,J,215,0,215,OSTK,2026-03-13
2026-02-11,GME,J,851,0,737,OSTK,2026-03-20
2026-02-11,GME,J,105,0,105,OSTK,2026-03-27
2026-02-11,GME,J,243,0,197,OSTK,2026-04-17
2026-02-11,GME,J,397,0,397,OSTK,2026-06-18
2026-02-11,GME,J,424,0,424,OSTK,2026-07-17
2026-02-11,GME,J,43,0,43,OSTK,2026-10-16
2026-02-11,GME,J,1,0,1,OSTK,2026-12-18
2026-02-11,GME,J,10,0,10,OSTK,2027-01-15
2026-02-11,GME,J,36,0,36,OSTK,2027-12-17
2026-02-11,GME,J,4,0,4,OSTK,2028-01-21
2026-02-11,GME,J,1,0,1,OSTK,2028-12-15
2026-02-11,GME,L,1511,0,1401,OSTK,2026-02-13
2026-02-11,GME,L,976,0,942,OSTK,2026-02-20
2026-02-11,GME,L,117,0,115,OSTK,2026-02-27
2026-02-11,GME,L,76,0,66,OSTK,2026-03-06
2026-02-11,GME,L,53,0,53,OSTK,2026-03-13
2026-02-11,GME,L,290,0,264,OSTK,2026-03-20
2026-02-11,GME,L,25,0,151,OSTK,2026-03-27
2026-02-11,GME,L,80,0,72,OSTK,2026-04-17
2026-02-11,GME,L,25,0,25,OSTK,2026-06-18
2026-02-11,GME,L,2,0,2,OSTK,2026-07-17
2026-02-11,GME,L,3,0,3,OSTK,2026-09-18
2026-02-11,GME,L,24,0,24,OSTK,2026-10-16
2026-02-11,GME,L,9,0,9,OSTK,2026-12-18
2026-02-11,GME,L,9,0,9,OSTK,2027-01-15
2026-02-11,GME,L,2,0,2,OSTK,2027-12-17
2026-02-11,GME,L,104,0,104,OSTK,2028-01-21
2026-02-11,GME,L,0,0,30,OSTK,2028-06-16
2026-02-11,GME,M,4488,0,4278,OSTK,2026-02-13
2026-02-11,GME,M,3208,0,3168,OSTK,2026-02-20
2026-02-11,GME,M,402,0,396,OSTK,2026-02-27
2026-02-11,GME,M,411,0,411,OSTK,2026-03-06
2026-02-11,GME,M,83,0,83,OSTK,2026-03-13
2026-02-11,GME,M,903,0,901,OSTK,2026-03-20
2026-02-11,GME,M,22,0,22,OSTK,2026-03-27
2026-02-11,GME,M,14,0,14,OSTK,2026-04-17
2026-02-11,GME,M,5,0,5,OSTK,2026-06-18
2026-02-11,GME,M,106,0,106,OSTK,2026-07-17
2026-02-11,GME,M,15,0,15,OSTK,2026-09-18
2026-02-11,GME,M,80,0,80,OSTK,2026-10-16
2026-02-11,GME,M,31,0,31,OSTK,2026-12-18
2026-02-11,GME,M,2,0,2,OSTK,2027-01-15
2026-02-11,GME,M,1,0,1,OSTK,2027-09-17
2026-02-11,GME,M,42,0,42,OSTK,2027-12-17
2026-02-11,GME,M,1,0,1,OSTK,2028-01-21
2026-02-11,GME,M,59,0,59,OSTK,2028-12-15
2026-02-11,GME,P,5267,0,3301,OSTK,2026-02-13
2026-02-11,GME,P,2722,0,2310,OSTK,2026-02-20
2026-02-11,GME,P,851,0,691,OSTK,2026-02-27
2026-02-11,GME,P,266,0,208,OSTK,2026-03-06
2026-02-11,GME,P,76,0,72,OSTK,2026-03-13
2026-02-11,GME,P,1172,0,1030,OSTK,2026-03-20
2026-02-11,GME,P,83,0,83,OSTK,2026-03-27
2026-02-11,GME,P,1,0,1,OSTK,2026-04-17
2026-02-11,GME,P,2,0,2,OSTK,2026-06-18
2026-02-11,GME,P,85,0,85,OSTK,2026-07-17
2026-02-11,GME,P,24,0,22,OSTK,2026-09-18
2026-02-11,GME,P,3,0,3,OSTK,2026-10-16
2026-02-11,GME,P,20,0,20,OSTK,2026-12-18
2026-02-11,GME,P,31,0,31,OSTK,2027-01-15
2026-02-11,GME,P,15,0,15,OSTK,2027-09-17
2026-02-11,GME,P,11,0,11,OSTK,2027-12-17
2026-02-11,GME,P,25,0,25,OSTK,2028-01-21
2026-02-11,GME,P,23,0,23,OSTK,2028-06-16
2026-02-11,GME,P,18,0,16,OSTK,2028-12-15
2026-02-11,GME,Q,579,0,963,OSTK,2026-02-13
2026-02-11,GME,Q,228,0,262,OSTK,2026-02-20
2026-02-11,GME,Q,179,0,217,OSTK,2026-02-27
2026-02-11,GME,Q,127,0,135,OSTK,2026-03-06
2026-02-11,GME,Q,11,0,13,OSTK,2026-03-13
2026-02-11,GME,Q,204,0,218,OSTK,2026-03-20
2026-02-11,GME,Q,30,0,30,OSTK,2026-03-27
2026-02-11,GME,Q,44,0,60,OSTK,2026-04-17
2026-02-11,GME,Q,82,140,222,OSTK,2026-06-18
2026-02-11,GME,Q,11,0,11,OSTK,2026-07-17
2026-02-11,GME,Q,2,0,2,OSTK,2026-10-16
2026-02-11,GME,Q,2,0,4,OSTK,2027-01-15
2026-02-11,GME,Q,120,0,128,OSTK,2028-01-21
2026-02-11,GME,R,2223,0,1905,OSTK,2026-02-13
2026-02-11,GME,R,1758,0,1752,OSTK,2026-02-20
2026-02-11,GME,R,253,0,365,OSTK,2026-02-27
2026-02-11,GME,R,139,0,163,OSTK,2026-03-06
2026-02-11,GME,R,50,0,50,OSTK,2026-03-13
2026-02-11,GME,R,817,0,779,OSTK,2026-03-20
2026-02-11,GME,R,22,0,22,OSTK,2026-03-27
2026-02-11,GME,R,633,0,633,OSTK,2026-04-17
2026-02-11,GME,R,6,0,6,OSTK,2026-06-18
2026-02-11,GME,R,136,0,136,OSTK,2026-07-17
2026-02-11,GME,R,3,0,3,OSTK,2026-09-18
2026-02-11,GME,R,19,0,19,OSTK,2026-10-16
2026-02-11,GME,R,7,0,7,OSTK,2026-12-18
2026-02-11,GME,R,87,0,87,OSTK,2027-01-15
2026-02-11,GME,R,12,0,12,OSTK,2027-09-17
2026-02-11,GME,R,10,0,10,OSTK,2027-12-17
2026-02-11,GME,R,32,0,32,OSTK,2028-01-21
2026-02-11,GME,R,9,0,9,OSTK,2028-12-15
2026-02-11,GME,T,926,0,926,OSTK,2026-02-13
2026-02-11,GME,T,297,0,297,OSTK,2026-02-20
2026-02-11,GME,T,59,0,59,OSTK,2026-02-27
2026-02-11,GME,T,32,0,32,OSTK,2026-03-20
2026-02-11,GME,T,20,0,20,OSTK,2026-04-17
2026-02-11,GME,T,30,0,30,OSTK,2026-07-17
2026-02-11,GME,T,20,0,20,OSTK,2026-10-16
2026-02-11,GME,T,1,0,1,OSTK,2026-12-18
2026-02-11,GME,T,1,0,7,OSTK,2027-01-15
2026-02-11,GME,T,1,0,1,OSTK,2027-12-17
2026-02-11,GME,U,1244,0,1194,OSTK,2026-02-13
2026-02-11,GME,U,980,0,1824,OSTK,2026-02-20
2026-02-11,GME,U,69,0,69,OSTK,2026-02-27
2026-02-11,GME,U,88,0,128,OSTK,2026-03-06
2026-02-11,GME,U,91,0,11,OSTK,2026-03-13
2026-02-11,GME,U,486,0,620,OSTK,2026-03-20
2026-02-11,GME,U,27,0,27,OSTK,2026-03-27
2026-02-11,GME,U,132,0,132,OSTK,2026-04-17
2026-02-11,GME,U,1,0,1,OSTK,2026-06-18
2026-02-11,GME,U,1,0,1,OSTK,2026-07-17
2026-02-11,GME,U,2,0,2,OSTK,2026-09-18
2026-02-11,GME,U,2,0,2,OSTK,2026-10-16
2026-02-11,GME,U,7,0,5,OSTK,2026-12-18
2026-02-11,GME,U,3,0,3,OSTK,2027-01-15
2026-02-11,GME,U,15,0,15,OSTK,2027-12-17
2026-02-11,GME,U,5,0,5,OSTK,2028-01-21
2026-02-11,GME,U,271,0,271,OSTK,2028-12-15
2026-02-11,GME,W,1051,0,1051,OSTK,2026-02-13
2026-02-11,GME,W,542,0,544,OSTK,2026-02-20
2026-02-11,GME,W,149,0,149,OSTK,2026-02-27
2026-02-11,GME,W,2,0,2,OSTK,2026-03-06
2026-02-11,GME,W,55,0,55,OSTK,2026-03-13
2026-02-11,GME,W,89,0,89,OSTK,2026-03-20
2026-02-11,GME,W,22,0,22,OSTK,2026-03-27
2026-02-11,GME,W,23,0,23,OSTK,2026-04-17
2026-02-11,GME,W,5,0,5,OSTK,2026-06-18
2026-02-11,GME,W,53,0,53,OSTK,2026-07-17
2026-02-11,GME,W,46,0,46,OSTK,2026-10-16
2026-02-11,GME,W,12,0,12,OSTK,2027-01-15
2026-02-11,GME,W,1,0,1,OSTK,2027-09-17
2026-02-11,GME,W,1,0,1,OSTK,2027-12-17
2026-02-11,GME,W,3,0,3,OSTK,2028-01-21
2026-02-11,GME,W,15,0,15,OSTK,2028-06-16
2026-02-11,GME,X,9313,0,8331,OSTK,2026-02-13
2026-02-11,GME,X,5276,0,4666,OSTK,2026-02-20
2026-02-11,GME,X,843,0,857,OSTK,2026-02-27
2026-02-11,GME,X,551,0,543,OSTK,2026-03-06
2026-02-11,GME,X,99,0,99,OSTK,2026-03-13
2026-02-11,GME,X,1255,0,1243,OSTK,2026-03-20
2026-02-11,GME,X,44,0,36,OSTK,2026-03-27
2026-02-11,GME,X,876,0,868,OSTK,2026-04-17
2026-02-11,GME,X,7,0,7,OSTK,2026-06-18
2026-02-11,GME,X,131,0,131,OSTK,2026-07-17
2026-02-11,GME,X,150,0,126,OSTK,2026-09-18
2026-02-11,GME,X,65,0,65,OSTK,2026-10-16
2026-02-11,GME,X,88,0,88,OSTK,2026-12-18
2026-02-11,GME,X,21,0,21,OSTK,2027-01-15
2026-02-11,GME,X,4,0,4,OSTK,2027-09-17
2026-02-11,GME,X,3,0,3,OSTK,2027-12-17
2026-02-11,GME,X,52,0,52,OSTK,2028-01-21
2026-02-11,GME,X,1,0,1,OSTK,2028-06-16
2026-02-11,GME,X,7,0,7,OSTK,2028-12-15
2026-02-11,GME,Z,2857,0,2129,OSTK,2026-02-13
2026-02-11,GME,Z,1398,0,1398,OSTK,2026-02-20
2026-02-11,GME,Z,241,0,239,OSTK,2026-02-27
2026-02-11,GME,Z,75,0,73,OSTK,2026-03-06
2026-02-11,GME,Z,24,0,24,OSTK,2026-03-13
2026-02-11,GME,Z,541,0,543,OSTK,2026-03-20
2026-02-11,GME,Z,6,0,6,OSTK,2026-03-27
2026-02-11,GME,Z,383,0,381,OSTK,2026-04-17
2026-02-11,GME,Z,6,0,6,OSTK,2026-06-18
2026-02-11,GME,Z,118,0,118,OSTK,2026-07-17
2026-02-11,GME,Z,4,0,4,OSTK,2026-09-18
2026-02-11,GME,Z,9,0,9,OSTK,2026-10-16
2026-02-11,GME,Z,27,0,27,OSTK,2026-12-18
2026-02-11,GME,Z,20,0,20,OSTK,2027-01-15
2026-02-11,GME,Z,9,0,9,OSTK,2027-09-17
2026-02-11,GME,Z,3,0,3,OSTK,2027-12-17
2026-02-11,GME,Z,498,0,498,OSTK,2028-01-21
2026-02-11,GME,Z,3,0,3,OSTK,2028-06-16
2026-02-11,GME,Z,43,0,43,OSTK,2028-12-15
2026-02-12,GME,A,6101,0,6063,OSTK,2026-02-13
2026-02-12,GME,A,13089,0,6585,OSTK,2026-02-20
2026-02-12,GME,A,576,0,576,OSTK,2026-02-27
2026-02-12,GME,A,496,0,496,OSTK,2026-03-06
2026-02-12,GME,A,127,0,127,OSTK,2026-03-13
2026-02-12,GME,A,675,0,675,OSTK,2026-03-20
2026-02-12,GME,A,104,0,104,OSTK,2026-03-27
2026-02-12,GME,A,6,0,6,OSTK,2026-04-02
2026-02-12,GME,A,11091,0,4615,OSTK,2026-04-17
2026-02-12,GME,A,42,0,42,OSTK,2026-06-18
2026-02-12,GME,A,11,0,11,OSTK,2026-07-17
2026-02-12,GME,A,99,0,99,OSTK,2026-09-18
2026-02-12,GME,A,60,0,60,OSTK,2026-10-16
2026-02-12,GME,A,7,0,7,OSTK,2026-12-18
2026-02-12,GME,A,4,0,4,OSTK,2027-01-15
2026-02-12,GME,A,24,0,24,OSTK,2027-12-17
2026-02-12,GME,A,26,0,26,OSTK,2028-01-21
2026-02-12,GME,A,3,0,3,OSTK,2028-12-15
2026-02-12,GME,B,1675,75,1750,OSTK,2026-02-13
2026-02-12,GME,B,1195,0,1295,OSTK,2026-02-20
2026-02-12,GME,B,255,0,315,OSTK,2026-02-27
2026-02-12,GME,B,375,0,375,OSTK,2026-03-06
2026-02-12,GME,B,169,0,169,OSTK,2026-03-13
2026-02-12,GME,B,619,0,619,OSTK,2026-03-20
2026-02-12,GME,B,114,0,114,OSTK,2026-03-27
2026-02-12,GME,B,4,0,4,OSTK,2026-04-17
2026-02-12,GME,B,45,0,45,OSTK,2026-06-18
2026-02-12,GME,B,31,0,29,OSTK,2026-07-17
2026-02-12,GME,B,81,0,81,OSTK,2026-09-18
2026-02-12,GME,B,6,0,6,OSTK,2026-10-16
2026-02-12,GME,B,20,0,20,OSTK,2026-12-18
2026-02-12,GME,B,166,0,166,OSTK,2027-01-15
2026-02-12,GME,B,7,0,7,OSTK,2027-09-17
2026-02-12,GME,B,1,0,1,OSTK,2027-12-17
2026-02-12,GME,B,83,0,83,OSTK,2028-01-21
2026-02-12,GME,B,15,0,15,OSTK,2028-12-15
2026-02-12,GME,C,6439,0,5923,OSTK,2026-02-13
2026-02-12,GME,C,6063,0,5603,OSTK,2026-02-20
2026-02-12,GME,C,1803,0,1581,OSTK,2026-02-27
2026-02-12,GME,C,1153,0,1059,OSTK,2026-03-06
2026-02-12,GME,C,240,0,240,OSTK,2026-03-13
2026-02-12,GME,C,1676,0,1628,OSTK,2026-03-20
2026-02-12,GME,C,163,0,163,OSTK,2026-03-27
2026-02-12,GME,C,3,0,3,OSTK,2026-04-02
2026-02-12,GME,C,6,0,6,OSTK,2026-04-17
2026-02-12,GME,C,10,0,10,OSTK,2026-06-18
2026-02-12,GME,C,37,0,37,OSTK,2026-07-17
2026-02-12,GME,C,156,0,156,OSTK,2026-09-18
2026-02-12,GME,C,6,0,6,OSTK,2026-10-16
2026-02-12,GME,C,24,0,24,OSTK,2026-12-18
2026-02-12,GME,C,12,0,12,OSTK,2027-01-15
2026-02-12,GME,C,30,0,30,OSTK,2027-09-17
2026-02-12,GME,C,4,0,4,OSTK,2027-12-17
2026-02-12,GME,C,4,0,0,OSTK,2028-01-21
2026-02-12,GME,C,11,0,7,OSTK,2028-06-16
2026-02-12,GME,C,14,0,14,OSTK,2028-12-15
2026-02-12,GME,D,4283,0,3183,OSTK,2026-02-13
2026-02-12,GME,D,2939,0,2679,OSTK,2026-02-20
2026-02-12,GME,D,623,0,509,OSTK,2026-02-27
2026-02-12,GME,D,185,0,169,OSTK,2026-03-06
2026-02-12,GME,D,60,0,60,OSTK,2026-03-13
2026-02-12,GME,D,826,0,798,OSTK,2026-03-20
2026-02-12,GME,D,157,0,155,OSTK,2026-03-27
2026-02-12,GME,D,717,0,639,OSTK,2026-04-17
2026-02-12,GME,D,520,0,516,OSTK,2026-06-18
2026-02-12,GME,D,8,0,8,OSTK,2026-07-17
2026-02-12,GME,D,31,0,31,OSTK,2026-09-18
2026-02-12,GME,D,52,0,52,OSTK,2026-10-16
2026-02-12,GME,D,25,0,5,OSTK,2026-12-18
2026-02-12,GME,D,96,0,76,OSTK,2027-01-15
2026-02-12,GME,D,10,0,10,OSTK,2027-09-17
2026-02-12,GME,D,80,0,80,OSTK,2027-12-17
2026-02-12,GME,D,115,0,93,OSTK,2028-01-21
2026-02-12,GME,D,7,0,7,OSTK,2028-12-15
2026-02-12,GME,E,12536,0,12622,OSTK,2026-02-13
2026-02-12,GME,E,15501,0,15529,OSTK,2026-02-20
2026-02-12,GME,E,90,0,92,OSTK,2026-02-27
2026-02-12,GME,E,97,0,97,OSTK,2026-03-06
2026-02-12,GME,E,13,0,13,OSTK,2026-03-13
2026-02-12,GME,E,371,0,371,OSTK,2026-03-20
2026-02-12,GME,E,42,0,42,OSTK,2026-03-27
2026-02-12,GME,E,630,0,630,OSTK,2026-04-17
2026-02-12,GME,E,83,0,83,OSTK,2026-06-18
2026-02-12,GME,E,54,0,54,OSTK,2026-10-16
2026-02-12,GME,E,3,0,3,OSTK,2026-12-18
2026-02-12,GME,E,1,0,1,OSTK,2027-01-15
2026-02-12,GME,E,32,0,32,OSTK,2027-12-17
2026-02-12,GME,E,3,0,3,OSTK,2028-01-21
2026-02-12,GME,H,2835,0,997,OSTK,2026-02-13
2026-02-12,GME,H,1394,0,1144,OSTK,2026-02-20
2026-02-12,GME,H,373,0,357,OSTK,2026-02-27
2026-02-12,GME,H,386,0,300,OSTK,2026-03-06
2026-02-12,GME,H,25,0,25,OSTK,2026-03-13
2026-02-12,GME,H,957,0,851,OSTK,2026-03-20
2026-02-12,GME,H,13,0,13,OSTK,2026-03-27
2026-02-12,GME,H,5,0,5,OSTK,2026-04-02
2026-02-12,GME,H,269,0,269,OSTK,2026-04-17
2026-02-12,GME,H,97,0,97,OSTK,2026-06-18
2026-02-12,GME,H,211,0,211,OSTK,2026-07-17
2026-02-12,GME,H,33,0,33,OSTK,2026-09-18
2026-02-12,GME,H,55,0,55,OSTK,2026-10-16
2026-02-12,GME,H,1,0,1,OSTK,2026-12-18
2026-02-12,GME,H,11,0,11,OSTK,2027-01-15
2026-02-12,GME,H,20,0,20,OSTK,2027-09-17
2026-02-12,GME,H,19,0,19,OSTK,2027-12-17
2026-02-12,GME,H,141,0,141,OSTK,2028-01-21
2026-02-12,GME,H,11,0,11,OSTK,2028-12-15
2026-02-12,GME,I,3156,13,2859,OSTK,2026-02-13
2026-02-12,GME,I,2804,0,2740,OSTK,2026-02-20
2026-02-12,GME,I,823,0,819,OSTK,2026-02-27
2026-02-12,GME,I,268,0,262,OSTK,2026-03-06
2026-02-12,GME,I,34,0,34,OSTK,2026-03-13
2026-02-12,GME,I,808,0,804,OSTK,2026-03-20
2026-02-12,GME,I,41,0,41,OSTK,2026-03-27
2026-02-12,GME,I,552,0,552,OSTK,2026-04-17
2026-02-12,GME,I,132,0,84,OSTK,2026-06-18
2026-02-12,GME,I,2,0,2,OSTK,2026-07-17
2026-02-12,GME,I,17,0,17,OSTK,2026-09-18
2026-02-12,GME,I,150,0,150,OSTK,2026-10-16
2026-02-12,GME,I,21,0,21,OSTK,2026-12-18
2026-02-12,GME,I,41,0,41,OSTK,2027-01-15
2026-02-12,GME,I,1,0,1,OSTK,2027-09-17
2026-02-12,GME,I,88,0,86,OSTK,2027-12-17
2026-02-12,GME,I,163,0,161,OSTK,2028-01-21
2026-02-12,GME,I,2,0,2,OSTK,2028-06-16
2026-02-12,GME,I,3,0,3,OSTK,2028-12-15
2026-02-12,GME,J,3916,0,1376,OSTK,2026-02-13
2026-02-12,GME,J,1895,0,1475,OSTK,2026-02-20
2026-02-12,GME,J,340,0,336,OSTK,2026-02-27
2026-02-12,GME,J,48,0,40,OSTK,2026-03-06
2026-02-12,GME,J,14,0,14,OSTK,2026-03-13
2026-02-12,GME,J,334,0,312,OSTK,2026-03-20
2026-02-12,GME,J,1069,0,949,OSTK,2026-04-17
2026-02-12,GME,J,7,0,7,OSTK,2026-06-18
2026-02-12,GME,J,16,0,16,OSTK,2026-10-16
2026-02-12,GME,J,24,0,24,OSTK,2027-01-15
2026-02-12,GME,J,12,0,12,OSTK,2027-09-17
2026-02-12,GME,J,73,0,73,OSTK,2027-12-17
2026-02-12,GME,J,98,0,96,OSTK,2028-01-21
2026-02-12,GME,J,5,0,5,OSTK,2028-12-15
2026-02-12,GME,L,2935,0,2981,OSTK,2026-02-13
2026-02-12,GME,L,2488,0,2478,OSTK,2026-02-20
2026-02-12,GME,L,217,0,217,OSTK,2026-02-27
2026-02-12,GME,L,168,0,144,OSTK,2026-03-06
2026-02-12,GME,L,80,0,80,OSTK,2026-03-13
2026-02-12,GME,L,540,0,538,OSTK,2026-03-20
2026-02-12,GME,L,21,0,21,OSTK,2026-03-27
2026-02-12,GME,L,2,0,2,OSTK,2026-04-02
2026-02-12,GME,L,279,0,259,OSTK,2026-04-17
2026-02-12,GME,L,334,0,334,OSTK,2026-06-18
2026-02-12,GME,L,14,0,14,OSTK,2026-07-17
2026-02-12,GME,L,6,0,6,OSTK,2026-09-18
2026-02-12,GME,L,38,0,38,OSTK,2026-10-16
2026-02-12,GME,L,1,0,1,OSTK,2026-12-18
2026-02-12,GME,L,68,0,68,OSTK,2027-01-15
2026-02-12,GME,L,7,0,7,OSTK,2027-09-17
2026-02-12,GME,L,56,0,50,OSTK,2027-12-17
2026-02-12,GME,L,1,0,1,OSTK,2028-01-21
2026-02-12,GME,M,9800,0,9384,OSTK,2026-02-13
2026-02-12,GME,M,4222,0,4032,OSTK,2026-02-20
2026-02-12,GME,M,962,0,960,OSTK,2026-02-27
2026-02-12,GME,M,570,0,570,OSTK,2026-03-06
2026-02-12,GME,M,53,0,53,OSTK,2026-03-13
2026-02-12,GME,M,1200,0,1132,OSTK,2026-03-20
2026-02-12,GME,M,25,0,25,OSTK,2026-03-27
2026-02-12,GME,M,3,0,3,OSTK,2026-04-02
2026-02-12,GME,M,2,0,2,OSTK,2026-04-17
2026-02-12,GME,M,365,0,365,OSTK,2026-06-18
2026-02-12,GME,M,50,0,50,OSTK,2026-07-17
2026-02-12,GME,M,12,0,12,OSTK,2026-09-18
2026-02-12,GME,M,31,0,31,OSTK,2026-10-16
2026-02-12,GME,M,4,0,4,OSTK,2026-12-18
2026-02-12,GME,M,8,0,8,OSTK,2027-01-15
2026-02-12,GME,M,1,0,1,OSTK,2027-09-17
2026-02-12,GME,M,3,0,3,OSTK,2027-12-17
2026-02-12,GME,M,9,0,9,OSTK,2028-01-21
2026-02-12,GME,M,54,0,54,OSTK,2028-12-15
2026-02-12,GME,P,5404,0,3506,OSTK,2026-02-13
2026-02-12,GME,P,4490,0,3854,OSTK,2026-02-20
2026-02-12,GME,P,1130,0,904,OSTK,2026-02-27
2026-02-12,GME,P,646,0,560,OSTK,2026-03-06
2026-02-12,GME,P,203,0,201,OSTK,2026-03-13
2026-02-12,GME,P,1289,0,1179,OSTK,2026-03-20
2026-02-12,GME,P,94,0,72,OSTK,2026-03-27
2026-02-12,GME,P,1,0,1,OSTK,2026-04-02
2026-02-12,GME,P,50,0,50,OSTK,2026-04-17
2026-02-12,GME,P,437,0,425,OSTK,2026-06-18
2026-02-12,GME,P,68,0,66,OSTK,2026-07-17
2026-02-12,GME,P,36,0,36,OSTK,2026-09-18
2026-02-12,GME,P,58,0,52,OSTK,2026-10-16
2026-02-12,GME,P,4,0,4,OSTK,2026-12-18
2026-02-12,GME,P,14,0,14,OSTK,2027-01-15
2026-02-12,GME,P,206,0,204,OSTK,2027-09-17
2026-02-12,GME,P,4,0,4,OSTK,2027-12-17
2026-02-12,GME,P,3,0,3,OSTK,2028-01-21
2026-02-12,GME,P,5,0,5,OSTK,2028-06-16
2026-02-12,GME,P,28,0,28,OSTK,2028-12-15
2026-02-12,GME,Q,204,0,298,OSTK,2026-02-13
2026-02-12,GME,Q,564,0,614,OSTK,2026-02-20
2026-02-12,GME,Q,108,0,88,OSTK,2026-02-27
2026-02-12,GME,Q,51,0,53,OSTK,2026-03-06
2026-02-12,GME,Q,5,0,5,OSTK,2026-03-13
2026-02-12,GME,Q,467,0,467,OSTK,2026-03-20
2026-02-12,GME,Q,72,0,72,OSTK,2026-03-27
2026-02-12,GME,Q,329,4,343,OSTK,2026-04-17
2026-02-12,GME,Q,126,74,202,OSTK,2026-06-18
2026-02-12,GME,Q,1,0,1,OSTK,2026-09-18
2026-02-12,GME,Q,29,0,29,OSTK,2026-10-16
2026-02-12,GME,Q,8,0,14,OSTK,2027-01-15
2026-02-12,GME,Q,11,0,11,OSTK,2027-09-17
2026-02-12,GME,Q,18,0,62,OSTK,2027-12-17
2026-02-12,GME,Q,1,0,3,OSTK,2028-01-21
2026-02-12,GME,Q,1,0,1,OSTK,2028-06-16
2026-02-12,GME,Q,1,0,1,OSTK,2028-12-15
2026-02-12,GME,R,2199,0,1521,OSTK,2026-02-13
2026-02-12,GME,R,2906,0,2536,OSTK,2026-02-20
2026-02-12,GME,R,421,0,413,OSTK,2026-02-27
2026-02-12,GME,R,253,0,253,OSTK,2026-03-06
2026-02-12,GME,R,72,0,72,OSTK,2026-03-13
2026-02-12,GME,R,704,0,656,OSTK,2026-03-20
2026-02-12,GME,R,138,0,138,OSTK,2026-03-27
2026-02-12,GME,R,658,0,620,OSTK,2026-04-17
2026-02-12,GME,R,9,0,9,OSTK,2026-06-18
2026-02-12,GME,R,29,0,29,OSTK,2026-07-17
2026-02-12,GME,R,66,0,66,OSTK,2026-09-18
2026-02-12,GME,R,4,0,4,OSTK,2026-10-16
2026-02-12,GME,R,43,0,43,OSTK,2026-12-18
2026-02-12,GME,R,9,0,1,OSTK,2027-01-15
2026-02-12,GME,R,7,0,7,OSTK,2027-09-17
2026-02-12,GME,R,3,0,3,OSTK,2027-12-17
2026-02-12,GME,R,7,0,7,OSTK,2028-01-21
2026-02-12,GME,R,7,0,7,OSTK,2028-12-15
2026-02-12,GME,T,1322,0,1322,OSTK,2026-02-13
2026-02-12,GME,T,452,0,498,OSTK,2026-02-20
2026-02-12,GME,T,179,0,179,OSTK,2026-02-27
2026-02-12,GME,T,2,0,2,OSTK,2026-03-06
2026-02-12,GME,T,82,0,82,OSTK,2026-03-20
2026-02-12,GME,T,218,0,218,OSTK,2026-04-17
2026-02-12,GME,T,31,0,31,OSTK,2026-10-16
2026-02-12,GME,T,1,0,1,OSTK,2027-01-15
2026-02-12,GME,T,2,0,2,OSTK,2027-09-17
2026-02-12,GME,T,0,0,12,OSTK,2027-12-17
2026-02-12,GME,U,1145,0,1007,OSTK,2026-02-13
2026-02-12,GME,U,1270,0,1634,OSTK,2026-02-20
2026-02-12,GME,U,361,0,367,OSTK,2026-02-27
2026-02-12,GME,U,35,0,35,OSTK,2026-03-06
2026-02-12,GME,U,50,0,50,OSTK,2026-03-13
2026-02-12,GME,U,434,0,488,OSTK,2026-03-20
2026-02-12,GME,U,10,0,12,OSTK,2026-03-27
2026-02-12,GME,U,452,0,452,OSTK,2026-04-17
2026-02-12,GME,U,195,0,195,OSTK,2026-06-18
2026-02-12,GME,U,2,0,2,OSTK,2026-09-18
2026-02-12,GME,U,4,0,4,OSTK,2026-10-16
2026-02-12,GME,U,54,0,54,OSTK,2027-01-15
2026-02-12,GME,U,11,0,11,OSTK,2027-12-17
2026-02-12,GME,U,25,0,25,OSTK,2028-01-21
2026-02-12,GME,U,2,0,2,OSTK,2028-06-16
2026-02-12,GME,U,1,0,1,OSTK,2028-12-15
2026-02-12,GME,W,5137,0,5145,OSTK,2026-02-13
2026-02-12,GME,W,4743,0,4751,OSTK,2026-02-20
2026-02-12,GME,W,97,0,99,OSTK,2026-02-27
2026-02-12,GME,W,18,0,18,OSTK,2026-03-06
2026-02-12,GME,W,5,0,5,OSTK,2026-03-13
2026-02-12,GME,W,80,0,78,OSTK,2026-03-20
2026-02-12,GME,W,11,0,11,OSTK,2026-03-27
2026-02-12,GME,W,2,0,2,OSTK,2026-04-02
2026-02-12,GME,W,115,0,115,OSTK,2026-04-17
2026-02-12,GME,W,39,0,39,OSTK,2026-06-18
2026-02-12,GME,W,6,0,6,OSTK,2026-07-17
2026-02-12,GME,W,1,0,1,OSTK,2026-09-18
2026-02-12,GME,W,33,0,33,OSTK,2026-10-16
2026-02-12,GME,W,2,0,2,OSTK,2026-12-18
2026-02-12,GME,W,21,0,21,OSTK,2027-01-15
2026-02-12,GME,W,3,0,3,OSTK,2027-09-17
2026-02-12,GME,W,2,0,2,OSTK,2027-12-17
2026-02-12,GME,W,53,0,53,OSTK,2028-01-21
2026-02-12,GME,W,1,0,1,OSTK,2028-06-16
2026-02-12,GME,X,12401,0,11255,OSTK,2026-02-13
2026-02-12,GME,X,8471,0,8047,OSTK,2026-02-20
2026-02-12,GME,X,1679,0,1635,OSTK,2026-02-27
2026-02-12,GME,X,1486,0,1466,OSTK,2026-03-06
2026-02-12,GME,X,482,0,470,OSTK,2026-03-13
2026-02-12,GME,X,2732,0,2686,OSTK,2026-03-20
2026-02-12,GME,X,56,0,56,OSTK,2026-03-27
2026-02-12,GME,X,30,0,30,OSTK,2026-04-02
2026-02-12,GME,X,15,0,15,OSTK,2026-04-17
2026-02-12,GME,X,41,0,41,OSTK,2026-06-18
2026-02-12,GME,X,202,0,202,OSTK,2026-07-17
2026-02-12,GME,X,73,0,73,OSTK,2026-09-18
2026-02-12,GME,X,14,0,14,OSTK,2026-10-16
2026-02-12,GME,X,15,0,15,OSTK,2026-12-18
2026-02-12,GME,X,23,0,23,OSTK,2027-01-15
2026-02-12,GME,X,11,0,11,OSTK,2027-09-17
2026-02-12,GME,X,28,0,28,OSTK,2027-12-17
2026-02-12,GME,X,23,0,23,OSTK,2028-01-21
2026-02-12,GME,X,1,0,1,OSTK,2028-06-16
2026-02-12,GME,X,5,0,5,OSTK,2028-12-15
2026-02-12,GME,Z,1565,0,1527,OSTK,2026-02-13
2026-02-12,GME,Z,2267,0,2019,OSTK,2026-02-20
2026-02-12,GME,Z,450,0,448,OSTK,2026-02-27
2026-02-12,GME,Z,88,0,88,OSTK,2026-03-06
2026-02-12,GME,Z,224,0,224,OSTK,2026-03-13
2026-02-12,GME,Z,684,0,672,OSTK,2026-03-20
2026-02-12,GME,Z,60,0,60,OSTK,2026-03-27
2026-02-12,GME,Z,4,0,4,OSTK,2026-04-02
2026-02-12,GME,Z,8,0,8,OSTK,2026-04-17
2026-02-12,GME,Z,1,0,1,OSTK,2026-06-18
2026-02-12,GME,Z,2,0,2,OSTK,2026-07-17
2026-02-12,GME,Z,5,0,5,OSTK,2026-09-18
2026-02-12,GME,Z,1,0,1,OSTK,2026-10-16
2026-02-12,GME,Z,1,0,1,OSTK,2026-12-18
2026-02-12,GME,Z,27,0,27,OSTK,2027-01-15
2026-02-12,GME,Z,7,0,7,OSTK,2027-09-17
2026-02-12,GME,Z,16,0,16,OSTK,2027-12-17
2026-02-12,GME,Z,81,0,81,OSTK,2028-01-21
2026-02-12,GME,Z,13,0,13,OSTK,2028-06-16
2026-02-12,GME,Z,3,0,3,OSTK,2028-12-15
2026-02-13,GME,A,3709,0,3655,OSTK,2026-02-13
2026-02-13,GME,A,4643,140,4763,OSTK,2026-02-20
2026-02-13,GME,A,901,0,913,OSTK,2026-02-27
2026-02-13,GME,A,153,0,153,OSTK,2026-03-06
2026-02-13,GME,A,60,0,60,OSTK,2026-03-13
2026-02-13,GME,A,213,0,217,OSTK,2026-03-20
2026-02-13,GME,A,51,0,51,OSTK,2026-03-27
2026-02-13,GME,A,1,0,1,OSTK,2026-04-02
2026-02-13,GME,A,4,0,4,OSTK,2026-04-17
2026-02-13,GME,A,2,0,2,OSTK,2026-06-18
2026-02-13,GME,A,12,0,12,OSTK,2026-07-17
2026-02-13,GME,A,21,0,21,OSTK,2026-09-18
2026-02-13,GME,A,48,0,48,OSTK,2026-10-16
2026-02-13,GME,A,31,0,31,OSTK,2026-12-18
2026-02-13,GME,A,7,0,7,OSTK,2027-01-15
2026-02-13,GME,A,7,0,7,OSTK,2027-09-17
2026-02-13,GME,A,60,0,60,OSTK,2028-01-21
2026-02-13,GME,A,8,0,8,OSTK,2028-12-15
2026-02-13,GME,B,3342,0,3078,OSTK,2026-02-13
2026-02-13,GME,B,2026,60,2104,OSTK,2026-02-20
2026-02-13,GME,B,700,0,442,OSTK,2026-02-27
2026-02-13,GME,B,87,0,87,OSTK,2026-03-06
2026-02-13,GME,B,173,0,173,OSTK,2026-03-13
2026-02-13,GME,B,667,0,667,OSTK,2026-03-20
2026-02-13,GME,B,116,0,116,OSTK,2026-03-27
2026-02-13,GME,B,15,0,15,OSTK,2026-04-02
2026-02-13,GME,B,261,0,265,OSTK,2026-04-17
2026-02-13,GME,B,8,0,8,OSTK,2026-06-18
2026-02-13,GME,B,173,0,173,OSTK,2026-07-17
2026-02-13,GME,B,5,0,5,OSTK,2026-09-18
2026-02-13,GME,B,154,0,154,OSTK,2026-10-16
2026-02-13,GME,B,11,0,11,OSTK,2026-12-18
2026-02-13,GME,B,4,0,4,OSTK,2027-01-15
2026-02-13,GME,B,1,0,1,OSTK,2027-09-17
2026-02-13,GME,B,140,0,140,OSTK,2028-01-21
2026-02-13,GME,B,201,0,201,OSTK,2028-06-16
2026-02-13,GME,B,9,0,9,OSTK,2028-12-15
2026-02-13,GME,C,5929,0,5345,OSTK,2026-02-13
2026-02-13,GME,C,7716,30,7624,OSTK,2026-02-20
2026-02-13,GME,C,1917,0,1729,OSTK,2026-02-27
2026-02-13,GME,C,729,0,685,OSTK,2026-03-06
2026-02-13,GME,C,281,0,279,OSTK,2026-03-13
2026-02-13,GME,C,1281,0,1139,OSTK,2026-03-20
2026-02-13,GME,C,122,0,122,OSTK,2026-03-27
2026-02-13,GME,C,22,0,22,OSTK,2026-04-02
2026-02-13,GME,C,3,0,3,OSTK,2026-04-17
2026-02-13,GME,C,16,0,16,OSTK,2026-06-18
2026-02-13,GME,C,63,0,63,OSTK,2026-07-17
2026-02-13,GME,C,91,0,91,OSTK,2026-09-18
2026-02-13,GME,C,5,0,5,OSTK,2026-10-16
2026-02-13,GME,C,128,0,128,OSTK,2026-12-18
2026-02-13,GME,C,11,0,11,OSTK,2027-01-15
2026-02-13,GME,C,32,0,32,OSTK,2027-09-17
2026-02-13,GME,C,2,87,89,OSTK,2027-12-17
2026-02-13,GME,C,495,0,495,OSTK,2028-01-21
2026-02-13,GME,C,226,0,226,OSTK,2028-06-16
2026-02-13,GME,C,66,0,66,OSTK,2028-12-15
2026-02-13,GME,D,2316,0,1904,OSTK,2026-02-13
2026-02-13,GME,D,2735,257,2386,OSTK,2026-02-20
2026-02-13,GME,D,781,0,949,OSTK,2026-02-27
2026-02-13,GME,D,198,0,142,OSTK,2026-03-06
2026-02-13,GME,D,45,0,19,OSTK,2026-03-13
2026-02-13,GME,D,638,0,284,OSTK,2026-03-20
2026-02-13,GME,D,23,0,11,OSTK,2026-03-27
2026-02-13,GME,D,3,0,3,OSTK,2026-04-02
2026-02-13,GME,D,436,0,354,OSTK,2026-04-17
2026-02-13,GME,D,167,0,127,OSTK,2026-06-18
2026-02-13,GME,D,29,0,29,OSTK,2026-07-17
2026-02-13,GME,D,27,0,27,OSTK,2026-09-18
2026-02-13,GME,D,23,0,21,OSTK,2026-10-16
2026-02-13,GME,D,11,0,11,OSTK,2026-12-18
2026-02-13,GME,D,68,0,66,OSTK,2027-01-15
2026-02-13,GME,D,19,0,19,OSTK,2027-09-17
2026-02-13,GME,D,8,0,8,OSTK,2027-12-17
2026-02-13,GME,D,10,0,10,OSTK,2028-01-21
2026-02-13,GME,D,30,0,30,OSTK,2028-12-15
2026-02-13,GME,E,1586,0,1632,OSTK,2026-02-13
2026-02-13,GME,E,6292,58,6436,OSTK,2026-02-20
2026-02-13,GME,E,285,0,285,OSTK,2026-02-27
2026-02-13,GME,E,155,0,153,OSTK,2026-03-06
2026-02-13,GME,E,15,0,15,OSTK,2026-03-13
2026-02-13,GME,E,91,0,91,OSTK,2026-03-20
2026-02-13,GME,E,1,0,1,OSTK,2026-03-27
2026-02-13,GME,E,149,0,149,OSTK,2026-04-17
2026-02-13,GME,E,26,0,26,OSTK,2026-06-18
2026-02-13,GME,E,1,0,1,OSTK,2026-09-18
2026-02-13,GME,E,15,0,15,OSTK,2026-10-16
2026-02-13,GME,E,1,0,1,OSTK,2026-12-18
2026-02-13,GME,E,6,0,6,OSTK,2027-01-15
2026-02-13,GME,E,1,0,1,OSTK,2027-09-17
2026-02-13,GME,E,1,0,1,OSTK,2028-12-15
2026-02-13,GME,H,2098,0,1188,OSTK,2026-02-13
2026-02-13,GME,H,1460,71,1105,OSTK,2026-02-20
2026-02-13,GME,H,1007,0,891,OSTK,2026-02-27
2026-02-13,GME,H,217,0,193,OSTK,2026-03-06
2026-02-13,GME,H,128,0,102,OSTK,2026-03-13
2026-02-13,GME,H,508,0,274,OSTK,2026-03-20
2026-02-13,GME,H,38,0,10,OSTK,2026-03-27
2026-02-13,GME,H,2,0,2,OSTK,2026-04-02
2026-02-13,GME,H,2,0,2,OSTK,2026-04-17
2026-02-13,GME,H,241,0,235,OSTK,2026-06-18
2026-02-13,GME,H,3,0,3,OSTK,2026-07-17
2026-02-13,GME,H,13,0,3,OSTK,2026-09-18
2026-02-13,GME,H,11,0,11,OSTK,2026-10-16
2026-02-13,GME,H,14,0,14,OSTK,2026-12-18
2026-02-13,GME,H,1,0,1,OSTK,2027-01-15
2026-02-13,GME,H,10,0,10,OSTK,2027-09-17
2026-02-13,GME,H,1,0,1,OSTK,2027-12-17
2026-02-13,GME,H,5,0,1,OSTK,2028-01-21
2026-02-13,GME,H,17,0,17,OSTK,2028-12-15
2026-02-13,GME,I,5826,0,5734,OSTK,2026-02-13
2026-02-13,GME,I,2517,15,2462,OSTK,2026-02-20
2026-02-13,GME,I,1728,0,1728,OSTK,2026-02-27
2026-02-13,GME,I,90,0,88,OSTK,2026-03-06
2026-02-13,GME,I,194,0,194,OSTK,2026-03-13
2026-02-13,GME,I,1180,0,1164,OSTK,2026-03-20
2026-02-13,GME,I,59,0,59,OSTK,2026-03-27
2026-02-13,GME,I,1,0,1,OSTK,2026-04-02
2026-02-13,GME,I,190,0,190,OSTK,2026-04-17
2026-02-13,GME,I,38,0,38,OSTK,2026-06-18
2026-02-13,GME,I,3,0,3,OSTK,2026-09-18
2026-02-13,GME,I,121,0,121,OSTK,2026-10-16
2026-02-13,GME,I,13,0,13,OSTK,2026-12-18
2026-02-13,GME,I,3,0,3,OSTK,2027-01-15
2026-02-13,GME,I,3,0,3,OSTK,2027-09-17
2026-02-13,GME,I,42,0,42,OSTK,2028-01-21
2026-02-13,GME,I,1190,0,1190,OSTK,2028-06-16
2026-02-13,GME,I,19,0,19,OSTK,2028-12-15
2026-02-13,GME,J,3566,0,1918,OSTK,2026-02-13
2026-02-13,GME,J,2418,1,1645,OSTK,2026-02-20
2026-02-13,GME,J,218,0,202,OSTK,2026-02-27
2026-02-13,GME,J,137,0,125,OSTK,2026-03-06
2026-02-13,GME,J,11,0,11,OSTK,2026-03-13
2026-02-13,GME,J,426,0,390,OSTK,2026-03-20
2026-02-13,GME,J,157,0,157,OSTK,2026-03-27
2026-02-13,GME,J,5,0,5,OSTK,2026-04-02
2026-02-13,GME,J,226,0,224,OSTK,2026-04-17
2026-02-13,GME,J,3,0,3,OSTK,2026-06-18
2026-02-13,GME,J,45,0,45,OSTK,2026-10-16
2026-02-13,GME,J,104,0,102,OSTK,2027-01-15
2026-02-13,GME,J,3,0,3,OSTK,2028-01-21
2026-02-13,GME,L,2772,0,2582,OSTK,2026-02-13
2026-02-13,GME,L,2313,29,2152,OSTK,2026-02-20
2026-02-13,GME,L,580,0,580,OSTK,2026-02-27
2026-02-13,GME,L,65,0,65,OSTK,2026-03-06
2026-02-13,GME,L,86,0,86,OSTK,2026-03-13
2026-02-13,GME,L,312,0,268,OSTK,2026-03-20
2026-02-13,GME,L,21,0,21,OSTK,2026-03-27
2026-02-13,GME,L,9,0,9,OSTK,2026-04-02
2026-02-13,GME,L,188,0,142,OSTK,2026-04-17
2026-02-13,GME,L,7,0,7,OSTK,2026-06-18
2026-02-13,GME,L,167,0,167,OSTK,2026-07-17
2026-02-13,GME,L,26,0,26,OSTK,2026-09-18
2026-02-13,GME,L,0,0,8,OSTK,2026-10-16
2026-02-13,GME,L,7,0,7,OSTK,2026-12-18
2026-02-13,GME,L,63,0,63,OSTK,2027-01-15
2026-02-13,GME,L,3,0,3,OSTK,2027-12-17
2026-02-13,GME,L,1,0,1,OSTK,2028-01-21
2026-02-13,GME,L,5,0,5,OSTK,2028-12-15
2026-02-13,GME,M,5101,0,4887,OSTK,2026-02-13
2026-02-13,GME,M,6028,28,5934,OSTK,2026-02-20
2026-02-13,GME,M,1069,0,1067,OSTK,2026-02-27
2026-02-13,GME,M,485,0,483,OSTK,2026-03-06
2026-02-13,GME,M,105,0,105,OSTK,2026-03-13
2026-02-13,GME,M,1936,0,1916,OSTK,2026-03-20
2026-02-13,GME,M,55,0,55,OSTK,2026-03-27
2026-02-13,GME,M,11,0,11,OSTK,2026-04-17
2026-02-13,GME,M,52,0,52,OSTK,2026-06-18
2026-02-13,GME,M,6,0,6,OSTK,2026-07-17
2026-02-13,GME,M,22,0,22,OSTK,2026-09-18
2026-02-13,GME,M,32,0,32,OSTK,2026-10-16
2026-02-13,GME,M,17,0,17,OSTK,2026-12-18
2026-02-13,GME,M,17,0,17,OSTK,2027-01-15
2026-02-13,GME,M,4,0,4,OSTK,2027-09-17
2026-02-13,GME,M,36,0,36,OSTK,2027-12-17
2026-02-13,GME,M,6,0,6,OSTK,2028-01-21
2026-02-13,GME,M,1,0,1,OSTK,2028-06-16
2026-02-13,GME,M,9,0,9,OSTK,2028-12-15
2026-02-13,GME,P,8408,0,2892,OSTK,2026-02-13
2026-02-13,GME,P,4611,64,3669,OSTK,2026-02-20
2026-02-13,GME,P,849,0,677,OSTK,2026-02-27
2026-02-13,GME,P,453,0,369,OSTK,2026-03-06
2026-02-13,GME,P,188,0,166,OSTK,2026-03-13
2026-02-13,GME,P,1147,0,949,OSTK,2026-03-20
2026-02-13,GME,P,62,0,54,OSTK,2026-03-27
2026-02-13,GME,P,55,0,41,OSTK,2026-04-02
2026-02-13,GME,P,6,0,6,OSTK,2026-04-17
2026-02-13,GME,P,5,0,5,OSTK,2026-06-18
2026-02-13,GME,P,135,0,135,OSTK,2026-07-17
2026-02-13,GME,P,25,0,25,OSTK,2026-09-18
2026-02-13,GME,P,2,0,2,OSTK,2026-10-16
2026-02-13,GME,P,49,0,49,OSTK,2026-12-18
2026-02-13,GME,P,3,0,3,OSTK,2027-01-15
2026-02-13,GME,P,40,0,34,OSTK,2027-09-17
2026-02-13,GME,P,23,0,23,OSTK,2027-12-17
2026-02-13,GME,P,1,0,1,OSTK,2028-01-21
2026-02-13,GME,P,23,0,23,OSTK,2028-06-16
2026-02-13,GME,P,31,0,31,OSTK,2028-12-15
2026-02-13,GME,Q,859,0,1027,OSTK,2026-02-13
2026-02-13,GME,Q,738,106,928,OSTK,2026-02-20
2026-02-13,GME,Q,162,0,210,OSTK,2026-02-27
2026-02-13,GME,Q,8,0,6,OSTK,2026-03-06
2026-02-13,GME,Q,43,0,43,OSTK,2026-03-13
2026-02-13,GME,Q,129,0,131,OSTK,2026-03-20
2026-02-13,GME,Q,2,0,2,OSTK,2026-03-27
2026-02-13,GME,Q,0,0,66,OSTK,2026-04-02
2026-02-13,GME,Q,5,0,5,OSTK,2026-04-17
2026-02-13,GME,Q,7,0,9,OSTK,2026-06-18
2026-02-13,GME,Q,1,0,1,OSTK,2026-09-18
2026-02-13,GME,Q,10,0,10,OSTK,2027-01-15
2026-02-13,GME,Q,1,0,1,OSTK,2027-09-17
2026-02-13,GME,Q,2,0,84,OSTK,2027-12-17
2026-02-13,GME,Q,2,0,2,OSTK,2028-12-15
2026-02-13,GME,R,1995,0,1541,OSTK,2026-02-13
2026-02-13,GME,R,3426,53,3625,OSTK,2026-02-20
2026-02-13,GME,R,586,0,770,OSTK,2026-02-27
2026-02-13,GME,R,370,0,384,OSTK,2026-03-06
2026-02-13,GME,R,204,0,204,OSTK,2026-03-13
2026-02-13,GME,R,421,0,835,OSTK,2026-03-20
2026-02-13,GME,R,413,0,413,OSTK,2026-03-27
2026-02-13,GME,R,10,0,10,OSTK,2026-04-02
2026-02-13,GME,R,2,0,2,OSTK,2026-04-17
2026-02-13,GME,R,10,0,10,OSTK,2026-06-18
2026-02-13,GME,R,10,0,10,OSTK,2026-07-17
2026-02-13,GME,R,11,0,11,OSTK,2026-09-18
2026-02-13,GME,R,16,0,16,OSTK,2026-10-16
2026-02-13,GME,R,2,0,2,OSTK,2026-12-18
2026-02-13,GME,R,5,0,5,OSTK,2027-01-15
2026-02-13,GME,R,80,0,80,OSTK,2027-09-17
2026-02-13,GME,R,10,0,10,OSTK,2028-01-21
2026-02-13,GME,R,10,0,10,OSTK,2028-06-16
2026-02-13,GME,R,32,0,32,OSTK,2028-12-15
2026-02-13,GME,T,760,0,758,OSTK,2026-02-13
2026-02-13,GME,T,432,142,636,OSTK,2026-02-20
2026-02-13,GME,T,128,0,134,OSTK,2026-02-27
2026-02-13,GME,T,3,0,1,OSTK,2026-03-06
2026-02-13,GME,T,43,0,43,OSTK,2026-03-20
2026-02-13,GME,T,4,0,4,OSTK,2026-03-27
2026-02-13,GME,T,17,0,17,OSTK,2026-04-17
2026-02-13,GME,T,1,0,1,OSTK,2026-06-18
2026-02-13,GME,T,32,0,32,OSTK,2026-10-16
2026-02-13,GME,T,1,0,1,OSTK,2026-12-18
2026-02-13,GME,T,0,0,6,OSTK,2027-09-17
2026-02-13,GME,U,1820,0,1710,OSTK,2026-02-13
2026-02-13,GME,U,1794,14,2278,OSTK,2026-02-20
2026-02-13,GME,U,447,0,455,OSTK,2026-02-27
2026-02-13,GME,U,108,0,128,OSTK,2026-03-06
2026-02-13,GME,U,67,0,67,OSTK,2026-03-13
2026-02-13,GME,U,402,0,412,OSTK,2026-03-20
2026-02-13,GME,U,5,0,5,OSTK,2026-03-27
2026-02-13,GME,U,1,0,1,OSTK,2026-04-02
2026-02-13,GME,U,1007,0,1007,OSTK,2026-04-17
2026-02-13,GME,U,115,0,115,OSTK,2026-06-18
2026-02-13,GME,U,25,0,25,OSTK,2026-07-17
2026-02-13,GME,U,18,0,18,OSTK,2026-10-16
2026-02-13,GME,U,3,0,3,OSTK,2026-12-18
2026-02-13,GME,U,24,0,24,OSTK,2027-01-15
2026-02-13,GME,U,5,0,5,OSTK,2027-09-17
2026-02-13,GME,U,1,0,1,OSTK,2028-12-15
2026-02-13,GME,W,3100,0,3220,OSTK,2026-02-13
2026-02-13,GME,W,2534,408,3296,OSTK,2026-02-20
2026-02-13,GME,W,359,0,359,OSTK,2026-02-27
2026-02-13,GME,W,19,0,17,OSTK,2026-03-06
2026-02-13,GME,W,9,0,9,OSTK,2026-03-13
2026-02-13,GME,W,27,0,29,OSTK,2026-03-20
2026-02-13,GME,W,4,0,4,OSTK,2026-03-27
2026-02-13,GME,W,2,0,2,OSTK,2026-04-02
2026-02-13,GME,W,43,0,43,OSTK,2026-04-17
2026-02-13,GME,W,41,0,41,OSTK,2026-06-18
2026-02-13,GME,W,10,0,10,OSTK,2026-10-16
2026-02-13,GME,W,1,0,1,OSTK,2026-12-18
2026-02-13,GME,W,2,0,24,OSTK,2027-12-17
2026-02-13,GME,X,12358,0,10506,OSTK,2026-02-13
2026-02-13,GME,X,12178,38,9154,OSTK,2026-02-20
2026-02-13,GME,X,1374,0,1248,OSTK,2026-02-27
2026-02-13,GME,X,434,0,428,OSTK,2026-03-06
2026-02-13,GME,X,160,0,158,OSTK,2026-03-13
2026-02-13,GME,X,1722,0,1632,OSTK,2026-03-20
2026-02-13,GME,X,166,0,166,OSTK,2026-03-27
2026-02-13,GME,X,5,0,5,OSTK,2026-04-02
2026-02-13,GME,X,4,0,4,OSTK,2026-04-17
2026-02-13,GME,X,7,0,7,OSTK,2026-06-18
2026-02-13,GME,X,244,0,244,OSTK,2026-07-17
2026-02-13,GME,X,3,0,3,OSTK,2026-09-18
2026-02-13,GME,X,1,0,1,OSTK,2026-10-16
2026-02-13,GME,X,46,0,46,OSTK,2026-12-18
2026-02-13,GME,X,23,0,23,OSTK,2027-01-15
2026-02-13,GME,X,9,0,9,OSTK,2027-09-17
2026-02-13,GME,X,22,0,22,OSTK,2027-12-17
2026-02-13,GME,X,44,0,44,OSTK,2028-01-21
2026-02-13,GME,X,20,0,20,OSTK,2028-06-16
2026-02-13,GME,X,14,0,14,OSTK,2028-12-15
2026-02-13,GME,Z,2338,0,1972,OSTK,2026-02-13
2026-02-13,GME,Z,1747,66,1829,OSTK,2026-02-20
2026-02-13,GME,Z,337,0,341,OSTK,2026-02-27
2026-02-13,GME,Z,153,0,119,OSTK,2026-03-06
2026-02-13,GME,Z,123,0,123,OSTK,2026-03-13
2026-02-13,GME,Z,381,0,391,OSTK,2026-03-20
2026-02-13,GME,Z,6,0,6,OSTK,2026-03-27
2026-02-13,GME,Z,7,0,7,OSTK,2026-04-02
2026-02-13,GME,Z,1,0,1,OSTK,2026-04-17
2026-02-13,GME,Z,1,0,1,OSTK,2026-06-18
2026-02-13,GME,Z,83,0,83,OSTK,2026-07-17
2026-02-13,GME,Z,5,0,5,OSTK,2026-09-18
2026-02-13,GME,Z,31,0,31,OSTK,2026-10-16
2026-02-13,GME,Z,24,0,24,OSTK,2026-12-18
2026-02-13,GME,Z,2,0,2,OSTK,2027-01-15
2026-02-13,GME,Z,15,0,15,OSTK,2027-09-17
2026-02-13,GME,Z,2,0,2,OSTK,2027-12-17
2026-02-13,GME,Z,7,0,7,OSTK,2028-01-21
2026-02-13,GME,Z,6,0,6,OSTK,2028-06-16
2026-02-13,GME,Z,12,0,12,OSTK,2028-12-15
2026-02-17,GME,A,5513,0,5463,OSTK,2026-02-20
2026-02-17,GME,A,1685,0,1677,OSTK,2026-02-27
2026-02-17,GME,A,538,0,536,OSTK,2026-03-06
2026-02-17,GME,A,69,0,69,OSTK,2026-03-13
2026-02-17,GME,A,2261,0,2231,OSTK,2026-03-20
2026-02-17,GME,A,14,0,14,OSTK,2026-03-27
2026-02-17,GME,A,20,0,20,OSTK,2026-04-02
2026-02-17,GME,A,4,0,4,OSTK,2026-04-17
2026-02-17,GME,A,4,0,4,OSTK,2026-06-18
2026-02-17,GME,A,84,0,84,OSTK,2026-07-17
2026-02-17,GME,A,15,0,15,OSTK,2026-09-18
2026-02-17,GME,A,27,0,27,OSTK,2026-10-16
2026-02-17,GME,A,42,0,42,OSTK,2026-12-18
2026-02-17,GME,A,3,0,3,OSTK,2027-01-15
2026-02-17,GME,A,1,0,1,OSTK,2027-09-17
2026-02-17,GME,B,1752,0,1770,OSTK,2026-02-20
2026-02-17,GME,B,568,0,568,OSTK,2026-02-27
2026-02-17,GME,B,110,2,106,OSTK,2026-03-06
2026-02-17,GME,B,25,0,45,OSTK,2026-03-13
2026-02-17,GME,B,1558,0,1618,OSTK,2026-03-20
2026-02-17,GME,B,202,0,202,OSTK,2026-03-27
2026-02-17,GME,B,6,0,6,OSTK,2026-04-02
2026-02-17,GME,B,1,0,1,OSTK,2026-04-17
2026-02-17,GME,B,12,0,12,OSTK,2026-06-18
2026-02-17,GME,B,103,0,103,OSTK,2026-07-17
2026-02-17,GME,B,7,0,7,OSTK,2026-09-18
2026-02-17,GME,B,253,0,253,OSTK,2026-10-16
2026-02-17,GME,B,3,0,3,OSTK,2026-12-18
2026-02-17,GME,B,1,0,1,OSTK,2027-01-15
2026-02-17,GME,B,2,0,2,OSTK,2027-09-17
2026-02-17,GME,B,15,0,15,OSTK,2027-12-17
2026-02-17,GME,B,49,0,47,OSTK,2028-01-21
2026-02-17,GME,B,3,0,3,OSTK,2028-12-15
2026-02-17,GME,C,7300,0,6154,OSTK,2026-02-20
2026-02-17,GME,C,3028,0,2770,OSTK,2026-02-27
2026-02-17,GME,C,983,11,930,OSTK,2026-03-06
2026-02-17,GME,C,159,0,159,OSTK,2026-03-13
2026-02-17,GME,C,3019,0,2863,OSTK,2026-03-20
2026-02-17,GME,C,93,0,93,OSTK,2026-03-27
2026-02-17,GME,C,91,0,81,OSTK,2026-04-02
2026-02-17,GME,C,1218,0,1162,OSTK,2026-04-17
2026-02-17,GME,C,5,0,5,OSTK,2026-06-18
2026-02-17,GME,C,129,0,129,OSTK,2026-07-17
2026-02-17,GME,C,39,0,39,OSTK,2026-09-18
2026-02-17,GME,C,353,0,355,OSTK,2026-10-16
2026-02-17,GME,C,75,0,75,OSTK,2026-12-18
2026-02-17,GME,C,5,0,5,OSTK,2027-01-15
2026-02-17,GME,C,10,0,10,OSTK,2027-09-17
2026-02-17,GME,C,7,0,7,OSTK,2027-12-17
2026-02-17,GME,C,13,0,13,OSTK,2028-01-21
2026-02-17,GME,C,54,0,54,OSTK,2028-12-15
2026-02-17,GME,D,4048,0,2378,OSTK,2026-02-20
2026-02-17,GME,D,885,0,745,OSTK,2026-02-27
2026-02-17,GME,D,331,0,299,OSTK,2026-03-06
2026-02-17,GME,D,160,0,194,OSTK,2026-03-13
2026-02-17,GME,D,1686,0,1446,OSTK,2026-03-20
2026-02-17,GME,D,54,0,108,OSTK,2026-03-27
2026-02-17,GME,D,90,0,80,OSTK,2026-04-02
2026-02-17,GME,D,488,0,548,OSTK,2026-04-17
2026-02-17,GME,D,573,0,495,OSTK,2026-06-18
2026-02-17,GME,D,26,0,26,OSTK,2026-07-17
2026-02-17,GME,D,50,0,50,OSTK,2026-09-18
2026-02-17,GME,D,12,0,12,OSTK,2026-10-16
2026-02-17,GME,D,8,0,8,OSTK,2026-12-18
2026-02-17,GME,D,74,4,66,OSTK,2027-01-15
2026-02-17,GME,D,5,0,5,OSTK,2027-09-17
2026-02-17,GME,D,79,0,79,OSTK,2027-12-17
2026-02-17,GME,D,89,0,89,OSTK,2028-01-21
2026-02-17,GME,D,22,0,22,OSTK,2028-12-15
2026-02-17,GME,E,1528,0,1550,OSTK,2026-02-20
2026-02-17,GME,E,493,0,493,OSTK,2026-02-27
2026-02-17,GME,E,32,0,30,OSTK,2026-03-06
2026-02-17,GME,E,19,0,19,OSTK,2026-03-13
2026-02-17,GME,E,1174,0,1174,OSTK,2026-03-20
2026-02-17,GME,E,5,0,5,OSTK,2026-03-27
2026-02-17,GME,E,38,0,38,OSTK,2026-04-02
2026-02-17,GME,E,187,0,187,OSTK,2026-04-17
2026-02-17,GME,E,43,0,43,OSTK,2026-06-18
2026-02-17,GME,E,3,0,3,OSTK,2026-07-17
2026-02-17,GME,E,5,0,5,OSTK,2026-09-18
2026-02-17,GME,E,4,0,4,OSTK,2026-10-16
2026-02-17,GME,E,2,0,2,OSTK,2026-12-18
2026-02-17,GME,E,5,0,5,OSTK,2027-01-15
2026-02-17,GME,E,8,0,6,OSTK,2027-12-17
2026-02-17,GME,E,3,0,1,OSTK,2028-01-21
2026-02-17,GME,H,4243,0,1827,OSTK,2026-02-20
2026-02-17,GME,H,951,0,887,OSTK,2026-02-27
2026-02-17,GME,H,379,1,358,OSTK,2026-03-06
2026-02-17,GME,H,423,0,411,OSTK,2026-03-13
2026-02-17,GME,H,790,0,728,OSTK,2026-03-20
2026-02-17,GME,H,43,0,39,OSTK,2026-03-27
2026-02-17,GME,H,29,0,19,OSTK,2026-04-02
2026-02-17,GME,H,3,0,1,OSTK,2026-04-17
2026-02-17,GME,H,77,0,55,OSTK,2026-06-18
2026-02-17,GME,H,10,0,10,OSTK,2026-07-17
2026-02-17,GME,H,28,0,28,OSTK,2026-09-18
2026-02-17,GME,H,15,0,15,OSTK,2026-10-16
2026-02-17,GME,H,10,0,10,OSTK,2026-12-18
2026-02-17,GME,H,142,0,142,OSTK,2027-01-15
2026-02-17,GME,H,2,0,4,OSTK,2027-09-17
2026-02-17,GME,H,20,0,0,OSTK,2027-12-17
2026-02-17,GME,H,3,0,3,OSTK,2028-01-21
2026-02-17,GME,H,8,0,8,OSTK,2028-12-15
2026-02-17,GME,I,2392,0,2404,OSTK,2026-02-20
2026-02-17,GME,I,650,0,644,OSTK,2026-02-27
2026-02-17,GME,I,215,2,219,OSTK,2026-03-06
2026-02-17,GME,I,567,0,567,OSTK,2026-03-13
2026-02-17,GME,I,913,0,879,OSTK,2026-03-20
2026-02-17,GME,I,233,0,233,OSTK,2026-03-27
2026-02-17,GME,I,7,0,7,OSTK,2026-04-02
2026-02-17,GME,I,564,0,564,OSTK,2026-04-17
2026-02-17,GME,I,410,0,410,OSTK,2026-06-18
2026-02-17,GME,I,85,0,85,OSTK,2026-07-17
2026-02-17,GME,I,91,0,91,OSTK,2026-09-18
2026-02-17,GME,I,348,0,348,OSTK,2026-10-16
2026-02-17,GME,I,15,0,15,OSTK,2026-12-18
2026-02-17,GME,I,25,0,25,OSTK,2027-01-15
2026-02-17,GME,I,86,0,84,OSTK,2027-12-17
2026-02-17,GME,I,84,0,82,OSTK,2028-01-21
2026-02-17,GME,I,4,0,4,OSTK,2028-12-15
2026-02-17,GME,J,3134,0,1322,OSTK,2026-02-20
2026-02-17,GME,J,640,0,474,OSTK,2026-02-27
2026-02-17,GME,J,154,0,84,OSTK,2026-03-06
2026-02-17,GME,J,34,0,34,OSTK,2026-03-13
2026-02-17,GME,J,768,0,584,OSTK,2026-03-20
2026-02-17,GME,J,79,0,79,OSTK,2026-03-27
2026-02-17,GME,J,4,0,0,OSTK,2026-04-02
2026-02-17,GME,J,118,0,100,OSTK,2026-04-17
2026-02-17,GME,J,121,0,107,OSTK,2026-06-18
2026-02-17,GME,J,1,0,1,OSTK,2026-09-18
2026-02-17,GME,J,1,0,1,OSTK,2026-10-16
2026-02-17,GME,J,17,6,23,OSTK,2027-01-15
2026-02-17,GME,J,2,0,2,OSTK,2028-01-21
2026-02-17,GME,L,1672,0,1478,OSTK,2026-02-20
2026-02-17,GME,L,1052,0,1018,OSTK,2026-02-27
2026-02-17,GME,L,109,0,105,OSTK,2026-03-06
2026-02-17,GME,L,198,0,198,OSTK,2026-03-13
2026-02-17,GME,L,613,0,657,OSTK,2026-03-20
2026-02-17,GME,L,65,0,65,OSTK,2026-03-27
2026-02-17,GME,L,11,0,81,OSTK,2026-04-02
2026-02-17,GME,L,470,0,446,OSTK,2026-04-17
2026-02-17,GME,L,62,0,62,OSTK,2026-06-18
2026-02-17,GME,L,15,0,15,OSTK,2026-07-17
2026-02-17,GME,L,5,0,5,OSTK,2026-09-18
2026-02-17,GME,L,205,0,205,OSTK,2026-10-16
2026-02-17,GME,L,34,0,34,OSTK,2027-01-15
2026-02-17,GME,L,7,0,7,OSTK,2027-12-17
2026-02-17,GME,L,3,0,3,OSTK,2028-01-21
2026-02-17,GME,L,2,0,2,OSTK,2028-12-15
2026-02-17,GME,M,7371,0,6985,OSTK,2026-02-20
2026-02-17,GME,M,1695,0,1623,OSTK,2026-02-27
2026-02-17,GME,M,460,0,416,OSTK,2026-03-06
2026-02-17,GME,M,44,0,44,OSTK,2026-03-13
2026-02-17,GME,M,2186,0,2152,OSTK,2026-03-20
2026-02-17,GME,M,22,0,22,OSTK,2026-03-27
2026-02-17,GME,M,17,0,17,OSTK,2026-04-02
2026-02-17,GME,M,25,0,25,OSTK,2026-04-17
2026-02-17,GME,M,318,0,316,OSTK,2026-06-18
2026-02-17,GME,M,4,0,4,OSTK,2026-09-18
2026-02-17,GME,M,66,0,66,OSTK,2026-10-16
2026-02-17,GME,M,14,0,14,OSTK,2026-12-18
2026-02-17,GME,M,2,0,2,OSTK,2027-01-15
2026-02-17,GME,M,6,0,6,OSTK,2027-09-17
2026-02-17,GME,M,35,0,31,OSTK,2027-12-17
2026-02-17,GME,M,8,0,4,OSTK,2028-01-21
2026-02-17,GME,M,4,0,4,OSTK,2028-12-15
2026-02-17,GME,P,4960,0,3466,OSTK,2026-02-20
2026-02-17,GME,P,1868,0,1440,OSTK,2026-02-27
2026-02-17,GME,P,463,0,321,OSTK,2026-03-06
2026-02-17,GME,P,139,0,109,OSTK,2026-03-13
2026-02-17,GME,P,2027,0,1831,OSTK,2026-03-20
2026-02-17,GME,P,84,0,72,OSTK,2026-03-27
2026-02-17,GME,P,93,0,83,OSTK,2026-04-02
2026-02-17,GME,P,10,0,10,OSTK,2026-04-17
2026-02-17,GME,P,1,0,1,OSTK,2026-06-18
2026-02-17,GME,P,62,0,62,OSTK,2026-07-17
2026-02-17,GME,P,5,0,5,OSTK,2026-09-18
2026-02-17,GME,P,1580,0,1580,OSTK,2026-10-16
2026-02-17,GME,P,16,0,16,OSTK,2026-12-18
2026-02-17,GME,P,4,0,4,OSTK,2027-01-15
2026-02-17,GME,P,25,0,25,OSTK,2027-09-17
2026-02-17,GME,P,3,0,3,OSTK,2027-12-17
2026-02-17,GME,P,23,0,23,OSTK,2028-01-21
2026-02-17,GME,P,8,0,8,OSTK,2028-06-16
2026-02-17,GME,P,22,0,22,OSTK,2028-12-15
2026-02-17,GME,Q,2012,0,2868,OSTK,2026-02-20
2026-02-17,GME,Q,312,0,818,OSTK,2026-02-27
2026-02-17,GME,Q,55,1,50,OSTK,2026-03-06
2026-02-17,GME,Q,2,0,158,OSTK,2026-03-13
2026-02-17,GME,Q,1794,0,2452,OSTK,2026-03-20
2026-02-17,GME,Q,2,0,42,OSTK,2026-04-02
2026-02-17,GME,Q,300,0,300,OSTK,2026-04-17
2026-02-17,GME,Q,21,0,37,OSTK,2026-06-18
2026-02-17,GME,Q,1,0,1,OSTK,2026-07-17
2026-02-17,GME,Q,1,0,1,OSTK,2026-10-16
2026-02-17,GME,Q,5,0,5,OSTK,2027-01-15
2026-02-17,GME,Q,13,0,17,OSTK,2027-12-17
2026-02-17,GME,Q,67,0,67,OSTK,2028-01-21
2026-02-17,GME,Q,1,0,1,OSTK,2028-06-16
2026-02-17,GME,R,3233,0,3739,OSTK,2026-02-20
2026-02-17,GME,R,795,0,759,OSTK,2026-02-27
2026-02-17,GME,R,191,34,219,OSTK,2026-03-06
2026-02-17,GME,R,132,0,122,OSTK,2026-03-13
2026-02-17,GME,R,917,0,1021,OSTK,2026-03-20
2026-02-17,GME,R,36,0,36,OSTK,2026-03-27
2026-02-17,GME,R,8,0,14,OSTK,2026-04-02
2026-02-17,GME,R,472,0,436,OSTK,2026-04-17
2026-02-17,GME,R,45,0,45,OSTK,2026-06-18
2026-02-17,GME,R,10,0,10,OSTK,2026-07-17
2026-02-17,GME,R,10,0,10,OSTK,2026-10-16
2026-02-17,GME,R,6,0,6,OSTK,2026-12-18
2026-02-17,GME,R,1,0,1,OSTK,2027-01-15
2026-02-17,GME,R,2,0,2,OSTK,2027-12-17
2026-02-17,GME,R,2,0,2,OSTK,2028-01-21
2026-02-17,GME,R,10,0,10,OSTK,2028-06-16
2026-02-17,GME,R,9,0,19,OSTK,2028-12-15
2026-02-17,GME,T,1068,0,1198,OSTK,2026-02-20
2026-02-17,GME,T,249,0,245,OSTK,2026-02-27
2026-02-17,GME,T,82,0,78,OSTK,2026-03-06
2026-02-17,GME,T,5,0,5,OSTK,2026-03-13
2026-02-17,GME,T,824,0,846,OSTK,2026-03-20
2026-02-17,GME,T,6,0,6,OSTK,2026-03-27
2026-02-17,GME,T,1,0,1,OSTK,2026-04-02
2026-02-17,GME,T,57,0,57,OSTK,2026-04-17
2026-02-17,GME,T,3,0,3,OSTK,2026-09-18
2026-02-17,GME,T,2,0,2,OSTK,2026-10-16
2026-02-17,GME,U,1925,101,4596,OSTK,2026-02-20
2026-02-17,GME,U,645,0,1155,OSTK,2026-02-27
2026-02-17,GME,U,115,41,150,OSTK,2026-03-06
2026-02-17,GME,U,27,0,27,OSTK,2026-03-13
2026-02-17,GME,U,891,0,1259,OSTK,2026-03-20
2026-02-17,GME,U,28,0,28,OSTK,2026-03-27
2026-02-17,GME,U,4,0,4,OSTK,2026-04-02
2026-02-17,GME,U,155,0,155,OSTK,2026-04-17
2026-02-17,GME,U,42,0,42,OSTK,2026-06-18
2026-02-17,GME,U,215,0,215,OSTK,2026-07-17
2026-02-17,GME,U,3,0,3,OSTK,2026-09-18
2026-02-17,GME,U,30,0,30,OSTK,2026-10-16
2026-02-17,GME,U,1,0,1,OSTK,2026-12-18
2026-02-17,GME,U,17,0,17,OSTK,2027-01-15
2026-02-17,GME,U,50,0,50,OSTK,2027-09-17
2026-02-17,GME,U,10,0,10,OSTK,2028-01-21
2026-02-17,GME,W,4303,0,4615,OSTK,2026-02-20
2026-02-17,GME,W,404,0,404,OSTK,2026-02-27
2026-02-17,GME,W,59,75,118,OSTK,2026-03-06
2026-02-17,GME,W,18,0,18,OSTK,2026-03-13
2026-02-17,GME,W,1077,0,1079,OSTK,2026-03-20
2026-02-17,GME,W,3,0,3,OSTK,2026-03-27
2026-02-17,GME,W,54,0,54,OSTK,2026-04-02
2026-02-17,GME,W,145,0,145,OSTK,2026-04-17
2026-02-17,GME,W,23,0,25,OSTK,2026-06-18
2026-02-17,GME,W,1,0,1,OSTK,2026-09-18
2026-02-17,GME,W,152,0,152,OSTK,2026-10-16
2026-02-17,GME,W,3,0,3,OSTK,2027-01-15
2026-02-17,GME,W,1,0,1,OSTK,2027-12-17
2026-02-17,GME,W,1,0,1,OSTK,2028-01-21
2026-02-17,GME,X,14090,0,12248,OSTK,2026-02-20
2026-02-17,GME,X,2665,0,2445,OSTK,2026-02-27
2026-02-17,GME,X,1438,17,1387,OSTK,2026-03-06
2026-02-17,GME,X,687,0,655,OSTK,2026-03-13
2026-02-17,GME,X,2863,0,2785,OSTK,2026-03-20
2026-02-17,GME,X,22,0,22,OSTK,2026-03-27
2026-02-17,GME,X,46,0,46,OSTK,2026-04-02
2026-02-17,GME,X,10,0,10,OSTK,2026-04-17
2026-02-17,GME,X,1,0,1,OSTK,2026-06-18
2026-02-17,GME,X,25,0,21,OSTK,2026-07-17
2026-02-17,GME,X,15,0,15,OSTK,2026-09-18
2026-02-17,GME,X,12,0,12,OSTK,2026-10-16
2026-02-17,GME,X,48,0,48,OSTK,2026-12-18
2026-02-17,GME,X,4,0,4,OSTK,2027-01-15
2026-02-17,GME,X,32,0,32,OSTK,2027-09-17
2026-02-17,GME,X,54,0,40,OSTK,2027-12-17
2026-02-17,GME,X,123,0,109,OSTK,2028-01-21
2026-02-17,GME,X,3,0,3,OSTK,2028-12-15
2026-02-17,GME,Z,1863,0,2175,OSTK,2026-02-20
2026-02-17,GME,Z,520,0,796,OSTK,2026-02-27
2026-02-17,GME,Z,265,1,260,OSTK,2026-03-06
2026-02-17,GME,Z,88,0,88,OSTK,2026-03-13
2026-02-17,GME,Z,995,0,1081,OSTK,2026-03-20
2026-02-17,GME,Z,38,0,38,OSTK,2026-03-27
2026-02-17,GME,Z,25,0,25,OSTK,2026-04-02
2026-02-17,GME,Z,389,0,369,OSTK,2026-04-17
2026-02-17,GME,Z,91,0,91,OSTK,2026-06-18
2026-02-17,GME,Z,10,0,10,OSTK,2026-07-17
2026-02-17,GME,Z,2,0,2,OSTK,2026-09-18
2026-02-17,GME,Z,9,0,7,OSTK,2026-10-16
2026-02-17,GME,Z,10,0,10,OSTK,2026-12-18
2026-02-17,GME,Z,1,0,1,OSTK,2027-01-15
2026-02-17,GME,Z,9,0,9,OSTK,2027-12-17
2026-02-17,GME,Z,20,0,20,OSTK,2028-01-21
2026-02-18,GME,A,7051,0,7011,OSTK,2026-02-20
2026-02-18,GME,A,1747,10,1743,OSTK,2026-02-27
2026-02-18,GME,A,2658,0,2658,OSTK,2026-03-06
2026-02-18,GME,A,79,0,79,OSTK,2026-03-13
2026-02-18,GME,A,533,0,747,OSTK,2026-03-20
2026-02-18,GME,A,110,0,110,OSTK,2026-03-27
2026-02-18,GME,A,28,0,28,OSTK,2026-04-02
2026-02-18,GME,A,14,0,14,OSTK,2026-04-17
2026-02-18,GME,A,561,0,561,OSTK,2026-06-18
2026-02-18,GME,A,11,0,11,OSTK,2026-07-17
2026-02-18,GME,A,26,0,26,OSTK,2026-09-18
2026-02-18,GME,A,7,0,7,OSTK,2026-10-16
2026-02-18,GME,A,29,0,29,OSTK,2026-12-18
2026-02-18,GME,A,10,0,10,OSTK,2027-01-15
2026-02-18,GME,A,13,0,13,OSTK,2027-09-17
2026-02-18,GME,A,170,0,170,OSTK,2027-12-17
2026-02-18,GME,A,82,0,82,OSTK,2028-01-21
2026-02-18,GME,A,1,0,1,OSTK,2028-12-15
2026-02-18,GME,B,2645,12,2605,OSTK,2026-02-20
2026-02-18,GME,B,576,72,652,OSTK,2026-02-27
2026-02-18,GME,B,382,0,422,OSTK,2026-03-06
2026-02-18,GME,B,149,0,149,OSTK,2026-03-13
2026-02-18,GME,B,510,0,604,OSTK,2026-03-20
2026-02-18,GME,B,141,0,141,OSTK,2026-03-27
2026-02-18,GME,B,53,0,53,OSTK,2026-04-02
2026-02-18,GME,B,10,0,10,OSTK,2026-04-17
2026-02-18,GME,B,7,0,5,OSTK,2026-06-18
2026-02-18,GME,B,2,0,2,OSTK,2026-07-17
2026-02-18,GME,B,5,0,5,OSTK,2026-09-18
2026-02-18,GME,B,146,0,146,OSTK,2026-10-16
2026-02-18,GME,B,140,0,140,OSTK,2026-12-18
2026-02-18,GME,B,8,0,8,OSTK,2027-01-15
2026-02-18,GME,B,1,0,1,OSTK,2027-12-17
2026-02-18,GME,B,1,0,1,OSTK,2028-01-21
2026-02-18,GME,B,3,0,3,OSTK,2028-12-15
2026-02-18,GME,C,6942,0,6410,OSTK,2026-02-20
2026-02-18,GME,C,2911,239,2986,OSTK,2026-02-27
2026-02-18,GME,C,1578,0,1396,OSTK,2026-03-06
2026-02-18,GME,C,412,0,410,OSTK,2026-03-13
2026-02-18,GME,C,2368,0,2174,OSTK,2026-03-20
2026-02-18,GME,C,313,0,263,OSTK,2026-03-27
2026-02-18,GME,C,268,0,266,OSTK,2026-04-02
2026-02-18,GME,C,212,0,210,OSTK,2026-04-17
2026-02-18,GME,C,3,0,3,OSTK,2026-06-18
2026-02-18,GME,C,308,0,308,OSTK,2026-07-17
2026-02-18,GME,C,71,0,71,OSTK,2026-09-18
2026-02-18,GME,C,420,0,418,OSTK,2026-10-16
2026-02-18,GME,C,97,0,97,OSTK,2026-12-18
2026-02-18,GME,C,486,0,478,OSTK,2027-01-15
2026-02-18,GME,C,1,0,1,OSTK,2027-09-17
2026-02-18,GME,C,3,0,3,OSTK,2027-12-17
2026-02-18,GME,C,24,0,24,OSTK,2028-01-21
2026-02-18,GME,C,6,0,2,OSTK,2028-06-16
2026-02-18,GME,C,14,0,14,OSTK,2028-12-15
2026-02-18,GME,D,3901,0,3085,OSTK,2026-02-20
2026-02-18,GME,D,1142,23,1067,OSTK,2026-02-27
2026-02-18,GME,D,1957,0,1883,OSTK,2026-03-06
2026-02-18,GME,D,103,0,81,OSTK,2026-03-13
2026-02-18,GME,D,620,0,414,OSTK,2026-03-20
2026-02-18,GME,D,64,0,64,OSTK,2026-03-27
2026-02-18,GME,D,22,0,22,OSTK,2026-04-02
2026-02-18,GME,D,277,0,265,OSTK,2026-04-17
2026-02-18,GME,D,290,0,290,OSTK,2026-06-18
2026-02-18,GME,D,4,0,2,OSTK,2026-07-17
2026-02-18,GME,D,8,0,8,OSTK,2026-09-18
2026-02-18,GME,D,15,0,15,OSTK,2026-10-16
2026-02-18,GME,D,10,0,10,OSTK,2026-12-18
2026-02-18,GME,D,50,0,50,OSTK,2027-01-15
2026-02-18,GME,D,16,0,16,OSTK,2027-09-17
2026-02-18,GME,D,5,0,5,OSTK,2027-12-17
2026-02-18,GME,D,6,0,4,OSTK,2028-01-21
2026-02-18,GME,D,2,0,2,OSTK,2028-12-15
2026-02-18,GME,E,1869,170,2129,OSTK,2026-02-20
2026-02-18,GME,E,279,20,299,OSTK,2026-02-27
2026-02-18,GME,E,414,0,436,OSTK,2026-03-06
2026-02-18,GME,E,27,0,27,OSTK,2026-03-13
2026-02-18,GME,E,298,0,416,OSTK,2026-03-20
2026-02-18,GME,E,31,0,31,OSTK,2026-03-27
2026-02-18,GME,E,11,0,11,OSTK,2026-04-02
2026-02-18,GME,E,84,0,84,OSTK,2026-04-17
2026-02-18,GME,E,4,0,4,OSTK,2026-06-18
2026-02-18,GME,E,1,0,1,OSTK,2026-09-18
2026-02-18,GME,E,3,0,3,OSTK,2026-10-16
2026-02-18,GME,E,1,0,1,OSTK,2026-12-18
2026-02-18,GME,E,2,0,2,OSTK,2027-01-15
2026-02-18,GME,E,3,0,3,OSTK,2027-12-17
2026-02-18,GME,E,1,0,1,OSTK,2028-01-21
2026-02-18,GME,H,2949,0,1721,OSTK,2026-02-20
2026-02-18,GME,H,1169,0,1077,OSTK,2026-02-27
2026-02-18,GME,H,2944,0,2880,OSTK,2026-03-06
2026-02-18,GME,H,87,0,81,OSTK,2026-03-13
2026-02-18,GME,H,1041,0,1031,OSTK,2026-03-20
2026-02-18,GME,H,58,0,58,OSTK,2026-03-27
2026-02-18,GME,H,22,0,22,OSTK,2026-04-02
2026-02-18,GME,H,7,0,7,OSTK,2026-04-17
2026-02-18,GME,H,1,0,1,OSTK,2026-06-18
2026-02-18,GME,H,10,0,10,OSTK,2026-07-17
2026-02-18,GME,H,3,0,3,OSTK,2026-09-18
2026-02-18,GME,H,184,0,184,OSTK,2026-10-16
2026-02-18,GME,H,7,0,7,OSTK,2026-12-18
2026-02-18,GME,H,17,0,17,OSTK,2027-01-15
2026-02-18,GME,H,4,0,4,OSTK,2027-09-17
2026-02-18,GME,H,21,0,21,OSTK,2027-12-17
2026-02-18,GME,H,6,0,6,OSTK,2028-01-21
2026-02-18,GME,H,4,0,4,OSTK,2028-12-15
2026-02-18,GME,I,2113,0,2059,OSTK,2026-02-20
2026-02-18,GME,I,960,8,946,OSTK,2026-02-27
2026-02-18,GME,I,980,0,992,OSTK,2026-03-06
2026-02-18,GME,I,49,0,49,OSTK,2026-03-13
2026-02-18,GME,I,290,0,292,OSTK,2026-03-20
2026-02-18,GME,I,17,0,17,OSTK,2026-03-27
2026-02-18,GME,I,10,0,10,OSTK,2026-04-02
2026-02-18,GME,I,315,0,315,OSTK,2026-04-17
2026-02-18,GME,I,92,0,92,OSTK,2026-06-18
2026-02-18,GME,I,126,0,126,OSTK,2026-07-17
2026-02-18,GME,I,8,0,8,OSTK,2026-09-18
2026-02-18,GME,I,166,0,166,OSTK,2026-10-16
2026-02-18,GME,I,55,0,55,OSTK,2026-12-18
2026-02-18,GME,I,5,0,5,OSTK,2027-01-15
2026-02-18,GME,I,12,0,12,OSTK,2027-09-17
2026-02-18,GME,I,8,0,4,OSTK,2027-12-17
2026-02-18,GME,I,14,0,10,OSTK,2028-01-21
2026-02-18,GME,I,1,0,1,OSTK,2028-06-16
2026-02-18,GME,I,1,0,1,OSTK,2028-12-15
2026-02-18,GME,J,4874,0,2708,OSTK,2026-02-20
2026-02-18,GME,J,1427,1,926,OSTK,2026-02-27
2026-02-18,GME,J,158,0,114,OSTK,2026-03-06
2026-02-18,GME,J,20,0,12,OSTK,2026-03-13
2026-02-18,GME,J,455,0,443,OSTK,2026-03-20
2026-02-18,GME,J,37,0,37,OSTK,2026-03-27
2026-02-18,GME,J,219,0,215,OSTK,2026-04-17
2026-02-18,GME,J,19,0,19,OSTK,2026-06-18
2026-02-18,GME,J,10,0,10,OSTK,2026-09-18
2026-02-18,GME,J,1,0,1,OSTK,2026-12-18
2026-02-18,GME,J,23,0,23,OSTK,2027-01-15
2026-02-18,GME,J,1,0,1,OSTK,2028-12-15
2026-02-18,GME,L,1856,0,1640,OSTK,2026-02-20
2026-02-18,GME,L,708,3,719,OSTK,2026-02-27
2026-02-18,GME,L,748,0,738,OSTK,2026-03-06
2026-02-18,GME,L,38,0,38,OSTK,2026-03-13
2026-02-18,GME,L,625,0,693,OSTK,2026-03-20
2026-02-18,GME,L,11,0,11,OSTK,2026-03-27
2026-02-18,GME,L,97,0,97,OSTK,2026-04-02
2026-02-18,GME,L,2,0,2,OSTK,2026-04-17
2026-02-18,GME,L,539,0,539,OSTK,2026-06-18
2026-02-18,GME,L,1201,0,1201,OSTK,2026-07-17
2026-02-18,GME,L,15,0,15,OSTK,2026-10-16
2026-02-18,GME,L,6,0,6,OSTK,2026-12-18
2026-02-18,GME,L,34,0,34,OSTK,2027-01-15
2026-02-18,GME,L,92,0,92,OSTK,2027-12-17
2026-02-18,GME,L,3,0,3,OSTK,2028-01-21
2026-02-18,GME,L,1,0,1,OSTK,2028-12-15
2026-02-18,GME,M,10425,0,10639,OSTK,2026-02-20
2026-02-18,GME,M,2589,111,2672,OSTK,2026-02-27
2026-02-18,GME,M,1500,0,1486,OSTK,2026-03-06
2026-02-18,GME,M,218,0,204,OSTK,2026-03-13
2026-02-18,GME,M,1487,0,1455,OSTK,2026-03-20
2026-02-18,GME,M,94,0,94,OSTK,2026-03-27
2026-02-18,GME,M,27,0,27,OSTK,2026-04-02
2026-02-18,GME,M,51,0,51,OSTK,2026-04-17
2026-02-18,GME,M,4,0,4,OSTK,2026-06-18
2026-02-18,GME,M,153,0,153,OSTK,2026-07-17
2026-02-18,GME,M,8,0,8,OSTK,2026-09-18
2026-02-18,GME,M,10,0,10,OSTK,2026-10-16
2026-02-18,GME,M,8,0,8,OSTK,2026-12-18
2026-02-18,GME,M,18,0,18,OSTK,2027-01-15
2026-02-18,GME,M,20,0,20,OSTK,2027-09-17
2026-02-18,GME,M,1,0,1,OSTK,2027-12-17
2026-02-18,GME,M,5,0,5,OSTK,2028-01-21
2026-02-18,GME,M,1,0,1,OSTK,2028-12-15
2026-02-18,GME,P,6266,16,4574,OSTK,2026-02-20
2026-02-18,GME,P,2024,11,2631,OSTK,2026-02-27
2026-02-18,GME,P,717,5,516,OSTK,2026-03-06
2026-02-18,GME,P,233,0,237,OSTK,2026-03-13
2026-02-18,GME,P,2162,0,1824,OSTK,2026-03-20
2026-02-18,GME,P,112,0,88,OSTK,2026-03-27
2026-02-18,GME,P,244,0,244,OSTK,2026-04-02
2026-02-18,GME,P,53,0,53,OSTK,2026-04-17
2026-02-18,GME,P,1,0,1,OSTK,2026-06-18
2026-02-18,GME,P,1514,0,1514,OSTK,2026-07-17
2026-02-18,GME,P,45,0,45,OSTK,2026-09-18
2026-02-18,GME,P,102,0,102,OSTK,2026-10-16
2026-02-18,GME,P,34,0,34,OSTK,2026-12-18
2026-02-18,GME,P,10,0,10,OSTK,2027-01-15
2026-02-18,GME,P,39,0,13,OSTK,2027-09-17
2026-02-18,GME,P,12,0,12,OSTK,2027-12-17
2026-02-18,GME,P,2,0,2,OSTK,2028-01-21
2026-02-18,GME,P,70,0,34,OSTK,2028-06-16
2026-02-18,GME,P,1,0,1,OSTK,2028-12-15
2026-02-18,GME,Q,611,1,928,OSTK,2026-02-20
2026-02-18,GME,Q,328,925,1543,OSTK,2026-02-27
2026-02-18,GME,Q,205,0,619,OSTK,2026-03-06
2026-02-18,GME,Q,9,0,11,OSTK,2026-03-13
2026-02-18,GME,Q,172,0,568,OSTK,2026-03-20
2026-02-18,GME,Q,1,0,11,OSTK,2026-03-27
2026-02-18,GME,Q,1,0,1,OSTK,2026-04-02
2026-02-18,GME,Q,201,0,199,OSTK,2026-04-17
2026-02-18,GME,Q,30,0,32,OSTK,2026-06-18
2026-02-18,GME,Q,1,0,1,OSTK,2026-07-17
2026-02-18,GME,Q,1,0,1,OSTK,2026-09-18
2026-02-18,GME,Q,4,0,4,OSTK,2026-10-16
2026-02-18,GME,Q,293,0,293,OSTK,2027-01-15
2026-02-18,GME,Q,1,0,1,OSTK,2027-09-17
2026-02-18,GME,Q,0,0,12,OSTK,2027-12-17
2026-02-18,GME,R,4663,15,4202,OSTK,2026-02-20
2026-02-18,GME,R,1507,42,3073,OSTK,2026-02-27
2026-02-18,GME,R,632,0,770,OSTK,2026-03-06
2026-02-18,GME,R,184,0,140,OSTK,2026-03-13
2026-02-18,GME,R,995,0,1401,OSTK,2026-03-20
2026-02-18,GME,R,101,0,103,OSTK,2026-03-27
2026-02-18,GME,R,16,0,16,OSTK,2026-04-02
2026-02-18,GME,R,20,0,20,OSTK,2026-04-17
2026-02-18,GME,R,10,0,4,OSTK,2026-06-18
2026-02-18,GME,R,31,0,31,OSTK,2026-07-17
2026-02-18,GME,R,3,0,3,OSTK,2026-09-18
2026-02-18,GME,R,145,0,145,OSTK,2026-10-16
2026-02-18,GME,R,1,0,1,OSTK,2026-12-18
2026-02-18,GME,R,22,0,22,OSTK,2027-01-15
2026-02-18,GME,R,89,0,89,OSTK,2027-12-17
2026-02-18,GME,R,9,0,5,OSTK,2028-01-21
2026-02-18,GME,R,7,0,29,OSTK,2028-12-15
2026-02-18,GME,T,1573,16,1615,OSTK,2026-02-20
2026-02-18,GME,T,177,29,218,OSTK,2026-02-27
2026-02-18,GME,T,180,0,438,OSTK,2026-03-06
2026-02-18,GME,T,5,0,5,OSTK,2026-03-13
2026-02-18,GME,T,76,0,102,OSTK,2026-03-20
2026-02-18,GME,T,0,0,6,OSTK,2026-03-27
2026-02-18,GME,T,4,0,4,OSTK,2026-04-02
2026-02-18,GME,T,5,0,5,OSTK,2026-04-17
2026-02-18,GME,T,18,1,19,OSTK,2026-06-18
2026-02-18,GME,T,2,0,2,OSTK,2026-09-18
2026-02-18,GME,T,1,0,1,OSTK,2026-10-16
2026-02-18,GME,T,3,0,3,OSTK,2027-01-15
2026-02-18,GME,T,0,0,4,OSTK,2027-12-17
2026-02-18,GME,U,1613,73,1814,OSTK,2026-02-20
2026-02-18,GME,U,661,63,2428,OSTK,2026-02-27
2026-02-18,GME,U,2856,12,3682,OSTK,2026-03-06
2026-02-18,GME,U,23,0,33,OSTK,2026-03-13
2026-02-18,GME,U,888,0,1274,OSTK,2026-03-20
2026-02-18,GME,U,27,0,29,OSTK,2026-03-27
2026-02-18,GME,U,45,0,45,OSTK,2026-04-02
2026-02-18,GME,U,1,0,1,OSTK,2026-04-17
2026-02-18,GME,U,646,0,646,OSTK,2026-06-18
2026-02-18,GME,U,6,0,6,OSTK,2026-07-17
2026-02-18,GME,U,14,0,14,OSTK,2026-10-16
2026-02-18,GME,U,2,0,2,OSTK,2026-12-18
2026-02-18,GME,U,112,0,112,OSTK,2027-01-15
2026-02-18,GME,W,1145,209,1314,OSTK,2026-02-20
2026-02-18,GME,W,1198,96,1298,OSTK,2026-02-27
2026-02-18,GME,W,340,12,350,OSTK,2026-03-06
2026-02-18,GME,W,11,0,11,OSTK,2026-03-13
2026-02-18,GME,W,335,0,399,OSTK,2026-03-20
2026-02-18,GME,W,3,0,3,OSTK,2026-03-27
2026-02-18,GME,W,17,0,17,OSTK,2026-04-02
2026-02-18,GME,W,34,0,30,OSTK,2026-04-17
2026-02-18,GME,W,88,0,90,OSTK,2026-06-18
2026-02-18,GME,W,40,0,40,OSTK,2026-10-16
2026-02-18,GME,W,2,0,2,OSTK,2026-12-18
2026-02-18,GME,W,20,0,20,OSTK,2027-01-15
2026-02-18,GME,W,1,0,1,OSTK,2028-01-21
2026-02-18,GME,W,0,0,160,OSTK,2028-12-15
2026-02-18,GME,X,11026,0,9602,OSTK,2026-02-20
2026-02-18,GME,X,2656,4,2494,OSTK,2026-02-27
2026-02-18,GME,X,1871,0,1839,OSTK,2026-03-06
2026-02-18,GME,X,390,0,390,OSTK,2026-03-13
2026-02-18,GME,X,2209,0,2121,OSTK,2026-03-20
2026-02-18,GME,X,433,0,433,OSTK,2026-03-27
2026-02-18,GME,X,29,0,29,OSTK,2026-04-02
2026-02-18,GME,X,35,0,35,OSTK,2026-04-17
2026-02-18,GME,X,16,0,16,OSTK,2026-06-18
2026-02-18,GME,X,38,0,38,OSTK,2026-07-17
2026-02-18,GME,X,114,0,114,OSTK,2026-09-18
2026-02-18,GME,X,54,0,54,OSTK,2026-10-16
2026-02-18,GME,X,43,0,43,OSTK,2026-12-18
2026-02-18,GME,X,21,0,21,OSTK,2027-01-15
2026-02-18,GME,X,1,0,1,OSTK,2027-09-17
2026-02-18,GME,X,100,0,6,OSTK,2027-12-17
2026-02-18,GME,X,22,0,22,OSTK,2028-01-21
2026-02-18,GME,X,1,0,1,OSTK,2028-12-15
2026-02-18,GME,Z,1481,8,1251,OSTK,2026-02-20
2026-02-18,GME,Z,349,12,1367,OSTK,2026-02-27
2026-02-18,GME,Z,1925,0,2189,OSTK,2026-03-06
2026-02-18,GME,Z,106,0,94,OSTK,2026-03-13
2026-02-18,GME,Z,468,0,616,OSTK,2026-03-20
2026-02-18,GME,Z,81,0,81,OSTK,2026-03-27
2026-02-18,GME,Z,95,0,95,OSTK,2026-04-02
2026-02-18,GME,Z,1,0,1,OSTK,2026-04-17
2026-02-18,GME,Z,80,0,80,OSTK,2026-06-18
2026-02-18,GME,Z,12,0,12,OSTK,2026-07-17
2026-02-18,GME,Z,9,0,9,OSTK,2026-09-18
2026-02-18,GME,Z,18,0,18,OSTK,2026-10-16
2026-02-18,GME,Z,9,0,9,OSTK,2026-12-18
2026-02-18,GME,Z,20,0,20,OSTK,2027-01-15
2026-02-18,GME,Z,288,0,286,OSTK,2027-09-17
2026-02-18,GME,Z,0,0,2,OSTK,2027-12-17
2026-02-18,GME,Z,4,0,4,OSTK,2028-01-21
2026-02-18,GME,Z,19,0,21,OSTK,2028-12-15
2026-02-19,GME,A,4042,0,4024,OSTK,2026-02-20
2026-02-19,GME,A,1217,0,1217,OSTK,2026-02-27
2026-02-19,GME,A,850,0,850,OSTK,2026-03-06
2026-02-19,GME,A,45,0,41,OSTK,2026-03-13
2026-02-19,GME,A,347,0,347,OSTK,2026-03-20
2026-02-19,GME,A,293,0,293,OSTK,2026-03-27
2026-02-19,GME,A,11,0,11,OSTK,2026-04-02
2026-02-19,GME,A,709,0,709,OSTK,2026-04-17
2026-02-19,GME,A,10,0,10,OSTK,2026-06-18
2026-02-19,GME,A,57,0,57,OSTK,2026-07-17
2026-02-19,GME,A,42,0,42,OSTK,2026-09-18
2026-02-19,GME,A,105,0,105,OSTK,2026-10-16
2026-02-19,GME,A,45,0,45,OSTK,2026-12-18
2026-02-19,GME,A,2,0,2,OSTK,2027-01-15
2026-02-19,GME,A,50,0,50,OSTK,2027-12-17
2026-02-19,GME,A,2,0,2,OSTK,2028-01-21
2026-02-19,GME,A,41,0,41,OSTK,2028-12-15
2026-02-19,GME,B,2705,0,2727,OSTK,2026-02-20
2026-02-19,GME,B,403,0,403,OSTK,2026-02-27
2026-02-19,GME,B,663,0,665,OSTK,2026-03-06
2026-02-19,GME,B,112,0,112,OSTK,2026-03-13
2026-02-19,GME,B,751,0,751,OSTK,2026-03-20
2026-02-19,GME,B,78,0,78,OSTK,2026-03-27
2026-02-19,GME,B,7,0,7,OSTK,2026-04-02
2026-02-19,GME,B,6,0,6,OSTK,2026-04-17
2026-02-19,GME,B,199,0,199,OSTK,2026-06-18
2026-02-19,GME,B,3,0,3,OSTK,2026-07-17
2026-02-19,GME,B,13,0,13,OSTK,2026-09-18
2026-02-19,GME,B,3,0,3,OSTK,2026-10-16
2026-02-19,GME,B,24,0,24,OSTK,2026-12-18
2026-02-19,GME,B,7,0,7,OSTK,2027-01-15
2026-02-19,GME,B,21,0,21,OSTK,2027-12-17
2026-02-19,GME,B,31,0,31,OSTK,2028-01-21
2026-02-19,GME,B,1,0,1,OSTK,2028-06-16
2026-02-19,GME,B,1,0,1,OSTK,2028-12-15
2026-02-19,GME,C,9899,0,9587,OSTK,2026-02-20
2026-02-19,GME,C,2692,0,2512,OSTK,2026-02-27
2026-02-19,GME,C,1539,0,1491,OSTK,2026-03-06
2026-02-19,GME,C,234,0,232,OSTK,2026-03-13
2026-02-19,GME,C,2505,0,2447,OSTK,2026-03-20
2026-02-19,GME,C,417,0,409,OSTK,2026-03-27
2026-02-19,GME,C,59,0,59,OSTK,2026-04-02
2026-02-19,GME,C,1,0,1,OSTK,2026-04-17
2026-02-19,GME,C,11,0,11,OSTK,2026-06-18
2026-02-19,GME,C,128,0,128,OSTK,2026-07-17
2026-02-19,GME,C,91,0,91,OSTK,2026-09-18
2026-02-19,GME,C,327,0,327,OSTK,2026-10-16
2026-02-19,GME,C,128,0,128,OSTK,2026-12-18
2026-02-19,GME,C,1,0,1,OSTK,2027-01-15
2026-02-19,GME,C,7,0,7,OSTK,2027-09-17
2026-02-19,GME,C,15,0,15,OSTK,2027-12-17
2026-02-19,GME,C,4,0,4,OSTK,2028-01-21
2026-02-19,GME,C,43,0,43,OSTK,2028-12-15
2026-02-19,GME,D,3479,0,2917,OSTK,2026-02-20
2026-02-19,GME,D,955,0,649,OSTK,2026-02-27
2026-02-19,GME,D,1037,0,871,OSTK,2026-03-06
2026-02-19,GME,D,42,0,32,OSTK,2026-03-13
2026-02-19,GME,D,863,0,803,OSTK,2026-03-20
2026-02-19,GME,D,25,0,23,OSTK,2026-03-27
2026-02-19,GME,D,4,0,2,OSTK,2026-04-02
2026-02-19,GME,D,144,0,136,OSTK,2026-04-17
2026-02-19,GME,D,25,0,25,OSTK,2026-06-18
2026-02-19,GME,D,20,0,20,OSTK,2026-07-17
2026-02-19,GME,D,19,0,17,OSTK,2026-09-18
2026-02-19,GME,D,25,0,25,OSTK,2026-10-16
2026-02-19,GME,D,13,0,13,OSTK,2026-12-18
2026-02-19,GME,D,25,0,25,OSTK,2027-01-15
2026-02-19,GME,D,1,0,1,OSTK,2027-09-17
2026-02-19,GME,D,7,0,7,OSTK,2027-12-17
2026-02-19,GME,D,7,0,7,OSTK,2028-01-21
2026-02-19,GME,D,4,0,4,OSTK,2028-06-16
2026-02-19,GME,D,4,0,4,OSTK,2028-12-15
2026-02-19,GME,E,1124,0,1102,OSTK,2026-02-20
2026-02-19,GME,E,172,0,172,OSTK,2026-02-27
2026-02-19,GME,E,475,0,475,OSTK,2026-03-06
2026-02-19,GME,E,3,0,3,OSTK,2026-03-13
2026-02-19,GME,E,1492,0,1488,OSTK,2026-03-20
2026-02-19,GME,E,6,0,6,OSTK,2026-03-27
2026-02-19,GME,E,7,0,7,OSTK,2026-04-02
2026-02-19,GME,E,230,0,230,OSTK,2026-04-17
2026-02-19,GME,E,29,0,25,OSTK,2026-06-18
2026-02-19,GME,E,1,0,1,OSTK,2026-09-18
2026-02-19,GME,E,6,0,6,OSTK,2026-10-16
2026-02-19,GME,E,1,0,1,OSTK,2026-12-18
2026-02-19,GME,E,10,0,10,OSTK,2027-01-15
2026-02-19,GME,E,4,0,4,OSTK,2028-12-15
2026-02-19,GME,H,3443,0,3151,OSTK,2026-02-20
2026-02-19,GME,H,428,0,316,OSTK,2026-02-27
2026-02-19,GME,H,377,0,225,OSTK,2026-03-06
2026-02-19,GME,H,63,0,63,OSTK,2026-03-13
2026-02-19,GME,H,546,0,514,OSTK,2026-03-20
2026-02-19,GME,H,39,0,37,OSTK,2026-03-27
2026-02-19,GME,H,5,0,5,OSTK,2026-04-02
2026-02-19,GME,H,176,0,174,OSTK,2026-04-17
2026-02-19,GME,H,173,0,171,OSTK,2026-06-18
2026-02-19,GME,H,15,0,15,OSTK,2026-07-17
2026-02-19,GME,H,13,0,13,OSTK,2026-09-18
2026-02-19,GME,H,17,0,17,OSTK,2026-10-16
2026-02-19,GME,H,6,0,6,OSTK,2026-12-18
2026-02-19,GME,H,58,0,58,OSTK,2027-01-15
2026-02-19,GME,H,5,0,5,OSTK,2028-01-21
2026-02-19,GME,H,7,0,7,OSTK,2028-12-15
2026-02-19,GME,I,1402,0,1380,OSTK,2026-02-20
2026-02-19,GME,I,1377,0,1359,OSTK,2026-02-27
2026-02-19,GME,I,714,0,712,OSTK,2026-03-06
2026-02-19,GME,I,268,0,268,OSTK,2026-03-13
2026-02-19,GME,I,1251,0,1249,OSTK,2026-03-20
2026-02-19,GME,I,160,0,160,OSTK,2026-03-27
2026-02-19,GME,I,20,0,20,OSTK,2026-04-02
2026-02-19,GME,I,2,0,2,OSTK,2026-04-17
2026-02-19,GME,I,16,0,16,OSTK,2026-06-18
2026-02-19,GME,I,10,0,8,OSTK,2026-07-17
2026-02-19,GME,I,14,0,14,OSTK,2026-09-18
2026-02-19,GME,I,30,0,30,OSTK,2026-10-16
2026-02-19,GME,I,23,0,23,OSTK,2026-12-18
2026-02-19,GME,I,16,0,16,OSTK,2027-01-15
2026-02-19,GME,I,1,0,1,OSTK,2027-12-17
2026-02-19,GME,I,1,0,1,OSTK,2028-01-21
2026-02-19,GME,I,200,0,200,OSTK,2028-06-16
2026-02-19,GME,I,1,0,1,OSTK,2028-12-15
2026-02-19,GME,J,3735,0,1669,OSTK,2026-02-20
2026-02-19,GME,J,315,0,231,OSTK,2026-02-27
2026-02-19,GME,J,312,0,256,OSTK,2026-03-06
2026-02-19,GME,J,216,0,186,OSTK,2026-03-20
2026-02-19,GME,J,13,0,11,OSTK,2026-03-27
2026-02-19,GME,J,49,0,49,OSTK,2026-04-17
2026-02-19,GME,J,60,0,60,OSTK,2026-06-18
2026-02-19,GME,J,15,0,15,OSTK,2026-09-18
2026-02-19,GME,L,1913,0,1577,OSTK,2026-02-20
2026-02-19,GME,L,797,0,741,OSTK,2026-02-27
2026-02-19,GME,L,585,0,737,OSTK,2026-03-06
2026-02-19,GME,L,51,0,51,OSTK,2026-03-13
2026-02-19,GME,L,460,0,418,OSTK,2026-03-20
2026-02-19,GME,L,39,0,39,OSTK,2026-03-27
2026-02-19,GME,L,1,0,1,OSTK,2026-04-02
2026-02-19,GME,L,346,0,346,OSTK,2026-04-17
2026-02-19,GME,L,85,0,81,OSTK,2026-06-18
2026-02-19,GME,L,88,0,88,OSTK,2026-12-18
2026-02-19,GME,L,66,0,66,OSTK,2027-01-15
2026-02-19,GME,L,3,0,3,OSTK,2028-01-21
2026-02-19,GME,L,1,0,1,OSTK,2028-12-15
2026-02-19,GME,M,6718,0,6552,OSTK,2026-02-20
2026-02-19,GME,M,2321,0,2319,OSTK,2026-02-27
2026-02-19,GME,M,744,0,744,OSTK,2026-03-06
2026-02-19,GME,M,84,0,84,OSTK,2026-03-13
2026-02-19,GME,M,1137,0,1133,OSTK,2026-03-20
2026-02-19,GME,M,45,0,45,OSTK,2026-03-27
2026-02-19,GME,M,8,0,8,OSTK,2026-04-02
2026-02-19,GME,M,4,0,4,OSTK,2026-04-17
2026-02-19,GME,M,6,0,6,OSTK,2026-06-18
2026-02-19,GME,M,3,0,3,OSTK,2026-07-17
2026-02-19,GME,M,6,0,6,OSTK,2026-09-18
2026-02-19,GME,M,33,0,33,OSTK,2026-10-16
2026-02-19,GME,M,22,0,22,OSTK,2026-12-18
2026-02-19,GME,M,31,0,31,OSTK,2027-01-15
2026-02-19,GME,M,3,0,3,OSTK,2027-12-17
2026-02-19,GME,M,9,0,9,OSTK,2028-01-21
2026-02-19,GME,M,8,0,8,OSTK,2028-12-15
2026-02-19,GME,P,3999,11,3240,OSTK,2026-02-20
2026-02-19,GME,P,1575,0,1317,OSTK,2026-02-27
2026-02-19,GME,P,905,0,1043,OSTK,2026-03-06
2026-02-19,GME,P,258,0,254,OSTK,2026-03-13
2026-02-19,GME,P,2279,0,1455,OSTK,2026-03-20
2026-02-19,GME,P,194,0,186,OSTK,2026-03-27
2026-02-19,GME,P,7,0,7,OSTK,2026-04-02
2026-02-19,GME,P,3,0,3,OSTK,2026-04-17
2026-02-19,GME,P,149,0,131,OSTK,2026-06-18
2026-02-19,GME,P,13,0,13,OSTK,2026-07-17
2026-02-19,GME,P,1,0,1,OSTK,2026-09-18
2026-02-19,GME,P,433,0,433,OSTK,2026-10-16
2026-02-19,GME,P,50,0,50,OSTK,2026-12-18
2026-02-19,GME,P,93,0,93,OSTK,2027-01-15
2026-02-19,GME,P,34,0,34,OSTK,2027-09-17
2026-02-19,GME,P,1,0,1,OSTK,2027-12-17
2026-02-19,GME,P,2,0,2,OSTK,2028-01-21
2026-02-19,GME,P,52,0,52,OSTK,2028-12-15
2026-02-19,GME,Q,707,0,729,OSTK,2026-02-20
2026-02-19,GME,Q,330,0,498,OSTK,2026-02-27
2026-02-19,GME,Q,2051,0,2455,OSTK,2026-03-06
2026-02-19,GME,Q,26,0,26,OSTK,2026-03-13
2026-02-19,GME,Q,218,0,238,OSTK,2026-03-20
2026-02-19,GME,Q,7,0,7,OSTK,2026-03-27
2026-02-19,GME,Q,3,0,5,OSTK,2026-04-17
2026-02-19,GME,Q,1,0,1,OSTK,2026-06-18
2026-02-19,GME,Q,1,0,5,OSTK,2026-12-18
2026-02-19,GME,Q,1,0,1,OSTK,2028-06-16
2026-02-19,GME,Q,6,0,6,OSTK,2028-12-15
2026-02-19,GME,R,2411,0,2125,OSTK,2026-02-20
2026-02-19,GME,R,425,0,511,OSTK,2026-02-27
2026-02-19,GME,R,4491,0,4649,OSTK,2026-03-06
2026-02-19,GME,R,162,0,160,OSTK,2026-03-13
2026-02-19,GME,R,221,0,203,OSTK,2026-03-20
2026-02-19,GME,R,62,0,62,OSTK,2026-03-27
2026-02-19,GME,R,34,0,34,OSTK,2026-04-02
2026-02-19,GME,R,355,0,355,OSTK,2026-04-17
2026-02-19,GME,R,33,0,33,OSTK,2026-06-18
2026-02-19,GME,R,8,0,8,OSTK,2026-07-17
2026-02-19,GME,R,2,0,2,OSTK,2026-09-18
2026-02-19,GME,R,118,0,118,OSTK,2026-10-16
2026-02-19,GME,R,1,0,9,OSTK,2026-12-18
2026-02-19,GME,R,2,0,2,OSTK,2027-01-15
2026-02-19,GME,R,9,0,9,OSTK,2028-12-15
2026-02-19,GME,T,1506,0,1566,OSTK,2026-02-20
2026-02-19,GME,T,71,0,95,OSTK,2026-02-27
2026-02-19,GME,T,857,0,1147,OSTK,2026-03-06
2026-02-19,GME,T,94,0,94,OSTK,2026-03-13
2026-02-19,GME,T,626,0,620,OSTK,2026-03-20
2026-02-19,GME,T,7,0,7,OSTK,2026-03-27
2026-02-19,GME,T,80,0,80,OSTK,2026-04-17
2026-02-19,GME,T,48,0,48,OSTK,2026-06-18
2026-02-19,GME,T,2,0,2,OSTK,2026-07-17
2026-02-19,GME,T,2,0,2,OSTK,2026-09-18
2026-02-19,GME,T,16,0,22,OSTK,2026-10-16
2026-02-19,GME,T,1,0,1,OSTK,2028-01-21
2026-02-19,GME,T,11,0,11,OSTK,2028-12-15
2026-02-19,GME,U,1948,7,1977,OSTK,2026-02-20
2026-02-19,GME,U,463,0,573,OSTK,2026-02-27
2026-02-19,GME,U,894,0,1254,OSTK,2026-03-06
2026-02-19,GME,U,12,0,12,OSTK,2026-03-13
2026-02-19,GME,U,293,0,283,OSTK,2026-03-20
2026-02-19,GME,U,2,0,2,OSTK,2026-03-27
2026-02-19,GME,U,4,0,2,OSTK,2026-04-02
2026-02-19,GME,U,60,0,60,OSTK,2026-04-17
2026-02-19,GME,U,3,0,3,OSTK,2026-06-18
2026-02-19,GME,U,5,0,5,OSTK,2026-07-17
2026-02-19,GME,U,3,0,3,OSTK,2026-09-18
2026-02-19,GME,U,235,0,235,OSTK,2026-10-16
2026-02-19,GME,U,16,0,16,OSTK,2026-12-18
2026-02-19,GME,U,2,0,2,OSTK,2027-12-17
2026-02-19,GME,U,1,0,1,OSTK,2028-01-21
2026-02-19,GME,W,1158,13,1179,OSTK,2026-02-20
2026-02-19,GME,W,406,0,406,OSTK,2026-02-27
2026-02-19,GME,W,1217,0,1217,OSTK,2026-03-06
2026-02-19,GME,W,13,0,13,OSTK,2026-03-13
2026-02-19,GME,W,856,0,880,OSTK,2026-03-20
2026-02-19,GME,W,17,0,17,OSTK,2026-03-27
2026-02-19,GME,W,86,0,86,OSTK,2026-04-17
2026-02-19,GME,W,57,0,57,OSTK,2026-06-18
2026-02-19,GME,W,1,0,1,OSTK,2026-07-17
2026-02-19,GME,W,1,0,1,OSTK,2026-10-16
2026-02-19,GME,W,1,0,1,OSTK,2026-12-18
2026-02-19,GME,W,3,0,3,OSTK,2027-01-15
2026-02-19,GME,W,1,0,1,OSTK,2028-06-16
2026-02-19,GME,W,28,0,50,OSTK,2028-12-15
2026-02-19,GME,X,10985,0,8753,OSTK,2026-02-20
2026-02-19,GME,X,2344,0,2238,OSTK,2026-02-27
2026-02-19,GME,X,1622,0,1384,OSTK,2026-03-06
2026-02-19,GME,X,91,0,85,OSTK,2026-03-13
2026-02-19,GME,X,2720,0,2650,OSTK,2026-03-20
2026-02-19,GME,X,171,0,171,OSTK,2026-03-27
2026-02-19,GME,X,33,0,33,OSTK,2026-04-02
2026-02-19,GME,X,3,0,3,OSTK,2026-04-17
2026-02-19,GME,X,22,0,22,OSTK,2026-06-18
2026-02-19,GME,X,30,0,30,OSTK,2026-07-17
2026-02-19,GME,X,45,0,45,OSTK,2026-09-18
2026-02-19,GME,X,10,0,10,OSTK,2026-10-16
2026-02-19,GME,X,76,0,76,OSTK,2026-12-18
2026-02-19,GME,X,58,0,58,OSTK,2027-01-15
2026-02-19,GME,X,3,0,3,OSTK,2027-09-17
2026-02-19,GME,X,4,0,4,OSTK,2027-12-17
2026-02-19,GME,X,10,0,10,OSTK,2028-01-21
2026-02-19,GME,X,1,0,1,OSTK,2028-06-16
2026-02-19,GME,X,46,0,48,OSTK,2028-12-15
2026-02-19,GME,Z,2332,0,1790,OSTK,2026-02-20
2026-02-19,GME,Z,338,0,174,OSTK,2026-02-27
2026-02-19,GME,Z,910,0,882,OSTK,2026-03-06
2026-02-19,GME,Z,56,0,30,OSTK,2026-03-13
2026-02-19,GME,Z,621,0,591,OSTK,2026-03-20
2026-02-19,GME,Z,53,0,53,OSTK,2026-03-27
2026-02-19,GME,Z,31,0,31,OSTK,2026-04-02
2026-02-19,GME,Z,396,0,338,OSTK,2026-04-17
2026-02-19,GME,Z,97,0,97,OSTK,2026-06-18
2026-02-19,GME,Z,18,0,18,OSTK,2026-07-17
2026-02-19,GME,Z,10,0,10,OSTK,2026-09-18
2026-02-19,GME,Z,7,0,7,OSTK,2026-10-16
2026-02-19,GME,Z,19,0,19,OSTK,2026-12-18
2026-02-19,GME,Z,72,0,72,OSTK,2027-01-15
2026-02-19,GME,Z,1,0,1,OSTK,2027-09-17
2026-02-19,GME,Z,10,0,10,OSTK,2027-12-17
2026-02-19,GME,Z,1,0,1,OSTK,2028-01-21
2026-02-19,GME,Z,3,0,3,OSTK,2028-12-15
2026-02-20,GME,A,5227,0,5121,OSTK,2026-02-20
2026-02-20,GME,A,4015,8,3975,OSTK,2026-02-27
2026-02-20,GME,A,862,0,862,OSTK,2026-03-06
2026-02-20,GME,A,143,0,143,OSTK,2026-03-13
2026-02-20,GME,A,1483,0,1483,OSTK,2026-03-20
2026-02-20,GME,A,67,0,67,OSTK,2026-03-27
2026-02-20,GME,A,18,0,18,OSTK,2026-04-02
2026-02-20,GME,A,753,0,753,OSTK,2026-04-17
2026-02-20,GME,A,463,0,463,OSTK,2026-06-18
2026-02-20,GME,A,58,0,58,OSTK,2026-07-17
2026-02-20,GME,A,12,0,12,OSTK,2026-09-18
2026-02-20,GME,A,0,0,24,OSTK,2026-10-16
2026-02-20,GME,A,121,0,121,OSTK,2026-12-18
2026-02-20,GME,A,1,0,1,OSTK,2027-01-15
2026-02-20,GME,A,10,0,10,OSTK,2027-09-17
2026-02-20,GME,A,4,0,4,OSTK,2027-12-17
2026-02-20,GME,A,3,0,3,OSTK,2028-01-21
2026-02-20,GME,B,2435,0,2387,OSTK,2026-02-20
2026-02-20,GME,B,1481,19,1500,OSTK,2026-02-27
2026-02-20,GME,B,788,0,656,OSTK,2026-03-06
2026-02-20,GME,B,81,0,81,OSTK,2026-03-13
2026-02-20,GME,B,249,0,249,OSTK,2026-03-20
2026-02-20,GME,B,54,0,54,OSTK,2026-03-27
2026-02-20,GME,B,26,0,26,OSTK,2026-04-02
2026-02-20,GME,B,50,0,50,OSTK,2026-04-17
2026-02-20,GME,B,36,0,36,OSTK,2026-06-18
2026-02-20,GME,B,74,0,74,OSTK,2026-07-17
2026-02-20,GME,B,26,0,26,OSTK,2026-09-18
2026-02-20,GME,B,94,0,94,OSTK,2026-10-16
2026-02-20,GME,B,97,0,97,OSTK,2026-12-18
2026-02-20,GME,B,23,0,23,OSTK,2027-01-15
2026-02-20,GME,B,13,0,13,OSTK,2027-09-17
2026-02-20,GME,B,20,0,20,OSTK,2027-12-17
2026-02-20,GME,B,40,0,40,OSTK,2028-01-21
2026-02-20,GME,B,1,0,1,OSTK,2028-06-16
2026-02-20,GME,B,40,0,42,OSTK,2028-12-15
2026-02-20,GME,C,10428,0,10166,OSTK,2026-02-20
2026-02-20,GME,C,7637,9,7222,OSTK,2026-02-27
2026-02-20,GME,C,2118,0,2076,OSTK,2026-03-06
2026-02-20,GME,C,598,0,538,OSTK,2026-03-13
2026-02-20,GME,C,2132,0,2002,OSTK,2026-03-20
2026-02-20,GME,C,421,0,399,OSTK,2026-03-27
2026-02-20,GME,C,327,0,327,OSTK,2026-04-02
2026-02-20,GME,C,32,0,32,OSTK,2026-04-17
2026-02-20,GME,C,1159,0,1143,OSTK,2026-06-18
2026-02-20,GME,C,81,0,81,OSTK,2026-07-17
2026-02-20,GME,C,55,0,55,OSTK,2026-09-18
2026-02-20,GME,C,10,0,10,OSTK,2026-10-16
2026-02-20,GME,C,209,0,209,OSTK,2026-12-18
2026-02-20,GME,C,8,1,7,OSTK,2027-01-15
2026-02-20,GME,C,33,0,33,OSTK,2027-09-17
2026-02-20,GME,C,1,0,1,OSTK,2027-12-17
2026-02-20,GME,C,21,0,21,OSTK,2028-01-21
2026-02-20,GME,C,1,0,1,OSTK,2028-06-16
2026-02-20,GME,C,1,0,1,OSTK,2028-12-15
2026-02-20,GME,D,4774,0,4536,OSTK,2026-02-20
2026-02-20,GME,D,4079,17,3596,OSTK,2026-02-27
2026-02-20,GME,D,523,0,351,OSTK,2026-03-06
2026-02-20,GME,D,114,0,74,OSTK,2026-03-13
2026-02-20,GME,D,374,0,336,OSTK,2026-03-20
2026-02-20,GME,D,67,0,63,OSTK,2026-03-27
2026-02-20,GME,D,15,0,15,OSTK,2026-04-02
2026-02-20,GME,D,231,0,199,OSTK,2026-04-17
2026-02-20,GME,D,93,0,67,OSTK,2026-06-18
2026-02-20,GME,D,12,0,12,OSTK,2026-07-17
2026-02-20,GME,D,7,0,7,OSTK,2026-09-18
2026-02-20,GME,D,19,0,19,OSTK,2026-10-16
2026-02-20,GME,D,16,0,16,OSTK,2026-12-18
2026-02-20,GME,D,215,0,215,OSTK,2027-01-15
2026-02-20,GME,D,17,0,17,OSTK,2027-09-17
2026-02-20,GME,D,5,0,5,OSTK,2027-12-17
2026-02-20,GME,D,22,0,22,OSTK,2028-01-21
2026-02-20,GME,E,11289,0,11287,OSTK,2026-02-20
2026-02-20,GME,E,14504,0,14504,OSTK,2026-02-27
2026-02-20,GME,E,79,0,79,OSTK,2026-03-06
2026-02-20,GME,E,106,0,106,OSTK,2026-03-13
2026-02-20,GME,E,482,0,482,OSTK,2026-03-20
2026-02-20,GME,E,6,0,6,OSTK,2026-03-27
2026-02-20,GME,E,10,0,10,OSTK,2026-04-02
2026-02-20,GME,E,192,0,192,OSTK,2026-04-17
2026-02-20,GME,E,2,0,2,OSTK,2026-06-18
2026-02-20,GME,E,8,0,8,OSTK,2026-10-16
2026-02-20,GME,E,6,0,6,OSTK,2027-01-15
2026-02-20,GME,E,23,0,23,OSTK,2027-12-17
2026-02-20,GME,E,4,0,4,OSTK,2028-01-21
2026-02-20,GME,H,1994,0,1262,OSTK,2026-02-20
2026-02-20,GME,H,1589,6,1133,OSTK,2026-02-27
2026-02-20,GME,H,646,0,550,OSTK,2026-03-06
2026-02-20,GME,H,123,0,25,OSTK,2026-03-13
2026-02-20,GME,H,554,0,494,OSTK,2026-03-20
2026-02-20,GME,H,93,0,69,OSTK,2026-03-27
2026-02-20,GME,H,85,0,85,OSTK,2026-04-02
2026-02-20,GME,H,25,0,25,OSTK,2026-04-17
2026-02-20,GME,H,1,0,1,OSTK,2026-06-18
2026-02-20,GME,H,13,0,13,OSTK,2026-07-17
2026-02-20,GME,H,3,0,3,OSTK,2026-09-18
2026-02-20,GME,H,32,0,32,OSTK,2026-10-16
2026-02-20,GME,H,16,0,16,OSTK,2026-12-18
2026-02-20,GME,H,5,0,7,OSTK,2027-01-15
2026-02-20,GME,H,17,0,17,OSTK,2027-09-17
2026-02-20,GME,H,23,0,23,OSTK,2027-12-17
2026-02-20,GME,H,28,0,28,OSTK,2028-01-21
2026-02-20,GME,H,9,0,9,OSTK,2028-12-15
2026-02-20,GME,I,8913,0,8675,OSTK,2026-02-20
2026-02-20,GME,I,3344,5,3221,OSTK,2026-02-27
2026-02-20,GME,I,688,0,656,OSTK,2026-03-06
2026-02-20,GME,I,64,0,64,OSTK,2026-03-13
2026-02-20,GME,I,735,0,723,OSTK,2026-03-20
2026-02-20,GME,I,51,0,51,OSTK,2026-03-27
2026-02-20,GME,I,34,0,34,OSTK,2026-04-02
2026-02-20,GME,I,103,0,103,OSTK,2026-04-17
2026-02-20,GME,I,1,0,1,OSTK,2026-06-18
2026-02-20,GME,I,2,0,2,OSTK,2026-07-17
2026-02-20,GME,I,4,0,4,OSTK,2026-09-18
2026-02-20,GME,I,28,0,28,OSTK,2026-10-16
2026-02-20,GME,I,148,0,148,OSTK,2026-12-18
2026-02-20,GME,I,5,0,5,OSTK,2027-01-15
2026-02-20,GME,I,3,0,3,OSTK,2027-09-17
2026-02-20,GME,I,299,0,297,OSTK,2027-12-17
2026-02-20,GME,I,360,0,358,OSTK,2028-01-21
2026-02-20,GME,I,14,0,14,OSTK,2028-06-16
2026-02-20,GME,I,4,0,4,OSTK,2028-12-15
2026-02-20,GME,J,3101,97,1724,OSTK,2026-02-20
2026-02-20,GME,J,2126,6,1602,OSTK,2026-02-27
2026-02-20,GME,J,148,0,46,OSTK,2026-03-06
2026-02-20,GME,J,44,0,42,OSTK,2026-03-13
2026-02-20,GME,J,531,0,483,OSTK,2026-03-20
2026-02-20,GME,J,7,0,3,OSTK,2026-03-27
2026-02-20,GME,J,195,0,93,OSTK,2026-04-17
2026-02-20,GME,J,36,0,36,OSTK,2026-06-18
2026-02-20,GME,J,290,0,290,OSTK,2026-10-16
2026-02-20,GME,J,3,0,3,OSTK,2027-01-15
2026-02-20,GME,J,1,0,1,OSTK,2027-09-17
2026-02-20,GME,J,45,0,45,OSTK,2027-12-17
2026-02-20,GME,J,4,0,4,OSTK,2028-01-21
2026-02-20,GME,L,4714,0,4516,OSTK,2026-02-20
2026-02-20,GME,L,4948,0,4656,OSTK,2026-02-27
2026-02-20,GME,L,436,0,422,OSTK,2026-03-06
2026-02-20,GME,L,63,0,63,OSTK,2026-03-13
2026-02-20,GME,L,1219,0,1145,OSTK,2026-03-20
2026-02-20,GME,L,110,0,112,OSTK,2026-03-27
2026-02-20,GME,L,15,0,15,OSTK,2026-04-02
2026-02-20,GME,L,267,0,261,OSTK,2026-04-17
2026-02-20,GME,L,190,0,190,OSTK,2026-06-18
2026-02-20,GME,L,2,0,2,OSTK,2026-07-17
2026-02-20,GME,L,5,0,5,OSTK,2026-09-18
2026-02-20,GME,L,74,0,74,OSTK,2026-10-16
2026-02-20,GME,L,2,0,2,OSTK,2026-12-18
2026-02-20,GME,L,14,0,16,OSTK,2027-01-15
2026-02-20,GME,L,21,0,21,OSTK,2028-01-21
2026-02-20,GME,L,1,0,1,OSTK,2028-06-16
2026-02-20,GME,M,6510,9,6177,OSTK,2026-02-20
2026-02-20,GME,M,4404,5,4389,OSTK,2026-02-27
2026-02-20,GME,M,1257,0,1257,OSTK,2026-03-06
2026-02-20,GME,M,252,0,252,OSTK,2026-03-13
2026-02-20,GME,M,1707,0,1683,OSTK,2026-03-20
2026-02-20,GME,M,106,0,106,OSTK,2026-03-27
2026-02-20,GME,M,46,0,46,OSTK,2026-04-02
2026-02-20,GME,M,637,0,629,OSTK,2026-04-17
2026-02-20,GME,M,3,0,3,OSTK,2026-06-18
2026-02-20,GME,M,31,0,31,OSTK,2026-07-17
2026-02-20,GME,M,9,0,9,OSTK,2026-09-18
2026-02-20,GME,M,8,0,8,OSTK,2026-10-16
2026-02-20,GME,M,26,0,26,OSTK,2026-12-18
2026-02-20,GME,M,10,0,10,OSTK,2027-01-15
2026-02-20,GME,M,1,0,1,OSTK,2027-09-17
2026-02-20,GME,M,361,0,357,OSTK,2027-12-17
2026-02-20,GME,M,316,0,314,OSTK,2028-01-21
2026-02-20,GME,M,5,0,5,OSTK,2028-12-15
2026-02-20,GME,P,6244,39,5355,OSTK,2026-02-20
2026-02-20,GME,P,5662,9,5173,OSTK,2026-02-27
2026-02-20,GME,P,1198,0,854,OSTK,2026-03-06
2026-02-20,GME,P,225,0,209,OSTK,2026-03-13
2026-02-20,GME,P,1379,0,1297,OSTK,2026-03-20
2026-02-20,GME,P,199,0,111,OSTK,2026-03-27
2026-02-20,GME,P,14,0,14,OSTK,2026-04-02
2026-02-20,GME,P,1081,0,851,OSTK,2026-04-17
2026-02-20,GME,P,5,0,5,OSTK,2026-06-18
2026-02-20,GME,P,22,0,22,OSTK,2026-07-17
2026-02-20,GME,P,4,0,4,OSTK,2026-09-18
2026-02-20,GME,P,50,0,48,OSTK,2026-10-16
2026-02-20,GME,P,48,0,48,OSTK,2026-12-18
2026-02-20,GME,P,1,0,1,OSTK,2027-01-15
2026-02-20,GME,P,153,0,151,OSTK,2027-09-17
2026-02-20,GME,P,2,0,2,OSTK,2027-12-17
2026-02-20,GME,P,35,0,35,OSTK,2028-01-21
2026-02-20,GME,P,1,0,1,OSTK,2028-06-16
2026-02-20,GME,P,5,0,5,OSTK,2028-12-15
2026-02-20,GME,Q,492,0,808,OSTK,2026-02-20
2026-02-20,GME,Q,352,856,1300,OSTK,2026-02-27
2026-02-20,GME,Q,331,0,339,OSTK,2026-03-06
2026-02-20,GME,Q,54,0,54,OSTK,2026-03-13
2026-02-20,GME,Q,188,0,174,OSTK,2026-03-20
2026-02-20,GME,Q,3,0,7,OSTK,2026-03-27
2026-02-20,GME,Q,5,0,5,OSTK,2026-04-02
2026-02-20,GME,Q,219,0,225,OSTK,2026-04-17
2026-02-20,GME,Q,10,0,14,OSTK,2026-06-18
2026-02-20,GME,Q,2,0,2,OSTK,2026-07-17
2026-02-20,GME,Q,1,0,1,OSTK,2026-09-18
2026-02-20,GME,Q,7,0,7,OSTK,2027-01-15
2026-02-20,GME,Q,1,0,1,OSTK,2027-09-17
2026-02-20,GME,Q,12,0,20,OSTK,2028-01-21
2026-02-20,GME,Q,5,0,5,OSTK,2028-06-16
2026-02-20,GME,Q,0,0,8,OSTK,2028-12-15
2026-02-20,GME,R,3447,0,1585,OSTK,2026-02-20
2026-02-20,GME,R,1393,14,1321,OSTK,2026-02-27
2026-02-20,GME,R,991,0,911,OSTK,2026-03-06
2026-02-20,GME,R,169,0,169,OSTK,2026-03-13
2026-02-20,GME,R,1125,0,1087,OSTK,2026-03-20
2026-02-20,GME,R,32,0,32,OSTK,2026-03-27
2026-02-20,GME,R,6,0,6,OSTK,2026-04-02
2026-02-20,GME,R,243,0,235,OSTK,2026-04-17
2026-02-20,GME,R,2,0,2,OSTK,2026-06-18
2026-02-20,GME,R,3,0,3,OSTK,2026-07-17
2026-02-20,GME,R,1,0,1,OSTK,2026-09-18
2026-02-20,GME,R,228,0,228,OSTK,2026-10-16
2026-02-20,GME,R,17,0,17,OSTK,2026-12-18
2026-02-20,GME,R,0,23,23,OSTK,2027-01-15
2026-02-20,GME,R,18,0,24,OSTK,2027-09-17
2026-02-20,GME,R,16,0,16,OSTK,2027-12-17
2026-02-20,GME,R,19,0,19,OSTK,2028-01-21
2026-02-20,GME,R,14,0,14,OSTK,2028-12-15
2026-02-20,GME,T,904,0,904,OSTK,2026-02-20
2026-02-20,GME,T,188,12,262,OSTK,2026-02-27
2026-02-20,GME,T,193,0,223,OSTK,2026-03-06
2026-02-20,GME,T,10,0,10,OSTK,2026-03-13
2026-02-20,GME,T,43,0,43,OSTK,2026-03-20
2026-02-20,GME,T,53,0,25,OSTK,2026-04-17
2026-02-20,GME,T,40,0,40,OSTK,2026-06-18
2026-02-20,GME,T,3,0,3,OSTK,2026-10-16
2026-02-20,GME,T,1,0,5,OSTK,2027-01-15
2026-02-20,GME,T,16,0,16,OSTK,2028-01-21
2026-02-20,GME,U,1116,0,1048,OSTK,2026-02-20
2026-02-20,GME,U,692,17,743,OSTK,2026-02-27
2026-02-20,GME,U,287,0,283,OSTK,2026-03-06
2026-02-20,GME,U,85,0,25,OSTK,2026-03-13
2026-02-20,GME,U,690,0,690,OSTK,2026-03-20
2026-02-20,GME,U,8,0,8,OSTK,2026-03-27
2026-02-20,GME,U,5,0,5,OSTK,2026-04-02
2026-02-20,GME,U,545,0,545,OSTK,2026-04-17
2026-02-20,GME,U,256,0,256,OSTK,2026-06-18
2026-02-20,GME,U,5,0,5,OSTK,2026-07-17
2026-02-20,GME,U,5,0,5,OSTK,2026-09-18
2026-02-20,GME,U,84,0,84,OSTK,2026-10-16
2026-02-20,GME,U,27,0,27,OSTK,2026-12-18
2026-02-20,GME,U,0,20,20,OSTK,2027-01-15
2026-02-20,GME,U,4,0,4,OSTK,2027-09-17
2026-02-20,GME,U,20,0,20,OSTK,2028-01-21
2026-02-20,GME,U,3,0,3,OSTK,2028-06-16
2026-02-20,GME,U,0,0,2,OSTK,2028-12-15
2026-02-20,GME,W,3914,0,3866,OSTK,2026-02-20
2026-02-20,GME,W,2799,6,2919,OSTK,2026-02-27
2026-02-20,GME,W,611,0,661,OSTK,2026-03-06
2026-02-20,GME,W,75,0,75,OSTK,2026-03-13
2026-02-20,GME,W,521,0,521,OSTK,2026-03-20
2026-02-20,GME,W,16,0,16,OSTK,2026-03-27
2026-02-20,GME,W,4,0,4,OSTK,2026-04-02
2026-02-20,GME,W,140,0,140,OSTK,2026-04-17
2026-02-20,GME,W,63,0,63,OSTK,2026-06-18
2026-02-20,GME,W,5,0,5,OSTK,2026-07-17
2026-02-20,GME,W,11,0,11,OSTK,2026-10-16
2026-02-20,GME,W,7,0,7,OSTK,2026-12-18
2026-02-20,GME,W,7,0,7,OSTK,2027-01-15
2026-02-20,GME,W,1,0,201,OSTK,2027-12-17
2026-02-20,GME,W,20,0,20,OSTK,2028-01-21
2026-02-20,GME,X,16619,50,15199,OSTK,2026-02-20
2026-02-20,GME,X,12173,0,11681,OSTK,2026-02-27
2026-02-20,GME,X,1208,0,1140,OSTK,2026-03-06
2026-02-20,GME,X,124,0,114,OSTK,2026-03-13
2026-02-20,GME,X,2495,0,2391,OSTK,2026-03-20
2026-02-20,GME,X,140,0,140,OSTK,2026-03-27
2026-02-20,GME,X,40,0,38,OSTK,2026-04-02
2026-02-20,GME,X,25,0,25,OSTK,2026-04-17
2026-02-20,GME,X,14,0,14,OSTK,2026-06-18
2026-02-20,GME,X,4,0,4,OSTK,2026-07-17
2026-02-20,GME,X,19,0,19,OSTK,2026-09-18
2026-02-20,GME,X,6,0,6,OSTK,2026-10-16
2026-02-20,GME,X,131,0,131,OSTK,2026-12-18
2026-02-20,GME,X,33,0,33,OSTK,2027-01-15
2026-02-20,GME,X,15,0,15,OSTK,2027-09-17
2026-02-20,GME,X,3,0,3,OSTK,2027-12-17
2026-02-20,GME,X,5,0,5,OSTK,2028-01-21
2026-02-20,GME,X,1,0,1,OSTK,2028-06-16
2026-02-20,GME,X,3,0,5,OSTK,2028-12-15
2026-02-20,GME,Z,1727,0,1223,OSTK,2026-02-20
2026-02-20,GME,Z,759,17,704,OSTK,2026-02-27
2026-02-20,GME,Z,297,0,283,OSTK,2026-03-06
2026-02-20,GME,Z,49,0,49,OSTK,2026-03-13
2026-02-20,GME,Z,371,0,349,OSTK,2026-03-20
2026-02-20,GME,Z,53,0,53,OSTK,2026-03-27
2026-02-20,GME,Z,62,0,62,OSTK,2026-04-02
2026-02-20,GME,Z,492,0,490,OSTK,2026-04-17
2026-02-20,GME,Z,1,0,1,OSTK,2026-06-18
2026-02-20,GME,Z,13,0,13,OSTK,2026-07-17
2026-02-20,GME,Z,34,0,34,OSTK,2026-09-18
2026-02-20,GME,Z,25,0,25,OSTK,2026-10-16
2026-02-20,GME,Z,15,0,15,OSTK,2026-12-18
2026-02-20,GME,Z,1,0,1,OSTK,2027-01-15
2026-02-20,GME,Z,25,0,25,OSTK,2027-09-17
2026-02-20,GME,Z,24,0,24,OSTK,2027-12-17
2026-02-20,GME,Z,25,0,23,OSTK,2028-01-21
2026-02-20,GME,Z,30,0,30,OSTK,2028-12-15
