accession_number,filing_date,report_date,form,primary_document,description,filing_url
0000950123-05-006637,2005-05-23,,S-4,y09199sv4.htm,FORM S-4,https://www.sec.gov/Archives/edgar/data/1326380/000095012305006637/y09199sv4.htm
0001104659-05-027528,2005-06-09,,425,a05-10629_1425.htm,425,https://www.sec.gov/Archives/edgar/data/1326380/000110465905027528/a05-10629_1425.htm
0000950138-05-000521,2005-06-09,,425,june_9-425.txt,GAMESTOP\2005\JUNE 9 425,https://www.sec.gov/Archives/edgar/data/1326380/000095013805000521/june_9-425.txt
0001104659-05-028235,2005-06-15,,425,a05-10846_18k.htm,425,https://www.sec.gov/Archives/edgar/data/1326380/000110465905028235/a05-10846_18k.htm
0000000000-05-031867,2005-06-22,,UPLOAD,filename1.txt,,https://www.sec.gov/Archives/edgar/data/1326380/000000000005031867/filename1.txt
0000950123-05-008117,2005-07-01,,CORRESP,filename1.txt,,https://www.sec.gov/Archives/edgar/data/1326380/000095012305008117/filename1.txt
0000950123-05-008304,2005-07-08,,S-4/A,y09199a1sv4za.htm,AMENDMENT NO. 1 TO FORM S-4,https://www.sec.gov/Archives/edgar/data/1326380/000095012305008304/y09199a1sv4za.htm
0000000000-05-043481,2005-08-23,,UPLOAD,filename1.txt,,https://www.sec.gov/Archives/edgar/data/1326380/000000000005043481/filename1.txt
0000950138-05-000872,2005-08-26,,CORRESP,filename1.txt,,https://www.sec.gov/Archives/edgar/data/1326380/000095013805000872/filename1.txt
0000950123-05-010722,2005-09-02,,CORRESP,filename1.txt,,https://www.sec.gov/Archives/edgar/data/1326380/000095012305010722/filename1.txt
0000950123-05-010711,2005-09-02,,S-4/A,y09199a2sv4za.htm,AMENDMENT NO. 2 TO FORM S-4,https://www.sec.gov/Archives/edgar/data/1326380/000095012305010711/y09199a2sv4za.htm
0001104659-05-042916,2005-09-06,,425,a05-15870_18k.htm,425,https://www.sec.gov/Archives/edgar/data/1326380/000110465905042916/a05-15870_18k.htm
0000950138-05-000889,2005-09-06,,425,sept_6-425.txt,GAMESTOP\2005\SEPT 6 425,https://www.sec.gov/Archives/edgar/data/1326380/000095013805000889/sept_6-425.txt
0000950123-05-010756,2005-09-06,,424B3,y09199b3e424b3.htm,FILED PURSUANT TO RULE 424(B)(3),https://www.sec.gov/Archives/edgar/data/1326380/000095012305010756/y09199b3e424b3.htm
0000950123-05-011537,2005-09-27,,425,y13102fte425.htm,FILED PURSUANT TO RULE 425,https://www.sec.gov/Archives/edgar/data/1326380/000095012305011537/y13102fte425.htm
0000950138-05-000965,2005-09-30,,425,sept_30-425.txt,GAMESTOP\2005\SEPT 30 425,https://www.sec.gov/Archives/edgar/data/1326380/000095013805000965/sept_30-425.txt
0000950138-05-000969,2005-10-03,,8-A12B,oct3_8-a.txt,GAMESTOP\2005\OCT 3 8-A,https://www.sec.gov/Archives/edgar/data/1326380/000095013805000969/oct3_8-a.txt
9999999997-05-041555,2005-10-04,,CERTNYS,9999999997-05-041555.paper,AUTO-GENERATED PAPER DOCUMENT,https://www.sec.gov/Archives/edgar/data/1326380/999999999705041555/9999999997-05-041555.paper
0000950138-05-000987,2005-10-07,,POS AM,pos-am.txt,\GAMESTOP\2005 FILINGS\OCT POS-AM\,https://www.sec.gov/Archives/edgar/data/1326380/000095013805000987/pos-am.txt
0000950138-05-000986,2005-10-07,,S-4,s-4.txt,\GAMESTOP\2005 FILINGS\OCT S-4\,https://www.sec.gov/Archives/edgar/data/1326380/000095013805000986/s-4.txt
0001104659-05-047579,2005-10-07,,425,a05-17299_18k.htm,425,https://www.sec.gov/Archives/edgar/data/1326380/000110465905047579/a05-17299_18k.htm
0000950138-05-001012,2005-10-11,2005-10-08,3,xslF345X02/volkwein_ex.xml,,https://www.sec.gov/Archives/edgar/data/1326380/000095013805001012/xslF345X02/volkwein_ex.xml
0000950138-05-001011,2005-10-11,2005-10-08,3,xslF345X02/szczepanski_ex.xml,,https://www.sec.gov/Archives/edgar/data/1326380/000095013805001011/xslF345X02/szczepanski_ex.xml
0000950138-05-001010,2005-10-11,2005-10-08,3,xslF345X02/steinberg_ex.xml,,https://www.sec.gov/Archives/edgar/data/1326380/000095013805001010/xslF345X02/steinberg_ex.xml
0000950138-05-001009,2005-10-11,2005-10-08,3,xslF345X02/shern_ex.xml,,https://www.sec.gov/Archives/edgar/data/1326380/000095013805001009/xslF345X02/shern_ex.xml
0000950138-05-001008,2005-10-11,2005-10-08,3,xslF345X02/rosen_ex.xml,,https://www.sec.gov/Archives/edgar/data/1326380/000095013805001008/xslF345X02/rosen_ex.xml
0000950138-05-001007,2005-10-11,2005-10-08,3,xslF345X02/riggio_ex.xml,,https://www.sec.gov/Archives/edgar/data/1326380/000095013805001007/xslF345X02/riggio_ex.xml
0000950138-05-001006,2005-10-11,2005-10-08,3,xslF345X02/oct11_kim-3ex.xml,,https://www.sec.gov/Archives/edgar/data/1326380/000095013805001006/xslF345X02/oct11_kim-3ex.xml
0000950138-05-001005,2005-10-11,2005-10-08,3,xslF345X02/freeman_ex.xml,,https://www.sec.gov/Archives/edgar/data/1326380/000095013805001005/xslF345X02/freeman_ex.xml
0000950138-05-001004,2005-10-11,2005-10-08,3,xslF345X02/fontaine_ex.xml,,https://www.sec.gov/Archives/edgar/data/1326380/000095013805001004/xslF345X02/fontaine_ex.xml
0000950138-05-001003,2005-10-11,2005-10-08,3,xslF345X02/depinto_ex.xml,,https://www.sec.gov/Archives/edgar/data/1326380/000095013805001003/xslF345X02/depinto_ex.xml
0000950138-05-001002,2005-10-11,2005-10-08,3,xslF345X02/dematteo_ex.xml,,https://www.sec.gov/Archives/edgar/data/1326380/000095013805001002/xslF345X02/dematteo_ex.xml
0000950138-05-001001,2005-10-11,2005-10-08,3,xslF345X02/carlson_ex.xml,,https://www.sec.gov/Archives/edgar/data/1326380/000095013805001001/xslF345X02/carlson_ex.xml
0001104659-05-048013,2005-10-11,,425,a05-17299_28k.htm,425,https://www.sec.gov/Archives/edgar/data/1326380/000110465905048013/a05-17299_28k.htm
0000950138-05-001024,2005-10-12,,S-3,oct-s3.txt,\GAMESTOP\ 2005 POST-MERGER FILINGS\OCT S-3\,https://www.sec.gov/Archives/edgar/data/1326380/000095013805001024/oct-s3.txt
0000950138-05-001023,2005-10-12,2005-10-12,8-K,oct12-8k.txt,GAMESTOP\2005 POST MERGER FILINGS\OCT 12 8-K,https://www.sec.gov/Archives/edgar/data/1326380/000095013805001023/oct12-8k.txt
0000950138-05-001019,2005-10-12,,SC 13D,oct12_13d-classb.txt,GAMESTOP\2005\OCT 12 13D CLASS B,https://www.sec.gov/Archives/edgar/data/1326380/000095013805001019/oct12_13d-classb.txt
0000950138-05-001018,2005-10-12,,SC 13D,oct12_13d-classa.txt,GAMESTOP\2005\OCT 12 13D CLASS A,https://www.sec.gov/Archives/edgar/data/1326380/000095013805001018/oct12_13d-classa.txt
0001137439-05-000240,2005-10-17,2005-10-08,3,xslF345X02/form3102005_ex.xml,,https://www.sec.gov/Archives/edgar/data/1326380/000113743905000240/xslF345X02/form3102005_ex.xml
0001137439-05-000238,2005-10-17,,SC 13D,kimfam13d101705.htm,,https://www.sec.gov/Archives/edgar/data/1326380/000113743905000238/kimfam13d101705.htm
0000950138-05-001032,2005-10-19,2005-10-15,3,xslF345X02/oct19_zilavy-3ex.xml,GAMESTOP\2005 POST-MERGER FILINGS\OCT 19 ZILAVY-3,https://www.sec.gov/Archives/edgar/data/1326380/000095013805001032/xslF345X02/oct19_zilavy-3ex.xml
0000950138-05-001031,2005-10-19,2005-10-15,3,xslF345X02/oct19_davis-3ex.xml,GAMESTOP\2005 POST-MERGER FILINGS\OCT 19 DAVIS-3,https://www.sec.gov/Archives/edgar/data/1326380/000095013805001031/xslF345X02/oct19_davis-3ex.xml
0000950138-05-001041,2005-10-26,,S-3/A,oct_s-3a.txt,GAMESTOP\2005 POST-MERGER FILINGS\OCT S3A,https://www.sec.gov/Archives/edgar/data/1326380/000095013805001041/oct_s-3a.txt
9999999997-05-046544,2005-11-03,,25,9999999997-05-046544.paper,AUTO-GENERATED PAPER DOCUMENT,https://www.sec.gov/Archives/edgar/data/1326380/999999999705046544/9999999997-05-046544.paper
0000950138-05-001109,2005-11-04,,424B3,nov424b3.txt,\GAMESTOP\2005 POST MERGER FILINGS\NOV 424B3\,https://www.sec.gov/Archives/edgar/data/1326380/000095013805001109/nov424b3.txt
0000315066-05-002769,2005-11-10,,SC 13G/A,filing.txt,DOC ONE,https://www.sec.gov/Archives/edgar/data/1326380/000031506605002769/filing.txt
0001157523-05-010420,2005-11-23,2005-11-23,8-K,a5027204.txt,GAMESTOP CORP. 8-K,https://www.sec.gov/Archives/edgar/data/1326380/000115752305010420/a5027204.txt
0001157523-05-010463,2005-11-29,2005-11-29,8-K,a5029380.txt,"GAMESTOP CORP., 8-K",https://www.sec.gov/Archives/edgar/data/1326380/000115752305010463/a5029380.txt
0000950134-05-022807,2005-12-08,2005-10-29,10-Q,d31079e10vq.htm,FORM 10-Q,https://www.sec.gov/Archives/edgar/data/1326380/000095013405022807/d31079e10vq.htm
0000950138-05-001175,2005-12-13,2005-12-13,8-K,dec13_8-k.txt,GAMESTOP\2005 POST-MERGER FIILINGS\DEC 13 8-K,https://www.sec.gov/Archives/edgar/data/1326380/000095013805001175/dec13_8-k.txt
0000950138-05-001178,2005-12-14,2005-12-09,3,xslF345X02/dec14_morgan-3ex.xml,,https://www.sec.gov/Archives/edgar/data/1326380/000095013805001178/xslF345X02/dec14_morgan-3ex.xml
0000950138-05-001193,2005-12-22,2005-10-08,8-K/A,dec22_8-ka.txt,GAMESTOP\2005 POST-MERGER FILINGS\DEC 22 8-KA,https://www.sec.gov/Archives/edgar/data/1326380/000095013805001193/dec22_8-ka.txt
0000315066-06-000118,2006-01-10,,SC 13G,filing.txt,DOC ONE,https://www.sec.gov/Archives/edgar/data/1326380/000031506606000118/filing.txt
0000902219-06-000077,2006-01-10,,SC 13G/A,sec_filing.htm,SEC FILING,https://www.sec.gov/Archives/edgar/data/1326380/000090221906000077/sec_filing.htm
0000950138-06-000025,2006-01-11,2006-01-09,4,xslF345X02/jan9_dematteo-4ex.xml,,https://www.sec.gov/Archives/edgar/data/1326380/000095013806000025/xslF345X02/jan9_dematteo-4ex.xml
0000950138-06-000024,2006-01-11,2006-01-09,4,xslF345X02/jan9_carlson-4ex.xml,,https://www.sec.gov/Archives/edgar/data/1326380/000095013806000024/xslF345X02/jan9_carlson-4ex.xml
0000950138-06-000023,2006-01-11,2006-01-09,4,xslF345X02/jan11_davis-4ex.xml,,https://www.sec.gov/Archives/edgar/data/1326380/000095013806000023/xslF345X02/jan11_davis-4ex.xml
0000950138-06-000030,2006-01-12,2005-10-08,3,xslF345X02/jan12_lriggio-3ex.xml,GAMESTOP\2006\JAN 12 L RIGGIO-3,https://www.sec.gov/Archives/edgar/data/1326380/000095013806000030/xslF345X02/jan12_lriggio-3ex.xml
0000950138-06-000041,2006-01-18,2006-01-13,4,xslF345X02/jan18_fontaine-4ex.xml,GAMESTOP\2006\JAN 18 FONTAINE-4,https://www.sec.gov/Archives/edgar/data/1326380/000095013806000041/xslF345X02/jan18_fontaine-4ex.xml
0000950138-06-000075,2006-02-03,2005-10-08,3,xslF345X02/feb3_lloyd-3ex.xml,GAMESTOP\2006 FILINGS\FEB 3 LLOYD-3,https://www.sec.gov/Archives/edgar/data/1326380/000095013806000075/xslF345X02/feb3_lloyd-3ex.xml
0001315719-06-000057,2006-02-09,,SC 13G,gamestop.txt,,https://www.sec.gov/Archives/edgar/data/1326380/000131571906000057/gamestop.txt
0000919574-06-000724,2006-02-10,,SC 13G/A,d642555_13g-a.txt,,https://www.sec.gov/Archives/edgar/data/1326380/000091957406000724/d642555_13g-a.txt
0000919574-06-000720,2006-02-10,,SC 13G,d642556_13-g.txt,,https://www.sec.gov/Archives/edgar/data/1326380/000091957406000720/d642556_13-g.txt
0000038777-06-000235,2006-02-10,,SC 13G/A,game05a1.htm,GAMESTOP CORP.,https://www.sec.gov/Archives/edgar/data/1326380/000003877706000235/game05a1.htm
0000950138-06-000159,2006-02-14,2006-02-10,4,xslF345X02/feb14zilavy-4_ex.xml,,https://www.sec.gov/Archives/edgar/data/1326380/000095013806000159/xslF345X02/feb14zilavy-4_ex.xml
0000950138-06-000158,2006-02-14,2006-02-10,4,xslF345X02/feb14volkwein-4_ex.xml,,https://www.sec.gov/Archives/edgar/data/1326380/000095013806000158/xslF345X02/feb14volkwein-4_ex.xml
0000950138-06-000157,2006-02-14,2006-02-10,4,xslF345X02/feb14szczepanski-4_ex.xml,,https://www.sec.gov/Archives/edgar/data/1326380/000095013806000157/xslF345X02/feb14szczepanski-4_ex.xml
0000950138-06-000156,2006-02-14,2006-02-10,4,xslF345X02/feb14steinberg-4_ex.xml,,https://www.sec.gov/Archives/edgar/data/1326380/000095013806000156/xslF345X02/feb14steinberg-4_ex.xml
0000950138-06-000155,2006-02-14,2006-02-10,4,xslF345X02/feb14shern-4_ex.xml,,https://www.sec.gov/Archives/edgar/data/1326380/000095013806000155/xslF345X02/feb14shern-4_ex.xml
0000950138-06-000154,2006-02-14,2006-02-10,4,xslF345X02/feb14rosen-4_ex.xml,,https://www.sec.gov/Archives/edgar/data/1326380/000095013806000154/xslF345X02/feb14rosen-4_ex.xml
0000950138-06-000153,2006-02-14,2006-02-10,4,xslF345X02/feb14morgan-4_ex.xml,,https://www.sec.gov/Archives/edgar/data/1326380/000095013806000153/xslF345X02/feb14morgan-4_ex.xml
0000950138-06-000152,2006-02-14,2006-02-10,4,xslF345X02/feb14lloyd-4_ex.xml,,https://www.sec.gov/Archives/edgar/data/1326380/000095013806000152/xslF345X02/feb14lloyd-4_ex.xml
0000950138-06-000151,2006-02-14,2006-02-10,4,xslF345X02/feb14lriggio-4_ex.xml,,https://www.sec.gov/Archives/edgar/data/1326380/000095013806000151/xslF345X02/feb14lriggio-4_ex.xml
0000950138-06-000150,2006-02-14,2006-02-10,4,xslF345X02/feb14_kim-4ex.xml,,https://www.sec.gov/Archives/edgar/data/1326380/000095013806000150/xslF345X02/feb14_kim-4ex.xml
0000950138-06-000149,2006-02-14,2006-02-10,4,xslF345X02/feb14_freeman-4ex.xml,GAMESTOP\2006\FEB FORMS 4\FEB 14 FREEMAN-4,https://www.sec.gov/Archives/edgar/data/1326380/000095013806000149/xslF345X02/feb14_freeman-4ex.xml
0000950138-06-000148,2006-02-14,2006-02-10,4,xslF345X02/feb14_fontaine-4ex.xml,GAMESTOP\2006\FEB FORMS 4\FEB 14 FONTAINE-4,https://www.sec.gov/Archives/edgar/data/1326380/000095013806000148/xslF345X02/feb14_fontaine-4ex.xml
0000950138-06-000147,2006-02-14,2006-02-10,4,xslF345X02/feb14dematteo-4_ex.xml,,https://www.sec.gov/Archives/edgar/data/1326380/000095013806000147/xslF345X02/feb14dematteo-4_ex.xml
0000950138-06-000146,2006-02-14,2006-02-10,4,xslF345X02/feb14davis-4_ex.xml,,https://www.sec.gov/Archives/edgar/data/1326380/000095013806000146/xslF345X02/feb14davis-4_ex.xml
0000950138-06-000145,2006-02-14,2006-02-10,4,xslF345X02/feb14carlson-4_ex.xml,,https://www.sec.gov/Archives/edgar/data/1326380/000095013806000145/xslF345X02/feb14carlson-4_ex.xml
0000315066-06-002946,2006-02-14,,SC 13G/A,filing.txt,DOC ONE,https://www.sec.gov/Archives/edgar/data/1326380/000031506606002946/filing.txt
0000950138-06-000164,2006-02-16,2006-02-10,4/A,xslF345X02/feb16_kim-4aex.xml,,https://www.sec.gov/Archives/edgar/data/1326380/000095013806000164/xslF345X02/feb16_kim-4aex.xml
0000950138-06-000163,2006-02-16,2006-02-16,8-K,feb16_8-k.txt,\GAMESTOP\2006 FILINGS\FEB 16 8-K\,https://www.sec.gov/Archives/edgar/data/1326380/000095013806000163/feb16_8-k.txt
0000950138-06-000208,2006-03-03,2006-03-03,8-K,march_8-k.htm,GAMESTOP\2006\MARCH 3 8-K,https://www.sec.gov/Archives/edgar/data/1326380/000095013806000208/march_8-k.htm
0001157523-06-002859,2006-03-21,2006-03-21,8-K,a5106572.txt,GAMESTOP CORP. 8-K,https://www.sec.gov/Archives/edgar/data/1326380/000115752306002859/a5106572.txt
0000950138-06-000305,2006-03-30,2005-10-08,3/A,xslF345X02/march30_szczepanski-3ex.xml,GAMESTOP\2006\MARCH 30 SZCZEPANSKI-3,https://www.sec.gov/Archives/edgar/data/1326380/000095013806000305/xslF345X02/march30_szczepanski-3ex.xml
0000950138-06-000304,2006-03-30,2005-10-08,3/A,xslF345X02/march30_rosen-3ex.xml,GAMESTOP\2006\MARCH 30 ROSEN-3,https://www.sec.gov/Archives/edgar/data/1326380/000095013806000304/xslF345X02/march30_rosen-3ex.xml
0000950134-06-006576,2006-04-03,2006-01-28,10-K,d34677e10vk.htm,FORM 10-K,https://www.sec.gov/Archives/edgar/data/1326380/000095013406006576/d34677e10vk.htm
0000950123-06-004449,2006-04-10,,S-3ASR,y19624sv3asr.htm,FORM S-3ASR,https://www.sec.gov/Archives/edgar/data/1326380/000095012306004449/y19624sv3asr.htm
0000950123-06-004584,2006-04-12,,424B7,e19624b7e424b7.htm,424B7,https://www.sec.gov/Archives/edgar/data/1326380/000095012306004584/e19624b7e424b7.htm
0000950138-06-000337,2006-04-12,2006-04-10,4,xslF345X02/april12_lriggio-4ex.xml,GAMESTOP\2006\APRIL 12 L RIGGIO-4,https://www.sec.gov/Archives/edgar/data/1326380/000095013806000337/xslF345X02/april12_lriggio-4ex.xml
0000950138-06-000336,2006-04-12,2006-04-10,4,xslF345X02/april12_kim-4ex.xml,,https://www.sec.gov/Archives/edgar/data/1326380/000095013806000336/xslF345X02/april12_kim-4ex.xml
0000950123-06-004629,2006-04-13,2006-04-13,8-K,y19786e8vk.htm,8-K,https://www.sec.gov/Archives/edgar/data/1326380/000095012306004629/y19786e8vk.htm
0001144204-06-014989,2006-04-13,,SC 13G,v040349_sc13g.htm,,https://www.sec.gov/Archives/edgar/data/1326380/000114420406014989/v040349_sc13g.htm
0000950138-06-000352,2006-04-17,2006-04-13,4,xslF345X02/april17_freemen-4ex.xml,GAMESTOP\2006\APRIL 17 FREEMAN-4,https://www.sec.gov/Archives/edgar/data/1326380/000095013806000352/xslF345X02/april17_freemen-4ex.xml
0000950138-06-000351,2006-04-17,2006-04-13,4,xslF345X02/april17_volkwein-4ex.xml,GAMESTOP\2006\APRIL 17 VOLKWEIN-4,https://www.sec.gov/Archives/edgar/data/1326380/000095013806000351/xslF345X02/april17_volkwein-4ex.xml
0000950138-06-000348,2006-04-17,,SC 13D/A,april_13da-classa.htm,GAMESTOP\2006\APRIL 13DA-CLASS A,https://www.sec.gov/Archives/edgar/data/1326380/000095013806000348/april_13da-classa.htm
0001137439-06-000143,2006-04-19,2006-04-10,4,xslF345X02/kimform442006_ex.xml,,https://www.sec.gov/Archives/edgar/data/1326380/000113743906000143/xslF345X02/kimform442006_ex.xml
0001137439-06-000141,2006-04-19,,SC 13D/A,kimsc13d41806.htm,,https://www.sec.gov/Archives/edgar/data/1326380/000113743906000141/kimsc13d41806.htm
0000950123-06-005216,2006-04-26,,S-4,y17687sv4.htm,FORM S-4,https://www.sec.gov/Archives/edgar/data/1326380/000095012306005216/y17687sv4.htm
0001157523-06-005353,2006-05-18,2006-05-18,8-K,a5151779.txt,"GAMESTOP, INC. 8-K",https://www.sec.gov/Archives/edgar/data/1326380/000115752306005353/a5151779.txt
0000950138-06-000474,2006-05-24,2006-05-22,4,xslF345X02/may24_carlson-4ex.xml,GAMESTOP\2006\MAY 24 CARLSON-4,https://www.sec.gov/Archives/edgar/data/1326380/000095013806000474/xslF345X02/may24_carlson-4ex.xml
0000950134-06-010522,2006-05-24,2006-06-27,DEF 14A,d36280def14a.htm,DEFINITIVE PROXY STATEMENT,https://www.sec.gov/Archives/edgar/data/1326380/000095013406010522/d36280def14a.htm
0000950138-06-000475,2006-05-25,2006-05-23,4,xslF345X02/may25_lloyd-4ex.xml,GAMESTOP\2006\MAY 25 LLOYD-4,https://www.sec.gov/Archives/edgar/data/1326380/000095013806000475/xslF345X02/may25_lloyd-4ex.xml
0000950134-06-011007,2006-06-02,2006-04-29,10-Q,d36705e10vq.htm,FORM 10-Q,https://www.sec.gov/Archives/edgar/data/1326380/000095013406011007/d36705e10vq.htm
0000950138-06-000541,2006-06-22,2006-06-16,8-K,june21_8-k.htm,\GAMESTOP\2006 FILINGS\JUNE 21 8-K\,https://www.sec.gov/Archives/edgar/data/1326380/000095013806000541/june21_8-k.htm
0001157523-06-008552,2006-08-17,2006-08-17,8-K,a5211273.txt,GAMESTOP CORP. 8-K,https://www.sec.gov/Archives/edgar/data/1326380/000115752306008552/a5211273.txt
0000950134-06-017280,2006-09-05,2006-07-29,10-Q,d39286e10vq.htm,FORM 10-Q,https://www.sec.gov/Archives/edgar/data/1326380/000095013406017280/d39286e10vq.htm
0000950138-06-000705,2006-09-13,2006-09-11,4,xslF345X02/sept13_dematteo-4ex.xml,GAMESTOP\2006\SEPT 13 DEMATTEO-4,https://www.sec.gov/Archives/edgar/data/1326380/000095013806000705/xslF345X02/sept13_dematteo-4ex.xml
0000950138-06-000709,2006-09-14,2006-09-12,4,xslF345X02/sept14_shern-4ex.xml,GAMESTOP\2006\SEPT 14 SHERN-4,https://www.sec.gov/Archives/edgar/data/1326380/000095013806000709/xslF345X02/sept14_shern-4ex.xml
0001157523-06-011569,2006-11-21,2006-11-21,8-K,a5279198.txt,GAMESTOP CORP. 8-K,https://www.sec.gov/Archives/edgar/data/1326380/000115752306011569/a5279198.txt
0000950134-06-022633,2006-12-05,2006-10-28,10-Q,d41724e10vq.htm,FORM 10-Q,https://www.sec.gov/Archives/edgar/data/1326380/000095013406022633/d41724e10vq.htm
0000950138-06-000914,2006-12-18,2006-12-31,PRE 14A,dec_pre-14a.htm,GAMESTOP\2006 FILINGS\DEC PRE 14A,https://www.sec.gov/Archives/edgar/data/1326380/000095013806000914/dec_pre-14a.htm
0000950138-06-000913,2006-12-18,2006-12-18,8-K,dec18_8-k.htm,GAMESTOP\2006 FILINGS\DEC 18 8-K,https://www.sec.gov/Archives/edgar/data/1326380/000095013806000913/dec18_8-k.htm
0000950138-06-000934,2006-12-29,2007-02-07,DEF 14A,dec29-def14a.htm,,https://www.sec.gov/Archives/edgar/data/1326380/000095013806000934/dec29-def14a.htm
0000950138-07-000028,2007-01-10,2007-01-08,4,xslF345X02/jan10_carlson-4ex.xml,GAMESTOP\2007 FILINGS\JAN 10 CARLSON-4,https://www.sec.gov/Archives/edgar/data/1326380/000095013807000028/xslF345X02/jan10_carlson-4ex.xml
0000950138-07-000027,2007-01-10,2007-01-09,4,xslF345X02/jan10_lloyd-4ex.xml,GAMESTOP\2007 FILINGS\JAN 10 LLOYD-4,https://www.sec.gov/Archives/edgar/data/1326380/000095013807000027/xslF345X02/jan10_lloyd-4ex.xml
0000950138-07-000041,2007-01-16,2007-01-11,4,xslF345X02/jan12_dematteo-4ex.xml,GAMESTOP\2007 FILINGS\JAN 12 DEMATTEO-4,https://www.sec.gov/Archives/edgar/data/1326380/000095013807000041/xslF345X02/jan12_dematteo-4ex.xml
0000948046-07-000080,2007-02-02,,SC 13G,gamestopinitial.txt,INITIAL,https://www.sec.gov/Archives/edgar/data/1326380/000094804607000080/gamestopinitial.txt
0000919574-07-000388,2007-02-05,,SC 13G/A,d744963_13g-a.txt,,https://www.sec.gov/Archives/edgar/data/1326380/000091957407000388/d744963_13g-a.txt
0000950137-07-001536,2007-02-06,,SC 13G,c12039sc13g.txt,SCHEDULE 13G,https://www.sec.gov/Archives/edgar/data/1326380/000095013707001536/c12039sc13g.txt
0000950138-07-000082,2007-02-07,2007-02-07,8-K,feb7_8-k.htm,GAMESTOP\2007 FILINGS\FEB 7 8-K,https://www.sec.gov/Archives/edgar/data/1326380/000095013807000082/feb7_8-k.htm
0001140223-07-000014,2007-02-08,,SC 13G,form13ggamestop020707.txt,,https://www.sec.gov/Archives/edgar/data/1326380/000114022307000014/form13ggamestop020707.txt
0001157523-07-001369,2007-02-12,2007-02-09,8-K,a5331476.txt,GAMESTOP CORP. 8-K,https://www.sec.gov/Archives/edgar/data/1326380/000115752307001369/a5331476.txt
0000950138-07-000130,2007-02-13,2007-02-09,4,xslF345X02/feb9_zilavy-4exex.xml,,https://www.sec.gov/Archives/edgar/data/1326380/000095013807000130/xslF345X02/feb9_zilavy-4exex.xml
0000950138-07-000129,2007-02-13,2007-02-09,4,xslF345X02/feb9_volkwein-4exex.xml,,https://www.sec.gov/Archives/edgar/data/1326380/000095013807000129/xslF345X02/feb9_volkwein-4exex.xml
0000950138-07-000128,2007-02-13,2007-02-09,4,xslF345X02/feb9_szczepanski-4exex.xml,,https://www.sec.gov/Archives/edgar/data/1326380/000095013807000128/xslF345X02/feb9_szczepanski-4exex.xml
0000950138-07-000127,2007-02-13,2007-02-09,4,xslF345X02/feb9_steinberg-4exex.xml,,https://www.sec.gov/Archives/edgar/data/1326380/000095013807000127/xslF345X02/feb9_steinberg-4exex.xml
0000950138-07-000126,2007-02-13,2007-02-09,4,xslF345X02/feb9_shern-4exex.xml,,https://www.sec.gov/Archives/edgar/data/1326380/000095013807000126/xslF345X02/feb9_shern-4exex.xml
0000950138-07-000125,2007-02-13,2007-02-09,4,xslF345X02/feb9_rosen-4exex.xml,,https://www.sec.gov/Archives/edgar/data/1326380/000095013807000125/xslF345X02/feb9_rosen-4exex.xml
0000950138-07-000124,2007-02-13,2007-02-09,4,xslF345X02/feb9_morgan-4exex.xml,,https://www.sec.gov/Archives/edgar/data/1326380/000095013807000124/xslF345X02/feb9_morgan-4exex.xml
0000950138-07-000123,2007-02-13,2007-02-09,4,xslF345X02/feb9_lloyd-4exex.xml,,https://www.sec.gov/Archives/edgar/data/1326380/000095013807000123/xslF345X02/feb9_lloyd-4exex.xml
0000950138-07-000122,2007-02-13,2007-02-09,4,xslF345X02/feb9_lriggio-4exex.xml,,https://www.sec.gov/Archives/edgar/data/1326380/000095013807000122/xslF345X02/feb9_lriggio-4exex.xml
0000950138-07-000121,2007-02-13,2007-02-09,4,xslF345X02/feb9_kim-4exex.xml,,https://www.sec.gov/Archives/edgar/data/1326380/000095013807000121/xslF345X02/feb9_kim-4exex.xml
0000950138-07-000120,2007-02-13,2007-02-09,4,xslF345X02/feb9_freemen-4exex.xml,GAMESTOP\2007\FEB 9 FREEMAN-4,https://www.sec.gov/Archives/edgar/data/1326380/000095013807000120/xslF345X02/feb9_freemen-4exex.xml
0000950138-07-000119,2007-02-13,2007-02-09,4,xslF345X02/feb9_fontaine-4exex.xml,,https://www.sec.gov/Archives/edgar/data/1326380/000095013807000119/xslF345X02/feb9_fontaine-4exex.xml
0000950138-07-000118,2007-02-13,2007-02-09,4,xslF345X02/feb9_dematteo-4ex.xml,,https://www.sec.gov/Archives/edgar/data/1326380/000095013807000118/xslF345X02/feb9_dematteo-4ex.xml
0000950138-07-000117,2007-02-13,2007-02-09,4,xslF345X02/feb9_davis-4exex.xml,,https://www.sec.gov/Archives/edgar/data/1326380/000095013807000117/xslF345X02/feb9_davis-4exex.xml
0000950138-07-000116,2007-02-13,2007-02-09,4,xslF345X02/feb9_carlson-4ex.xml,,https://www.sec.gov/Archives/edgar/data/1326380/000095013807000116/xslF345X02/feb9_carlson-4ex.xml
0001144204-07-007110,2007-02-13,,SC 13G/A,v064835_sc13ga.htm,,https://www.sec.gov/Archives/edgar/data/1326380/000114420407007110/v064835_sc13ga.htm
0000052388-07-000030,2007-02-13,,SC 13G,sc13g-new.htm,SCHEDULE 13G,https://www.sec.gov/Archives/edgar/data/1326380/000005238807000030/sc13g-new.htm
0000315066-07-001800,2007-02-14,,SC 13G/A,filing.txt,DOC ONE,https://www.sec.gov/Archives/edgar/data/1326380/000031506607001800/filing.txt
0000315066-07-001799,2007-02-14,,SC 13G/A,filing.txt,DOC ONE,https://www.sec.gov/Archives/edgar/data/1326380/000031506607001799/filing.txt
0000902219-07-000791,2007-02-14,,SC 13G/A,sec_filing.htm,SEC FILING,https://www.sec.gov/Archives/edgar/data/1326380/000090221907000791/sec_filing.htm
0000950138-07-000115,2007-02-14,2007-02-13,8-K,feb13-8k.htm,,https://www.sec.gov/Archives/edgar/data/1326380/000095013807000115/feb13-8k.htm
0000950138-07-000193,2007-02-28,2007-02-23,3,xslF345X02/feb28_bartel-3ex.xml,,https://www.sec.gov/Archives/edgar/data/1326380/000095013807000193/xslF345X02/feb28_bartel-3ex.xml
0000898358-07-000015,2007-03-02,,SC 13G,gamestopcorp.txt,,https://www.sec.gov/Archives/edgar/data/1326380/000089835807000015/gamestopcorp.txt
0001157523-07-003014,2007-03-27,2007-03-27,8-K,a5363885.txt,GAMESTOP CORP. 8-K,https://www.sec.gov/Archives/edgar/data/1326380/000115752307003014/a5363885.txt
0000950138-07-000258,2007-03-30,2007-03-29,4,xslF345X02/march29_freeman4-1ex.xml,GAMESTOP\2007\MARCH 29 FREEMAN-4(1),https://www.sec.gov/Archives/edgar/data/1326380/000095013807000258/xslF345X02/march29_freeman4-1ex.xml
0000950134-07-007555,2007-04-04,2007-02-03,10-K,d45113e10vk.htm,FORM 10-K,https://www.sec.gov/Archives/edgar/data/1326380/000095013407007555/d45113e10vk.htm
0000315066-07-002579,2007-04-10,,SC 13G/A,filing.txt,DOC ONE,https://www.sec.gov/Archives/edgar/data/1326380/000031506607002579/filing.txt
0000950138-07-000288,2007-04-19,2007-04-17,4,xslF345X02/april19_fontaine-4ex.xml,GAMESTOP\2007\APRIL 19 FONTAINE-4,https://www.sec.gov/Archives/edgar/data/1326380/000095013807000288/xslF345X02/april19_fontaine-4ex.xml
0000950138-07-000287,2007-04-19,2007-04-17,4,xslF345X02/april19_dematteo-4ex.xml,GAMESTOP\2007\APRIL 19 DEMATTEO-4,https://www.sec.gov/Archives/edgar/data/1326380/000095013807000287/xslF345X02/april19_dematteo-4ex.xml
0000950138-07-000294,2007-04-20,2007-04-19,4,xslF345X02/april20_shern-4ex.xml,GAMESTOP\2007 FILINGS\APRIL 20 SHERN-4,https://www.sec.gov/Archives/edgar/data/1326380/000095013807000294/xslF345X02/april20_shern-4ex.xml
0000950138-07-000293,2007-04-20,2007-04-18,4,xslF345X02/april20_carlson-4ex.xml,GAMESTOP\2007 FILINGS\APRIL 20 CARLSON-4,https://www.sec.gov/Archives/edgar/data/1326380/000095013807000293/xslF345X02/april20_carlson-4ex.xml
0000950138-07-000302,2007-04-26,2007-04-26,8-K,april_26-8k.htm,GAMESTOP\2007 FILINGS\APRIL 26 8-K,https://www.sec.gov/Archives/edgar/data/1326380/000095013807000302/april_26-8k.htm
0000950138-07-000313,2007-04-27,2007-04-25,4,xslF345X02/apr25lriggio-4_ex.xml,,https://www.sec.gov/Archives/edgar/data/1326380/000095013807000313/xslF345X02/apr25lriggio-4_ex.xml
0000950138-07-000324,2007-05-04,2007-05-02,4,xslF345X02/may4szczepanski-4_ex.xml,,https://www.sec.gov/Archives/edgar/data/1326380/000095013807000324/xslF345X02/may4szczepanski-4_ex.xml
0000950138-07-000323,2007-05-04,2007-05-02,4,xslF345X02/may4_kim-4ex.xml,GAMESTOP\2007 FILINGS\MAY 4 KIM-4,https://www.sec.gov/Archives/edgar/data/1326380/000095013807000323/xslF345X02/may4_kim-4ex.xml
0000950138-07-000334,2007-05-07,,SC 13D/A,may_13da-lriggio.htm,GAMESTOP\2007 FILINGS\MAY 13DA-L RIGGIO,https://www.sec.gov/Archives/edgar/data/1326380/000095013807000334/may_13da-lriggio.htm
0001137439-07-000162,2007-05-09,,SC 13D/A,kimfamgs13d050807.htm,,https://www.sec.gov/Archives/edgar/data/1326380/000113743907000162/kimfamgs13d050807.htm
0001157523-07-005529,2007-05-23,2007-05-23,8-K,a5409898.txt,GAMESTOP CORP. 8-K,https://www.sec.gov/Archives/edgar/data/1326380/000115752307005529/a5409898.txt
0000950134-07-012490,2007-05-29,2007-06-28,DEF 14A,d46723def14a.htm,DEFINITIVE PROXY STATEMENT,https://www.sec.gov/Archives/edgar/data/1326380/000095013407012490/d46723def14a.htm
0000950138-07-000452,2007-06-04,2007-05-31,4,xslF345X02/june4_dematteo-4ex.xml,GAMESTOP\2007 FILINGS\JUNE 4 DEMATTEO-4,https://www.sec.gov/Archives/edgar/data/1326380/000095013807000452/xslF345X02/june4_dematteo-4ex.xml
0000950138-07-000451,2007-06-04,2007-05-31,4,xslF345X02/june4_carlson-4ex.xml,GAMESTOP\2007 FILINGS\JUNE 4 CARLSON-4,https://www.sec.gov/Archives/edgar/data/1326380/000095013807000451/xslF345X02/june4_carlson-4ex.xml
0000950134-07-013384,2007-06-14,2007-05-05,10-Q,d47452e10vq.htm,FORM 10-Q,https://www.sec.gov/Archives/edgar/data/1326380/000095013407013384/d47452e10vq.htm
0000950138-07-000494,2007-06-18,2007-06-14,4,xslF345X02/june18_volkwein-4ex.xml,GAMESTOP\2007\JUNE 18 VOLKWEIN-4,https://www.sec.gov/Archives/edgar/data/1326380/000095013807000494/xslF345X02/june18_volkwein-4ex.xml
0000950138-07-000513,2007-06-20,2007-06-19,4,xslF345X02/june20_kim-4ex.xml,,https://www.sec.gov/Archives/edgar/data/1326380/000095013807000513/xslF345X02/june20_kim-4ex.xml
0000950138-07-000512,2007-06-20,2007-06-18,4,xslF345X02/june20_morgan-4ex.xml,GAMESTOP\2007 FILINGS\JUNE 20 MORGAN-4,https://www.sec.gov/Archives/edgar/data/1326380/000095013807000512/xslF345X02/june20_morgan-4ex.xml
0000950138-07-000534,2007-06-22,2007-06-21,4,xslF345X02/june22_kim-4ex.xml,GAMESTOP\2007 FILINGS\JUNE 22 KIM-4,https://www.sec.gov/Archives/edgar/data/1326380/000095013807000534/xslF345X02/june22_kim-4ex.xml
0000950138-07-000553,2007-06-26,2007-06-25,4,xslF345X02/june25_kim-4ex.xml,JUNE 25 KIM FORM 4,https://www.sec.gov/Archives/edgar/data/1326380/000095013807000553/xslF345X02/june25_kim-4ex.xml
0000950138-07-000570,2007-07-05,2007-07-03,4,xslF345X02/july5_bartel-4ex.xml,GAMESTOP\2007 FILINGS\JUNE 5 BARTEL-4,https://www.sec.gov/Archives/edgar/data/1326380/000095013807000570/xslF345X02/july5_bartel-4ex.xml
0000950138-07-000568,2007-07-05,2007-07-03,8-K,july5_8-k.htm,GAMESTOP\2007 FILINGS\JULY 5 8-K,https://www.sec.gov/Archives/edgar/data/1326380/000095013807000568/july5_8-k.htm
0000950138-07-000572,2007-07-06,2007-06-28,3,xslF345X02/july5_koonin-3ex.xml,GAMESTOP\2007 FILINGS\JULY 5 KOONIN-3,https://www.sec.gov/Archives/edgar/data/1326380/000095013807000572/xslF345X02/july5_koonin-3ex.xml
0000950138-07-000587,2007-07-23,,S-8,july_s-8.htm,GAMESTOP\2007 FILINGS\JULY S-8,https://www.sec.gov/Archives/edgar/data/1326380/000095013807000587/july_s-8.htm
0001157523-07-008703,2007-08-23,2007-08-23,8-K,a5477539.txt,GAMESTOP CORP. 8-K,https://www.sec.gov/Archives/edgar/data/1326380/000115752307008703/a5477539.txt
0000950138-07-000679,2007-08-31,2007-08-30,4,xslF345X02/aug31_fontaine-4ex.xml,GAMESTOP\2007 FILINGS\AUG 31 FONTAINE-4,https://www.sec.gov/Archives/edgar/data/1326380/000095013807000679/xslF345X02/aug31_fontaine-4ex.xml
0000950138-07-000696,2007-09-06,2007-09-04,4,xslF345X02/sept6_carlson-4ex.xml,GAMESTOP\2007 FILINGS\SEPT 6 CARLSON-4,https://www.sec.gov/Archives/edgar/data/1326380/000095013807000696/xslF345X02/sept6_carlson-4ex.xml
0000950134-07-019687,2007-09-07,2007-08-04,10-Q,d49727e10vq.htm,FORM 10-Q,https://www.sec.gov/Archives/edgar/data/1326380/000095013407019687/d49727e10vq.htm
0000950138-07-000717,2007-09-12,2007-09-10,4,xslF345X02/sept12_shern-4ex.xml,GAMESTOP\2007 FILINGS\SEPT 12 SHERN-4,https://www.sec.gov/Archives/edgar/data/1326380/000095013807000717/xslF345X02/sept12_shern-4ex.xml
0000950138-07-000727,2007-09-14,2007-09-13,4,xslF345X02/sept14_dematteo-4ex.xml,GAMESTOP\2007 FILINGS\SEPT 14 DEMATTEO-4,https://www.sec.gov/Archives/edgar/data/1326380/000095013807000727/xslF345X02/sept14_dematteo-4ex.xml
0000950138-07-000741,2007-09-21,2007-09-20,4,xslF345X02/sept21_lloyd-4ex.xml,GAMESTOP\2007 FILINGS\SEPT 21 LLOYD-4,https://www.sec.gov/Archives/edgar/data/1326380/000095013807000741/xslF345X02/sept21_lloyd-4ex.xml
0000950138-07-000740,2007-09-21,2007-09-19,4,xslF345X02/sept21_rosen-4ex.xml,GAMESTOP\2007 FILINGS\SEPT 21 ROSEN-4,https://www.sec.gov/Archives/edgar/data/1326380/000095013807000740/xslF345X02/sept21_rosen-4ex.xml
0000000000-07-047126,2007-09-27,,UPLOAD,filename1.pdf,,https://www.sec.gov/Archives/edgar/data/1326380/000000000007047126/filename1.pdf
0000950138-07-000757,2007-09-28,2007-09-26,4,xslF345X02/sept26_bartel-4ex.xml,\GAMESTOP\2007 FILINGS\,https://www.sec.gov/Archives/edgar/data/1326380/000095013807000757/xslF345X02/sept26_bartel-4ex.xml
0000950138-07-000767,2007-10-03,2007-10-02,4,xslF345X02/oct3_volkwein-4ex.xml,GAMESTOP\2007 FILINGS\OCT 3 VOLKWEIN-4,https://www.sec.gov/Archives/edgar/data/1326380/000095013807000767/xslF345X02/oct3_volkwein-4ex.xml
0000950134-07-021164,2007-10-11,,CORRESP,filename1.htm,,https://www.sec.gov/Archives/edgar/data/1326380/000095013407021164/filename1.htm
0000950138-07-000800,2007-10-12,2007-10-11,4,xslF345X02/oct12_szczepanski-4ex.xml,GAMESTOP\2007 FILINGS\OCT 12 SZCZEPANSKI-4,https://www.sec.gov/Archives/edgar/data/1326380/000095013807000800/xslF345X02/oct12_szczepanski-4ex.xml
0000950138-07-000854,2007-10-26,2007-10-24,4,xslF345X02/oct26_lriggio-4ex.xml,GAMESTOP\2007 FILINGS\OCT 26 L RIGGIO-4,https://www.sec.gov/Archives/edgar/data/1326380/000095013807000854/xslF345X02/oct26_lriggio-4ex.xml
0000950138-07-000863,2007-10-31,2007-10-29,4,xslF345X02/oct31_lriggio-4ex.xml,\GAMESTOP\2007\OCT 31 L RIGGIO-4\,https://www.sec.gov/Archives/edgar/data/1326380/000095013807000863/xslF345X02/oct31_lriggio-4ex.xml
0000950138-07-000861,2007-10-31,,SC 13D/A,oct31_13da-lriggio.htm,\GAMESTOP\2007\OCT 31 13DA-L RIGGIO\,https://www.sec.gov/Archives/edgar/data/1326380/000095013807000861/oct31_13da-lriggio.htm
0000000000-07-053916,2007-11-02,,UPLOAD,filename1.pdf,,https://www.sec.gov/Archives/edgar/data/1326380/000000000007053916/filename1.pdf
0001157523-07-011502,2007-11-20,2007-11-20,8-K,a5550811.txt,GAMESTOP CORP. 8-K,https://www.sec.gov/Archives/edgar/data/1326380/000115752307011502/a5550811.txt
0000950134-07-024686,2007-11-30,,CORRESP,filename1.htm,,https://www.sec.gov/Archives/edgar/data/1326380/000095013407024686/filename1.htm
0000950134-07-025084,2007-12-07,2007-11-03,10-Q,d52126e10vq.htm,FORM 10-Q,https://www.sec.gov/Archives/edgar/data/1326380/000095013407025084/d52126e10vq.htm
0000000000-08-001224,2008-01-08,,UPLOAD,filename1.pdf,,https://www.sec.gov/Archives/edgar/data/1326380/000000000008001224/filename1.pdf
0001157523-08-001092,2008-02-07,2008-02-07,8-K,a5605559.htm,GAMESTOP CORP. 8-K,https://www.sec.gov/Archives/edgar/data/1326380/000115752308001092/a5605559.htm
0000950138-08-000119,2008-02-11,2008-02-07,4,xslF345X02/feb11_zilavy-4exex.xml,GAMESTOP\2008 FILINGS\FEB 11 ZILAVY-4,https://www.sec.gov/Archives/edgar/data/1326380/000095013808000119/xslF345X02/feb11_zilavy-4exex.xml
0000950138-08-000118,2008-02-11,2008-02-07,4,xslF345X02/feb11_volkwein-4ex.xml,GAMESTOP\2008 FILINGS\FEB 11 VOLKWEIN-4,https://www.sec.gov/Archives/edgar/data/1326380/000095013808000118/xslF345X02/feb11_volkwein-4ex.xml
0000950138-08-000117,2008-02-11,2008-02-07,4,xslF345X02/feb11_szczepanski-4exex.xml,GAMESTOP\2008 FILINGS\FEB 11 SZCZEPANSKI-4,https://www.sec.gov/Archives/edgar/data/1326380/000095013808000117/xslF345X02/feb11_szczepanski-4exex.xml
0000950138-08-000116,2008-02-11,2008-02-07,4,xslF345X02/feb11_steinberg-4exex.xml,GAMESTOP\2008 FILINGS\FEB 11 STEINBERG-4,https://www.sec.gov/Archives/edgar/data/1326380/000095013808000116/xslF345X02/feb11_steinberg-4exex.xml
0000950138-08-000115,2008-02-11,2008-02-07,4,xslF345X02/feb11_shern-4ex.xml,GAMESTOP\2008 FILINGS\FEB 11 SHERN-4,https://www.sec.gov/Archives/edgar/data/1326380/000095013808000115/xslF345X02/feb11_shern-4ex.xml
0000950138-08-000114,2008-02-11,2008-02-07,4,xslF345X02/feb11_rosen-4exex.xml,GAMESTOP\2208 FILINGS\FEB 11 ROSEN-4,https://www.sec.gov/Archives/edgar/data/1326380/000095013808000114/xslF345X02/feb11_rosen-4exex.xml
0000950138-08-000113,2008-02-11,2008-02-07,4,xslF345X02/feb11_morgan-4ex.xml,GAMESTOP\2008 FILINGS\FEB 11 MORGAN-4,https://www.sec.gov/Archives/edgar/data/1326380/000095013808000113/xslF345X02/feb11_morgan-4ex.xml
0000950138-08-000112,2008-02-11,2008-02-07,4,xslF345X02/feb11_lloyd-4ex.xml,GAMESTOP\2008 FILINGS\FEB 11 LLOYD-4,https://www.sec.gov/Archives/edgar/data/1326380/000095013808000112/xslF345X02/feb11_lloyd-4ex.xml
0000950138-08-000111,2008-02-11,2008-02-07,4,xslF345X02/feb11_lriggio-4ex.xml,GAMESTOP\2008 FILINGS\FEB 11 LEN RIGGIO-4,https://www.sec.gov/Archives/edgar/data/1326380/000095013808000111/xslF345X02/feb11_lriggio-4ex.xml
0000950138-08-000110,2008-02-11,2008-02-07,4,xslF345X02/feb11_koonin-4exex.xml,GAMESTOP\2008 FILINGS\FEB 11 KOONIN-4,https://www.sec.gov/Archives/edgar/data/1326380/000095013808000110/xslF345X02/feb11_koonin-4exex.xml
0000950138-08-000109,2008-02-11,2008-02-07,4,xslF345X02/feb11_freeman-4exex.xml,GAMESTOP\2008 FILINGS\FEB 11 FREEMAN-4,https://www.sec.gov/Archives/edgar/data/1326380/000095013808000109/xslF345X02/feb11_freeman-4exex.xml
0000950138-08-000108,2008-02-11,2008-02-07,4,xslF345X02/feb11_fontaine-4ex.xml,GAMESTOP\2008 FILINGS\FEB 11 FONTAINE-4,https://www.sec.gov/Archives/edgar/data/1326380/000095013808000108/xslF345X02/feb11_fontaine-4ex.xml
0000950138-08-000107,2008-02-11,2008-02-07,4,xslF345X02/feb11_dematteo-4ex.xml,GAMESTOP\2008 FILINGS\FEB 11 DEMATTEO-4,https://www.sec.gov/Archives/edgar/data/1326380/000095013808000107/xslF345X02/feb11_dematteo-4ex.xml
0000950138-08-000106,2008-02-11,2008-02-07,4,xslF345X02/feb11_davis-4exex.xml,\GAMSSTOP\20078 FILINGS\FEB 11 DAVIS-4,https://www.sec.gov/Archives/edgar/data/1326380/000095013808000106/xslF345X02/feb11_davis-4exex.xml
0000950138-08-000105,2008-02-11,2008-02-07,4,xslF345X02/feb11_carlson-4ex.xml,GAMESTOP\2008 FILINGS\FEB 11 CARLSON-4,https://www.sec.gov/Archives/edgar/data/1326380/000095013808000105/xslF345X02/feb11_carlson-4ex.xml
0000950138-08-000104,2008-02-11,2008-02-07,4,xslF345X02/feb11_bartel-4ex.xml,GAMESTOP\2008 FILINGS\FEB 11 BARTEL-4,https://www.sec.gov/Archives/edgar/data/1326380/000095013808000104/xslF345X02/feb11_bartel-4ex.xml
0000052388-08-000052,2008-02-13,,SC 13G/A,sc13g-a1.htm,SCHEDULE 13G/A (AMENDMENT NO. 1),https://www.sec.gov/Archives/edgar/data/1326380/000005238808000052/sc13g-a1.htm
0000950138-08-000127,2008-02-13,2008-02-13,8-K,feb13_8-k.htm,\GAMESTOP\2008 FILINGS\FEB 13 8-K,https://www.sec.gov/Archives/edgar/data/1326380/000095013808000127/feb13_8-k.htm
0000315066-08-001659,2008-02-14,,SC 13G/A,filing.txt,DOC ONE,https://www.sec.gov/Archives/edgar/data/1326380/000031506608001659/filing.txt
0000919574-08-001184,2008-02-14,,SC 13G/A,d850147_13g-a.txt,,https://www.sec.gov/Archives/edgar/data/1326380/000091957408001184/d850147_13g-a.txt
0000950138-08-000153,2008-02-15,2008-02-14,4,xslF345X02/feb15_freeman-4ex.xml,GAMESTOP\2008 FILINGS\FEB 15 FREEMAN-4,https://www.sec.gov/Archives/edgar/data/1326380/000095013808000153/xslF345X02/feb15_freeman-4ex.xml
0000950138-08-000152,2008-02-15,2008-02-14,4,xslF345X02/feb15_fontaine-4ex.xml,GAMESTOP\2008 FILINGS\FEB 15 FONTAINE-4,https://www.sec.gov/Archives/edgar/data/1326380/000095013808000152/xslF345X02/feb15_fontaine-4ex.xml
0000950138-08-000151,2008-02-15,2008-02-14,4,xslF345X02/feb15_dematteo-4ex.xml,GAMESTOP\2008 FILINGS\FEB 15 DEMATTEO-4,https://www.sec.gov/Archives/edgar/data/1326380/000095013808000151/xslF345X02/feb15_dematteo-4ex.xml
0000950138-08-000150,2008-02-15,2008-02-14,4,xslF345X02/feb15_carlson-4ex.xml,GAMESTOP\2008 FILINGS\FEB 15 CARLSON-4,https://www.sec.gov/Archives/edgar/data/1326380/000095013808000150/xslF345X02/feb15_carlson-4ex.xml
0001157523-08-001464,2008-02-15,2008-02-15,8-K,a5612283.htm,GAMESTOP CORP. 8-K,https://www.sec.gov/Archives/edgar/data/1326380/000115752308001464/a5612283.htm
0001157523-08-002293,2008-03-18,2008-03-18,8-K,a5636111.htm,GAMESTOP CORP. 8-K,https://www.sec.gov/Archives/edgar/data/1326380/000115752308002293/a5636111.htm
0000950138-08-000236,2008-03-21,2008-03-20,4,xslF345X02/march21_shern-4ex.xml,,https://www.sec.gov/Archives/edgar/data/1326380/000095013808000236/xslF345X02/march21_shern-4ex.xml
0000950138-08-000249,2008-03-26,2008-03-25,4,xslF345X02/march26_freeman-4ex.xml,GAMESTOP\2008 FILINGS\MARCH 26 FREEMAN-4,https://www.sec.gov/Archives/edgar/data/1326380/000095013808000249/xslF345X02/march26_freeman-4ex.xml
0000950134-08-005418,2008-03-26,,CORRESP,filename1.htm,,https://www.sec.gov/Archives/edgar/data/1326380/000095013408005418/filename1.htm
0000000000-08-016019,2008-03-27,,UPLOAD,filename1.pdf,,https://www.sec.gov/Archives/edgar/data/1326380/000000000008016019/filename1.pdf
0000950138-08-000262,2008-03-31,2008-03-28,4,xslF345X02/mar31zilavy-4.xml,\GAMESTOP\2008\MARCH 31 ZILAVY-4,https://www.sec.gov/Archives/edgar/data/1326380/000095013808000262/xslF345X02/mar31zilavy-4.xml
0000950134-08-005892,2008-04-02,2008-02-02,10-K,d55358e10vk.htm,FORM 10-K,https://www.sec.gov/Archives/edgar/data/1326380/000095013408005892/d55358e10vk.htm
0000950138-08-000284,2008-04-07,2008-04-04,4,xslF345X02/april7_davis-4ex.xml,GAMESTOP\2008 FILINGS\APRIL 7 DAVIS-4,https://www.sec.gov/Archives/edgar/data/1326380/000095013808000284/xslF345X02/april7_davis-4ex.xml
0001157523-08-002937,2008-04-16,2008-04-14,8-K,a5659189.txt,GAMESTOP CORP. 8-K,https://www.sec.gov/Archives/edgar/data/1326380/000115752308002937/a5659189.txt
0000950138-08-000303,2008-04-18,2008-04-18,8-K,april18_8-k.htm,GAMESTOP\2008 FILINGS\APRIL 18 8-K,https://www.sec.gov/Archives/edgar/data/1326380/000095013808000303/april18_8-k.htm
0000950138-08-000323,2008-04-25,2008-04-25,4,xslF345X02/fontaine-4.xml,GAMESTOP\2008\APRIL 25 FONTAINE-4\,https://www.sec.gov/Archives/edgar/data/1326380/000095013808000323/xslF345X02/fontaine-4.xml
0000950138-08-000322,2008-04-25,2008-04-23,4,xslF345X02/april25_dematteo-4ex.xml,GAMESTOP\2008 FILINGS\APRIL 25 DEMATTEO-4,https://www.sec.gov/Archives/edgar/data/1326380/000095013808000322/xslF345X02/april25_dematteo-4ex.xml
0000950138-08-000321,2008-04-25,2008-04-23,4,xslF345X02/april25_carlson-4ex.xml,GAMESTOP\2008 FILINGS\APRIL 25 CARLSON-4,https://www.sec.gov/Archives/edgar/data/1326380/000095013808000321/xslF345X02/april25_carlson-4ex.xml
0001157523-08-004529,2008-05-22,2008-05-22,8-K,a5691949.htm,GAMESTOP CORP. 8-K,https://www.sec.gov/Archives/edgar/data/1326380/000115752308004529/a5691949.htm
0000950134-08-010170,2008-05-23,2008-06-24,DEF 14A,d56797ddef14a.htm,DEFINITIVE PROXY STATEMENT,https://www.sec.gov/Archives/edgar/data/1326380/000095013408010170/d56797ddef14a.htm
0000950134-08-011106,2008-06-12,2008-05-03,10-Q,d57541e10vq.htm,FORM 10-Q,https://www.sec.gov/Archives/edgar/data/1326380/000095013408011106/d57541e10vq.htm
0001157523-08-007019,2008-08-21,2008-08-21,8-K,a5760529.htm,GAMESTOP CORP. 8-K,https://www.sec.gov/Archives/edgar/data/1326380/000115752308007019/a5760529.htm
0000950138-08-000664,2008-09-04,2008-09-04,8-K,sept4_8-k.htm,GAMESTOP\2008 FILINGS\SEPT 4 8-K,https://www.sec.gov/Archives/edgar/data/1326380/000095013808000664/sept4_8-k.htm
0000950134-08-016477,2008-09-11,2008-08-02,10-Q,d60148e10vq.htm,FORM 10-Q,https://www.sec.gov/Archives/edgar/data/1326380/000095013408016477/d60148e10vq.htm
0000950138-08-000678,2008-09-12,2008-09-12,8-K,sept12_8-k.htm,GAMESTOP\2008 FILINGS\SEPT 12 8-K,https://www.sec.gov/Archives/edgar/data/1326380/000095013808000678/sept12_8-k.htm
0000950138-08-000677,2008-09-12,2008-09-07,3,xslF345X02/sept12_raines-3ex.xml,,https://www.sec.gov/Archives/edgar/data/1326380/000095013808000677/xslF345X02/sept12_raines-3ex.xml
0000950138-08-000730,2008-10-02,2008-10-01,8-K,oct1_8-k.htm,GAMESTOP\2008 FILINGS\OCT 1 8-K,https://www.sec.gov/Archives/edgar/data/1326380/000095013808000730/oct1_8-k.htm
0000950138-08-000770,2008-10-30,2008-10-30,8-K,oct30-8k.htm,GAMESTOP\2008\OCT 30 8-K\,https://www.sec.gov/Archives/edgar/data/1326380/000095013808000770/oct30-8k.htm
0000950138-08-000851,2008-11-18,2008-11-18,8-K,nov18_8-k.htm,GAMESTOP\2008 FILINGS\NOV 18 8-K\,https://www.sec.gov/Archives/edgar/data/1326380/000095013808000851/nov18_8-k.htm
0001157523-08-009454,2008-11-20,2008-11-20,8-K,a5836233.htm,GAMESTOP CORP. 8-K,https://www.sec.gov/Archives/edgar/data/1326380/000115752308009454/a5836233.htm
0000950138-08-000874,2008-11-24,2008-11-24,4,xslF345X03/nov24_dematteo-4ex.xml,GAMESTOP\2008 FILINGS\NOV 24 DEMATTEO-4,https://www.sec.gov/Archives/edgar/data/1326380/000095013808000874/xslF345X03/nov24_dematteo-4ex.xml
0000950138-08-000873,2008-11-24,2008-11-24,4,xslF345X03/nov24_carlson-4ex.xml,GAMESTOP\2008 FILINGS\NOV 24 CARLSON-4,https://www.sec.gov/Archives/edgar/data/1326380/000095013808000873/xslF345X03/nov24_carlson-4ex.xml
0000950138-08-000904,2008-11-26,2008-11-24,4,xslF345X03/nov26_steinberg-4ex.xml,GAMESTOP\2008 FILINGS\NOV 26 STEINBERG-4,https://www.sec.gov/Archives/edgar/data/1326380/000095013808000904/xslF345X03/nov26_steinberg-4ex.xml
0000950138-08-000903,2008-11-26,2008-11-24,4,xslF345X03/nov26_shern-4ex.xml,GAMESTOP\2008 FILINGS\NOV 26 SHERN-4,https://www.sec.gov/Archives/edgar/data/1326380/000095013808000903/xslF345X03/nov26_shern-4ex.xml
0000950134-08-022038,2008-12-11,2008-11-01,10-Q,d65491e10vq.htm,FORM 10-Q,https://www.sec.gov/Archives/edgar/data/1326380/000095013408022038/d65491e10vq.htm
0000950138-08-000950,2008-12-15,2008-12-12,4,xslF345X03/dec15_lriggio-4ex.xml,GAMESTOP\2008 FILINGS\DEC 15 L RIGGIO-4,https://www.sec.gov/Archives/edgar/data/1326380/000095013808000950/xslF345X03/dec15_lriggio-4ex.xml
0000950138-09-000007,2009-01-07,2009-01-06,8-K,jan6_8-k.htm,\GAMESTOP\2009\JAN 6 8-K\,https://www.sec.gov/Archives/edgar/data/1326380/000095013809000007/jan6_8-k.htm
0000950138-09-000098,2009-02-09,2009-02-05,4,xslF345X03/feb9_zilavy-4ex.xml,GAMESTOP\2009\FEB 9 4S\FEB 9 ZILAVY-4,https://www.sec.gov/Archives/edgar/data/1326380/000095013809000098/xslF345X03/feb9_zilavy-4ex.xml
0000950138-09-000097,2009-02-09,2009-02-05,4,xslF345X03/feb9_volkwein-4ex.xml,GAMESTOP\2009\FEB 9 4S\FEB 9 VOLKWEIN-4,https://www.sec.gov/Archives/edgar/data/1326380/000095013809000097/xslF345X03/feb9_volkwein-4ex.xml
0000950138-09-000096,2009-02-09,2009-02-05,4,xslF345X03/feb9_szczepanski-4ex.xml,GAMESTOP\2009\FEB 9 4S\FEB 9 SZCZEPANSKI-4,https://www.sec.gov/Archives/edgar/data/1326380/000095013809000096/xslF345X03/feb9_szczepanski-4ex.xml
0000950138-09-000095,2009-02-09,2009-02-05,4,xslF345X03/feb9_bartel-4ex.xml,GAMESTOP\2009\FEB 9 4S\FEB 9 BARTEL-4,https://www.sec.gov/Archives/edgar/data/1326380/000095013809000095/xslF345X03/feb9_bartel-4ex.xml
0000950138-09-000094,2009-02-09,2009-02-05,4,xslF345X03/feb9_steinberg-4ex.xml,GAMESTOP\2009\FEB 9 4S\FEB 9 STEINBERG-4,https://www.sec.gov/Archives/edgar/data/1326380/000095013809000094/xslF345X03/feb9_steinberg-4ex.xml
0000950138-09-000093,2009-02-09,2009-02-05,4,xslF345X03/feb9_shern-4ex.xml,GAMESTOP\2009\FEB 9 4S\FEB 9 SHERN-4,https://www.sec.gov/Archives/edgar/data/1326380/000095013809000093/xslF345X03/feb9_shern-4ex.xml
0000950138-09-000092,2009-02-09,2009-02-05,4,xslF345X03/feb9_rosen-4ex.xml,GAMESTOP\2009\FEB 9 4S\FEB 9 ROSEN-4,https://www.sec.gov/Archives/edgar/data/1326380/000095013809000092/xslF345X03/feb9_rosen-4ex.xml
0000950138-09-000091,2009-02-09,2009-02-05,4,xslF345X03/feb9_raines-4ex.xml,GAMESTOP\2009\FEB 9 4S\FEB 9 RAINES-4,https://www.sec.gov/Archives/edgar/data/1326380/000095013809000091/xslF345X03/feb9_raines-4ex.xml
0000950138-09-000090,2009-02-09,2009-02-05,4,xslF345X03/feb9_lloyd-4ex.xml,GAMESTOP\2009\FEB 9 4S\FEB 9 LLOYD-4,https://www.sec.gov/Archives/edgar/data/1326380/000095013809000090/xslF345X03/feb9_lloyd-4ex.xml
0000950138-09-000089,2009-02-09,2009-02-05,4,xslF345X03/feb9_lriggio-4ex.xml,GAMESTOP\2009\FEB 9 4S\FEB 9 L RIGGIO-4,https://www.sec.gov/Archives/edgar/data/1326380/000095013809000089/xslF345X03/feb9_lriggio-4ex.xml
0000950138-09-000088,2009-02-09,2009-02-05,4,xslF345X03/feb9_koonin-4ex.xml,GAMESTOP\2009\FEB 9 4S\FEB 9 KOONIN-4,https://www.sec.gov/Archives/edgar/data/1326380/000095013809000088/xslF345X03/feb9_koonin-4ex.xml
0000950138-09-000087,2009-02-09,2009-02-05,4,xslF345X03/feb9_fontaine-4ex.xml,GAMESTOP\2009\FEB 9 4S\FEB 9 FONTAINE-4,https://www.sec.gov/Archives/edgar/data/1326380/000095013809000087/xslF345X03/feb9_fontaine-4ex.xml
0000950138-09-000086,2009-02-09,2009-02-05,4,xslF345X03/feb9_dematteo-4ex.xml,GAMESTOP\2009\FEB 9 4S\FEB 9 DEMATTEO-4,https://www.sec.gov/Archives/edgar/data/1326380/000095013809000086/xslF345X03/feb9_dematteo-4ex.xml
0000950138-09-000085,2009-02-09,2009-02-05,4,xslF345X03/feb9_davis-4ex.xml,GAMESTOP\2009\FEB 9 4S\FEB 9 DAVIS-4,https://www.sec.gov/Archives/edgar/data/1326380/000095013809000085/xslF345X03/feb9_davis-4ex.xml
0000950138-09-000084,2009-02-09,2009-02-05,4,xslF345X03/feb9_carlson-4ex.xml,GAMESTOP\2009\FEB 9 4S\FEB 9 CARLSON-4,https://www.sec.gov/Archives/edgar/data/1326380/000095013809000084/xslF345X03/feb9_carlson-4ex.xml
0000950138-09-000083,2009-02-09,2009-02-05,4,xslF345X03/feb9_bartel-4ex.xml,GAMESTOP\2009\FEB 9 4S\FEB 9 BARTEL-4,https://www.sec.gov/Archives/edgar/data/1326380/000095013809000083/xslF345X03/feb9_bartel-4ex.xml
0000950138-09-000104,2009-02-11,2009-02-09,4,xslF345X03/feb11_lloyd-4ex.xml,GAMESTOP\2009\FEB 11 FORMS 4\FEB 11 LLOYD-4\,https://www.sec.gov/Archives/edgar/data/1326380/000095013809000104/xslF345X03/feb11_lloyd-4ex.xml
0000950138-09-000103,2009-02-11,2009-02-09,4,xslF345X03/feb11_fontaine-4ex.xml,GAMESTOP\2009\FEB 11 FORMS 4\FEB 11 FONTAINE-4\,https://www.sec.gov/Archives/edgar/data/1326380/000095013809000103/xslF345X03/feb11_fontaine-4ex.xml
0000950138-09-000102,2009-02-11,2009-02-09,4,xslF345X03/feb11_dematteo-4ex.xml,\GAMESTOP\2009\FEB 11 FORMS 4\FEB 11 DEMATTEO-4\,https://www.sec.gov/Archives/edgar/data/1326380/000095013809000102/xslF345X03/feb11_dematteo-4ex.xml
0000950138-09-000101,2009-02-11,2009-02-09,4,xslF345X03/feb11_bartel-4ex.xml,,https://www.sec.gov/Archives/edgar/data/1326380/000095013809000101/xslF345X03/feb11_bartel-4ex.xml
0001157523-09-001150,2009-02-11,2009-02-05,8-K,a5894263.txt,GAMESTOP CORP. 8-K,https://www.sec.gov/Archives/edgar/data/1326380/000115752309001150/a5894263.txt
0000052388-09-000038,2009-02-13,,SC 13G/A,sc13g-exit.htm,SCHEDULE 13G/A (AMENDMENT NO. 2),https://www.sec.gov/Archives/edgar/data/1326380/000005238809000038/sc13g-exit.htm
0000950138-09-000131,2009-02-17,2009-02-09,4/A,xslF345X03/feb17_dematteo-4aex.xml,GAMESTOP\2009 FILINGS\FEB 17 DEMATTEO-4A\,https://www.sec.gov/Archives/edgar/data/1326380/000095013809000131/xslF345X03/feb17_dematteo-4aex.xml
0000315066-09-001734,2009-02-17,,SC 13G/A,filing.txt,DOC ONE,https://www.sec.gov/Archives/edgar/data/1326380/000031506609001734/filing.txt
0001157523-09-001483,2009-02-23,2009-02-19,8-K,a5902122.htm,GAMESTOP CORP. 8-K,https://www.sec.gov/Archives/edgar/data/1326380/000115752309001483/a5902122.htm
0001157523-09-002365,2009-03-27,2009-03-26,8-K,a5925898.htm,GAMESTOP CORP. 8-K,https://www.sec.gov/Archives/edgar/data/1326380/000115752309002365/a5925898.htm
0000950138-09-000263,2009-04-01,2009-03-31,4,xslF345X03/apr1_zilavy-4ex.xml,GAMESTOP\2009 FILINGS\APR 1 ZILAVY-4,https://www.sec.gov/Archives/edgar/data/1326380/000095013809000263/xslF345X03/apr1_zilavy-4ex.xml
0000950138-09-000262,2009-04-01,2009-03-30,4,xslF345X03/apr1_shern-4ex.xml,GAMESTOP\2009 FILINGS\APR 1 SHERN-4,https://www.sec.gov/Archives/edgar/data/1326380/000095013809000262/xslF345X03/apr1_shern-4ex.xml
0000950134-09-006730,2009-04-01,2009-01-31,10-K,d66430e10vk.htm,FORM 10-K,https://www.sec.gov/Archives/edgar/data/1326380/000095013409006730/d66430e10vk.htm
0000950138-09-000287,2009-04-06,2009-04-03,4,xslF345X03/apr6_volkwein-4ex.xml,GAMESTOP\2009 FILINGS\APR 6 VOLKWEIN-4,https://www.sec.gov/Archives/edgar/data/1326380/000095013809000287/xslF345X03/apr6_volkwein-4ex.xml
0001157523-09-004051,2009-05-21,2009-05-21,8-K,a5970322.htm,GAMESTOP CORP. 8-K,https://www.sec.gov/Archives/edgar/data/1326380/000115752309004051/a5970322.htm
0000950134-09-011302,2009-05-22,2009-06-23,DEF 14A,d67672def14a.htm,DEF 14A,https://www.sec.gov/Archives/edgar/data/1326380/000095013409011302/d67672def14a.htm
0000950138-09-000370,2009-05-27,2009-05-27,4,xslF345X03/form4_052709ex.xml,,https://www.sec.gov/Archives/edgar/data/1326380/000095013809000370/xslF345X03/form4_052709ex.xml
0000950138-09-000374,2009-06-02,2009-06-02,4,xslF345X03/june2_carlson-4ex.xml,GAMESTOP\2009 FILINGS\JUNE 2 CARLSON-4,https://www.sec.gov/Archives/edgar/data/1326380/000095013809000374/xslF345X03/june2_carlson-4ex.xml
0000950123-09-013296,2009-06-11,2009-05-02,10-Q,d68027e10vq.htm,FORM 10-Q,https://www.sec.gov/Archives/edgar/data/1326380/000095012309013296/d68027e10vq.htm
0001157523-09-006102,2009-08-20,2009-08-20,8-K,a6033151.htm,GAMESTOP CORP. 8-K,https://www.sec.gov/Archives/edgar/data/1326380/000115752309006102/a6033151.htm
0000950138-09-000542,2009-08-25,2009-08-25,8-K,august_8-k.htm,GAMESTOP\2009 FILINGS\AUGUST 8-K\,https://www.sec.gov/Archives/edgar/data/1326380/000095013809000542/august_8-k.htm
0000950138-09-000557,2009-08-26,2009-08-24,3,xslF345X02/aug25_smith-3ex.xml,GAMESTOP\2009 FILINGS\AUG 25 SMITH-3,https://www.sec.gov/Archives/edgar/data/1326380/000095013809000557/xslF345X02/aug25_smith-3ex.xml
0000000000-09-049419,2009-09-04,,UPLOAD,filename1.pdf,,https://www.sec.gov/Archives/edgar/data/1326380/000000000009049419/filename1.pdf
0000950123-09-042090,2009-09-09,2009-08-01,10-Q,d68990e10vq.htm,FORM 10-Q,https://www.sec.gov/Archives/edgar/data/1326380/000095012309042090/d68990e10vq.htm
0000950138-09-000601,2009-09-10,2009-09-08,4,xslF345X03/sept10_raines-4ex.xml,GAMESTOP\2009 FILINGS\SEPT 10 RAINES-4,https://www.sec.gov/Archives/edgar/data/1326380/000095013809000601/xslF345X03/sept10_raines-4ex.xml
0000950123-09-047091,2009-09-29,,CORRESP,filename1.htm,,https://www.sec.gov/Archives/edgar/data/1326380/000095012309047091/filename1.htm
0000950138-09-000664,2009-10-08,2009-10-06,4,xslF345X03/oct8_lriggio-4ex.xml,GAMESTOP\2009 FILINGS\OCT 8 L RIGGIO-4,https://www.sec.gov/Archives/edgar/data/1326380/000095013809000664/xslF345X03/oct8_lriggio-4ex.xml
0000950138-09-000667,2009-10-09,,SC 13D/A,oct9_13da-lriggio.htm,GAMESTOP\2009 FILINGS\OCT 9 13DA L RIGGIO,https://www.sec.gov/Archives/edgar/data/1326380/000095013809000667/oct9_13da-lriggio.htm
0000000000-09-063296,2009-11-09,,UPLOAD,filename1.pdf,,https://www.sec.gov/Archives/edgar/data/1326380/000000000009063296/filename1.pdf
0001157523-09-008187,2009-11-19,2009-11-19,8-K,a6104727.htm,GAMESTOP CORP. 8-K,https://www.sec.gov/Archives/edgar/data/1326380/000115752309008187/a6104727.htm
0000950138-09-000790,2009-11-25,2009-11-24,4,xslF345X03/nov25_davis-4ex.xml,\GAMESTOP\2009\NOV 25 DAVIS-4\,https://www.sec.gov/Archives/edgar/data/1326380/000095013809000790/xslF345X03/nov25_davis-4ex.xml
0000950123-09-069549,2009-12-09,2009-10-31,10-Q,d69085e10vq.htm,FORM 10-Q,https://www.sec.gov/Archives/edgar/data/1326380/000095012309069549/d69085e10vq.htm
0000950138-10-000010,2010-01-13,2010-01-12,8-K,jan12_8-k.htm,GAMESTOP\2010 FILINGS\JAN12 8-K\,https://www.sec.gov/Archives/edgar/data/1326380/000095013810000010/jan12_8-k.htm
0000950138-10-000012,2010-01-14,2010-01-07,3,xslF345X02/jan13_mauler-3ex.xml,GAMESTOP\2010 FILINGS\JAN 13 MAULER-3\,https://www.sec.gov/Archives/edgar/data/1326380/000095013810000012/xslF345X02/jan13_mauler-3ex.xml
0001086364-10-008247,2010-01-29,,SC 13G,gamestop123109.txt,,https://www.sec.gov/Archives/edgar/data/1326380/000108636410008247/gamestop123109.txt
0000950138-10-000032,2010-02-04,,S-8,feb4s-8.htm,,https://www.sec.gov/Archives/edgar/data/1326380/000095013810000032/feb4s-8.htm
0000950138-10-000081,2010-02-08,2010-02-04,4,xslF345X03/edgar.xml,PRIMARY DOCUMENT,https://www.sec.gov/Archives/edgar/data/1326380/000095013810000081/xslF345X03/edgar.xml
0000950138-10-000080,2010-02-08,2010-02-04,4,xslF345X03/edgar.xml,PRIMARY DOCUMENT,https://www.sec.gov/Archives/edgar/data/1326380/000095013810000080/xslF345X03/edgar.xml
0000950138-10-000079,2010-02-08,2010-02-04,4,xslF345X03/edgar.xml,PRIMARY DOCUMENT,https://www.sec.gov/Archives/edgar/data/1326380/000095013810000079/xslF345X03/edgar.xml
0000950138-10-000078,2010-02-08,2010-02-04,4,xslF345X03/edgar.xml,PRIMARY DOCUMENT,https://www.sec.gov/Archives/edgar/data/1326380/000095013810000078/xslF345X03/edgar.xml
0000950138-10-000077,2010-02-08,2010-02-04,4,xslF345X03/edgar.xml,PRIMARY DOCUMENT,https://www.sec.gov/Archives/edgar/data/1326380/000095013810000077/xslF345X03/edgar.xml
0000950138-10-000076,2010-02-08,2010-02-04,4,xslF345X03/edgar.xml,PRIMARY DOCUMENT,https://www.sec.gov/Archives/edgar/data/1326380/000095013810000076/xslF345X03/edgar.xml
0000950138-10-000075,2010-02-08,2010-02-04,4,xslF345X03/edgar.xml,PRIMARY DOCUMENT,https://www.sec.gov/Archives/edgar/data/1326380/000095013810000075/xslF345X03/edgar.xml
0000950138-10-000074,2010-02-08,2010-02-04,4,xslF345X03/edgar.xml,PRIMARY DOCUMENT,https://www.sec.gov/Archives/edgar/data/1326380/000095013810000074/xslF345X03/edgar.xml
0000950138-10-000073,2010-02-08,2010-02-04,4,xslF345X03/edgar.xml,PRIMARY DOCUMENT,https://www.sec.gov/Archives/edgar/data/1326380/000095013810000073/xslF345X03/edgar.xml
0000950138-10-000072,2010-02-08,2010-02-04,4,xslF345X03/edgar.xml,PRIMARY DOCUMENT,https://www.sec.gov/Archives/edgar/data/1326380/000095013810000072/xslF345X03/edgar.xml
0000950138-10-000071,2010-02-08,2010-02-04,4,xslF345X03/edgar.xml,PRIMARY DOCUMENT,https://www.sec.gov/Archives/edgar/data/1326380/000095013810000071/xslF345X03/edgar.xml
0000950138-10-000070,2010-02-08,2010-02-04,4,xslF345X03/edgar.xml,PRIMARY DOCUMENT,https://www.sec.gov/Archives/edgar/data/1326380/000095013810000070/xslF345X03/edgar.xml
0000950138-10-000069,2010-02-08,2010-02-04,4,xslF345X03/edgar.xml,PRIMARY DOCUMENT,https://www.sec.gov/Archives/edgar/data/1326380/000095013810000069/xslF345X03/edgar.xml
0000950138-10-000068,2010-02-08,2010-02-04,4,xslF345X03/edgar.xml,PRIMARY DOCUMENT,https://www.sec.gov/Archives/edgar/data/1326380/000095013810000068/xslF345X03/edgar.xml
0000950138-10-000067,2010-02-08,2010-02-04,4,xslF345X03/edgar.xml,PRIMARY DOCUMENT,https://www.sec.gov/Archives/edgar/data/1326380/000095013810000067/xslF345X03/edgar.xml
0000950138-10-000066,2010-02-08,2010-02-04,4,xslF345X03/edgar.xml,PRIMARY DOCUMENT,https://www.sec.gov/Archives/edgar/data/1326380/000095013810000066/xslF345X03/edgar.xml
0000950138-10-000091,2010-02-10,2010-02-10,8-K,feb10_8-k.htm,,https://www.sec.gov/Archives/edgar/data/1326380/000095013810000091/feb10_8-k.htm
0000950138-10-000106,2010-02-11,2010-02-09,4,xslF345X03/edgar.xml,PRIMARY DOCUMENT,https://www.sec.gov/Archives/edgar/data/1326380/000095013810000106/xslF345X03/edgar.xml
0000950138-10-000105,2010-02-11,2010-02-09,4,xslF345X03/edgar.xml,PRIMARY DOCUMENT,https://www.sec.gov/Archives/edgar/data/1326380/000095013810000105/xslF345X03/edgar.xml
0000950138-10-000104,2010-02-11,2010-02-09,4,xslF345X03/edgar.xml,PRIMARY DOCUMENT,https://www.sec.gov/Archives/edgar/data/1326380/000095013810000104/xslF345X03/edgar.xml
0000950138-10-000103,2010-02-11,2010-02-09,4,xslF345X03/edgar.xml,PRIMARY DOCUMENT,https://www.sec.gov/Archives/edgar/data/1326380/000095013810000103/xslF345X03/edgar.xml
0000950138-10-000102,2010-02-11,2010-02-09,4,xslF345X03/edgar.xml,PRIMARY DOCUMENT,https://www.sec.gov/Archives/edgar/data/1326380/000095013810000102/xslF345X03/edgar.xml
0000950138-10-000121,2010-02-19,2010-02-17,4,xslF345X03/edgar.xml,PRIMARY DOCUMENT,https://www.sec.gov/Archives/edgar/data/1326380/000095013810000121/xslF345X03/edgar.xml
0000950138-10-000131,2010-02-24,2010-02-24,8-K,feb24-8k.htm,,https://www.sec.gov/Archives/edgar/data/1326380/000095013810000131/feb24-8k.htm
0001157523-10-001638,2010-03-18,2010-03-18,8-K,a6218941.htm,GAMESTOP CORP. 8-K,https://www.sec.gov/Archives/edgar/data/1326380/000115752310001638/a6218941.htm
0000950123-10-030164,2010-03-30,2010-01-30,10-K,d70778e10vk.htm,FORM 10-K,https://www.sec.gov/Archives/edgar/data/1326380/000095012310030164/d70778e10vk.htm
0000950138-10-000269,2010-04-09,2010-04-09,8-K,apr9_8-k.htm,,https://www.sec.gov/Archives/edgar/data/1326380/000095013810000269/apr9_8-k.htm
0000950138-10-000283,2010-04-20,2010-02-04,4/A,xslF345X03/edgar.xml,PRIMARY DOCUMENT,https://www.sec.gov/Archives/edgar/data/1326380/000095013810000283/xslF345X03/edgar.xml
0000950138-10-000282,2010-04-20,2010-01-30,5,xslF345X03/edgar.xml,PRIMARY DOCUMENT,https://www.sec.gov/Archives/edgar/data/1326380/000095013810000282/xslF345X03/edgar.xml
0000950123-10-050895,2010-05-18,2010-06-22,DEF 14A,d72450ddef14a.htm,SCHEDULE DEF 14A,https://www.sec.gov/Archives/edgar/data/1326380/000095012310050895/d72450ddef14a.htm
0001157523-10-003300,2010-05-20,2010-05-20,8-K,a6298199.htm,GAMESTOP CORP. 8-K,https://www.sec.gov/Archives/edgar/data/1326380/000115752310003300/a6298199.htm
0000950138-10-000422,2010-06-02,2010-06-02,4,xslF345X03/edgar.xml,PRIMARY DOCUMENT,https://www.sec.gov/Archives/edgar/data/1326380/000095013810000422/xslF345X03/edgar.xml
0000950138-10-000420,2010-06-02,2010-06-02,8-K,form8-kofficerchanges610_v3.htm,,https://www.sec.gov/Archives/edgar/data/1326380/000095013810000420/form8-kofficerchanges610_v3.htm
0000950123-10-056938,2010-06-09,2010-05-01,10-Q,d73338e10vq.htm,FORM 10-Q,https://www.sec.gov/Archives/edgar/data/1326380/000095012310056938/d73338e10vq.htm
0000950138-10-000458,2010-06-17,2010-06-17,8-K,jun17_8-k.htm,,https://www.sec.gov/Archives/edgar/data/1326380/000095013810000458/jun17_8-k.htm
0000950138-10-000465,2010-06-24,2010-06-14,3,xslF345X02/edgar.xml,PRIMARY DOCUMENT,https://www.sec.gov/Archives/edgar/data/1326380/000095013810000465/xslF345X02/edgar.xml
0001157523-10-003802,2010-06-24,2010-06-22,8-K,a6340108.txt,GAMESTOP CORP. 8-K,https://www.sec.gov/Archives/edgar/data/1326380/000115752310003802/a6340108.txt
0000950138-10-000502,2010-07-27,2010-07-27,8-K,july27_8-k.htm,,https://www.sec.gov/Archives/edgar/data/1326380/000095013810000502/july27_8-k.htm
0001157523-10-005164,2010-08-19,2010-08-19,8-K,a6401786.htm,GAMESTOP CORP. 8-K,https://www.sec.gov/Archives/edgar/data/1326380/000115752310005164/a6401786.htm
0000950123-10-084627,2010-09-08,2010-07-31,10-Q,d75281e10vq.htm,FORM 10-Q,https://www.sec.gov/Archives/edgar/data/1326380/000095012310084627/d75281e10vq.htm
0000950138-10-000563,2010-09-10,2010-09-08,4,xslF345X03/edgar.xml,PRIMARY DOCUMENT,https://www.sec.gov/Archives/edgar/data/1326380/000095013810000563/xslF345X03/edgar.xml
0001157523-10-005502,2010-09-15,2010-09-15,8-K,a6431718.htm,GAMESTOP CORP. 8-K,https://www.sec.gov/Archives/edgar/data/1326380/000115752310005502/a6431718.htm
0000950138-10-000581,2010-09-22,2010-09-22,8-K,knoteredemption_v2.htm,,https://www.sec.gov/Archives/edgar/data/1326380/000095013810000581/knoteredemption_v2.htm
0000950138-10-000624,2010-10-13,2010-10-12,4,xslF345X03/edgar.xml,PRIMARY DOCUMENT,https://www.sec.gov/Archives/edgar/data/1326380/000095013810000624/xslF345X03/edgar.xml
0000950138-10-000626,2010-10-15,2010-10-13,4,xslF345X03/edgar.xml,PRIMARY DOCUMENT,https://www.sec.gov/Archives/edgar/data/1326380/000095013810000626/xslF345X03/edgar.xml
0000950138-10-000628,2010-10-18,,SC 13D/A,oct13da-gamestop.htm,,https://www.sec.gov/Archives/edgar/data/1326380/000095013810000628/oct13da-gamestop.htm
0000950138-10-000658,2010-10-19,2010-10-18,4,xslF345X03/edgar.xml,PRIMARY DOCUMENT,https://www.sec.gov/Archives/edgar/data/1326380/000095013810000658/xslF345X03/edgar.xml
0000950138-10-000659,2010-10-20,2010-10-20,4,xslF345X03/edgar.xml,PRIMARY DOCUMENT,https://www.sec.gov/Archives/edgar/data/1326380/000095013810000659/xslF345X03/edgar.xml
0000950138-10-000676,2010-10-26,2010-10-25,4,xslF345X03/edgar.xml,PRIMARY DOCUMENT,https://www.sec.gov/Archives/edgar/data/1326380/000095013810000676/xslF345X03/edgar.xml
0001157523-10-006999,2010-11-18,2010-11-18,8-K,a6516917.htm,GAMESTOP CORP. 8-K,https://www.sec.gov/Archives/edgar/data/1326380/000115752310006999/a6516917.htm
0000950123-10-112044,2010-12-08,2010-10-30,10-Q,d77600e10vq.htm,10-Q,https://www.sec.gov/Archives/edgar/data/1326380/000095012310112044/d77600e10vq.htm
0001086364-10-010030,2010-12-09,,SC 13G/A,gamestop11302010.txt,,https://www.sec.gov/Archives/edgar/data/1326380/000108636410010030/gamestop11302010.txt
0000950138-11-000016,2011-01-06,2011-01-06,8-K,jan8-k.htm,,https://www.sec.gov/Archives/edgar/data/1326380/000095013811000016/jan8-k.htm
0001086364-11-000165,2011-01-10,,SC 13G/A,gamestopcorpnew123110.txt,,https://www.sec.gov/Archives/edgar/data/1326380/000108636411000165/gamestopcorpnew123110.txt
0000950138-11-000064,2011-02-03,2011-02-01,4,xslF345X03/edgar.xml,PRIMARY DOCUMENT,https://www.sec.gov/Archives/edgar/data/1326380/000095013811000064/xslF345X03/edgar.xml
0000950138-11-000089,2011-02-04,2011-02-02,4,xslF345X03/edgar.xml,PRIMARY DOCUMENT,https://www.sec.gov/Archives/edgar/data/1326380/000095013811000089/xslF345X03/edgar.xml
0000950138-11-000088,2011-02-04,2011-02-02,4,xslF345X03/edgar.xml,PRIMARY DOCUMENT,https://www.sec.gov/Archives/edgar/data/1326380/000095013811000088/xslF345X03/edgar.xml
0000950138-11-000087,2011-02-04,2011-02-02,4,xslF345X03/edgar.xml,PRIMARY DOCUMENT,https://www.sec.gov/Archives/edgar/data/1326380/000095013811000087/xslF345X03/edgar.xml
0000950138-11-000086,2011-02-04,2011-02-02,4,xslF345X03/edgar.xml,PRIMARY DOCUMENT,https://www.sec.gov/Archives/edgar/data/1326380/000095013811000086/xslF345X03/edgar.xml
0000950138-11-000085,2011-02-04,2011-02-02,4,xslF345X03/edgar.xml,PRIMARY DOCUMENT,https://www.sec.gov/Archives/edgar/data/1326380/000095013811000085/xslF345X03/edgar.xml
0000950138-11-000084,2011-02-04,2011-02-02,4,xslF345X03/edgar.xml,PRIMARY DOCUMENT,https://www.sec.gov/Archives/edgar/data/1326380/000095013811000084/xslF345X03/edgar.xml
0000950138-11-000083,2011-02-04,2011-02-02,4,xslF345X03/edgar.xml,PRIMARY DOCUMENT,https://www.sec.gov/Archives/edgar/data/1326380/000095013811000083/xslF345X03/edgar.xml
0000950138-11-000082,2011-02-04,2011-02-02,4,xslF345X03/edgar.xml,PRIMARY DOCUMENT,https://www.sec.gov/Archives/edgar/data/1326380/000095013811000082/xslF345X03/edgar.xml
0000950138-11-000081,2011-02-04,2011-02-02,4,xslF345X03/edgar.xml,PRIMARY DOCUMENT,https://www.sec.gov/Archives/edgar/data/1326380/000095013811000081/xslF345X03/edgar.xml
0000950138-11-000080,2011-02-04,2011-02-02,4,xslF345X03/edgar.xml,PRIMARY DOCUMENT,https://www.sec.gov/Archives/edgar/data/1326380/000095013811000080/xslF345X03/edgar.xml
0000950138-11-000079,2011-02-04,2011-02-02,4,xslF345X03/edgar.xml,PRIMARY DOCUMENT,https://www.sec.gov/Archives/edgar/data/1326380/000095013811000079/xslF345X03/edgar.xml
0000950138-11-000077,2011-02-04,2011-02-02,4,xslF345X03/edgar.xml,PRIMARY DOCUMENT,https://www.sec.gov/Archives/edgar/data/1326380/000095013811000077/xslF345X03/edgar.xml
0000950138-11-000076,2011-02-04,2011-02-02,4,xslF345X03/edgar.xml,PRIMARY DOCUMENT,https://www.sec.gov/Archives/edgar/data/1326380/000095013811000076/xslF345X03/edgar.xml
0000950138-11-000075,2011-02-04,2011-02-02,4,xslF345X03/edgar.xml,PRIMARY DOCUMENT,https://www.sec.gov/Archives/edgar/data/1326380/000095013811000075/xslF345X03/edgar.xml
0000950138-11-000074,2011-02-04,2011-02-02,4,xslF345X03/edgar.xml,PRIMARY DOCUMENT,https://www.sec.gov/Archives/edgar/data/1326380/000095013811000074/xslF345X03/edgar.xml
0000950138-11-000073,2011-02-04,2011-02-02,4,xslF345X03/edgar.xml,PRIMARY DOCUMENT,https://www.sec.gov/Archives/edgar/data/1326380/000095013811000073/xslF345X03/edgar.xml
0000861177-11-000011,2011-02-04,,SC 13G,gamestop_new.txt,,https://www.sec.gov/Archives/edgar/data/1326380/000086117711000011/gamestop_new.txt
0001157523-11-000630,2011-02-04,2011-02-02,8-K,a6598294.htm,GAMESTOP CORP. 8-K,https://www.sec.gov/Archives/edgar/data/1326380/000115752311000630/a6598294.htm
0000950138-11-000092,2011-02-08,2011-02-08,8-K,feb8-k.htm,,https://www.sec.gov/Archives/edgar/data/1326380/000095013811000092/feb8-k.htm
0000950138-11-000095,2011-02-09,2011-02-09,8-K,feb9-8k.htm,,https://www.sec.gov/Archives/edgar/data/1326380/000095013811000095/feb9-8k.htm
0001085256-11-000015,2011-02-09,,SC 13G,gme13g.txt,,https://www.sec.gov/Archives/edgar/data/1326380/000108525611000015/gme13g.txt
0000950138-11-000104,2011-02-10,2011-02-08,4,xslF345X03/edgar.xml,PRIMARY DOCUMENT,https://www.sec.gov/Archives/edgar/data/1326380/000095013811000104/xslF345X03/edgar.xml
0000950138-11-000103,2011-02-10,2011-02-08,4,xslF345X03/edgar.xml,PRIMARY DOCUMENT,https://www.sec.gov/Archives/edgar/data/1326380/000095013811000103/xslF345X03/edgar.xml
0000950138-11-000102,2011-02-10,2011-02-08,4,xslF345X03/edgar.xml,PRIMARY DOCUMENT,https://www.sec.gov/Archives/edgar/data/1326380/000095013811000102/xslF345X03/edgar.xml
0000950138-11-000101,2011-02-10,2011-02-08,4,xslF345X03/edgar.xml,PRIMARY DOCUMENT,https://www.sec.gov/Archives/edgar/data/1326380/000095013811000101/xslF345X03/edgar.xml
0000950138-11-000100,2011-02-10,2011-02-08,4,xslF345X03/edgar.xml,PRIMARY DOCUMENT,https://www.sec.gov/Archives/edgar/data/1326380/000095013811000100/xslF345X03/edgar.xml
0000950138-11-000099,2011-02-10,2011-02-10,4,xslF345X03/edgar.xml,PRIMARY DOCUMENT,https://www.sec.gov/Archives/edgar/data/1326380/000095013811000099/xslF345X03/edgar.xml
0000950138-11-000098,2011-02-10,2011-02-08,4,xslF345X03/edgar.xml,PRIMARY DOCUMENT,https://www.sec.gov/Archives/edgar/data/1326380/000095013811000098/xslF345X03/edgar.xml
0000315066-11-002539,2011-02-14,,SC 13G,filing.txt,DOC ONE,https://www.sec.gov/Archives/edgar/data/1326380/000031506611002539/filing.txt
0001157523-11-001712,2011-03-24,2011-03-24,8-K,a6658391.htm,GAMESTOP CORP. 8-K,https://www.sec.gov/Archives/edgar/data/1326380/000115752311001712/a6658391.htm
0000950123-11-030842,2011-03-30,2011-01-29,10-K,d80233e10vk.htm,FORM 10-K,https://www.sec.gov/Archives/edgar/data/1326380/000095012311030842/d80233e10vk.htm
0000950138-11-000216,2011-04-01,2011-04-01,8-K,mar31-8k.htm,,https://www.sec.gov/Archives/edgar/data/1326380/000095013811000216/mar31-8k.htm
0000950138-11-000231,2011-04-08,2011-04-06,4,xslF345X03/edgar.xml,PRIMARY DOCUMENT,https://www.sec.gov/Archives/edgar/data/1326380/000095013811000231/xslF345X03/edgar.xml
0000950138-11-000235,2011-04-13,2011-04-12,4,xslF345X03/edgar.xml,PRIMARY DOCUMENT,https://www.sec.gov/Archives/edgar/data/1326380/000095013811000235/xslF345X03/edgar.xml
0000950138-11-000234,2011-04-13,2011-04-11,4,xslF345X03/edgar.xml,PRIMARY DOCUMENT,https://www.sec.gov/Archives/edgar/data/1326380/000095013811000234/xslF345X03/edgar.xml
0000950138-11-000242,2011-04-22,2011-04-21,4,xslF345X03/edgar.xml,PRIMARY DOCUMENT,https://www.sec.gov/Archives/edgar/data/1326380/000095013811000242/xslF345X03/edgar.xml
0000950138-11-000306,2011-05-16,2011-05-16,8-K,kriggio_v2.htm,FORM 8-K,https://www.sec.gov/Archives/edgar/data/1326380/000095013811000306/kriggio_v2.htm
0000950123-11-050780,2011-05-16,2011-06-21,DEF 14A,d82027def14a.htm,DEF 14A,https://www.sec.gov/Archives/edgar/data/1326380/000095012311050780/d82027def14a.htm
0001157523-11-003255,2011-05-19,2011-05-19,8-K,a6729769.htm,GAMESTOP CORP. 8-K,https://www.sec.gov/Archives/edgar/data/1326380/000115752311003255/a6729769.htm
0000950138-11-000342,2011-05-24,2011-05-23,4,xslF345X03/edgar.xml,PRIMARY DOCUMENT,https://www.sec.gov/Archives/edgar/data/1326380/000095013811000342/xslF345X03/edgar.xml
0000950138-11-000368,2011-06-03,,DEFA14A,supp_proxyletter-final62112.htm,,https://www.sec.gov/Archives/edgar/data/1326380/000095013811000368/supp_proxyletter-final62112.htm
0000950123-11-057592,2011-06-08,2011-04-30,10-Q,d82560e10vq.htm,FORM 10-Q,https://www.sec.gov/Archives/edgar/data/1326380/000095012311057592/d82560e10vq.htm
0000950138-11-000387,2011-06-14,,DEFA14A,def14a.htm,,https://www.sec.gov/Archives/edgar/data/1326380/000095013811000387/def14a.htm
0000950138-11-000408,2011-06-27,2011-06-27,8-K,june24-8k.htm,FORM 8-K,https://www.sec.gov/Archives/edgar/data/1326380/000095013811000408/june24-8k.htm
0000315066-11-003715,2011-07-11,,SC 13G/A,filing.txt,DOC ONE,https://www.sec.gov/Archives/edgar/data/1326380/000031506611003715/filing.txt
0000950138-11-000415,2011-07-12,2011-07-11,4,xslF345X03/edgar.xml,PRIMARY DOCUMENT,https://www.sec.gov/Archives/edgar/data/1326380/000095013811000415/xslF345X03/edgar.xml
0000950138-11-000414,2011-07-12,2011-07-11,3,xslF345X02/edgar.xml,PRIMARY DOCUMENT,https://www.sec.gov/Archives/edgar/data/1326380/000095013811000414/xslF345X02/edgar.xml
0000950138-11-000413,2011-07-12,2011-07-12,8-K,july12-8k.htm,,https://www.sec.gov/Archives/edgar/data/1326380/000095013811000413/july12-8k.htm
0000950138-11-000430,2011-07-29,,S-8,gamestop-s8.htm,GAMESTOP FORM S-8,https://www.sec.gov/Archives/edgar/data/1326380/000095013811000430/gamestop-s8.htm
0000000000-11-046511,2011-08-01,,UPLOAD,filename1.pdf,,https://www.sec.gov/Archives/edgar/data/1326380/000000000011046511/filename1.pdf
0001157523-11-005121,2011-08-18,2011-08-18,8-K,a6833866.htm,GAMESTOP CORP. 8-K,https://www.sec.gov/Archives/edgar/data/1326380/000115752311005121/a6833866.htm
0000950123-11-078871,2011-08-19,,CORRESP,filename1.htm,,https://www.sec.gov/Archives/edgar/data/1326380/000095012311078871/filename1.htm
0000950138-11-000460,2011-08-22,2011-08-22,4,xslF345X03/edgar.xml,PRIMARY DOCUMENT,https://www.sec.gov/Archives/edgar/data/1326380/000095013811000460/xslF345X03/edgar.xml
0000950138-11-000473,2011-08-30,2011-08-29,4,xslF345X03/edgar.xml,PRIMARY DOCUMENT,https://www.sec.gov/Archives/edgar/data/1326380/000095013811000473/xslF345X03/edgar.xml
0000950138-11-000477,2011-09-02,2011-09-02,8-K,sept2-8k.htm,FORM 8-K,https://www.sec.gov/Archives/edgar/data/1326380/000095013811000477/sept2-8k.htm
0001193125-11-243526,2011-09-08,2011-07-30,10-Q,d222403d10q.htm,FORM 10-Q,https://www.sec.gov/Archives/edgar/data/1326380/000119312511243526/d222403d10q.htm
0000950138-11-000490,2011-09-16,2011-09-16,4,xslF345X03/edgar.xml,PRIMARY DOCUMENT,https://www.sec.gov/Archives/edgar/data/1326380/000095013811000490/xslF345X03/edgar.xml
0000000000-11-056171,2011-09-21,,UPLOAD,filename1.pdf,,https://www.sec.gov/Archives/edgar/data/1326380/000000000011056171/filename1.pdf
0001193125-11-262711,2011-10-03,,CORRESP,filename1.htm,,https://www.sec.gov/Archives/edgar/data/1326380/000119312511262711/filename1.htm
0001193125-11-263719,2011-10-04,2011-07-30,10-Q/A,d222403d10qa.htm,FORM 10-Q/A,https://www.sec.gov/Archives/edgar/data/1326380/000119312511263719/d222403d10qa.htm
0000000000-11-059522,2011-10-11,,UPLOAD,filename1.pdf,,https://www.sec.gov/Archives/edgar/data/1326380/000000000011059522/filename1.pdf
0000950138-11-000550,2011-10-19,2011-10-17,4,xslF345X03/edgar.xml,PRIMARY DOCUMENT,https://www.sec.gov/Archives/edgar/data/1326380/000095013811000550/xslF345X03/edgar.xml
0001157523-11-006894,2011-11-17,2011-11-17,8-K,a50076729.htm,GAMESTOP CORP. 8K,https://www.sec.gov/Archives/edgar/data/1326380/000115752311006894/a50076729.htm
0001193125-11-333737,2011-12-07,2011-10-29,10-Q,d248585d10q.htm,FORM 10-Q,https://www.sec.gov/Archives/edgar/data/1326380/000119312511333737/d248585d10q.htm
0000950138-12-000007,2012-01-11,2012-01-11,4,xslF345X03/edgar.xml,PRIMARY DOCUMENT,https://www.sec.gov/Archives/edgar/data/1326380/000095013812000007/xslF345X03/edgar.xml
0001157523-12-000597,2012-02-08,2012-02-08,8-K,a50160936.htm,GAMESTOP CORP. 8-K,https://www.sec.gov/Archives/edgar/data/1326380/000115752312000597/a50160936.htm
0000950138-12-000133,2012-02-09,2012-02-07,4,xslF345X03/edgar.xml,PRIMARY DOCUMENT,https://www.sec.gov/Archives/edgar/data/1326380/000095013812000133/xslF345X03/edgar.xml
0000950138-12-000132,2012-02-09,2012-02-07,4,xslF345X03/edgar.xml,PRIMARY DOCUMENT,https://www.sec.gov/Archives/edgar/data/1326380/000095013812000132/xslF345X03/edgar.xml
0000950138-12-000131,2012-02-09,2012-02-07,4,xslF345X03/edgar.xml,PRIMARY DOCUMENT,https://www.sec.gov/Archives/edgar/data/1326380/000095013812000131/xslF345X03/edgar.xml
0000950138-12-000130,2012-02-09,2012-02-07,4,xslF345X03/edgar.xml,PRIMARY DOCUMENT,https://www.sec.gov/Archives/edgar/data/1326380/000095013812000130/xslF345X03/edgar.xml
0000950138-12-000129,2012-02-09,2012-02-07,4,xslF345X03/edgar.xml,PRIMARY DOCUMENT,https://www.sec.gov/Archives/edgar/data/1326380/000095013812000129/xslF345X03/edgar.xml
0000950138-12-000128,2012-02-09,2012-02-07,4,xslF345X03/edgar.xml,PRIMARY DOCUMENT,https://www.sec.gov/Archives/edgar/data/1326380/000095013812000128/xslF345X03/edgar.xml
0000950138-12-000127,2012-02-09,2012-02-07,4,xslF345X03/edgar.xml,PRIMARY DOCUMENT,https://www.sec.gov/Archives/edgar/data/1326380/000095013812000127/xslF345X03/edgar.xml
0000950138-12-000126,2012-02-09,2012-02-07,4,xslF345X03/edgar.xml,PRIMARY DOCUMENT,https://www.sec.gov/Archives/edgar/data/1326380/000095013812000126/xslF345X03/edgar.xml
0000950138-12-000125,2012-02-09,2012-02-07,4,xslF345X03/edgar.xml,PRIMARY DOCUMENT,https://www.sec.gov/Archives/edgar/data/1326380/000095013812000125/xslF345X03/edgar.xml
0000950138-12-000124,2012-02-09,2012-02-07,4,xslF345X03/edgar.xml,PRIMARY DOCUMENT,https://www.sec.gov/Archives/edgar/data/1326380/000095013812000124/xslF345X03/edgar.xml
0000950138-12-000123,2012-02-09,2012-02-07,4,xslF345X03/edgar.xml,PRIMARY DOCUMENT,https://www.sec.gov/Archives/edgar/data/1326380/000095013812000123/xslF345X03/edgar.xml
0000950138-12-000122,2012-02-09,2012-02-07,4,xslF345X03/edgar.xml,PRIMARY DOCUMENT,https://www.sec.gov/Archives/edgar/data/1326380/000095013812000122/xslF345X03/edgar.xml
0000950138-12-000121,2012-02-09,2012-02-07,4,xslF345X03/edgar.xml,PRIMARY DOCUMENT,https://www.sec.gov/Archives/edgar/data/1326380/000095013812000121/xslF345X03/edgar.xml
0000950138-12-000120,2012-02-09,2012-02-07,4,xslF345X03/edgar.xml,PRIMARY DOCUMENT,https://www.sec.gov/Archives/edgar/data/1326380/000095013812000120/xslF345X03/edgar.xml
0000950138-12-000119,2012-02-09,2012-02-07,4,xslF345X03/edgar.xml,PRIMARY DOCUMENT,https://www.sec.gov/Archives/edgar/data/1326380/000095013812000119/xslF345X03/edgar.xml
0000950138-12-000118,2012-02-09,2012-02-07,4,xslF345X03/edgar.xml,PRIMARY DOCUMENT,https://www.sec.gov/Archives/edgar/data/1326380/000095013812000118/xslF345X03/edgar.xml
0001085256-12-000012,2012-02-09,,SC 13G/A,gme13ga1.txt,,https://www.sec.gov/Archives/edgar/data/1326380/000108525612000012/gme13ga1.txt
0001086364-12-000362,2012-02-09,,SC 13G/A,gamestop.corp..txt,,https://www.sec.gov/Archives/edgar/data/1326380/000108636412000362/gamestop.corp..txt
0000950138-12-000135,2012-02-10,2012-02-09,8-K,form8-k.htm,GAMESTOP FORM 8-K,https://www.sec.gov/Archives/edgar/data/1326380/000095013812000135/form8-k.htm
0000932471-12-003360,2012-02-10,,SC 13G,gamestopcorp.htm,,https://www.sec.gov/Archives/edgar/data/1326380/000093247112003360/gamestopcorp.htm
0000315066-12-002663,2012-02-14,,SC 13G/A,filing.txt,,https://www.sec.gov/Archives/edgar/data/1326380/000031506612002663/filing.txt
0000861177-12-000009,2012-02-14,,SC 13G/A,gamestop_amend1.txt,,https://www.sec.gov/Archives/edgar/data/1326380/000086117712000009/gamestop_amend1.txt
0000950138-12-000190,2012-03-22,2012-03-22,4,xslF345X03/edgar.xml,PRIMARY DOCUMENT,https://www.sec.gov/Archives/edgar/data/1326380/000095013812000190/xslF345X03/edgar.xml
0000950138-12-000189,2012-03-22,2012-03-22,4,xslF345X03/edgar.xml,PRIMARY DOCUMENT,https://www.sec.gov/Archives/edgar/data/1326380/000095013812000189/xslF345X03/edgar.xml
0000950138-12-000188,2012-03-22,2012-03-22,4,xslF345X03/edgar.xml,PRIMARY DOCUMENT,https://www.sec.gov/Archives/edgar/data/1326380/000095013812000188/xslF345X03/edgar.xml
0000950138-12-000187,2012-03-22,2012-03-22,4,xslF345X03/edgar.xml,PRIMARY DOCUMENT,https://www.sec.gov/Archives/edgar/data/1326380/000095013812000187/xslF345X03/edgar.xml
0000950138-12-000186,2012-03-22,2012-03-22,4,xslF345X03/edgar.xml,PRIMARY DOCUMENT,https://www.sec.gov/Archives/edgar/data/1326380/000095013812000186/xslF345X03/edgar.xml
0001157523-12-001532,2012-03-26,2012-03-22,8-K,a50213872.htm,GAMESTOP CORP. 8-K,https://www.sec.gov/Archives/edgar/data/1326380/000115752312001532/a50213872.htm
0001193125-12-134615,2012-03-27,2012-01-28,10-K,d283661d10k.htm,FORM 10-K,https://www.sec.gov/Archives/edgar/data/1326380/000119312512134615/d283661d10k.htm
0000950138-12-000205,2012-04-02,2012-04-02,4,xslF345X03/edgar.xml,PRIMARY DOCUMENT,https://www.sec.gov/Archives/edgar/data/1326380/000095013812000205/xslF345X03/edgar.xml
0001085256-12-000027,2012-04-10,,SC 13G/A,gme13ga2.txt,,https://www.sec.gov/Archives/edgar/data/1326380/000108525612000027/gme13ga2.txt
0001086364-12-002323,2012-04-11,,SC 13G/A,gamestop.corp..txt,,https://www.sec.gov/Archives/edgar/data/1326380/000108636412002323/gamestop.corp..txt
0001193125-12-225085,2012-05-10,,DEFA14A,d339099ddefa14a.htm,NOTICE REGARDING THE AVAILABILITY OF PROXY MATERIALS,https://www.sec.gov/Archives/edgar/data/1326380/000119312512225085/d339099ddefa14a.htm
0001193125-12-225064,2012-05-10,2012-06-19,DEF 14A,d339099ddef14a.htm,DEFINITIVE PROXY STATEMENT,https://www.sec.gov/Archives/edgar/data/1326380/000119312512225064/d339099ddef14a.htm
0001157523-12-002821,2012-05-11,2012-05-10,8-K,a50275039.htm,GAMESTOP CORP. 8-K,https://www.sec.gov/Archives/edgar/data/1326380/000115752312002821/a50275039.htm
0001157523-12-002957,2012-05-17,2012-05-15,8-K,a50281197.htm,GAMESTOP CORP. 8-K,https://www.sec.gov/Archives/edgar/data/1326380/000115752312002957/a50281197.htm
0000950138-12-000291,2012-05-21,2012-05-21,4,xslF345X03/edgar.xml,PRIMARY DOCUMENT,https://www.sec.gov/Archives/edgar/data/1326380/000095013812000291/xslF345X03/edgar.xml
0000950138-12-000297,2012-05-23,2012-05-23,4,xslF345X03/edgar.xml,PRIMARY DOCUMENT,https://www.sec.gov/Archives/edgar/data/1326380/000095013812000297/xslF345X03/edgar.xml
0001193125-12-262005,2012-06-06,2012-04-28,10-Q,d354414d10q.htm,FORM 10-Q,https://www.sec.gov/Archives/edgar/data/1326380/000119312512262005/d354414d10q.htm
0001193125-12-278365,2012-06-21,2012-06-19,8-K,d370402d8k.htm,FORM 8-K,https://www.sec.gov/Archives/edgar/data/1326380/000119312512278365/d370402d8k.htm
0000950138-12-000324,2012-06-26,2012-06-25,4,xslF345X03/edgar.xml,PRIMARY DOCUMENT,https://www.sec.gov/Archives/edgar/data/1326380/000095013812000324/xslF345X03/edgar.xml
0000950138-12-000323,2012-06-26,2012-06-19,3,xslF345X02/edgar.xml,PRIMARY DOCUMENT,https://www.sec.gov/Archives/edgar/data/1326380/000095013812000323/xslF345X02/edgar.xml
0000950138-12-000336,2012-07-11,2012-07-10,4,xslF345X03/edgar.xml,PRIMARY DOCUMENT,https://www.sec.gov/Archives/edgar/data/1326380/000095013812000336/xslF345X03/edgar.xml
0000950138-12-000353,2012-07-27,2012-07-25,4,xslF345X03/edgar.xml,PRIMARY DOCUMENT,https://www.sec.gov/Archives/edgar/data/1326380/000095013812000353/xslF345X03/edgar.xml
0000950138-12-000352,2012-07-27,2012-07-24,3,xslF345X02/edgar.xml,PRIMARY DOCUMENT,https://www.sec.gov/Archives/edgar/data/1326380/000095013812000352/xslF345X02/edgar.xml
0000950138-12-000351,2012-07-27,2012-07-26,8-K,jul268k-gamestop.htm,FORM 8-K,https://www.sec.gov/Archives/edgar/data/1326380/000095013812000351/jul268k-gamestop.htm
0001157523-12-004573,2012-08-16,2012-08-14,8-K,a50378975.htm,GAMESTOP CORP. 8-K,https://www.sec.gov/Archives/edgar/data/1326380/000115752312004573/a50378975.htm
0001193125-12-381205,2012-09-05,2012-07-28,10-Q,d385850d10q.htm,FORM 10-Q,https://www.sec.gov/Archives/edgar/data/1326380/000119312512381205/d385850d10q.htm
0000950138-12-000507,2012-10-25,2012-08-21,3,xslF345X02/edgar.xml,PRIMARY DOCUMENT,https://www.sec.gov/Archives/edgar/data/1326380/000095013812000507/xslF345X02/edgar.xml
0001157523-12-006091,2012-11-15,2012-11-13,8-K,a50479517.htm,GAMESTOP CORP. 8-K,https://www.sec.gov/Archives/edgar/data/1326380/000115752312006091/a50479517.htm
0000950138-12-000562,2012-11-26,2012-11-21,4,xslF345X03/edgar.xml,PRIMARY DOCUMENT,https://www.sec.gov/Archives/edgar/data/1326380/000095013812000562/xslF345X03/edgar.xml
0001193125-12-492205,2012-12-05,2012-10-27,10-Q,d417598d10q.htm,FORM 10-Q,https://www.sec.gov/Archives/edgar/data/1326380/000119312512492205/d417598d10q.htm
0000906304-13-000091,2013-01-11,,SC 13G,gme.txt,,https://www.sec.gov/Archives/edgar/data/1326380/000090630413000091/gme.txt
0001305227-13-000463,2013-02-08,,SC 13G/A,gamestop.corp..txt,,https://www.sec.gov/Archives/edgar/data/1326380/000130522713000463/gamestop.corp..txt
0000950138-13-000064,2013-02-11,2013-02-07,4,xslF345X03/edgar.xml,PRIMARY DOCUMENT,https://www.sec.gov/Archives/edgar/data/1326380/000095013813000064/xslF345X03/edgar.xml
0000950138-13-000063,2013-02-11,2013-02-07,4,xslF345X03/edgar.xml,PRIMARY DOCUMENT,https://www.sec.gov/Archives/edgar/data/1326380/000095013813000063/xslF345X03/edgar.xml
0000950138-13-000062,2013-02-11,2013-02-07,4,xslF345X03/edgar.xml,PRIMARY DOCUMENT,https://www.sec.gov/Archives/edgar/data/1326380/000095013813000062/xslF345X03/edgar.xml
0000950138-13-000061,2013-02-11,2013-02-07,4,xslF345X03/edgar.xml,PRIMARY DOCUMENT,https://www.sec.gov/Archives/edgar/data/1326380/000095013813000061/xslF345X03/edgar.xml
0000950138-13-000060,2013-02-11,2013-02-07,4,xslF345X03/edgar.xml,PRIMARY DOCUMENT,https://www.sec.gov/Archives/edgar/data/1326380/000095013813000060/xslF345X03/edgar.xml
0000932471-13-003716,2013-02-12,,SC 13G/A,gamestopcorp.htm,,https://www.sec.gov/Archives/edgar/data/1326380/000093247113003716/gamestopcorp.htm
0000315066-13-002471,2013-02-14,,SC 13G/A,filing.txt,,https://www.sec.gov/Archives/edgar/data/1326380/000031506613002471/filing.txt
0001085256-13-000034,2013-02-15,,SC 13G/A,gme13ga2.txt,,https://www.sec.gov/Archives/edgar/data/1326380/000108525613000034/gme13ga2.txt
0000950138-13-000094,2013-02-26,2013-02-22,4,xslF345X03/edgar.xml,PRIMARY DOCUMENT,https://www.sec.gov/Archives/edgar/data/1326380/000095013813000094/xslF345X03/edgar.xml
0000950138-13-000093,2013-02-26,2013-02-22,4,xslF345X03/edgar.xml,PRIMARY DOCUMENT,https://www.sec.gov/Archives/edgar/data/1326380/000095013813000093/xslF345X03/edgar.xml
0000950138-13-000092,2013-02-26,2013-02-22,4,xslF345X03/edgar.xml,PRIMARY DOCUMENT,https://www.sec.gov/Archives/edgar/data/1326380/000095013813000092/xslF345X03/edgar.xml
0000950138-13-000091,2013-02-26,2013-02-22,4,xslF345X03/edgar.xml,PRIMARY DOCUMENT,https://www.sec.gov/Archives/edgar/data/1326380/000095013813000091/xslF345X03/edgar.xml
0000950138-13-000090,2013-02-26,2013-02-22,4,xslF345X03/edgar.xml,PRIMARY DOCUMENT,https://www.sec.gov/Archives/edgar/data/1326380/000095013813000090/xslF345X03/edgar.xml
0000950138-13-000089,2013-02-26,2013-02-22,4,xslF345X03/edgar.xml,PRIMARY DOCUMENT,https://www.sec.gov/Archives/edgar/data/1326380/000095013813000089/xslF345X03/edgar.xml
0000950138-13-000088,2013-02-26,2013-02-22,4,xslF345X03/edgar.xml,PRIMARY DOCUMENT,https://www.sec.gov/Archives/edgar/data/1326380/000095013813000088/xslF345X03/edgar.xml
0000950138-13-000087,2013-02-26,2013-02-22,4,xslF345X03/edgar.xml,PRIMARY DOCUMENT,https://www.sec.gov/Archives/edgar/data/1326380/000095013813000087/xslF345X03/edgar.xml
0000950138-13-000086,2013-02-26,2013-02-22,4,xslF345X03/edgar.xml,PRIMARY DOCUMENT,https://www.sec.gov/Archives/edgar/data/1326380/000095013813000086/xslF345X03/edgar.xml
0000950138-13-000085,2013-02-26,2013-02-22,4,xslF345X03/edgar.xml,PRIMARY DOCUMENT,https://www.sec.gov/Archives/edgar/data/1326380/000095013813000085/xslF345X03/edgar.xml
0000950138-13-000084,2013-02-26,2013-02-22,4,xslF345X03/edgar.xml,PRIMARY DOCUMENT,https://www.sec.gov/Archives/edgar/data/1326380/000095013813000084/xslF345X03/edgar.xml
0000950138-13-000083,2013-02-26,2013-02-22,4,xslF345X03/edgar.xml,PRIMARY DOCUMENT,https://www.sec.gov/Archives/edgar/data/1326380/000095013813000083/xslF345X03/edgar.xml
0000950138-13-000082,2013-02-26,2013-02-22,4,xslF345X03/edgar.xml,PRIMARY DOCUMENT,https://www.sec.gov/Archives/edgar/data/1326380/000095013813000082/xslF345X03/edgar.xml
0000950138-13-000081,2013-02-26,2013-02-22,4,xslF345X03/edgar.xml,PRIMARY DOCUMENT,https://www.sec.gov/Archives/edgar/data/1326380/000095013813000081/xslF345X03/edgar.xml
0000950138-13-000080,2013-02-26,2013-02-22,4,xslF345X03/edgar.xml,PRIMARY DOCUMENT,https://www.sec.gov/Archives/edgar/data/1326380/000095013813000080/xslF345X03/edgar.xml
0000950138-13-000079,2013-02-26,2013-02-22,4,xslF345X03/edgar.xml,PRIMARY DOCUMENT,https://www.sec.gov/Archives/edgar/data/1326380/000095013813000079/xslF345X03/edgar.xml
0000950138-13-000078,2013-02-26,2013-02-26,8-K,feb26_8-k.htm,,https://www.sec.gov/Archives/edgar/data/1326380/000095013813000078/feb26_8-k.htm
0000950138-13-000096,2013-03-05,2013-03-04,8-K,gamestop8k_03042013.htm,,https://www.sec.gov/Archives/edgar/data/1326380/000095013813000096/gamestop8k_03042013.htm
0001157523-13-001592,2013-03-28,2013-03-28,8-K,a50599369.htm,GAMESTOP CORP. 8-K,https://www.sec.gov/Archives/edgar/data/1326380/000115752313001592/a50599369.htm
0000950138-13-000178,2013-04-03,2013-04-01,4,xslF345X03/edgar.xml,PRIMARY DOCUMENT,https://www.sec.gov/Archives/edgar/data/1326380/000095013813000178/xslF345X03/edgar.xml
0000950138-13-000177,2013-04-03,2013-04-01,4,xslF345X03/edgar.xml,PRIMARY DOCUMENT,https://www.sec.gov/Archives/edgar/data/1326380/000095013813000177/xslF345X03/edgar.xml
0000950138-13-000176,2013-04-03,2013-04-01,4,xslF345X03/edgar.xml,PRIMARY DOCUMENT,https://www.sec.gov/Archives/edgar/data/1326380/000095013813000176/xslF345X03/edgar.xml
0000950138-13-000175,2013-04-03,2013-04-01,4,xslF345X03/edgar.xml,PRIMARY DOCUMENT,https://www.sec.gov/Archives/edgar/data/1326380/000095013813000175/xslF345X03/edgar.xml
0000950138-13-000174,2013-04-03,2013-04-01,4,xslF345X03/edgar.xml,PRIMARY DOCUMENT,https://www.sec.gov/Archives/edgar/data/1326380/000095013813000174/xslF345X03/edgar.xml
0001193125-13-140443,2013-04-03,2013-02-02,10-K,d469015d10k.htm,FORM 10-K,https://www.sec.gov/Archives/edgar/data/1326380/000119312513140443/d469015d10k.htm
0001193125-13-214513,2013-05-10,2013-06-25,PRE 14A,d485143dpre14a.htm,PRE 14A,https://www.sec.gov/Archives/edgar/data/1326380/000119312513214513/d485143dpre14a.htm
0000950138-13-000206,2013-05-13,2013-05-13,8-K,gamestop8k_05132013.htm,GAMESTOP CORP. FORM 8K,https://www.sec.gov/Archives/edgar/data/1326380/000095013813000206/gamestop8k_05132013.htm
0001193125-13-229224,2013-05-21,2013-06-25,DEF 14A,d485143ddef14a.htm,DEF 14A,https://www.sec.gov/Archives/edgar/data/1326380/000119312513229224/d485143ddef14a.htm
0001157523-13-002872,2013-05-23,2013-05-23,8-K,a50638832.htm,GAMESTOP CORP. 8-K,https://www.sec.gov/Archives/edgar/data/1326380/000115752313002872/a50638832.htm
0000950138-13-000259,2013-06-06,2013-06-02,4,xslF345X03/edgar.xml,PRIMARY DOCUMENT,https://www.sec.gov/Archives/edgar/data/1326380/000095013813000259/xslF345X03/edgar.xml
0001193125-13-257876,2013-06-13,2013-05-04,10-Q,d521061d10q.htm,FORM 10-Q,https://www.sec.gov/Archives/edgar/data/1326380/000119312513257876/d521061d10q.htm
0001193125-13-261309,2013-06-17,2013-06-13,8-K,d554579d8k.htm,FORM 8-K,https://www.sec.gov/Archives/edgar/data/1326380/000119312513261309/d554579d8k.htm
0001193125-13-274820,2013-06-27,2013-06-25,8-K,d560927d8k.htm,FORM 8-K,https://www.sec.gov/Archives/edgar/data/1326380/000119312513274820/d560927d8k.htm
0001193125-13-295743,2013-07-19,2013-07-17,8-K,d568536d8k.htm,FORM 8-K,https://www.sec.gov/Archives/edgar/data/1326380/000119312513295743/d568536d8k.htm
0000000000-13-045257,2013-08-16,,UPLOAD,filename1.pdf,,https://www.sec.gov/Archives/edgar/data/1326380/000000000013045257/filename1.pdf
0001193125-13-339727,2013-08-19,,CORRESP,filename1.htm,,https://www.sec.gov/Archives/edgar/data/1326380/000119312513339727/filename1.htm
0001157523-13-004218,2013-08-22,2013-08-20,8-K,a50695375.htm,GAMESTOP CORP. 8-K,https://www.sec.gov/Archives/edgar/data/1326380/000115752313004218/a50695375.htm
0001193125-13-364182,2013-09-11,2013-08-03,10-Q,d569889d10q.htm,FORM 10-Q,https://www.sec.gov/Archives/edgar/data/1326380/000119312513364182/d569889d10q.htm
0001193125-13-368043,2013-09-16,,CORRESP,filename1.htm,,https://www.sec.gov/Archives/edgar/data/1326380/000119312513368043/filename1.htm
0000950138-13-000431,2013-09-24,2013-09-20,4,xslF345X03/edgar.xml,PRIMARY DOCUMENT,https://www.sec.gov/Archives/edgar/data/1326380/000095013813000431/xslF345X03/edgar.xml
0000950138-13-000430,2013-09-24,2013-09-20,4,xslF345X03/edgar.xml,PRIMARY DOCUMENT,https://www.sec.gov/Archives/edgar/data/1326380/000095013813000430/xslF345X03/edgar.xml
0000950138-13-000429,2013-09-24,2013-09-20,4,xslF345X03/edgar.xml,PRIMARY DOCUMENT,https://www.sec.gov/Archives/edgar/data/1326380/000095013813000429/xslF345X03/edgar.xml
0000950138-13-000428,2013-09-24,2013-09-20,4,xslF345X03/edgar.xml,PRIMARY DOCUMENT,https://www.sec.gov/Archives/edgar/data/1326380/000095013813000428/xslF345X03/edgar.xml
0000950138-13-000427,2013-09-24,2013-09-20,4,xslF345X03/edgar.xml,PRIMARY DOCUMENT,https://www.sec.gov/Archives/edgar/data/1326380/000095013813000427/xslF345X03/edgar.xml
0000950138-13-000426,2013-09-24,2013-09-20,4,xslF345X03/edgar.xml,PRIMARY DOCUMENT,https://www.sec.gov/Archives/edgar/data/1326380/000095013813000426/xslF345X03/edgar.xml
0000950138-13-000425,2013-09-24,2013-09-20,4,xslF345X03/edgar.xml,PRIMARY DOCUMENT,https://www.sec.gov/Archives/edgar/data/1326380/000095013813000425/xslF345X03/edgar.xml
0000950138-13-000424,2013-09-24,2013-09-20,4,xslF345X03/edgar.xml,PRIMARY DOCUMENT,https://www.sec.gov/Archives/edgar/data/1326380/000095013813000424/xslF345X03/edgar.xml
0000950138-13-000423,2013-09-24,2013-09-20,4,xslF345X03/edgar.xml,PRIMARY DOCUMENT,https://www.sec.gov/Archives/edgar/data/1326380/000095013813000423/xslF345X03/edgar.xml
0000950138-13-000422,2013-09-24,2013-09-20,4,xslF345X03/edgar.xml,PRIMARY DOCUMENT,https://www.sec.gov/Archives/edgar/data/1326380/000095013813000422/xslF345X03/edgar.xml
0000950138-13-000434,2013-10-01,2013-10-01,4,xslF345X03/edgar.xml,PRIMARY DOCUMENT,https://www.sec.gov/Archives/edgar/data/1326380/000095013813000434/xslF345X03/edgar.xml
0000000000-13-054353,2013-10-02,,UPLOAD,filename1.pdf,,https://www.sec.gov/Archives/edgar/data/1326380/000000000013054353/filename1.pdf
0001193125-13-395422,2013-10-09,,CORRESP,filename1.htm,,https://www.sec.gov/Archives/edgar/data/1326380/000119312513395422/filename1.htm
0000950138-13-000465,2013-10-18,2013-10-17,4,xslF345X03/edgar.xml,PRIMARY DOCUMENT,https://www.sec.gov/Archives/edgar/data/1326380/000095013813000465/xslF345X03/edgar.xml
0001193125-13-408016,2013-10-23,,CORRESP,filename1.htm,,https://www.sec.gov/Archives/edgar/data/1326380/000119312513408016/filename1.htm
0000000000-13-061597,2013-11-08,,UPLOAD,filename1.pdf,,https://www.sec.gov/Archives/edgar/data/1326380/000000000013061597/filename1.pdf
0001193125-13-444051,2013-11-15,2013-11-13,8-K,d631263d8k.htm,FORM 8-K,https://www.sec.gov/Archives/edgar/data/1326380/000119312513444051/d631263d8k.htm
0001193125-13-447199,2013-11-19,,CORRESP,filename1.htm,,https://www.sec.gov/Archives/edgar/data/1326380/000119312513447199/filename1.htm
0001157523-13-005590,2013-11-21,2013-11-19,8-K,a50755431.htm,GAMESTOP CORP. 8-K,https://www.sec.gov/Archives/edgar/data/1326380/000115752313005590/a50755431.htm
0000950138-13-000513,2013-11-27,2013-11-25,4,xslF345X03/edgar.xml,PRIMARY DOCUMENT,https://www.sec.gov/Archives/edgar/data/1326380/000095013813000513/xslF345X03/edgar.xml
0001193125-13-465478,2013-12-06,,CORRESP,filename1.htm,,https://www.sec.gov/Archives/edgar/data/1326380/000119312513465478/filename1.htm
0001193125-13-466966,2013-12-09,2013-11-21,8-K/A,d640443d8ka.htm,FORM 8-K/A,https://www.sec.gov/Archives/edgar/data/1326380/000119312513466966/d640443d8ka.htm
0001193125-13-470097,2013-12-11,2013-11-02,10-Q,d614242d10q.htm,FORM 10-Q,https://www.sec.gov/Archives/edgar/data/1326380/000119312513470097/d614242d10q.htm
0000950138-13-000543,2013-12-13,2013-12-12,4,xslF345X03/edgar.xml,PRIMARY DOCUMENT,https://www.sec.gov/Archives/edgar/data/1326380/000095013813000543/xslF345X03/edgar.xml
0000000000-13-068231,2013-12-16,,UPLOAD,filename1.pdf,,https://www.sec.gov/Archives/edgar/data/1326380/000000000013068231/filename1.pdf
0000950138-14-000040,2014-01-21,2014-01-16,4,xslF345X03/edgar.xml,PRIMARY DOCUMENT,https://www.sec.gov/Archives/edgar/data/1326380/000095013814000040/xslF345X03/edgar.xml
0000950138-14-000039,2014-01-21,2014-01-16,4,xslF345X03/edgar.xml,PRIMARY DOCUMENT,https://www.sec.gov/Archives/edgar/data/1326380/000095013814000039/xslF345X03/edgar.xml
0000906304-14-000252,2014-01-28,,SC 13G/A,gme1.txt,,https://www.sec.gov/Archives/edgar/data/1326380/000090630414000252/gme1.txt
0001086364-14-000892,2014-01-29,,SC 13G/A,gamestop.corp..txt,,https://www.sec.gov/Archives/edgar/data/1326380/000108636414000892/gamestop.corp..txt
0000950138-14-000055,2014-02-03,2014-02-03,4,xslF345X03/edgar.xml,PRIMARY DOCUMENT,https://www.sec.gov/Archives/edgar/data/1326380/000095013814000055/xslF345X03/edgar.xml
0000950138-14-000074,2014-02-05,2014-02-02,4,xslF345X03/edgar.xml,PRIMARY DOCUMENT,https://www.sec.gov/Archives/edgar/data/1326380/000095013814000074/xslF345X03/edgar.xml
0000950138-14-000073,2014-02-05,2014-02-02,4,xslF345X03/edgar.xml,PRIMARY DOCUMENT,https://www.sec.gov/Archives/edgar/data/1326380/000095013814000073/xslF345X03/edgar.xml
0000950138-14-000072,2014-02-05,2014-02-02,4,xslF345X03/edgar.xml,PRIMARY DOCUMENT,https://www.sec.gov/Archives/edgar/data/1326380/000095013814000072/xslF345X03/edgar.xml
0000950138-14-000071,2014-02-05,2014-02-02,4,xslF345X03/edgar.xml,PRIMARY DOCUMENT,https://www.sec.gov/Archives/edgar/data/1326380/000095013814000071/xslF345X03/edgar.xml
0000950138-14-000070,2014-02-05,2014-02-02,4,xslF345X03/edgar.xml,PRIMARY DOCUMENT,https://www.sec.gov/Archives/edgar/data/1326380/000095013814000070/xslF345X03/edgar.xml
0000950138-14-000069,2014-02-05,2014-02-02,4,xslF345X03/edgar.xml,PRIMARY DOCUMENT,https://www.sec.gov/Archives/edgar/data/1326380/000095013814000069/xslF345X03/edgar.xml
0000950138-14-000068,2014-02-05,2014-02-02,4,xslF345X03/edgar.xml,PRIMARY DOCUMENT,https://www.sec.gov/Archives/edgar/data/1326380/000095013814000068/xslF345X03/edgar.xml
0000950138-14-000173,2014-02-11,2014-02-07,4,xslF345X03/edgar.xml,PRIMARY DOCUMENT,https://www.sec.gov/Archives/edgar/data/1326380/000095013814000173/xslF345X03/edgar.xml
0000950138-14-000172,2014-02-11,2014-02-07,4,xslF345X03/edgar.xml,PRIMARY DOCUMENT,https://www.sec.gov/Archives/edgar/data/1326380/000095013814000172/xslF345X03/edgar.xml
0000950138-14-000171,2014-02-11,2014-02-07,4,xslF345X03/edgar.xml,PRIMARY DOCUMENT,https://www.sec.gov/Archives/edgar/data/1326380/000095013814000171/xslF345X03/edgar.xml
0000950138-14-000170,2014-02-11,2014-02-07,4,xslF345X03/edgar.xml,PRIMARY DOCUMENT,https://www.sec.gov/Archives/edgar/data/1326380/000095013814000170/xslF345X03/edgar.xml
0000950138-14-000169,2014-02-11,2014-02-07,4,xslF345X03/edgar.xml,PRIMARY DOCUMENT,https://www.sec.gov/Archives/edgar/data/1326380/000095013814000169/xslF345X03/edgar.xml
0000950138-14-000168,2014-02-11,2014-02-07,4,xslF345X03/edgar.xml,PRIMARY DOCUMENT,https://www.sec.gov/Archives/edgar/data/1326380/000095013814000168/xslF345X03/edgar.xml
0000950138-14-000167,2014-02-11,2014-02-07,4,xslF345X03/edgar.xml,PRIMARY DOCUMENT,https://www.sec.gov/Archives/edgar/data/1326380/000095013814000167/xslF345X03/edgar.xml
0000932471-14-003050,2014-02-11,,SC 13G/A,gamestop.htm,,https://www.sec.gov/Archives/edgar/data/1326380/000093247114003050/gamestop.htm
0001193125-14-054022,2014-02-14,,SC 13G/A,d676690dsc13ga.htm,GAMESTOP CORP.,https://www.sec.gov/Archives/edgar/data/1326380/000119312514054022/d676690dsc13ga.htm
0000315066-14-002156,2014-02-14,,SC 13G/A,filing.txt,,https://www.sec.gov/Archives/edgar/data/1326380/000031506614002156/filing.txt
0000950138-14-000201,2014-02-25,2014-02-22,4,xslF345X03/edgar.xml,PRIMARY DOCUMENT,https://www.sec.gov/Archives/edgar/data/1326380/000095013814000201/xslF345X03/edgar.xml
0000950138-14-000200,2014-02-25,2014-02-22,4,xslF345X03/edgar.xml,PRIMARY DOCUMENT,https://www.sec.gov/Archives/edgar/data/1326380/000095013814000200/xslF345X03/edgar.xml
0000950138-14-000199,2014-02-25,2014-02-22,4,xslF345X03/edgar.xml,PRIMARY DOCUMENT,https://www.sec.gov/Archives/edgar/data/1326380/000095013814000199/xslF345X03/edgar.xml
0000950138-14-000198,2014-02-25,2014-02-22,4,xslF345X03/edgar.xml,PRIMARY DOCUMENT,https://www.sec.gov/Archives/edgar/data/1326380/000095013814000198/xslF345X03/edgar.xml
0000950138-14-000197,2014-02-25,2014-02-22,4,xslF345X03/edgar.xml,PRIMARY DOCUMENT,https://www.sec.gov/Archives/edgar/data/1326380/000095013814000197/xslF345X03/edgar.xml
0000950138-14-000196,2014-02-25,2014-02-22,4,xslF345X03/edgar.xml,PRIMARY DOCUMENT,https://www.sec.gov/Archives/edgar/data/1326380/000095013814000196/xslF345X03/edgar.xml
0000950138-14-000195,2014-02-25,2014-02-22,4,xslF345X03/edgar.xml,PRIMARY DOCUMENT,https://www.sec.gov/Archives/edgar/data/1326380/000095013814000195/xslF345X03/edgar.xml
0001157523-14-000947,2014-03-04,2014-03-04,8-K,a50817034.htm,GAMESTOP CORP. 8-K,https://www.sec.gov/Archives/edgar/data/1326380/000115752314000947/a50817034.htm
0000950138-14-000293,2014-03-11,2014-03-07,4,xslF345X03/edgar.xml,PRIMARY DOCUMENT,https://www.sec.gov/Archives/edgar/data/1326380/000095013814000293/xslF345X03/edgar.xml
0000950138-14-000292,2014-03-11,2014-03-07,4,xslF345X03/edgar.xml,PRIMARY DOCUMENT,https://www.sec.gov/Archives/edgar/data/1326380/000095013814000292/xslF345X03/edgar.xml
0000950138-14-000291,2014-03-11,2014-03-07,4,xslF345X03/edgar.xml,PRIMARY DOCUMENT,https://www.sec.gov/Archives/edgar/data/1326380/000095013814000291/xslF345X03/edgar.xml
0000950138-14-000290,2014-03-11,2014-03-07,4,xslF345X03/edgar.xml,PRIMARY DOCUMENT,https://www.sec.gov/Archives/edgar/data/1326380/000095013814000290/xslF345X03/edgar.xml
0000950138-14-000289,2014-03-11,2014-03-07,4,xslF345X03/edgar.xml,PRIMARY DOCUMENT,https://www.sec.gov/Archives/edgar/data/1326380/000095013814000289/xslF345X03/edgar.xml
0000950138-14-000288,2014-03-11,2014-03-07,4,xslF345X03/edgar.xml,PRIMARY DOCUMENT,https://www.sec.gov/Archives/edgar/data/1326380/000095013814000288/xslF345X03/edgar.xml
0000950138-14-000287,2014-03-11,2014-03-07,4,xslF345X03/edgar.xml,PRIMARY DOCUMENT,https://www.sec.gov/Archives/edgar/data/1326380/000095013814000287/xslF345X03/edgar.xml
0001193125-14-092249,2014-03-11,2014-03-04,8-K,d689525d8k.htm,FORM 8-K,https://www.sec.gov/Archives/edgar/data/1326380/000119312514092249/d689525d8k.htm
0001157523-14-001213,2014-03-27,2014-03-27,8-K,a50832654.htm,GAMESTOP CORP. 8-K,https://www.sec.gov/Archives/edgar/data/1326380/000115752314001213/a50832654.htm
0001193125-14-121740,2014-03-28,2014-03-25,8-K,d702244d8k.htm,FORM 8-K,https://www.sec.gov/Archives/edgar/data/1326380/000119312514121740/d702244d8k.htm
0000950138-14-000356,2014-04-01,2014-03-31,4,xslF345X03/edgar.xml,PRIMARY DOCUMENT,https://www.sec.gov/Archives/edgar/data/1326380/000095013814000356/xslF345X03/edgar.xml
0000950138-14-000355,2014-04-01,2014-03-31,4,xslF345X03/edgar.xml,PRIMARY DOCUMENT,https://www.sec.gov/Archives/edgar/data/1326380/000095013814000355/xslF345X03/edgar.xml
0001445305-14-001259,2014-04-02,2014-02-01,10-K,a10k-fy13q4.htm,10-K,https://www.sec.gov/Archives/edgar/data/1326380/000144530514001259/a10k-fy13q4.htm
0000950138-14-000373,2014-04-04,2014-04-02,4,xslF345X03/edgar.xml,PRIMARY DOCUMENT,https://www.sec.gov/Archives/edgar/data/1326380/000095013814000373/xslF345X03/edgar.xml
0000950138-14-000372,2014-04-04,2014-04-02,4,xslF345X03/edgar.xml,PRIMARY DOCUMENT,https://www.sec.gov/Archives/edgar/data/1326380/000095013814000372/xslF345X03/edgar.xml
0000950138-14-000371,2014-04-04,2014-04-02,4,xslF345X03/edgar.xml,PRIMARY DOCUMENT,https://www.sec.gov/Archives/edgar/data/1326380/000095013814000371/xslF345X03/edgar.xml
0000950138-14-000370,2014-04-04,2014-04-02,4,xslF345X03/edgar.xml,PRIMARY DOCUMENT,https://www.sec.gov/Archives/edgar/data/1326380/000095013814000370/xslF345X03/edgar.xml
0000950138-14-000369,2014-04-04,2014-04-02,4,xslF345X03/edgar.xml,PRIMARY DOCUMENT,https://www.sec.gov/Archives/edgar/data/1326380/000095013814000369/xslF345X03/edgar.xml
0000950138-14-000368,2014-04-04,2014-04-02,4,xslF345X03/edgar.xml,PRIMARY DOCUMENT,https://www.sec.gov/Archives/edgar/data/1326380/000095013814000368/xslF345X03/edgar.xml
0000950138-14-000390,2014-04-17,2014-04-17,4,xslF345X03/edgar.xml,PRIMARY DOCUMENT,https://www.sec.gov/Archives/edgar/data/1326380/000095013814000390/xslF345X03/edgar.xml
0001445305-14-002044,2014-05-09,,DEFA14A,gme2014proxy-defa14axnotic.htm,DEFA14A,https://www.sec.gov/Archives/edgar/data/1326380/000144530514002044/gme2014proxy-defa14axnotic.htm
0001445305-14-002042,2014-05-09,2014-02-01,DEF 14A,gamestop2014proxystatement.htm,DEF 14A,https://www.sec.gov/Archives/edgar/data/1326380/000144530514002042/gamestop2014proxystatement.htm
0001157523-14-002287,2014-05-22,2014-05-20,8-K,a50871317.htm,GAMESTOP CORP. 8-K,https://www.sec.gov/Archives/edgar/data/1326380/000115752314002287/a50871317.htm
0001445305-14-002574,2014-06-12,2014-05-03,10-Q,a10q-fy14q1.htm,10-Q,https://www.sec.gov/Archives/edgar/data/1326380/000144530514002574/a10q-fy14q1.htm
0000950138-14-000508,2014-06-26,2014-06-24,4,xslF345X03/edgar.xml,PRIMARY DOCUMENT,https://www.sec.gov/Archives/edgar/data/1326380/000095013814000508/xslF345X03/edgar.xml
0000950138-14-000507,2014-06-26,2014-06-24,4,xslF345X03/edgar.xml,PRIMARY DOCUMENT,https://www.sec.gov/Archives/edgar/data/1326380/000095013814000507/xslF345X03/edgar.xml
0000950138-14-000506,2014-06-26,2014-06-24,4,xslF345X03/edgar.xml,PRIMARY DOCUMENT,https://www.sec.gov/Archives/edgar/data/1326380/000095013814000506/xslF345X03/edgar.xml
0000950138-14-000505,2014-06-26,2014-06-24,4,xslF345X03/edgar.xml,PRIMARY DOCUMENT,https://www.sec.gov/Archives/edgar/data/1326380/000095013814000505/xslF345X03/edgar.xml
0000950138-14-000504,2014-06-26,2014-06-24,4,xslF345X03/edgar.xml,PRIMARY DOCUMENT,https://www.sec.gov/Archives/edgar/data/1326380/000095013814000504/xslF345X03/edgar.xml
0000950138-14-000503,2014-06-26,2014-06-24,4,xslF345X03/edgar.xml,PRIMARY DOCUMENT,https://www.sec.gov/Archives/edgar/data/1326380/000095013814000503/xslF345X03/edgar.xml
0000950138-14-000502,2014-06-26,2014-06-24,4,xslF345X03/edgar.xml,PRIMARY DOCUMENT,https://www.sec.gov/Archives/edgar/data/1326380/000095013814000502/xslF345X03/edgar.xml
0000950138-14-000501,2014-06-26,2014-06-24,4,xslF345X03/edgar.xml,PRIMARY DOCUMENT,https://www.sec.gov/Archives/edgar/data/1326380/000095013814000501/xslF345X03/edgar.xml
0000950138-14-000500,2014-06-26,2014-06-24,4,xslF345X03/edgar.xml,PRIMARY DOCUMENT,https://www.sec.gov/Archives/edgar/data/1326380/000095013814000500/xslF345X03/edgar.xml
0001445305-14-002681,2014-06-26,2014-06-24,8-K,form8-k2014annualmeeting.htm,8-K,https://www.sec.gov/Archives/edgar/data/1326380/000144530514002681/form8-k2014annualmeeting.htm
0000950138-14-000512,2014-06-30,2014-06-27,4,xslF345X03/edgar.xml,PRIMARY DOCUMENT,https://www.sec.gov/Archives/edgar/data/1326380/000095013814000512/xslF345X03/edgar.xml
0000950138-14-000520,2014-07-02,2014-07-01,4,xslF345X03/edgar.xml,PRIMARY DOCUMENT,https://www.sec.gov/Archives/edgar/data/1326380/000095013814000520/xslF345X03/edgar.xml
0000950138-14-000556,2014-07-18,2014-07-17,4,xslF345X03/edgar.xml,PRIMARY DOCUMENT,https://www.sec.gov/Archives/edgar/data/1326380/000095013814000556/xslF345X03/edgar.xml
0001445305-14-003749,2014-08-19,2014-08-19,8-K,form8-k8192014.htm,8-K,https://www.sec.gov/Archives/edgar/data/1326380/000144530514003749/form8-k8192014.htm
0001157523-14-003543,2014-08-21,2014-08-19,8-K,a50928775.htm,GAMESTOP CORP. 8-K,https://www.sec.gov/Archives/edgar/data/1326380/000115752314003543/a50928775.htm
0001445305-14-003873,2014-09-08,2014-08-02,10-Q,a10q-fy14q2.htm,10-Q,https://www.sec.gov/Archives/edgar/data/1326380/000144530514003873/a10q-fy14q2.htm
0001193125-14-342669,2014-09-16,2014-09-16,8-K,d790195d8k.htm,8-K,https://www.sec.gov/Archives/edgar/data/1326380/000119312514342669/d790195d8k.htm
0000950138-14-000655,2014-09-23,2014-09-19,4,xslF345X03/edgar.xml,PRIMARY DOCUMENT,https://www.sec.gov/Archives/edgar/data/1326380/000095013814000655/xslF345X03/edgar.xml
0000950138-14-000654,2014-09-23,2014-09-19,4,xslF345X03/edgar.xml,PRIMARY DOCUMENT,https://www.sec.gov/Archives/edgar/data/1326380/000095013814000654/xslF345X03/edgar.xml
0000950138-14-000653,2014-09-23,2014-09-19,4,xslF345X03/edgar.xml,PRIMARY DOCUMENT,https://www.sec.gov/Archives/edgar/data/1326380/000095013814000653/xslF345X03/edgar.xml
0000950138-14-000652,2014-09-23,2014-09-19,4,xslF345X03/edgar.xml,PRIMARY DOCUMENT,https://www.sec.gov/Archives/edgar/data/1326380/000095013814000652/xslF345X03/edgar.xml
0001445305-14-004080,2014-09-24,2014-09-19,8-K,gme8-kdebtofferingclosing.htm,8-K,https://www.sec.gov/Archives/edgar/data/1326380/000144530514004080/gme8-kdebtofferingclosing.htm
0000000000-14-048901,2014-09-30,,UPLOAD,filename1.pdf,,https://www.sec.gov/Archives/edgar/data/1326380/000000000014048901/filename1.pdf
0001445305-14-004222,2014-10-01,,CORRESP,filename1.htm,,https://www.sec.gov/Archives/edgar/data/1326380/000144530514004222/filename1.htm
0000950138-14-000675,2014-10-02,2014-10-01,4,xslF345X03/edgar.xml,PRIMARY DOCUMENT,https://www.sec.gov/Archives/edgar/data/1326380/000095013814000675/xslF345X03/edgar.xml
0001445305-14-004558,2014-10-29,,CORRESP,filename1.htm,,https://www.sec.gov/Archives/edgar/data/1326380/000144530514004558/filename1.htm
0001445305-14-004537,2014-10-29,,15-12B,form15-12b.htm,15-12B,https://www.sec.gov/Archives/edgar/data/1326380/000144530514004537/form15-12b.htm
0001445305-14-004535,2014-10-29,,25,form25.htm,25,https://www.sec.gov/Archives/edgar/data/1326380/000144530514004535/form25.htm
0001445305-14-004533,2014-10-29,,8-A12B/A,form8a12ba.htm,8-A12B/A,https://www.sec.gov/Archives/edgar/data/1326380/000144530514004533/form8a12ba.htm
0001445305-14-004531,2014-10-29,2014-10-28,8-K,form8k.htm,8-K,https://www.sec.gov/Archives/edgar/data/1326380/000144530514004531/form8k.htm
0000950138-14-000722,2014-11-03,2014-10-30,4,xslF345X03/edgar.xml,PRIMARY DOCUMENT,https://www.sec.gov/Archives/edgar/data/1326380/000095013814000722/xslF345X03/edgar.xml
0001326380-14-000004,2014-11-12,2014-11-11,8-K,form8k.htm,8-K,https://www.sec.gov/Archives/edgar/data/1326380/000132638014000004/form8k.htm
0001157523-14-004636,2014-11-20,2014-11-20,8-K,a50988579.htm,GAMESTOP CORP. 8-K,https://www.sec.gov/Archives/edgar/data/1326380/000115752314004636/a50988579.htm
0000000000-14-059186,2014-11-21,,UPLOAD,filename1.pdf,,https://www.sec.gov/Archives/edgar/data/1326380/000000000014059186/filename1.pdf
0000950138-14-000758,2014-12-03,2014-12-01,4,xslF345X03/edgar.xml,PRIMARY DOCUMENT,https://www.sec.gov/Archives/edgar/data/1326380/000095013814000758/xslF345X03/edgar.xml
0000950138-14-000764,2014-12-09,2014-12-08,4,xslF345X03/edgar.xml,PRIMARY DOCUMENT,https://www.sec.gov/Archives/edgar/data/1326380/000095013814000764/xslF345X03/edgar.xml
0001326380-14-000007,2014-12-10,2014-11-01,10-Q,a10q-fy14q3.htm,10-Q,https://www.sec.gov/Archives/edgar/data/1326380/000132638014000007/a10q-fy14q3.htm
0001326380-15-000004,2015-01-13,2015-01-13,8-K,form8k.htm,FORM 8-K,https://www.sec.gov/Archives/edgar/data/1326380/000132638015000004/form8k.htm
0001326380-15-000007,2015-01-15,2015-01-12,8-K,form8k.htm,FORM 8-K,https://www.sec.gov/Archives/edgar/data/1326380/000132638015000007/form8k.htm
0001326380-15-000011,2015-01-22,2015-01-12,3,xslF345X02/wf-form3_142196107792242.xml,FORM 3,https://www.sec.gov/Archives/edgar/data/1326380/000132638015000011/xslF345X02/wf-form3_142196107792242.xml
0001326380-15-000013,2015-01-26,2015-01-26,4,xslF345X03/wf-form4_142231347861367.xml,FORM 4,https://www.sec.gov/Archives/edgar/data/1326380/000132638015000013/xslF345X03/wf-form4_142231347861367.xml
0001326380-15-000015,2015-01-28,2015-01-26,4,xslF345X03/wf-form4_142248417335229.xml,FORM 4,https://www.sec.gov/Archives/edgar/data/1326380/000132638015000015/xslF345X03/wf-form4_142248417335229.xml
0001326380-15-000018,2015-02-03,2015-02-02,4,xslF345X03/wf-form4_142299949647566.xml,FORM 4,https://www.sec.gov/Archives/edgar/data/1326380/000132638015000018/xslF345X03/wf-form4_142299949647566.xml
0001326380-15-000020,2015-02-04,2015-02-02,4,xslF345X03/wf-form4_142309053137648.xml,FORM 4,https://www.sec.gov/Archives/edgar/data/1326380/000132638015000020/xslF345X03/wf-form4_142309053137648.xml
0000215457-15-000196,2015-02-09,,SC 13G/A,gamestop.corp.class.a.txt,,https://www.sec.gov/Archives/edgar/data/1326380/000021545715000196/gamestop.corp.class.a.txt
0001326380-15-000036,2015-02-10,2015-02-07,4,xslF345X03/wf-form4_142361163208433.xml,FORM 4,https://www.sec.gov/Archives/edgar/data/1326380/000132638015000036/xslF345X03/wf-form4_142361163208433.xml
0001326380-15-000034,2015-02-10,2015-02-07,4,xslF345X03/wf-form4_142361140630626.xml,FORM 4,https://www.sec.gov/Archives/edgar/data/1326380/000132638015000034/xslF345X03/wf-form4_142361140630626.xml
0001326380-15-000032,2015-02-10,2015-02-07,4,xslF345X03/wf-form4_142361125538285.xml,FORM 4,https://www.sec.gov/Archives/edgar/data/1326380/000132638015000032/xslF345X03/wf-form4_142361125538285.xml
0001326380-15-000030,2015-02-10,2015-02-07,4,xslF345X03/wf-form4_142361105553923.xml,FORM 4,https://www.sec.gov/Archives/edgar/data/1326380/000132638015000030/xslF345X03/wf-form4_142361105553923.xml
0001326380-15-000028,2015-02-10,2015-02-07,4,xslF345X03/wf-form4_142361087920693.xml,FORM 4,https://www.sec.gov/Archives/edgar/data/1326380/000132638015000028/xslF345X03/wf-form4_142361087920693.xml
0001326380-15-000026,2015-02-10,2015-02-07,4,xslF345X03/wf-form4_142361063600037.xml,FORM 4,https://www.sec.gov/Archives/edgar/data/1326380/000132638015000026/xslF345X03/wf-form4_142361063600037.xml
0001326380-15-000024,2015-02-10,2015-02-07,4,xslF345X03/wf-form4_142361048443535.xml,FORM 4,https://www.sec.gov/Archives/edgar/data/1326380/000132638015000024/xslF345X03/wf-form4_142361048443535.xml
0001326380-15-000022,2015-02-10,2015-02-07,4,xslF345X03/wf-form4_142361019954909.xml,FORM 4,https://www.sec.gov/Archives/edgar/data/1326380/000132638015000022/xslF345X03/wf-form4_142361019954909.xml
0000932471-15-003975,2015-02-10,,SC 13G/A,gamestopcorp.htm,,https://www.sec.gov/Archives/edgar/data/1326380/000093247115003975/gamestopcorp.htm
0001519058-15-000131,2015-02-12,,SC 13G,gme.txt,GME,https://www.sec.gov/Archives/edgar/data/1326380/000151905815000131/gme.txt
0001422849-15-000229,2015-02-13,,SC 13G,edggme.txt,SC 13G,https://www.sec.gov/Archives/edgar/data/1326380/000142284915000229/edggme.txt
0001193125-15-049686,2015-02-13,,SC 13G,d869356dsc13g.htm,SCHEDULE 13G,https://www.sec.gov/Archives/edgar/data/1326380/000119312515049686/d869356dsc13g.htm
0000315066-15-001971,2015-02-13,,SC 13G/A,filing.txt,,https://www.sec.gov/Archives/edgar/data/1326380/000031506615001971/filing.txt
0001326380-15-000050,2015-02-24,2015-02-22,4,xslF345X03/wf-form4_142482135124084.xml,FORM 4,https://www.sec.gov/Archives/edgar/data/1326380/000132638015000050/xslF345X03/wf-form4_142482135124084.xml
0001326380-15-000048,2015-02-24,2015-02-22,4,xslF345X03/wf-form4_142482118190692.xml,FORM 4,https://www.sec.gov/Archives/edgar/data/1326380/000132638015000048/xslF345X03/wf-form4_142482118190692.xml
0001326380-15-000046,2015-02-24,2015-02-22,4,xslF345X03/wf-form4_142482096293096.xml,FORM 4,https://www.sec.gov/Archives/edgar/data/1326380/000132638015000046/xslF345X03/wf-form4_142482096293096.xml
0001326380-15-000044,2015-02-24,2015-02-22,4,xslF345X03/wf-form4_142482073190193.xml,FORM 4,https://www.sec.gov/Archives/edgar/data/1326380/000132638015000044/xslF345X03/wf-form4_142482073190193.xml
0001326380-15-000042,2015-02-24,2015-02-22,4,xslF345X03/wf-form4_142482044901700.xml,FORM 4,https://www.sec.gov/Archives/edgar/data/1326380/000132638015000042/xslF345X03/wf-form4_142482044901700.xml
0001326380-15-000040,2015-02-24,2015-02-22,4,xslF345X03/wf-form4_142482026752533.xml,FORM 4,https://www.sec.gov/Archives/edgar/data/1326380/000132638015000040/xslF345X03/wf-form4_142482026752533.xml
0001326380-15-000038,2015-02-24,2015-02-22,4,xslF345X03/wf-form4_142482004445416.xml,FORM 4,https://www.sec.gov/Archives/edgar/data/1326380/000132638015000038/xslF345X03/wf-form4_142482004445416.xml
0001326380-15-000053,2015-03-03,2015-03-03,8-K,form8-kxdividend2015.htm,8-K,https://www.sec.gov/Archives/edgar/data/1326380/000132638015000053/form8-kxdividend2015.htm
0001326380-15-000056,2015-03-09,2015-03-03,8-K,form8k.htm,8-K,https://www.sec.gov/Archives/edgar/data/1326380/000132638015000056/form8k.htm
0001326380-15-000072,2015-03-10,2015-03-06,4,xslF345X03/wf-form4_142602286587462.xml,FORM 4,https://www.sec.gov/Archives/edgar/data/1326380/000132638015000072/xslF345X03/wf-form4_142602286587462.xml
0001326380-15-000070,2015-03-10,2015-03-06,4,xslF345X03/wf-form4_142602273465336.xml,FORM 4,https://www.sec.gov/Archives/edgar/data/1326380/000132638015000070/xslF345X03/wf-form4_142602273465336.xml
0001326380-15-000068,2015-03-10,2015-03-06,4,xslF345X03/wf-form4_142602225836308.xml,FORM 4,https://www.sec.gov/Archives/edgar/data/1326380/000132638015000068/xslF345X03/wf-form4_142602225836308.xml
0001326380-15-000066,2015-03-10,2015-03-06,4,xslF345X03/wf-form4_142602198057178.xml,FORM 4,https://www.sec.gov/Archives/edgar/data/1326380/000132638015000066/xslF345X03/wf-form4_142602198057178.xml
0001326380-15-000064,2015-03-10,2015-03-06,4,xslF345X03/wf-form4_142602173671455.xml,FORM 4,https://www.sec.gov/Archives/edgar/data/1326380/000132638015000064/xslF345X03/wf-form4_142602173671455.xml
0001326380-15-000062,2015-03-10,2015-03-06,4,xslF345X03/wf-form4_142602150913459.xml,FORM 4,https://www.sec.gov/Archives/edgar/data/1326380/000132638015000062/xslF345X03/wf-form4_142602150913459.xml
0001326380-15-000060,2015-03-10,2015-03-06,4,xslF345X03/wf-form4_142602117551531.xml,FORM 4,https://www.sec.gov/Archives/edgar/data/1326380/000132638015000060/xslF345X03/wf-form4_142602117551531.xml
0001326380-15-000058,2015-03-10,2015-03-06,4,xslF345X03/wf-form4_142602095536016.xml,FORM 4,https://www.sec.gov/Archives/edgar/data/1326380/000132638015000058/xslF345X03/wf-form4_142602095536016.xml
0001326380-15-000075,2015-03-26,2015-03-26,8-K,form8k.htm,8-K,https://www.sec.gov/Archives/edgar/data/1326380/000132638015000075/form8k.htm
0001326380-15-000078,2015-03-30,2015-01-31,10-K,form10k-fy14.htm,"FORM 10-K FOR THE FISCAL YEAR ENDED JANUARY 31, 2015",https://www.sec.gov/Archives/edgar/data/1326380/000132638015000078/form10k-fy14.htm
0001326380-15-000094,2015-04-01,2015-03-30,4,xslF345X03/wf-form4_142792481897117.xml,FORM 4,https://www.sec.gov/Archives/edgar/data/1326380/000132638015000094/xslF345X03/wf-form4_142792481897117.xml
0001326380-15-000092,2015-04-01,2015-03-30,4,xslF345X03/wf-form4_142792469081802.xml,FORM 4,https://www.sec.gov/Archives/edgar/data/1326380/000132638015000092/xslF345X03/wf-form4_142792469081802.xml
0001326380-15-000090,2015-04-01,2015-03-30,4,xslF345X03/wf-form4_142792456417211.xml,FORM 4,https://www.sec.gov/Archives/edgar/data/1326380/000132638015000090/xslF345X03/wf-form4_142792456417211.xml
0001326380-15-000088,2015-04-01,2015-03-30,4,xslF345X03/wf-form4_142792445337059.xml,FORM 4,https://www.sec.gov/Archives/edgar/data/1326380/000132638015000088/xslF345X03/wf-form4_142792445337059.xml
0001326380-15-000086,2015-04-01,2015-03-30,4,xslF345X03/wf-form4_142792431058566.xml,FORM 4,https://www.sec.gov/Archives/edgar/data/1326380/000132638015000086/xslF345X03/wf-form4_142792431058566.xml
0001326380-15-000084,2015-04-01,2015-03-30,4,xslF345X03/wf-form4_142792420970584.xml,FORM 4,https://www.sec.gov/Archives/edgar/data/1326380/000132638015000084/xslF345X03/wf-form4_142792420970584.xml
0001326380-15-000082,2015-04-01,2015-03-30,4,xslF345X03/wf-form4_142792411408498.xml,FORM 4,https://www.sec.gov/Archives/edgar/data/1326380/000132638015000082/xslF345X03/wf-form4_142792411408498.xml
0001326380-15-000080,2015-04-01,2015-03-30,4,xslF345X03/wf-form4_142792403813764.xml,FORM 4,https://www.sec.gov/Archives/edgar/data/1326380/000132638015000080/xslF345X03/wf-form4_142792403813764.xml
0001326380-15-000096,2015-04-13,2015-04-09,4,xslF345X03/wf-form4_142895569734302.xml,FORM 4,https://www.sec.gov/Archives/edgar/data/1326380/000132638015000096/xslF345X03/wf-form4_142895569734302.xml
0001326380-15-000104,2015-05-08,,DEFA14A,gme2015proxy-defa14axnotic.htm,DEFA14A,https://www.sec.gov/Archives/edgar/data/1326380/000132638015000104/gme2015proxy-defa14axnotic.htm
0001326380-15-000102,2015-05-08,2015-06-23,DEF 14A,gamestop2015proxystatement.htm,DEF 14A,https://www.sec.gov/Archives/edgar/data/1326380/000132638015000102/gamestop2015proxystatement.htm
0001326380-15-000109,2015-05-28,2015-05-26,8-K,form8-kxq1fy15earnings.htm,8-K,https://www.sec.gov/Archives/edgar/data/1326380/000132638015000109/form8-kxq1fy15earnings.htm
0001326380-15-000113,2015-06-02,2015-06-01,8-K,a8-kxgadgetacquisition.htm,8-K,https://www.sec.gov/Archives/edgar/data/1326380/000132638015000113/a8-kxgadgetacquisition.htm
0001326380-15-000111,2015-06-02,,SC TO-C,a8-kxgadgetacquisitionscto.htm,SC TO-C,https://www.sec.gov/Archives/edgar/data/1326380/000132638015000111/a8-kxgadgetacquisitionscto.htm
0001326380-15-000120,2015-06-09,,SC 13D,a13dinitial.htm,SC 13D,https://www.sec.gov/Archives/edgar/data/1326380/000132638015000120/a13dinitial.htm
0001326380-15-000118,2015-06-09,2015-05-02,10-Q,form10q-fy15q1.htm,10-Q,https://www.sec.gov/Archives/edgar/data/1326380/000132638015000118/form10q-fy15q1.htm
0001193125-15-222730,2015-06-15,,SC TO-T,d940305dsctot.htm,SC TO-T,https://www.sec.gov/Archives/edgar/data/1326380/000119312515222730/d940305dsctot.htm
0001326380-15-000122,2015-06-22,2015-06-19,4,xslF345X03/wf-form4_143501118692106.xml,FORM 4,https://www.sec.gov/Archives/edgar/data/1326380/000132638015000122/xslF345X03/wf-form4_143501118692106.xml
0001326380-15-000140,2015-06-25,2015-06-23,4,xslF345X03/wf-form4_143527994370598.xml,FORM 4,https://www.sec.gov/Archives/edgar/data/1326380/000132638015000140/xslF345X03/wf-form4_143527994370598.xml
0001326380-15-000138,2015-06-25,2015-06-23,4,xslF345X03/wf-form4_143527983994345.xml,FORM 4,https://www.sec.gov/Archives/edgar/data/1326380/000132638015000138/xslF345X03/wf-form4_143527983994345.xml
0001326380-15-000136,2015-06-25,2015-06-23,4,xslF345X03/wf-form4_143527974999095.xml,FORM 4,https://www.sec.gov/Archives/edgar/data/1326380/000132638015000136/xslF345X03/wf-form4_143527974999095.xml
0001326380-15-000134,2015-06-25,2015-06-23,4,xslF345X03/wf-form4_143527959922937.xml,FORM 4,https://www.sec.gov/Archives/edgar/data/1326380/000132638015000134/xslF345X03/wf-form4_143527959922937.xml
0001326380-15-000132,2015-06-25,2015-06-23,4,xslF345X03/wf-form4_143527949710478.xml,FORM 4,https://www.sec.gov/Archives/edgar/data/1326380/000132638015000132/xslF345X03/wf-form4_143527949710478.xml
0001326380-15-000130,2015-06-25,2015-06-23,4,xslF345X03/wf-form4_143527935187569.xml,FORM 4,https://www.sec.gov/Archives/edgar/data/1326380/000132638015000130/xslF345X03/wf-form4_143527935187569.xml
0001326380-15-000128,2015-06-25,2015-06-23,4,xslF345X03/wf-form4_143527924218603.xml,FORM 4,https://www.sec.gov/Archives/edgar/data/1326380/000132638015000128/xslF345X03/wf-form4_143527924218603.xml
0001326380-15-000126,2015-06-25,2015-06-23,4,xslF345X03/wf-form4_143527906503517.xml,FORM 4,https://www.sec.gov/Archives/edgar/data/1326380/000132638015000126/xslF345X03/wf-form4_143527906503517.xml
0001326380-15-000124,2015-06-25,2015-06-23,4,xslF345X03/wf-form4_143527895853150.xml,FORM 4,https://www.sec.gov/Archives/edgar/data/1326380/000132638015000124/xslF345X03/wf-form4_143527895853150.xml
0001326380-15-000142,2015-06-29,2015-06-23,8-K,form8-k2015annualmeeting.htm,8-K,https://www.sec.gov/Archives/edgar/data/1326380/000132638015000142/form8-k2015annualmeeting.htm
0001326380-15-000144,2015-07-06,2015-07-02,4,xslF345X03/wf-form4_143622525803376.xml,FORM 4,https://www.sec.gov/Archives/edgar/data/1326380/000132638015000144/xslF345X03/wf-form4_143622525803376.xml
0001326380-15-000147,2015-07-07,,SC TO-T/A,amendmentno1toscto-t.htm,SC TO-T/A,https://www.sec.gov/Archives/edgar/data/1326380/000132638015000147/amendmentno1toscto-t.htm
0001326380-15-000149,2015-07-10,2015-07-09,4,xslF345X03/wf-form4_143655962551861.xml,FORM 4,https://www.sec.gov/Archives/edgar/data/1326380/000132638015000149/xslF345X03/wf-form4_143655962551861.xml
0001326380-15-000152,2015-07-14,,SC TO-T/A,amendmentno2toscto-t.htm,SC TO-T/A,https://www.sec.gov/Archives/edgar/data/1326380/000132638015000152/amendmentno2toscto-t.htm
0001326380-15-000166,2015-07-17,2015-07-17,3,xslF345X02/wf-form3_143716339741702.xml,FORM 3,https://www.sec.gov/Archives/edgar/data/1326380/000132638015000166/xslF345X02/wf-form3_143716339741702.xml
0001326380-15-000165,2015-07-17,2015-07-13,8-K,form8-kxgadgetmergerclosing.htm,8-K,https://www.sec.gov/Archives/edgar/data/1326380/000132638015000165/form8-kxgadgetmergerclosing.htm
0001326380-15-000160,2015-07-17,,SC TO-T/A,amendmentno3toscto-t.htm,SC TO-T/A,https://www.sec.gov/Archives/edgar/data/1326380/000132638015000160/amendmentno3toscto-t.htm
0001326380-15-000174,2015-08-27,2015-08-25,8-K,form8-kxq2fy15earnings.htm,8-K,https://www.sec.gov/Archives/edgar/data/1326380/000132638015000174/form8-kxq2fy15earnings.htm
0001326380-15-000179,2015-09-09,2015-09-04,4,xslF345X03/wf-form4_144182913842347.xml,FORM 4,https://www.sec.gov/Archives/edgar/data/1326380/000132638015000179/xslF345X03/wf-form4_144182913842347.xml
0001326380-15-000178,2015-09-09,2015-08-01,10-Q,form10q-fy15q2.htm,10-Q,https://www.sec.gov/Archives/edgar/data/1326380/000132638015000178/form10q-fy15q2.htm
0001326380-15-000194,2015-09-23,2015-09-21,4,xslF345X03/wf-form4_144305008367544.xml,FORM 4,https://www.sec.gov/Archives/edgar/data/1326380/000132638015000194/xslF345X03/wf-form4_144305008367544.xml
0001326380-15-000192,2015-09-23,2015-09-21,4,xslF345X03/wf-form4_144304996416061.xml,FORM 4,https://www.sec.gov/Archives/edgar/data/1326380/000132638015000192/xslF345X03/wf-form4_144304996416061.xml
0001326380-15-000190,2015-09-23,2015-09-21,4,xslF345X03/wf-form4_144304979159912.xml,FORM 4,https://www.sec.gov/Archives/edgar/data/1326380/000132638015000190/xslF345X03/wf-form4_144304979159912.xml
0001326380-15-000188,2015-09-23,2015-09-21,4,xslF345X03/wf-form4_144304963379015.xml,FORM 4,https://www.sec.gov/Archives/edgar/data/1326380/000132638015000188/xslF345X03/wf-form4_144304963379015.xml
0001326380-15-000186,2015-09-23,2015-09-21,4,xslF345X03/wf-form4_144304947339953.xml,FORM 4,https://www.sec.gov/Archives/edgar/data/1326380/000132638015000186/xslF345X03/wf-form4_144304947339953.xml
0000000000-15-047677,2015-09-29,,UPLOAD,filename1.pdf,,https://www.sec.gov/Archives/edgar/data/1326380/000000000015047677/filename1.pdf
0001326380-15-000197,2015-09-30,,CORRESP,filename1.htm,,https://www.sec.gov/Archives/edgar/data/1326380/000132638015000197/filename1.htm
0001326380-15-000218,2015-10-22,2015-10-20,4/A,xslF345X03/wf-form4a_144555581244023.xml,FORM 4/A,https://www.sec.gov/Archives/edgar/data/1326380/000132638015000218/xslF345X03/wf-form4a_144555581244023.xml
0001326380-15-000216,2015-10-22,2015-10-20,4,xslF345X03/wf-form4_144554910501367.xml,FORM 4,https://www.sec.gov/Archives/edgar/data/1326380/000132638015000216/xslF345X03/wf-form4_144554910501367.xml
0001326380-15-000214,2015-10-22,2015-10-20,4,xslF345X03/wf-form4_144554892700765.xml,FORM 4,https://www.sec.gov/Archives/edgar/data/1326380/000132638015000214/xslF345X03/wf-form4_144554892700765.xml
0001326380-15-000212,2015-10-22,2015-10-20,4,xslF345X03/wf-form4_144554873552659.xml,FORM 4,https://www.sec.gov/Archives/edgar/data/1326380/000132638015000212/xslF345X03/wf-form4_144554873552659.xml
0001326380-15-000210,2015-10-22,2015-10-20,4,xslF345X03/wf-form4_144554857974251.xml,FORM 4,https://www.sec.gov/Archives/edgar/data/1326380/000132638015000210/xslF345X03/wf-form4_144554857974251.xml
0001326380-15-000208,2015-10-22,2015-10-20,4,xslF345X03/wf-form4_144554844099833.xml,FORM 4,https://www.sec.gov/Archives/edgar/data/1326380/000132638015000208/xslF345X03/wf-form4_144554844099833.xml
0001326380-15-000206,2015-10-22,2015-10-20,4,xslF345X03/wf-form4_144554827190706.xml,FORM 4,https://www.sec.gov/Archives/edgar/data/1326380/000132638015000206/xslF345X03/wf-form4_144554827190706.xml
0001326380-15-000220,2015-10-27,,CORRESP,filename1.htm,,https://www.sec.gov/Archives/edgar/data/1326380/000132638015000220/filename1.htm
0000000000-15-052776,2015-11-04,,UPLOAD,filename1.pdf,,https://www.sec.gov/Archives/edgar/data/1326380/000000000015052776/filename1.pdf
0001326380-15-000223,2015-11-23,2015-11-20,8-K,form8-q3fy15earnings.htm,8-K,https://www.sec.gov/Archives/edgar/data/1326380/000132638015000223/form8-q3fy15earnings.htm
0001326380-15-000226,2015-12-02,2015-11-30,4,xslF345X03/wf-form4_144909631850546.xml,FORM 4,https://www.sec.gov/Archives/edgar/data/1326380/000132638015000226/xslF345X03/wf-form4_144909631850546.xml
0001326380-15-000229,2015-12-08,2015-10-31,10-Q,a10q-fy15q3.htm,10-Q,https://www.sec.gov/Archives/edgar/data/1326380/000132638015000229/a10q-fy15q3.htm
0001326380-16-000233,2016-01-12,2016-01-12,8-K,form8-kxholidaysales2015.htm,FORM 8-K,https://www.sec.gov/Archives/edgar/data/1326380/000132638016000233/form8-kxholidaysales2015.htm
0001326380-16-000235,2016-01-19,2016-01-15,4,xslF345X03/wf-form4_145324047514257.xml,FORM 4,https://www.sec.gov/Archives/edgar/data/1326380/000132638016000235/xslF345X03/wf-form4_145324047514257.xml
0000932471-16-011131,2016-02-10,,SC 13G/A,gamestopcorp.htm,,https://www.sec.gov/Archives/edgar/data/1326380/000093247116011131/gamestopcorp.htm
0000215457-16-005585,2016-02-10,,SC 13G/A,gamestop.corp.clas.2015.txt,,https://www.sec.gov/Archives/edgar/data/1326380/000021545716005585/gamestop.corp.clas.2015.txt
0001193125-16-460037,2016-02-11,,SC 13G/A,d129796dsc13ga.htm,SCHEDULE 13G AMENDMENT NO. 1,https://www.sec.gov/Archives/edgar/data/1326380/000119312516460037/d129796dsc13ga.htm
0001422849-16-000608,2016-02-12,,SC 13G/A,edggme.txt,SC 13G/A,https://www.sec.gov/Archives/edgar/data/1326380/000142284916000608/edggme.txt
0000315066-16-005088,2016-02-12,,SC 13G/A,filing.txt,,https://www.sec.gov/Archives/edgar/data/1326380/000031506616005088/filing.txt
0001532155-16-000167,2016-02-16,,SC 13G/A,SEC13G_Filing.htm,SEC SCHEDULE 13G,https://www.sec.gov/Archives/edgar/data/1326380/000153215516000167/SEC13G_Filing.htm
0000093751-16-000519,2016-02-22,,SC 13G/A,gme.txt,GAMESTOP CORP.,https://www.sec.gov/Archives/edgar/data/1326380/000009375116000519/gme.txt
0001326380-16-000239,2016-02-23,2016-02-23,8-K,form8-kxdividendq12016.htm,8-K,https://www.sec.gov/Archives/edgar/data/1326380/000132638016000239/form8-kxdividendq12016.htm
0001326380-16-000255,2016-02-24,2016-02-22,4,xslF345X03/wf-form4_145635105908711.xml,FORM 4,https://www.sec.gov/Archives/edgar/data/1326380/000132638016000255/xslF345X03/wf-form4_145635105908711.xml
0001326380-16-000254,2016-02-24,2016-02-22,4,xslF345X03/wf-form4_145635104507400.xml,FORM 4,https://www.sec.gov/Archives/edgar/data/1326380/000132638016000254/xslF345X03/wf-form4_145635104507400.xml
0001326380-16-000253,2016-02-24,2016-02-22,4,xslF345X03/wf-form4_145635102748035.xml,FORM 4,https://www.sec.gov/Archives/edgar/data/1326380/000132638016000253/xslF345X03/wf-form4_145635102748035.xml
0001326380-16-000252,2016-02-24,2016-02-22,4,xslF345X03/wf-form4_145635101155711.xml,FORM 4,https://www.sec.gov/Archives/edgar/data/1326380/000132638016000252/xslF345X03/wf-form4_145635101155711.xml
0001326380-16-000251,2016-02-24,2016-02-22,4,xslF345X03/wf-form4_145635099077500.xml,FORM 4,https://www.sec.gov/Archives/edgar/data/1326380/000132638016000251/xslF345X03/wf-form4_145635099077500.xml
0001326380-16-000250,2016-02-24,2016-02-22,4,xslF345X03/wf-form4_145635096553055.xml,FORM 4,https://www.sec.gov/Archives/edgar/data/1326380/000132638016000250/xslF345X03/wf-form4_145635096553055.xml
0001326380-16-000249,2016-02-24,2016-02-22,4,xslF345X03/wf-form4_145635095091753.xml,FORM 4,https://www.sec.gov/Archives/edgar/data/1326380/000132638016000249/xslF345X03/wf-form4_145635095091753.xml
0001326380-16-000241,2016-02-24,2016-02-24,8-K,form8-kxcharteramendment.htm,8-K,https://www.sec.gov/Archives/edgar/data/1326380/000132638016000241/form8-kxcharteramendment.htm
0001326380-16-000271,2016-03-01,2016-02-26,4,xslF345X03/wf-form4_145686774632185.xml,FORM 4,https://www.sec.gov/Archives/edgar/data/1326380/000132638016000271/xslF345X03/wf-form4_145686774632185.xml
0001326380-16-000270,2016-03-01,2016-02-26,4,xslF345X03/wf-form4_145686770098765.xml,FORM 4,https://www.sec.gov/Archives/edgar/data/1326380/000132638016000270/xslF345X03/wf-form4_145686770098765.xml
0001326380-16-000269,2016-03-01,2016-02-26,4,xslF345X03/wf-form4_145686767853331.xml,FORM 4,https://www.sec.gov/Archives/edgar/data/1326380/000132638016000269/xslF345X03/wf-form4_145686767853331.xml
0001326380-16-000268,2016-03-01,2016-02-26,4,xslF345X03/wf-form4_145686765746037.xml,FORM 4,https://www.sec.gov/Archives/edgar/data/1326380/000132638016000268/xslF345X03/wf-form4_145686765746037.xml
0001326380-16-000267,2016-03-01,2016-02-26,4,xslF345X03/wf-form4_145686764411300.xml,FORM 4,https://www.sec.gov/Archives/edgar/data/1326380/000132638016000267/xslF345X03/wf-form4_145686764411300.xml
0001326380-16-000266,2016-03-01,2016-02-26,4,xslF345X03/wf-form4_145686762341045.xml,FORM 4,https://www.sec.gov/Archives/edgar/data/1326380/000132638016000266/xslF345X03/wf-form4_145686762341045.xml
0001326380-16-000265,2016-03-01,2016-02-26,4,xslF345X03/wf-form4_145686760203127.xml,FORM 4,https://www.sec.gov/Archives/edgar/data/1326380/000132638016000265/xslF345X03/wf-form4_145686760203127.xml
0001326380-16-000264,2016-03-01,2016-02-26,4,xslF345X03/wf-form4_145686758096794.xml,FORM 4,https://www.sec.gov/Archives/edgar/data/1326380/000132638016000264/xslF345X03/wf-form4_145686758096794.xml
0001326380-16-000273,2016-03-02,2016-03-02,8-K,form8-kxdebt2016.htm,8-K,https://www.sec.gov/Archives/edgar/data/1326380/000132638016000273/form8-kxdebt2016.htm
0001326380-16-000287,2016-03-08,2016-03-07,4,xslF345X03/wf-form4_145747399570175.xml,FORM 4,https://www.sec.gov/Archives/edgar/data/1326380/000132638016000287/xslF345X03/wf-form4_145747399570175.xml
0001326380-16-000286,2016-03-08,2016-03-07,4,xslF345X03/wf-form4_145747383542076.xml,FORM 4,https://www.sec.gov/Archives/edgar/data/1326380/000132638016000286/xslF345X03/wf-form4_145747383542076.xml
0001326380-16-000285,2016-03-08,2016-03-07,4,xslF345X03/wf-form4_145747382164717.xml,FORM 4,https://www.sec.gov/Archives/edgar/data/1326380/000132638016000285/xslF345X03/wf-form4_145747382164717.xml
0001326380-16-000284,2016-03-08,2016-03-07,4,xslF345X03/wf-form4_145747380850280.xml,FORM 4,https://www.sec.gov/Archives/edgar/data/1326380/000132638016000284/xslF345X03/wf-form4_145747380850280.xml
0001326380-16-000283,2016-03-08,2016-03-07,4,xslF345X03/wf-form4_145747379454521.xml,FORM 4,https://www.sec.gov/Archives/edgar/data/1326380/000132638016000283/xslF345X03/wf-form4_145747379454521.xml
0001326380-16-000282,2016-03-08,2016-03-07,4,xslF345X03/wf-form4_145747378119042.xml,FORM 4,https://www.sec.gov/Archives/edgar/data/1326380/000132638016000282/xslF345X03/wf-form4_145747378119042.xml
0001326380-16-000281,2016-03-08,2016-03-07,4,xslF345X03/wf-form4_145747376381385.xml,FORM 4,https://www.sec.gov/Archives/edgar/data/1326380/000132638016000281/xslF345X03/wf-form4_145747376381385.xml
0001326380-16-000311,2016-03-09,2016-03-09,8-K,form8-kxdebtclosing2016.htm,8-K,https://www.sec.gov/Archives/edgar/data/1326380/000132638016000311/form8-kxdebtclosing2016.htm
0001326380-16-000309,2016-03-09,2016-03-07,4,xslF345X03/wf-form4_145755897485327.xml,FORM 4,https://www.sec.gov/Archives/edgar/data/1326380/000132638016000309/xslF345X03/wf-form4_145755897485327.xml
0001326380-16-000308,2016-03-09,2016-03-07,4,xslF345X03/wf-form4_145755896099669.xml,FORM 4,https://www.sec.gov/Archives/edgar/data/1326380/000132638016000308/xslF345X03/wf-form4_145755896099669.xml
0001326380-16-000307,2016-03-09,2016-03-07,4,xslF345X03/wf-form4_145755894743547.xml,FORM 4,https://www.sec.gov/Archives/edgar/data/1326380/000132638016000307/xslF345X03/wf-form4_145755894743547.xml
0001326380-16-000306,2016-03-09,2016-03-07,4,xslF345X03/wf-form4_145755893333315.xml,FORM 4,https://www.sec.gov/Archives/edgar/data/1326380/000132638016000306/xslF345X03/wf-form4_145755893333315.xml
0001326380-16-000305,2016-03-09,2016-03-07,4,xslF345X03/wf-form4_145755891927665.xml,FORM 4,https://www.sec.gov/Archives/edgar/data/1326380/000132638016000305/xslF345X03/wf-form4_145755891927665.xml
0001326380-16-000304,2016-03-09,2016-03-07,4,xslF345X03/wf-form4_145755890673587.xml,FORM 4,https://www.sec.gov/Archives/edgar/data/1326380/000132638016000304/xslF345X03/wf-form4_145755890673587.xml
0001326380-16-000303,2016-03-09,2016-03-07,4,xslF345X03/wf-form4_145755889267819.xml,FORM 4,https://www.sec.gov/Archives/edgar/data/1326380/000132638016000303/xslF345X03/wf-form4_145755889267819.xml
0001326380-16-000314,2016-03-24,2016-03-24,8-K,form8-kxq4fy15earnings.htm,8-K,https://www.sec.gov/Archives/edgar/data/1326380/000132638016000314/form8-kxq4fy15earnings.htm
0001326380-16-000320,2016-03-28,2016-01-30,10-K,a10k-fy15q4.htm,10-K,https://www.sec.gov/Archives/edgar/data/1326380/000132638016000320/a10k-fy15q4.htm
0001326380-16-000316,2016-03-28,2016-03-28,8-K,form8-kxregfdgeeknet.htm,8-K,https://www.sec.gov/Archives/edgar/data/1326380/000132638016000316/form8-kxregfdgeeknet.htm
0001326380-16-000323,2016-03-29,2016-01-30,10-K/A,a10ka-fy15q4.htm,10-K/A,https://www.sec.gov/Archives/edgar/data/1326380/000132638016000323/a10ka-fy15q4.htm
0001326380-16-000325,2016-03-30,2016-03-29,4,xslF345X03/wf-form4_145936960142330.xml,FORM 4,https://www.sec.gov/Archives/edgar/data/1326380/000132638016000325/xslF345X03/wf-form4_145936960142330.xml
0001326380-16-000343,2016-04-11,2016-04-07,4,xslF345X03/wf-form4_146041405781209.xml,FORM 4,https://www.sec.gov/Archives/edgar/data/1326380/000132638016000343/xslF345X03/wf-form4_146041405781209.xml
0001326380-16-000342,2016-04-11,2016-04-07,4,xslF345X03/wf-form4_146041404454054.xml,FORM 4,https://www.sec.gov/Archives/edgar/data/1326380/000132638016000342/xslF345X03/wf-form4_146041404454054.xml
0001326380-16-000341,2016-04-11,2016-04-07,4,xslF345X03/wf-form4_146041402672805.xml,FORM 4,https://www.sec.gov/Archives/edgar/data/1326380/000132638016000341/xslF345X03/wf-form4_146041402672805.xml
0001326380-16-000340,2016-04-11,2016-04-07,4,xslF345X03/wf-form4_146041401048524.xml,FORM 4,https://www.sec.gov/Archives/edgar/data/1326380/000132638016000340/xslF345X03/wf-form4_146041401048524.xml
0001326380-16-000339,2016-04-11,2016-04-07,4,xslF345X03/wf-form4_146041399714624.xml,FORM 4,https://www.sec.gov/Archives/edgar/data/1326380/000132638016000339/xslF345X03/wf-form4_146041399714624.xml
0001326380-16-000338,2016-04-11,2016-04-07,4,xslF345X03/wf-form4_146041398367911.xml,FORM 4,https://www.sec.gov/Archives/edgar/data/1326380/000132638016000338/xslF345X03/wf-form4_146041398367911.xml
0001326380-16-000348,2016-04-22,2016-06-21,PRE 14A,gamestop2016preliminarypro.htm,PRE 14A,https://www.sec.gov/Archives/edgar/data/1326380/000132638016000348/gamestop2016preliminarypro.htm
0001326380-16-000351,2016-05-02,2016-05-02,8-K,form8-kxfontaine.htm,8-K,https://www.sec.gov/Archives/edgar/data/1326380/000132638016000351/form8-kxfontaine.htm
0001326380-16-000355,2016-05-06,2016-06-21,DEF 14A,gamestop2016definitiveprox.htm,DEF 14A,https://www.sec.gov/Archives/edgar/data/1326380/000132638016000355/gamestop2016definitiveprox.htm
0001326380-16-000358,2016-05-26,2016-05-24,8-K,form8-kxq1fy16earnings.htm,8-K,https://www.sec.gov/Archives/edgar/data/1326380/000132638016000358/form8-kxq1fy16earnings.htm
0001326380-16-000361,2016-05-27,,SD,formsd.htm,SD,https://www.sec.gov/Archives/edgar/data/1326380/000132638016000361/formsd.htm
0001326380-16-000366,2016-06-07,2016-04-30,10-Q,a10q-fy16q1.htm,10-Q,https://www.sec.gov/Archives/edgar/data/1326380/000132638016000366/a10q-fy16q1.htm
0001326380-16-000390,2016-06-23,2016-06-21,4,xslF345X03/wf-form4_146671451371830.xml,FORM 4,https://www.sec.gov/Archives/edgar/data/1326380/000132638016000390/xslF345X03/wf-form4_146671451371830.xml
0001326380-16-000389,2016-06-23,2016-06-21,4,xslF345X03/wf-form4_146671448722691.xml,FORM 4,https://www.sec.gov/Archives/edgar/data/1326380/000132638016000389/xslF345X03/wf-form4_146671448722691.xml
0001326380-16-000388,2016-06-23,2016-06-21,4,xslF345X03/wf-form4_146671446936260.xml,FORM 4,https://www.sec.gov/Archives/edgar/data/1326380/000132638016000388/xslF345X03/wf-form4_146671446936260.xml
0001326380-16-000387,2016-06-23,2016-06-21,4,xslF345X03/wf-form4_146671444725478.xml,FORM 4,https://www.sec.gov/Archives/edgar/data/1326380/000132638016000387/xslF345X03/wf-form4_146671444725478.xml
0001326380-16-000386,2016-06-23,2016-06-21,4,xslF345X03/wf-form4_146671442345157.xml,FORM 4,https://www.sec.gov/Archives/edgar/data/1326380/000132638016000386/xslF345X03/wf-form4_146671442345157.xml
0001326380-16-000385,2016-06-23,2016-06-21,4,xslF345X03/wf-form4_146671440367164.xml,FORM 4,https://www.sec.gov/Archives/edgar/data/1326380/000132638016000385/xslF345X03/wf-form4_146671440367164.xml
0001326380-16-000384,2016-06-23,2016-06-21,4,xslF345X03/wf-form4_146671422134580.xml,FORM 4,https://www.sec.gov/Archives/edgar/data/1326380/000132638016000384/xslF345X03/wf-form4_146671422134580.xml
0001326380-16-000383,2016-06-23,2016-06-21,4,xslF345X03/wf-form4_146671420427264.xml,FORM 4,https://www.sec.gov/Archives/edgar/data/1326380/000132638016000383/xslF345X03/wf-form4_146671420427264.xml
0001326380-16-000392,2016-06-24,2016-06-21,8-K,a2016annualmeeting.htm,8-K,https://www.sec.gov/Archives/edgar/data/1326380/000132638016000392/a2016annualmeeting.htm
0001326380-16-000394,2016-06-27,2016-06-23,4,xslF345X03/wf-form4_146706051666820.xml,FORM 4,https://www.sec.gov/Archives/edgar/data/1326380/000132638016000394/xslF345X03/wf-form4_146706051666820.xml
0000000000-16-084940,2016-07-19,,UPLOAD,filename1.pdf,,https://www.sec.gov/Archives/edgar/data/1326380/000000000016084940/filename1.pdf
0001326380-16-000397,2016-07-21,,CORRESP,filename1.htm,,https://www.sec.gov/Archives/edgar/data/1326380/000132638016000397/filename1.htm
0001326380-16-000399,2016-08-15,,CORRESP,filename1.htm,,https://www.sec.gov/Archives/edgar/data/1326380/000132638016000399/filename1.htm
0001326380-16-000402,2016-08-25,2016-08-22,8-K,form8-kxq2fy16earnings.htm,8-K,https://www.sec.gov/Archives/edgar/data/1326380/000132638016000402/form8-kxq2fy16earnings.htm
0000000000-16-091517,2016-09-06,,UPLOAD,filename1.pdf,,https://www.sec.gov/Archives/edgar/data/1326380/000000000016091517/filename1.pdf
0001326380-16-000406,2016-09-07,2016-07-30,10-Q,a10q-fy16q2.htm,10-Q,https://www.sec.gov/Archives/edgar/data/1326380/000132638016000406/a10q-fy16q2.htm
0001326380-16-000408,2016-09-16,2016-09-15,4,xslF345X03/wf-form4_147405655134060.xml,FORM 4,https://www.sec.gov/Archives/edgar/data/1326380/000132638016000408/xslF345X03/wf-form4_147405655134060.xml
0001326380-16-000410,2016-10-27,2016-10-26,4,xslF345X03/wf-form4_147760292948121.xml,FORM 4,https://www.sec.gov/Archives/edgar/data/1326380/000132638016000410/xslF345X03/wf-form4_147760292948121.xml
0001326380-16-000412,2016-11-02,2016-11-02,8-K,form8-kxfy16guidance.htm,8-K,https://www.sec.gov/Archives/edgar/data/1326380/000132638016000412/form8-kxfy16guidance.htm
0001326380-16-000415,2016-11-22,2016-11-21,8-K,form8-kxq3fy16earnings.htm,8-K,https://www.sec.gov/Archives/edgar/data/1326380/000132638016000415/form8-kxq3fy16earnings.htm
0001326380-16-000419,2016-12-06,2016-10-29,10-Q,a10q-fy16q3.htm,10-Q,https://www.sec.gov/Archives/edgar/data/1326380/000132638016000419/a10q-fy16q3.htm
0001326380-17-000003,2017-01-13,2017-01-13,8-K,form8-kxholidaysales2016.htm,8-K,https://www.sec.gov/Archives/edgar/data/1326380/000132638017000003/form8-kxholidaysales2016.htm
0001326380-17-000005,2017-01-17,2017-01-13,4,xslF345X03/wf-form4_148468894353171.xml,FORM 4,https://www.sec.gov/Archives/edgar/data/1326380/000132638017000005/xslF345X03/wf-form4_148468894353171.xml
0000353480-17-000697,2017-01-24,,SC 13G/A,gamestop.corp.clas.txt,,https://www.sec.gov/Archives/edgar/data/1326380/000035348017000697/gamestop.corp.clas.txt
0001033427-17-000034,2017-02-02,,SC 13G,gamestop13g12312016.htm,,https://www.sec.gov/Archives/edgar/data/1326380/000103342717000034/gamestop13g12312016.htm
0001193125-17-038421,2017-02-10,,SC 13G/A,d335609dsc13ga.htm,AMENDMENT NO. 2 TO SCHEDULE 13G,https://www.sec.gov/Archives/edgar/data/1326380/000119312517038421/d335609dsc13ga.htm
0001532155-17-000086,2017-02-10,,SC 13G/A,SEC13G_Filing.htm,SEC SCHEDULE 13G,https://www.sec.gov/Archives/edgar/data/1326380/000153215517000086/SEC13G_Filing.htm
0000932471-17-002525,2017-02-13,,SC 13G/A,gamestopcorp.htm,,https://www.sec.gov/Archives/edgar/data/1326380/000093247117002525/gamestopcorp.htm
0000315066-17-001695,2017-02-14,,SC 13G/A,filing.txt,,https://www.sec.gov/Archives/edgar/data/1326380/000031506617001695/filing.txt
0001326380-17-000008,2017-02-28,2017-02-27,4,xslF345X03/wf-form4_148832207594192.xml,FORM 4,https://www.sec.gov/Archives/edgar/data/1326380/000132638017000008/xslF345X03/wf-form4_148832207594192.xml
0001326380-17-000010,2017-03-01,2017-02-28,8-K,form8-kxdividend022817.htm,8-K,https://www.sec.gov/Archives/edgar/data/1326380/000132638017000010/form8-kxdividend022817.htm
0001326380-17-000012,2017-03-06,2017-02-28,8-K,a8-k030617xchangeinbylaws.htm,8-K,https://www.sec.gov/Archives/edgar/data/1326380/000132638017000012/a8-k030617xchangeinbylaws.htm
0001326380-17-000028,2017-03-07,2017-03-03,4,xslF345X03/wf-form4_148892877603544.xml,FORM 4,https://www.sec.gov/Archives/edgar/data/1326380/000132638017000028/xslF345X03/wf-form4_148892877603544.xml
0001326380-17-000026,2017-03-07,2017-03-03,4,xslF345X03/wf-form4_148892857402723.xml,FORM 4,https://www.sec.gov/Archives/edgar/data/1326380/000132638017000026/xslF345X03/wf-form4_148892857402723.xml
0001326380-17-000024,2017-03-07,2017-03-03,4,xslF345X03/wf-form4_148892846047654.xml,FORM 4,https://www.sec.gov/Archives/edgar/data/1326380/000132638017000024/xslF345X03/wf-form4_148892846047654.xml
0001326380-17-000022,2017-03-07,2017-03-03,4,xslF345X03/wf-form4_148892827750840.xml,FORM 4,https://www.sec.gov/Archives/edgar/data/1326380/000132638017000022/xslF345X03/wf-form4_148892827750840.xml
0001326380-17-000020,2017-03-07,2017-03-03,4,xslF345X03/wf-form4_148892807438113.xml,FORM 4,https://www.sec.gov/Archives/edgar/data/1326380/000132638017000020/xslF345X03/wf-form4_148892807438113.xml
0001326380-17-000018,2017-03-07,2017-03-03,4,xslF345X03/wf-form4_148892793733726.xml,FORM 4,https://www.sec.gov/Archives/edgar/data/1326380/000132638017000018/xslF345X03/wf-form4_148892793733726.xml
0001326380-17-000016,2017-03-07,2017-03-03,4,xslF345X03/wf-form4_148892776244882.xml,FORM 4,https://www.sec.gov/Archives/edgar/data/1326380/000132638017000016/xslF345X03/wf-form4_148892776244882.xml
0001326380-17-000014,2017-03-07,2017-03-03,4,xslF345X03/wf-form4_148892761018048.xml,FORM 4,https://www.sec.gov/Archives/edgar/data/1326380/000132638017000014/xslF345X03/wf-form4_148892761018048.xml
0001326380-17-000038,2017-03-08,2017-03-06,4,xslF345X03/wf-form4_148901104264698.xml,FORM 4,https://www.sec.gov/Archives/edgar/data/1326380/000132638017000038/xslF345X03/wf-form4_148901104264698.xml
0001326380-17-000036,2017-03-08,2017-03-06,4,xslF345X03/wf-form4_148901093495950.xml,FORM 4,https://www.sec.gov/Archives/edgar/data/1326380/000132638017000036/xslF345X03/wf-form4_148901093495950.xml
0001326380-17-000034,2017-03-08,2017-03-06,4,xslF345X03/wf-form4_148901083307028.xml,FORM 4,https://www.sec.gov/Archives/edgar/data/1326380/000132638017000034/xslF345X03/wf-form4_148901083307028.xml
0001326380-17-000032,2017-03-08,2017-03-06,4,xslF345X03/wf-form4_148901069503072.xml,FORM 4,https://www.sec.gov/Archives/edgar/data/1326380/000132638017000032/xslF345X03/wf-form4_148901069503072.xml
0001326380-17-000030,2017-03-08,2017-03-06,4,xslF345X03/wf-form4_148901051651797.xml,FORM 4,https://www.sec.gov/Archives/edgar/data/1326380/000132638017000030/xslF345X03/wf-form4_148901051651797.xml
0001326380-17-000043,2017-03-23,2017-03-23,8-K,form8-kxq4fy16earnings.htm,8-K,https://www.sec.gov/Archives/edgar/data/1326380/000132638017000043/form8-kxq4fy16earnings.htm
0001326380-17-000046,2017-03-27,2017-01-28,10-K,a10k-fy16q4.htm,"FORM 10-K FOR THE FISCAL YEAR ENDED JANUARY 28, 2017",https://www.sec.gov/Archives/edgar/data/1326380/000132638017000046/a10k-fy16q4.htm
0001326380-17-000060,2017-04-04,2017-03-31,4,xslF345X03/wf-form4_149133904219669.xml,FORM 4,https://www.sec.gov/Archives/edgar/data/1326380/000132638017000060/xslF345X03/wf-form4_149133904219669.xml
0001326380-17-000059,2017-04-04,2017-03-31,4,xslF345X03/wf-form4_149133899855507.xml,FORM 4,https://www.sec.gov/Archives/edgar/data/1326380/000132638017000059/xslF345X03/wf-form4_149133899855507.xml
0001326380-17-000058,2017-04-04,2017-03-31,4,xslF345X03/wf-form4_149133893824923.xml,FORM 4,https://www.sec.gov/Archives/edgar/data/1326380/000132638017000058/xslF345X03/wf-form4_149133893824923.xml
0001326380-17-000057,2017-04-04,2017-03-31,4,xslF345X03/wf-form4_149133887211738.xml,FORM 4,https://www.sec.gov/Archives/edgar/data/1326380/000132638017000057/xslF345X03/wf-form4_149133887211738.xml
0001326380-17-000056,2017-04-04,2017-03-31,4,xslF345X03/wf-form4_149133882064403.xml,FORM 4,https://www.sec.gov/Archives/edgar/data/1326380/000132638017000056/xslF345X03/wf-form4_149133882064403.xml
0001326380-17-000055,2017-04-04,2017-03-31,4,xslF345X03/wf-form4_149133875900079.xml,FORM 4,https://www.sec.gov/Archives/edgar/data/1326380/000132638017000055/xslF345X03/wf-form4_149133875900079.xml
0001326380-17-000054,2017-04-04,2017-03-31,4,xslF345X03/wf-form4_149133871686822.xml,FORM 4,https://www.sec.gov/Archives/edgar/data/1326380/000132638017000054/xslF345X03/wf-form4_149133871686822.xml
0001326380-17-000065,2017-04-28,2017-06-27,PRE 14A,gme_pre14a2017.htm,PRE 14A,https://www.sec.gov/Archives/edgar/data/1326380/000132638017000065/gme_pre14a2017.htm
0001326380-17-000069,2017-05-12,,DEFA14A,gme_defa14a2017.htm,DEFA14A,https://www.sec.gov/Archives/edgar/data/1326380/000132638017000069/gme_defa14a2017.htm
0001326380-17-000068,2017-05-12,2017-06-27,DEF 14A,gme_def14a2017.htm,DEF 14A,https://www.sec.gov/Archives/edgar/data/1326380/000132638017000068/gme_def14a2017.htm
0001326380-17-000071,2017-05-25,2017-05-23,8-K,form8-kxq1fy17earnings.htm,8-K,https://www.sec.gov/Archives/edgar/data/1326380/000132638017000071/form8-kxq1fy17earnings.htm
0001326380-17-000075,2017-05-26,,SD,formsd2016filed2017.htm,CONFLICT MINERAL DISCLOSURE AND REPORT,https://www.sec.gov/Archives/edgar/data/1326380/000132638017000075/formsd2016filed2017.htm
0001326380-17-000078,2017-06-06,2017-04-29,10-Q,a10q-fy17q1.htm,10-Q,https://www.sec.gov/Archives/edgar/data/1326380/000132638017000078/a10q-fy17q1.htm
0001326380-17-000095,2017-06-29,2017-06-27,4,xslF345X03/wf-form4_149878458310422.xml,FORM 4,https://www.sec.gov/Archives/edgar/data/1326380/000132638017000095/xslF345X03/wf-form4_149878458310422.xml
0001326380-17-000093,2017-06-29,2017-06-27,4,xslF345X03/wf-form4_149876998656318.xml,FORM 4,https://www.sec.gov/Archives/edgar/data/1326380/000132638017000093/xslF345X03/wf-form4_149876998656318.xml
0001326380-17-000091,2017-06-29,2017-06-27,4,xslF345X03/wf-form4_149876985895568.xml,FORM 4,https://www.sec.gov/Archives/edgar/data/1326380/000132638017000091/xslF345X03/wf-form4_149876985895568.xml
0001326380-17-000089,2017-06-29,2017-06-27,4,xslF345X03/wf-form4_149876971295930.xml,FORM 4,https://www.sec.gov/Archives/edgar/data/1326380/000132638017000089/xslF345X03/wf-form4_149876971295930.xml
0001326380-17-000087,2017-06-29,2017-06-27,4,xslF345X03/wf-form4_149876957744333.xml,FORM 4,https://www.sec.gov/Archives/edgar/data/1326380/000132638017000087/xslF345X03/wf-form4_149876957744333.xml
0001326380-17-000085,2017-06-29,2017-06-27,4,xslF345X03/wf-form4_149876947259076.xml,FORM 4,https://www.sec.gov/Archives/edgar/data/1326380/000132638017000085/xslF345X03/wf-form4_149876947259076.xml
0001326380-17-000083,2017-06-29,2017-06-27,4,xslF345X03/wf-form4_149876928652518.xml,FORM 4,https://www.sec.gov/Archives/edgar/data/1326380/000132638017000083/xslF345X03/wf-form4_149876928652518.xml
0001326380-17-000081,2017-06-29,2017-06-27,4,xslF345X03/wf-form4_149876914951533.xml,FORM 4,https://www.sec.gov/Archives/edgar/data/1326380/000132638017000081/xslF345X03/wf-form4_149876914951533.xml
0001326380-17-000097,2017-06-30,2017-06-27,8-K,a2017annualmtgvotingresults.htm,8-K,https://www.sec.gov/Archives/edgar/data/1326380/000132638017000097/a2017annualmtgvotingresults.htm
0001326380-17-000102,2017-08-24,2017-08-24,8-K,form8-kxq2fy17earnings.htm,8-K,https://www.sec.gov/Archives/edgar/data/1326380/000132638017000102/form8-kxq2fy17earnings.htm
0001326380-17-000106,2017-09-06,2017-07-29,10-Q,a10q-fy17q2.htm,10-Q,https://www.sec.gov/Archives/edgar/data/1326380/000132638017000106/a10q-fy17q2.htm
0001326380-17-000108,2017-11-14,2017-11-13,8-K,form8-knovember142017.htm,8-K,https://www.sec.gov/Archives/edgar/data/1326380/000132638017000108/form8-knovember142017.htm
0001326380-17-000116,2017-11-21,2017-11-21,8-K,form8-kxq3fy17earnings.htm,8-K,https://www.sec.gov/Archives/edgar/data/1326380/000132638017000116/form8-kxq3fy17earnings.htm
0001326380-17-000115,2017-11-21,2017-11-20,8-K,a8-kxfy2017amendedrevolver.htm,8-K,https://www.sec.gov/Archives/edgar/data/1326380/000132638017000115/a8-kxfy2017amendedrevolver.htm
0001326380-17-000124,2017-11-28,2017-11-27,4,xslF345X03/wf-form4_151190973477397.xml,FORM 4,https://www.sec.gov/Archives/edgar/data/1326380/000132638017000124/xslF345X03/wf-form4_151190973477397.xml
0001326380-17-000127,2017-12-05,2017-10-28,10-Q,a10q-fy17q3.htm,10-Q,https://www.sec.gov/Archives/edgar/data/1326380/000132638017000127/a10q-fy17q3.htm
0001326380-17-000130,2017-12-21,2017-11-13,8-K/A,form8-kdandcomp.htm,8-K/A,https://www.sec.gov/Archives/edgar/data/1326380/000132638017000130/form8-kdandcomp.htm
0001326380-18-000003,2018-01-12,2018-01-10,8-K,form8-kxholidaysales2017.htm,8-K,https://www.sec.gov/Archives/edgar/data/1326380/000132638018000003/form8-kxholidaysales2017.htm
0000215457-18-002908,2018-01-25,,SC 13G/A,us36467w1099_012418.txt,,https://www.sec.gov/Archives/edgar/data/1326380/000021545718002908/us36467w1099_012418.txt
0001326380-18-000005,2018-02-02,2018-01-31,4,xslF345X03/wf-form4_151761142687018.xml,FORM 4,https://www.sec.gov/Archives/edgar/data/1326380/000132638018000005/xslF345X03/wf-form4_151761142687018.xml
0001326380-18-000007,2018-02-05,2018-01-31,8-K,form8-kfebruary52018.htm,8-K,https://www.sec.gov/Archives/edgar/data/1326380/000132638018000007/form8-kfebruary52018.htm
0001326380-18-000010,2018-02-06,2018-02-04,8-K,form8-kfebruary62018.htm,8-K,https://www.sec.gov/Archives/edgar/data/1326380/000132638018000010/form8-kfebruary62018.htm
0001033427-18-000023,2018-02-06,,SC 13G/A,gamestop13ga112312017.htm,,https://www.sec.gov/Archives/edgar/data/1326380/000103342718000023/gamestop13ga112312017.htm
0001258897-18-001558,2018-02-09,,SC 13G,dfs702.htm,SCHEDULE 13G,https://www.sec.gov/Archives/edgar/data/1326380/000125889718001558/dfs702.htm
0001326380-18-000012,2018-02-09,2018-02-07,8-K,form8-kfebruary92018.htm,8-K,https://www.sec.gov/Archives/edgar/data/1326380/000132638018000012/form8-kfebruary92018.htm
0000932471-18-004904,2018-02-12,,SC 13G/A,gamestopcorp.htm,,https://www.sec.gov/Archives/edgar/data/1326380/000093247118004904/gamestopcorp.htm
0000315066-18-001270,2018-02-13,,SC 13G/A,filing.txt,,https://www.sec.gov/Archives/edgar/data/1326380/000031506618001270/filing.txt
0001326380-18-000024,2018-02-27,2017-08-29,4,xslF345X03/wf-form4_151976787863552.xml,FORM 4,https://www.sec.gov/Archives/edgar/data/1326380/000132638018000024/xslF345X03/wf-form4_151976787863552.xml
0001326380-18-000022,2018-02-27,2018-02-23,4,xslF345X03/wf-form4_151976755852993.xml,FORM 4,https://www.sec.gov/Archives/edgar/data/1326380/000132638018000022/xslF345X03/wf-form4_151976755852993.xml
0001326380-18-000020,2018-02-27,2018-02-23,4,xslF345X03/wf-form4_151976705906737.xml,FORM 4,https://www.sec.gov/Archives/edgar/data/1326380/000132638018000020/xslF345X03/wf-form4_151976705906737.xml
0001326380-18-000018,2018-02-27,2018-02-23,4,xslF345X03/wf-form4_151976676295709.xml,FORM 4,https://www.sec.gov/Archives/edgar/data/1326380/000132638018000018/xslF345X03/wf-form4_151976676295709.xml
0001326380-18-000015,2018-02-27,2018-02-23,4,xslF345X03/wf-form4_151976626227405.xml,FORM 4,https://www.sec.gov/Archives/edgar/data/1326380/000132638018000015/xslF345X03/wf-form4_151976626227405.xml
0001326380-18-000014,2018-02-27,2018-02-20,3,xslF345X02/wf-form3_151976616582371.xml,FORM 3,https://www.sec.gov/Archives/edgar/data/1326380/000132638018000014/xslF345X02/wf-form3_151976616582371.xml
0001326380-18-000026,2018-03-06,2018-03-01,8-K,form8-kxamendmentstoemplag.htm,8-K,https://www.sec.gov/Archives/edgar/data/1326380/000132638018000026/form8-kxamendmentstoemplag.htm
0001326380-18-000028,2018-03-08,2018-03-06,4,xslF345X03/wf-form4_152054402861427.xml,FORM 4,https://www.sec.gov/Archives/edgar/data/1326380/000132638018000028/xslF345X03/wf-form4_152054402861427.xml
0001326380-18-000030,2018-03-28,2018-03-28,8-K,form8-kxq4fy17earnings.htm,8-K,https://www.sec.gov/Archives/edgar/data/1326380/000132638018000030/form8-kxq4fy17earnings.htm
0001326380-18-000033,2018-04-02,2018-02-03,10-K,a10k-fy17q4.htm,"10-K FOR THE FISCAL YEAR ENDED FEBRUARY 3, 2018",https://www.sec.gov/Archives/edgar/data/1326380/000132638018000033/a10k-fy17q4.htm
0001326380-18-000035,2018-04-11,2018-04-09,4,xslF345X03/wf-form4_152347730501852.xml,FORM 4,https://www.sec.gov/Archives/edgar/data/1326380/000132638018000035/xslF345X03/wf-form4_152347730501852.xml
0001326380-18-000045,2018-04-16,2018-04-12,4,xslF345X03/wf-form4_152391356975928.xml,FORM 4,https://www.sec.gov/Archives/edgar/data/1326380/000132638018000045/xslF345X03/wf-form4_152391356975928.xml
0001326380-18-000043,2018-04-16,2018-04-12,4,xslF345X03/wf-form4_152391341924925.xml,FORM 4,https://www.sec.gov/Archives/edgar/data/1326380/000132638018000043/xslF345X03/wf-form4_152391341924925.xml
0001326380-18-000041,2018-04-16,2018-04-12,4,xslF345X03/wf-form4_152391325751124.xml,FORM 4,https://www.sec.gov/Archives/edgar/data/1326380/000132638018000041/xslF345X03/wf-form4_152391325751124.xml
0001326380-18-000039,2018-04-16,2018-04-12,4,xslF345X03/wf-form4_152391311965934.xml,FORM 4,https://www.sec.gov/Archives/edgar/data/1326380/000132638018000039/xslF345X03/wf-form4_152391311965934.xml
0001326380-18-000037,2018-04-16,2018-04-12,4,xslF345X03/wf-form4_152391297638537.xml,FORM 4,https://www.sec.gov/Archives/edgar/data/1326380/000132638018000037/xslF345X03/wf-form4_152391297638537.xml
0001326380-18-000048,2018-05-11,2018-05-09,8-K,form8-kmay112018.htm,8-K,https://www.sec.gov/Archives/edgar/data/1326380/000132638018000048/form8-kmay112018.htm
0001326380-18-000053,2018-05-16,,DEFA14A,defa14a1.htm,DEFA14A,https://www.sec.gov/Archives/edgar/data/1326380/000132638018000053/defa14a1.htm
0001326380-18-000052,2018-05-16,2018-06-26,DEF 14A,a2018defproxystatement.htm,DEF 14A,https://www.sec.gov/Archives/edgar/data/1326380/000132638018000052/a2018defproxystatement.htm
0001326380-18-000056,2018-05-30,,SD,formsd2017reportfiledin2018.htm,CONFLICT MINERAL DISCLOSURE AND REPORT,https://www.sec.gov/Archives/edgar/data/1326380/000132638018000056/formsd2017reportfiledin2018.htm
0001326380-18-000064,2018-05-31,,DEFA14A,defa14a531.htm,DEFA14A,https://www.sec.gov/Archives/edgar/data/1326380/000132638018000064/defa14a531.htm
0001326380-18-000063,2018-05-31,2018-05-31,8-K,form8-kxq1fy18earnings.htm,8-K,https://www.sec.gov/Archives/edgar/data/1326380/000132638018000063/form8-kxq1fy18earnings.htm
0001326380-18-000067,2018-06-04,2018-06-04,8-K,form8-kjune42018.htm,8-K,https://www.sec.gov/Archives/edgar/data/1326380/000132638018000067/form8-kjune42018.htm
0001326380-18-000073,2018-06-06,2018-06-04,4,xslF345X03/wf-form4_152831931219395.xml,FORM 4,https://www.sec.gov/Archives/edgar/data/1326380/000132638018000073/xslF345X03/wf-form4_152831931219395.xml
0001326380-18-000071,2018-06-06,2018-06-04,4,xslF345X03/wf-form4_152831917074857.xml,FORM 4,https://www.sec.gov/Archives/edgar/data/1326380/000132638018000071/xslF345X03/wf-form4_152831917074857.xml
0001326380-18-000069,2018-06-06,2018-06-04,4,xslF345X03/wf-form4_152831896858534.xml,FORM 4,https://www.sec.gov/Archives/edgar/data/1326380/000132638018000069/xslF345X03/wf-form4_152831896858534.xml
0000000000-18-018025,2018-06-12,,UPLOAD,filename1.pdf,,https://www.sec.gov/Archives/edgar/data/1326380/000000000018018025/filename1.pdf
0001326380-18-000075,2018-06-12,2018-05-05,10-Q,a10q-fy18q1.htm,10-Q,https://www.sec.gov/Archives/edgar/data/1326380/000132638018000075/a10q-fy18q1.htm
0001326380-18-000077,2018-06-25,,CORRESP,filename1.htm,,https://www.sec.gov/Archives/edgar/data/1326380/000132638018000077/filename1.htm
0001326380-18-000089,2018-06-28,2018-06-26,4,xslF345X03/wf-form4_153021889703143.xml,FORM 4,https://www.sec.gov/Archives/edgar/data/1326380/000132638018000089/xslF345X03/wf-form4_153021889703143.xml
0001326380-18-000088,2018-06-28,2018-06-26,4,xslF345X03/wf-form4_153021867294938.xml,FORM 4,https://www.sec.gov/Archives/edgar/data/1326380/000132638018000088/xslF345X03/wf-form4_153021867294938.xml
0001326380-18-000087,2018-06-28,2018-06-26,4,xslF345X03/wf-form4_153021831787655.xml,FORM 4,https://www.sec.gov/Archives/edgar/data/1326380/000132638018000087/xslF345X03/wf-form4_153021831787655.xml
0001326380-18-000086,2018-06-28,2018-06-26,4,xslF345X03/wf-form4_153021790405791.xml,FORM 4,https://www.sec.gov/Archives/edgar/data/1326380/000132638018000086/xslF345X03/wf-form4_153021790405791.xml
0001326380-18-000085,2018-06-28,2018-06-26,4,xslF345X03/wf-form4_153021725878919.xml,FORM 4,https://www.sec.gov/Archives/edgar/data/1326380/000132638018000085/xslF345X03/wf-form4_153021725878919.xml
0001326380-18-000084,2018-06-28,2018-06-26,4,xslF345X03/wf-form4_153021700071100.xml,FORM 4,https://www.sec.gov/Archives/edgar/data/1326380/000132638018000084/xslF345X03/wf-form4_153021700071100.xml
0001326380-18-000091,2018-06-29,2018-06-29,8-K,a2018annualmtgvotingresults.htm,8-K,https://www.sec.gov/Archives/edgar/data/1326380/000132638018000091/a2018annualmtgvotingresults.htm
0000215457-18-005796,2018-07-10,,SC 13G/A,us36467w1099_070518.txt,,https://www.sec.gov/Archives/edgar/data/1326380/000021545718005796/us36467w1099_070518.txt
0000000000-18-022398,2018-07-23,,UPLOAD,filename1.pdf,,https://www.sec.gov/Archives/edgar/data/1326380/000000000018022398/filename1.pdf
0001326380-18-000093,2018-08-03,,CORRESP,filename1.htm,,https://www.sec.gov/Archives/edgar/data/1326380/000132638018000093/filename1.htm
0000000000-18-024391,2018-08-07,,UPLOAD,filename1.pdf,,https://www.sec.gov/Archives/edgar/data/1326380/000000000018024391/filename1.pdf
0001326380-18-000097,2018-08-16,2018-08-13,3,xslF345X02/wf-form3_153445055462869.xml,FORM 3,https://www.sec.gov/Archives/edgar/data/1326380/000132638018000097/xslF345X02/wf-form3_153445055462869.xml
0001326380-18-000096,2018-08-16,2018-08-13,8-K,form8-k_cteffnerapptmnt.htm,8-K,https://www.sec.gov/Archives/edgar/data/1326380/000132638018000096/form8-k_cteffnerapptmnt.htm
0001326380-18-000099,2018-08-20,2018-08-16,4,xslF345X03/wf-form4_153480710318723.xml,FORM 4,https://www.sec.gov/Archives/edgar/data/1326380/000132638018000099/xslF345X03/wf-form4_153480710318723.xml
0001326380-18-000105,2018-08-27,2018-08-23,4,xslF345X03/wf-form4_153540120676038.xml,FORM 4,https://www.sec.gov/Archives/edgar/data/1326380/000132638018000105/xslF345X03/wf-form4_153540120676038.xml
0001326380-18-000103,2018-08-27,2018-08-23,4,xslF345X03/wf-form4_153540101226453.xml,FORM 4,https://www.sec.gov/Archives/edgar/data/1326380/000132638018000103/xslF345X03/wf-form4_153540101226453.xml
0001326380-18-000101,2018-08-27,2018-08-23,4,xslF345X03/wf-form4_153540085452096.xml,FORM 4,https://www.sec.gov/Archives/edgar/data/1326380/000132638018000101/xslF345X03/wf-form4_153540085452096.xml
0001326380-18-000109,2018-09-06,2018-09-06,8-K,form8-kxq2fy18earnings.htm,8-K,https://www.sec.gov/Archives/edgar/data/1326380/000132638018000109/form8-kxq2fy18earnings.htm
0001326380-18-000113,2018-09-11,2018-08-04,10-Q,a10q-fy18q2.htm,10-Q,https://www.sec.gov/Archives/edgar/data/1326380/000132638018000113/a10q-fy18q2.htm
0001326380-18-000116,2018-11-21,2018-11-21,8-K,form8-knov2018.htm,8-K,https://www.sec.gov/Archives/edgar/data/1326380/000132638018000116/form8-knov2018.htm
0001326380-18-000120,2018-11-29,2018-11-29,8-K,form8-kxq3fy18earnings.htm,8-K,https://www.sec.gov/Archives/edgar/data/1326380/000132638018000120/form8-kxq3fy18earnings.htm
0000932471-18-007713,2018-12-10,,SC 13G/A,gamestopcorp.htm,,https://www.sec.gov/Archives/edgar/data/1326380/000093247118007713/gamestopcorp.htm
0001326380-18-000122,2018-12-11,2018-11-03,10-Q,a10q-fy18q3.htm,10-Q,https://www.sec.gov/Archives/edgar/data/1326380/000132638018000122/a10q-fy18q3.htm
0001326380-18-000124,2018-12-12,2018-12-12,8-K,form8-kthirdamendmenttorev.htm,8-K,https://www.sec.gov/Archives/edgar/data/1326380/000132638018000124/form8-kthirdamendmenttorev.htm
0001326380-19-000002,2019-01-18,2019-01-18,8-K,form8-kxholidaysales2018.htm,8-K,https://www.sec.gov/Archives/edgar/data/1326380/000132638019000002/form8-kxholidaysales2018.htm
0001326380-19-000007,2019-01-23,2019-01-16,8-K,form8-kdispositionofspring.htm,FORM 8-K,https://www.sec.gov/Archives/edgar/data/1326380/000132638019000007/form8-kdispositionofspring.htm
0000215457-19-001560,2019-01-28,,SC 13G/A,us36467w1099_012819.txt,,https://www.sec.gov/Archives/edgar/data/1326380/000021545719001560/us36467w1099_012819.txt
0001326380-19-000011,2019-01-29,2019-01-29,8-K,form8-k01292019.htm,8-K,https://www.sec.gov/Archives/edgar/data/1326380/000132638019000011/form8-k01292019.htm
0001258897-19-001551,2019-02-08,,SC 13G/A,dfs722.htm,SCHEDULE 13G/A,https://www.sec.gov/Archives/edgar/data/1326380/000125889719001551/dfs722.htm
0000932471-19-004669,2019-02-11,,SC 13G/A,gamestopcorp.htm,,https://www.sec.gov/Archives/edgar/data/1326380/000093247119004669/gamestopcorp.htm
0000315066-19-001099,2019-02-13,,SC 13G/A,filing.txt,,https://www.sec.gov/Archives/edgar/data/1326380/000031506619001099/filing.txt
0001326380-19-000020,2019-02-27,2019-02-25,4,xslF345X03/wf-form4_155130973116608.xml,FORM 4,https://www.sec.gov/Archives/edgar/data/1326380/000132638019000020/xslF345X03/wf-form4_155130973116608.xml
0001326380-19-000017,2019-02-27,2019-02-25,4,xslF345X03/wf-form4_155130233696140.xml,FORM 4,https://www.sec.gov/Archives/edgar/data/1326380/000132638019000017/xslF345X03/wf-form4_155130233696140.xml
0001326380-19-000015,2019-02-27,2019-02-25,4,xslF345X03/wf-form4_155130218833878.xml,FORM 4,https://www.sec.gov/Archives/edgar/data/1326380/000132638019000015/xslF345X03/wf-form4_155130218833878.xml
0001326380-19-000022,2019-02-28,2019-02-26,4,xslF345X03/wf-form4_155138900034006.xml,FORM 4,https://www.sec.gov/Archives/edgar/data/1326380/000132638019000022/xslF345X03/wf-form4_155138900034006.xml
0001326380-19-000024,2019-03-04,2019-03-04,8-K,form8-kdividendcapitalallo.htm,8-K,https://www.sec.gov/Archives/edgar/data/1326380/000132638019000024/form8-kdividendcapitalallo.htm
0001326380-19-000028,2019-03-06,2019-03-04,4,xslF345X03/wf-form4_155190745519198.xml,FORM 4,https://www.sec.gov/Archives/edgar/data/1326380/000132638019000028/xslF345X03/wf-form4_155190745519198.xml
0001326380-19-000026,2019-03-06,2019-03-06,8-K,form8-kx2019noteredemption.htm,8-K,https://www.sec.gov/Archives/edgar/data/1326380/000132638019000026/form8-kx2019noteredemption.htm
0000921895-19-000738,2019-03-14,,DFAN14A,dfan14a12166002_03142019.htm,,https://www.sec.gov/Archives/edgar/data/1326380/000092189519000738/dfan14a12166002_03142019.htm
0001326380-19-000030,2019-03-21,2019-03-20,8-K,form8-kceoappointmentmarch.htm,8-K,https://www.sec.gov/Archives/edgar/data/1326380/000132638019000030/form8-kceoappointmentmarch.htm
0000921895-19-000922,2019-03-28,,DFAN14A,dfan14a12166002_03282019.htm,,https://www.sec.gov/Archives/edgar/data/1326380/000092189519000922/dfan14a12166002_03282019.htm
0001326380-19-000038,2019-03-28,2019-03-26,4,xslF345X03/wf-form4_155380683832605.xml,FORM 4,https://www.sec.gov/Archives/edgar/data/1326380/000132638019000038/xslF345X03/wf-form4_155380683832605.xml
0001326380-19-000036,2019-03-28,2019-03-26,4,xslF345X03/wf-form4_155380663476091.xml,FORM 4,https://www.sec.gov/Archives/edgar/data/1326380/000132638019000036/xslF345X03/wf-form4_155380663476091.xml
0001326380-19-000034,2019-03-28,2019-03-26,4,xslF345X03/wf-form4_155380608223572.xml,FORM 4,https://www.sec.gov/Archives/edgar/data/1326380/000132638019000034/xslF345X03/wf-form4_155380608223572.xml
0001326380-19-000032,2019-03-28,2019-03-26,4,xslF345X03/wf-form4_155380588069221.xml,FORM 4,https://www.sec.gov/Archives/edgar/data/1326380/000132638019000032/xslF345X03/wf-form4_155380588069221.xml
0001326380-19-000041,2019-03-29,2019-03-29,8-K,form8-kmarch292019.htm,8-K,https://www.sec.gov/Archives/edgar/data/1326380/000132638019000041/form8-kmarch292019.htm
0001326380-19-000043,2019-04-01,2019-03-29,8-K,form8-k4119.htm,8-K,https://www.sec.gov/Archives/edgar/data/1326380/000132638019000043/form8-k4119.htm
0001326380-19-000052,2019-04-02,2019-02-02,10-K,a10k-fy18q4.htm,"10-K FOR THE FISCAL YEAR ENDED FEBRUARY 2, 2019",https://www.sec.gov/Archives/edgar/data/1326380/000132638019000052/a10k-fy18q4.htm
0001326380-19-000051,2019-04-02,2019-04-02,8-K,form8-kq4fy18earnings.htm,8-K,https://www.sec.gov/Archives/edgar/data/1326380/000132638019000051/form8-kq4fy18earnings.htm
0001326380-19-000055,2019-04-05,2019-04-04,8-K,form8-k2019srnotesredeemed.htm,8-K,https://www.sec.gov/Archives/edgar/data/1326380/000132638019000055/form8-k2019srnotesredeemed.htm
0001193125-19-106755,2019-04-15,,S-8,d725685ds8.htm,FORM S-8,https://www.sec.gov/Archives/edgar/data/1326380/000119312519106755/d725685ds8.htm
0001326380-19-000058,2019-04-16,2019-04-15,3,xslF345X02/wf-form3_155544706956863.xml,FORM 3,https://www.sec.gov/Archives/edgar/data/1326380/000132638019000058/xslF345X02/wf-form3_155544706956863.xml
0001326380-19-000062,2019-04-17,2019-04-15,4,xslF345X03/wf-form4_155554107441965.xml,FORM 4,https://www.sec.gov/Archives/edgar/data/1326380/000132638019000062/xslF345X03/wf-form4_155554107441965.xml
0001326380-19-000061,2019-04-17,2019-04-16,3/A,xslF345X02/wf-form3a_155554083980351.xml,FORM 3/A,https://www.sec.gov/Archives/edgar/data/1326380/000132638019000061/xslF345X02/wf-form3a_155554083980351.xml
0001326380-19-000065,2019-04-24,2019-04-24,8-K,form8-kappointmentofrferna.htm,8-K,https://www.sec.gov/Archives/edgar/data/1326380/000132638019000065/form8-kappointmentofrferna.htm
0001326380-19-000071,2019-04-30,2019-04-22,3,xslF345X02/wf-form3_155665550942879.xml,FORM 3,https://www.sec.gov/Archives/edgar/data/1326380/000132638019000071/xslF345X02/wf-form3_155665550942879.xml
0001326380-19-000069,2019-04-30,2019-04-22,3,xslF345X02/wf-form3_155665532022947.xml,FORM 3,https://www.sec.gov/Archives/edgar/data/1326380/000132638019000069/xslF345X02/wf-form3_155665532022947.xml
0001326380-19-000073,2019-05-02,2019-04-30,4,xslF345X03/wf-form4_155682859111784.xml,FORM 4,https://www.sec.gov/Archives/edgar/data/1326380/000132638019000073/xslF345X03/wf-form4_155682859111784.xml
0001326380-19-000076,2019-05-10,2019-05-08,8-K,form8-kkaufmanamendment.htm,8-K,https://www.sec.gov/Archives/edgar/data/1326380/000132638019000076/form8-kkaufmanamendment.htm
0001326380-19-000084,2019-05-13,2019-05-09,4,xslF345X03/wf-form4_155778296999260.xml,FORM 4,https://www.sec.gov/Archives/edgar/data/1326380/000132638019000084/xslF345X03/wf-form4_155778296999260.xml
0001326380-19-000082,2019-05-13,2019-05-09,4,xslF345X03/wf-form4_155778282716415.xml,FORM 4,https://www.sec.gov/Archives/edgar/data/1326380/000132638019000082/xslF345X03/wf-form4_155778282716415.xml
0001326380-19-000080,2019-05-13,2019-05-09,4,xslF345X03/wf-form4_155778272062482.xml,FORM 4,https://www.sec.gov/Archives/edgar/data/1326380/000132638019000080/xslF345X03/wf-form4_155778272062482.xml
0001326380-19-000078,2019-05-13,2019-05-09,4,xslF345X03/wf-form4_155778195243275.xml,FORM 4,https://www.sec.gov/Archives/edgar/data/1326380/000132638019000078/xslF345X03/wf-form4_155778195243275.xml
0001326380-19-000088,2019-05-14,,DEFA14A,a2019defa14a.htm,DEFA14A,https://www.sec.gov/Archives/edgar/data/1326380/000132638019000088/a2019defa14a.htm
0001326380-19-000087,2019-05-14,2019-06-25,DEF 14A,a2019defproxystatement.htm,DEF 14A,https://www.sec.gov/Archives/edgar/data/1326380/000132638019000087/a2019defproxystatement.htm
0001326380-19-000091,2019-05-30,2019-05-30,8-K,form8-kmay302019.htm,8-K,https://www.sec.gov/Archives/edgar/data/1326380/000132638019000091/form8-kmay302019.htm
0001326380-19-000093,2019-05-31,,SD,formsd2018reportfiledin2019.htm,CONFLICT MINERALS DISCLOSURE AND REPORT,https://www.sec.gov/Archives/edgar/data/1326380/000132638019000093/formsd2018reportfiledin2019.htm
0001326380-19-000096,2019-06-04,2019-06-04,8-K,form8-kxq1fy19earnings.htm,8-K,https://www.sec.gov/Archives/edgar/data/1326380/000132638019000096/form8-kxq1fy19earnings.htm
0001326380-19-000098,2019-06-05,2019-05-31,4,xslF345X03/wf-form4_155977124909901.xml,FORM 4,https://www.sec.gov/Archives/edgar/data/1326380/000132638019000098/xslF345X03/wf-form4_155977124909901.xml
0001193125-19-168718,2019-06-10,2019-06-10,8-K,d762902d8k.htm,FORM 8-K,https://www.sec.gov/Archives/edgar/data/1326380/000119312519168718/d762902d8k.htm
0001193125-19-168720,2019-06-10,,SC TO-C,d762902d8k.htm,FORM 8-K,https://www.sec.gov/Archives/edgar/data/1326380/000119312519168720/d762902d8k.htm
0001326380-19-000106,2019-06-11,2019-06-03,3,xslF345X02/wf-form3_156028845003791.xml,FORM 3,https://www.sec.gov/Archives/edgar/data/1326380/000132638019000106/xslF345X02/wf-form3_156028845003791.xml
0001326380-19-000104,2019-06-11,2019-06-03,3,xslF345X02/wf-form3_156028829489793.xml,FORM 3,https://www.sec.gov/Archives/edgar/data/1326380/000132638019000104/xslF345X02/wf-form3_156028829489793.xml
0001193125-19-170214,2019-06-11,,SC TO-I,d762862dsctoi.htm,SC TO-I,https://www.sec.gov/Archives/edgar/data/1326380/000119312519170214/d762862dsctoi.htm
0001326380-19-000102,2019-06-11,2019-05-04,10-Q,a10q-fy19q1.htm,10-Q,https://www.sec.gov/Archives/edgar/data/1326380/000132638019000102/a10q-fy19q1.htm
0001326380-19-000110,2019-06-12,2019-05-04,10-Q/A,a10q-fy19q1amendmentfiling.htm,10-Q/A,https://www.sec.gov/Archives/edgar/data/1326380/000132638019000110/a10q-fy19q1amendmentfiling.htm
0001326380-19-000111,2019-06-14,2019-06-14,4,xslF345X03/wf-form4_156054326188407.xml,FORM 4,https://www.sec.gov/Archives/edgar/data/1326380/000132638019000111/xslF345X03/wf-form4_156054326188407.xml
0001193125-19-173102,2019-06-14,,SC TO-I/A,d764929dsctoia.htm,SC TO-I/A,https://www.sec.gov/Archives/edgar/data/1326380/000119312519173102/d764929dsctoia.htm
0001326380-19-000113,2019-06-19,2019-06-10,3,xslF345X02/wf-form3_156097941560420.xml,FORM 3,https://www.sec.gov/Archives/edgar/data/1326380/000132638019000113/xslF345X02/wf-form3_156097941560420.xml
0001193125-19-181191,2019-06-25,,S-8,d744044ds8.htm,FORM S-8,https://www.sec.gov/Archives/edgar/data/1326380/000119312519181191/d744044ds8.htm
0001326380-19-000135,2019-06-27,2019-06-25,4,xslF345X03/wf-form4_156166653566249.xml,FORM 4,https://www.sec.gov/Archives/edgar/data/1326380/000132638019000135/xslF345X03/wf-form4_156166653566249.xml
0001326380-19-000134,2019-06-27,2019-06-25,4,xslF345X03/wf-form4_156166645226678.xml,FORM 4,https://www.sec.gov/Archives/edgar/data/1326380/000132638019000134/xslF345X03/wf-form4_156166645226678.xml
0001326380-19-000133,2019-06-27,2019-06-25,4,xslF345X03/wf-form4_156166639220866.xml,FORM 4,https://www.sec.gov/Archives/edgar/data/1326380/000132638019000133/xslF345X03/wf-form4_156166639220866.xml
0001326380-19-000132,2019-06-27,2019-06-25,4,xslF345X03/wf-form4_156166632060447.xml,FORM 4,https://www.sec.gov/Archives/edgar/data/1326380/000132638019000132/xslF345X03/wf-form4_156166632060447.xml
0001326380-19-000131,2019-06-27,2019-06-25,4,xslF345X03/wf-form4_156166623384076.xml,FORM 4,https://www.sec.gov/Archives/edgar/data/1326380/000132638019000131/xslF345X03/wf-form4_156166623384076.xml
0001326380-19-000130,2019-06-27,2019-06-25,4,xslF345X03/wf-form4_156166609372558.xml,FORM 4,https://www.sec.gov/Archives/edgar/data/1326380/000132638019000130/xslF345X03/wf-form4_156166609372558.xml
0001326380-19-000129,2019-06-27,2019-06-25,4,xslF345X03/wf-form4_156166595385738.xml,FORM 4,https://www.sec.gov/Archives/edgar/data/1326380/000132638019000129/xslF345X03/wf-form4_156166595385738.xml
0001326380-19-000128,2019-06-27,2019-06-25,8-K,form8-k2019votingresults.htm,8-K,https://www.sec.gov/Archives/edgar/data/1326380/000132638019000128/form8-k2019votingresults.htm
0001326380-19-000127,2019-06-27,2019-06-25,4,xslF345X03/wf-form4_156166589202484.xml,FORM 4,https://www.sec.gov/Archives/edgar/data/1326380/000132638019000127/xslF345X03/wf-form4_156166589202484.xml
0001326380-19-000126,2019-06-27,2019-06-25,4,xslF345X03/wf-form4_156166583816512.xml,FORM 4,https://www.sec.gov/Archives/edgar/data/1326380/000132638019000126/xslF345X03/wf-form4_156166583816512.xml
0001193125-19-187392,2019-07-01,,SC TO-I/A,d742546dsctoia.htm,SC TO-I/A,https://www.sec.gov/Archives/edgar/data/1326380/000119312519187392/d742546dsctoia.htm
0001326380-19-000139,2019-07-01,2019-07-01,4,xslF345X03/wf-form4_156201210034485.xml,FORM 4,https://www.sec.gov/Archives/edgar/data/1326380/000132638019000139/xslF345X03/wf-form4_156201210034485.xml
0001193125-19-187373,2019-07-01,,S-8,d680077ds8.htm,FORM S-8,https://www.sec.gov/Archives/edgar/data/1326380/000119312519187373/d680077ds8.htm
0001326380-19-000138,2019-07-01,2019-07-01,4,xslF345X03/wf-form4_156201201224103.xml,FORM 4,https://www.sec.gov/Archives/edgar/data/1326380/000132638019000138/xslF345X03/wf-form4_156201201224103.xml
0001193125-19-192179,2019-07-11,,SC TO-I/A,d742546dsctoia.htm,SC TO-I/A,https://www.sec.gov/Archives/edgar/data/1326380/000119312519192179/d742546dsctoia.htm
0001193125-19-194113,2019-07-15,2019-07-15,8-K,d697500d8k.htm,FORM 8-K,https://www.sec.gov/Archives/edgar/data/1326380/000119312519194113/d697500d8k.htm
0001193125-19-194097,2019-07-15,,SC TO-I/A,d742546dsctoia.htm,SC TO-I/A,https://www.sec.gov/Archives/edgar/data/1326380/000119312519194097/d742546dsctoia.htm
0001326380-19-000142,2019-09-10,2019-09-10,8-K,form8-kxq2fy19earnings.htm,8-K,https://www.sec.gov/Archives/edgar/data/1326380/000132638019000142/form8-kxq2fy19earnings.htm
0001326380-19-000145,2019-09-11,2019-08-03,10-Q,a10q-fy19q2.htm,10-Q,https://www.sec.gov/Archives/edgar/data/1326380/000132638019000145/a10q-fy19q2.htm
0001326380-19-000147,2019-09-20,2019-09-18,4,xslF345X03/wf-form4_156898483806875.xml,FORM 4,https://www.sec.gov/Archives/edgar/data/1326380/000132638019000147/xslF345X03/wf-form4_156898483806875.xml
0001326380-19-000149,2019-09-23,2019-09-20,4,xslF345X03/wf-form4_156926899863242.xml,FORM 4,https://www.sec.gov/Archives/edgar/data/1326380/000132638019000149/xslF345X03/wf-form4_156926899863242.xml
0001326380-19-000155,2019-09-24,2019-09-24,4,xslF345X03/wf-form4_156935851905425.xml,FORM 4,https://www.sec.gov/Archives/edgar/data/1326380/000132638019000155/xslF345X03/wf-form4_156935851905425.xml
0001326380-19-000154,2019-09-24,2019-09-24,4,xslF345X03/wf-form4_156935846961296.xml,FORM 4,https://www.sec.gov/Archives/edgar/data/1326380/000132638019000154/xslF345X03/wf-form4_156935846961296.xml
0001326380-19-000153,2019-09-24,2019-09-23,4,xslF345X03/wf-form4_156935838655522.xml,FORM 4,https://www.sec.gov/Archives/edgar/data/1326380/000132638019000153/xslF345X03/wf-form4_156935838655522.xml
0001326380-19-000157,2019-09-30,2019-09-27,4,xslF345X03/wf-form4_156987432991396.xml,FORM 4,https://www.sec.gov/Archives/edgar/data/1326380/000132638019000157/xslF345X03/wf-form4_156987432991396.xml
0001326380-19-000159,2019-10-01,2019-09-27,8-K,form8-kddematteoemplmn.htm,8-K,https://www.sec.gov/Archives/edgar/data/1326380/000132638019000159/form8-kddematteoemplmn.htm
0000921895-19-002546,2019-10-15,,SC 13D,sc13d12166002_10152019.htm,,https://www.sec.gov/Archives/edgar/data/1326380/000092189519002546/sc13d12166002_10152019.htm
0001326380-19-000161,2019-10-16,2019-10-14,8-K,form8-koct162019.htm,8-K,https://www.sec.gov/Archives/edgar/data/1326380/000132638019000161/form8-koct162019.htm
0001326380-19-000164,2019-11-05,2019-10-28,3,xslF345X02/wf-form3_157298840132164.xml,FORM 3,https://www.sec.gov/Archives/edgar/data/1326380/000132638019000164/xslF345X02/wf-form3_157298840132164.xml
0001326380-19-000168,2019-12-10,2019-12-10,8-K,gme-20191210.htm,8-K,https://www.sec.gov/Archives/edgar/data/1326380/000132638019000168/gme-20191210.htm
0001326380-19-000171,2019-12-11,2019-11-02,10-Q,a10q-fy19q3.htm,10-Q,https://www.sec.gov/Archives/edgar/data/1326380/000132638019000171/a10q-fy19q3.htm
0000921895-19-002992,2019-12-13,,SC 13D/A,sc13da112166002_12132019.htm,,https://www.sec.gov/Archives/edgar/data/1326380/000092189519002992/sc13da112166002_12132019.htm
0000354204-20-000005,2020-01-09,,SC 13G/A,GameStop2020.txt,,https://www.sec.gov/Archives/edgar/data/1326380/000035420420000005/GameStop2020.txt
0001326380-20-000003,2020-01-13,2020-01-13,8-K,gme-20200113.htm,8-K,https://www.sec.gov/Archives/edgar/data/1326380/000132638020000003/gme-20200113.htm
0000834237-20-002055,2020-02-04,,SC 13G/A,us36467w1099_020320.txt,,https://www.sec.gov/Archives/edgar/data/1326380/000083423720002055/us36467w1099_020320.txt
0000315066-20-000967,2020-02-07,,SC 13G/A,filing.txt,,https://www.sec.gov/Archives/edgar/data/1326380/000031506620000967/filing.txt
0001104659-20-016604,2020-02-11,,SC 13G/A,tv0294-gamestopcorp.htm,SCHEDULE 13G/A,https://www.sec.gov/Archives/edgar/data/1326380/000110465920016604/tv0294-gamestopcorp.htm
0000093751-20-000500,2020-02-14,,SC 13G,GameStopCorp.txt,,https://www.sec.gov/Archives/edgar/data/1326380/000009375120000500/GameStopCorp.txt
0001326380-20-000005,2020-02-25,2019-12-03,4,xslF345X03/wf-form4_158266969793835.xml,FORM 4,https://www.sec.gov/Archives/edgar/data/1326380/000132638020000005/xslF345X03/wf-form4_158266969793835.xml
0001326380-20-000009,2020-03-09,2020-03-09,8-K,gme-20200309.htm,8-K,https://www.sec.gov/Archives/edgar/data/1326380/000132638020000009/gme-20200309.htm
0001104659-20-030651,2020-03-09,,SC 13G,tv538831_sc13g.htm,SC 13G,https://www.sec.gov/Archives/edgar/data/1326380/000110465920030651/tv538831_sc13g.htm
0000921895-20-000719,2020-03-12,,DFAN14A,dfan14a12166002_03122020.htm,,https://www.sec.gov/Archives/edgar/data/1326380/000092189520000719/dfan14a12166002_03122020.htm
0001193805-20-000339,2020-03-12,,SC 13D/A,sc13da212166002_03122020.htm,AMENDMENT NO. 2 TO THE SCHEDULE 13D,https://www.sec.gov/Archives/edgar/data/1326380/000119380520000339/sc13da212166002_03122020.htm
0001326380-20-000013,2020-03-18,2020-03-09,3,xslF345X02/wf-form3_158456208656367.xml,FORM 3,https://www.sec.gov/Archives/edgar/data/1326380/000132638020000013/xslF345X02/wf-form3_158456208656367.xml
0001326380-20-000012,2020-03-18,2020-03-09,3,xslF345X02/wf-form3_158456194926859.xml,FORM 3,https://www.sec.gov/Archives/edgar/data/1326380/000132638020000012/xslF345X02/wf-form3_158456194926859.xml
0001193125-20-080055,2020-03-20,,SC 13G,d895487dsc13g.htm,SCHEDULE 13G,https://www.sec.gov/Archives/edgar/data/1326380/000119312520080055/d895487dsc13g.htm
0000921895-20-000855,2020-03-23,,DFAN14A,dfan14a12166002_03232020.htm,,https://www.sec.gov/Archives/edgar/data/1326380/000092189520000855/dfan14a12166002_03232020.htm
0001193805-20-000384,2020-03-23,,SC 13D/A,sc13da312166002_03232020.htm,AMENDMENT NO. 3 TO THE SCHEDULE 13D,https://www.sec.gov/Archives/edgar/data/1326380/000119380520000384/sc13da312166002_03232020.htm
0001326380-20-000018,2020-03-26,2020-03-26,8-K,gme-20200326.htm,8-K,https://www.sec.gov/Archives/edgar/data/1326380/000132638020000018/gme-20200326.htm
0001326380-20-000022,2020-03-27,2020-02-01,10-K,a10k-fy19q4.htm,"10-K FOR THE FISCAL YEAR ENDED FEBRUARY 1, 2020",https://www.sec.gov/Archives/edgar/data/1326380/000132638020000022/a10k-fy19q4.htm
0001193805-20-000451,2020-04-03,,PREC14A,prec14a12166002_04032020.htm,,https://www.sec.gov/Archives/edgar/data/1326380/000119380520000451/prec14a12166002_04032020.htm
0000921895-20-001011,2020-04-06,,DFAN14A,dfan14a12166002_04062020.htm,,https://www.sec.gov/Archives/edgar/data/1326380/000092189520001011/dfan14a12166002_04062020.htm
0001326380-20-000026,2020-04-08,2020-03-09,4,xslF345X03/wf-form4_158637705456103.xml,FORM 4,https://www.sec.gov/Archives/edgar/data/1326380/000132638020000026/xslF345X03/wf-form4_158637705456103.xml
0001326380-20-000025,2020-04-08,2020-03-09,4,xslF345X03/wf-form4_158637696492584.xml,FORM 4,https://www.sec.gov/Archives/edgar/data/1326380/000132638020000025/xslF345X03/wf-form4_158637696492584.xml
0000905148-20-000491,2020-04-10,,SC 13D,efc20-335_sc13d.htm,,https://www.sec.gov/Archives/edgar/data/1326380/000090514820000491/efc20-335_sc13d.htm
0001193125-20-105336,2020-04-13,2020-04-13,PRE 14A,d878410dpre14a.htm,PRE 14A,https://www.sec.gov/Archives/edgar/data/1326380/000119312520105336/d878410dpre14a.htm
0001326380-20-000028,2020-04-16,2020-04-15,4,xslF345X03/wf-form4_158706775902648.xml,FORM 4,https://www.sec.gov/Archives/edgar/data/1326380/000132638020000028/xslF345X03/wf-form4_158706775902648.xml
0000921895-20-001144,2020-04-17,,PRRN14A,prrn14a12166002_04172020.htm,,https://www.sec.gov/Archives/edgar/data/1326380/000092189520001144/prrn14a12166002_04172020.htm
0001326380-20-000034,2020-04-17,2020-04-17,4,xslF345X03/wf-form4_158715478079052.xml,FORM 4,https://www.sec.gov/Archives/edgar/data/1326380/000132638020000034/xslF345X03/wf-form4_158715478079052.xml
0001326380-20-000032,2020-04-17,2020-04-15,4,xslF345X03/wf-form4_158713869049282.xml,FORM 4,https://www.sec.gov/Archives/edgar/data/1326380/000132638020000032/xslF345X03/wf-form4_158713869049282.xml
0001326380-20-000030,2020-04-17,2020-04-17,4,xslF345X03/wf-form4_158713830421401.xml,FORM 4,https://www.sec.gov/Archives/edgar/data/1326380/000132638020000030/xslF345X03/wf-form4_158713830421401.xml
0001326380-20-000037,2020-04-21,2020-04-21,8-K,gme-20200421.htm,8-K,https://www.sec.gov/Archives/edgar/data/1326380/000132638020000037/gme-20200421.htm
0000921895-20-001185,2020-04-24,,DEFC14A,defc14a12166002_04242020.htm,,https://www.sec.gov/Archives/edgar/data/1326380/000092189520001185/defc14a12166002_04242020.htm
0000921895-20-001202,2020-04-27,,SC 13D/A,sc13da412166002_04272020.htm,AMENDMENT NO. 4 TO THE SCHEDULE 13D,https://www.sec.gov/Archives/edgar/data/1326380/000092189520001202/sc13da412166002_04272020.htm
0001326380-20-000039,2020-04-27,2020-04-20,3,xslF345X02/wf-form3_158801936906020.xml,FORM 3,https://www.sec.gov/Archives/edgar/data/1326380/000132638020000039/xslF345X02/wf-form3_158801936906020.xml
0001193125-20-120938,2020-04-27,,DEFC14A,d878410ddefc14a.htm,DEFC14A,https://www.sec.gov/Archives/edgar/data/1326380/000119312520120938/d878410ddefc14a.htm
0000921895-20-001193,2020-04-27,,DFAN14A,dfan14a12166002_04242020.htm,,https://www.sec.gov/Archives/edgar/data/1326380/000092189520001193/dfan14a12166002_04242020.htm
0000921895-20-001207,2020-04-28,,DFAN14A,dfan14a112166002_04272020.htm,,https://www.sec.gov/Archives/edgar/data/1326380/000092189520001207/dfan14a112166002_04272020.htm
0001193125-20-122095,2020-04-28,,DEFA14A,d907301ddefa14a.htm,DEFA14A,https://www.sec.gov/Archives/edgar/data/1326380/000119312520122095/d907301ddefa14a.htm
0000905148-20-000563,2020-05-06,,SC 13D/A,efc20-411_sc13da.htm,,https://www.sec.gov/Archives/edgar/data/1326380/000090514820000563/efc20-411_sc13da.htm
0001193125-20-139274,2020-05-11,,DEFA14A,d892886ddefa14a.htm,DEFA14A,https://www.sec.gov/Archives/edgar/data/1326380/000119312520139274/d892886ddefa14a.htm
0001326380-20-000044,2020-05-12,2020-05-09,4,xslF345X03/wf-form4_158931461707349.xml,FORM 4,https://www.sec.gov/Archives/edgar/data/1326380/000132638020000044/xslF345X03/wf-form4_158931461707349.xml
0001326380-20-000043,2020-05-12,2020-05-09,4,xslF345X03/wf-form4_158931451817659.xml,FORM 4,https://www.sec.gov/Archives/edgar/data/1326380/000132638020000043/xslF345X03/wf-form4_158931451817659.xml
0001193125-20-145224,2020-05-18,,DEFA14A,d925418ddefa14a.htm,DEFA14A,https://www.sec.gov/Archives/edgar/data/1326380/000119312520145224/d925418ddefa14a.htm
0000921895-20-001510,2020-05-19,,DFAN14A,dfan14a12166002_05192020.htm,,https://www.sec.gov/Archives/edgar/data/1326380/000092189520001510/dfan14a12166002_05192020.htm
0001326380-20-000047,2020-05-19,2020-05-13,8-K,gme-20200513.htm,8-K,https://www.sec.gov/Archives/edgar/data/1326380/000132638020000047/gme-20200513.htm
0000921895-20-001538,2020-05-20,,DFAN14A,dfan14a12166002_05202020.htm,,https://www.sec.gov/Archives/edgar/data/1326380/000092189520001538/dfan14a12166002_05202020.htm
0001193125-20-148780,2020-05-21,,DEFA14A,d918174ddefa14a.htm,DEFA14A,https://www.sec.gov/Archives/edgar/data/1326380/000119312520148780/d918174ddefa14a.htm
0000921895-20-001562,2020-05-21,,DFAN14A,dfan14a12166002_05212020.htm,,https://www.sec.gov/Archives/edgar/data/1326380/000092189520001562/dfan14a12166002_05212020.htm
0000921895-20-001599,2020-05-26,,DFAN14A,dfan14a12166002_05262020.htm,,https://www.sec.gov/Archives/edgar/data/1326380/000092189520001599/dfan14a12166002_05262020.htm
0001193125-20-151519,2020-05-26,,DEFA14A,d933914ddefa14a.htm,DEFA14A,https://www.sec.gov/Archives/edgar/data/1326380/000119312520151519/d933914ddefa14a.htm
0001193125-20-150812,2020-05-26,,DEFA14A,d862886ddefa14a.htm,DEFA14A,https://www.sec.gov/Archives/edgar/data/1326380/000119312520150812/d862886ddefa14a.htm
0000921895-20-001614,2020-05-27,,DFAN14A,dfan14a12166002_05272020.htm,,https://www.sec.gov/Archives/edgar/data/1326380/000092189520001614/dfan14a12166002_05272020.htm
0000921895-20-001620,2020-05-28,,DFAN14A,dfan14a12166002_05282020.htm,,https://www.sec.gov/Archives/edgar/data/1326380/000092189520001620/dfan14a12166002_05282020.htm
0000921895-20-001660,2020-06-01,,DFAN14A,dfan14a12166002_06012020.htm,,https://www.sec.gov/Archives/edgar/data/1326380/000092189520001660/dfan14a12166002_06012020.htm
0001193125-20-157306,2020-06-01,,DEFA14A,d904263ddefa14a.htm,DEFA14A,https://www.sec.gov/Archives/edgar/data/1326380/000119312520157306/d904263ddefa14a.htm
0001193125-20-156364,2020-06-01,,SD,d937953dsd.htm,SD,https://www.sec.gov/Archives/edgar/data/1326380/000119312520156364/d937953dsd.htm
0000921895-20-001680,2020-06-02,,DFAN14A,dfan14a12166002b_06022020.htm,,https://www.sec.gov/Archives/edgar/data/1326380/000092189520001680/dfan14a12166002b_06022020.htm
0001193125-20-158472,2020-06-02,,DEFA14A,d857523ddefa14a.htm,DEFA14A,https://www.sec.gov/Archives/edgar/data/1326380/000119312520158472/d857523ddefa14a.htm
0000921895-20-001672,2020-06-02,,DFAN14A,dfan14a12166002_06022020.htm,,https://www.sec.gov/Archives/edgar/data/1326380/000092189520001672/dfan14a12166002_06022020.htm
0000921895-20-001692,2020-06-03,,DFAN14A,dfan14a12166002_06032020.htm,,https://www.sec.gov/Archives/edgar/data/1326380/000092189520001692/dfan14a12166002_06032020.htm
0001326380-20-000051,2020-06-04,2020-06-01,8-K,gme-20200601.htm,8-K,https://www.sec.gov/Archives/edgar/data/1326380/000132638020000051/gme-20200601.htm
0001193125-20-161300,2020-06-05,,DEFA14A,d938564ddefa14a.htm,DEFA14A,https://www.sec.gov/Archives/edgar/data/1326380/000119312520161300/d938564ddefa14a.htm
0001193125-20-160944,2020-06-05,2020-06-04,8-K,d936602d8k.htm,8-K,https://www.sec.gov/Archives/edgar/data/1326380/000119312520160944/d936602d8k.htm
0001326380-20-000060,2020-06-09,2020-05-02,10-Q,gme-20200502.htm,10-Q,https://www.sec.gov/Archives/edgar/data/1326380/000132638020000060/gme-20200502.htm
0001326380-20-000059,2020-06-09,2020-06-09,8-K,gme-20200609.htm,8-K,https://www.sec.gov/Archives/edgar/data/1326380/000132638020000059/gme-20200609.htm
0001326380-20-000068,2020-06-11,2020-06-09,4,xslF345X03/wf-form4_159190625275285.xml,FORM 4,https://www.sec.gov/Archives/edgar/data/1326380/000132638020000068/xslF345X03/wf-form4_159190625275285.xml
0001326380-20-000067,2020-06-11,2020-06-09,4,xslF345X03/wf-form4_159190616533561.xml,FORM 4,https://www.sec.gov/Archives/edgar/data/1326380/000132638020000067/xslF345X03/wf-form4_159190616533561.xml
0001326380-20-000066,2020-06-11,2020-06-09,4,xslF345X03/wf-form4_159190607764135.xml,FORM 4,https://www.sec.gov/Archives/edgar/data/1326380/000132638020000066/xslF345X03/wf-form4_159190607764135.xml
0001326380-20-000065,2020-06-11,2020-06-09,4,xslF345X03/wf-form4_159190601145320.xml,FORM 4,https://www.sec.gov/Archives/edgar/data/1326380/000132638020000065/xslF345X03/wf-form4_159190601145320.xml
0000921895-20-001762,2020-06-12,,SC 13D/A,sc13da512166002_06122020.htm,AMENDMENT NO. 5 TO THE SCHEDULE 13D,https://www.sec.gov/Archives/edgar/data/1326380/000092189520001762/sc13da512166002_06122020.htm
0001326380-20-000084,2020-06-16,2020-06-14,4,xslF345X03/wf-form4_159233928896395.xml,FORM 4,https://www.sec.gov/Archives/edgar/data/1326380/000132638020000084/xslF345X03/wf-form4_159233928896395.xml
0001326380-20-000083,2020-06-16,2020-06-12,4,xslF345X03/wf-form4_159233909938334.xml,FORM 4,https://www.sec.gov/Archives/edgar/data/1326380/000132638020000083/xslF345X03/wf-form4_159233909938334.xml
0001326380-20-000082,2020-06-16,2020-06-12,4,xslF345X03/wf-form4_159233900224578.xml,FORM 4,https://www.sec.gov/Archives/edgar/data/1326380/000132638020000082/xslF345X03/wf-form4_159233900224578.xml
0001326380-20-000081,2020-06-16,2020-06-12,4,xslF345X03/wf-form4_159233885151247.xml,FORM 4,https://www.sec.gov/Archives/edgar/data/1326380/000132638020000081/xslF345X03/wf-form4_159233885151247.xml
0001326380-20-000080,2020-06-16,2020-06-12,4,xslF345X03/wf-form4_159233861951834.xml,FORM 4,https://www.sec.gov/Archives/edgar/data/1326380/000132638020000080/xslF345X03/wf-form4_159233861951834.xml
0001326380-20-000079,2020-06-16,2020-06-12,4,xslF345X03/wf-form4_159233840195030.xml,FORM 4,https://www.sec.gov/Archives/edgar/data/1326380/000132638020000079/xslF345X03/wf-form4_159233840195030.xml
0001326380-20-000078,2020-06-16,2020-06-12,4,xslF345X03/wf-form4_159233819974747.xml,FORM 4,https://www.sec.gov/Archives/edgar/data/1326380/000132638020000078/xslF345X03/wf-form4_159233819974747.xml
0001326380-20-000077,2020-06-16,2020-06-12,4,xslF345X03/wf-form4_159233794349662.xml,FORM 4,https://www.sec.gov/Archives/edgar/data/1326380/000132638020000077/xslF345X03/wf-form4_159233794349662.xml
0001192482-20-000530,2020-06-18,2020-06-17,4,xslF345X03/edgar.xml,PRIMARY DOCUMENT,https://www.sec.gov/Archives/edgar/data/1326380/000119248220000530/xslF345X03/edgar.xml
0001192482-20-000528,2020-06-18,2020-06-17,4,xslF345X03/edgar.xml,PRIMARY DOCUMENT,https://www.sec.gov/Archives/edgar/data/1326380/000119248220000528/xslF345X03/edgar.xml
0001192482-20-000526,2020-06-18,2020-06-12,3,xslF345X02/edgar.xml,PRIMARY DOCUMENT,https://www.sec.gov/Archives/edgar/data/1326380/000119248220000526/xslF345X02/edgar.xml
0001192482-20-000524,2020-06-18,2020-06-12,3,xslF345X02/edgar.xml,PRIMARY DOCUMENT,https://www.sec.gov/Archives/edgar/data/1326380/000119248220000524/xslF345X02/edgar.xml
0001326380-20-000087,2020-06-18,2020-06-12,8-K,gme-20200612.htm,8-K,https://www.sec.gov/Archives/edgar/data/1326380/000132638020000087/gme-20200612.htm
0001193125-20-171922,2020-06-18,2020-06-18,8-K,d946470d8k.htm,8-K,https://www.sec.gov/Archives/edgar/data/1326380/000119312520171922/d946470d8k.htm
0001193125-20-186820,2020-07-02,2020-06-29,8-K,d945144d8k.htm,8-K,https://www.sec.gov/Archives/edgar/data/1326380/000119312520186820/d945144d8k.htm
0001193125-20-187950,2020-07-06,2020-07-02,8-K,d28310d8k.htm,8-K,https://www.sec.gov/Archives/edgar/data/1326380/000119312520187950/d28310d8k.htm
0001326380-20-000092,2020-07-06,2020-07-01,4,xslF345X03/wf-form4_159406623018061.xml,FORM 4,https://www.sec.gov/Archives/edgar/data/1326380/000132638020000092/xslF345X03/wf-form4_159406623018061.xml
0001326380-20-000091,2020-07-06,2020-07-01,4,xslF345X03/wf-form4_159406616539496.xml,FORM 4,https://www.sec.gov/Archives/edgar/data/1326380/000132638020000091/xslF345X03/wf-form4_159406616539496.xml
0001326380-20-000094,2020-07-09,2020-06-29,3,xslF345X02/wf-form3_159432524381563.xml,FORM 3,https://www.sec.gov/Archives/edgar/data/1326380/000132638020000094/xslF345X02/wf-form3_159432524381563.xml
0001104659-20-082654,2020-07-10,,SC 13G/A,tv0009-gamestopcorpclassa.htm,SCHEDULE 13G/A,https://www.sec.gov/Archives/edgar/data/1326380/000110465920082654/tv0009-gamestopcorpclassa.htm
0001013594-20-000670,2020-08-28,,SC 13D,rc13d-082820.htm,,https://www.sec.gov/Archives/edgar/data/1326380/000101359420000670/rc13d-082820.htm
0001013594-20-000673,2020-08-31,,SC 13D/A,rc13da1-083120.htm,,https://www.sec.gov/Archives/edgar/data/1326380/000101359420000673/rc13da1-083120.htm
0001326380-20-000107,2020-09-02,2020-08-28,8-K,gme-20200828.htm,8-K,https://www.sec.gov/Archives/edgar/data/1326380/000132638020000107/gme-20200828.htm
0000921895-20-002369,2020-09-08,,SC 13D/A,sc13da612166002_09042020.htm,AMENDMENT NO. 6 TO THE SCHEDULE 13D,https://www.sec.gov/Archives/edgar/data/1326380/000092189520002369/sc13da612166002_09042020.htm
0001326380-20-000119,2020-09-09,2020-08-01,10-Q,gme-20200801.htm,10-Q,https://www.sec.gov/Archives/edgar/data/1326380/000132638020000119/gme-20200801.htm
0001326380-20-000116,2020-09-09,2020-09-09,8-K,gme-20200909.htm,8-K,https://www.sec.gov/Archives/edgar/data/1326380/000132638020000116/gme-20200909.htm
0001013594-20-000699,2020-09-21,,SC 13D/A,rc13da2-091820.htm,AMENDMENT NO. 2 TO THE SCHEDULE 13D,https://www.sec.gov/Archives/edgar/data/1326380/000101359420000699/rc13da2-091820.htm
0000000000-20-008922,2020-09-23,,UPLOAD,filename1.pdf,,https://www.sec.gov/Archives/edgar/data/1326380/000000000020008922/filename1.pdf
0001326380-20-000122,2020-10-02,,CORRESP,filename1.htm,,https://www.sec.gov/Archives/edgar/data/1326380/000132638020000122/filename1.htm
0000000000-20-009346,2020-10-05,,UPLOAD,filename1.pdf,,https://www.sec.gov/Archives/edgar/data/1326380/000000000020009346/filename1.pdf
0000902664-20-003611,2020-10-13,,SC 13G,p20-1849sc13g.htm,GAMESTOP CORP.,https://www.sec.gov/Archives/edgar/data/1326380/000090266420003611/p20-1849sc13g.htm
0001326380-20-000126,2020-11-10,2020-11-10,8-K,gme-20201110.htm,8-K,https://www.sec.gov/Archives/edgar/data/1326380/000132638020000126/gme-20201110.htm
0001013594-20-000821,2020-11-17,,SC 13D/A,rc13da3-111620.htm,,https://www.sec.gov/Archives/edgar/data/1326380/000101359420000821/rc13da3-111620.htm
0001193125-20-312809,2020-12-08,2020-12-08,8-K,d34442d8k.htm,8-K,https://www.sec.gov/Archives/edgar/data/1326380/000119312520312809/d34442d8k.htm
0001193125-20-312805,2020-12-08,,424B5,d67321d424b5.htm,424B5,https://www.sec.gov/Archives/edgar/data/1326380/000119312520312805/d67321d424b5.htm
0001193125-20-312781,2020-12-08,,S-3ASR,d50019ds3asr.htm,S-3ASR,https://www.sec.gov/Archives/edgar/data/1326380/000119312520312781/d50019ds3asr.htm
0001326380-20-000134,2020-12-08,2020-10-31,10-Q,gme-20201031.htm,10-Q,https://www.sec.gov/Archives/edgar/data/1326380/000132638020000134/gme-20201031.htm
0001326380-20-000132,2020-12-08,2020-12-08,8-K,gme-20201208.htm,8-K,https://www.sec.gov/Archives/edgar/data/1326380/000132638020000132/gme-20201208.htm
0001193805-20-001580,2020-12-21,2020-12-17,4,xslF345X03/e620155_4-gme.xml,,https://www.sec.gov/Archives/edgar/data/1326380/000119380520001580/xslF345X03/e620155_4-gme.xml
0001193805-20-001579,2020-12-21,2020-12-17,3,xslF345X02/e620154_3-gme.xml,,https://www.sec.gov/Archives/edgar/data/1326380/000119380520001579/xslF345X02/e620154_3-gme.xml
0001193805-20-001571,2020-12-21,,SC 13D/A,e620151_sc13da-gamestop.htm,AMENDMENT NO. 4 TO THE SCHEDULE 13D,https://www.sec.gov/Archives/edgar/data/1326380/000119380520001571/e620151_sc13da-gamestop.htm
0001326380-21-000008,2021-01-11,2021-01-11,8-K,gme-20210111.htm,8-K,https://www.sec.gov/Archives/edgar/data/1326380/000132638021000008/gme-20210111.htm
0001193805-21-000031,2021-01-11,,SC 13D/A,e620202_sc13da-gamestop.htm,AMENDMENT NO. 5 TO THE SCHEDULE 13D,https://www.sec.gov/Archives/edgar/data/1326380/000119380521000031/e620202_sc13da-gamestop.htm
0001326380-21-000006,2021-01-11,2021-01-11,8-K,gme-20210111.htm,8-K,https://www.sec.gov/Archives/edgar/data/1326380/000132638021000006/gme-20210111.htm
0000899243-21-002090,2021-01-14,2021-01-12,4,xslF345X03/doc4.xml,FORM 4 SUBMISSION,https://www.sec.gov/Archives/edgar/data/1326380/000089924321002090/xslF345X03/doc4.xml
0001326380-21-000014,2021-01-15,2021-01-13,4,xslF345X03/wf-form4_161074530364611.xml,FORM 4,https://www.sec.gov/Archives/edgar/data/1326380/000132638021000014/xslF345X03/wf-form4_161074530364611.xml
0001326380-21-000013,2021-01-15,2021-01-13,4,xslF345X03/wf-form4_161074528273520.xml,FORM 4,https://www.sec.gov/Archives/edgar/data/1326380/000132638021000013/xslF345X03/wf-form4_161074528273520.xml
0001326380-21-000012,2021-01-15,2021-01-13,4,xslF345X03/wf-form4_161074526803811.xml,FORM 4,https://www.sec.gov/Archives/edgar/data/1326380/000132638021000012/xslF345X03/wf-form4_161074526803811.xml
0001326380-21-000020,2021-01-19,2021-01-15,4,xslF345X03/wf-form4_161109431921797.xml,FORM 4,https://www.sec.gov/Archives/edgar/data/1326380/000132638021000020/xslF345X03/wf-form4_161109431921797.xml
0001326380-21-000018,2021-01-19,2021-01-10,3,xslF345X02/wf-form3_161109283654664.xml,FORM 3,https://www.sec.gov/Archives/edgar/data/1326380/000132638021000018/xslF345X02/wf-form3_161109283654664.xml
0001326380-21-000017,2021-01-19,2021-01-10,3,xslF345X02/wf-form3_161109282158890.xml,FORM 3,https://www.sec.gov/Archives/edgar/data/1326380/000132638021000017/xslF345X02/wf-form3_161109282158890.xml
0000834237-21-001340,2021-01-26,,SC 13G/A,us36467w1099_012621.txt,,https://www.sec.gov/Archives/edgar/data/1326380/000083423721001340/us36467w1099_012621.txt
0001193125-21-019848,2021-01-28,,SC 13G/A,d945183dsc13ga.htm,SCHEDULE 13G AMENDMENT NO.1,https://www.sec.gov/Archives/edgar/data/1326380/000119312521019848/d945183dsc13ga.htm
0000315066-21-001050,2021-02-08,,SC 13G/A,filing.txt,,https://www.sec.gov/Archives/edgar/data/1326380/000031506621001050/filing.txt
0001104659-21-018148,2021-02-10,,SC 13G/A,tv0931-gamestopcorpclassa.htm,SCHEDULE 13G/A,https://www.sec.gov/Archives/edgar/data/1326380/000110465921018148/tv0931-gamestopcorpclassa.htm
0000315066-21-001389,2021-02-10,,SC 13G/A,filing.txt,,https://www.sec.gov/Archives/edgar/data/1326380/000031506621001389/filing.txt
0001104659-21-022073,2021-02-12,,SC 13G/A,tm216322d2_sc13ga.htm,SC 13G/A,https://www.sec.gov/Archives/edgar/data/1326380/000110465921022073/tm216322d2_sc13ga.htm
0000902664-21-001289,2021-02-12,,SC 13G/A,p21-0581sc13ga.htm,GAMESTOP CORP.,https://www.sec.gov/Archives/edgar/data/1326380/000090266421001289/p21-0581sc13ga.htm
0000354204-21-000127,2021-02-12,,SC 13G,SEC13G_Filing.htm,SEC SCHEDULE 13G,https://www.sec.gov/Archives/edgar/data/1326380/000035420421000127/SEC13G_Filing.htm
0000093751-21-000355,2021-02-12,,SC 13G/A,GameStopCorp.txt,,https://www.sec.gov/Archives/edgar/data/1326380/000009375121000355/GameStopCorp.txt
0001225385-21-000031,2021-02-16,2021-02-11,4,xslF345X03/edgar.xml,PRIMARY DOCUMENT,https://www.sec.gov/Archives/edgar/data/1326380/000122538521000031/xslF345X03/edgar.xml
0001225385-21-000030,2021-02-16,2021-02-11,4,xslF345X03/edgar.xml,PRIMARY DOCUMENT,https://www.sec.gov/Archives/edgar/data/1326380/000122538521000030/xslF345X03/edgar.xml
0001193125-21-044436,2021-02-16,,SC 13G,d120770dsc13g.htm,SC 13G,https://www.sec.gov/Archives/edgar/data/1326380/000119312521044436/d120770dsc13g.htm
0001104659-21-023554,2021-02-16,,SC 13G,tm216465d8_sc13g.htm,SCHEDULE 13G,https://www.sec.gov/Archives/edgar/data/1326380/000110465921023554/tm216465d8_sc13g.htm
0001326380-21-000024,2021-02-23,2021-02-23,8-K,gme-20210223.htm,8-K,https://www.sec.gov/Archives/edgar/data/1326380/000132638021000024/gme-20210223.htm
0001326380-21-000032,2021-03-23,2021-01-30,10-K,gme-20210130.htm,10-K,https://www.sec.gov/Archives/edgar/data/1326380/000132638021000032/gme-20210130.htm
0001326380-21-000030,2021-03-23,2021-03-23,8-K,gme-20210323.htm,8-K,https://www.sec.gov/Archives/edgar/data/1326380/000132638021000030/gme-20210323.htm
0001193125-21-090320,2021-03-23,2021-03-21,8-K,d139404d8k.htm,8-K,https://www.sec.gov/Archives/edgar/data/1326380/000119312521090320/d139404d8k.htm
0001225385-21-000131,2021-03-26,2021-03-01,4,xslF345X03/edgar.xml,PRIMARY DOCUMENT,https://www.sec.gov/Archives/edgar/data/1326380/000122538521000131/xslF345X03/edgar.xml
0001326380-21-000037,2021-04-01,2021-03-30,4,xslF345X03/wf-form4_161731677593326.xml,FORM 4,https://www.sec.gov/Archives/edgar/data/1326380/000132638021000037/xslF345X03/wf-form4_161731677593326.xml
0001326380-21-000035,2021-04-01,2021-03-29,8-K,gme-20210329.htm,8-K,https://www.sec.gov/Archives/edgar/data/1326380/000132638021000035/gme-20210329.htm
0001326380-21-000041,2021-04-05,2021-04-01,4,xslF345X03/wf-form4_161765539726897.xml,FORM 4,https://www.sec.gov/Archives/edgar/data/1326380/000132638021000041/xslF345X03/wf-form4_161765539726897.xml
0001326380-21-000040,2021-04-05,2021-03-29,3,xslF345X02/wf-form3_161765526457283.xml,FORM 3,https://www.sec.gov/Archives/edgar/data/1326380/000132638021000040/xslF345X02/wf-form3_161765526457283.xml
0001193125-21-105564,2021-04-05,,424B5,d160986d424b5.htm,424B5,https://www.sec.gov/Archives/edgar/data/1326380/000119312521105564/d160986d424b5.htm
0001193125-21-105534,2021-04-05,2021-04-05,8-K,d122181d8k.htm,8-K,https://www.sec.gov/Archives/edgar/data/1326380/000119312521105534/d122181d8k.htm
0001193125-21-109532,2021-04-08,,DEFA14A,d115531ddefa14a.htm,DEFA14A,https://www.sec.gov/Archives/edgar/data/1326380/000119312521109532/d115531ddefa14a.htm
0001193125-21-109530,2021-04-08,2021-04-05,8-K,d115531d8k.htm,8-K,https://www.sec.gov/Archives/edgar/data/1326380/000119312521109530/d115531d8k.htm
0001193125-21-114706,2021-04-13,2021-04-13,8-K,d124016d8k.htm,8-K,https://www.sec.gov/Archives/edgar/data/1326380/000119312521114706/d124016d8k.htm
0001326380-21-000045,2021-04-14,2021-04-12,4,xslF345X03/wf-form4_161843420829711.xml,FORM 4,https://www.sec.gov/Archives/edgar/data/1326380/000132638021000045/xslF345X03/wf-form4_161843420829711.xml
0001326380-21-000044,2021-04-14,2021-04-12,4,xslF345X03/wf-form4_161843407611160.xml,FORM 4,https://www.sec.gov/Archives/edgar/data/1326380/000132638021000044/xslF345X03/wf-form4_161843407611160.xml
0001326380-21-000047,2021-04-16,2021-04-15,4,xslF345X03/wf-form4_161860550559901.xml,FORM 4,https://www.sec.gov/Archives/edgar/data/1326380/000132638021000047/xslF345X03/wf-form4_161860550559901.xml
0001193125-21-120304,2021-04-19,2021-04-18,8-K,d307599d8k.htm,8-K,https://www.sec.gov/Archives/edgar/data/1326380/000119312521120304/d307599d8k.htm
0001326380-21-000049,2021-04-20,2021-04-18,4,xslF345X03/wf-form4_161895467714727.xml,FORM 4,https://www.sec.gov/Archives/edgar/data/1326380/000132638021000049/xslF345X03/wf-form4_161895467714727.xml
0001193125-21-126943,2021-04-22,,DEFA14A,d122967ddefa14a.htm,DEFA14A,https://www.sec.gov/Archives/edgar/data/1326380/000119312521126943/d122967ddefa14a.htm
0001193125-21-126940,2021-04-22,2021-06-09,DEF 14A,d122967ddef14a.htm,DEF 14A,https://www.sec.gov/Archives/edgar/data/1326380/000119312521126940/d122967ddef14a.htm
0000000000-21-005381,2021-04-28,,UPLOAD,filename1.pdf,,https://www.sec.gov/Archives/edgar/data/1326380/000000000021005381/filename1.pdf
0001326380-21-000052,2021-04-30,2021-04-28,8-K,gme-20210428.htm,8-K,https://www.sec.gov/Archives/edgar/data/1326380/000132638021000052/gme-20210428.htm
0001326380-21-000054,2021-05-12,,CORRESP,filename1.htm,,https://www.sec.gov/Archives/edgar/data/1326380/000132638021000054/filename1.htm
0000000000-21-006379,2021-05-20,,UPLOAD,filename1.pdf,,https://www.sec.gov/Archives/edgar/data/1326380/000000000021006379/filename1.pdf
0001326380-21-000056,2021-05-24,,SD,formsdconflictminerals2020.htm,SD,https://www.sec.gov/Archives/edgar/data/1326380/000132638021000056/formsdconflictminerals2020.htm
0001193125-21-179883,2021-06-02,,DEFA14A,d417512ddefa14a.htm,DEFA14A,https://www.sec.gov/Archives/edgar/data/1326380/000119312521179883/d417512ddefa14a.htm
0001326380-21-000058,2021-06-03,,CORRESP,filename1.htm,,https://www.sec.gov/Archives/edgar/data/1326380/000132638021000058/filename1.htm
0000000000-21-006943,2021-06-04,,UPLOAD,filename1.pdf,,https://www.sec.gov/Archives/edgar/data/1326380/000000000021006943/filename1.pdf
0001193125-21-186802,2021-06-09,2021-06-09,8-K,d34311d8k.htm,8-K,https://www.sec.gov/Archives/edgar/data/1326380/000119312521186802/d34311d8k.htm
0001193125-21-186796,2021-06-09,,424B5,d192873d424b5.htm,424B5,https://www.sec.gov/Archives/edgar/data/1326380/000119312521186796/d192873d424b5.htm
0001193125-21-186759,2021-06-09,2021-06-09,8-K,d174340d8k.htm,8-K,https://www.sec.gov/Archives/edgar/data/1326380/000119312521186759/d174340d8k.htm
0001326380-21-000066,2021-06-09,2021-05-01,10-Q,gme-20210501.htm,10-Q,https://www.sec.gov/Archives/edgar/data/1326380/000132638021000066/gme-20210501.htm
0001326380-21-000065,2021-06-09,2021-06-09,8-K,gme-20210609.htm,8-K,https://www.sec.gov/Archives/edgar/data/1326380/000132638021000065/gme-20210609.htm
0001193125-21-186732,2021-06-09,2021-06-09,8-K,d174400d8k.htm,8-K,https://www.sec.gov/Archives/edgar/data/1326380/000119312521186732/d174400d8k.htm
0001326380-21-000072,2021-06-11,2021-06-09,4,xslF345X03/wf-form4_162344402160321.xml,FORM 4,https://www.sec.gov/Archives/edgar/data/1326380/000132638021000072/xslF345X03/wf-form4_162344402160321.xml
0001326380-21-000071,2021-06-11,2021-06-09,4,xslF345X03/wf-form4_162344399942428.xml,FORM 4,https://www.sec.gov/Archives/edgar/data/1326380/000132638021000071/xslF345X03/wf-form4_162344399942428.xml
0001326380-21-000070,2021-06-11,2021-06-09,4,xslF345X03/wf-form4_162344397184700.xml,FORM 4,https://www.sec.gov/Archives/edgar/data/1326380/000132638021000070/xslF345X03/wf-form4_162344397184700.xml
0001192482-21-000566,2021-06-21,2021-06-09,4,xslF345X03/edgar.xml,PRIMARY DOCUMENT,https://www.sec.gov/Archives/edgar/data/1326380/000119248221000566/xslF345X03/edgar.xml
0001192482-21-000565,2021-06-21,2021-06-09,4,xslF345X03/edgar.xml,PRIMARY DOCUMENT,https://www.sec.gov/Archives/edgar/data/1326380/000119248221000565/xslF345X03/edgar.xml
0001192482-21-000564,2021-06-21,2021-06-09,3,xslF345X02/edgar.xml,PRIMARY DOCUMENT,https://www.sec.gov/Archives/edgar/data/1326380/000119248221000564/xslF345X02/edgar.xml
0001192482-21-000563,2021-06-21,2021-06-09,3,xslF345X02/edgar.xml,PRIMARY DOCUMENT,https://www.sec.gov/Archives/edgar/data/1326380/000119248221000563/xslF345X02/edgar.xml
0001628280-21-012519,2021-06-21,2021-06-21,8-K,gme-20210621.htm,8-K,https://www.sec.gov/Archives/edgar/data/1326380/000162828021012519/gme-20210621.htm
0001326380-21-000076,2021-06-22,2021-06-22,8-K,gme-20210622.htm,8-K,https://www.sec.gov/Archives/edgar/data/1326380/000132638021000076/gme-20210622.htm
0001326380-21-000078,2021-06-24,2021-06-23,4,xslF345X03/wf-form4_162456681433209.xml,FORM 4,https://www.sec.gov/Archives/edgar/data/1326380/000132638021000078/xslF345X03/wf-form4_162456681433209.xml
0001326380-21-000080,2021-07-01,2021-06-21,3,xslF345X02/wf-form3_162518111335390.xml,FORM 3,https://www.sec.gov/Archives/edgar/data/1326380/000132638021000080/xslF345X02/wf-form3_162518111335390.xml
0001326380-21-000082,2021-07-06,2021-07-01,4,xslF345X03/wf-form4_162560643475662.xml,FORM 4,https://www.sec.gov/Archives/edgar/data/1326380/000132638021000082/xslF345X03/wf-form4_162560643475662.xml
0001326380-21-000084,2021-07-20,2021-07-12,3,xslF345X02/wf-form3_162681564035434.xml,FORM 3,https://www.sec.gov/Archives/edgar/data/1326380/000132638021000084/xslF345X02/wf-form3_162681564035434.xml
0001326380-21-000090,2021-09-08,2021-07-31,10-Q,gme-20210731.htm,10-Q,https://www.sec.gov/Archives/edgar/data/1326380/000132638021000090/gme-20210731.htm
0001326380-21-000088,2021-09-08,2021-09-08,8-K,gme-20210908.htm,8-K,https://www.sec.gov/Archives/edgar/data/1326380/000132638021000088/gme-20210908.htm
0000834237-21-008979,2021-09-09,,SC 13G/A,us36467w1099_090921.txt,,https://www.sec.gov/Archives/edgar/data/1326380/000083423721008979/us36467w1099_090921.txt
0001326380-21-000094,2021-10-04,2021-10-01,4,xslF345X03/wf-form4_163338882013824.xml,FORM 4,https://www.sec.gov/Archives/edgar/data/1326380/000132638021000094/xslF345X03/wf-form4_163338882013824.xml
0001326380-21-000093,2021-10-04,2021-10-01,4,xslF345X03/wf-form4_163338873661155.xml,FORM 4,https://www.sec.gov/Archives/edgar/data/1326380/000132638021000093/xslF345X03/wf-form4_163338873661155.xml
0001326380-21-000106,2021-10-29,2021-10-25,8-K,gme-20211025.htm,8-K,https://www.sec.gov/Archives/edgar/data/1326380/000132638021000106/gme-20211025.htm
0001326380-21-000118,2021-11-04,2021-11-03,8-K/A,gme-20211103.htm,8-K/A,https://www.sec.gov/Archives/edgar/data/1326380/000132638021000118/gme-20211103.htm
0001326380-21-000112,2021-11-04,2021-11-03,8-K,gme-20211103.htm,8-K,https://www.sec.gov/Archives/edgar/data/1326380/000132638021000112/gme-20211103.htm
0001326380-21-000129,2021-12-08,2021-10-30,10-Q,gme-20211030.htm,10-Q,https://www.sec.gov/Archives/edgar/data/1326380/000132638021000129/gme-20211030.htm
0001326380-21-000127,2021-12-08,2021-12-08,8-K,gme-20211208.htm,8-K,https://www.sec.gov/Archives/edgar/data/1326380/000132638021000127/gme-20211208.htm
0000834237-22-004089,2022-02-01,,SC 13G/A,us36467w1099_012822.txt,,https://www.sec.gov/Archives/edgar/data/1326380/000083423722004089/us36467w1099_012822.txt
0001326380-22-000012,2022-02-03,2022-01-28,8-K,gme-20220128.htm,8-K,https://www.sec.gov/Archives/edgar/data/1326380/000132638022000012/gme-20220128.htm
0000354204-22-001549,2022-02-08,,SC 13G/A,SEC13G_Filing.htm,SEC SCHEDULE 13G,https://www.sec.gov/Archives/edgar/data/1326380/000035420422001549/SEC13G_Filing.htm
0000902664-22-001301,2022-02-09,,SC 13G/A,p22-0643sc13ga.htm,GAMESTOP CORP.,https://www.sec.gov/Archives/edgar/data/1326380/000090266422001301/p22-0643sc13ga.htm
0001104659-22-017613,2022-02-10,,SC 13G/A,tv0960-gamestopcorpclassa.htm,SCHEDULE 13G/A,https://www.sec.gov/Archives/edgar/data/1326380/000110465922017613/tv0960-gamestopcorpclassa.htm
0001193125-22-042029,2022-02-14,,SC 13G/A,d254393dsc13ga.htm,SC 13G/A,https://www.sec.gov/Archives/edgar/data/1326380/000119312522042029/d254393dsc13ga.htm
0001104659-22-022357,2022-02-14,,SC 13G/A,tm225754d8_sc13ga.htm,SC 13G/A,https://www.sec.gov/Archives/edgar/data/1326380/000110465922022357/tm225754d8_sc13ga.htm
0001326380-22-000014,2022-03-03,2022-03-01,4,xslF345X03/wf-form4_164634791286257.xml,FORM 4,https://www.sec.gov/Archives/edgar/data/1326380/000132638022000014/xslF345X03/wf-form4_164634791286257.xml
0001326380-22-000022,2022-03-17,2022-03-17,8-K,gme-20220317.htm,8-K,https://www.sec.gov/Archives/edgar/data/1326380/000132638022000022/gme-20220317.htm
0001326380-22-000021,2022-03-17,2022-01-29,10-K,gme-20220129.htm,10-K,https://www.sec.gov/Archives/edgar/data/1326380/000132638022000021/gme-20220129.htm
0000921895-22-000948,2022-03-22,2022-03-22,4,xslF345X03/form412128005_03222022.xml,OWNERSHIP DOCUMENT,https://www.sec.gov/Archives/edgar/data/1326380/000092189522000948/xslF345X03/form412128005_03222022.xml
0000921895-22-000946,2022-03-22,,SC 13D/A,sc13da612128005_03222022.htm,AMENDMENT NO. 6 TO THE SCHEDULE 13D,https://www.sec.gov/Archives/edgar/data/1326380/000092189522000946/sc13da612128005_03222022.htm
0001326380-22-000028,2022-03-23,2022-03-22,4,xslF345X03/wf-form4_164806805712093.xml,FORM 4,https://www.sec.gov/Archives/edgar/data/1326380/000132638022000028/xslF345X03/wf-form4_164806805712093.xml
0001326380-22-000026,2022-03-23,2022-03-21,4,xslF345X03/wf-form4_164806781376362.xml,FORM 4,https://www.sec.gov/Archives/edgar/data/1326380/000132638022000026/xslF345X03/wf-form4_164806781376362.xml
0001326380-22-000030,2022-03-24,2022-03-24,4,xslF345X03/wf-form4_164816416950465.xml,FORM 4,https://www.sec.gov/Archives/edgar/data/1326380/000132638022000030/xslF345X03/wf-form4_164816416950465.xml
0001326380-22-000038,2022-03-31,2022-03-31,8-K,gme-20220331.htm,8-K,https://www.sec.gov/Archives/edgar/data/1326380/000132638022000038/gme-20220331.htm
0001193125-22-101866,2022-04-11,2022-04-11,PRE 14A,d286356dpre14a.htm,PRE 14A,https://www.sec.gov/Archives/edgar/data/1326380/000119312522101866/d286356dpre14a.htm
0001193125-22-113182,2022-04-21,,DEFA14A,d286356ddefa14a.htm,DEFA14A,https://www.sec.gov/Archives/edgar/data/1326380/000119312522113182/d286356ddefa14a.htm
0001193125-22-113167,2022-04-21,2022-06-02,DEF 14A,d286356ddef14a.htm,DEF 14A,https://www.sec.gov/Archives/edgar/data/1326380/000119312522113167/d286356ddef14a.htm
0001326380-22-000048,2022-05-16,2022-05-12,8-K,gme-20220512.htm,8-K,https://www.sec.gov/Archives/edgar/data/1326380/000132638022000048/gme-20220512.htm
0001326380-22-000057,2022-05-20,,SD,formsdconflictminerals2021.htm,SD,https://www.sec.gov/Archives/edgar/data/1326380/000132638022000057/formsdconflictminerals2021.htm
0001326380-22-000072,2022-06-01,2022-04-30,10-Q,gme-20220430.htm,10-Q,https://www.sec.gov/Archives/edgar/data/1326380/000132638022000072/gme-20220430.htm
0001326380-22-000069,2022-06-01,2022-06-01,8-K,gme-20220601.htm,8-K,https://www.sec.gov/Archives/edgar/data/1326380/000132638022000069/gme-20220601.htm
0001326380-22-000080,2022-06-03,2022-06-02,8-K,gme-20220602.htm,8-K,https://www.sec.gov/Archives/edgar/data/1326380/000132638022000080/gme-20220602.htm
0001930653-22-000002,2022-06-06,2022-05-31,3,xslF345X02/wf-form3_165455497066209.xml,FORM 3,https://www.sec.gov/Archives/edgar/data/1326380/000193065322000002/xslF345X02/wf-form3_165455497066209.xml
0001326380-22-000087,2022-06-09,,S-8,forms-8registrationstateme.htm,S-8,https://www.sec.gov/Archives/edgar/data/1326380/000132638022000087/forms-8registrationstateme.htm
0001326380-22-000091,2022-06-16,2022-06-15,4,xslF345X03/wf-form4_165541477933553.xml,FORM 4,https://www.sec.gov/Archives/edgar/data/1326380/000132638022000091/xslF345X03/wf-form4_165541477933553.xml
0001326380-22-000090,2022-06-16,2022-06-15,4,xslF345X03/wf-form4_165541465728585.xml,FORM 4,https://www.sec.gov/Archives/edgar/data/1326380/000132638022000090/xslF345X03/wf-form4_165541465728585.xml
0001868284-22-000002,2022-06-16,2022-06-15,4,xslF345X03/wf-form4_165541448419212.xml,FORM 4,https://www.sec.gov/Archives/edgar/data/1326380/000186828422000002/xslF345X03/wf-form4_165541448419212.xml
0001868288-22-000002,2022-06-16,2022-06-15,4,xslF345X03/wf-form4_165541439340439.xml,FORM 4,https://www.sec.gov/Archives/edgar/data/1326380/000186828822000002/xslF345X03/wf-form4_165541439340439.xml
0001930653-22-000004,2022-07-05,2022-07-01,4,xslF345X03/wf-form4_165706595549244.xml,FORM 4,https://www.sec.gov/Archives/edgar/data/1326380/000193065322000004/xslF345X03/wf-form4_165706595549244.xml
0001326380-22-000101,2022-07-06,2022-07-01,4,xslF345X03/wf-form4_165713839632350.xml,FORM 4,https://www.sec.gov/Archives/edgar/data/1326380/000132638022000101/xslF345X03/wf-form4_165713839632350.xml
0001326380-22-000100,2022-07-06,2022-07-06,8-K,gme-20220706.htm,8-K,https://www.sec.gov/Archives/edgar/data/1326380/000132638022000100/gme-20220706.htm
0001326380-22-000112,2022-07-07,2022-07-07,8-K,gme-20220707.htm,8-K,https://www.sec.gov/Archives/edgar/data/1326380/000132638022000112/gme-20220707.htm
0001326380-22-000115,2022-07-12,2022-07-11,4,xslF345X03/wf-form4_165765822570493.xml,FORM 4,https://www.sec.gov/Archives/edgar/data/1326380/000132638022000115/xslF345X03/wf-form4_165765822570493.xml
0001326380-22-000126,2022-09-07,2022-07-30,10-Q,gme-20220730.htm,10-Q,https://www.sec.gov/Archives/edgar/data/1326380/000132638022000126/gme-20220730.htm
0001326380-22-000125,2022-09-07,2022-09-07,8-K,gme-20220907.htm,8-K,https://www.sec.gov/Archives/edgar/data/1326380/000132638022000125/gme-20220907.htm
0001326380-22-000128,2022-10-04,2022-10-03,4,xslF345X03/wf-form4_166491954278594.xml,FORM 4,https://www.sec.gov/Archives/edgar/data/1326380/000132638022000128/xslF345X03/wf-form4_166491954278594.xml
0001326380-22-000137,2022-12-07,2022-10-29,10-Q,gme-20221029.htm,10-Q,https://www.sec.gov/Archives/edgar/data/1326380/000132638022000137/gme-20221029.htm
0001326380-22-000136,2022-12-07,2022-12-07,8-K,gme-20221207.htm,8-K,https://www.sec.gov/Archives/edgar/data/1326380/000132638022000136/gme-20221207.htm
0001306550-23-006550,2023-02-03,,SC 13G/A,us36467w1099_020323.txt,,https://www.sec.gov/Archives/edgar/data/1326380/000130655023006550/us36467w1099_020323.txt
0001104659-23-016010,2023-02-09,,SC 13G/A,tv0961-gamestopcorpclassa.htm,SCHEDULE 13G/A,https://www.sec.gov/Archives/edgar/data/1326380/000110465923016010/tv0961-gamestopcorpclassa.htm
0001628280-23-006320,2023-03-03,2023-03-01,4,xslF345X03/wf-form4_167788077818503.xml,FORM 4,https://www.sec.gov/Archives/edgar/data/1326380/000162828023006320/xslF345X03/wf-form4_167788077818503.xml
0001326380-23-000011,2023-03-21,2023-03-21,8-K,gme-20230321.htm,8-K,https://www.sec.gov/Archives/edgar/data/1326380/000132638023000011/gme-20230321.htm
0001326380-23-000019,2023-03-28,2023-01-28,10-K,gme-20230128.htm,10-K,https://www.sec.gov/Archives/edgar/data/1326380/000132638023000019/gme-20230128.htm
0001628280-23-010284,2023-03-31,2023-03-29,4,xslF345X04/wf-form4_168030998459770.xml,FORM 4,https://www.sec.gov/Archives/edgar/data/1326380/000162828023010284/xslF345X04/wf-form4_168030998459770.xml
0001193125-23-132667,2023-05-02,2023-01-28,ARS,d463184dars.pdf,ARS,https://www.sec.gov/Archives/edgar/data/1326380/000119312523132667/d463184dars.pdf
0001193125-23-132658,2023-05-02,,DEFA14A,d464616ddefa14a.htm,DEFA14A,https://www.sec.gov/Archives/edgar/data/1326380/000119312523132658/d464616ddefa14a.htm
0001193125-23-132649,2023-05-02,,DEF 14A,d464616ddef14a.htm,DEF 14A,https://www.sec.gov/Archives/edgar/data/1326380/000119312523132649/d464616ddef14a.htm
0001326380-23-000024,2023-05-30,,SD,formsdconflictminerals2022.htm,SD,https://www.sec.gov/Archives/edgar/data/1326380/000132638023000024/formsdconflictminerals2022.htm
0001326380-23-000028,2023-06-07,2023-04-29,10-Q,gme-20230429.htm,10-Q,https://www.sec.gov/Archives/edgar/data/1326380/000132638023000028/gme-20230429.htm
0001193125-23-162572,2023-06-07,2023-06-05,8-K,d518333d8k.htm,8-K,https://www.sec.gov/Archives/edgar/data/1326380/000119312523162572/d518333d8k.htm
0001193125-23-163019,2023-06-08,,DEFA14A,d863526ddefa14a.htm,DEFA14A,https://www.sec.gov/Archives/edgar/data/1326380/000119312523163019/d863526ddefa14a.htm
0001628280-23-021773,2023-06-09,2023-06-09,4,xslF345X04/wf-form4_168634682734378.xml,FORM 4,https://www.sec.gov/Archives/edgar/data/1326380/000162828023021773/xslF345X04/wf-form4_168634682734378.xml
0001628280-23-021796,2023-06-12,2023-06-09,4,xslF345X04/wf-form4_168656791403035.xml,FORM 4,https://www.sec.gov/Archives/edgar/data/1326380/000162828023021796/xslF345X04/wf-form4_168656791403035.xml
0001981001-23-000006,2023-06-13,2023-06-12,4,xslF345X04/wf-form4_168670784081538.xml,FORM 4,https://www.sec.gov/Archives/edgar/data/1326380/000198100123000006/xslF345X04/wf-form4_168670784081538.xml
0001981001-23-000004,2023-06-13,2023-06-07,3,xslF345X02/wf-form3_168670772161681.xml,FORM 3,https://www.sec.gov/Archives/edgar/data/1326380/000198100123000004/xslF345X02/wf-form3_168670772161681.xml
0000921895-23-001481,2023-06-13,2023-06-09,4,xslF345X04/form412128005_06132023.xml,OWNERSHIP DOCUMENT,https://www.sec.gov/Archives/edgar/data/1326380/000092189523001481/xslF345X04/form412128005_06132023.xml
0000921895-23-001480,2023-06-13,,SC 13D/A,sc13da712128005_06132023.htm,AMENDMENT NO. 7 TO THE SCHEDULE 13D,https://www.sec.gov/Archives/edgar/data/1326380/000092189523001480/sc13da712128005_06132023.htm
0001628280-23-022817,2023-06-20,2023-06-15,4,xslF345X04/wf-form4_168731126879905.xml,FORM 4,https://www.sec.gov/Archives/edgar/data/1326380/000162828023022817/xslF345X04/wf-form4_168731126879905.xml
0001628280-23-022816,2023-06-20,2023-06-15,4,xslF345X04/wf-form4_168731120008679.xml,FORM 4,https://www.sec.gov/Archives/edgar/data/1326380/000162828023022816/xslF345X04/wf-form4_168731120008679.xml
0001628280-23-022815,2023-06-20,2023-06-15,4,xslF345X04/wf-form4_168731115359383.xml,FORM 4,https://www.sec.gov/Archives/edgar/data/1326380/000162828023022815/xslF345X04/wf-form4_168731115359383.xml
0001628280-23-022814,2023-06-20,2023-06-15,4,xslF345X04/wf-form4_168731110119722.xml,FORM 4,https://www.sec.gov/Archives/edgar/data/1326380/000162828023022814/xslF345X04/wf-form4_168731110119722.xml
0001326380-23-000034,2023-06-21,2023-06-15,8-K,gme-20230615.htm,8-K,https://www.sec.gov/Archives/edgar/data/1326380/000132638023000034/gme-20230615.htm
0001981001-23-000007,2023-07-06,2023-07-05,4,xslF345X04/wf-form4_168869306563564.xml,FORM 4,https://www.sec.gov/Archives/edgar/data/1326380/000198100123000007/xslF345X04/wf-form4_168869306563564.xml
0001817439-23-000006,2023-07-07,2023-07-06,4,xslF345X04/wf-form4_168876921183258.xml,FORM 4,https://www.sec.gov/Archives/edgar/data/1326380/000181743923000006/xslF345X04/wf-form4_168876921183258.xml
0001628280-23-024521,2023-07-07,,144,xsl144X01/primary_doc.xml,,https://www.sec.gov/Archives/edgar/data/1326380/000162828023024521/xsl144X01/primary_doc.xml
0001817439-23-000004,2023-07-07,,144,xsl144X01/primary_doc.xml,,https://www.sec.gov/Archives/edgar/data/1326380/000181743923000004/xsl144X01/primary_doc.xml
0001628280-23-024658,2023-07-10,2023-07-06,4,xslF345X04/wf-form4_168903365261387.xml,FORM 4,https://www.sec.gov/Archives/edgar/data/1326380/000162828023024658/xslF345X04/wf-form4_168903365261387.xml
0001950047-23-002268,2023-07-12,,144,xsl144X01/primary_doc.xml,,https://www.sec.gov/Archives/edgar/data/1326380/000195004723002268/xsl144X01/primary_doc.xml
0001326380-23-000040,2023-07-27,2023-07-21,8-K,gme-20230721.htm,8-K,https://www.sec.gov/Archives/edgar/data/1326380/000132638023000040/gme-20230721.htm
0000000000-23-008854,2023-08-14,,UPLOAD,filename1.pdf,,https://www.sec.gov/Archives/edgar/data/1326380/000000000023008854/filename1.pdf
0001990547-23-000002,2023-08-21,2023-08-11,3,xslF345X02/wf-form3_169265103795991.xml,FORM 3,https://www.sec.gov/Archives/edgar/data/1326380/000199054723000002/xslF345X02/wf-form3_169265103795991.xml
0001326380-23-000047,2023-09-06,2023-07-29,10-Q,gme-20230729.htm,10-Q,https://www.sec.gov/Archives/edgar/data/1326380/000132638023000047/gme-20230729.htm
0001326380-23-000045,2023-09-06,2023-09-06,8-K,gme-20230906.htm,8-K,https://www.sec.gov/Archives/edgar/data/1326380/000132638023000045/gme-20230906.htm
0001868288-23-000002,2023-09-11,2023-09-08,4,xslF345X05/wf-form4_169447074869293.xml,FORM 4,https://www.sec.gov/Archives/edgar/data/1326380/000186828823000002/xslF345X05/wf-form4_169447074869293.xml
0001840485-23-000003,2023-09-11,2023-09-08,4,xslF345X05/wf-form4_169447066543684.xml,FORM 4,https://www.sec.gov/Archives/edgar/data/1326380/000184048523000003/xslF345X05/wf-form4_169447066543684.xml
0001326380-23-000052,2023-09-18,,CORRESP,filename1.htm,,https://www.sec.gov/Archives/edgar/data/1326380/000132638023000052/filename1.htm
0001326380-23-000056,2023-09-28,2023-09-27,8-K,gme-20230927.htm,8-K,https://www.sec.gov/Archives/edgar/data/1326380/000132638023000056/gme-20230927.htm
0001981001-23-000012,2023-10-02,,144,xsl144X01/primary_doc.xml,,https://www.sec.gov/Archives/edgar/data/1326380/000198100123000012/xsl144X01/primary_doc.xml
0000000000-23-010864,2023-10-02,,UPLOAD,filename1.pdf,,https://www.sec.gov/Archives/edgar/data/1326380/000000000023010864/filename1.pdf
0001981001-23-000015,2023-10-04,2023-10-02,4,xslF345X05/wk-form4_1696467271.xml,FORM 4,https://www.sec.gov/Archives/edgar/data/1326380/000198100123000015/xslF345X05/wk-form4_1696467271.xml
0001990547-23-000004,2023-10-04,2023-10-02,4,xslF345X05/wk-form4_1696467243.xml,FORM 4,https://www.sec.gov/Archives/edgar/data/1326380/000199054723000004/xslF345X05/wk-form4_1696467243.xml
0001981001-23-000017,2023-10-12,,144,xsl144X01/primary_doc.xml,,https://www.sec.gov/Archives/edgar/data/1326380/000198100123000017/xsl144X01/primary_doc.xml
0001981001-23-000019,2023-10-13,2023-10-12,4,xslF345X05/wk-form4_1697242455.xml,FORM 4,https://www.sec.gov/Archives/edgar/data/1326380/000198100123000019/xslF345X05/wk-form4_1697242455.xml
0001990547-23-000006,2023-11-03,2023-11-01,4,xslF345X05/wk-form4_1699058219.xml,FORM 4,https://www.sec.gov/Archives/edgar/data/1326380/000199054723000006/xslF345X05/wk-form4_1699058219.xml
0001326380-23-000063,2023-12-06,2023-10-28,10-Q,gme-20231028.htm,10-Q,https://www.sec.gov/Archives/edgar/data/1326380/000132638023000063/gme-20231028.htm
0001326380-23-000061,2023-12-06,2023-12-06,8-K,gme-20231206.htm,8-K,https://www.sec.gov/Archives/edgar/data/1326380/000132638023000061/gme-20231206.htm
0001981001-24-000003,2024-01-08,2024-01-02,4,xslF345X05/wk-form4_1704767321.xml,FORM 4,https://www.sec.gov/Archives/edgar/data/1326380/000198100124000003/xslF345X05/wk-form4_1704767321.xml
0001990547-24-000002,2024-01-08,2024-01-02,4,xslF345X05/wk-form4_1704767258.xml,FORM 4,https://www.sec.gov/Archives/edgar/data/1326380/000199054724000002/xslF345X05/wk-form4_1704767258.xml
0001086364-24-004581,2024-01-26,,SC 13G/A,us36467w1099_012624.txt,,https://www.sec.gov/Archives/edgar/data/1326380/000108636424004581/us36467w1099_012624.txt
0001104659-24-020991,2024-02-13,,SC 13G/A,tv0991-gamestopcorpclassa.htm,SCHEDULE 13G/A,https://www.sec.gov/Archives/edgar/data/1326380/000110465924020991/tv0991-gamestopcorpclassa.htm
0001326380-24-000012,2024-03-26,2024-02-03,10-K,gme-20240203.htm,10-K,https://www.sec.gov/Archives/edgar/data/1326380/000132638024000012/gme-20240203.htm
0001326380-24-000011,2024-03-26,2024-03-25,8-K,gme-20240325.htm,8-K,https://www.sec.gov/Archives/edgar/data/1326380/000132638024000011/gme-20240325.htm
0001326380-24-000016,2024-03-27,2024-02-03,10-K/A,gme-20240203.htm,10-K/A,https://www.sec.gov/Archives/edgar/data/1326380/000132638024000016/gme-20240203.htm
0001981001-24-000005,2024-04-02,,144,xsl144X01/primary_doc.xml,,https://www.sec.gov/Archives/edgar/data/1326380/000198100124000005/xsl144X01/primary_doc.xml
0001981001-24-000008,2024-04-03,2024-04-02,4,xslF345X05/wk-form4_1712194985.xml,FORM 4,https://www.sec.gov/Archives/edgar/data/1326380/000198100124000008/xslF345X05/wk-form4_1712194985.xml
0001990547-24-000005,2024-04-03,2024-04-02,4,xslF345X05/wk-form4_1712194873.xml,FORM 4,https://www.sec.gov/Archives/edgar/data/1326380/000199054724000005/xslF345X05/wk-form4_1712194873.xml
0001326380-24-000018,2024-04-04,2024-04-04,8-K,gme-20240404.htm,8-K,https://www.sec.gov/Archives/edgar/data/1326380/000132638024000018/gme-20240404.htm
0001868288-24-000002,2024-04-09,2024-04-08,4,xslF345X05/wk-form4_1712701422.xml,FORM 4,https://www.sec.gov/Archives/edgar/data/1326380/000186828824000002/xslF345X05/wk-form4_1712701422.xml
0001990547-24-000007,2024-04-10,2024-04-08,4,xslF345X05/wk-form4_1712793056.xml,FORM 4,https://www.sec.gov/Archives/edgar/data/1326380/000199054724000007/xslF345X05/wk-form4_1712793056.xml
0001930653-24-000002,2024-04-19,,144,xsl144X01/primary_doc.xml,,https://www.sec.gov/Archives/edgar/data/1326380/000193065324000002/xsl144X01/primary_doc.xml
0001981001-24-000011,2024-04-23,,144,xsl144X01/primary_doc.xml,,https://www.sec.gov/Archives/edgar/data/1326380/000198100124000011/xsl144X01/primary_doc.xml
0001981001-24-000013,2024-04-24,2024-04-23,4,xslF345X05/wk-form4_1714007207.xml,FORM 4,https://www.sec.gov/Archives/edgar/data/1326380/000198100124000013/xslF345X05/wk-form4_1714007207.xml
0001990547-24-000009,2024-04-24,,144,xsl144X01/primary_doc.xml,,https://www.sec.gov/Archives/edgar/data/1326380/000199054724000009/xsl144X01/primary_doc.xml
0001990547-24-000011,2024-04-25,2024-04-24,4,xslF345X05/wk-form4_1714095564.xml,FORM 4,https://www.sec.gov/Archives/edgar/data/1326380/000199054724000011/xslF345X05/wk-form4_1714095564.xml
0001193125-24-125098,2024-04-30,2024-02-03,ARS,d772545dars.pdf,ARS,https://www.sec.gov/Archives/edgar/data/1326380/000119312524125098/d772545dars.pdf
0001193125-24-125072,2024-04-30,,DEFA14A,d786757ddefa14a.htm,DEFA14A,https://www.sec.gov/Archives/edgar/data/1326380/000119312524125072/d786757ddefa14a.htm
0001193125-24-125061,2024-04-30,2024-06-13,DEF 14A,d786757ddef14a.htm,DEF 14A,https://www.sec.gov/Archives/edgar/data/1326380/000119312524125061/d786757ddef14a.htm
0001981001-24-000019,2024-05-06,,144,xsl144X01/primary_doc.xml,,https://www.sec.gov/Archives/edgar/data/1326380/000198100124000019/xsl144X01/primary_doc.xml
0001981001-24-000023,2024-05-07,2024-05-06,4,xslF345X05/wk-form4_1715116687.xml,FORM 4,https://www.sec.gov/Archives/edgar/data/1326380/000198100124000023/xslF345X05/wk-form4_1715116687.xml
0001193125-24-141214,2024-05-17,2024-05-17,8-K,d819045d8k.htm,8-K,https://www.sec.gov/Archives/edgar/data/1326380/000119312524141214/d819045d8k.htm
0001193125-24-141200,2024-05-17,,424B5,d815176d424b5.htm,424B5,https://www.sec.gov/Archives/edgar/data/1326380/000119312524141200/d815176d424b5.htm
0001193125-24-141183,2024-05-17,2024-05-17,8-K,d757342d8k.htm,8-K,https://www.sec.gov/Archives/edgar/data/1326380/000119312524141183/d757342d8k.htm
0001193125-24-141159,2024-05-17,,S-3ASR,d717676ds3asr.htm,S-3ASR,https://www.sec.gov/Archives/edgar/data/1326380/000119312524141159/d717676ds3asr.htm
0001193805-24-000707,2024-05-24,,SC 13D/A,sc13da812128005_05242024.htm,AMENDMENT NO. 8 TO THE SCHEDULE 13D,https://www.sec.gov/Archives/edgar/data/1326380/000119380524000707/sc13da812128005_05242024.htm
0001326380-24-000020,2024-05-24,2024-05-24,8-K,gme-20240524.htm,8-K,https://www.sec.gov/Archives/edgar/data/1326380/000132638024000020/gme-20240524.htm
0001326380-24-000026,2024-05-31,,SD,formsdconflictminerals2023.htm,SD,https://www.sec.gov/Archives/edgar/data/1326380/000132638024000026/formsdconflictminerals2023.htm
0001193125-24-156648,2024-06-07,2024-06-07,8-K,d614610d8k.htm,8-K,https://www.sec.gov/Archives/edgar/data/1326380/000119312524156648/d614610d8k.htm
0001193125-24-156636,2024-06-07,,424B5,d614527d424b5.htm,424B5,https://www.sec.gov/Archives/edgar/data/1326380/000119312524156636/d614527d424b5.htm
0001193125-24-156615,2024-06-07,2024-06-07,8-K,d614611d8k.htm,8-K,https://www.sec.gov/Archives/edgar/data/1326380/000119312524156615/d614611d8k.htm
0000921895-24-001394,2024-06-11,,SC 13D/A,sc13da912128005_06112024.htm,AMENDMENT NO. 9 TO THE SCHEDULE 13D,https://www.sec.gov/Archives/edgar/data/1326380/000092189524001394/sc13da912128005_06112024.htm
0001326380-24-000030,2024-06-11,2024-05-04,10-Q,gme-20240504.htm,10-Q,https://www.sec.gov/Archives/edgar/data/1326380/000132638024000030/gme-20240504.htm
0001326380-24-000036,2024-06-13,,144,xsl144X01/primary_doc.xml,,https://www.sec.gov/Archives/edgar/data/1326380/000132638024000036/xsl144X01/primary_doc.xml
0001326380-24-000062,2024-06-14,2024-06-13,4,xslF345X05/wk-form4_1718398748.xml,FORM 4,https://www.sec.gov/Archives/edgar/data/1326380/000132638024000062/xslF345X05/wk-form4_1718398748.xml
0001326380-24-000059,2024-06-14,2024-06-14,8-K,gme-20240614.htm,8-K,https://www.sec.gov/Archives/edgar/data/1326380/000132638024000059/gme-20240614.htm
0001326380-24-000055,2024-06-14,,DEFA14A,form8-kxannualmeeting.htm,DEFA14A,https://www.sec.gov/Archives/edgar/data/1326380/000132638024000055/form8-kxannualmeeting.htm
0001326380-24-000065,2024-06-18,2024-06-18,8-K,gme-20240618.htm,8-K,https://www.sec.gov/Archives/edgar/data/1326380/000132638024000065/gme-20240618.htm
0001326380-24-000076,2024-06-20,2024-06-17,8-K/A,gme-20240617.htm,8-K/A,https://www.sec.gov/Archives/edgar/data/1326380/000132638024000076/gme-20240617.htm
0001326380-24-000082,2024-07-02,,144,xsl144X01/primary_doc.xml,,https://www.sec.gov/Archives/edgar/data/1326380/000132638024000082/xsl144X01/primary_doc.xml
0001326380-24-000080,2024-07-02,,144,xsl144X01/primary_doc.xml,,https://www.sec.gov/Archives/edgar/data/1326380/000132638024000080/xsl144X01/primary_doc.xml
0001326380-24-000090,2024-07-03,2024-07-01,4,xslF345X05/wk-form4_1720056464.xml,FORM 4,https://www.sec.gov/Archives/edgar/data/1326380/000132638024000090/xslF345X05/wk-form4_1720056464.xml
0001326380-24-000088,2024-07-03,2024-07-01,4,xslF345X05/wk-form4_1720056343.xml,FORM 4,https://www.sec.gov/Archives/edgar/data/1326380/000132638024000088/xslF345X05/wk-form4_1720056343.xml
0001326380-24-000094,2024-07-09,2024-07-08,4,xslF345X05/wk-form4_1720560395.xml,FORM 4,https://www.sec.gov/Archives/edgar/data/1326380/000132638024000094/xslF345X05/wk-form4_1720560395.xml
0001326380-24-000100,2024-08-28,2024-08-27,8-K,gme-20240827.htm,8-K,https://www.sec.gov/Archives/edgar/data/1326380/000132638024000100/gme-20240827.htm
0001193125-24-216683,2024-09-10,2024-09-10,8-K,d890633d8k.htm,8-K,https://www.sec.gov/Archives/edgar/data/1326380/000119312524216683/d890633d8k.htm
0001193125-24-216680,2024-09-10,,424B5,d890703d424b5.htm,424B5,https://www.sec.gov/Archives/edgar/data/1326380/000119312524216680/d890703d424b5.htm
0001326380-24-000109,2024-09-10,2024-08-03,10-Q,gme-20240803.htm,10-Q,https://www.sec.gov/Archives/edgar/data/1326380/000132638024000109/gme-20240803.htm
0001326380-24-000107,2024-09-10,2024-09-10,8-K,gme-20240910.htm,8-K,https://www.sec.gov/Archives/edgar/data/1326380/000132638024000107/gme-20240910.htm
0001326380-24-000115,2024-09-23,2024-09-20,8-K,gme-20240920.htm,8-K,https://www.sec.gov/Archives/edgar/data/1326380/000132638024000115/gme-20240920.htm
0001326380-24-000122,2024-10-02,,144,xsl144X01/primary_doc.xml,,https://www.sec.gov/Archives/edgar/data/1326380/000132638024000122/xsl144X01/primary_doc.xml
0001326380-24-000121,2024-10-02,,144,xsl144X01/primary_doc.xml,,https://www.sec.gov/Archives/edgar/data/1326380/000132638024000121/xsl144X01/primary_doc.xml
0001326380-24-000127,2024-10-03,2024-10-02,4,xslF345X05/wk-form4_1727990300.xml,FORM 4,https://www.sec.gov/Archives/edgar/data/1326380/000132638024000127/xslF345X05/wk-form4_1727990300.xml
0001326380-24-000126,2024-10-03,2024-10-02,4,xslF345X05/wk-form4_1727990241.xml,FORM 4,https://www.sec.gov/Archives/edgar/data/1326380/000132638024000126/xslF345X05/wk-form4_1727990241.xml
0001326380-24-000129,2024-10-07,,144,xsl144X01/primary_doc.xml,,https://www.sec.gov/Archives/edgar/data/1326380/000132638024000129/xsl144X01/primary_doc.xml
0001326380-24-000135,2024-10-10,2024-10-07,4,xslF345X05/wk-form4_1728605578.xml,FORM 4,https://www.sec.gov/Archives/edgar/data/1326380/000132638024000135/xslF345X05/wk-form4_1728605578.xml
0001326380-24-000133,2024-10-10,,144,xsl144X01/primary_doc.xml,,https://www.sec.gov/Archives/edgar/data/1326380/000132638024000133/xsl144X01/primary_doc.xml
0001326380-24-000139,2024-10-11,2024-10-10,4,xslF345X05/wk-form4_1728686905.xml,FORM 4,https://www.sec.gov/Archives/edgar/data/1326380/000132638024000139/xslF345X05/wk-form4_1728686905.xml
0001326380-24-000138,2024-10-11,,144,xsl144X01/primary_doc.xml,,https://www.sec.gov/Archives/edgar/data/1326380/000132638024000138/xsl144X01/primary_doc.xml
0001326380-24-000141,2024-10-15,2024-10-11,4,xslF345X05/wk-form4_1729026607.xml,FORM 4,https://www.sec.gov/Archives/edgar/data/1326380/000132638024000141/xslF345X05/wk-form4_1729026607.xml
0001326380-24-000160,2024-10-25,2024-08-03,10-Q/A,gme-20240803.htm,10-Q/A,https://www.sec.gov/Archives/edgar/data/1326380/000132638024000160/gme-20240803.htm
0001326380-24-000159,2024-10-25,2024-05-04,10-Q/A,gme-20240504.htm,10-Q/A,https://www.sec.gov/Archives/edgar/data/1326380/000132638024000159/gme-20240504.htm
0001326380-24-000163,2024-11-18,2024-11-18,8-K,gme-20241118.htm,8-K,https://www.sec.gov/Archives/edgar/data/1326380/000132638024000163/gme-20241118.htm
0001822293-24-000004,2024-12-05,2024-11-18,3,xslF345X02/wk-form3_1733446230.xml,FORM 3,https://www.sec.gov/Archives/edgar/data/1326380/000182229324000004/xslF345X02/wk-form3_1733446230.xml
0001326380-24-000170,2024-12-10,2024-11-02,10-Q,gme-20241102.htm,10-Q,https://www.sec.gov/Archives/edgar/data/1326380/000132638024000170/gme-20241102.htm
0001326380-24-000168,2024-12-10,2024-12-06,8-K,gme-20241206.htm,8-K,https://www.sec.gov/Archives/edgar/data/1326380/000132638024000168/gme-20241206.htm
0001326380-25-000012,2025-01-06,2025-01-03,4,xslF345X05/wk-form4_1736209146.xml,FORM 4,https://www.sec.gov/Archives/edgar/data/1326380/000132638025000012/xslF345X05/wk-form4_1736209146.xml
0001326380-25-000010,2025-01-06,2025-01-03,4,xslF345X05/wk-form4_1736209059.xml,FORM 4,https://www.sec.gov/Archives/edgar/data/1326380/000132638025000010/xslF345X05/wk-form4_1736209059.xml
0001326380-25-000008,2025-01-06,,144,xsl144X01/primary_doc.xml,,https://www.sec.gov/Archives/edgar/data/1326380/000132638025000008/xsl144X01/primary_doc.xml
0001326380-25-000006,2025-01-06,,144,xsl144X01/primary_doc.xml,,https://www.sec.gov/Archives/edgar/data/1326380/000132638025000006/xsl144X01/primary_doc.xml
0000921895-25-000190,2025-01-29,,SCHEDULE 13D/A,xslSCHEDULE_13D_X01/primary_doc.xml,,https://www.sec.gov/Archives/edgar/data/1326380/000092189525000190/xslSCHEDULE_13D_X01/primary_doc.xml
0000000000-25-000976,2025-01-29,,UPLOAD,filename1.pdf,,https://www.sec.gov/Archives/edgar/data/1326380/000000000025000976/filename1.pdf
0001326380-25-000016,2025-02-12,,CORRESP,filename1.htm,,https://www.sec.gov/Archives/edgar/data/1326380/000132638025000016/filename1.htm
0001326380-25-000018,2025-02-18,2025-02-18,8-K,gme-20250218.htm,8-K,https://www.sec.gov/Archives/edgar/data/1326380/000132638025000018/gme-20250218.htm
0000000000-25-003033,2025-03-20,,UPLOAD,filename1.pdf,,https://www.sec.gov/Archives/edgar/data/1326380/000000000025003033/filename1.pdf
0001628280-25-014745,2025-03-25,,CORRESP,filename1.htm,,https://www.sec.gov/Archives/edgar/data/1326380/000162828025014745/filename1.htm
0001628280-25-014731,2025-03-25,2025-02-01,10-K,gme-20250201.htm,10-K,https://www.sec.gov/Archives/edgar/data/1326380/000162828025014731/gme-20250201.htm
0001628280-25-014714,2025-03-25,2025-03-25,8-K,gme-20250325.htm,8-K,https://www.sec.gov/Archives/edgar/data/1326380/000162828025014714/gme-20250325.htm
0001326380-25-000022,2025-04-01,2025-03-26,8-K,gme-20250326.htm,8-K,https://www.sec.gov/Archives/edgar/data/1326380/000132638025000022/gme-20250326.htm
0001981001-25-000002,2025-04-02,,144,xsl144X01/primary_doc.xml,,https://www.sec.gov/Archives/edgar/data/1326380/000198100125000002/xsl144X01/primary_doc.xml
0001990547-25-000002,2025-04-02,,144,xsl144X01/primary_doc.xml,,https://www.sec.gov/Archives/edgar/data/1326380/000199054725000002/xsl144X01/primary_doc.xml
0002063571-25-000002,2025-04-02,,SCHEDULE 13G,xslSCHEDULE_13G_X01/primary_doc.xml,,https://www.sec.gov/Archives/edgar/data/1326380/000206357125000002/xslSCHEDULE_13G_X01/primary_doc.xml
0000921895-25-000971,2025-04-03,,SCHEDULE 13D/A,xslSCHEDULE_13D_X01/primary_doc.xml,,https://www.sec.gov/Archives/edgar/data/1326380/000092189525000971/xslSCHEDULE_13D_X01/primary_doc.xml
0001981001-25-000004,2025-04-04,2025-04-02,4,xslF345X05/wk-form4_1743802418.xml,FORM 4,https://www.sec.gov/Archives/edgar/data/1326380/000198100125000004/xslF345X05/wk-form4_1743802418.xml
0001990547-25-000004,2025-04-04,2025-04-02,4,xslF345X05/wk-form4_1743802292.xml,FORM 4,https://www.sec.gov/Archives/edgar/data/1326380/000199054725000004/xslF345X05/wk-form4_1743802292.xml
0001628280-25-016980,2025-04-07,2025-04-03,4,xslF345X05/wk-form4_1744066108.xml,FORM 4,https://www.sec.gov/Archives/edgar/data/1326380/000162828025016980/xslF345X05/wk-form4_1744066108.xml
0000921895-25-001006,2025-04-07,2025-04-03,4,xslF345X05/form412128005_04072025.xml,OWNERSHIP DOCUMENT,https://www.sec.gov/Archives/edgar/data/1326380/000092189525001006/xslF345X05/form412128005_04072025.xml
0001628280-25-017332,2025-04-10,2025-04-10,4,xslF345X05/wk-form4_1744316328.xml,FORM 4,https://www.sec.gov/Archives/edgar/data/1326380/000162828025017332/xslF345X05/wk-form4_1744316328.xml
0001193125-25-093732,2025-04-24,2025-02-01,ARS,d792750dars.pdf,ARS,https://www.sec.gov/Archives/edgar/data/1326380/000119312525093732/d792750dars.pdf
0001193125-25-093730,2025-04-24,,DEFA14A,d894376ddefa14a.htm,DEFA14A,https://www.sec.gov/Archives/edgar/data/1326380/000119312525093730/d894376ddefa14a.htm
0001193125-25-093726,2025-04-24,2025-06-12,DEF 14A,d894376ddef14a.htm,DEF 14A,https://www.sec.gov/Archives/edgar/data/1326380/000119312525093726/d894376ddef14a.htm
0001326380-25-000026,2025-05-28,2025-05-28,8-K,gme-20250528.htm,8-K,https://www.sec.gov/Archives/edgar/data/1326380/000132638025000026/gme-20250528.htm
0000000000-25-005652,2025-05-29,,UPLOAD,filename1.pdf,,https://www.sec.gov/Archives/edgar/data/1326380/000000000025005652/filename1.pdf
0001326380-25-000029,2025-05-30,,SD,formsdconflictminerals2024.htm,SD,https://www.sec.gov/Archives/edgar/data/1326380/000132638025000029/formsdconflictminerals2024.htm
0001326380-25-000035,2025-06-10,2025-05-03,10-Q,gme-20250503.htm,10-Q,https://www.sec.gov/Archives/edgar/data/1326380/000132638025000035/gme-20250503.htm
0001326380-25-000034,2025-06-10,2025-06-10,8-K,gme-20250610.htm,8-K,https://www.sec.gov/Archives/edgar/data/1326380/000132638025000034/gme-20250610.htm
0001326380-25-000041,2025-06-13,2025-06-12,8-K,gme-20250612.htm,8-K,https://www.sec.gov/Archives/edgar/data/1326380/000132638025000041/gme-20250612.htm
0001326380-25-000038,2025-06-13,,CORRESP,filename1.htm,,https://www.sec.gov/Archives/edgar/data/1326380/000132638025000038/filename1.htm
0001326380-25-000055,2025-06-17,2025-06-11,8-K,gme-20250611.htm,8-K,https://www.sec.gov/Archives/edgar/data/1326380/000132638025000055/gme-20250611.htm
0001326380-25-000059,2025-06-24,2025-06-23,8-K,gme-20250623.htm,8-K,https://www.sec.gov/Archives/edgar/data/1326380/000132638025000059/gme-20250623.htm
0001628280-25-033808,2025-07-01,2025-06-30,4,xslF345X05/wk-form4_1751404815.xml,FORM 4,https://www.sec.gov/Archives/edgar/data/1326380/000162828025033808/xslF345X05/wk-form4_1751404815.xml
0001628280-25-034250,2025-07-03,2025-07-01,4,xslF345X05/wk-form4_1751574853.xml,FORM 4,https://www.sec.gov/Archives/edgar/data/1326380/000162828025034250/xslF345X05/wk-form4_1751574853.xml
0001628280-25-034243,2025-07-03,2025-07-01,4,xslF345X05/wk-form4_1751574743.xml,FORM 4,https://www.sec.gov/Archives/edgar/data/1326380/000162828025034243/xslF345X05/wk-form4_1751574743.xml
0000000000-25-007686,2025-07-22,,UPLOAD,filename1.pdf,,https://www.sec.gov/Archives/edgar/data/1326380/000000000025007686/filename1.pdf
0001950047-25-005166,2025-07-23,,144,xsl144X01/primary_doc.xml,,https://www.sec.gov/Archives/edgar/data/1326380/000195004725005166/xsl144X01/primary_doc.xml
0001981001-25-000008,2025-07-25,2025-07-23,4,xslF345X05/wk-form4_1753476331.xml,FORM 4,https://www.sec.gov/Archives/edgar/data/1326380/000198100125000008/xslF345X05/wk-form4_1753476331.xml
0001326380-25-000064,2025-08-11,2025-08-08,8-K,gme-20250808.htm,8-K,https://www.sec.gov/Archives/edgar/data/1326380/000132638025000064/gme-20250808.htm
0001990547-25-000008,2025-08-12,2025-08-11,4,xslF345X05/wk-form4_1755037098.xml,FORM 4,https://www.sec.gov/Archives/edgar/data/1326380/000199054725000008/xslF345X05/wk-form4_1755037098.xml
0001990547-25-000010,2025-09-03,2025-09-02,4,xslF345X05/wk-form4_1756934602.xml,FORM 4,https://www.sec.gov/Archives/edgar/data/1326380/000199054725000010/xslF345X05/wk-form4_1756934602.xml
0001326380-25-000075,2025-09-09,2025-08-02,10-Q,gme-20250802.htm,10-Q,https://www.sec.gov/Archives/edgar/data/1326380/000132638025000075/gme-20250802.htm
0001326380-25-000073,2025-09-09,2025-09-09,8-K,gme-20250909.htm,8-K,https://www.sec.gov/Archives/edgar/data/1326380/000132638025000073/gme-20250909.htm
0001990547-25-000012,2025-10-01,,144,xsl144X01/primary_doc.xml,,https://www.sec.gov/Archives/edgar/data/1326380/000199054725000012/xsl144X01/primary_doc.xml
0001981001-25-000010,2025-10-01,,144,xsl144X01/primary_doc.xml,,https://www.sec.gov/Archives/edgar/data/1326380/000198100125000010/xsl144X01/primary_doc.xml
0001990547-25-000014,2025-10-02,2025-10-02,4,xslF345X05/wk-form4_1759443914.xml,FORM 4,https://www.sec.gov/Archives/edgar/data/1326380/000199054725000014/xslF345X05/wk-form4_1759443914.xml
0001981001-25-000012,2025-10-02,2025-10-02,4,xslF345X05/wk-form4_1759443847.xml,FORM 4,https://www.sec.gov/Archives/edgar/data/1326380/000198100125000012/xslF345X05/wk-form4_1759443847.xml
0001326380-25-000081,2025-10-03,,S-3ASR,gme-formsx3asr.htm,S-3,https://www.sec.gov/Archives/edgar/data/1326380/000132638025000081/gme-formsx3asr.htm
0000876661-25-000736,2025-10-06,,CERT,GMEWS100625.pdf,NYSE CERTIFICATION,https://www.sec.gov/Archives/edgar/data/1326380/000087666125000736/GMEWS100625.pdf
0001326380-25-000084,2025-10-06,,8-A12B,gme-form8xa.htm,8-K/A,https://www.sec.gov/Archives/edgar/data/1326380/000132638025000084/gme-form8xa.htm
0001326380-25-000092,2025-10-07,,424B2,projectgenesis-prospectuss.htm,424B2,https://www.sec.gov/Archives/edgar/data/1326380/000132638025000092/projectgenesis-prospectuss.htm
0001326380-25-000091,2025-10-07,2025-10-07,8-K,gme-20251007.htm,8-K,https://www.sec.gov/Archives/edgar/data/1326380/000132638025000091/gme-20251007.htm
0001326380-25-000098,2025-12-09,2025-11-01,10-Q,gme-20251101.htm,10-Q,https://www.sec.gov/Archives/edgar/data/1326380/000132638025000098/gme-20251101.htm
0001326380-25-000097,2025-12-09,2025-12-09,8-K,gme-20251209.htm,8-K,https://www.sec.gov/Archives/edgar/data/1326380/000132638025000097/gme-20251209.htm
0001981001-25-000015,2025-12-10,2025-12-09,4,xslF345X05/wk-form4_1765407408.xml,FORM 4,https://www.sec.gov/Archives/edgar/data/1326380/000198100125000015/xslF345X05/wk-form4_1765407408.xml
0001990547-25-000016,2025-12-29,2025-12-23,4,xslF345X05/wk-form4_1767062828.xml,FORM 4,https://www.sec.gov/Archives/edgar/data/1326380/000199054725000016/xslF345X05/wk-form4_1767062828.xml
0001981001-25-000017,2025-12-29,2025-12-23,4,xslF345X05/wk-form4_1767062711.xml,FORM 4,https://www.sec.gov/Archives/edgar/data/1326380/000198100125000017/xslF345X05/wk-form4_1767062711.xml
0001981001-26-000004,2026-01-06,2026-01-02,4,xslF345X05/wk-form4_1767746983.xml,FORM 4,https://www.sec.gov/Archives/edgar/data/1326380/000198100126000004/xslF345X05/wk-form4_1767746983.xml
0001990547-26-000005,2026-01-06,2026-01-02,4,xslF345X05/wk-form4_1767746965.xml,FORM 4,https://www.sec.gov/Archives/edgar/data/1326380/000199054726000005/xslF345X05/wk-form4_1767746965.xml
0001990547-26-000002,2026-01-06,,144,xsl144X01/primary_doc.xml,,https://www.sec.gov/Archives/edgar/data/1326380/000199054726000002/xsl144X01/primary_doc.xml
0001981001-26-000002,2026-01-06,,144,xsl144X01/primary_doc.xml,,https://www.sec.gov/Archives/edgar/data/1326380/000198100126000002/xsl144X01/primary_doc.xml
0001326380-26-000004,2026-01-07,2026-01-06,8-K,gme-20260106.htm,8-K,https://www.sec.gov/Archives/edgar/data/1326380/000132638026000004/gme-20260106.htm
0000921895-26-000062,2026-01-08,,SCHEDULE 13D/A,xslSCHEDULE_13D_X01/primary_doc.xml,,https://www.sec.gov/Archives/edgar/data/1326380/000092189526000062/xslSCHEDULE_13D_X01/primary_doc.xml
0001326380-26-000007,2026-01-08,2026-01-08,8-K,gme-20260108.htm,8-K,https://www.sec.gov/Archives/edgar/data/1326380/000132638026000007/gme-20260108.htm
0001981001-26-000007,2026-01-12,,144,xsl144X01/primary_doc.xml,,https://www.sec.gov/Archives/edgar/data/1326380/000198100126000007/xsl144X01/primary_doc.xml
0001981001-26-000010,2026-01-13,2026-01-12,4,xslF345X05/wk-form4_1768349337.xml,FORM 4,https://www.sec.gov/Archives/edgar/data/1326380/000198100126000010/xslF345X05/wk-form4_1768349337.xml
0001840485-26-000002,2026-01-20,2026-01-20,4,xslF345X05/wk-form4_1768952295.xml,FORM 4,https://www.sec.gov/Archives/edgar/data/1326380/000184048526000002/xslF345X05/wk-form4_1768952295.xml
0000921895-26-000106,2026-01-20,,SCHEDULE 13D/A,xslSCHEDULE_13D_X01/primary_doc.xml,,https://www.sec.gov/Archives/edgar/data/1326380/000092189526000106/xslSCHEDULE_13D_X01/primary_doc.xml
0001840485-26-000004,2026-01-21,2026-01-21,4,xslF345X05/wk-form4_1769038326.xml,FORM 4,https://www.sec.gov/Archives/edgar/data/1326380/000184048526000004/xslF345X05/wk-form4_1769038326.xml
0000921895-26-000120,2026-01-21,,SCHEDULE 13D/A,xslSCHEDULE_13D_X01/primary_doc.xml,,https://www.sec.gov/Archives/edgar/data/1326380/000092189526000120/xslSCHEDULE_13D_X01/primary_doc.xml
0000921895-26-000131,2026-01-22,2026-01-20,4,xslF345X05/form412128005_01222026.xml,OWNERSHIP DOCUMENT,https://www.sec.gov/Archives/edgar/data/1326380/000092189526000131/xslF345X05/form412128005_01222026.xml
0002063571-26-000001,2026-01-23,,SCHEDULE 13G/A,xslSCHEDULE_13G_X01/primary_doc.xml,,https://www.sec.gov/Archives/edgar/data/1326380/000206357126000001/xslSCHEDULE_13G_X01/primary_doc.xml
0001868288-26-000002,2026-01-26,2026-01-23,4,xslF345X05/wk-form4_1769436404.xml,FORM 4,https://www.sec.gov/Archives/edgar/data/1326380/000186828826000002/xslF345X05/wk-form4_1769436404.xml
