Datetime,Open,High,Low,Close,Volume
2025-10-08 09:30:00-04:00,2.25,5.99,2.25,3.88,209231
2025-10-08 09:35:00-04:00,3.87,4.79,3.8,4.2,292900
2025-10-08 09:40:00-04:00,4.24,4.25,3.9,4.07,257870
2025-10-08 09:45:00-04:00,4.08,4.65,4,4.39,308370
2025-10-08 09:50:00-04:00,4.39,4.39,4.01,4.02,224026
2025-10-08 09:55:00-04:00,4.04,4.09,3.8,3.84,259569
2025-10-08 10:00:00-04:00,3.84,4.03,3.77,4.02,178619
2025-10-08 10:05:00-04:00,4.02,4.09,3.95,4.06,157462
2025-10-08 10:10:00-04:00,4.06,4.08,3.97,4,69260
2025-10-08 10:15:00-04:00,3.98,3.98,3.88,3.92,264077
2025-10-08 10:20:00-04:00,3.94,3.96,3.9,3.92,67664
2025-10-08 10:25:00-04:00,3.91,3.93,3.75,3.79,184333
2025-10-08 10:30:00-04:00,3.8,3.8,3.78,3.78,103616
2025-10-08 10:35:00-04:00,3.78,3.79,3.78,3.78,87085
2025-10-08 10:40:00-04:00,3.78,3.79,3.75,3.78,140699
2025-10-08 10:45:00-04:00,3.77,3.78,3.75,3.78,144422
2025-10-08 10:50:00-04:00,3.78,3.8,3.74,3.78,108032
2025-10-08 10:55:00-04:00,3.78,3.79,3.76,3.78,100339
2025-10-08 11:00:00-04:00,3.78,3.87,3.77,3.86,112731
2025-10-08 11:05:00-04:00,3.86,3.92,3.84,3.87,53149
2025-10-08 11:10:00-04:00,3.88,3.88,3.8,3.84,56195
2025-10-08 11:15:00-04:00,3.84,3.88,3.8,3.84,74001
2025-10-08 11:20:00-04:00,3.84,3.9,3.8,3.81,70702
2025-10-08 11:25:00-04:00,3.82,3.87,3.8,3.85,31228
2025-10-08 11:30:00-04:00,3.85,3.87,3.83,3.85,63979
2025-10-08 11:35:00-04:00,3.85,3.86,3.85,3.85,36651
2025-10-08 11:40:00-04:00,3.85,3.86,3.8,3.84,56050
2025-10-08 11:45:00-04:00,3.85,3.87,3.84,3.86,27640
2025-10-08 11:50:00-04:00,3.87,3.88,3.86,3.87,34186
2025-10-08 11:55:00-04:00,3.87,3.92,3.85,3.86,82474
2025-10-08 12:00:00-04:00,3.86,3.86,3.83,3.84,36318
2025-10-08 12:05:00-04:00,3.83,3.84,3.8,3.81,29928
2025-10-08 12:10:00-04:00,3.83,3.86,3.81,3.85,48259
2025-10-08 12:15:00-04:00,3.85,3.85,3.8,3.81,54700
2025-10-08 12:20:00-04:00,3.8,3.87,3.8,3.8,52821
2025-10-08 12:25:00-04:00,3.8,3.82,3.75,3.76,37133
2025-10-08 12:30:00-04:00,3.78,3.81,3.77,3.8,32373
2025-10-08 12:35:00-04:00,3.81,3.82,3.78,3.78,61957
2025-10-08 12:40:00-04:00,3.8,3.82,3.78,3.8,46043
2025-10-08 12:45:00-04:00,3.8,3.8,3.76,3.78,32331
2025-10-08 12:50:00-04:00,3.78,3.8,3.75,3.79,40729
2025-10-08 12:55:00-04:00,3.79,3.8,3.78,3.79,20003
2025-10-08 13:00:00-04:00,3.79,3.82,3.78,3.82,53169
2025-10-08 13:05:00-04:00,3.82,3.82,3.8,3.82,60531
2025-10-08 13:10:00-04:00,3.81,3.82,3.77,3.81,82967
2025-10-08 13:15:00-04:00,3.82,3.82,3.79,3.79,28107
2025-10-08 13:20:00-04:00,3.79,3.79,3.72,3.72,37450
2025-10-08 13:25:00-04:00,3.74,3.75,3.71,3.74,24228
2025-10-08 13:30:00-04:00,3.72,3.75,3.72,3.75,45525
2025-10-08 13:35:00-04:00,3.73,3.77,3.73,3.76,24006
2025-10-08 13:40:00-04:00,3.77,3.8,3.76,3.79,18382
2025-10-08 13:45:00-04:00,3.79,3.79,3.78,3.79,20357
2025-10-08 13:50:00-04:00,3.79,3.82,3.78,3.81,56581
2025-10-08 13:55:00-04:00,3.81,3.81,3.78,3.81,28457
2025-10-08 14:00:00-04:00,3.81,3.82,3.79,3.81,21371
2025-10-08 14:05:00-04:00,3.8,3.82,3.8,3.82,24182
2025-10-08 14:10:00-04:00,3.8,3.83,3.79,3.8,244750
2025-10-08 14:15:00-04:00,3.8,3.82,3.79,3.8,115008
2025-10-08 14:20:00-04:00,3.8,3.82,3.79,3.8,56268
2025-10-08 14:25:00-04:00,3.8,3.82,3.79,3.8,72055
2025-10-08 14:30:00-04:00,3.8,3.8,3.74,3.78,71446
2025-10-08 14:35:00-04:00,3.76,3.77,3.72,3.72,49442
2025-10-08 14:40:00-04:00,3.73,3.73,3.69,3.72,43998
2025-10-08 14:45:00-04:00,3.72,3.72,3.65,3.66,54857
2025-10-08 14:50:00-04:00,3.67,3.73,3.66,3.72,94569
2025-10-08 14:55:00-04:00,3.72,3.72,3.68,3.68,80641
2025-10-08 15:00:00-04:00,3.7,3.72,3.6,3.6,86687
2025-10-08 15:05:00-04:00,3.63,3.63,3.6,3.61,70357
2025-10-08 15:10:00-04:00,3.61,3.61,3.59,3.61,92586
2025-10-08 15:15:00-04:00,3.6,3.6,3.55,3.58,92221
2025-10-08 15:20:00-04:00,3.59,3.59,3.49,3.51,205029
2025-10-08 15:25:00-04:00,3.5,3.56,3.4,3.45,97454
2025-10-08 15:30:00-04:00,3.46,3.5,3.41,3.44,86299
2025-10-08 15:35:00-04:00,3.46,3.48,3.4,3.48,84648
2025-10-08 15:40:00-04:00,3.48,3.49,3.41,3.46,91137
2025-10-08 15:45:00-04:00,3.43,3.51,3.41,3.48,100737
2025-10-08 15:50:00-04:00,3.46,3.51,3.3,3.33,102739
2025-10-08 15:55:00-04:00,3.34,3.48,3.03,3.05,268394
2025-10-09 09:30:00-04:00,3.7,3.7,3.5,3.56,234607
2025-10-09 09:35:00-04:00,3.54,3.58,3.51,3.54,69621
2025-10-09 09:40:00-04:00,3.53,3.55,3.48,3.48,107917
2025-10-09 09:45:00-04:00,3.5,3.55,3.5,3.53,86925
2025-10-09 09:50:00-04:00,3.54,3.54,3.5,3.51,84660
2025-10-09 09:55:00-04:00,3.5,3.53,3.49,3.52,66948
2025-10-09 10:00:00-04:00,3.52,3.52,3.45,3.45,65849
2025-10-09 10:05:00-04:00,3.47,3.52,3.45,3.51,54214
2025-10-09 10:10:00-04:00,3.52,3.52,3.48,3.49,32940
2025-10-09 10:15:00-04:00,3.48,3.5,3.47,3.49,42340
2025-10-09 10:20:00-04:00,3.48,3.53,3.48,3.53,73004
2025-10-09 10:25:00-04:00,3.52,3.53,3.48,3.48,53191
2025-10-09 10:30:00-04:00,3.51,3.51,3.47,3.51,44042
2025-10-09 10:35:00-04:00,3.47,3.5,3.44,3.46,28125
2025-10-09 10:40:00-04:00,3.44,3.47,3.42,3.46,36084
2025-10-09 10:45:00-04:00,3.46,3.51,3.46,3.5,31746
2025-10-09 10:50:00-04:00,3.5,3.52,3.49,3.51,31762
2025-10-09 10:55:00-04:00,3.52,3.53,3.51,3.53,39771
2025-10-09 11:00:00-04:00,3.52,3.54,3.5,3.5,36661
2025-10-09 11:05:00-04:00,3.51,3.52,3.5,3.51,17408
2025-10-09 11:10:00-04:00,3.51,3.53,3.51,3.53,39344
2025-10-09 11:15:00-04:00,3.53,3.53,3.46,3.46,65300
2025-10-09 11:20:00-04:00,3.45,3.51,3.38,3.38,62479
2025-10-09 11:25:00-04:00,3.4,3.41,3.32,3.32,64401
2025-10-09 11:30:00-04:00,3.32,3.35,3.3,3.3,72895
2025-10-09 11:35:00-04:00,3.3,3.33,3.28,3.28,68965
2025-10-09 11:40:00-04:00,3.28,3.34,3.25,3.25,103402
2025-10-09 11:45:00-04:00,3.25,3.27,3.21,3.21,60295
2025-10-09 11:50:00-04:00,3.2,3.27,3.2,3.2,60550
2025-10-09 11:55:00-04:00,3.21,3.22,3.17,3.17,67169
2025-10-09 12:00:00-04:00,3.17,3.18,3.11,3.14,80438
2025-10-09 12:05:00-04:00,3.15,3.17,3.12,3.14,69509
2025-10-09 12:10:00-04:00,3.12,3.13,3.1,3.1,61711
2025-10-09 12:15:00-04:00,3.1,3.12,3.1,3.11,74479
2025-10-09 12:20:00-04:00,3.1,3.11,3.1,3.11,73453
2025-10-09 12:25:00-04:00,3.1,3.11,3.1,3.11,77788
2025-10-09 12:30:00-04:00,3.1,3.12,3.1,3.12,65390
2025-10-09 12:35:00-04:00,3.12,3.14,3.11,3.13,63784
2025-10-09 12:40:00-04:00,3.12,3.14,3.12,3.14,83349
2025-10-09 12:45:00-04:00,3.14,3.16,3.13,3.15,87910
2025-10-09 12:50:00-04:00,3.15,3.16,3.08,3.09,115138
2025-10-09 12:55:00-04:00,3.08,3.08,3.07,3.07,113873
2025-10-09 13:00:00-04:00,3.07,3.08,3.01,3.04,74457
2025-10-09 13:05:00-04:00,3.01,3.12,3,3.02,100596
2025-10-09 13:10:00-04:00,3.05,3.13,3.01,3.13,164615
2025-10-09 13:15:00-04:00,3.14,3.15,3.05,3.12,76512
2025-10-09 13:20:00-04:00,3.05,3.13,3.04,3.09,106282
2025-10-09 13:25:00-04:00,3.09,3.1,3.05,3.1,92372
2025-10-09 13:30:00-04:00,3.1,3.11,3,3.06,90100
2025-10-09 13:35:00-04:00,3.06,3.07,3,3,62338
2025-10-09 13:40:00-04:00,3,3.07,3,3.05,81796
2025-10-09 13:45:00-04:00,3.06,3.06,2.91,2.93,85844
2025-10-09 13:50:00-04:00,2.93,3.02,2.93,3.02,83758
2025-10-09 13:55:00-04:00,3.02,3.07,3,3.02,77007
2025-10-09 14:00:00-04:00,3.04,3.08,3,3.01,60414
2025-10-09 14:05:00-04:00,3.02,3.06,3,3,63308
2025-10-09 14:10:00-04:00,3,3.04,3,3.03,94647
2025-10-09 14:15:00-04:00,3.01,3.03,3,3,56049
2025-10-09 14:20:00-04:00,2.99,3.03,2.99,3.02,81100
2025-10-09 14:25:00-04:00,3.02,3.03,2.98,3,89905
2025-10-09 14:30:00-04:00,3,3.03,2.99,3.02,100038
2025-10-09 14:35:00-04:00,3.02,3.03,3,3.02,137614
2025-10-09 14:40:00-04:00,3.02,3.04,3,3.01,82793
2025-10-09 14:45:00-04:00,3.01,3.04,3,3.01,60699
2025-10-09 14:50:00-04:00,3.01,3.04,3.01,3.02,71817
2025-10-09 14:55:00-04:00,3.02,3.04,3.01,3.01,80620
2025-10-09 15:00:00-04:00,3.02,3.03,3.01,3.03,80381
2025-10-09 15:05:00-04:00,3.03,3.03,3.01,3.02,56504
2025-10-09 15:10:00-04:00,3.02,3.05,3.02,3.05,74311
2025-10-09 15:15:00-04:00,3.05,3.08,3.05,3.06,89850
2025-10-09 15:20:00-04:00,3.06,3.07,3.01,3.03,68475
2025-10-09 15:25:00-04:00,3.03,3.03,3,3.01,60638
2025-10-09 15:30:00-04:00,3.01,3.02,2.98,3.02,86114
2025-10-09 15:35:00-04:00,3.01,3.01,2.99,2.99,102940
2025-10-09 15:40:00-04:00,2.98,3.01,2.97,2.99,238015
2025-10-09 15:45:00-04:00,3,3,2.94,2.95,209650
2025-10-09 15:50:00-04:00,2.95,3,2.95,2.98,139546
2025-10-09 15:55:00-04:00,2.99,3,2.96,3,294677
2025-10-10 09:30:00-04:00,3.11,3.2,3.1,3.12,121001
2025-10-10 09:35:00-04:00,3.16,3.2,3.12,3.12,128074
2025-10-10 09:40:00-04:00,3.14,3.16,3.07,3.1,108448
2025-10-10 09:45:00-04:00,3.09,3.14,3.07,3.11,58627
2025-10-10 09:50:00-04:00,3.11,3.12,3.05,3.07,131305
2025-10-10 09:55:00-04:00,3.05,3.08,3.05,3.06,50961
2025-10-10 10:00:00-04:00,3.06,3.07,3.05,3.07,99898
2025-10-10 10:05:00-04:00,3.06,3.07,3.06,3.06,81611
2025-10-10 10:10:00-04:00,3.06,3.07,3.05,3.05,29604
2025-10-10 10:15:00-04:00,3.05,3.06,3.05,3.05,37375
2025-10-10 10:20:00-04:00,3.06,3.12,3.05,3.07,114256
2025-10-10 10:25:00-04:00,3.06,3.07,3.05,3.07,66340
2025-10-10 10:30:00-04:00,3.06,3.07,3.05,3.05,35794
2025-10-10 10:35:00-04:00,3.05,3.06,3.05,3.05,55416
2025-10-10 10:40:00-04:00,3.06,3.06,3.03,3.03,23609
2025-10-10 10:45:00-04:00,3.04,3.06,3.03,3.05,46297
2025-10-10 10:50:00-04:00,3.05,3.08,3.04,3.05,80079
2025-10-10 10:55:00-04:00,3.05,3.06,3.01,3.01,54734
2025-10-10 11:00:00-04:00,3.01,3.02,2.95,2.97,73673
2025-10-10 11:05:00-04:00,2.95,2.97,2.93,2.97,39825
2025-10-10 11:10:00-04:00,2.94,2.97,2.94,2.96,30064
2025-10-10 11:15:00-04:00,2.97,2.97,2.91,2.94,40383
2025-10-10 11:20:00-04:00,2.93,2.94,2.91,2.93,53024
2025-10-10 11:25:00-04:00,2.94,2.95,2.91,2.91,55004
2025-10-10 11:30:00-04:00,2.91,2.92,2.87,2.87,68673
2025-10-10 11:35:00-04:00,2.87,2.91,2.85,2.86,46527
2025-10-10 11:40:00-04:00,2.86,2.9,2.85,2.88,69091
2025-10-10 11:45:00-04:00,2.86,2.95,2.86,2.93,48061
2025-10-10 11:50:00-04:00,2.93,2.98,2.92,2.98,34770
2025-10-10 11:55:00-04:00,2.95,2.98,2.92,2.95,35469
2025-10-10 12:00:00-04:00,2.95,2.97,2.92,2.97,25858
2025-10-10 12:05:00-04:00,2.95,2.98,2.94,2.94,26898
2025-10-10 12:10:00-04:00,2.94,2.99,2.94,2.96,30408
2025-10-10 12:15:00-04:00,2.98,2.99,2.96,2.98,27589
2025-10-10 12:20:00-04:00,2.98,2.98,2.96,2.96,34555
2025-10-10 12:25:00-04:00,2.98,3,2.98,3,28559
2025-10-10 12:30:00-04:00,3,3.04,2.99,3.04,79942
2025-10-10 12:35:00-04:00,3.04,3.07,2.96,2.96,31968
2025-10-10 12:40:00-04:00,2.96,2.99,2.95,2.95,35172
2025-10-10 12:45:00-04:00,2.95,2.97,2.95,2.95,28853
2025-10-10 12:50:00-04:00,2.95,2.96,2.9,2.91,49077
2025-10-10 12:55:00-04:00,2.91,2.91,2.88,2.88,41159
2025-10-10 13:00:00-04:00,2.88,2.89,2.85,2.86,48199
2025-10-10 13:05:00-04:00,2.86,2.91,2.86,2.88,95039
2025-10-10 13:10:00-04:00,2.88,3,2.86,2.97,49631
2025-10-10 13:15:00-04:00,2.96,3,2.89,2.89,54072
2025-10-10 13:20:00-04:00,2.9,2.95,2.9,2.95,19948
2025-10-10 13:25:00-04:00,2.94,2.97,2.91,2.94,37562
2025-10-10 13:30:00-04:00,2.94,2.98,2.91,2.92,89512
2025-10-10 13:35:00-04:00,2.94,2.94,2.89,2.91,30204
2025-10-10 13:40:00-04:00,2.92,2.92,2.89,2.9,14854
2025-10-10 13:45:00-04:00,2.9,2.9,2.88,2.88,13344
2025-10-10 13:50:00-04:00,2.89,2.91,2.88,2.88,14483
2025-10-10 13:55:00-04:00,2.88,2.9,2.88,2.9,16471
2025-10-10 14:00:00-04:00,2.9,2.91,2.89,2.91,24939
2025-10-10 14:05:00-04:00,2.91,2.92,2.89,2.89,46333
2025-10-10 14:10:00-04:00,2.89,2.9,2.89,2.89,24139
2025-10-10 14:15:00-04:00,2.89,2.9,2.88,2.9,40139
2025-10-10 14:20:00-04:00,2.9,3,2.9,2.91,48664
2025-10-10 14:25:00-04:00,2.91,2.91,2.88,2.88,86457
2025-10-10 14:30:00-04:00,2.87,2.92,2.87,2.92,71427
2025-10-10 14:35:00-04:00,2.92,2.92,2.87,2.9,184844
2025-10-10 14:40:00-04:00,2.91,2.92,2.9,2.9,133926
2025-10-10 14:45:00-04:00,2.91,2.92,2.91,2.92,23868
2025-10-10 14:50:00-04:00,2.91,2.92,2.91,2.91,25024
2025-10-10 14:55:00-04:00,2.91,2.94,2.91,2.91,42864
2025-10-10 15:00:00-04:00,2.91,2.92,2.89,2.9,28998
2025-10-10 15:05:00-04:00,2.91,2.96,2.9,2.96,32329
2025-10-10 15:10:00-04:00,2.95,2.96,2.88,2.9,91928
2025-10-10 15:15:00-04:00,2.9,2.9,2.87,2.89,42176
2025-10-10 15:20:00-04:00,2.9,2.91,2.89,2.91,32659
2025-10-10 15:25:00-04:00,2.91,2.91,2.89,2.89,27182
2025-10-10 15:30:00-04:00,2.89,2.92,2.89,2.91,40462
2025-10-10 15:35:00-04:00,2.9,2.91,2.89,2.89,39308
2025-10-10 15:40:00-04:00,2.89,2.91,2.89,2.9,56694
2025-10-10 15:45:00-04:00,2.91,2.91,2.88,2.9,65796
2025-10-10 15:50:00-04:00,2.89,2.95,2.89,2.95,26041
2025-10-10 15:55:00-04:00,2.95,2.95,2.89,2.91,59036
2025-10-13 09:30:00-04:00,3.14,3.15,3.06,3.14,56402
2025-10-13 09:35:00-04:00,3.14,3.15,3.1,3.14,44039
2025-10-13 09:40:00-04:00,3.13,3.15,3.06,3.06,36867
2025-10-13 09:45:00-04:00,3.1,3.1,3.05,3.05,36730
2025-10-13 09:50:00-04:00,3.06,3.1,3.05,3.05,36335
2025-10-13 09:55:00-04:00,3.05,3.08,3.05,3.07,14477
2025-10-13 10:00:00-04:00,3.07,3.1,3.05,3.05,34046
2025-10-13 10:05:00-04:00,3.05,3.08,3.05,3.05,13126
2025-10-13 10:10:00-04:00,3.05,3.07,3,3.01,37040
2025-10-13 10:15:00-04:00,3,3.02,3,3.01,32214
2025-10-13 10:20:00-04:00,3,3.01,2.96,2.98,78798
2025-10-13 10:25:00-04:00,2.97,2.98,2.94,2.96,19514
2025-10-13 10:30:00-04:00,2.95,2.97,2.86,2.87,51373
2025-10-13 10:35:00-04:00,2.87,2.97,2.87,2.88,70729
2025-10-13 10:40:00-04:00,2.89,2.9,2.88,2.89,23324
2025-10-13 10:45:00-04:00,2.89,2.9,2.86,2.87,23761
2025-10-13 10:50:00-04:00,2.88,2.88,2.85,2.85,64770
2025-10-13 10:55:00-04:00,2.85,2.87,2.82,2.86,28376
2025-10-13 11:00:00-04:00,2.87,2.87,2.85,2.86,14305
2025-10-13 11:05:00-04:00,2.87,2.92,2.86,2.88,32194
2025-10-13 11:10:00-04:00,2.86,3.01,2.86,2.91,66825
2025-10-13 11:15:00-04:00,2.99,3,2.91,2.93,22930
2025-10-13 11:20:00-04:00,2.95,2.98,2.93,2.97,32216
2025-10-13 11:25:00-04:00,2.97,2.98,2.92,2.96,36558
2025-10-13 11:30:00-04:00,2.95,2.96,2.94,2.96,17900
2025-10-13 11:35:00-04:00,2.96,2.96,2.91,2.94,14098
2025-10-13 11:40:00-04:00,2.92,2.94,2.89,2.91,9090
2025-10-13 11:45:00-04:00,2.9,2.92,2.9,2.91,13340
2025-10-13 11:50:00-04:00,2.91,2.92,2.9,2.92,11099
2025-10-13 11:55:00-04:00,2.92,2.93,2.9,2.9,22470
2025-10-13 12:00:00-04:00,2.9,2.92,2.9,2.92,10696
2025-10-13 12:05:00-04:00,2.91,2.92,2.88,2.88,13195
2025-10-13 12:10:00-04:00,2.88,2.9,2.87,2.9,16837
2025-10-13 12:15:00-04:00,2.88,2.9,2.87,2.88,20900
2025-10-13 12:20:00-04:00,2.88,2.89,2.88,2.88,16968
2025-10-13 12:25:00-04:00,2.87,2.88,2.87,2.88,4427
2025-10-13 12:30:00-04:00,2.86,2.92,2.86,2.9,47721
2025-10-13 12:35:00-04:00,2.91,2.92,2.9,2.91,19238
2025-10-13 12:40:00-04:00,2.91,2.94,2.9,2.93,16325
2025-10-13 12:45:00-04:00,2.91,3,2.9,2.93,46370
2025-10-13 12:50:00-04:00,2.94,3,2.94,2.97,28178
2025-10-13 12:55:00-04:00,2.95,3,2.95,2.98,20188
2025-10-13 13:00:00-04:00,2.99,3,2.99,2.99,21300
2025-10-13 13:05:00-04:00,3,3,2.93,2.94,34062
2025-10-13 13:10:00-04:00,2.97,3,2.96,2.96,11920
2025-10-13 13:15:00-04:00,2.98,3.05,2.95,3.02,72628
2025-10-13 13:20:00-04:00,3.02,3.04,2.99,3.02,7213
2025-10-13 13:25:00-04:00,3.02,3.02,2.95,2.95,5324
2025-10-13 13:30:00-04:00,2.95,3,2.92,2.92,10021
2025-10-13 13:35:00-04:00,2.92,2.93,2.9,2.9,17643
2025-10-13 13:40:00-04:00,2.9,2.91,2.87,2.87,30851
2025-10-13 13:45:00-04:00,2.87,2.88,2.85,2.86,30919
2025-10-13 13:50:00-04:00,2.85,2.88,2.85,2.88,46642
2025-10-13 13:55:00-04:00,2.88,2.88,2.85,2.87,16107
2025-10-13 14:00:00-04:00,2.87,2.9,2.86,2.89,15520
2025-10-13 14:05:00-04:00,2.89,2.89,2.87,2.87,18464
2025-10-13 14:10:00-04:00,2.86,2.88,2.85,2.88,28894
2025-10-13 14:15:00-04:00,2.87,2.91,2.87,2.88,25756
2025-10-13 14:20:00-04:00,2.88,2.91,2.88,2.9,10238
2025-10-13 14:25:00-04:00,2.91,2.94,2.89,2.93,30554
2025-10-13 14:30:00-04:00,2.94,2.94,2.91,2.93,13800
2025-10-13 14:35:00-04:00,2.93,2.96,2.93,2.94,2943
2025-10-13 14:40:00-04:00,2.94,2.95,2.94,2.95,4469
2025-10-13 14:45:00-04:00,2.94,2.95,2.91,2.94,12295
2025-10-13 14:50:00-04:00,2.94,2.98,2.93,2.93,12166
2025-10-13 14:55:00-04:00,2.96,2.99,2.93,2.99,14822
2025-10-13 15:00:00-04:00,2.99,2.99,2.97,2.98,17855
2025-10-13 15:05:00-04:00,2.98,3,2.97,2.99,14250
2025-10-13 15:10:00-04:00,3,3.01,2.99,2.99,19528
2025-10-13 15:15:00-04:00,3.01,3.01,2.99,2.99,13668
2025-10-13 15:20:00-04:00,3,3,2.95,2.96,16097
2025-10-13 15:25:00-04:00,2.96,2.97,2.96,2.97,2260
2025-10-13 15:30:00-04:00,2.97,2.99,2.97,2.97,4409
2025-10-13 15:35:00-04:00,2.97,3,2.97,3,8116
2025-10-13 15:40:00-04:00,2.99,3,2.98,2.99,18946
2025-10-13 15:45:00-04:00,3,3.05,2.98,3.04,37078
2025-10-13 15:50:00-04:00,3.05,3.06,3.03,3.04,29238
2025-10-13 15:55:00-04:00,3.04,3.04,3,3,37175
2025-10-14 09:30:00-04:00,3.1,3.1,2.95,2.96,58765
2025-10-14 09:35:00-04:00,2.94,2.95,2.91,2.95,36358
2025-10-14 09:40:00-04:00,2.94,3.02,2.93,3.02,27264
2025-10-14 09:45:00-04:00,3.01,3.05,2.98,3.01,26801
2025-10-14 09:50:00-04:00,3.01,3.02,2.97,3,30126
2025-10-14 09:55:00-04:00,3,3.02,3,3,3113
2025-10-14 10:00:00-04:00,3,3.02,3,3.01,13325
2025-10-14 10:05:00-04:00,3.01,3.06,3.01,3.05,22957
2025-10-14 10:10:00-04:00,3.05,3.1,3.04,3.08,32123
2025-10-14 10:15:00-04:00,3.06,3.08,3.05,3.07,4847
2025-10-14 10:20:00-04:00,3.08,3.09,3.06,3.08,11912
2025-10-14 10:25:00-04:00,3.08,3.08,3,3.01,8913
2025-10-14 10:30:00-04:00,3.01,3.03,3,3.03,25636
2025-10-14 10:35:00-04:00,3.02,3.03,3.01,3.03,8888
2025-10-14 10:40:00-04:00,3.02,3.04,3.02,3.03,13380
2025-10-14 10:45:00-04:00,3.03,3.03,3,3.02,10691
2025-10-14 10:50:00-04:00,3.02,3.03,3.02,3.02,4855
2025-10-14 10:55:00-04:00,3.03,3.03,3,3.03,42492
2025-10-14 11:00:00-04:00,3.03,3.03,2.99,3,17562
2025-10-14 11:05:00-04:00,3,3,2.99,2.99,8451
2025-10-14 11:10:00-04:00,2.99,3,2.95,2.97,10684
2025-10-14 11:15:00-04:00,2.99,3,2.96,2.97,7953
2025-10-14 11:20:00-04:00,2.98,3,2.96,2.99,3639
2025-10-14 11:25:00-04:00,2.97,3,2.97,2.99,2755
2025-10-14 11:30:00-04:00,3,3,2.99,3,4962
2025-10-14 11:35:00-04:00,3.01,3.02,2.99,3.02,6788
2025-10-14 11:40:00-04:00,3.01,3.01,2.99,3.01,8604
2025-10-14 11:45:00-04:00,3.02,3.02,3,3.01,7906
2025-10-14 11:50:00-04:00,3.01,3.01,2.99,3,10096
2025-10-14 11:55:00-04:00,3,3.02,2.99,3.02,20844
2025-10-14 12:00:00-04:00,3.02,3.02,3,3,7378
2025-10-14 12:05:00-04:00,3.02,3.02,2.99,3.02,5047
2025-10-14 12:10:00-04:00,3,3.01,3,3.01,5509
2025-10-14 12:15:00-04:00,3.02,3.04,3,3.02,16417
2025-10-14 12:20:00-04:00,3.03,3.05,3.02,3.04,19428
2025-10-14 12:25:00-04:00,3.05,3.06,3.05,3.06,9709
2025-10-14 12:30:00-04:00,3.05,3.06,3.05,3.06,3590
2025-10-14 12:35:00-04:00,3.06,3.06,3.04,3.04,7696
2025-10-14 12:40:00-04:00,3.06,3.1,3.04,3.1,22015
2025-10-14 12:45:00-04:00,3.08,3.1,3.03,3.06,35710
2025-10-14 12:50:00-04:00,3.06,3.09,3.05,3.08,49653
2025-10-14 12:55:00-04:00,3.06,3.08,3.06,3.07,5299
2025-10-14 13:00:00-04:00,3.06,3.07,3.03,3.07,2596
2025-10-14 13:05:00-04:00,3.05,3.05,3.03,3.03,1722
2025-10-14 13:10:00-04:00,3.06,3.07,3.04,3.05,2813
2025-10-14 13:15:00-04:00,3.05,3.1,3.05,3.07,34744
2025-10-14 13:20:00-04:00,3.08,3.09,3.05,3.07,18458
2025-10-14 13:25:00-04:00,3.06,3.06,3.05,3.05,5930
2025-10-14 13:30:00-04:00,3.05,3.07,3.03,3.07,7991
2025-10-14 13:35:00-04:00,3.06,3.07,3.03,3.03,3404
2025-10-14 13:40:00-04:00,3.05,3.08,3.03,3.06,2121
2025-10-14 13:45:00-04:00,3.05,3.06,3.02,3.05,6194
2025-10-14 13:50:00-04:00,3.06,3.06,3.03,3.03,2854
2025-10-14 13:55:00-04:00,3.04,3.05,3.02,3.03,10142
2025-10-14 14:00:00-04:00,3.02,3.02,3,3,9223
2025-10-14 14:05:00-04:00,3.01,3.02,3,3.01,11011
2025-10-14 14:10:00-04:00,3,3.03,2.99,3.01,42079
2025-10-14 14:15:00-04:00,3,3.02,3,3.01,5865
2025-10-14 14:20:00-04:00,3.01,3.03,3,3.01,11227
2025-10-14 14:25:00-04:00,3.01,3.01,3,3.01,6143
2025-10-14 14:30:00-04:00,3,3.09,3,3.07,14320
2025-10-14 14:35:00-04:00,3.08,3.08,3.04,3.04,9368
2025-10-14 14:40:00-04:00,3.05,3.06,3.01,3.04,13678
2025-10-14 14:45:00-04:00,3.01,3.06,3.01,3.04,5024
2025-10-14 14:50:00-04:00,3.06,3.06,3.05,3.05,2488
2025-10-14 14:55:00-04:00,3.05,3.08,3.04,3.06,20109
2025-10-14 15:00:00-04:00,3.08,3.08,3.03,3.03,3074
2025-10-14 15:05:00-04:00,3.04,3.05,3.02,3.04,4856
2025-10-14 15:10:00-04:00,3.04,3.04,3.02,3.04,1657
2025-10-14 15:15:00-04:00,3.04,3.05,3.02,3.04,9517
2025-10-14 15:20:00-04:00,3.03,3.05,3.02,3.05,11492
2025-10-14 15:25:00-04:00,3.05,3.06,3,3.05,40443
2025-10-14 15:30:00-04:00,3.04,3.06,3.02,3.03,6050
2025-10-14 15:35:00-04:00,3.03,3.03,2.99,3,17852
2025-10-14 15:40:00-04:00,3.01,3.01,2.99,3,10295
2025-10-14 15:45:00-04:00,2.99,3,2.99,3,11080
2025-10-14 15:50:00-04:00,2.99,3,2.99,3,5434
2025-10-14 15:55:00-04:00,2.99,3,2.99,3,23751
2025-10-15 09:30:00-04:00,3.09,3.09,3,3.01,16329
2025-10-15 09:35:00-04:00,3.02,3.04,3,3.02,45588
2025-10-15 09:40:00-04:00,3.02,3.04,3.02,3.03,9997
2025-10-15 09:45:00-04:00,3.02,3.04,3.02,3.03,44895
2025-10-15 09:50:00-04:00,3.04,3.04,3.03,3.03,16172
2025-10-15 09:55:00-04:00,3.03,3.04,3.02,3.04,15529
2025-10-15 10:00:00-04:00,3.03,3.04,3.02,3.02,11118
2025-10-15 10:05:00-04:00,3.02,3.03,3,3.01,15105
2025-10-15 10:10:00-04:00,3.01,3.01,2.98,3,33938
2025-10-15 10:15:00-04:00,3,3.01,2.98,3,40960
2025-10-15 10:20:00-04:00,2.99,3.01,2.98,3.01,52424
2025-10-15 10:25:00-04:00,3.01,3.02,3,3,10379
2025-10-15 10:30:00-04:00,3,3.02,2.97,3.02,33627
2025-10-15 10:35:00-04:00,3.01,3.02,3,3,5536
2025-10-15 10:40:00-04:00,3,3.01,3,3.01,5329
2025-10-15 10:45:00-04:00,3,3.02,3,3.02,14990
2025-10-15 10:50:00-04:00,3.01,3.02,3,3.01,15511
2025-10-15 10:55:00-04:00,3.01,3.02,3.01,3.02,2735
2025-10-15 11:00:00-04:00,3.01,3.02,3.01,3.01,6955
2025-10-15 11:05:00-04:00,3.02,3.02,3.01,3.02,4515
2025-10-15 11:10:00-04:00,3.02,3.02,3,3.01,24514
2025-10-15 11:15:00-04:00,3.02,3.02,3.01,3.01,10941
2025-10-15 11:20:00-04:00,3,3.01,3,3.01,18089
2025-10-15 11:25:00-04:00,3,3.01,3,3,3458
2025-10-15 11:30:00-04:00,3,3.01,3,3,3009
2025-10-15 11:35:00-04:00,3.01,3.01,3,3.01,5119
2025-10-15 11:40:00-04:00,3,3.01,3,3,33851
2025-10-15 11:45:00-04:00,3,3.01,3,3.01,7807
2025-10-15 11:50:00-04:00,3,3.01,3,3,10441
2025-10-15 11:55:00-04:00,3.01,3.01,3,3,12490
2025-10-15 12:00:00-04:00,3.01,3.01,3,3.01,33070
2025-10-15 12:05:00-04:00,3,3.01,3,3,1552
2025-10-15 12:10:00-04:00,3.01,3.01,3,3.01,1827
2025-10-15 12:15:00-04:00,3,3.03,3,3.02,88348
2025-10-15 12:20:00-04:00,3.01,3.03,3.01,3.01,9253
2025-10-15 12:25:00-04:00,3.02,3.03,3.01,3.01,8220
2025-10-15 12:30:00-04:00,3.02,3.02,3.01,3.01,8316
2025-10-15 12:35:00-04:00,3.02,3.03,3,3,15088
2025-10-15 12:40:00-04:00,3.01,3.01,3,3.01,4225
2025-10-15 12:45:00-04:00,3,3.01,3,3.01,18744
2025-10-15 12:50:00-04:00,3,3.01,3,3,2874
2025-10-15 12:55:00-04:00,3,3.01,3,3,3241
2025-10-15 13:00:00-04:00,3.01,3.01,2.99,3,44044
2025-10-15 13:05:00-04:00,2.99,3,2.97,2.97,2177
2025-10-15 13:10:00-04:00,2.97,2.98,2.96,2.96,4541
2025-10-15 13:15:00-04:00,2.96,2.97,2.95,2.95,12125
2025-10-15 13:20:00-04:00,2.95,2.96,2.92,2.94,4403
2025-10-15 13:25:00-04:00,2.92,2.96,2.92,2.94,7654
2025-10-15 13:30:00-04:00,2.95,2.95,2.92,2.94,10461
2025-10-15 13:35:00-04:00,2.95,2.95,2.93,2.95,6816
2025-10-15 13:40:00-04:00,2.95,2.96,2.95,2.95,4270
2025-10-15 13:45:00-04:00,2.96,2.97,2.95,2.96,6942
2025-10-15 13:50:00-04:00,2.97,2.98,2.97,2.98,8869
2025-10-15 13:55:00-04:00,2.98,2.99,2.95,2.99,14810
2025-10-15 14:00:00-04:00,2.98,2.99,2.95,2.98,5581
2025-10-15 14:05:00-04:00,2.98,2.98,2.94,2.94,1052
2025-10-15 14:10:00-04:00,2.96,2.97,2.95,2.97,2993
2025-10-15 14:15:00-04:00,2.97,2.98,2.96,2.97,4694
2025-10-15 14:20:00-04:00,2.98,2.98,2.95,2.95,20066
2025-10-15 14:25:00-04:00,2.96,2.97,2.95,2.97,22161
2025-10-15 14:30:00-04:00,2.98,2.99,2.97,2.99,5456
2025-10-15 14:35:00-04:00,2.99,3,2.98,2.98,5914
2025-10-15 14:40:00-04:00,2.99,2.99,2.96,2.96,443
2025-10-15 14:45:00-04:00,2.98,2.98,2.95,2.95,1210
2025-10-15 14:50:00-04:00,2.98,2.99,2.96,2.97,2871
2025-10-15 14:55:00-04:00,2.97,2.99,2.96,2.98,1333
2025-10-15 15:00:00-04:00,2.96,2.99,2.95,2.99,6063
2025-10-15 15:05:00-04:00,2.96,2.99,2.96,2.99,15410
2025-10-15 15:10:00-04:00,2.98,2.98,2.97,2.98,4335
2025-10-15 15:15:00-04:00,2.98,2.99,2.98,2.99,3027
2025-10-15 15:20:00-04:00,2.99,2.99,2.97,2.98,22913
2025-10-15 15:25:00-04:00,2.95,2.98,2.95,2.97,3257
2025-10-15 15:30:00-04:00,2.95,2.99,2.95,2.95,7969
2025-10-15 15:35:00-04:00,2.97,3,2.95,3,4702
2025-10-15 15:40:00-04:00,2.97,2.99,2.95,2.98,1540
2025-10-15 15:45:00-04:00,2.98,2.99,2.95,2.99,8764
2025-10-15 15:50:00-04:00,2.99,3,2.98,2.98,71572
2025-10-15 15:55:00-04:00,2.99,3,2.93,2.96,13830
2025-10-16 09:30:00-04:00,3,3.04,2.99,2.99,33790
2025-10-16 09:35:00-04:00,2.99,3.02,2.99,3,13901
2025-10-16 09:40:00-04:00,3.02,3.02,2.99,3,8668
2025-10-16 09:45:00-04:00,3,3.01,2.99,3.01,23054
2025-10-16 09:50:00-04:00,3.01,3.01,2.97,2.99,20356
2025-10-16 09:55:00-04:00,3,3.01,2.99,3.01,5870
2025-10-16 10:00:00-04:00,3,3,2.94,2.94,18647
2025-10-16 10:05:00-04:00,2.94,2.95,2.91,2.95,21694
2025-10-16 10:10:00-04:00,2.95,2.95,2.93,2.95,8267
2025-10-16 10:15:00-04:00,2.95,2.95,2.94,2.95,7177
2025-10-16 10:20:00-04:00,2.95,3,2.94,2.97,25941
2025-10-16 10:25:00-04:00,2.96,2.97,2.95,2.97,6539
2025-10-16 10:30:00-04:00,2.97,2.98,2.96,2.98,5473
2025-10-16 10:35:00-04:00,3,3,2.96,3,18278
2025-10-16 10:40:00-04:00,3,3,2.99,3,5032
2025-10-16 10:45:00-04:00,3,3,2.99,2.99,13228
2025-10-16 10:50:00-04:00,3,3,2.99,3,32947
2025-10-16 10:55:00-04:00,3,3,2.99,2.99,1703
2025-10-16 11:00:00-04:00,2.99,3,2.99,2.99,1286
2025-10-16 11:05:00-04:00,2.99,3,2.95,2.95,2871
2025-10-16 11:10:00-04:00,3,3,2.95,3,3071
2025-10-16 11:15:00-04:00,3,3.02,2.99,2.99,24985
2025-10-16 11:20:00-04:00,2.99,3,2.99,3,20083
2025-10-16 11:25:00-04:00,2.99,3,2.99,2.99,4821
2025-10-16 11:30:00-04:00,3,3,2.99,3,3451
2025-10-16 11:35:00-04:00,3,3,2.98,2.98,3910
2025-10-16 11:40:00-04:00,2.98,3,2.98,2.99,1516
2025-10-16 11:45:00-04:00,2.99,2.99,2.97,2.97,10715
2025-10-16 11:50:00-04:00,2.99,2.99,2.97,2.99,1643
2025-10-16 11:55:00-04:00,2.97,2.98,2.97,2.98,967
2025-10-16 12:00:00-04:00,2.98,2.99,2.98,2.98,1486
2025-10-16 12:05:00-04:00,2.98,2.99,2.98,2.99,4363
2025-10-16 12:10:00-04:00,2.99,2.99,2.98,2.98,13621
2025-10-16 12:15:00-04:00,2.98,2.99,2.98,2.99,3936
2025-10-16 12:20:00-04:00,2.98,2.99,2.97,2.97,7694
2025-10-16 12:25:00-04:00,2.97,2.98,2.96,2.98,7504
2025-10-16 12:30:00-04:00,2.97,2.98,2.95,2.97,8092
2025-10-16 12:35:00-04:00,2.96,2.97,2.91,2.96,32234
2025-10-16 12:40:00-04:00,2.91,2.95,2.91,2.95,2996
2025-10-16 12:45:00-04:00,2.95,2.97,2.92,2.93,28511
2025-10-16 12:50:00-04:00,2.95,2.98,2.94,2.97,14188
2025-10-16 12:55:00-04:00,2.97,2.97,2.96,2.97,2631
2025-10-16 13:00:00-04:00,2.97,2.99,2.97,2.99,1937
2025-10-16 13:05:00-04:00,2.99,3,2.98,3,3510
2025-10-16 13:10:00-04:00,3,3,2.99,3,17504
2025-10-16 13:15:00-04:00,3,3,2.99,3,7989
2025-10-16 13:20:00-04:00,3,3,2.97,2.97,4952
2025-10-16 13:25:00-04:00,2.96,2.97,2.95,2.97,578
2025-10-16 13:30:00-04:00,2.96,2.96,2.96,2.96,532
2025-10-16 13:35:00-04:00,2.96,2.97,2.96,2.97,1506
2025-10-16 13:40:00-04:00,2.97,2.97,2.96,2.97,4282
2025-10-16 13:45:00-04:00,2.96,2.97,2.96,2.96,3946
2025-10-16 13:50:00-04:00,2.97,2.97,2.96,2.96,2797
2025-10-16 13:55:00-04:00,2.96,2.96,2.95,2.95,11980
2025-10-16 14:00:00-04:00,2.96,2.96,2.91,2.91,13766
2025-10-16 14:05:00-04:00,2.92,2.95,2.9,2.9,4616
2025-10-16 14:10:00-04:00,2.93,2.94,2.9,2.9,11194
2025-10-16 14:15:00-04:00,2.9,2.94,2.9,2.91,32380
2025-10-16 14:20:00-04:00,2.95,2.95,2.95,2.95,290
2025-10-16 14:25:00-04:00,2.94,2.95,2.92,2.94,7457
2025-10-16 14:30:00-04:00,2.93,2.93,2.91,2.92,7182
2025-10-16 14:35:00-04:00,2.9,2.92,2.9,2.91,4426
2025-10-16 14:40:00-04:00,2.91,2.95,2.91,2.93,2572
2025-10-16 14:45:00-04:00,2.93,2.93,2.9,2.93,10557
2025-10-16 14:50:00-04:00,2.93,2.95,2.93,2.94,5535
2025-10-16 14:55:00-04:00,2.95,2.95,2.93,2.94,28909
2025-10-16 15:00:00-04:00,2.94,2.95,2.93,2.93,8890
2025-10-16 15:05:00-04:00,2.95,2.95,2.93,2.94,8046
2025-10-16 15:10:00-04:00,2.94,2.95,2.94,2.95,6124
2025-10-16 15:15:00-04:00,2.95,2.95,2.93,2.93,21461
2025-10-16 15:20:00-04:00,2.93,2.95,2.92,2.95,3173
2025-10-16 15:25:00-04:00,2.94,2.95,2.91,2.95,13407
2025-10-16 15:30:00-04:00,2.95,2.95,2.93,2.93,2820
2025-10-16 15:35:00-04:00,2.93,2.95,2.93,2.95,4877
2025-10-16 15:40:00-04:00,2.94,2.94,2.92,2.92,7165
2025-10-16 15:45:00-04:00,2.94,2.95,2.92,2.94,8142
2025-10-16 15:50:00-04:00,2.93,2.95,2.92,2.94,11675
2025-10-16 15:55:00-04:00,2.94,2.96,2.92,2.96,35102
2025-10-17 09:30:00-04:00,2.9,3.05,2.9,3.05,76364
2025-10-17 09:35:00-04:00,3.02,3.04,3,3.03,41070
2025-10-17 09:40:00-04:00,3,3.02,2.97,2.97,16351
2025-10-17 09:45:00-04:00,2.99,3.02,2.99,3,15368
2025-10-17 09:50:00-04:00,3,3.02,3,3,7328
2025-10-17 09:55:00-04:00,3,3,2.99,2.99,47622
2025-10-17 10:00:00-04:00,3,3,2.99,2.99,9935
2025-10-17 10:05:00-04:00,3,3,2.91,2.91,33065
2025-10-17 10:10:00-04:00,2.95,2.98,2.94,2.98,2869
2025-10-17 10:15:00-04:00,2.98,3,2.98,3,26063
2025-10-17 10:20:00-04:00,3,3.02,3,3.01,10354
2025-10-17 10:25:00-04:00,3.01,3.02,2.99,3.02,60100
2025-10-17 10:30:00-04:00,3.02,3.02,3,3.02,12407
2025-10-17 10:35:00-04:00,3.02,3.02,3.01,3.02,18513
2025-10-17 10:40:00-04:00,3.02,3.02,2.99,3,65458
2025-10-17 10:45:00-04:00,3,3.01,2.99,3.01,10566
2025-10-17 10:50:00-04:00,3.01,3.01,3,3,16286
2025-10-17 10:55:00-04:00,2.99,3.01,2.99,2.99,4061
2025-10-17 11:00:00-04:00,3,3,2.97,2.98,18950
2025-10-17 11:05:00-04:00,2.98,3,2.97,2.99,10542
2025-10-17 11:10:00-04:00,2.99,3,2.99,3,4044
2025-10-17 11:15:00-04:00,2.97,2.97,2.96,2.96,1196
2025-10-17 11:20:00-04:00,2.96,2.99,2.96,2.98,5397
2025-10-17 11:25:00-04:00,2.96,2.98,2.96,2.98,644
2025-10-17 11:30:00-04:00,2.96,2.97,2.96,2.97,646
2025-10-17 11:35:00-04:00,2.97,2.98,2.96,2.97,14786
2025-10-17 11:40:00-04:00,2.97,2.99,2.96,2.99,2104
2025-10-17 11:45:00-04:00,2.97,2.99,2.96,2.97,2251
2025-10-17 11:50:00-04:00,2.97,2.99,2.96,2.97,19174
2025-10-17 11:55:00-04:00,2.99,2.99,2.97,2.98,986
2025-10-17 12:00:00-04:00,2.98,2.99,2.96,2.99,28088
2025-10-17 12:05:00-04:00,2.99,2.99,2.96,2.98,38099
2025-10-17 12:10:00-04:00,2.97,2.98,2.97,2.97,11601
2025-10-17 12:15:00-04:00,2.98,2.98,2.97,2.98,9030
2025-10-17 12:20:00-04:00,2.98,2.98,2.98,2.98,448
2025-10-17 12:25:00-04:00,2.98,2.98,2.97,2.98,3179
2025-10-17 12:30:00-04:00,2.98,2.98,2.97,2.97,1166
2025-10-17 12:35:00-04:00,2.99,2.99,2.98,2.99,12535
2025-10-17 12:40:00-04:00,2.98,3,2.98,2.99,13855
2025-10-17 12:45:00-04:00,2.99,3,2.98,3,17238
2025-10-17 12:50:00-04:00,3,3,2.99,3,5073
2025-10-17 12:55:00-04:00,3,3,3,3,18000
2025-10-17 13:00:00-04:00,3,3,3,3,11364
2025-10-17 13:05:00-04:00,3,3,2.99,3,16760
2025-10-17 13:10:00-04:00,3,3,2.99,2.99,31422
2025-10-17 13:15:00-04:00,3,3,2.98,2.98,5648
2025-10-17 13:20:00-04:00,2.99,2.99,2.98,2.99,4577
2025-10-17 13:25:00-04:00,2.98,2.99,2.97,2.97,6248
2025-10-17 13:30:00-04:00,2.98,2.98,2.98,2.98,2783
2025-10-17 13:35:00-04:00,2.98,2.98,2.97,2.98,11677
2025-10-17 13:40:00-04:00,2.99,2.99,2.98,2.98,283
2025-10-17 13:45:00-04:00,2.98,2.98,2.98,2.98,461
2025-10-17 13:50:00-04:00,2.98,2.99,2.97,2.98,18234
2025-10-17 13:55:00-04:00,2.99,2.99,2.97,2.99,13696
2025-10-17 14:00:00-04:00,2.98,2.99,2.98,2.98,15290
2025-10-17 14:05:00-04:00,2.97,2.99,2.97,2.97,3170
2025-10-17 14:10:00-04:00,2.99,2.99,2.97,2.97,10304
2025-10-17 14:15:00-04:00,2.97,2.99,2.97,2.99,14662
2025-10-17 14:20:00-04:00,2.99,2.99,2.97,2.97,13457
2025-10-17 14:25:00-04:00,2.97,2.99,2.97,2.97,3927
2025-10-17 14:30:00-04:00,2.97,2.99,2.97,2.98,1937
2025-10-17 14:35:00-04:00,2.99,2.99,2.97,2.99,3235
2025-10-17 14:40:00-04:00,2.97,2.99,2.97,2.98,813
2025-10-17 14:45:00-04:00,2.99,2.99,2.97,2.97,6406
2025-10-17 14:50:00-04:00,2.98,2.98,2.97,2.97,1062
2025-10-17 14:55:00-04:00,2.97,2.99,2.96,2.98,4036
2025-10-17 15:00:00-04:00,2.98,2.98,2.98,2.98,1028
2025-10-17 15:05:00-04:00,2.98,2.98,2.98,2.98,8404
2025-10-17 15:10:00-04:00,2.97,2.97,2.96,2.97,1083
2025-10-17 15:15:00-04:00,2.97,3,2.97,2.98,57464
2025-10-17 15:20:00-04:00,2.98,2.99,2.98,2.98,6653
2025-10-17 15:25:00-04:00,2.97,2.99,2.97,2.99,2467
2025-10-17 15:30:00-04:00,2.98,2.99,2.98,2.98,6364
2025-10-17 15:35:00-04:00,2.98,2.99,2.97,2.97,1834
2025-10-17 15:40:00-04:00,2.98,2.98,2.97,2.98,4863
2025-10-17 15:45:00-04:00,2.97,2.99,2.97,2.99,13082
2025-10-17 15:50:00-04:00,2.98,3,2.97,2.98,6706
2025-10-17 15:55:00-04:00,2.97,2.98,2.94,2.95,32719
2025-10-20 09:30:00-04:00,2.98,2.99,2.95,2.99,27045
2025-10-20 09:35:00-04:00,2.99,2.99,2.92,2.94,62670
2025-10-20 09:40:00-04:00,2.99,2.99,2.95,2.96,14017
2025-10-20 09:45:00-04:00,2.97,2.98,2.96,2.97,3118
2025-10-20 09:50:00-04:00,2.97,2.99,2.97,2.98,18728
2025-10-20 09:55:00-04:00,2.98,2.99,2.97,2.98,22583
2025-10-20 10:00:00-04:00,2.98,2.98,2.97,2.97,4262
2025-10-20 10:05:00-04:00,2.97,2.98,2.96,2.97,5103
2025-10-20 10:10:00-04:00,2.97,2.98,2.96,2.97,7226
2025-10-20 10:15:00-04:00,2.97,2.98,2.95,2.97,9881
2025-10-20 10:20:00-04:00,2.97,2.97,2.96,2.97,12094
2025-10-20 10:25:00-04:00,2.96,2.98,2.96,2.97,2556
2025-10-20 10:30:00-04:00,2.96,2.97,2.96,2.97,1547
2025-10-20 10:35:00-04:00,2.97,2.97,2.97,2.97,1348
2025-10-20 10:40:00-04:00,2.98,2.98,2.97,2.97,11783
2025-10-20 10:45:00-04:00,2.97,2.97,2.96,2.97,14197
2025-10-20 10:50:00-04:00,2.97,2.97,2.96,2.97,15400
2025-10-20 10:55:00-04:00,2.97,2.97,2.96,2.96,7606
2025-10-20 11:00:00-04:00,2.96,2.97,2.96,2.97,3993
2025-10-20 11:05:00-04:00,2.97,2.98,2.95,2.96,26097
2025-10-20 11:10:00-04:00,2.96,2.96,2.95,2.96,5601
2025-10-20 11:15:00-04:00,2.95,2.96,2.95,2.95,35229
2025-10-20 11:20:00-04:00,2.95,2.95,2.95,2.95,7140
2025-10-20 11:25:00-04:00,2.95,2.95,2.95,2.95,18992
2025-10-20 11:30:00-04:00,2.95,2.96,2.95,2.95,32307
2025-10-20 11:35:00-04:00,2.95,2.95,2.95,2.95,1802
2025-10-20 11:40:00-04:00,2.95,2.96,2.95,2.95,825
2025-10-20 11:45:00-04:00,2.96,2.96,2.95,2.96,2468
2025-10-20 11:50:00-04:00,2.95,2.96,2.94,2.95,15463
2025-10-20 11:55:00-04:00,2.94,2.95,2.94,2.94,2085
2025-10-20 12:00:00-04:00,2.95,2.96,2.94,2.95,1071
2025-10-20 12:05:00-04:00,2.96,2.96,2.94,2.96,13439
2025-10-20 12:10:00-04:00,2.95,2.96,2.95,2.96,2559
2025-10-20 12:15:00-04:00,2.96,2.96,2.95,2.96,1514
2025-10-20 12:25:00-04:00,2.95,2.96,2.95,2.96,15228
2025-10-20 12:30:00-04:00,2.96,2.96,2.96,2.96,607
2025-10-20 12:35:00-04:00,2.96,2.96,2.95,2.96,3602
2025-10-20 12:40:00-04:00,2.96,2.96,2.94,2.94,6020
2025-10-20 12:45:00-04:00,2.94,2.95,2.93,2.95,6783
2025-10-20 12:50:00-04:00,2.93,2.96,2.92,2.92,16648
2025-10-20 12:55:00-04:00,2.94,2.94,2.94,2.94,389
2025-10-20 13:00:00-04:00,2.93,2.94,2.93,2.94,11608
2025-10-20 13:05:00-04:00,2.94,2.96,2.93,2.96,10420
2025-10-20 13:10:00-04:00,2.95,2.96,2.94,2.96,2660
2025-10-20 13:15:00-04:00,2.96,2.96,2.94,2.95,3566
2025-10-20 13:20:00-04:00,2.96,2.96,2.94,2.95,2883
2025-10-20 13:25:00-04:00,2.96,2.96,2.94,2.94,1104
2025-10-20 13:30:00-04:00,2.94,2.95,2.94,2.95,336
2025-10-20 13:35:00-04:00,2.95,2.96,2.94,2.95,12061
2025-10-20 13:40:00-04:00,2.95,2.96,2.94,2.96,26893
2025-10-20 13:45:00-04:00,2.96,2.96,2.95,2.95,10949
2025-10-20 13:50:00-04:00,2.95,2.97,2.94,2.94,48392
2025-10-20 13:55:00-04:00,2.95,2.96,2.95,2.95,1642
2025-10-20 14:00:00-04:00,2.94,2.96,2.94,2.95,3451
2025-10-20 14:05:00-04:00,2.95,2.96,2.95,2.96,4103
2025-10-20 14:10:00-04:00,2.96,2.96,2.95,2.96,7621
2025-10-20 14:15:00-04:00,2.96,2.96,2.96,2.96,105
2025-10-20 14:20:00-04:00,2.96,2.96,2.94,2.95,19391
2025-10-20 14:25:00-04:00,2.95,2.95,2.94,2.95,4531
2025-10-20 14:30:00-04:00,2.95,2.95,2.94,2.95,2746
2025-10-20 14:35:00-04:00,2.95,2.96,2.94,2.95,27711
2025-10-20 14:40:00-04:00,2.96,2.96,2.94,2.95,15406
2025-10-20 14:45:00-04:00,2.94,2.95,2.94,2.95,5813
2025-10-20 14:50:00-04:00,2.95,2.95,2.95,2.95,556
2025-10-20 14:55:00-04:00,2.94,2.96,2.94,2.95,2637
2025-10-20 15:00:00-04:00,2.96,2.96,2.94,2.95,12365
2025-10-20 15:05:00-04:00,2.95,2.96,2.95,2.95,14825
2025-10-20 15:10:00-04:00,2.95,2.96,2.94,2.96,15292
2025-10-20 15:15:00-04:00,2.95,2.96,2.94,2.95,12424
2025-10-20 15:20:00-04:00,2.94,2.96,2.94,2.95,23094
2025-10-20 15:25:00-04:00,2.96,2.96,2.94,2.95,4218
2025-10-20 15:30:00-04:00,2.96,2.96,2.95,2.95,6237
2025-10-20 15:35:00-04:00,2.95,2.95,2.93,2.95,3163
2025-10-20 15:40:00-04:00,2.95,2.95,2.93,2.94,3938
2025-10-20 15:45:00-04:00,2.94,2.95,2.93,2.93,3147
2025-10-20 15:50:00-04:00,2.95,2.95,2.93,2.93,11674
2025-10-20 15:55:00-04:00,2.93,2.96,2.93,2.94,62914
2025-10-21 09:30:00-04:00,2.92,2.94,2.9,2.9,21429
2025-10-21 09:35:00-04:00,2.9,2.91,2.89,2.9,12768
2025-10-21 09:40:00-04:00,2.9,2.91,2.9,2.91,2770
2025-10-21 09:45:00-04:00,2.9,2.91,2.89,2.89,6167
2025-10-21 09:50:00-04:00,2.88,2.9,2.85,2.87,37480
2025-10-21 09:55:00-04:00,2.87,2.9,2.86,2.89,16017
2025-10-21 10:00:00-04:00,2.88,2.89,2.87,2.88,13271
2025-10-21 10:05:00-04:00,2.87,2.89,2.87,2.89,4178
2025-10-21 10:10:00-04:00,2.88,2.89,2.87,2.88,28290
2025-10-21 10:15:00-04:00,2.88,2.9,2.88,2.89,24006
2025-10-21 10:20:00-04:00,2.9,2.9,2.88,2.88,24993
2025-10-21 10:25:00-04:00,2.9,2.9,2.89,2.9,2259
2025-10-21 10:30:00-04:00,2.89,2.9,2.88,2.9,3313
2025-10-21 10:35:00-04:00,2.89,2.89,2.89,2.89,310
2025-10-21 10:40:00-04:00,2.89,2.89,2.88,2.88,6419
2025-10-21 10:45:00-04:00,2.88,2.9,2.88,2.89,18828
2025-10-21 10:50:00-04:00,2.89,2.9,2.88,2.89,2506
2025-10-21 10:55:00-04:00,2.88,2.9,2.88,2.9,2023
2025-10-21 11:00:00-04:00,2.9,2.9,2.89,2.9,1919
2025-10-21 11:05:00-04:00,2.89,2.9,2.89,2.89,3449
2025-10-21 11:10:00-04:00,2.89,2.9,2.89,2.9,3663
2025-10-21 11:15:00-04:00,2.9,2.9,2.89,2.9,3190
2025-10-21 11:20:00-04:00,2.89,2.9,2.89,2.89,3165
2025-10-21 11:25:00-04:00,2.89,2.89,2.88,2.88,8943
2025-10-21 11:30:00-04:00,2.89,2.89,2.88,2.89,3088
2025-10-21 11:35:00-04:00,2.89,2.89,2.88,2.89,2603
2025-10-21 11:40:00-04:00,2.89,2.89,2.88,2.89,2426
2025-10-21 11:45:00-04:00,2.88,2.89,2.88,2.88,2647
2025-10-21 11:50:00-04:00,2.88,2.89,2.88,2.89,4577
2025-10-21 11:55:00-04:00,2.88,2.89,2.88,2.89,7997
2025-10-21 12:00:00-04:00,2.88,2.89,2.88,2.89,2799
2025-10-21 12:05:00-04:00,2.89,2.89,2.88,2.88,2791
2025-10-21 12:10:00-04:00,2.88,2.89,2.88,2.89,1085
2025-10-21 12:15:00-04:00,2.89,2.89,2.89,2.89,545
2025-10-21 12:20:00-04:00,2.89,2.89,2.89,2.89,990
2025-10-21 12:25:00-04:00,2.88,2.9,2.88,2.9,13371
2025-10-21 12:30:00-04:00,2.9,2.9,2.88,2.9,18845
2025-10-21 12:35:00-04:00,2.88,2.9,2.88,2.88,14675
2025-10-21 12:40:00-04:00,2.89,2.89,2.89,2.89,909
2025-10-21 12:45:00-04:00,2.89,2.9,2.88,2.88,3808
2025-10-21 12:50:00-04:00,2.89,2.89,2.89,2.89,240
2025-10-21 12:55:00-04:00,2.89,2.9,2.88,2.9,4582
2025-10-21 13:00:00-04:00,2.89,2.89,2.88,2.89,12680
2025-10-21 13:05:00-04:00,2.88,2.9,2.88,2.88,8571
2025-10-21 13:10:00-04:00,2.88,2.89,2.88,2.89,1215
2025-10-21 13:15:00-04:00,2.88,2.89,2.88,2.89,824
2025-10-21 13:20:00-04:00,2.88,2.89,2.88,2.89,8734
2025-10-21 13:25:00-04:00,2.89,2.89,2.87,2.88,20984
2025-10-21 13:30:00-04:00,2.87,2.88,2.87,2.88,5156
2025-10-21 13:35:00-04:00,2.88,2.89,2.86,2.88,11450
2025-10-21 13:40:00-04:00,2.87,2.88,2.86,2.87,14090
2025-10-21 13:45:00-04:00,2.86,2.87,2.85,2.86,2887
2025-10-21 13:50:00-04:00,2.86,2.88,2.85,2.86,12459
2025-10-21 13:55:00-04:00,2.87,2.87,2.85,2.86,5719
2025-10-21 14:00:00-04:00,2.87,2.9,2.86,2.88,28529
2025-10-21 14:05:00-04:00,2.88,2.88,2.87,2.87,4752
2025-10-21 14:10:00-04:00,2.87,2.87,2.86,2.86,3956
2025-10-21 14:15:00-04:00,2.86,2.88,2.86,2.86,5326
2025-10-21 14:20:00-04:00,2.87,2.88,2.86,2.88,3417
2025-10-21 14:25:00-04:00,2.87,2.88,2.87,2.88,2280
2025-10-21 14:30:00-04:00,2.88,2.88,2.87,2.87,5875
2025-10-21 14:35:00-04:00,2.88,2.88,2.87,2.87,13188
2025-10-21 14:40:00-04:00,2.88,2.88,2.85,2.86,11194
2025-10-21 14:45:00-04:00,2.86,2.88,2.86,2.87,3292
2025-10-21 14:50:00-04:00,2.88,2.88,2.85,2.85,13831
2025-10-21 14:55:00-04:00,2.85,2.87,2.85,2.86,2173
2025-10-21 15:00:00-04:00,2.86,2.86,2.85,2.86,1879
2025-10-21 15:05:00-04:00,2.86,2.86,2.85,2.85,6076
2025-10-21 15:10:00-04:00,2.86,2.86,2.85,2.86,25092
2025-10-21 15:15:00-04:00,2.87,2.87,2.86,2.86,1506
2025-10-21 15:20:00-04:00,2.87,2.87,2.85,2.86,17816
2025-10-21 15:25:00-04:00,2.85,2.86,2.85,2.86,25128
2025-10-21 15:30:00-04:00,2.86,2.86,2.83,2.83,10311
2025-10-21 15:35:00-04:00,2.84,2.84,2.83,2.84,4193
2025-10-21 15:40:00-04:00,2.83,2.85,2.83,2.84,8570
2025-10-21 15:45:00-04:00,2.84,2.85,2.83,2.83,8104
2025-10-21 15:50:00-04:00,2.83,2.85,2.82,2.83,16865
2025-10-21 15:55:00-04:00,2.83,2.83,2.8,2.81,38298
2025-10-22 09:30:00-04:00,2.8,2.89,2.8,2.87,27349
2025-10-22 09:35:00-04:00,2.85,2.89,2.8,2.83,15549
2025-10-22 09:40:00-04:00,2.83,2.84,2.75,2.75,19908
2025-10-22 09:45:00-04:00,2.76,2.81,2.76,2.8,6897
2025-10-22 09:50:00-04:00,2.8,2.85,2.78,2.8,9018
2025-10-22 09:55:00-04:00,2.8,2.93,2.8,2.9,20178
2025-10-22 10:00:00-04:00,2.9,2.91,2.88,2.91,39111
2025-10-22 10:05:00-04:00,2.91,2.92,2.88,2.9,78187
2025-10-22 10:10:00-04:00,2.91,2.93,2.9,2.9,29234
2025-10-22 10:15:00-04:00,2.91,2.93,2.88,2.92,25931
2025-10-22 10:20:00-04:00,2.93,2.93,2.91,2.91,7891
2025-10-22 10:25:00-04:00,2.91,2.91,2.85,2.87,7777
2025-10-22 10:30:00-04:00,2.87,2.88,2.85,2.85,6274
2025-10-22 10:35:00-04:00,2.86,2.88,2.8,2.87,19021
2025-10-22 10:40:00-04:00,2.88,2.88,2.8,2.83,11664
2025-10-22 10:45:00-04:00,2.81,2.84,2.81,2.83,4561
2025-10-22 10:50:00-04:00,2.83,2.85,2.81,2.84,14578
2025-10-22 10:55:00-04:00,2.82,2.87,2.82,2.87,17749
2025-10-22 11:00:00-04:00,2.85,2.88,2.83,2.83,24572
2025-10-22 11:05:00-04:00,2.83,2.9,2.81,2.85,21293
2025-10-22 11:10:00-04:00,2.85,2.85,2.8,2.84,8754
2025-10-22 11:15:00-04:00,2.84,2.84,2.82,2.83,6712
2025-10-22 11:20:00-04:00,2.83,2.83,2.78,2.79,22675
2025-10-22 11:25:00-04:00,2.79,2.8,2.79,2.79,8591
2025-10-22 11:30:00-04:00,2.79,2.8,2.78,2.79,11245
2025-10-22 11:35:00-04:00,2.79,2.8,2.79,2.8,7200
2025-10-22 11:40:00-04:00,2.8,2.82,2.79,2.82,11324
2025-10-22 11:45:00-04:00,2.81,2.83,2.76,2.81,20073
2025-10-22 11:50:00-04:00,2.81,2.81,2.75,2.76,23020
2025-10-22 11:55:00-04:00,2.76,2.77,2.75,2.77,22359
2025-10-22 12:00:00-04:00,2.76,2.77,2.75,2.77,15778
2025-10-22 12:05:00-04:00,2.76,2.77,2.75,2.75,15692
2025-10-22 12:10:00-04:00,2.75,2.77,2.75,2.76,5855
2025-10-22 12:15:00-04:00,2.76,2.77,2.75,2.76,2211
2025-10-22 12:20:00-04:00,2.76,2.77,2.75,2.76,36552
2025-10-22 12:25:00-04:00,2.77,2.77,2.76,2.77,4879
2025-10-22 12:30:00-04:00,2.77,2.77,2.75,2.75,18470
2025-10-22 12:35:00-04:00,2.76,2.76,2.75,2.76,2322
2025-10-22 12:40:00-04:00,2.75,2.76,2.75,2.75,9367
2025-10-22 12:45:00-04:00,2.76,2.76,2.75,2.75,2923
2025-10-22 12:50:00-04:00,2.76,2.76,2.75,2.75,3741
2025-10-22 12:55:00-04:00,2.76,2.76,2.76,2.76,291
2025-10-22 13:00:00-04:00,2.76,2.78,2.75,2.76,10068
2025-10-22 13:05:00-04:00,2.78,2.8,2.76,2.79,8897
2025-10-22 13:10:00-04:00,2.79,2.79,2.76,2.77,3113
2025-10-22 13:15:00-04:00,2.76,2.78,2.76,2.77,2779
2025-10-22 13:20:00-04:00,2.77,2.77,2.75,2.75,13123
2025-10-22 13:25:00-04:00,2.77,2.79,2.75,2.76,15601
2025-10-22 13:30:00-04:00,2.78,2.78,2.77,2.78,2287
2025-10-22 13:35:00-04:00,2.78,2.79,2.76,2.76,2723
2025-10-22 13:40:00-04:00,2.76,2.79,2.76,2.76,11144
2025-10-22 13:45:00-04:00,2.76,2.76,2.76,2.76,36145
2025-10-22 13:50:00-04:00,2.76,2.77,2.76,2.76,3409
2025-10-22 13:55:00-04:00,2.76,2.77,2.76,2.76,24538
2025-10-22 14:00:00-04:00,2.77,2.77,2.76,2.77,2667
2025-10-22 14:05:00-04:00,2.77,2.77,2.76,2.77,1952
2025-10-22 14:10:00-04:00,2.77,2.77,2.76,2.76,8373
2025-10-22 14:15:00-04:00,2.77,2.77,2.76,2.76,3257
2025-10-22 14:20:00-04:00,2.77,2.77,2.76,2.76,8878
2025-10-22 14:25:00-04:00,2.77,2.78,2.76,2.77,24169
2025-10-22 14:30:00-04:00,2.77,2.77,2.76,2.76,597
2025-10-22 14:35:00-04:00,2.77,2.77,2.77,2.77,3318
2025-10-22 14:40:00-04:00,2.77,2.78,2.76,2.76,2574
2025-10-22 14:45:00-04:00,2.77,2.77,2.76,2.77,2236
2025-10-22 14:50:00-04:00,2.76,2.77,2.76,2.76,10462
2025-10-22 14:55:00-04:00,2.77,2.77,2.76,2.76,5610
2025-10-22 15:00:00-04:00,2.77,2.77,2.76,2.77,10257
2025-10-22 15:05:00-04:00,2.76,2.77,2.76,2.76,6470
2025-10-22 15:10:00-04:00,2.76,2.77,2.76,2.77,3799
2025-10-22 15:15:00-04:00,2.76,2.77,2.76,2.76,4241
2025-10-22 15:20:00-04:00,2.76,2.77,2.76,2.76,13684
2025-10-22 15:25:00-04:00,2.76,2.76,2.75,2.76,32003
2025-10-22 15:30:00-04:00,2.76,2.77,2.76,2.77,16818
2025-10-22 15:35:00-04:00,2.77,2.8,2.77,2.79,9214
2025-10-22 15:40:00-04:00,2.76,2.78,2.76,2.78,7946
2025-10-22 15:45:00-04:00,2.78,2.84,2.76,2.79,25378
2025-10-22 15:50:00-04:00,2.81,2.85,2.8,2.84,20694
2025-10-22 15:55:00-04:00,2.82,2.84,2.75,2.75,30311
2025-10-23 09:30:00-04:00,2.8,2.83,2.77,2.83,30713
2025-10-23 09:35:00-04:00,2.8,2.81,2.77,2.77,17380
2025-10-23 09:40:00-04:00,2.79,2.79,2.76,2.76,16625
2025-10-23 09:45:00-04:00,2.76,2.8,2.76,2.78,18986
2025-10-23 09:50:00-04:00,2.76,2.78,2.76,2.78,14529
2025-10-23 09:55:00-04:00,2.77,2.82,2.77,2.82,40848
2025-10-23 10:00:00-04:00,2.81,2.84,2.81,2.83,8963
2025-10-23 10:05:00-04:00,2.83,2.84,2.81,2.83,6838
2025-10-23 10:10:00-04:00,2.83,2.83,2.8,2.8,3403
2025-10-23 10:15:00-04:00,2.8,2.81,2.78,2.8,2059
2025-10-23 10:20:00-04:00,2.81,2.84,2.79,2.83,18997
2025-10-23 10:25:00-04:00,2.82,2.84,2.8,2.81,10875
2025-10-23 10:30:00-04:00,2.8,2.81,2.78,2.79,10219
2025-10-23 10:35:00-04:00,2.82,2.82,2.79,2.79,2353
2025-10-23 10:40:00-04:00,2.79,2.8,2.78,2.79,10091
2025-10-23 10:45:00-04:00,2.79,2.82,2.79,2.8,68018
2025-10-23 10:50:00-04:00,2.8,2.82,2.79,2.8,21495
2025-10-23 10:55:00-04:00,2.8,2.81,2.8,2.81,1994
2025-10-23 11:00:00-04:00,2.81,2.81,2.8,2.81,8326
2025-10-23 11:05:00-04:00,2.81,2.81,2.8,2.81,5009
2025-10-23 11:10:00-04:00,2.81,2.84,2.8,2.83,23715
2025-10-23 11:15:00-04:00,2.83,2.83,2.82,2.82,1645
2025-10-23 11:20:00-04:00,2.82,2.83,2.8,2.8,11073
2025-10-23 11:25:00-04:00,2.8,2.81,2.8,2.8,1799
2025-10-23 11:30:00-04:00,2.8,2.81,2.8,2.8,4524
2025-10-23 11:35:00-04:00,2.81,2.81,2.8,2.8,939
2025-10-23 11:40:00-04:00,2.8,2.81,2.79,2.8,3359
2025-10-23 11:45:00-04:00,2.81,2.82,2.8,2.81,2855
2025-10-23 11:50:00-04:00,2.8,2.81,2.8,2.81,9309
2025-10-23 11:55:00-04:00,2.81,2.82,2.8,2.8,5777
2025-10-23 12:00:00-04:00,2.82,2.82,2.8,2.8,2186
2025-10-23 12:05:00-04:00,2.8,2.81,2.8,2.8,8619
2025-10-23 12:10:00-04:00,2.8,2.82,2.8,2.81,4645
2025-10-23 12:15:00-04:00,2.8,2.82,2.8,2.82,14856
2025-10-23 12:20:00-04:00,2.81,2.82,2.81,2.81,11557
2025-10-23 12:25:00-04:00,2.81,2.81,2.79,2.8,8376
2025-10-23 12:30:00-04:00,2.79,2.8,2.79,2.8,1792
2025-10-23 12:35:00-04:00,2.78,2.8,2.77,2.79,9038
2025-10-23 12:40:00-04:00,2.79,2.8,2.76,2.79,5246
2025-10-23 12:45:00-04:00,2.78,2.78,2.78,2.78,262
2025-10-23 12:50:00-04:00,2.76,2.8,2.76,2.78,6763
2025-10-23 12:55:00-04:00,2.79,2.8,2.79,2.8,1508
2025-10-23 13:00:00-04:00,2.8,2.8,2.8,2.8,1113
2025-10-23 13:05:00-04:00,2.8,2.8,2.79,2.8,10335
2025-10-23 13:10:00-04:00,2.78,2.8,2.78,2.8,14938
2025-10-23 13:15:00-04:00,2.8,2.8,2.78,2.79,4739
2025-10-23 13:20:00-04:00,2.79,2.81,2.78,2.81,1769
2025-10-23 13:25:00-04:00,2.78,2.81,2.78,2.8,7841
2025-10-23 13:30:00-04:00,2.79,2.82,2.79,2.82,30268
2025-10-23 13:35:00-04:00,2.82,2.85,2.81,2.85,95108
2025-10-23 13:40:00-04:00,2.85,2.85,2.83,2.85,36482
2025-10-23 13:45:00-04:00,2.85,2.86,2.84,2.84,33384
2025-10-23 13:50:00-04:00,2.85,2.85,2.83,2.85,24198
2025-10-23 13:55:00-04:00,2.84,2.85,2.84,2.85,20145
2025-10-23 14:00:00-04:00,2.85,2.85,2.83,2.83,3831
2025-10-23 14:05:00-04:00,2.83,2.85,2.83,2.85,24302
2025-10-23 14:10:00-04:00,2.85,2.88,2.84,2.85,54406
2025-10-23 14:15:00-04:00,2.84,2.85,2.81,2.84,19239
2025-10-23 14:20:00-04:00,2.83,2.85,2.8,2.8,19273
2025-10-23 14:25:00-04:00,2.81,2.84,2.79,2.83,20753
2025-10-23 14:30:00-04:00,2.85,2.86,2.82,2.85,16493
2025-10-23 14:35:00-04:00,2.85,2.86,2.82,2.86,20243
2025-10-23 14:40:00-04:00,2.86,2.86,2.85,2.85,6461
2025-10-23 14:45:00-04:00,2.86,2.87,2.86,2.86,10163
2025-10-23 14:50:00-04:00,2.87,2.9,2.86,2.9,37432
2025-10-23 14:55:00-04:00,2.89,2.91,2.87,2.89,34957
2025-10-23 15:00:00-04:00,2.89,2.97,2.89,2.95,134885
2025-10-23 15:05:00-04:00,2.96,2.97,2.92,2.94,33336
2025-10-23 15:10:00-04:00,2.95,2.96,2.89,2.89,142733
2025-10-23 15:15:00-04:00,2.9,2.93,2.89,2.93,36787
2025-10-23 15:20:00-04:00,2.93,2.95,2.93,2.93,17402
2025-10-23 15:25:00-04:00,2.93,2.94,2.89,2.89,23422
2025-10-23 15:30:00-04:00,2.9,2.92,2.89,2.89,14664
2025-10-23 15:35:00-04:00,2.9,2.9,2.87,2.87,113446
2025-10-23 15:40:00-04:00,2.88,2.88,2.82,2.86,11443
2025-10-23 15:45:00-04:00,2.87,2.88,2.86,2.88,83820
2025-10-23 15:50:00-04:00,2.87,2.9,2.87,2.9,41316
2025-10-23 15:55:00-04:00,2.9,2.9,2.87,2.87,17023
2025-10-24 09:30:00-04:00,2.89,2.98,2.8,2.94,42713
2025-10-24 09:35:00-04:00,2.93,2.96,2.9,2.9,24781
2025-10-24 09:40:00-04:00,2.9,2.9,2.86,2.86,17570
2025-10-24 09:45:00-04:00,2.9,2.92,2.87,2.91,6979
2025-10-24 09:50:00-04:00,2.89,2.9,2.87,2.87,14229
2025-10-24 09:55:00-04:00,2.87,2.9,2.87,2.89,6795
2025-10-24 10:00:00-04:00,2.87,2.9,2.87,2.88,8799
2025-10-24 10:05:00-04:00,2.88,2.88,2.87,2.88,7825
2025-10-24 10:10:00-04:00,2.86,2.89,2.86,2.87,6762
2025-10-24 10:15:00-04:00,2.89,2.89,2.86,2.86,5393
2025-10-24 10:20:00-04:00,2.87,2.89,2.86,2.87,12107
2025-10-24 10:25:00-04:00,2.87,2.9,2.86,2.86,6512
2025-10-24 10:30:00-04:00,2.85,2.87,2.85,2.85,4484
2025-10-24 10:35:00-04:00,2.86,2.87,2.83,2.85,5244
2025-10-24 10:40:00-04:00,2.83,2.87,2.82,2.85,6641
2025-10-24 10:45:00-04:00,2.83,2.87,2.83,2.85,2951
2025-10-24 10:50:00-04:00,2.87,2.87,2.85,2.85,18319
2025-10-24 10:55:00-04:00,2.85,2.87,2.82,2.84,11322
2025-10-24 11:00:00-04:00,2.82,2.88,2.82,2.86,15115
2025-10-24 11:05:00-04:00,2.86,2.87,2.86,2.86,4125
2025-10-24 11:10:00-04:00,2.88,2.93,2.85,2.92,251213
2025-10-24 11:15:00-04:00,2.92,2.93,2.92,2.93,8626
2025-10-24 11:20:00-04:00,2.93,3.02,2.92,2.97,710910
2025-10-24 11:25:00-04:00,2.94,2.97,2.92,2.94,6637
2025-10-24 11:30:00-04:00,2.92,2.95,2.86,2.89,73206
2025-10-24 11:35:00-04:00,2.88,2.89,2.86,2.87,2989
2025-10-24 11:40:00-04:00,2.87,2.87,2.84,2.87,7252
2025-10-24 11:45:00-04:00,2.85,2.87,2.85,2.85,1128
2025-10-24 11:50:00-04:00,2.89,2.89,2.85,2.89,2004
2025-10-24 11:55:00-04:00,2.86,2.88,2.84,2.86,2079
2025-10-24 12:00:00-04:00,2.88,2.92,2.85,2.9,13237
2025-10-24 12:05:00-04:00,2.87,2.9,2.87,2.87,2064
2025-10-24 12:10:00-04:00,2.87,2.88,2.86,2.88,2505
2025-10-24 12:15:00-04:00,2.86,2.88,2.86,2.86,2830
2025-10-24 12:20:00-04:00,2.88,2.89,2.86,2.89,11642
2025-10-24 12:25:00-04:00,2.89,2.9,2.86,2.86,2528
2025-10-24 12:30:00-04:00,2.88,2.88,2.86,2.86,1050
2025-10-24 12:35:00-04:00,2.9,2.9,2.86,2.86,1608
2025-10-24 12:40:00-04:00,2.86,2.9,2.86,2.87,4714
2025-10-24 12:45:00-04:00,2.86,2.89,2.86,2.88,3973
2025-10-24 12:50:00-04:00,2.89,2.91,2.89,2.91,14745
2025-10-24 12:55:00-04:00,2.9,2.91,2.87,2.87,22004
2025-10-24 13:00:00-04:00,2.9,2.9,2.86,2.88,1490
2025-10-24 13:05:00-04:00,2.86,2.89,2.86,2.89,1275
2025-10-24 13:10:00-04:00,2.86,2.87,2.84,2.84,4603
2025-10-24 13:15:00-04:00,2.86,2.86,2.84,2.85,10249
2025-10-24 13:20:00-04:00,2.86,2.87,2.85,2.85,1966
2025-10-24 13:25:00-04:00,2.85,2.85,2.84,2.84,1272
2025-10-24 13:30:00-04:00,2.84,2.85,2.83,2.83,1651
2025-10-24 13:35:00-04:00,2.83,2.83,2.83,2.83,1435
2025-10-24 13:40:00-04:00,2.86,2.87,2.83,2.87,4431
2025-10-24 13:45:00-04:00,2.83,2.86,2.83,2.83,14585
2025-10-24 13:50:00-04:00,2.83,2.85,2.83,2.84,1373
2025-10-24 13:55:00-04:00,2.84,2.89,2.84,2.88,11947
2025-10-24 14:00:00-04:00,2.87,2.88,2.86,2.88,3120
2025-10-24 14:05:00-04:00,2.86,2.89,2.85,2.85,3802
2025-10-24 14:10:00-04:00,2.87,2.89,2.85,2.87,3485
2025-10-24 14:15:00-04:00,2.85,2.87,2.85,2.85,1286
2025-10-24 14:20:00-04:00,2.85,2.89,2.85,2.89,1568
2025-10-24 14:25:00-04:00,2.85,2.85,2.84,2.84,5236
2025-10-24 14:30:00-04:00,2.88,2.88,2.85,2.85,1194
2025-10-24 14:35:00-04:00,2.86,2.88,2.84,2.87,46442
2025-10-24 14:40:00-04:00,2.87,2.89,2.85,2.89,6137
2025-10-24 14:45:00-04:00,2.91,2.93,2.88,2.89,13587
2025-10-24 14:50:00-04:00,2.9,2.9,2.87,2.87,13229
2025-10-24 14:55:00-04:00,2.87,2.9,2.87,2.87,5664
2025-10-24 15:00:00-04:00,2.87,2.89,2.87,2.87,773
2025-10-24 15:05:00-04:00,2.9,2.9,2.87,2.87,73128
2025-10-24 15:10:00-04:00,2.88,2.89,2.88,2.89,5565
2025-10-24 15:15:00-04:00,2.89,2.9,2.87,2.89,6573
2025-10-24 15:20:00-04:00,2.9,2.92,2.89,2.9,16033
2025-10-24 15:25:00-04:00,2.91,2.92,2.89,2.89,5341
2025-10-24 15:30:00-04:00,2.89,2.92,2.89,2.91,2982
2025-10-24 15:35:00-04:00,2.91,2.92,2.91,2.92,12516
2025-10-24 15:40:00-04:00,2.92,2.92,2.91,2.92,4483
2025-10-24 15:45:00-04:00,2.91,2.92,2.89,2.89,4052
2025-10-24 15:50:00-04:00,2.91,2.91,2.89,2.89,28112
2025-10-24 15:55:00-04:00,2.89,2.92,2.88,2.88,16532
2025-10-27 09:30:00-04:00,3.3,3.3,3.05,3.07,41183
2025-10-27 09:35:00-04:00,3.08,3.08,3.01,3.04,54331
2025-10-27 09:40:00-04:00,3.04,3.07,3,3.02,161846
2025-10-27 09:45:00-04:00,3.02,3.04,2.99,3.01,85426
2025-10-27 09:50:00-04:00,3.01,3.03,2.99,3.01,9338
2025-10-27 09:55:00-04:00,3.01,3.04,3.01,3.04,32612
2025-10-27 10:00:00-04:00,3.04,3.05,3.03,3.05,36109
2025-10-27 10:05:00-04:00,3.04,3.04,3,3,33173
2025-10-27 10:10:00-04:00,3.01,3.01,3,3,35341
2025-10-27 10:15:00-04:00,3.01,3.01,3,3.01,12457
2025-10-27 10:20:00-04:00,3,3.01,3,3,3038
2025-10-27 10:25:00-04:00,3,3.02,2.99,3.01,21514
2025-10-27 10:30:00-04:00,3.02,3.02,3,3.01,20462
2025-10-27 10:35:00-04:00,3.01,3.03,3,3.03,45841
2025-10-27 10:40:00-04:00,3.03,3.06,3.03,3.05,12332
2025-10-27 10:45:00-04:00,3.05,3.06,3.04,3.04,17829
2025-10-27 10:50:00-04:00,3.04,3.06,3.02,3.03,18073
2025-10-27 10:55:00-04:00,3.02,3.04,3.02,3.02,10031
2025-10-27 11:00:00-04:00,3.04,3.05,3.02,3.02,14555
2025-10-27 11:05:00-04:00,3.01,3.02,3,3.01,24293
2025-10-27 11:10:00-04:00,3.01,3.01,3,3,9666
2025-10-27 11:15:00-04:00,3,3.01,3,3.01,15743
2025-10-27 11:20:00-04:00,3.01,3.01,3,3.01,8063
2025-10-27 11:25:00-04:00,3,3.01,3,3,3618
2025-10-27 11:30:00-04:00,3.01,3.01,3,3.01,11781
2025-10-27 11:35:00-04:00,3,3.01,3,3.01,11498
2025-10-27 11:40:00-04:00,3.01,3.02,3.01,3.02,20125
2025-10-27 11:45:00-04:00,3.03,3.03,3.01,3.02,7897
2025-10-27 11:50:00-04:00,3.02,3.03,3.01,3.01,6064
2025-10-27 11:55:00-04:00,3.01,3.03,3.01,3.01,6634
2025-10-27 12:00:00-04:00,3.02,3.03,3.01,3.03,12338
2025-10-27 12:05:00-04:00,3.03,3.03,3.01,3.01,2417
2025-10-27 12:10:00-04:00,3.02,3.04,3.02,3.03,6505
2025-10-27 12:15:00-04:00,3.02,3.07,3.02,3.06,16676
2025-10-27 12:20:00-04:00,3.06,3.06,3.04,3.05,7669
2025-10-27 12:25:00-04:00,3.04,3.04,3.02,3.03,56494
2025-10-27 12:30:00-04:00,3.03,3.04,3.02,3.02,9979
2025-10-27 12:35:00-04:00,3.02,3.04,3.02,3.02,11720
2025-10-27 12:40:00-04:00,3.02,3.04,3,3,27807
2025-10-27 12:45:00-04:00,3,3.02,3,3.02,18553
2025-10-27 12:50:00-04:00,3.02,3.04,3.01,3.04,4667
2025-10-27 12:55:00-04:00,3.04,3.05,3.01,3.03,10809
2025-10-27 13:00:00-04:00,3.04,3.04,3.01,3.01,3570
2025-10-27 13:05:00-04:00,3.01,3.03,3.01,3.02,6830
2025-10-27 13:10:00-04:00,3.02,3.06,3.02,3.06,12024
2025-10-27 13:15:00-04:00,3.05,3.07,3.05,3.06,17290
2025-10-27 13:20:00-04:00,3.04,3.07,3.04,3.04,5702
2025-10-27 13:25:00-04:00,3.05,3.06,3.05,3.06,8323
2025-10-27 13:30:00-04:00,3.05,3.07,3.04,3.07,14469
2025-10-27 13:35:00-04:00,3.04,3.06,3.04,3.06,1090
2025-10-27 13:40:00-04:00,3.06,3.07,3.05,3.07,20297
2025-10-27 13:45:00-04:00,3.05,3.07,3.05,3.05,1643
2025-10-27 13:50:00-04:00,3.06,3.07,3.05,3.05,3149
2025-10-27 13:55:00-04:00,3.05,3.06,3.04,3.04,4465
2025-10-27 14:00:00-04:00,3.06,3.06,3.04,3.04,1328
2025-10-27 14:05:00-04:00,3.04,3.06,3.04,3.06,2961
2025-10-27 14:10:00-04:00,3.03,3.06,3.03,3.05,1810
2025-10-27 14:15:00-04:00,3.03,3.04,3.03,3.04,1234
2025-10-27 14:20:00-04:00,3.05,3.06,3.04,3.04,1486
2025-10-27 14:25:00-04:00,3.03,3.06,3.03,3.06,2409
2025-10-27 14:30:00-04:00,3.06,3.06,3.05,3.05,7181
2025-10-27 14:35:00-04:00,3.05,3.06,3.03,3.03,2110
2025-10-27 14:40:00-04:00,3.03,3.05,3.02,3.04,15722
2025-10-27 14:45:00-04:00,3.03,3.05,3.03,3.03,4755
2025-10-27 14:50:00-04:00,3.03,3.05,3.03,3.03,1516
2025-10-27 14:55:00-04:00,3.03,3.05,3.03,3.05,4064
2025-10-27 15:00:00-04:00,3.05,3.05,3.03,3.03,1268
2025-10-27 15:05:00-04:00,3.03,3.05,3.03,3.03,4274
2025-10-27 15:10:00-04:00,3.04,3.04,3.03,3.03,1483
2025-10-27 15:15:00-04:00,3.04,3.04,3.02,3.02,4110
2025-10-27 15:20:00-04:00,3.02,3.04,3.01,3.01,18911
2025-10-27 15:25:00-04:00,3.01,3.03,3,3.01,14663
2025-10-27 15:30:00-04:00,3.01,3.04,3.01,3.04,4037
2025-10-27 15:35:00-04:00,3.01,3.04,3,3,7405
2025-10-27 15:40:00-04:00,3,3.04,3,3.01,7828
2025-10-27 15:45:00-04:00,3.01,3.04,3,3,11142
2025-10-27 15:50:00-04:00,3.01,3.04,3,3.01,4201
2025-10-27 15:55:00-04:00,3.01,3.04,3,3,14969
2025-10-28 09:30:00-04:00,3.04,3.04,3,3,24785
2025-10-28 09:35:00-04:00,3.01,3.01,3,3.01,27262
2025-10-28 09:40:00-04:00,3.02,3.04,3.01,3.04,16311
2025-10-28 09:45:00-04:00,3.03,3.04,3.01,3.01,20650
2025-10-28 09:50:00-04:00,3.02,3.03,3,3,17917
2025-10-28 09:55:00-04:00,3.01,3.01,3,3,9700
2025-10-28 10:00:00-04:00,3,3,3,3,1658
2025-10-28 10:05:00-04:00,3,3,3,3,1791
2025-10-28 10:10:00-04:00,3,3.01,3,3.01,2971
2025-10-28 10:15:00-04:00,3,3.02,3,3.01,10814
2025-10-28 10:20:00-04:00,3.02,3.03,3.01,3.01,3472
2025-10-28 10:25:00-04:00,3,3.02,3,3,3419
2025-10-28 10:30:00-04:00,3.01,3.01,3,3.01,8332
2025-10-28 10:35:00-04:00,3.01,3.01,3,3,11305
2025-10-28 10:40:00-04:00,3,3.01,3,3.01,34475
2025-10-28 10:45:00-04:00,3,3.01,3,3,5438
2025-10-28 10:50:00-04:00,3,3.01,3,3.01,1941
2025-10-28 10:55:00-04:00,3.01,3.01,3,3.01,6703
2025-10-28 11:00:00-04:00,3,3.01,3,3.01,14638
2025-10-28 11:05:00-04:00,3,3,3,3,3329
2025-10-28 11:10:00-04:00,3.01,3.01,3,3,13023
2025-10-28 11:15:00-04:00,3.01,3.01,3,3.01,3385
2025-10-28 11:20:00-04:00,3,3,2.99,3,6632
2025-10-28 11:25:00-04:00,3,3,3,3,1135
2025-10-28 11:30:00-04:00,3,3.01,3,3,11636
2025-10-28 11:35:00-04:00,3,3.01,3,3,16425
2025-10-28 11:40:00-04:00,3,3.01,3,3,5888
2025-10-28 11:45:00-04:00,3.01,3.01,3,3,3936
2025-10-28 11:50:00-04:00,3.01,3.01,3,3.01,4542
2025-10-28 11:55:00-04:00,3,3.01,3,3,2708
2025-10-28 12:00:00-04:00,3,3.01,3,3,16551
2025-10-28 12:05:00-04:00,3,3.01,3,3,12163
2025-10-28 12:10:00-04:00,3.01,3.03,3,3.02,6920
2025-10-28 12:15:00-04:00,3.03,3.03,3.02,3.03,8455
2025-10-28 12:20:00-04:00,3.03,3.03,3.02,3.02,274
2025-10-28 12:25:00-04:00,3.03,3.03,3.03,3.03,356
2025-10-28 12:30:00-04:00,3.03,3.03,3.02,3.02,3943
2025-10-28 12:35:00-04:00,3.02,3.02,3,3,2730
2025-10-28 12:40:00-04:00,3,3.01,3,3.01,2990
2025-10-28 12:45:00-04:00,3.01,3.02,3.01,3.02,4245
2025-10-28 12:50:00-04:00,3.02,3.02,3.02,3.02,416
2025-10-28 12:55:00-04:00,3.02,3.02,3,3.01,1767
2025-10-28 13:00:00-04:00,3.02,3.02,3.01,3.01,3267
2025-10-28 13:05:00-04:00,3.02,3.02,3,3,7074
2025-10-28 13:10:00-04:00,3.01,3.02,3.01,3.02,10282
2025-10-28 13:15:00-04:00,3.01,3.01,3,3.01,12879
2025-10-28 13:20:00-04:00,3.01,3.01,3,3,1814
2025-10-28 13:25:00-04:00,3.01,3.01,3,3.01,5470
2025-10-28 13:30:00-04:00,3.01,3.01,3,3,746
2025-10-28 13:35:00-04:00,3,3.01,3,3.01,12716
2025-10-28 13:40:00-04:00,3,3,3,3,5406
2025-10-28 13:45:00-04:00,3,3.01,3,3.01,14535
2025-10-28 13:50:00-04:00,3.01,3.01,3,3.01,10320
2025-10-28 13:55:00-04:00,3.01,3.01,3,3,13706
2025-10-28 14:00:00-04:00,3,3.01,3,3,4980
2025-10-28 14:05:00-04:00,3,3.01,3,3.01,1385
2025-10-28 14:10:00-04:00,3,3.01,3,3,7382
2025-10-28 14:15:00-04:00,3.01,3.01,3,3.01,20046
2025-10-28 14:20:00-04:00,3.01,3.03,3,3.02,14737
2025-10-28 14:25:00-04:00,3.01,3.02,3,3.01,3536
2025-10-28 14:30:00-04:00,3.01,3.02,3,3,2625
2025-10-28 14:35:00-04:00,3,3,3,3,534
2025-10-28 14:40:00-04:00,3.01,3.01,3,3,1854
2025-10-28 14:45:00-04:00,3,3.01,3,3.01,5687
2025-10-28 14:50:00-04:00,3.01,3.01,3,3.01,1938
2025-10-28 14:55:00-04:00,3.01,3.01,3.01,3.01,2032
2025-10-28 15:00:00-04:00,3.01,3.02,3.01,3.01,4022
2025-10-28 15:05:00-04:00,3.01,3.02,3,3,13669
2025-10-28 15:10:00-04:00,3,3.01,3,3,2625
2025-10-28 15:15:00-04:00,3,3.02,3,3.02,1590
2025-10-28 15:20:00-04:00,3,3,3,3,4419
2025-10-28 15:25:00-04:00,3,3.01,3,3.01,3267
2025-10-28 15:30:00-04:00,3.01,3.01,3,3,1888
2025-10-28 15:35:00-04:00,3,3.02,3,3.02,9123
2025-10-28 15:40:00-04:00,3.02,3.03,3,3.01,8439
2025-10-28 15:45:00-04:00,3.01,3.03,3,3.02,36613
2025-10-28 15:50:00-04:00,3.02,3.03,3.02,3.02,5089
2025-10-28 15:55:00-04:00,3.02,3.03,3,3,34997
2025-10-29 09:30:00-04:00,3.01,3.03,2.99,3.01,37975
2025-10-29 09:35:00-04:00,3.02,3.03,3.01,3.02,7194
2025-10-29 09:40:00-04:00,3.03,3.03,3.02,3.03,3553
2025-10-29 09:45:00-04:00,3.02,3.04,3.01,3.01,7708
2025-10-29 09:50:00-04:00,3.02,3.04,3.01,3.04,7754
2025-10-29 09:55:00-04:00,3.03,3.04,3.02,3.02,2364
2025-10-29 10:00:00-04:00,3.02,3.05,3.01,3.02,52993
2025-10-29 10:05:00-04:00,3.01,3.02,3.01,3.01,11402
2025-10-29 10:10:00-04:00,3.02,3.03,3.01,3.01,26684
2025-10-29 10:15:00-04:00,3.03,3.03,3.01,3.02,2435
2025-10-29 10:20:00-04:00,3.03,3.03,3.01,3.01,8086
2025-10-29 10:25:00-04:00,3.01,3.01,3.01,3.01,5625
2025-10-29 10:30:00-04:00,3.01,3.02,3,3,7594
2025-10-29 10:35:00-04:00,3.01,3.01,3.01,3.01,931
2025-10-29 10:40:00-04:00,3,3.01,3,3,8368
2025-10-29 10:45:00-04:00,3,3.01,3,3,714
2025-10-29 10:50:00-04:00,3.01,3.02,3,3.02,23526
2025-10-29 10:55:00-04:00,3.01,3.02,3.01,3.01,6981
2025-10-29 11:00:00-04:00,3.02,3.02,3.01,3.02,3367
2025-10-29 11:05:00-04:00,3.01,3.03,3.01,3.03,1538
2025-10-29 11:10:00-04:00,3.03,3.04,3.01,3.01,98346
2025-10-29 11:15:00-04:00,3.01,3.03,3.01,3.02,2171
2025-10-29 11:20:00-04:00,3.03,3.03,3.01,3.03,32296
2025-10-29 11:30:00-04:00,3.01,3.02,3.01,3.01,7359
2025-10-29 11:35:00-04:00,3.02,3.02,3.01,3.01,9039
2025-10-29 11:40:00-04:00,3.02,3.02,3,3.01,9875
2025-10-29 11:45:00-04:00,3,3.01,3,3.01,2113
2025-10-29 11:50:00-04:00,3.02,3.02,3,3.01,4909
2025-10-29 11:55:00-04:00,3.01,3.01,3,3.01,5771
2025-10-29 12:00:00-04:00,3,3.01,3,3.01,1706
2025-10-29 12:05:00-04:00,3,3,3,3,1344
2025-10-29 12:10:00-04:00,3.01,3.04,3.01,3.02,17941
2025-10-29 12:15:00-04:00,3.03,3.03,3.03,3.03,3734
2025-10-29 12:20:00-04:00,3.03,3.03,3.01,3.01,1616
2025-10-29 12:25:00-04:00,3.02,3.02,3.02,3.02,301
2025-10-29 12:30:00-04:00,3.01,3.05,3.01,3.02,6372
2025-10-29 12:35:00-04:00,3.04,3.04,3.04,3.04,692
2025-10-29 12:40:00-04:00,3.05,3.05,3.03,3.04,2798
2025-10-29 12:45:00-04:00,3.03,3.04,3.03,3.03,3864
2025-10-29 12:50:00-04:00,3.04,3.04,3.03,3.03,1291
2025-10-29 12:55:00-04:00,3.03,3.03,3.02,3.02,1584
2025-10-29 13:00:00-04:00,3.02,3.02,3.02,3.02,2050
2025-10-29 13:05:00-04:00,3.03,3.03,3.02,3.03,3667
2025-10-29 13:10:00-04:00,3.02,3.04,3.02,3.04,2663
2025-10-29 13:15:00-04:00,3.04,3.04,3.02,3.03,4269
2025-10-29 13:20:00-04:00,3.03,3.04,3.02,3.03,2694
2025-10-29 13:25:00-04:00,3.01,3.01,3,3,43487
2025-10-29 13:30:00-04:00,3,3.01,3,3.01,11040
2025-10-29 13:35:00-04:00,3.01,3.01,3.01,3.01,10668
2025-10-29 13:40:00-04:00,3.02,3.02,3.01,3.01,3203
2025-10-29 13:45:00-04:00,3.02,3.03,3.01,3.01,20665
2025-10-29 13:50:00-04:00,3.01,3.03,3.01,3.03,4480
2025-10-29 13:55:00-04:00,3.03,3.03,3.02,3.03,16715
2025-10-29 14:00:00-04:00,3.03,3.03,3.02,3.03,25422
2025-10-29 14:05:00-04:00,3.03,3.03,3.01,3.01,11035
2025-10-29 14:10:00-04:00,3.01,3.02,3.01,3.02,1776
2025-10-29 14:15:00-04:00,3.01,3.02,3.01,3.01,3072
2025-10-29 14:20:00-04:00,3.01,3.02,3.01,3.01,7408
2025-10-29 14:25:00-04:00,3.01,3.02,3.01,3.02,35110
2025-10-29 14:30:00-04:00,3.02,3.04,3.01,3.04,6866
2025-10-29 14:35:00-04:00,3.03,3.03,3,3,53657
2025-10-29 14:40:00-04:00,3,3.01,3,3.01,49210
2025-10-29 14:45:00-04:00,3,3.01,3,3.01,16611
2025-10-29 14:50:00-04:00,3.02,3.03,3,3.01,25426
2025-10-29 14:55:00-04:00,3.02,3.03,3,3.03,17817
2025-10-29 15:00:00-04:00,3.03,3.03,3.01,3.02,3825
2025-10-29 15:05:00-04:00,3.02,3.03,3.01,3.03,1702
2025-10-29 15:10:00-04:00,3.02,3.03,3.01,3.01,3941
2025-10-29 15:15:00-04:00,3.02,3.02,3.01,3.02,2142
2025-10-29 15:20:00-04:00,3.01,3.03,3.01,3.03,816
2025-10-29 15:25:00-04:00,3.02,3.03,3.02,3.03,8632
2025-10-29 15:30:00-04:00,3.03,3.03,3.01,3.03,6665
2025-10-29 15:35:00-04:00,3.02,3.03,3.02,3.03,5146
2025-10-29 15:40:00-04:00,3.03,3.03,3.01,3.01,9297
2025-10-29 15:45:00-04:00,3.03,3.05,3.03,3.05,10458
2025-10-29 15:50:00-04:00,3.05,3.05,3.02,3.04,21315
2025-10-29 15:55:00-04:00,3.05,3.09,3.04,3.09,26602
2025-10-30 09:30:00-04:00,3.03,3.03,3.01,3.01,16700
2025-10-30 09:35:00-04:00,3.03,3.04,3.01,3.01,12177
2025-10-30 09:40:00-04:00,3.01,3.03,3.01,3.03,2854
2025-10-30 09:45:00-04:00,3.04,3.04,3.02,3.04,11405
2025-10-30 09:50:00-04:00,3.04,3.05,3.03,3.03,3252
2025-10-30 09:55:00-04:00,3.04,3.05,3.03,3.03,11292
2025-10-30 10:00:00-04:00,3.02,3.03,3.01,3.02,12060
2025-10-30 10:05:00-04:00,3.01,3.04,3.01,3.04,8430
2025-10-30 10:10:00-04:00,3.04,3.04,3.03,3.03,1271
2025-10-30 10:15:00-04:00,3.02,3.02,3.01,3.02,3579
2025-10-30 10:20:00-04:00,3.01,3.02,3.01,3.01,1380
2025-10-30 10:25:00-04:00,3.03,3.04,3.02,3.04,1606
2025-10-30 10:30:00-04:00,3.05,3.05,3.01,3.05,11840
2025-10-30 10:35:00-04:00,3.05,3.06,3.04,3.06,18112
2025-10-30 10:40:00-04:00,3.06,3.07,3.04,3.07,11174
2025-10-30 10:45:00-04:00,3.07,3.08,3.05,3.05,16108
2025-10-30 10:50:00-04:00,3.04,3.07,3.04,3.04,1555
2025-10-30 10:55:00-04:00,3.04,3.05,3.04,3.05,1138
2025-10-30 11:00:00-04:00,3.05,3.07,3.05,3.06,2224
2025-10-30 11:05:00-04:00,3.06,3.07,3.04,3.07,4236
2025-10-30 11:10:00-04:00,3.07,3.09,3.07,3.07,6924
2025-10-30 11:15:00-04:00,3.07,3.09,3.06,3.07,7179
2025-10-30 11:20:00-04:00,3.07,3.08,3.06,3.07,2433
2025-10-30 11:25:00-04:00,3.08,3.09,3.08,3.08,55938
2025-10-30 11:30:00-04:00,3.09,3.1,3.06,3.09,65650
2025-10-30 11:35:00-04:00,3.09,3.1,3.09,3.09,17919
2025-10-30 11:40:00-04:00,3.09,3.1,3.09,3.09,25019
2025-10-30 11:45:00-04:00,3.1,3.1,3.09,3.1,9121
2025-10-30 11:50:00-04:00,3.1,3.1,3.09,3.1,47819
2025-10-30 11:55:00-04:00,3.09,3.1,3.09,3.09,25777
2025-10-30 12:00:00-04:00,3.09,3.1,3.09,3.1,10862
2025-10-30 12:05:00-04:00,3.09,3.14,3.09,3.1,63714
2025-10-30 12:10:00-04:00,3.12,3.14,3.1,3.12,25770
2025-10-30 12:15:00-04:00,3.1,3.11,3.1,3.11,2141
2025-10-30 12:20:00-04:00,3.09,3.1,3.09,3.09,12523
2025-10-30 12:25:00-04:00,3.09,3.1,3.09,3.1,5297
2025-10-30 12:30:00-04:00,3.1,3.12,3.1,3.1,3276
2025-10-30 12:35:00-04:00,3.11,3.11,3.11,3.11,708
2025-10-30 12:40:00-04:00,3.11,3.11,3.11,3.11,279
2025-10-30 12:45:00-04:00,3.1,3.1,3.1,3.1,476
2025-10-30 12:50:00-04:00,3.1,3.11,3.09,3.1,75605
2025-10-30 12:55:00-04:00,3.1,3.1,3.07,3.08,7127
2025-10-30 13:00:00-04:00,3.08,3.09,3.06,3.06,2336
2025-10-30 13:05:00-04:00,3.06,3.08,3.06,3.08,6977
2025-10-30 13:10:00-04:00,3.07,3.08,3.06,3.07,9693
2025-10-30 13:15:00-04:00,3.06,3.08,3.05,3.08,13763
2025-10-30 13:20:00-04:00,3.08,3.08,3.05,3.06,6875
2025-10-30 13:25:00-04:00,3.05,3.06,3.05,3.06,1292
2025-10-30 13:30:00-04:00,3.06,3.08,3.06,3.08,2742
2025-10-30 13:35:00-04:00,3.07,3.07,3.06,3.07,1139
2025-10-30 13:40:00-04:00,3.08,3.12,3.06,3.06,136774
2025-10-30 13:45:00-04:00,3.07,3.09,3.07,3.08,2713
2025-10-30 13:50:00-04:00,3.08,3.09,3.06,3.08,6067
2025-10-30 13:55:00-04:00,3.08,3.09,3.06,3.08,3444
2025-10-30 14:00:00-04:00,3.09,3.09,3.08,3.08,11910
2025-10-30 14:05:00-04:00,3.06,3.06,3.06,3.06,364
2025-10-30 14:10:00-04:00,3.06,3.06,3.06,3.06,534
2025-10-30 14:15:00-04:00,3.08,3.09,3.06,3.08,41205
2025-10-30 14:20:00-04:00,3.08,3.15,3.06,3.06,47589
2025-10-30 14:25:00-04:00,3.06,3.25,3.06,3.08,134697
2025-10-30 14:30:00-04:00,3.08,3.08,3.07,3.07,1161
2025-10-30 14:35:00-04:00,3.08,3.08,3.07,3.08,1181
2025-10-30 14:40:00-04:00,3.07,3.07,3.07,3.07,17676
2025-10-30 14:45:00-04:00,3.08,3.08,3.07,3.08,6223
2025-10-30 14:50:00-04:00,3.08,3.08,3.08,3.08,262
2025-10-30 14:55:00-04:00,3.08,3.09,3.07,3.09,7347
2025-10-30 15:00:00-04:00,3.09,3.09,3.08,3.08,7630
2025-10-30 15:05:00-04:00,3.09,3.09,3.07,3.08,13747
2025-10-30 15:10:00-04:00,3.09,3.09,3.07,3.08,1264
2025-10-30 15:15:00-04:00,3.08,3.08,3.07,3.08,4059
2025-10-30 15:20:00-04:00,3.08,3.08,3.07,3.07,23670
2025-10-30 15:25:00-04:00,3.08,3.08,3.07,3.08,6188
2025-10-30 15:30:00-04:00,3.08,3.1,3.07,3.1,7192
2025-10-30 15:35:00-04:00,3.1,3.1,3.08,3.09,8543
2025-10-30 15:40:00-04:00,3.1,3.1,3.07,3.08,20135
2025-10-30 15:45:00-04:00,3.08,3.08,3.07,3.07,4149
2025-10-30 15:50:00-04:00,3.07,3.07,3.01,3.01,34590
2025-10-30 15:55:00-04:00,3.04,3.05,2.96,2.98,162821
2025-10-31 09:30:00-04:00,3.05,3.08,3,3.02,24842
2025-10-31 09:35:00-04:00,3.02,3.03,3.01,3.01,21722
2025-10-31 09:40:00-04:00,3.01,3.03,3.01,3.02,7515
2025-10-31 09:45:00-04:00,3.02,3.02,3,3.01,12332
2025-10-31 09:50:00-04:00,3.02,3.03,3.02,3.03,10978
2025-10-31 09:55:00-04:00,3.03,3.03,3.02,3.03,3299
2025-10-31 10:00:00-04:00,3.02,3.04,3.02,3.03,6389
2025-10-31 10:05:00-04:00,3.02,3.03,3.02,3.03,914
2025-10-31 10:10:00-04:00,3.02,3.03,3.01,3.01,7749
2025-10-31 10:15:00-04:00,3.01,3.02,3,3,5760
2025-10-31 10:20:00-04:00,3,3.02,3,3.02,11228
2025-10-31 10:25:00-04:00,3.02,3.02,3,3.01,5452
2025-10-31 10:30:00-04:00,3.01,3.02,3.01,3.02,2259
2025-10-31 10:35:00-04:00,3.03,3.04,3.02,3.03,3514
2025-10-31 10:40:00-04:00,3.03,3.04,3.03,3.03,3341
2025-10-31 10:45:00-04:00,3.03,3.05,3.03,3.04,2126
2025-10-31 10:50:00-04:00,3.05,3.05,3.04,3.04,3089
2025-10-31 10:55:00-04:00,3.05,3.05,3.03,3.03,6788
2025-10-31 11:00:00-04:00,3.04,3.04,3.02,3.02,9612
2025-10-31 11:05:00-04:00,3.02,3.04,3.02,3.02,1944
2025-10-31 11:10:00-04:00,3.03,3.03,3.02,3.03,3512
2025-10-31 11:15:00-04:00,3.04,3.04,3,3.02,6393
2025-10-31 11:20:00-04:00,3.02,3.02,3,3.01,16798
2025-10-31 11:25:00-04:00,3.01,3.02,3,3.02,3400
2025-10-31 11:30:00-04:00,3.02,3.02,3,3.01,18448
2025-10-31 11:35:00-04:00,3.01,3.02,3,3.02,3635
2025-10-31 11:40:00-04:00,3.02,3.02,3.01,3.01,2320
2025-10-31 11:45:00-04:00,3.01,3.03,3.01,3.02,7468
2025-10-31 11:50:00-04:00,3.02,3.03,3.01,3.03,5290
2025-10-31 11:55:00-04:00,3.03,3.03,3,3.03,13605
2025-10-31 12:00:00-04:00,3.03,3.03,3.01,3.02,2735
2025-10-31 12:05:00-04:00,3.01,3.02,3.01,3.01,4514
2025-10-31 12:10:00-04:00,3.02,3.02,3,3.01,13786
2025-10-31 12:15:00-04:00,3,3.01,2.98,2.98,20044
2025-10-31 12:20:00-04:00,2.98,2.99,2.97,2.99,3566
2025-10-31 12:25:00-04:00,2.98,2.99,2.97,2.99,15082
2025-10-31 12:30:00-04:00,2.99,3.01,2.99,3,5827
2025-10-31 12:35:00-04:00,3.01,3.01,3,3.01,1608
2025-10-31 12:40:00-04:00,3,3.01,2.99,3.01,3212
2025-10-31 12:45:00-04:00,3,3.01,2.99,2.99,1481
2025-10-31 12:50:00-04:00,2.99,3,2.98,2.98,20106
2025-10-31 12:55:00-04:00,2.98,2.99,2.98,2.98,3830
2025-10-31 13:00:00-04:00,3,3.01,2.99,3.01,2594
2025-10-31 13:05:00-04:00,3.01,3.01,3,3.01,902
2025-10-31 13:10:00-04:00,3.01,3.01,3.01,3.01,1565
2025-10-31 13:15:00-04:00,3.01,3.01,3.01,3.01,2985
2025-10-31 13:20:00-04:00,3.01,3.01,2.98,2.98,3381
2025-10-31 13:25:00-04:00,3,3.02,3,3.02,2683
2025-10-31 13:30:00-04:00,3.03,3.03,3.02,3.02,1471
2025-10-31 13:35:00-04:00,3.02,3.02,3.01,3.01,900
2025-10-31 13:40:00-04:00,3.03,3.03,3.01,3.01,583
2025-10-31 13:45:00-04:00,3.03,3.03,3.02,3.03,1655
2025-10-31 13:50:00-04:00,3.03,3.03,3.02,3.03,2559
2025-10-31 13:55:00-04:00,3.02,3.03,3.02,3.03,5514
2025-10-31 14:00:00-04:00,3.02,3.03,3.02,3.02,2264
2025-10-31 14:05:00-04:00,3.03,3.03,3.03,3.03,300
2025-10-31 14:10:00-04:00,3.02,3.02,3.02,3.02,482
2025-10-31 14:15:00-04:00,3.02,3.02,3.02,3.02,438
2025-10-31 14:25:00-04:00,3.02,3.03,3.02,3.03,2653
2025-10-31 14:30:00-04:00,3.02,3.03,3.02,3.02,2292
2025-10-31 14:35:00-04:00,3.03,3.03,3.03,3.03,474
2025-10-31 14:40:00-04:00,3.02,3.02,3.01,3.02,1071
2025-10-31 14:45:00-04:00,3.01,3.02,3.01,3.01,2610
2025-10-31 14:50:00-04:00,3.02,3.02,3.01,3.01,4799
2025-10-31 14:55:00-04:00,3,3.02,3,3.01,3358
2025-10-31 15:00:00-04:00,3.01,3.01,3,3,7179
2025-10-31 15:05:00-04:00,3,3.01,3,3.01,3030
2025-10-31 15:10:00-04:00,3,3.01,3,3,4664
2025-10-31 15:15:00-04:00,3,3.02,3,3,7374
2025-10-31 15:20:00-04:00,3.02,3.02,3,3.01,1726
2025-10-31 15:25:00-04:00,3,3.01,3,3.01,1323
2025-10-31 15:30:00-04:00,3,3.02,3,3.01,6056
2025-10-31 15:35:00-04:00,3.02,3.02,3,3.01,1039
2025-10-31 15:40:00-04:00,3,3.02,3,3.02,6808
2025-10-31 15:45:00-04:00,3.02,3.02,3,3,4953
2025-10-31 15:50:00-04:00,3,3.04,2.98,2.98,40394
2025-10-31 15:55:00-04:00,3,3.03,2.99,3,5107
2025-11-03 09:30:00-05:00,3.05,3.05,2.94,2.96,57813
2025-11-03 09:35:00-05:00,2.96,2.99,2.96,2.98,17308
2025-11-03 09:40:00-05:00,2.97,2.98,2.95,2.95,5387
2025-11-03 09:45:00-05:00,2.96,2.99,2.96,2.99,7624
2025-11-03 09:50:00-05:00,2.97,3,2.97,2.97,6068
2025-11-03 09:55:00-05:00,2.96,2.97,2.96,2.97,3094
2025-11-03 10:00:00-05:00,2.96,2.99,2.96,2.97,40069
2025-11-03 10:05:00-05:00,2.97,2.98,2.95,2.98,20517
2025-11-03 10:10:00-05:00,2.98,2.98,2.96,2.96,4447
2025-11-03 10:15:00-05:00,2.96,2.96,2.94,2.94,83810
2025-11-03 10:20:00-05:00,2.94,2.95,2.92,2.93,12016
2025-11-03 10:25:00-05:00,2.93,2.95,2.91,2.91,27073
2025-11-03 10:30:00-05:00,2.93,2.94,2.91,2.91,15852
2025-11-03 10:35:00-05:00,2.92,2.93,2.91,2.91,11782
2025-11-03 10:40:00-05:00,2.92,2.93,2.91,2.93,12919
2025-11-03 10:45:00-05:00,2.93,2.93,2.92,2.93,1326
2025-11-03 10:50:00-05:00,2.92,2.93,2.92,2.92,13763
2025-11-03 10:55:00-05:00,2.93,2.94,2.92,2.94,14211
2025-11-03 11:00:00-05:00,2.93,2.93,2.91,2.92,12997
2025-11-03 11:05:00-05:00,2.92,2.92,2.91,2.92,9800
2025-11-03 11:10:00-05:00,2.92,2.93,2.92,2.93,4080
2025-11-03 11:15:00-05:00,2.93,2.93,2.92,2.92,2753
2025-11-03 11:20:00-05:00,2.93,2.93,2.93,2.93,7253
2025-11-03 11:25:00-05:00,2.93,2.93,2.92,2.93,2238
2025-11-03 11:30:00-05:00,2.93,2.93,2.92,2.92,82451
2025-11-03 11:35:00-05:00,2.92,2.93,2.92,2.93,11737
2025-11-03 11:40:00-05:00,2.92,2.93,2.92,2.93,1101
2025-11-03 11:45:00-05:00,2.94,2.94,2.93,2.93,4105
2025-11-03 11:50:00-05:00,2.93,2.94,2.93,2.93,6858
2025-11-03 11:55:00-05:00,2.93,2.93,2.92,2.92,3412
2025-11-03 12:00:00-05:00,2.93,2.93,2.92,2.92,3207
2025-11-03 12:05:00-05:00,2.92,2.93,2.92,2.93,2720
2025-11-03 12:10:00-05:00,2.92,2.92,2.91,2.91,751
2025-11-03 12:15:00-05:00,2.92,2.92,2.91,2.91,7548
2025-11-03 12:20:00-05:00,2.91,2.92,2.9,2.92,1997
2025-11-03 12:25:00-05:00,2.9,2.9,2.89,2.89,15419
2025-11-03 12:30:00-05:00,2.88,2.9,2.88,2.9,8337
2025-11-03 12:35:00-05:00,2.9,2.9,2.89,2.9,5601
2025-11-03 12:40:00-05:00,2.91,2.91,2.91,2.91,270
2025-11-03 12:50:00-05:00,2.9,2.9,2.9,2.9,511
2025-11-03 12:55:00-05:00,2.91,2.91,2.9,2.91,2168
2025-11-03 13:00:00-05:00,2.91,2.91,2.91,2.91,2134
2025-11-03 13:05:00-05:00,2.9,2.91,2.9,2.91,4402
2025-11-03 13:10:00-05:00,2.9,2.9,2.89,2.89,7556
2025-11-03 13:15:00-05:00,2.89,2.89,2.88,2.89,11821
2025-11-03 13:20:00-05:00,2.89,2.9,2.89,2.9,13367
2025-11-03 13:25:00-05:00,2.9,2.9,2.89,2.9,8887
2025-11-03 13:30:00-05:00,2.89,2.89,2.87,2.87,45807
2025-11-03 13:35:00-05:00,2.88,2.88,2.88,2.88,2917
2025-11-03 13:40:00-05:00,2.87,2.87,2.86,2.86,7059
2025-11-03 13:45:00-05:00,2.87,2.88,2.87,2.88,18097
2025-11-03 13:50:00-05:00,2.87,2.88,2.86,2.86,1100
2025-11-03 13:55:00-05:00,2.86,2.87,2.85,2.85,4272
2025-11-03 14:00:00-05:00,2.86,2.87,2.85,2.85,29238
2025-11-03 14:05:00-05:00,2.85,2.85,2.81,2.81,52787
2025-11-03 14:10:00-05:00,2.81,2.87,2.8,2.86,35871
2025-11-03 14:15:00-05:00,2.88,2.89,2.87,2.88,14046
2025-11-03 14:20:00-05:00,2.87,2.89,2.87,2.88,2647
2025-11-03 14:25:00-05:00,2.88,2.89,2.86,2.88,41264
2025-11-03 14:30:00-05:00,2.88,2.88,2.85,2.87,16415
2025-11-03 14:35:00-05:00,2.85,2.86,2.84,2.86,15909
2025-11-03 14:40:00-05:00,2.86,2.86,2.86,2.86,176
2025-11-03 14:45:00-05:00,2.86,2.87,2.86,2.87,1770
2025-11-03 14:50:00-05:00,2.87,2.87,2.87,2.87,800
2025-11-03 14:55:00-05:00,2.86,2.87,2.86,2.87,646
2025-11-03 15:00:00-05:00,2.87,2.87,2.85,2.87,3546
2025-11-03 15:05:00-05:00,2.86,2.88,2.86,2.87,976
2025-11-03 15:10:00-05:00,2.89,2.89,2.87,2.88,2033
2025-11-03 15:15:00-05:00,2.88,2.88,2.85,2.87,9563
2025-11-03 15:20:00-05:00,2.86,2.88,2.85,2.85,4034
2025-11-03 15:25:00-05:00,2.86,2.88,2.86,2.88,2555
2025-11-03 15:30:00-05:00,2.86,2.88,2.86,2.88,3737
2025-11-03 15:35:00-05:00,2.87,2.88,2.86,2.86,3629
2025-11-03 15:40:00-05:00,2.88,2.89,2.87,2.87,4260
2025-11-03 15:45:00-05:00,2.85,2.88,2.85,2.86,3140
2025-11-03 15:50:00-05:00,2.86,2.86,2.85,2.85,2687
2025-11-03 15:55:00-05:00,2.85,2.88,2.85,2.85,5392
2025-11-04 09:30:00-05:00,2.82,2.87,2.81,2.86,19628
2025-11-04 09:35:00-05:00,2.87,2.87,2.8,2.81,10781
2025-11-04 09:40:00-05:00,2.81,2.87,2.8,2.87,5757
2025-11-04 09:45:00-05:00,2.87,2.88,2.86,2.88,4575
2025-11-04 09:50:00-05:00,2.88,2.88,2.87,2.88,10117
2025-11-04 09:55:00-05:00,2.88,2.92,2.87,2.87,11301
2025-11-04 10:00:00-05:00,2.88,2.9,2.87,2.88,11854
2025-11-04 10:05:00-05:00,2.89,2.89,2.86,2.86,6190
2025-11-04 10:10:00-05:00,2.85,2.88,2.85,2.88,3238
2025-11-04 10:15:00-05:00,2.87,2.87,2.85,2.87,3543
2025-11-04 10:20:00-05:00,2.88,2.92,2.87,2.9,20513
2025-11-04 10:25:00-05:00,2.9,2.9,2.87,2.9,18294
2025-11-04 10:30:00-05:00,2.86,2.88,2.86,2.86,3926
2025-11-04 10:35:00-05:00,2.87,2.88,2.86,2.86,5641
2025-11-04 10:40:00-05:00,2.87,2.88,2.86,2.87,2199
2025-11-04 10:45:00-05:00,2.87,2.87,2.85,2.86,5891
2025-11-04 10:50:00-05:00,2.86,2.86,2.85,2.85,10000
2025-11-04 10:55:00-05:00,2.85,2.87,2.85,2.85,5291
2025-11-04 11:00:00-05:00,2.88,2.88,2.85,2.87,749
2025-11-04 11:05:00-05:00,2.85,2.87,2.85,2.86,14348
2025-11-04 11:10:00-05:00,2.87,2.87,2.87,2.87,5842
2025-11-04 11:15:00-05:00,2.85,2.87,2.85,2.87,2601
2025-11-04 11:20:00-05:00,2.87,2.87,2.87,2.87,885
2025-11-04 11:25:00-05:00,2.86,2.88,2.86,2.88,4740
2025-11-04 11:30:00-05:00,2.87,2.89,2.87,2.89,3154
2025-11-04 11:35:00-05:00,2.89,2.9,2.88,2.88,4919
2025-11-04 11:40:00-05:00,2.9,2.9,2.87,2.88,1193
2025-11-04 11:45:00-05:00,2.9,2.9,2.88,2.9,1080
2025-11-04 11:50:00-05:00,2.9,2.9,2.9,2.9,1430
2025-11-04 11:55:00-05:00,2.9,2.9,2.89,2.9,1257
2025-11-04 12:00:00-05:00,2.89,2.9,2.87,2.89,4860
2025-11-04 12:05:00-05:00,2.89,2.89,2.87,2.89,1603
2025-11-04 12:10:00-05:00,2.9,2.91,2.88,2.9,6483
2025-11-04 12:15:00-05:00,2.9,2.9,2.9,2.9,272
2025-11-04 12:20:00-05:00,2.88,2.91,2.88,2.88,5377
2025-11-04 12:25:00-05:00,2.88,2.89,2.86,2.86,10940
2025-11-04 12:30:00-05:00,2.9,2.9,2.86,2.86,500
2025-11-04 12:35:00-05:00,2.86,2.9,2.86,2.88,2098
2025-11-04 12:40:00-05:00,2.88,2.88,2.86,2.86,307
2025-11-04 12:45:00-05:00,2.87,2.88,2.86,2.87,3491
2025-11-04 12:50:00-05:00,2.87,2.9,2.87,2.87,2719
2025-11-04 12:55:00-05:00,2.89,2.89,2.87,2.88,2501
2025-11-04 13:00:00-05:00,2.88,2.91,2.87,2.91,5496
2025-11-04 13:05:00-05:00,2.88,2.89,2.88,2.89,3231
2025-11-04 13:10:00-05:00,2.9,2.9,2.89,2.89,750
2025-11-04 13:15:00-05:00,2.9,2.9,2.89,2.89,643
2025-11-04 13:20:00-05:00,2.89,2.89,2.89,2.89,534
2025-11-04 13:25:00-05:00,2.9,2.9,2.9,2.9,183
2025-11-04 13:30:00-05:00,2.9,2.91,2.9,2.91,3947
2025-11-04 13:35:00-05:00,2.91,2.91,2.9,2.91,9270
2025-11-04 13:40:00-05:00,2.91,2.91,2.89,2.89,1352
2025-11-04 13:45:00-05:00,2.9,2.92,2.9,2.92,1220
2025-11-04 13:50:00-05:00,2.91,2.94,2.9,2.93,9728
2025-11-04 13:55:00-05:00,2.93,2.94,2.92,2.94,1369
2025-11-04 14:00:00-05:00,2.93,2.95,2.93,2.94,22196
2025-11-04 14:05:00-05:00,2.93,2.93,2.91,2.93,3072
2025-11-04 14:10:00-05:00,2.92,2.93,2.91,2.93,1521
2025-11-04 14:15:00-05:00,2.92,2.92,2.92,2.92,292
2025-11-04 14:20:00-05:00,2.92,2.93,2.92,2.93,2414
2025-11-04 14:25:00-05:00,2.93,2.93,2.92,2.93,1418
2025-11-04 14:30:00-05:00,2.93,2.93,2.91,2.92,2162
2025-11-04 14:35:00-05:00,2.91,2.91,2.91,2.91,1392
2025-11-04 14:40:00-05:00,2.92,2.92,2.9,2.91,1248
2025-11-04 14:45:00-05:00,2.92,2.93,2.92,2.93,11054
2025-11-04 14:50:00-05:00,2.92,2.92,2.91,2.91,3237
2025-11-04 14:55:00-05:00,2.91,2.92,2.91,2.92,520
2025-11-04 15:00:00-05:00,2.9,2.91,2.9,2.9,1513
2025-11-04 15:05:00-05:00,2.91,2.91,2.9,2.9,823
2025-11-04 15:10:00-05:00,2.9,2.92,2.9,2.92,1325
2025-11-04 15:15:00-05:00,2.92,2.93,2.92,2.92,2057
2025-11-04 15:20:00-05:00,2.93,2.93,2.9,2.9,2730
2025-11-04 15:25:00-05:00,2.9,2.91,2.9,2.9,764
2025-11-04 15:30:00-05:00,2.9,2.91,2.9,2.9,485
2025-11-04 15:35:00-05:00,2.9,2.91,2.9,2.91,2104
2025-11-04 15:40:00-05:00,2.91,2.91,2.9,2.91,6770
2025-11-04 15:45:00-05:00,2.92,2.92,2.9,2.92,8866
2025-11-04 15:50:00-05:00,2.91,2.91,2.9,2.9,6726
2025-11-04 15:55:00-05:00,2.91,2.92,2.88,2.92,7456
2025-11-05 09:30:00-05:00,2.96,2.96,2.88,2.88,10148
2025-11-05 09:35:00-05:00,2.91,2.91,2.91,2.91,4542
2025-11-05 09:40:00-05:00,2.9,2.91,2.88,2.91,2281
2025-11-05 09:45:00-05:00,2.9,2.91,2.88,2.9,10291
2025-11-05 09:50:00-05:00,2.91,2.91,2.87,2.89,25498
2025-11-05 09:55:00-05:00,2.87,2.88,2.85,2.87,4699
2025-11-05 10:00:00-05:00,2.87,2.89,2.87,2.88,2663
2025-11-05 10:05:00-05:00,2.88,2.91,2.88,2.91,3548
2025-11-05 10:10:00-05:00,2.91,2.91,2.9,2.9,2000
2025-11-05 10:15:00-05:00,2.91,2.91,2.9,2.9,617
2025-11-05 10:20:00-05:00,2.9,2.91,2.9,2.91,2744
2025-11-05 10:25:00-05:00,2.91,2.91,2.89,2.91,5679
2025-11-05 10:30:00-05:00,2.91,2.91,2.89,2.89,6581
2025-11-05 10:35:00-05:00,2.89,2.9,2.89,2.9,1135
2025-11-05 10:40:00-05:00,2.89,2.9,2.88,2.9,1243
2025-11-05 10:45:00-05:00,2.89,2.9,2.88,2.9,27774
2025-11-05 10:50:00-05:00,2.91,2.91,2.88,2.89,2753
2025-11-05 10:55:00-05:00,2.91,2.94,2.89,2.9,9224
2025-11-05 11:00:00-05:00,2.89,2.89,2.86,2.86,5513
2025-11-05 11:05:00-05:00,2.9,2.9,2.88,2.88,1043
2025-11-05 11:10:00-05:00,2.86,2.95,2.86,2.89,27928
2025-11-05 11:15:00-05:00,2.88,2.9,2.88,2.9,1714
2025-11-05 11:20:00-05:00,2.89,2.9,2.89,2.9,938
2025-11-05 11:25:00-05:00,2.91,2.91,2.87,2.9,1844
2025-11-05 11:30:00-05:00,2.89,2.89,2.89,2.89,1577
2025-11-05 11:35:00-05:00,2.9,2.9,2.87,2.89,7016
2025-11-05 11:40:00-05:00,2.89,2.89,2.87,2.89,2344
2025-11-05 11:45:00-05:00,2.89,2.89,2.87,2.88,558
2025-11-05 11:50:00-05:00,2.89,2.9,2.89,2.89,14720
2025-11-05 11:55:00-05:00,2.87,2.9,2.87,2.89,4183
2025-11-05 12:00:00-05:00,2.88,2.88,2.87,2.87,18194
2025-11-05 12:05:00-05:00,2.88,2.9,2.87,2.87,9497
2025-11-05 12:10:00-05:00,2.87,2.91,2.87,2.91,4131
2025-11-05 12:15:00-05:00,2.89,2.9,2.89,2.89,2017
2025-11-05 12:20:00-05:00,2.9,2.91,2.9,2.91,8155
2025-11-05 12:25:00-05:00,2.91,2.91,2.9,2.91,2357
2025-11-05 12:30:00-05:00,2.91,2.91,2.91,2.91,1332
2025-11-05 12:35:00-05:00,2.91,2.91,2.91,2.91,1755
2025-11-05 12:40:00-05:00,2.91,2.91,2.91,2.91,8816
2025-11-05 12:45:00-05:00,2.91,2.91,2.9,2.9,1619
2025-11-05 12:50:00-05:00,2.91,2.91,2.91,2.91,747
2025-11-05 12:55:00-05:00,2.91,2.91,2.91,2.91,16826
2025-11-05 13:00:00-05:00,2.92,2.92,2.92,2.92,2855
2025-11-05 13:05:00-05:00,2.92,2.92,2.92,2.92,422
2025-11-05 13:10:00-05:00,2.93,2.93,2.93,2.93,1133
2025-11-05 13:15:00-05:00,2.92,2.93,2.92,2.93,1228
2025-11-05 13:20:00-05:00,2.92,2.93,2.92,2.93,1887
2025-11-05 13:25:00-05:00,2.93,2.93,2.92,2.92,3380
2025-11-05 13:30:00-05:00,2.93,2.93,2.92,2.93,2389
2025-11-05 13:35:00-05:00,2.92,2.93,2.92,2.92,4902
2025-11-05 13:40:00-05:00,2.93,2.93,2.91,2.91,9320
2025-11-05 13:45:00-05:00,2.92,2.92,2.92,2.92,403
2025-11-05 13:50:00-05:00,2.92,2.92,2.9,2.9,3261
2025-11-05 13:55:00-05:00,2.9,2.91,2.9,2.9,15579
2025-11-05 14:00:00-05:00,2.9,2.9,2.89,2.89,980
2025-11-05 14:05:00-05:00,2.88,2.9,2.88,2.88,2638
2025-11-05 14:10:00-05:00,2.88,2.91,2.88,2.88,4929
2025-11-05 14:15:00-05:00,2.88,2.89,2.86,2.87,5789
2025-11-05 14:20:00-05:00,2.86,2.87,2.86,2.87,2923
2025-11-05 14:25:00-05:00,2.87,2.87,2.85,2.85,8588
2025-11-05 14:30:00-05:00,2.85,2.89,2.85,2.88,8469
2025-11-05 14:35:00-05:00,2.87,2.87,2.87,2.87,1017
2025-11-05 14:40:00-05:00,2.87,2.87,2.85,2.87,4865
2025-11-05 14:45:00-05:00,2.86,2.88,2.86,2.87,3429
2025-11-05 14:50:00-05:00,2.87,2.88,2.87,2.87,1764
2025-11-05 14:55:00-05:00,2.87,2.87,2.86,2.87,2199
2025-11-05 15:00:00-05:00,2.86,2.88,2.85,2.86,8358
2025-11-05 15:05:00-05:00,2.88,2.88,2.85,2.86,4416
2025-11-05 15:10:00-05:00,2.86,2.86,2.85,2.86,6434
2025-11-05 15:15:00-05:00,2.86,2.86,2.85,2.86,3006
2025-11-05 15:20:00-05:00,2.86,2.88,2.85,2.88,8713
2025-11-05 15:25:00-05:00,2.87,2.88,2.85,2.88,7238
2025-11-05 15:30:00-05:00,2.86,2.87,2.85,2.85,1893
2025-11-05 15:35:00-05:00,2.85,2.87,2.82,2.82,24870
2025-11-05 15:40:00-05:00,2.85,2.85,2.83,2.85,5865
2025-11-05 15:45:00-05:00,2.83,2.85,2.82,2.85,4504
2025-11-05 15:50:00-05:00,2.84,2.85,2.82,2.85,9553
2025-11-05 15:55:00-05:00,2.83,2.87,2.82,2.86,14769
2025-11-06 09:30:00-05:00,2.9,2.91,2.88,2.89,1894
2025-11-06 09:35:00-05:00,2.9,2.9,2.86,2.87,3492
2025-11-06 09:40:00-05:00,2.88,2.88,2.85,2.85,9344
2025-11-06 09:45:00-05:00,2.86,2.88,2.85,2.88,3007
2025-11-06 09:50:00-05:00,2.85,2.88,2.85,2.88,3936
2025-11-06 09:55:00-05:00,2.87,2.89,2.87,2.87,41919
2025-11-06 10:00:00-05:00,2.89,2.89,2.86,2.88,5421
2025-11-06 10:05:00-05:00,2.88,2.88,2.86,2.86,4080
2025-11-06 10:10:00-05:00,2.87,2.9,2.86,2.89,5678
2025-11-06 10:15:00-05:00,2.89,2.89,2.86,2.88,5645
2025-11-06 10:20:00-05:00,2.89,2.89,2.88,2.88,3895
2025-11-06 10:25:00-05:00,2.88,2.88,2.87,2.87,1046
2025-11-06 10:30:00-05:00,2.86,2.87,2.86,2.86,4774
2025-11-06 10:35:00-05:00,2.86,2.87,2.84,2.86,14454
2025-11-06 10:40:00-05:00,2.85,2.85,2.83,2.84,4000
2025-11-06 10:45:00-05:00,2.86,2.86,2.82,2.82,2303
2025-11-06 10:50:00-05:00,2.81,2.83,2.81,2.83,1445
2025-11-06 10:55:00-05:00,2.82,2.86,2.82,2.84,2406
2025-11-06 11:00:00-05:00,2.82,2.84,2.82,2.83,4807
2025-11-06 11:05:00-05:00,2.83,2.85,2.81,2.85,16133
2025-11-06 11:10:00-05:00,2.83,2.84,2.82,2.83,2760
2025-11-06 11:15:00-05:00,2.83,2.83,2.82,2.82,1895
2025-11-06 11:20:00-05:00,2.82,2.82,2.81,2.82,12252
2025-11-06 11:25:00-05:00,2.82,2.82,2.81,2.82,2349
2025-11-06 11:30:00-05:00,2.82,2.82,2.81,2.82,11822
2025-11-06 11:35:00-05:00,2.82,2.83,2.8,2.82,7367
2025-11-06 11:40:00-05:00,2.81,2.82,2.8,2.8,16350
2025-11-06 11:45:00-05:00,2.8,2.81,2.8,2.81,36629
2025-11-06 11:50:00-05:00,2.81,2.82,2.8,2.81,20526
2025-11-06 11:55:00-05:00,2.82,2.82,2.81,2.82,7337
2025-11-06 12:00:00-05:00,2.82,2.85,2.82,2.84,9817
2025-11-06 12:05:00-05:00,2.82,2.85,2.81,2.81,11287
2025-11-06 12:10:00-05:00,2.84,2.85,2.81,2.85,12321
2025-11-06 12:15:00-05:00,2.82,2.82,2.82,2.82,1330
2025-11-06 12:20:00-05:00,2.82,2.83,2.82,2.83,1006
2025-11-06 12:25:00-05:00,2.83,2.84,2.82,2.83,848
2025-11-06 12:30:00-05:00,2.84,2.84,2.83,2.83,5294
2025-11-06 12:35:00-05:00,2.83,2.83,2.82,2.82,1866
2025-11-06 12:40:00-05:00,2.83,2.83,2.82,2.82,16035
2025-11-06 12:45:00-05:00,2.83,2.83,2.81,2.83,7049
2025-11-06 12:50:00-05:00,2.83,2.83,2.82,2.82,2174
2025-11-06 12:55:00-05:00,2.83,2.83,2.82,2.82,1625
2025-11-06 13:00:00-05:00,2.82,2.83,2.81,2.83,4366
2025-11-06 13:05:00-05:00,2.82,2.83,2.82,2.83,3421
2025-11-06 13:10:00-05:00,2.83,2.83,2.82,2.83,5848
2025-11-06 13:15:00-05:00,2.83,2.83,2.82,2.82,6918
2025-11-06 13:20:00-05:00,2.82,2.83,2.81,2.83,825
2025-11-06 13:25:00-05:00,2.82,2.84,2.82,2.83,2432
2025-11-06 13:30:00-05:00,2.83,2.85,2.82,2.85,7034
2025-11-06 13:35:00-05:00,2.84,2.85,2.84,2.85,3844
2025-11-06 13:40:00-05:00,2.86,2.86,2.83,2.85,7743
2025-11-06 13:45:00-05:00,2.85,2.85,2.83,2.85,1801
2025-11-06 13:50:00-05:00,2.85,2.85,2.84,2.84,3058
2025-11-06 13:55:00-05:00,2.85,2.85,2.82,2.82,932
2025-11-06 14:00:00-05:00,2.83,2.84,2.82,2.83,1626
2025-11-06 14:05:00-05:00,2.84,2.84,2.82,2.82,4591
2025-11-06 14:10:00-05:00,2.83,2.83,2.83,2.83,554
2025-11-06 14:15:00-05:00,2.83,2.83,2.83,2.83,101
2025-11-06 14:20:00-05:00,2.83,2.84,2.81,2.82,6260
2025-11-06 14:25:00-05:00,2.82,2.84,2.81,2.83,1989
2025-11-06 14:30:00-05:00,2.83,2.84,2.83,2.83,2569
2025-11-06 14:35:00-05:00,2.83,2.84,2.83,2.84,707
2025-11-06 14:40:00-05:00,2.82,2.82,2.81,2.81,4275
2025-11-06 14:45:00-05:00,2.82,2.82,2.8,2.8,38579
2025-11-06 14:50:00-05:00,2.81,2.81,2.8,2.81,1326
2025-11-06 14:55:00-05:00,2.81,2.81,2.81,2.81,472
2025-11-06 15:00:00-05:00,2.8,2.81,2.8,2.8,9870
2025-11-06 15:05:00-05:00,2.81,2.81,2.8,2.8,963
2025-11-06 15:10:00-05:00,2.81,2.83,2.81,2.82,1165
2025-11-06 15:15:00-05:00,2.82,2.85,2.82,2.85,41227
2025-11-06 15:20:00-05:00,2.84,2.85,2.84,2.85,3123
2025-11-06 15:25:00-05:00,2.85,2.85,2.84,2.85,14552
2025-11-06 15:30:00-05:00,2.84,2.85,2.82,2.83,53645
2025-11-06 15:35:00-05:00,2.83,2.85,2.81,2.85,44106
2025-11-06 15:40:00-05:00,2.81,2.81,2.8,2.81,7586
2025-11-06 15:45:00-05:00,2.8,2.81,2.74,2.74,74472
2025-11-06 15:50:00-05:00,2.74,2.74,2.71,2.72,16484
2025-11-06 15:55:00-05:00,2.72,2.74,2.71,2.73,20240
2025-11-07 09:30:00-05:00,2.8,2.8,2.71,2.74,25789
2025-11-07 09:35:00-05:00,2.75,2.75,2.71,2.71,36775
2025-11-07 09:40:00-05:00,2.73,2.75,2.71,2.71,34302
2025-11-07 09:45:00-05:00,2.71,2.72,2.69,2.7,52022
2025-11-07 09:50:00-05:00,2.7,2.74,2.68,2.73,9891
2025-11-07 09:55:00-05:00,2.72,2.74,2.7,2.74,14910
2025-11-07 10:00:00-05:00,2.74,2.75,2.71,2.75,11868
2025-11-07 10:05:00-05:00,2.74,2.77,2.74,2.77,12563
2025-11-07 10:10:00-05:00,2.77,2.8,2.77,2.78,5042
2025-11-07 10:15:00-05:00,2.79,2.82,2.78,2.8,8973
2025-11-07 10:20:00-05:00,2.78,2.8,2.78,2.8,2070
2025-11-07 10:25:00-05:00,2.78,2.83,2.78,2.83,3145
2025-11-07 10:30:00-05:00,2.79,2.83,2.79,2.8,2706
2025-11-07 10:35:00-05:00,2.81,2.83,2.81,2.82,4545
2025-11-07 10:40:00-05:00,2.82,2.82,2.82,2.82,2347
2025-11-07 10:45:00-05:00,2.82,2.83,2.82,2.82,2783
2025-11-07 10:50:00-05:00,2.82,2.83,2.82,2.82,6444
2025-11-07 10:55:00-05:00,2.83,2.84,2.83,2.83,8821
2025-11-07 11:00:00-05:00,2.83,2.83,2.81,2.81,2319
2025-11-07 11:05:00-05:00,2.8,2.8,2.77,2.77,4762
2025-11-07 11:10:00-05:00,2.77,2.77,2.74,2.75,3548
2025-11-07 11:15:00-05:00,2.75,2.76,2.73,2.76,7393
2025-11-07 11:20:00-05:00,2.77,2.78,2.75,2.77,3004
2025-11-07 11:25:00-05:00,2.77,2.77,2.75,2.76,5153
2025-11-07 11:30:00-05:00,2.75,2.76,2.73,2.74,6644
2025-11-07 11:35:00-05:00,2.74,2.78,2.74,2.77,8508
2025-11-07 11:40:00-05:00,2.78,2.78,2.77,2.77,1148
2025-11-07 11:45:00-05:00,2.78,2.79,2.77,2.77,2413
2025-11-07 11:50:00-05:00,2.78,2.79,2.77,2.79,1911
2025-11-07 11:55:00-05:00,2.78,2.78,2.77,2.77,1333
2025-11-07 12:00:00-05:00,2.77,2.77,2.77,2.77,804
2025-11-07 12:05:00-05:00,2.77,2.79,2.77,2.79,731
2025-11-07 12:10:00-05:00,2.78,2.8,2.78,2.8,5043
2025-11-07 12:15:00-05:00,2.8,2.8,2.8,2.8,6507
2025-11-07 12:20:00-05:00,2.81,2.81,2.8,2.81,932
2025-11-07 12:25:00-05:00,2.81,2.83,2.81,2.82,8244
2025-11-07 12:30:00-05:00,2.82,2.82,2.81,2.82,5566
2025-11-07 12:35:00-05:00,2.81,2.83,2.81,2.81,1988
2025-11-07 12:40:00-05:00,2.83,2.83,2.81,2.81,3347
2025-11-07 12:45:00-05:00,2.81,2.81,2.8,2.8,1792
2025-11-07 12:50:00-05:00,2.82,2.82,2.82,2.82,477
2025-11-07 12:55:00-05:00,2.82,2.83,2.82,2.82,1485
2025-11-07 13:00:00-05:00,2.83,2.83,2.82,2.83,4098
2025-11-07 13:05:00-05:00,2.82,2.83,2.82,2.83,2167
2025-11-07 13:10:00-05:00,2.83,2.85,2.83,2.85,6103
2025-11-07 13:15:00-05:00,2.85,2.88,2.84,2.86,51533
2025-11-07 13:20:00-05:00,2.87,2.87,2.86,2.87,5670
2025-11-07 13:30:00-05:00,2.87,2.88,2.86,2.88,4709
2025-11-07 13:35:00-05:00,2.88,2.89,2.88,2.89,1668
2025-11-07 13:40:00-05:00,2.9,2.9,2.88,2.89,1325
2025-11-07 13:45:00-05:00,2.9,2.9,2.88,2.89,4563
2025-11-07 13:50:00-05:00,2.88,2.9,2.87,2.9,626
2025-11-07 13:55:00-05:00,2.9,2.9,2.89,2.9,2275
2025-11-07 14:00:00-05:00,2.89,2.92,2.89,2.91,3024
2025-11-07 14:05:00-05:00,2.92,2.92,2.91,2.91,3470
2025-11-07 14:10:00-05:00,2.9,2.93,2.9,2.9,7094
2025-11-07 14:15:00-05:00,2.92,2.92,2.89,2.89,4118
2025-11-07 14:20:00-05:00,2.91,2.92,2.9,2.92,5926
2025-11-07 14:25:00-05:00,2.92,2.92,2.91,2.91,2212
2025-11-07 14:30:00-05:00,2.91,2.91,2.9,2.9,1702
2025-11-07 14:35:00-05:00,2.92,2.92,2.91,2.92,12450
2025-11-07 14:40:00-05:00,2.92,2.95,2.91,2.91,8004
2025-11-07 14:45:00-05:00,2.91,2.91,2.86,2.86,1566
2025-11-07 14:50:00-05:00,2.88,2.89,2.86,2.89,10658
2025-11-07 14:55:00-05:00,2.89,2.89,2.89,2.89,340
2025-11-07 15:00:00-05:00,2.92,2.92,2.9,2.91,2723
2025-11-07 15:05:00-05:00,2.9,2.9,2.87,2.89,2078
2025-11-07 15:10:00-05:00,2.89,2.9,2.89,2.9,770
2025-11-07 15:15:00-05:00,2.87,2.87,2.85,2.85,5885
2025-11-07 15:20:00-05:00,2.86,2.86,2.85,2.85,1185
2025-11-07 15:25:00-05:00,2.85,2.85,2.85,2.85,3128
2025-11-07 15:30:00-05:00,2.85,2.85,2.84,2.84,8632
2025-11-07 15:35:00-05:00,2.84,2.85,2.83,2.85,3487
2025-11-07 15:40:00-05:00,2.86,2.86,2.86,2.86,1074
2025-11-07 15:45:00-05:00,2.85,2.85,2.84,2.84,1148
2025-11-07 15:50:00-05:00,2.85,2.87,2.84,2.87,3502
2025-11-07 15:55:00-05:00,2.86,2.87,2.85,2.86,9758
2025-11-10 09:30:00-05:00,2.96,2.98,2.88,2.88,19643
2025-11-10 09:35:00-05:00,2.88,2.91,2.87,2.9,7077
2025-11-10 09:40:00-05:00,2.87,2.9,2.8,2.83,51319
2025-11-10 09:45:00-05:00,2.83,2.87,2.83,2.87,10313
2025-11-10 09:50:00-05:00,2.86,2.87,2.83,2.85,6144
2025-11-10 09:55:00-05:00,2.83,2.85,2.83,2.83,13382
2025-11-10 10:00:00-05:00,2.83,2.85,2.81,2.85,2699
2025-11-10 10:05:00-05:00,2.85,2.85,2.81,2.84,2534
2025-11-10 10:10:00-05:00,2.82,2.82,2.81,2.81,2207
2025-11-10 10:15:00-05:00,2.83,2.83,2.81,2.82,3789
2025-11-10 10:20:00-05:00,2.82,2.83,2.77,2.79,24230
2025-11-10 10:25:00-05:00,2.8,2.82,2.8,2.82,975
2025-11-10 10:30:00-05:00,2.81,2.83,2.79,2.79,10828
2025-11-10 10:35:00-05:00,2.82,2.82,2.77,2.79,8289
2025-11-10 10:40:00-05:00,2.79,2.81,2.78,2.81,2700
2025-11-10 10:45:00-05:00,2.8,2.81,2.79,2.8,4630
2025-11-10 10:50:00-05:00,2.81,2.81,2.78,2.8,3051
2025-11-10 10:55:00-05:00,2.8,2.8,2.75,2.77,39274
2025-11-10 11:00:00-05:00,2.79,2.81,2.76,2.77,13805
2025-11-10 11:05:00-05:00,2.81,2.82,2.77,2.81,8181
2025-11-10 11:10:00-05:00,2.81,2.82,2.81,2.81,1201
2025-11-10 11:15:00-05:00,2.81,2.82,2.79,2.8,1629
2025-11-10 11:20:00-05:00,2.8,2.82,2.8,2.82,1510
2025-11-10 11:25:00-05:00,2.8,2.8,2.78,2.78,2590
2025-11-10 11:30:00-05:00,2.78,2.8,2.78,2.8,906
2025-11-10 11:35:00-05:00,2.8,2.8,2.79,2.8,4962
2025-11-10 11:40:00-05:00,2.81,2.81,2.8,2.8,1740
2025-11-10 11:45:00-05:00,2.82,2.82,2.8,2.81,3892
2025-11-10 11:50:00-05:00,2.82,2.82,2.81,2.81,2664
2025-11-10 11:55:00-05:00,2.82,2.85,2.82,2.85,3050
2025-11-10 12:00:00-05:00,2.84,2.84,2.83,2.84,2873
2025-11-10 12:05:00-05:00,2.84,2.85,2.81,2.84,1480
2025-11-10 12:10:00-05:00,2.85,2.85,2.83,2.83,706
2025-11-10 12:15:00-05:00,2.83,2.83,2.83,2.83,838
2025-11-10 12:20:00-05:00,2.84,2.85,2.83,2.84,1276
2025-11-10 12:25:00-05:00,2.84,2.85,2.83,2.85,1708
2025-11-10 12:30:00-05:00,2.84,2.84,2.84,2.84,116
2025-11-10 12:40:00-05:00,2.84,2.85,2.83,2.83,6026
2025-11-10 12:45:00-05:00,2.83,2.83,2.83,2.83,202
2025-11-10 12:50:00-05:00,2.85,2.85,2.85,2.85,2472
2025-11-10 12:55:00-05:00,2.85,2.86,2.84,2.84,6738
2025-11-10 13:00:00-05:00,2.84,2.84,2.83,2.84,2021
2025-11-10 13:05:00-05:00,2.84,2.84,2.83,2.83,435
2025-11-10 13:10:00-05:00,2.84,2.89,2.84,2.85,8258
2025-11-10 13:15:00-05:00,2.86,2.86,2.86,2.86,1019
2025-11-10 13:20:00-05:00,2.85,2.88,2.85,2.88,1284
2025-11-10 13:30:00-05:00,2.87,2.87,2.87,2.87,147
2025-11-10 13:35:00-05:00,2.88,2.88,2.87,2.87,5028
2025-11-10 13:40:00-05:00,2.88,2.88,2.87,2.87,2258
2025-11-10 13:45:00-05:00,2.87,2.87,2.87,2.87,1538
2025-11-10 13:50:00-05:00,2.87,2.88,2.86,2.87,1605
2025-11-10 13:55:00-05:00,2.86,2.88,2.84,2.88,9127
2025-11-10 14:00:00-05:00,2.85,2.88,2.85,2.85,1489
2025-11-10 14:05:00-05:00,2.87,2.88,2.87,2.88,1864
2025-11-10 14:10:00-05:00,2.87,2.87,2.87,2.87,754
2025-11-10 14:15:00-05:00,2.86,2.88,2.86,2.88,957
2025-11-10 14:20:00-05:00,2.88,2.88,2.88,2.88,475
2025-11-10 14:25:00-05:00,2.88,2.88,2.87,2.87,5647
2025-11-10 14:30:00-05:00,2.86,2.88,2.86,2.86,2852
2025-11-10 14:35:00-05:00,2.86,2.88,2.85,2.85,2632
2025-11-10 14:40:00-05:00,2.86,2.86,2.86,2.86,685
2025-11-10 14:45:00-05:00,2.88,2.88,2.87,2.87,3629
2025-11-10 14:55:00-05:00,2.88,2.88,2.85,2.85,6492
2025-11-10 15:00:00-05:00,2.85,2.87,2.85,2.87,895
2025-11-10 15:05:00-05:00,2.87,2.87,2.85,2.85,3766
2025-11-10 15:10:00-05:00,2.84,2.84,2.84,2.84,622
2025-11-10 15:15:00-05:00,2.84,2.87,2.84,2.87,3055
2025-11-10 15:20:00-05:00,2.84,2.84,2.75,2.77,29651
2025-11-10 15:25:00-05:00,2.79,2.81,2.77,2.8,7927
2025-11-10 15:30:00-05:00,2.8,2.82,2.79,2.79,3971
2025-11-10 15:35:00-05:00,2.81,2.81,2.8,2.8,4899
2025-11-10 15:40:00-05:00,2.8,2.82,2.8,2.82,4102
2025-11-10 15:45:00-05:00,2.8,2.82,2.78,2.8,7455
2025-11-10 15:50:00-05:00,2.79,2.8,2.77,2.77,7703
2025-11-10 15:55:00-05:00,2.8,2.8,2.78,2.8,10228
2025-11-11 09:30:00-05:00,2.77,2.77,2.75,2.77,12725
2025-11-11 09:35:00-05:00,2.78,2.79,2.77,2.79,8968
2025-11-11 09:40:00-05:00,2.79,2.79,2.75,2.75,10845
2025-11-11 09:45:00-05:00,2.75,2.79,2.75,2.79,2949
2025-11-11 09:50:00-05:00,2.78,2.79,2.75,2.77,6492
2025-11-11 09:55:00-05:00,2.77,2.79,2.75,2.79,16009
2025-11-11 10:00:00-05:00,2.76,2.79,2.76,2.76,6440
2025-11-11 10:05:00-05:00,2.78,2.79,2.75,2.75,4244
2025-11-11 10:10:00-05:00,2.77,2.79,2.75,2.78,1830
2025-11-11 10:15:00-05:00,2.75,2.78,2.75,2.78,6198
2025-11-11 10:20:00-05:00,2.76,2.77,2.75,2.76,4122
2025-11-11 10:25:00-05:00,2.75,2.77,2.75,2.76,14256
2025-11-11 10:30:00-05:00,2.75,2.77,2.71,2.75,98551
2025-11-11 10:35:00-05:00,2.75,2.75,2.72,2.72,8911
2025-11-11 10:40:00-05:00,2.73,2.73,2.72,2.73,19628
2025-11-11 10:45:00-05:00,2.73,2.73,2.72,2.72,22071
2025-11-11 10:50:00-05:00,2.72,2.74,2.72,2.74,11922
2025-11-11 10:55:00-05:00,2.74,2.74,2.74,2.74,291
2025-11-11 11:00:00-05:00,2.73,2.74,2.73,2.74,3438
2025-11-11 11:05:00-05:00,2.74,2.74,2.74,2.74,2333
2025-11-11 11:10:00-05:00,2.74,2.74,2.74,2.74,165
2025-11-11 11:15:00-05:00,2.74,2.78,2.74,2.78,7147
2025-11-11 11:20:00-05:00,2.77,2.79,2.77,2.79,8779
2025-11-11 11:25:00-05:00,2.8,2.8,2.78,2.78,1858
2025-11-11 11:30:00-05:00,2.78,2.78,2.77,2.77,969
2025-11-11 11:35:00-05:00,2.78,2.78,2.78,2.78,965
2025-11-11 11:40:00-05:00,2.77,2.77,2.76,2.76,6423
2025-11-11 11:45:00-05:00,2.77,2.78,2.75,2.75,2642
2025-11-11 11:50:00-05:00,2.77,2.78,2.77,2.77,1449
2025-11-11 11:55:00-05:00,2.78,2.78,2.78,2.78,1778
2025-11-11 12:00:00-05:00,2.76,2.77,2.76,2.77,609
2025-11-11 12:05:00-05:00,2.77,2.78,2.77,2.78,1355
2025-11-11 12:10:00-05:00,2.78,2.79,2.78,2.78,1624
2025-11-11 12:15:00-05:00,2.79,2.8,2.78,2.78,1800
2025-11-11 12:20:00-05:00,2.79,2.8,2.79,2.79,1284
2025-11-11 12:25:00-05:00,2.8,2.8,2.79,2.8,631
2025-11-11 12:30:00-05:00,2.8,2.8,2.8,2.8,226
2025-11-11 12:35:00-05:00,2.8,2.8,2.8,2.8,297
2025-11-11 12:40:00-05:00,2.8,2.8,2.8,2.8,108
2025-11-11 12:45:00-05:00,2.8,2.8,2.77,2.8,720
2025-11-11 12:50:00-05:00,2.8,2.8,2.8,2.8,2771
2025-11-11 12:55:00-05:00,2.8,2.82,2.79,2.8,11264
2025-11-11 13:00:00-05:00,2.81,2.81,2.81,2.81,591
2025-11-11 13:05:00-05:00,2.81,2.81,2.78,2.81,811
2025-11-11 13:10:00-05:00,2.81,2.81,2.78,2.78,11375
2025-11-11 13:15:00-05:00,2.79,2.79,2.79,2.79,103
2025-11-11 13:20:00-05:00,2.78,2.79,2.78,2.78,7677
2025-11-11 13:25:00-05:00,2.79,2.8,2.78,2.79,2503
2025-11-11 13:30:00-05:00,2.8,2.8,2.78,2.78,736
2025-11-11 13:35:00-05:00,2.78,2.79,2.78,2.79,984
2025-11-11 13:40:00-05:00,2.79,2.79,2.79,2.79,424
2025-11-11 13:45:00-05:00,2.79,2.79,2.78,2.79,2691
2025-11-11 13:50:00-05:00,2.79,2.81,2.79,2.79,2079
2025-11-11 13:55:00-05:00,2.8,2.8,2.8,2.8,308
2025-11-11 14:00:00-05:00,2.8,2.8,2.8,2.8,795
2025-11-11 14:05:00-05:00,2.8,2.8,2.77,2.77,282
2025-11-11 14:10:00-05:00,2.8,2.8,2.8,2.8,110
2025-11-11 14:15:00-05:00,2.8,2.8,2.78,2.78,1863
2025-11-11 14:20:00-05:00,2.8,2.8,2.8,2.8,304
2025-11-11 14:25:00-05:00,2.8,2.8,2.78,2.79,322
2025-11-11 14:30:00-05:00,2.8,2.8,2.79,2.79,621
2025-11-11 14:35:00-05:00,2.8,2.8,2.78,2.78,1981
2025-11-11 14:40:00-05:00,2.79,2.8,2.78,2.8,1738
2025-11-11 14:45:00-05:00,2.8,2.8,2.78,2.78,2255
2025-11-11 14:50:00-05:00,2.8,2.8,2.78,2.79,1204
2025-11-11 14:55:00-05:00,2.8,2.8,2.78,2.79,1065
2025-11-11 15:00:00-05:00,2.8,2.8,2.78,2.8,722
2025-11-11 15:05:00-05:00,2.8,2.8,2.78,2.8,13412
2025-11-11 15:10:00-05:00,2.8,2.8,2.8,2.8,100
2025-11-11 15:15:00-05:00,2.8,2.8,2.78,2.8,1626
2025-11-11 15:20:00-05:00,2.8,2.8,2.8,2.8,151
2025-11-11 15:25:00-05:00,2.8,2.8,2.78,2.78,704
2025-11-11 15:30:00-05:00,2.78,2.8,2.76,2.76,6610
2025-11-11 15:35:00-05:00,2.78,2.78,2.75,2.76,12002
2025-11-11 15:40:00-05:00,2.75,2.78,2.75,2.78,2223
2025-11-11 15:45:00-05:00,2.75,2.78,2.75,2.75,2814
2025-11-11 15:50:00-05:00,2.76,2.77,2.71,2.71,69186
2025-11-11 15:55:00-05:00,2.71,2.74,2.7,2.72,303077
2025-11-12 09:30:00-05:00,2.78,2.79,2.77,2.79,3886
2025-11-12 09:35:00-05:00,2.8,2.8,2.77,2.77,6419
2025-11-12 09:40:00-05:00,2.77,2.77,2.74,2.76,3249
2025-11-12 09:45:00-05:00,2.75,2.79,2.74,2.78,10231
2025-11-12 09:50:00-05:00,2.77,2.77,2.77,2.77,119
2025-11-12 09:55:00-05:00,2.79,2.8,2.78,2.78,5100
2025-11-12 10:00:00-05:00,2.8,2.8,2.76,2.76,10080
2025-11-12 10:05:00-05:00,2.78,2.78,2.74,2.74,3627
2025-11-12 10:10:00-05:00,2.73,2.78,2.73,2.78,1618
2025-11-12 10:15:00-05:00,2.73,2.78,2.72,2.75,9447
2025-11-12 10:20:00-05:00,2.75,2.75,2.71,2.71,6688
2025-11-12 10:25:00-05:00,2.73,2.75,2.71,2.73,4011
2025-11-12 10:30:00-05:00,2.74,2.75,2.73,2.75,5892
2025-11-12 10:35:00-05:00,2.73,2.74,2.73,2.74,1120
2025-11-12 10:40:00-05:00,2.75,2.75,2.72,2.72,2442
2025-11-12 10:45:00-05:00,2.73,2.74,2.73,2.74,1384
2025-11-12 10:50:00-05:00,2.73,2.73,2.71,2.71,2750
2025-11-12 10:55:00-05:00,2.72,2.72,2.71,2.72,2126
2025-11-12 11:00:00-05:00,2.72,2.72,2.72,2.72,2912
2025-11-12 11:05:00-05:00,2.72,2.73,2.71,2.72,3414
2025-11-12 11:10:00-05:00,2.72,2.72,2.72,2.72,2160
2025-11-12 11:15:00-05:00,2.72,2.73,2.72,2.73,1043
2025-11-12 11:20:00-05:00,2.72,2.73,2.72,2.73,1948
2025-11-12 11:25:00-05:00,2.74,2.74,2.72,2.74,1624
2025-11-12 11:30:00-05:00,2.74,2.75,2.74,2.74,1192
2025-11-12 11:35:00-05:00,2.74,2.75,2.72,2.74,5384
2025-11-12 11:40:00-05:00,2.75,2.75,2.73,2.73,1055
2025-11-12 11:45:00-05:00,2.75,2.75,2.73,2.73,1633
2025-11-12 11:50:00-05:00,2.74,2.74,2.74,2.74,200
2025-11-12 11:55:00-05:00,2.75,2.75,2.74,2.74,8680
2025-11-12 12:00:00-05:00,2.74,2.74,2.74,2.74,102
2025-11-12 12:05:00-05:00,2.75,2.75,2.74,2.75,1813
2025-11-12 12:10:00-05:00,2.75,2.75,2.74,2.74,1150
2025-11-12 12:15:00-05:00,2.74,2.75,2.7,2.72,77720
2025-11-12 12:20:00-05:00,2.75,2.75,2.72,2.72,689
2025-11-12 12:25:00-05:00,2.72,2.75,2.72,2.73,4440
2025-11-12 12:30:00-05:00,2.73,2.75,2.73,2.75,6395
2025-11-12 12:35:00-05:00,2.73,2.75,2.73,2.73,3345
2025-11-12 12:40:00-05:00,2.75,2.75,2.73,2.73,4257
2025-11-12 12:45:00-05:00,2.74,2.75,2.73,2.74,3219
2025-11-12 12:50:00-05:00,2.74,2.74,2.74,2.74,201
2025-11-12 12:55:00-05:00,2.74,2.74,2.74,2.74,188
2025-11-12 13:00:00-05:00,2.74,2.74,2.73,2.73,739
2025-11-12 13:05:00-05:00,2.73,2.74,2.73,2.74,4406
2025-11-12 13:10:00-05:00,2.73,2.74,2.73,2.74,1232
2025-11-12 13:15:00-05:00,2.74,2.74,2.71,2.71,10262
2025-11-12 13:20:00-05:00,2.74,2.74,2.73,2.73,1788
2025-11-12 13:25:00-05:00,2.73,2.73,2.73,2.73,1046
2025-11-12 13:30:00-05:00,2.72,2.72,2.72,2.72,301
2025-11-12 13:35:00-05:00,2.73,2.74,2.72,2.72,3633
2025-11-12 13:40:00-05:00,2.73,2.74,2.72,2.74,1979
2025-11-12 13:45:00-05:00,2.74,2.74,2.74,2.74,1000
2025-11-12 13:50:00-05:00,2.74,2.74,2.74,2.74,837
2025-11-12 13:55:00-05:00,2.75,2.75,2.75,2.75,434
2025-11-12 14:00:00-05:00,2.74,2.75,2.73,2.74,11030
2025-11-12 14:05:00-05:00,2.74,2.75,2.74,2.74,1694
2025-11-12 14:10:00-05:00,2.74,2.75,2.74,2.74,3306
2025-11-12 14:15:00-05:00,2.74,2.74,2.73,2.73,429
2025-11-12 14:20:00-05:00,2.74,2.74,2.73,2.73,1391
2025-11-12 14:25:00-05:00,2.73,2.73,2.73,2.73,169
2025-11-12 14:30:00-05:00,2.73,2.74,2.72,2.72,1625
2025-11-12 14:35:00-05:00,2.73,2.73,2.72,2.73,962
2025-11-12 14:40:00-05:00,2.74,2.74,2.73,2.73,507
2025-11-12 14:45:00-05:00,2.74,2.74,2.72,2.72,561
2025-11-12 14:50:00-05:00,2.73,2.73,2.72,2.72,3031
2025-11-12 14:55:00-05:00,2.73,2.74,2.72,2.73,9460
2025-11-12 15:00:00-05:00,2.74,2.74,2.72,2.72,656
2025-11-12 15:05:00-05:00,2.73,2.74,2.72,2.72,8528
2025-11-12 15:10:00-05:00,2.72,2.73,2.72,2.72,968
2025-11-12 15:15:00-05:00,2.72,2.74,2.71,2.74,6324
2025-11-12 15:20:00-05:00,2.74,2.74,2.73,2.74,21859
2025-11-12 15:25:00-05:00,2.73,2.74,2.72,2.73,3076
2025-11-12 15:30:00-05:00,2.74,2.75,2.74,2.75,19703
2025-11-12 15:35:00-05:00,2.74,2.75,2.74,2.75,3400
2025-11-12 15:40:00-05:00,2.74,2.75,2.74,2.75,1588
2025-11-12 15:45:00-05:00,2.75,2.75,2.72,2.73,2557
2025-11-12 15:50:00-05:00,2.74,2.75,2.74,2.74,4739
2025-11-12 15:55:00-05:00,2.73,2.74,2.73,2.73,1294
2025-11-13 09:30:00-05:00,2.78,2.78,2.71,2.74,10719
2025-11-13 09:35:00-05:00,2.74,2.74,2.72,2.73,6062
2025-11-13 09:40:00-05:00,2.74,2.74,2.7,2.71,14843
2025-11-13 09:45:00-05:00,2.7,2.73,2.69,2.73,50546
2025-11-13 09:50:00-05:00,2.74,2.77,2.74,2.77,6217
2025-11-13 09:55:00-05:00,2.77,2.77,2.73,2.76,11221
2025-11-13 10:00:00-05:00,2.76,2.76,2.71,2.71,6012
2025-11-13 10:05:00-05:00,2.72,2.74,2.7,2.73,6323
2025-11-13 10:10:00-05:00,2.74,2.75,2.74,2.74,3180
2025-11-13 10:15:00-05:00,2.76,2.77,2.75,2.77,2241
2025-11-13 10:20:00-05:00,2.76,2.77,2.75,2.75,1946
2025-11-13 10:25:00-05:00,2.75,2.75,2.71,2.73,11188
2025-11-13 10:30:00-05:00,2.75,2.75,2.7,2.7,3776
2025-11-13 10:35:00-05:00,2.71,2.71,2.7,2.7,4510
2025-11-13 10:40:00-05:00,2.71,2.73,2.7,2.71,12931
2025-11-13 10:45:00-05:00,2.71,2.71,2.7,2.7,6000
2025-11-13 10:50:00-05:00,2.7,2.71,2.69,2.71,5851
2025-11-13 10:55:00-05:00,2.7,2.71,2.69,2.7,3801
2025-11-13 11:00:00-05:00,2.71,2.73,2.71,2.73,4229
2025-11-13 11:05:00-05:00,2.7,2.71,2.69,2.71,4708
2025-11-13 11:10:00-05:00,2.71,2.73,2.7,2.72,1295
2025-11-13 11:15:00-05:00,2.73,2.73,2.72,2.72,677
2025-11-13 11:20:00-05:00,2.71,2.73,2.7,2.71,6366
2025-11-13 11:25:00-05:00,2.71,2.73,2.7,2.73,9031
2025-11-13 11:30:00-05:00,2.74,2.74,2.74,2.74,316
2025-11-13 11:35:00-05:00,2.74,2.74,2.72,2.72,2972
2025-11-13 11:40:00-05:00,2.7,2.72,2.7,2.72,947
2025-11-13 11:45:00-05:00,2.72,2.74,2.72,2.74,2754
2025-11-13 11:50:00-05:00,2.72,2.73,2.7,2.72,5643
2025-11-13 11:55:00-05:00,2.72,2.72,2.7,2.72,2670
2025-11-13 12:00:00-05:00,2.73,2.73,2.7,2.73,4903
2025-11-13 12:05:00-05:00,2.73,2.73,2.69,2.7,5639
2025-11-13 12:10:00-05:00,2.7,2.7,2.68,2.69,42980
2025-11-13 12:15:00-05:00,2.7,2.72,2.7,2.72,2309
2025-11-13 12:20:00-05:00,2.72,2.72,2.71,2.72,1237
2025-11-13 12:25:00-05:00,2.73,2.73,2.68,2.7,24291
2025-11-13 12:30:00-05:00,2.7,2.71,2.7,2.7,2203
2025-11-13 12:35:00-05:00,2.71,2.72,2.71,2.71,2725
2025-11-13 12:40:00-05:00,2.72,2.72,2.7,2.7,1944
2025-11-13 12:45:00-05:00,2.69,2.7,2.69,2.7,1665
2025-11-13 12:50:00-05:00,2.69,2.7,2.69,2.69,3469
2025-11-13 12:55:00-05:00,2.7,2.7,2.69,2.69,4869
2025-11-13 13:00:00-05:00,2.69,2.69,2.68,2.69,6217
2025-11-13 13:05:00-05:00,2.69,2.69,2.68,2.69,7954
2025-11-13 13:10:00-05:00,2.68,2.7,2.68,2.68,10266
2025-11-13 13:15:00-05:00,2.7,2.71,2.69,2.71,8203
2025-11-13 13:20:00-05:00,2.72,2.72,2.71,2.72,3182
2025-11-13 13:25:00-05:00,2.7,2.7,2.7,2.7,1263
2025-11-13 13:30:00-05:00,2.69,2.72,2.69,2.71,5944
2025-11-13 13:35:00-05:00,2.71,2.72,2.71,2.72,3996
2025-11-13 13:40:00-05:00,2.71,2.72,2.71,2.71,713
2025-11-13 13:45:00-05:00,2.72,2.73,2.7,2.71,2010
2025-11-13 13:50:00-05:00,2.72,2.73,2.71,2.72,2358
2025-11-13 13:55:00-05:00,2.73,2.74,2.72,2.74,2953
2025-11-13 14:00:00-05:00,2.73,2.73,2.71,2.73,1906
2025-11-13 14:05:00-05:00,2.71,2.71,2.7,2.7,252
2025-11-13 14:10:00-05:00,2.73,2.73,2.73,2.73,614
2025-11-13 14:15:00-05:00,2.72,2.73,2.7,2.72,3104
2025-11-13 14:20:00-05:00,2.74,2.75,2.73,2.74,7734
2025-11-13 14:25:00-05:00,2.73,2.75,2.73,2.75,4251
2025-11-13 14:30:00-05:00,2.74,2.75,2.73,2.74,5406
2025-11-13 14:35:00-05:00,2.74,2.74,2.69,2.69,14987
2025-11-13 14:45:00-05:00,2.7,2.7,2.7,2.7,664
2025-11-13 14:50:00-05:00,2.69,2.69,2.69,2.69,171
2025-11-13 14:55:00-05:00,2.69,2.72,2.68,2.72,2258
2025-11-13 15:00:00-05:00,2.72,2.73,2.72,2.72,1307
2025-11-13 15:05:00-05:00,2.72,2.72,2.71,2.72,3095
2025-11-13 15:10:00-05:00,2.7,2.73,2.7,2.71,1543
2025-11-13 15:15:00-05:00,2.71,2.72,2.71,2.72,320
2025-11-13 15:20:00-05:00,2.73,2.73,2.71,2.73,3312
2025-11-13 15:25:00-05:00,2.73,2.73,2.73,2.73,1949
2025-11-13 15:30:00-05:00,2.73,2.73,2.72,2.73,12028
2025-11-13 15:35:00-05:00,2.73,2.73,2.73,2.73,744
2025-11-13 15:40:00-05:00,2.72,2.72,2.7,2.7,2668
2025-11-13 15:45:00-05:00,2.71,2.71,2.69,2.69,1630
2025-11-13 15:50:00-05:00,2.71,2.72,2.7,2.72,4452
2025-11-13 15:55:00-05:00,2.71,2.72,2.69,2.71,2717
2025-11-14 09:30:00-05:00,2.67,2.67,2.62,2.65,28441
2025-11-14 09:35:00-05:00,2.65,2.68,2.63,2.63,7354
2025-11-14 09:40:00-05:00,2.65,2.68,2.65,2.67,12936
2025-11-14 09:45:00-05:00,2.66,2.69,2.61,2.65,42209
2025-11-14 09:50:00-05:00,2.66,2.67,2.65,2.67,3552
2025-11-14 09:55:00-05:00,2.68,2.7,2.67,2.69,6463
2025-11-14 10:00:00-05:00,2.69,2.69,2.65,2.65,3774
2025-11-14 10:05:00-05:00,2.65,2.66,2.63,2.65,3022
2025-11-14 10:10:00-05:00,2.65,2.66,2.62,2.64,5386
2025-11-14 10:15:00-05:00,2.65,2.66,2.62,2.66,2269
2025-11-14 10:20:00-05:00,2.63,2.66,2.61,2.61,94924
2025-11-14 10:25:00-05:00,2.62,2.67,2.61,2.65,6426
2025-11-14 10:30:00-05:00,2.67,2.68,2.65,2.66,15831
2025-11-14 10:35:00-05:00,2.66,2.67,2.66,2.67,11657
2025-11-14 10:40:00-05:00,2.67,2.67,2.66,2.66,9301
2025-11-14 10:45:00-05:00,2.67,2.67,2.66,2.66,5006
2025-11-14 10:50:00-05:00,2.67,2.67,2.66,2.66,1441
2025-11-14 10:55:00-05:00,2.65,2.68,2.64,2.68,3208
2025-11-14 11:00:00-05:00,2.67,2.68,2.65,2.65,2588
2025-11-14 11:05:00-05:00,2.68,2.7,2.65,2.7,8845
2025-11-14 11:10:00-05:00,2.68,2.73,2.68,2.7,22708
2025-11-14 11:15:00-05:00,2.69,2.72,2.69,2.7,4679
2025-11-14 11:20:00-05:00,2.7,2.73,2.68,2.71,7498
2025-11-14 11:25:00-05:00,2.73,2.73,2.71,2.72,2311
2025-11-14 11:30:00-05:00,2.71,2.72,2.69,2.69,2418
2025-11-14 11:35:00-05:00,2.71,2.72,2.71,2.71,2868
2025-11-14 11:40:00-05:00,2.71,2.73,2.68,2.72,8156
2025-11-14 11:50:00-05:00,2.72,2.72,2.71,2.72,3361
2025-11-14 11:55:00-05:00,2.71,2.71,2.68,2.69,10051
2025-11-14 12:00:00-05:00,2.7,2.72,2.7,2.72,1256
2025-11-14 12:05:00-05:00,2.71,2.71,2.71,2.71,2569
2025-11-14 12:10:00-05:00,2.7,2.7,2.7,2.7,2003
2025-11-14 12:15:00-05:00,2.72,2.72,2.71,2.72,1211
2025-11-14 12:20:00-05:00,2.72,2.72,2.68,2.71,12918
2025-11-14 12:25:00-05:00,2.7,2.7,2.7,2.7,3012
2025-11-14 12:30:00-05:00,2.68,2.68,2.65,2.65,28062
2025-11-14 12:35:00-05:00,2.68,2.7,2.68,2.7,2486
2025-11-14 12:40:00-05:00,2.7,2.71,2.69,2.69,11700
2025-11-14 12:45:00-05:00,2.71,2.71,2.71,2.71,6521
2025-11-14 12:50:00-05:00,2.7,2.71,2.69,2.69,830
2025-11-14 13:00:00-05:00,2.69,2.69,2.67,2.67,2853
2025-11-14 13:05:00-05:00,2.67,2.72,2.66,2.72,17995
2025-11-14 13:10:00-05:00,2.72,2.72,2.7,2.71,4334
2025-11-14 13:15:00-05:00,2.7,2.71,2.7,2.71,1185
2025-11-14 13:20:00-05:00,2.71,2.71,2.7,2.7,2820
2025-11-14 13:25:00-05:00,2.71,2.71,2.7,2.71,4032
2025-11-14 13:30:00-05:00,2.7,2.7,2.7,2.7,8916
2025-11-14 13:35:00-05:00,2.7,2.7,2.69,2.69,1281
2025-11-14 13:40:00-05:00,2.69,2.7,2.69,2.69,2868
2025-11-14 13:45:00-05:00,2.7,2.71,2.69,2.69,7078
2025-11-14 13:50:00-05:00,2.7,2.71,2.7,2.7,681
2025-11-14 13:55:00-05:00,2.71,2.71,2.7,2.7,411
2025-11-14 14:00:00-05:00,2.7,2.71,2.7,2.7,6819
2025-11-14 14:05:00-05:00,2.71,2.71,2.71,2.71,240
2025-11-14 14:10:00-05:00,2.69,2.71,2.69,2.71,4451
2025-11-14 14:15:00-05:00,2.71,2.72,2.69,2.69,1233
2025-11-14 14:25:00-05:00,2.7,2.7,2.69,2.7,413
2025-11-14 14:30:00-05:00,2.7,2.7,2.69,2.69,1426
2025-11-14 14:35:00-05:00,2.69,2.69,2.65,2.66,81707
2025-11-14 14:40:00-05:00,2.66,2.66,2.66,2.66,284
2025-11-14 14:45:00-05:00,2.66,2.66,2.66,2.66,3189
2025-11-14 14:50:00-05:00,2.66,2.66,2.65,2.66,1973
2025-11-14 14:55:00-05:00,2.65,2.67,2.65,2.67,1502
2025-11-14 15:05:00-05:00,2.67,2.68,2.66,2.68,783
2025-11-14 15:10:00-05:00,2.68,2.68,2.68,2.68,428
2025-11-14 15:15:00-05:00,2.67,2.67,2.65,2.66,1788
2025-11-14 15:20:00-05:00,2.66,2.66,2.65,2.66,8589
2025-11-14 15:25:00-05:00,2.66,2.7,2.66,2.69,5586
2025-11-14 15:30:00-05:00,2.7,2.7,2.7,2.7,29472
2025-11-14 15:35:00-05:00,2.69,2.7,2.61,2.61,50129
2025-11-14 15:40:00-05:00,2.65,2.65,2.62,2.65,8884
2025-11-14 15:45:00-05:00,2.65,2.68,2.65,2.67,9762
2025-11-14 15:50:00-05:00,2.67,2.69,2.66,2.69,4533
2025-11-14 15:55:00-05:00,2.67,2.68,2.67,2.68,15905
2025-11-17 09:30:00-05:00,2.67,2.67,2.61,2.66,13360
2025-11-17 09:35:00-05:00,2.67,2.68,2.63,2.66,7896
2025-11-17 09:40:00-05:00,2.66,2.68,2.61,2.61,12624
2025-11-17 09:45:00-05:00,2.64,2.66,2.61,2.66,19297
2025-11-17 09:50:00-05:00,2.66,2.67,2.65,2.67,4298
2025-11-17 09:55:00-05:00,2.66,2.68,2.65,2.66,4845
2025-11-17 10:00:00-05:00,2.67,2.67,2.66,2.66,2133
2025-11-17 10:05:00-05:00,2.64,2.69,2.64,2.65,5840
2025-11-17 10:10:00-05:00,2.65,2.69,2.65,2.67,1053
2025-11-17 10:15:00-05:00,2.68,2.69,2.65,2.65,2863
2025-11-17 10:20:00-05:00,2.66,2.66,2.66,2.66,1000
2025-11-17 10:25:00-05:00,2.67,2.67,2.67,2.67,194
2025-11-17 10:30:00-05:00,2.65,2.65,2.64,2.64,15270
2025-11-17 10:35:00-05:00,2.64,2.67,2.64,2.67,5454
2025-11-17 10:40:00-05:00,2.64,2.67,2.64,2.64,1556
2025-11-17 10:45:00-05:00,2.67,2.67,2.67,2.67,513
2025-11-17 10:50:00-05:00,2.65,2.67,2.65,2.66,1913
2025-11-17 10:55:00-05:00,2.65,2.66,2.64,2.66,8146
2025-11-17 11:05:00-05:00,2.65,2.65,2.64,2.64,4289
2025-11-17 11:10:00-05:00,2.65,2.65,2.64,2.64,2900
2025-11-17 11:15:00-05:00,2.64,2.66,2.64,2.65,1975
2025-11-17 11:20:00-05:00,2.64,2.67,2.64,2.65,10709
2025-11-17 11:25:00-05:00,2.65,2.66,2.65,2.66,2063
2025-11-17 11:30:00-05:00,2.66,2.67,2.66,2.67,351
2025-11-17 11:35:00-05:00,2.67,2.67,2.66,2.67,2673
2025-11-17 11:40:00-05:00,2.65,2.66,2.65,2.66,2500
2025-11-17 11:45:00-05:00,2.65,2.67,2.65,2.65,1547
2025-11-17 11:50:00-05:00,2.67,2.67,2.67,2.67,2213
2025-11-17 11:55:00-05:00,2.64,2.64,2.64,2.64,1349
2025-11-17 12:00:00-05:00,2.67,2.67,2.61,2.64,27680
2025-11-17 12:05:00-05:00,2.61,2.64,2.61,2.63,736
2025-11-17 12:10:00-05:00,2.65,2.65,2.61,2.63,2410
2025-11-17 12:15:00-05:00,2.63,2.64,2.62,2.62,689
2025-11-17 12:20:00-05:00,2.64,2.64,2.62,2.62,2022
2025-11-17 12:25:00-05:00,2.63,2.63,2.62,2.62,1152
2025-11-17 12:30:00-05:00,2.62,2.63,2.61,2.63,46422
2025-11-17 12:35:00-05:00,2.62,2.63,2.62,2.63,1180
2025-11-17 12:40:00-05:00,2.62,2.62,2.61,2.62,4383
2025-11-17 12:45:00-05:00,2.61,2.62,2.61,2.62,2406
2025-11-17 12:50:00-05:00,2.61,2.62,2.61,2.61,1754
2025-11-17 12:55:00-05:00,2.61,2.63,2.61,2.62,2432
2025-11-17 13:00:00-05:00,2.63,2.64,2.62,2.62,7021
2025-11-17 13:05:00-05:00,2.65,2.67,2.65,2.67,1457
2025-11-17 13:10:00-05:00,2.65,2.65,2.65,2.65,225
2025-11-17 13:15:00-05:00,2.66,2.67,2.65,2.66,1272
2025-11-17 13:20:00-05:00,2.67,2.67,2.66,2.66,2204
2025-11-17 13:25:00-05:00,2.67,2.67,2.64,2.66,1113
2025-11-17 13:30:00-05:00,2.64,2.64,2.64,2.64,104
2025-11-17 13:35:00-05:00,2.65,2.65,2.65,2.65,157
2025-11-17 13:40:00-05:00,2.64,2.66,2.64,2.64,2064
2025-11-17 13:45:00-05:00,2.67,2.67,2.65,2.65,5166
2025-11-17 13:50:00-05:00,2.66,2.67,2.66,2.67,942
2025-11-17 13:55:00-05:00,2.65,2.65,2.63,2.63,3099
2025-11-17 14:00:00-05:00,2.67,2.67,2.63,2.64,6622
2025-11-17 14:05:00-05:00,2.65,2.65,2.63,2.64,791
2025-11-17 14:10:00-05:00,2.64,2.64,2.63,2.64,1023
2025-11-17 14:15:00-05:00,2.62,2.64,2.62,2.62,5844
2025-11-17 14:20:00-05:00,2.63,2.65,2.62,2.63,15393
2025-11-17 14:25:00-05:00,2.63,2.63,2.62,2.63,10707
2025-11-17 14:30:00-05:00,2.62,2.63,2.61,2.61,4352
2025-11-17 14:35:00-05:00,2.61,2.62,2.61,2.62,1288
2025-11-17 14:40:00-05:00,2.61,2.62,2.61,2.62,2199
2025-11-17 14:45:00-05:00,2.62,2.62,2.61,2.61,1860
2025-11-17 14:50:00-05:00,2.63,2.63,2.63,2.63,467
2025-11-17 14:55:00-05:00,2.61,2.62,2.61,2.62,6826
2025-11-17 15:00:00-05:00,2.62,2.62,2.61,2.62,28443
2025-11-17 15:05:00-05:00,2.62,2.62,2.61,2.61,1722
2025-11-17 15:10:00-05:00,2.61,2.63,2.61,2.62,4891
2025-11-17 15:15:00-05:00,2.62,2.62,2.62,2.62,839
2025-11-17 15:20:00-05:00,2.63,2.63,2.63,2.63,244
2025-11-17 15:25:00-05:00,2.63,2.63,2.63,2.63,5934
2025-11-17 15:30:00-05:00,2.64,2.64,2.63,2.63,1603
2025-11-17 15:35:00-05:00,2.62,2.64,2.62,2.62,6394
2025-11-17 15:40:00-05:00,2.62,2.64,2.61,2.62,6972
2025-11-17 15:45:00-05:00,2.61,2.66,2.61,2.64,2800
2025-11-17 15:50:00-05:00,2.64,2.65,2.61,2.63,8554
2025-11-17 15:55:00-05:00,2.62,2.65,2.62,2.65,9122
2025-11-18 09:30:00-05:00,2.67,2.67,2.62,2.63,8264
2025-11-18 09:35:00-05:00,2.63,2.65,2.62,2.63,5850
2025-11-18 09:40:00-05:00,2.63,2.63,2.62,2.63,5100
2025-11-18 09:45:00-05:00,2.63,2.65,2.63,2.65,5513
2025-11-18 09:50:00-05:00,2.62,2.64,2.62,2.63,5075
2025-11-18 09:55:00-05:00,2.63,2.63,2.63,2.63,1204
2025-11-18 10:00:00-05:00,2.63,2.64,2.62,2.62,1597
2025-11-18 10:05:00-05:00,2.63,2.68,2.63,2.68,11363
2025-11-18 10:10:00-05:00,2.67,2.67,2.64,2.64,11077
2025-11-18 10:15:00-05:00,2.66,2.66,2.64,2.64,10028
2025-11-18 10:20:00-05:00,2.64,2.66,2.63,2.65,3444
2025-11-18 10:25:00-05:00,2.65,2.67,2.65,2.66,18111
2025-11-18 10:30:00-05:00,2.67,2.68,2.67,2.67,8593
2025-11-18 10:35:00-05:00,2.66,2.67,2.66,2.66,2313
2025-11-18 10:40:00-05:00,2.66,2.67,2.66,2.66,8727
2025-11-18 10:45:00-05:00,2.66,2.66,2.66,2.66,3568
2025-11-18 10:50:00-05:00,2.66,2.67,2.66,2.66,3611
2025-11-18 10:55:00-05:00,2.67,2.68,2.67,2.68,3593
2025-11-18 11:00:00-05:00,2.67,2.68,2.66,2.66,14979
2025-11-18 11:05:00-05:00,2.66,2.68,2.65,2.67,3423
2025-11-18 11:10:00-05:00,2.67,2.68,2.67,2.68,1953
2025-11-18 11:15:00-05:00,2.67,2.68,2.67,2.68,454
2025-11-18 11:20:00-05:00,2.68,2.68,2.67,2.68,8338
2025-11-18 11:25:00-05:00,2.68,2.68,2.67,2.67,9467
2025-11-18 11:30:00-05:00,2.68,2.7,2.67,2.68,4180
2025-11-18 11:35:00-05:00,2.69,2.69,2.68,2.69,2103
2025-11-18 11:40:00-05:00,2.67,2.67,2.65,2.66,10668
2025-11-18 11:45:00-05:00,2.66,2.68,2.66,2.68,900
2025-11-18 11:50:00-05:00,2.65,2.65,2.64,2.65,2247
2025-11-18 11:55:00-05:00,2.67,2.67,2.62,2.63,6194
2025-11-18 12:00:00-05:00,2.64,2.64,2.62,2.63,5693
2025-11-18 12:05:00-05:00,2.62,2.63,2.62,2.63,2457
2025-11-18 12:10:00-05:00,2.63,2.64,2.62,2.63,2234
2025-11-18 12:15:00-05:00,2.62,2.64,2.62,2.63,3312
2025-11-18 12:20:00-05:00,2.63,2.65,2.63,2.65,920
2025-11-18 12:25:00-05:00,2.65,2.65,2.64,2.65,2140
2025-11-18 12:30:00-05:00,2.65,2.65,2.61,2.61,20761
2025-11-18 12:35:00-05:00,2.63,2.63,2.61,2.61,34738
2025-11-18 12:40:00-05:00,2.63,2.65,2.63,2.65,2639
2025-11-18 12:45:00-05:00,2.62,2.66,2.62,2.65,568
2025-11-18 12:50:00-05:00,2.64,2.65,2.64,2.65,4634
2025-11-18 12:55:00-05:00,2.65,2.67,2.65,2.67,5054
2025-11-18 13:00:00-05:00,2.66,2.67,2.66,2.67,12973
2025-11-18 13:05:00-05:00,2.67,2.67,2.64,2.64,6080
2025-11-18 13:10:00-05:00,2.65,2.66,2.65,2.65,600
2025-11-18 13:15:00-05:00,2.66,2.66,2.66,2.66,1028
2025-11-18 13:20:00-05:00,2.67,2.69,2.67,2.69,5493
2025-11-18 13:25:00-05:00,2.68,2.69,2.67,2.67,2966
2025-11-18 13:30:00-05:00,2.68,2.69,2.68,2.69,200
2025-11-18 13:40:00-05:00,2.69,2.7,2.67,2.67,7686
2025-11-18 13:45:00-05:00,2.69,2.7,2.69,2.7,392
2025-11-18 13:50:00-05:00,2.7,2.7,2.7,2.7,939
2025-11-18 13:55:00-05:00,2.7,2.7,2.68,2.68,1529
2025-11-18 14:00:00-05:00,2.69,2.7,2.62,2.62,23533
2025-11-18 14:05:00-05:00,2.67,2.68,2.63,2.66,7062
2025-11-18 14:10:00-05:00,2.65,2.66,2.64,2.64,472
2025-11-18 14:15:00-05:00,2.67,2.68,2.67,2.68,1371
2025-11-18 14:20:00-05:00,2.65,2.65,2.65,2.65,601
2025-11-18 14:25:00-05:00,2.68,2.68,2.68,2.68,576
2025-11-18 14:30:00-05:00,2.68,2.68,2.63,2.68,5442
2025-11-18 14:35:00-05:00,2.66,2.69,2.64,2.69,1513
2025-11-18 14:40:00-05:00,2.65,2.65,2.63,2.63,30736
2025-11-18 14:45:00-05:00,2.66,2.66,2.63,2.63,5255
2025-11-18 14:50:00-05:00,2.63,2.64,2.63,2.64,1706
2025-11-18 14:55:00-05:00,2.63,2.64,2.63,2.64,10848
2025-11-18 15:00:00-05:00,2.65,2.65,2.63,2.65,1468
2025-11-18 15:05:00-05:00,2.64,2.66,2.64,2.66,4123
2025-11-18 15:10:00-05:00,2.65,2.65,2.65,2.65,662
2025-11-18 15:15:00-05:00,2.65,2.66,2.64,2.65,6945
2025-11-18 15:20:00-05:00,2.65,2.66,2.64,2.66,3700
2025-11-18 15:25:00-05:00,2.65,2.65,2.65,2.65,1499
2025-11-18 15:30:00-05:00,2.65,2.66,2.64,2.64,7342
2025-11-18 15:35:00-05:00,2.65,2.68,2.65,2.67,6740
2025-11-18 15:40:00-05:00,2.68,2.68,2.65,2.65,3249
2025-11-18 15:45:00-05:00,2.66,2.66,2.66,2.66,655
2025-11-18 15:50:00-05:00,2.66,2.66,2.64,2.65,6359
2025-11-18 15:55:00-05:00,2.65,2.67,2.65,2.65,4381
2025-11-19 09:30:00-05:00,2.68,2.68,2.6,2.67,47492
2025-11-19 09:35:00-05:00,2.65,2.67,2.65,2.67,9561
2025-11-19 09:45:00-05:00,2.63,2.65,2.61,2.65,6482
2025-11-19 09:50:00-05:00,2.65,2.65,2.63,2.63,817
2025-11-19 09:55:00-05:00,2.64,2.66,2.63,2.66,5304
2025-11-19 10:00:00-05:00,2.66,2.66,2.64,2.64,822
2025-11-19 10:05:00-05:00,2.64,2.64,2.62,2.62,1656
2025-11-19 10:10:00-05:00,2.62,2.65,2.61,2.64,5836
2025-11-19 10:15:00-05:00,2.63,2.66,2.63,2.66,1468
2025-11-19 10:20:00-05:00,2.62,2.65,2.62,2.63,5616
2025-11-19 10:25:00-05:00,2.61,2.65,2.61,2.65,1269
2025-11-19 10:30:00-05:00,2.62,2.64,2.62,2.64,2550
2025-11-19 10:35:00-05:00,2.63,2.63,2.61,2.61,4764
2025-11-19 10:40:00-05:00,2.63,2.63,2.61,2.61,5294
2025-11-19 10:45:00-05:00,2.62,2.62,2.61,2.61,20683
2025-11-19 10:50:00-05:00,2.61,2.62,2.6,2.61,4011
2025-11-19 10:55:00-05:00,2.61,2.61,2.58,2.58,31267
2025-11-19 11:00:00-05:00,2.6,2.61,2.59,2.61,8139
2025-11-19 11:05:00-05:00,2.61,2.64,2.61,2.64,8579
2025-11-19 11:10:00-05:00,2.64,2.65,2.62,2.64,7306
2025-11-19 11:15:00-05:00,2.63,2.65,2.63,2.64,3926
2025-11-19 11:20:00-05:00,2.63,2.63,2.62,2.63,4317
2025-11-19 11:25:00-05:00,2.63,2.63,2.6,2.63,23587
2025-11-19 11:30:00-05:00,2.61,2.64,2.6,2.6,33699
2025-11-19 11:35:00-05:00,2.63,2.63,2.62,2.62,713
2025-11-19 11:40:00-05:00,2.63,2.63,2.61,2.62,6072
2025-11-19 11:45:00-05:00,2.62,2.62,2.6,2.62,6846
2025-11-19 11:50:00-05:00,2.62,2.62,2.61,2.61,2986
2025-11-19 11:55:00-05:00,2.61,2.63,2.61,2.62,3858
2025-11-19 12:00:00-05:00,2.62,2.63,2.62,2.63,2464
2025-11-19 12:05:00-05:00,2.62,2.62,2.6,2.61,22167
2025-11-19 12:10:00-05:00,2.61,2.61,2.6,2.6,1686
2025-11-19 12:15:00-05:00,2.61,2.61,2.6,2.61,1301
2025-11-19 12:20:00-05:00,2.61,2.62,2.6,2.61,3153
2025-11-19 12:25:00-05:00,2.61,2.62,2.61,2.62,1367
2025-11-19 12:30:00-05:00,2.62,2.63,2.62,2.63,2397
2025-11-19 12:35:00-05:00,2.62,2.63,2.61,2.63,5404
2025-11-19 12:40:00-05:00,2.62,2.62,2.58,2.6,11158
2025-11-19 12:45:00-05:00,2.61,2.64,2.61,2.62,5140
2025-11-19 12:50:00-05:00,2.64,2.65,2.62,2.65,8842
2025-11-19 12:55:00-05:00,2.64,2.64,2.6,2.63,5950
2025-11-19 13:00:00-05:00,2.62,2.63,2.61,2.62,1664
2025-11-19 13:05:00-05:00,2.61,2.62,2.61,2.61,2604
2025-11-19 13:10:00-05:00,2.61,2.61,2.61,2.61,2007
2025-11-19 13:15:00-05:00,2.62,2.62,2.61,2.62,2069
2025-11-19 13:20:00-05:00,2.63,2.63,2.61,2.62,4431
2025-11-19 13:25:00-05:00,2.6,2.62,2.6,2.62,405
2025-11-19 13:30:00-05:00,2.62,2.62,2.62,2.62,131
2025-11-19 13:35:00-05:00,2.62,2.62,2.6,2.6,7815
2025-11-19 13:40:00-05:00,2.61,2.62,2.6,2.6,406
2025-11-19 13:45:00-05:00,2.61,2.61,2.56,2.58,14024
2025-11-19 13:50:00-05:00,2.58,2.6,2.58,2.6,3800
2025-11-19 13:55:00-05:00,2.6,2.6,2.6,2.6,3326
2025-11-19 14:00:00-05:00,2.6,2.61,2.6,2.61,1637
2025-11-19 14:05:00-05:00,2.61,2.62,2.6,2.61,2511
2025-11-19 14:10:00-05:00,2.61,2.61,2.61,2.61,405
2025-11-19 14:15:00-05:00,2.61,2.62,2.6,2.62,7963
2025-11-19 14:20:00-05:00,2.61,2.62,2.61,2.61,557
2025-11-19 14:25:00-05:00,2.61,2.62,2.6,2.62,7370
2025-11-19 14:30:00-05:00,2.6,2.62,2.6,2.61,2641
2025-11-19 14:35:00-05:00,2.62,2.62,2.61,2.62,1801
2025-11-19 14:40:00-05:00,2.61,2.63,2.61,2.62,9246
2025-11-19 14:45:00-05:00,2.63,2.63,2.61,2.62,14296
2025-11-19 14:50:00-05:00,2.63,2.64,2.63,2.63,843
2025-11-19 14:55:00-05:00,2.64,2.65,2.64,2.64,1474
2025-11-19 15:00:00-05:00,2.64,2.65,2.64,2.64,411
2025-11-19 15:05:00-05:00,2.64,2.64,2.63,2.64,5516
2025-11-19 15:10:00-05:00,2.64,2.65,2.64,2.64,10023
2025-11-19 15:15:00-05:00,2.65,2.65,2.65,2.65,17287
2025-11-19 15:20:00-05:00,2.65,2.65,2.64,2.65,6647
2025-11-19 15:25:00-05:00,2.65,2.65,2.65,2.65,322
2025-11-19 15:30:00-05:00,2.65,2.65,2.64,2.65,7954
2025-11-19 15:35:00-05:00,2.65,2.65,2.65,2.65,20744
2025-11-19 15:40:00-05:00,2.65,2.65,2.64,2.65,629
2025-11-19 15:45:00-05:00,2.65,2.65,2.63,2.65,4847
2025-11-19 15:50:00-05:00,2.65,2.65,2.64,2.65,4173
2025-11-19 15:55:00-05:00,2.65,2.66,2.65,2.66,25243
2025-11-20 09:30:00-05:00,2.74,2.77,2.7,2.76,27378
2025-11-20 09:35:00-05:00,2.76,2.77,2.75,2.76,7604
2025-11-20 09:40:00-05:00,2.76,2.76,2.71,2.75,9916
2025-11-20 09:45:00-05:00,2.75,2.75,2.72,2.73,4863
2025-11-20 09:50:00-05:00,2.72,2.74,2.72,2.72,4427
2025-11-20 09:55:00-05:00,2.72,2.74,2.72,2.73,4168
2025-11-20 10:00:00-05:00,2.72,2.72,2.71,2.71,1061
2025-11-20 10:05:00-05:00,2.71,2.71,2.65,2.67,24173
2025-11-20 10:10:00-05:00,2.69,2.69,2.68,2.68,4321
2025-11-20 10:20:00-05:00,2.69,2.7,2.69,2.69,2665
2025-11-20 10:25:00-05:00,2.68,2.71,2.68,2.71,4230
2025-11-20 10:30:00-05:00,2.71,2.72,2.68,2.68,2028
2025-11-20 10:40:00-05:00,2.71,2.71,2.71,2.71,4502
2025-11-20 10:45:00-05:00,2.71,2.71,2.67,2.67,1149
2025-11-20 10:50:00-05:00,2.7,2.7,2.7,2.7,1756
2025-11-20 10:55:00-05:00,2.7,2.7,2.68,2.69,478
2025-11-20 11:00:00-05:00,2.7,2.71,2.68,2.68,1617
2025-11-20 11:05:00-05:00,2.68,2.69,2.67,2.67,6507
2025-11-20 11:10:00-05:00,2.67,2.68,2.66,2.66,4558
2025-11-20 11:15:00-05:00,2.65,2.65,2.63,2.63,2550
2025-11-20 11:20:00-05:00,2.65,2.68,2.65,2.67,1973
2025-11-20 11:25:00-05:00,2.67,2.67,2.67,2.67,519
2025-11-20 11:30:00-05:00,2.65,2.66,2.65,2.65,1072
2025-11-20 11:35:00-05:00,2.65,2.66,2.65,2.66,2163
2025-11-20 11:40:00-05:00,2.65,2.66,2.63,2.66,5653
2025-11-20 11:45:00-05:00,2.66,2.66,2.65,2.65,2821
2025-11-20 11:50:00-05:00,2.65,2.66,2.61,2.63,9321
2025-11-20 11:55:00-05:00,2.61,2.62,2.6,2.6,7129
2025-11-20 12:00:00-05:00,2.61,2.61,2.6,2.61,4743
2025-11-20 12:05:00-05:00,2.61,2.63,2.6,2.62,6193
2025-11-20 12:10:00-05:00,2.61,2.62,2.6,2.61,5587
2025-11-20 12:15:00-05:00,2.61,2.62,2.61,2.62,912
2025-11-20 12:20:00-05:00,2.61,2.62,2.6,2.61,20787
2025-11-20 12:25:00-05:00,2.6,2.61,2.6,2.61,12218
2025-11-20 12:30:00-05:00,2.6,2.62,2.6,2.62,362
2025-11-20 12:35:00-05:00,2.6,2.61,2.55,2.6,21707
2025-11-20 12:40:00-05:00,2.61,2.62,2.58,2.62,4643
2025-11-20 12:45:00-05:00,2.59,2.6,2.59,2.6,3102
2025-11-20 12:50:00-05:00,2.6,2.61,2.6,2.6,5292
2025-11-20 12:55:00-05:00,2.61,2.61,2.59,2.61,5203
2025-11-20 13:00:00-05:00,2.61,2.62,2.6,2.62,3461
2025-11-20 13:05:00-05:00,2.62,2.65,2.62,2.65,4159
2025-11-20 13:10:00-05:00,2.65,2.66,2.65,2.66,7563
2025-11-20 13:15:00-05:00,2.66,2.67,2.64,2.64,9838
2025-11-20 13:20:00-05:00,2.65,2.66,2.64,2.64,1257
2025-11-20 13:25:00-05:00,2.64,2.65,2.64,2.65,1444
2025-11-20 13:30:00-05:00,2.62,2.67,2.62,2.67,600
2025-11-20 13:35:00-05:00,2.65,2.67,2.62,2.67,2010
2025-11-20 13:40:00-05:00,2.64,2.66,2.64,2.65,2046
2025-11-20 13:45:00-05:00,2.63,2.63,2.63,2.63,1181
2025-11-20 13:50:00-05:00,2.64,2.64,2.61,2.63,1925
2025-11-20 13:55:00-05:00,2.63,2.65,2.62,2.65,3767
2025-11-20 14:00:00-05:00,2.63,2.63,2.63,2.63,101
2025-11-20 14:05:00-05:00,2.62,2.63,2.61,2.61,5746
2025-11-20 14:10:00-05:00,2.65,2.65,2.65,2.65,1936
2025-11-20 14:15:00-05:00,2.63,2.65,2.63,2.65,652
2025-11-20 14:20:00-05:00,2.66,2.66,2.63,2.63,1708
2025-11-20 14:25:00-05:00,2.64,2.64,2.64,2.64,376
2025-11-20 14:30:00-05:00,2.64,2.64,2.64,2.64,1224
2025-11-20 14:35:00-05:00,2.64,2.64,2.63,2.63,5219
2025-11-20 14:40:00-05:00,2.62,2.63,2.62,2.63,202
2025-11-20 14:50:00-05:00,2.62,2.63,2.62,2.63,826
2025-11-20 14:55:00-05:00,2.63,2.64,2.63,2.64,1490
2025-11-20 15:00:00-05:00,2.64,2.64,2.63,2.63,1160
2025-11-20 15:05:00-05:00,2.63,2.63,2.61,2.62,3935
2025-11-20 15:10:00-05:00,2.61,2.62,2.61,2.61,3758
2025-11-20 15:15:00-05:00,2.62,2.62,2.61,2.61,5297
2025-11-20 15:20:00-05:00,2.62,2.62,2.61,2.61,3092
2025-11-20 15:25:00-05:00,2.62,2.62,2.61,2.61,47987
2025-11-20 15:30:00-05:00,2.6,2.62,2.6,2.6,2187
2025-11-20 15:35:00-05:00,2.6,2.6,2.58,2.58,3596
2025-11-20 15:40:00-05:00,2.58,2.6,2.56,2.57,3030
2025-11-20 15:45:00-05:00,2.56,2.6,2.55,2.58,8115
2025-11-20 15:50:00-05:00,2.58,2.59,2.55,2.57,15213
2025-11-20 15:55:00-05:00,2.58,2.58,2.55,2.56,16806
2025-11-21 09:30:00-05:00,2.55,2.64,2.54,2.6,19918
2025-11-21 09:35:00-05:00,2.61,2.64,2.55,2.61,16782
2025-11-21 09:40:00-05:00,2.61,2.63,2.61,2.62,8764
2025-11-21 09:45:00-05:00,2.59,2.59,2.57,2.59,2070
2025-11-21 09:50:00-05:00,2.59,2.61,2.56,2.59,7768
2025-11-21 09:55:00-05:00,2.61,2.65,2.6,2.63,6136
2025-11-21 10:00:00-05:00,2.63,2.63,2.61,2.61,2672
2025-11-21 10:05:00-05:00,2.61,2.62,2.6,2.62,4911
2025-11-21 10:10:00-05:00,2.63,2.65,2.63,2.65,1992
2025-11-21 10:15:00-05:00,2.65,2.65,2.63,2.64,14865
2025-11-21 10:20:00-05:00,2.64,2.65,2.6,2.63,23835
2025-11-21 10:25:00-05:00,2.62,2.63,2.6,2.62,787
2025-11-21 10:30:00-05:00,2.61,2.63,2.58,2.58,748
2025-11-21 10:35:00-05:00,2.59,2.6,2.55,2.58,24391
2025-11-21 10:40:00-05:00,2.56,2.58,2.55,2.58,1416
2025-11-21 10:45:00-05:00,2.58,2.63,2.57,2.63,6328
2025-11-21 10:50:00-05:00,2.59,2.59,2.58,2.58,1205
2025-11-21 10:55:00-05:00,2.6,2.6,2.58,2.58,641
2025-11-21 11:00:00-05:00,2.58,2.59,2.57,2.57,1433
2025-11-21 11:05:00-05:00,2.59,2.6,2.56,2.58,1176
2025-11-21 11:10:00-05:00,2.6,2.6,2.6,2.6,655
2025-11-21 11:15:00-05:00,2.58,2.61,2.58,2.6,2058
2025-11-21 11:20:00-05:00,2.62,2.62,2.61,2.62,1491
2025-11-21 11:25:00-05:00,2.63,2.64,2.63,2.64,2571
2025-11-21 11:30:00-05:00,2.64,2.64,2.62,2.62,890
2025-11-21 11:35:00-05:00,2.65,2.65,2.63,2.64,10273
2025-11-21 11:40:00-05:00,2.64,2.64,2.64,2.64,4707
2025-11-21 11:45:00-05:00,2.65,2.65,2.63,2.65,16537
2025-11-21 11:50:00-05:00,2.64,2.65,2.62,2.62,6207
2025-11-21 11:55:00-05:00,2.64,2.65,2.64,2.65,17200
2025-11-21 12:00:00-05:00,2.65,2.65,2.64,2.65,16169
2025-11-21 12:05:00-05:00,2.65,2.66,2.65,2.65,36996
2025-11-21 12:10:00-05:00,2.66,2.69,2.66,2.69,17119
2025-11-21 12:15:00-05:00,2.69,2.7,2.67,2.69,9100
2025-11-21 12:20:00-05:00,2.69,2.7,2.68,2.7,4849
2025-11-21 12:25:00-05:00,2.69,2.7,2.66,2.7,9093
2025-11-21 12:30:00-05:00,2.7,2.7,2.68,2.69,4723
2025-11-21 12:35:00-05:00,2.69,2.7,2.69,2.7,2842
2025-11-21 12:40:00-05:00,2.69,2.7,2.69,2.69,6831
2025-11-21 12:45:00-05:00,2.69,2.7,2.68,2.69,14331
2025-11-21 12:50:00-05:00,2.69,2.7,2.66,2.69,5654
2025-11-21 12:55:00-05:00,2.67,2.7,2.67,2.67,13799
2025-11-21 13:00:00-05:00,2.69,2.69,2.65,2.65,4281
2025-11-21 13:05:00-05:00,2.65,2.69,2.64,2.68,3689
2025-11-21 13:10:00-05:00,2.67,2.67,2.63,2.65,13184
2025-11-21 13:15:00-05:00,2.65,2.67,2.63,2.65,29404
2025-11-21 13:20:00-05:00,2.67,2.69,2.64,2.67,49772
2025-11-21 13:25:00-05:00,2.68,2.69,2.67,2.68,23254
2025-11-21 13:30:00-05:00,2.7,2.7,2.65,2.69,18358
2025-11-21 13:35:00-05:00,2.69,2.7,2.62,2.62,23949
2025-11-21 13:40:00-05:00,2.65,2.65,2.64,2.64,3801
2025-11-21 13:45:00-05:00,2.64,2.64,2.64,2.64,4526
2025-11-21 13:50:00-05:00,2.68,2.7,2.68,2.69,12709
2025-11-21 13:55:00-05:00,2.7,2.7,2.64,2.64,6439
2025-11-21 14:00:00-05:00,2.64,2.69,2.64,2.67,4800
2025-11-21 14:05:00-05:00,2.68,2.68,2.65,2.67,7824
2025-11-21 14:10:00-05:00,2.65,2.66,2.63,2.64,24111
2025-11-21 14:15:00-05:00,2.64,2.66,2.63,2.64,2224
2025-11-21 14:20:00-05:00,2.64,2.65,2.64,2.64,6620
2025-11-21 14:25:00-05:00,2.64,2.65,2.63,2.64,3613
2025-11-21 14:30:00-05:00,2.65,2.65,2.6,2.6,43929
2025-11-21 14:35:00-05:00,2.62,2.64,2.61,2.64,3316
2025-11-21 14:40:00-05:00,2.62,2.64,2.57,2.58,29404
2025-11-21 14:45:00-05:00,2.62,2.62,2.6,2.61,3948
2025-11-21 14:50:00-05:00,2.61,2.63,2.61,2.63,1901
2025-11-21 14:55:00-05:00,2.6,2.63,2.6,2.63,4660
2025-11-21 15:00:00-05:00,2.64,2.64,2.62,2.62,1291
2025-11-21 15:05:00-05:00,2.62,2.66,2.61,2.64,12900
2025-11-21 15:10:00-05:00,2.64,2.65,2.63,2.63,5563
2025-11-21 15:15:00-05:00,2.65,2.65,2.65,2.65,907
2025-11-21 15:20:00-05:00,2.63,2.63,2.63,2.63,4018
2025-11-21 15:25:00-05:00,2.64,2.65,2.62,2.65,10651
2025-11-21 15:30:00-05:00,2.66,2.66,2.63,2.66,5453
2025-11-21 15:35:00-05:00,2.65,2.67,2.64,2.67,7731
2025-11-21 15:40:00-05:00,2.67,2.67,2.65,2.65,8176
2025-11-21 15:45:00-05:00,2.67,2.68,2.67,2.67,4267
2025-11-21 15:50:00-05:00,2.67,2.68,2.67,2.68,1786
2025-11-21 15:55:00-05:00,2.69,2.69,2.67,2.67,16895
2025-11-24 09:30:00-05:00,2.67,2.71,2.67,2.68,19765
2025-11-24 09:35:00-05:00,2.69,2.73,2.69,2.7,10809
2025-11-24 09:40:00-05:00,2.7,2.7,2.67,2.67,3991
2025-11-24 09:45:00-05:00,2.69,2.69,2.67,2.67,3153
2025-11-24 09:50:00-05:00,2.67,2.68,2.65,2.68,14510
2025-11-24 09:55:00-05:00,2.68,2.68,2.68,2.68,882
2025-11-24 10:00:00-05:00,2.69,2.69,2.67,2.69,6738
2025-11-24 10:05:00-05:00,2.68,2.7,2.68,2.69,979
2025-11-24 10:10:00-05:00,2.69,2.69,2.69,2.69,546
2025-11-24 10:15:00-05:00,2.7,2.7,2.68,2.68,1040
2025-11-24 10:20:00-05:00,2.7,2.7,2.68,2.7,2825
2025-11-24 10:25:00-05:00,2.69,2.7,2.69,2.7,744
2025-11-24 10:30:00-05:00,2.7,2.71,2.7,2.7,3143
2025-11-24 10:35:00-05:00,2.7,2.74,2.7,2.74,8139
2025-11-24 10:40:00-05:00,2.73,2.73,2.71,2.71,9695
2025-11-24 10:45:00-05:00,2.72,2.72,2.71,2.72,3146
2025-11-24 10:50:00-05:00,2.72,2.72,2.71,2.72,3330
2025-11-24 10:55:00-05:00,2.72,2.72,2.71,2.71,6805
2025-11-24 11:00:00-05:00,2.72,2.74,2.71,2.73,35828
2025-11-24 11:05:00-05:00,2.74,2.74,2.72,2.72,2727
2025-11-24 11:10:00-05:00,2.73,2.75,2.71,2.74,9864
2025-11-24 11:15:00-05:00,2.74,2.74,2.66,2.7,29296
2025-11-24 11:20:00-05:00,2.7,2.7,2.68,2.68,11744
2025-11-24 11:25:00-05:00,2.68,2.69,2.67,2.68,16821
2025-11-24 11:30:00-05:00,2.69,2.71,2.69,2.7,7500
2025-11-24 11:35:00-05:00,2.71,2.74,2.71,2.74,8119
2025-11-24 11:40:00-05:00,2.73,2.75,2.69,2.69,17367
2025-11-24 11:45:00-05:00,2.72,2.74,2.68,2.68,13914
2025-11-24 11:50:00-05:00,2.66,2.69,2.65,2.68,39957
2025-11-24 11:55:00-05:00,2.68,2.69,2.68,2.68,4096
2025-11-24 12:00:00-05:00,2.66,2.68,2.66,2.66,4523
2025-11-24 12:05:00-05:00,2.68,2.68,2.67,2.67,3813
2025-11-24 12:10:00-05:00,2.67,2.68,2.67,2.67,3943
2025-11-24 12:15:00-05:00,2.67,2.7,2.66,2.69,14297
2025-11-24 12:20:00-05:00,2.7,2.72,2.69,2.72,12072
2025-11-24 12:25:00-05:00,2.71,2.71,2.67,2.71,5412
2025-11-24 12:30:00-05:00,2.71,2.73,2.71,2.73,5672
2025-11-24 12:35:00-05:00,2.72,2.73,2.7,2.71,1852
2025-11-24 12:40:00-05:00,2.72,2.72,2.72,2.72,2972
2025-11-24 12:45:00-05:00,2.72,2.73,2.69,2.7,9983
2025-11-24 12:50:00-05:00,2.72,2.73,2.7,2.7,4909
2025-11-24 12:55:00-05:00,2.73,2.73,2.68,2.7,7505
2025-11-24 13:00:00-05:00,2.69,2.72,2.69,2.72,3620
2025-11-24 13:05:00-05:00,2.7,2.7,2.7,2.7,1653
2025-11-24 13:10:00-05:00,2.72,2.72,2.68,2.68,1761
2025-11-24 13:15:00-05:00,2.7,2.72,2.69,2.7,5769
2025-11-24 13:20:00-05:00,2.69,2.7,2.69,2.69,2155
2025-11-24 13:30:00-05:00,2.7,2.72,2.69,2.7,3684
2025-11-24 13:35:00-05:00,2.73,2.73,2.72,2.73,4620
2025-11-24 13:40:00-05:00,2.73,2.73,2.72,2.72,3185
2025-11-24 13:45:00-05:00,2.71,2.71,2.7,2.71,2916
2025-11-24 13:50:00-05:00,2.72,2.72,2.65,2.67,36502
2025-11-24 13:55:00-05:00,2.68,2.7,2.68,2.7,3265
2025-11-24 14:00:00-05:00,2.68,2.69,2.67,2.68,5108
2025-11-24 14:05:00-05:00,2.68,2.68,2.67,2.67,613
2025-11-24 14:10:00-05:00,2.69,2.69,2.69,2.69,593
2025-11-24 14:30:00-05:00,2.67,2.69,2.67,2.69,1183
2025-11-24 14:35:00-05:00,2.68,2.7,2.68,2.7,2691
2025-11-24 14:45:00-05:00,2.7,2.71,2.69,2.71,9069
2025-11-24 14:50:00-05:00,2.71,2.71,2.7,2.7,3306
2025-11-24 14:55:00-05:00,2.7,2.7,2.7,2.7,654
2025-11-24 15:00:00-05:00,2.71,2.71,2.7,2.7,1003
2025-11-24 15:05:00-05:00,2.71,2.71,2.71,2.71,146
2025-11-24 15:10:00-05:00,2.7,2.71,2.7,2.71,291
2025-11-24 15:20:00-05:00,2.71,2.71,2.71,2.71,6130
2025-11-24 15:25:00-05:00,2.7,2.71,2.7,2.71,262
2025-11-24 15:30:00-05:00,2.71,2.73,2.71,2.71,8211
2025-11-24 15:35:00-05:00,2.71,2.72,2.71,2.72,7718
2025-11-24 15:40:00-05:00,2.74,2.74,2.74,2.74,2558
2025-11-24 15:45:00-05:00,2.75,2.75,2.74,2.74,8061
2025-11-24 15:50:00-05:00,2.74,2.74,2.73,2.74,5046
2025-11-24 15:55:00-05:00,2.74,2.74,2.68,2.68,32011
2025-11-25 09:30:00-05:00,2.64,2.7,2.64,2.7,6668
2025-11-25 09:35:00-05:00,2.68,2.7,2.68,2.7,6271
2025-11-25 09:40:00-05:00,2.7,2.71,2.68,2.68,1952
2025-11-25 09:45:00-05:00,2.67,2.68,2.65,2.68,10543
2025-11-25 09:50:00-05:00,2.65,2.69,2.64,2.64,18217
2025-11-25 09:55:00-05:00,2.67,2.68,2.63,2.68,31420
2025-11-25 10:00:00-05:00,2.64,2.66,2.62,2.63,60240
2025-11-25 10:05:00-05:00,2.64,2.68,2.63,2.67,13094
2025-11-25 10:10:00-05:00,2.67,2.69,2.63,2.69,26410
2025-11-25 10:15:00-05:00,2.67,2.7,2.67,2.69,7518
2025-11-25 10:20:00-05:00,2.69,2.69,2.66,2.66,5109
2025-11-25 10:25:00-05:00,2.69,2.69,2.67,2.69,27918
2025-11-25 10:30:00-05:00,2.69,2.69,2.68,2.69,7236
2025-11-25 10:35:00-05:00,2.69,2.71,2.69,2.71,3869
2025-11-25 10:40:00-05:00,2.7,2.72,2.7,2.72,3457
2025-11-25 10:45:00-05:00,2.71,2.75,2.69,2.7,17584
2025-11-25 10:50:00-05:00,2.7,2.71,2.69,2.7,6448
2025-11-25 10:55:00-05:00,2.71,2.73,2.7,2.73,2906
2025-11-25 11:00:00-05:00,2.73,2.73,2.7,2.73,11533
2025-11-25 11:05:00-05:00,2.7,2.74,2.69,2.74,24015
2025-11-25 11:10:00-05:00,2.72,2.74,2.71,2.74,2784
2025-11-25 11:15:00-05:00,2.73,2.74,2.71,2.73,625
2025-11-25 11:20:00-05:00,2.73,2.75,2.72,2.75,11222
2025-11-25 11:25:00-05:00,2.74,2.76,2.74,2.76,12200
2025-11-25 11:30:00-05:00,2.76,2.77,2.76,2.76,4899
2025-11-25 11:35:00-05:00,2.76,2.77,2.76,2.76,1312
2025-11-25 11:40:00-05:00,2.74,2.75,2.74,2.74,1732
2025-11-25 11:45:00-05:00,2.75,2.75,2.74,2.75,2121
2025-11-25 11:50:00-05:00,2.75,2.75,2.75,2.75,169
2025-11-25 11:55:00-05:00,2.74,2.75,2.74,2.74,1598
2025-11-25 12:00:00-05:00,2.74,2.75,2.74,2.74,2076
2025-11-25 12:05:00-05:00,2.75,2.75,2.74,2.75,7332
2025-11-25 12:10:00-05:00,2.75,2.76,2.74,2.76,4015
2025-11-25 12:15:00-05:00,2.76,2.76,2.73,2.75,13278
2025-11-25 12:20:00-05:00,2.77,2.77,2.76,2.77,2337
2025-11-25 12:25:00-05:00,2.77,2.8,2.77,2.78,6951
2025-11-25 12:30:00-05:00,2.78,2.78,2.77,2.78,5260
2025-11-25 12:35:00-05:00,2.78,2.78,2.77,2.77,7396
2025-11-25 12:40:00-05:00,2.77,2.77,2.75,2.76,2983
2025-11-25 12:45:00-05:00,2.76,2.78,2.74,2.78,7925
2025-11-25 12:50:00-05:00,2.78,2.78,2.77,2.77,10864
2025-11-25 12:55:00-05:00,2.78,2.78,2.74,2.74,9042
2025-11-25 13:00:00-05:00,2.76,2.77,2.74,2.77,2726
2025-11-25 13:05:00-05:00,2.75,2.75,2.73,2.73,2516
2025-11-25 13:10:00-05:00,2.75,2.77,2.73,2.75,2455
2025-11-25 13:15:00-05:00,2.75,2.75,2.75,2.75,105
2025-11-25 13:20:00-05:00,2.75,2.75,2.75,2.75,205
2025-11-25 13:25:00-05:00,2.75,2.75,2.75,2.75,1282
2025-11-25 13:30:00-05:00,2.74,2.74,2.74,2.74,368
2025-11-25 13:35:00-05:00,2.75,2.76,2.75,2.76,530
2025-11-25 13:40:00-05:00,2.76,2.76,2.76,2.76,1844
2025-11-25 13:45:00-05:00,2.75,2.76,2.75,2.76,782
2025-11-25 13:50:00-05:00,2.75,2.77,2.75,2.77,4617
2025-11-25 13:55:00-05:00,2.75,2.75,2.74,2.74,1971
2025-11-25 14:00:00-05:00,2.74,2.75,2.74,2.75,6745
2025-11-25 14:05:00-05:00,2.74,2.74,2.74,2.74,534
2025-11-25 14:10:00-05:00,2.75,2.75,2.75,2.75,439
2025-11-25 14:15:00-05:00,2.75,2.75,2.75,2.75,4538
2025-11-25 14:20:00-05:00,2.75,2.75,2.73,2.73,3561
2025-11-25 14:25:00-05:00,2.74,2.74,2.73,2.73,4618
2025-11-25 14:30:00-05:00,2.73,2.75,2.72,2.75,14402
2025-11-25 14:35:00-05:00,2.76,2.76,2.76,2.76,1325
2025-11-25 14:40:00-05:00,2.76,2.76,2.76,2.76,2027
2025-11-25 14:50:00-05:00,2.77,2.78,2.77,2.78,3336
2025-11-25 14:55:00-05:00,2.77,2.77,2.76,2.77,1049
2025-11-25 15:00:00-05:00,2.77,2.77,2.76,2.76,1138
2025-11-25 15:05:00-05:00,2.77,2.77,2.76,2.77,3649
2025-11-25 15:10:00-05:00,2.77,2.77,2.76,2.76,370
2025-11-25 15:15:00-05:00,2.78,2.78,2.77,2.77,3529
2025-11-25 15:20:00-05:00,2.78,2.78,2.77,2.78,6621
2025-11-25 15:25:00-05:00,2.78,2.78,2.77,2.78,5672
2025-11-25 15:30:00-05:00,2.78,2.78,2.77,2.78,2070
2025-11-25 15:35:00-05:00,2.77,2.78,2.77,2.78,1792
2025-11-25 15:40:00-05:00,2.78,2.78,2.76,2.77,6678
2025-11-25 15:45:00-05:00,2.76,2.77,2.75,2.76,12816
2025-11-25 15:50:00-05:00,2.75,2.78,2.75,2.78,8497
2025-11-25 15:55:00-05:00,2.77,2.78,2.76,2.76,9437
2025-11-26 09:30:00-05:00,2.78,2.8,2.77,2.77,28813
2025-11-26 09:35:00-05:00,2.78,2.8,2.78,2.8,12884
2025-11-26 09:40:00-05:00,2.81,2.82,2.79,2.79,3475
2025-11-26 09:45:00-05:00,2.82,2.84,2.81,2.84,4813
2025-11-26 09:50:00-05:00,2.85,2.86,2.85,2.85,11353
2025-11-26 09:55:00-05:00,2.85,2.86,2.83,2.85,9667
2025-11-26 10:00:00-05:00,2.85,2.86,2.85,2.85,14351
2025-11-26 10:05:00-05:00,2.86,2.86,2.85,2.86,12363
2025-11-26 10:10:00-05:00,2.86,2.86,2.85,2.86,9624
2025-11-26 10:15:00-05:00,2.86,2.86,2.85,2.86,2207
2025-11-26 10:20:00-05:00,2.86,2.86,2.85,2.85,1596
2025-11-26 10:25:00-05:00,2.85,2.86,2.85,2.86,1742
2025-11-26 10:30:00-05:00,2.86,2.86,2.86,2.86,14060
2025-11-26 10:35:00-05:00,2.86,2.87,2.85,2.87,20070
2025-11-26 10:40:00-05:00,2.87,2.87,2.85,2.85,7436
2025-11-26 10:45:00-05:00,2.85,2.88,2.85,2.88,3761
2025-11-26 10:50:00-05:00,2.87,2.87,2.85,2.85,2406
2025-11-26 10:55:00-05:00,2.85,2.88,2.85,2.88,451
2025-11-26 11:00:00-05:00,2.88,2.88,2.85,2.87,2870
2025-11-26 11:05:00-05:00,2.86,2.88,2.86,2.86,3016
2025-11-26 11:10:00-05:00,2.86,2.88,2.86,2.88,4014
2025-11-26 11:15:00-05:00,2.86,2.87,2.85,2.87,4155
2025-11-26 11:20:00-05:00,2.86,2.87,2.86,2.87,2672
2025-11-26 11:25:00-05:00,2.86,2.87,2.85,2.86,2475
2025-11-26 11:30:00-05:00,2.86,2.86,2.85,2.86,6260
2025-11-26 11:35:00-05:00,2.87,2.87,2.86,2.87,2450
2025-11-26 11:40:00-05:00,2.88,2.88,2.86,2.87,4175
2025-11-26 11:45:00-05:00,2.86,2.88,2.86,2.88,2477
2025-11-26 11:50:00-05:00,2.86,2.87,2.86,2.87,951
2025-11-26 11:55:00-05:00,2.87,2.88,2.87,2.87,2634
2025-11-26 12:00:00-05:00,2.88,2.88,2.87,2.88,18952
2025-11-26 12:05:00-05:00,2.88,2.88,2.87,2.87,4158
2025-11-26 12:10:00-05:00,2.88,2.88,2.88,2.88,757
2025-11-26 12:15:00-05:00,2.88,2.91,2.88,2.91,12315
2025-11-26 12:20:00-05:00,2.9,2.91,2.89,2.89,2160
2025-11-26 12:25:00-05:00,2.89,2.9,2.89,2.89,1757
2025-11-26 12:30:00-05:00,2.88,2.9,2.87,2.9,12488
2025-11-26 12:35:00-05:00,2.88,2.89,2.88,2.89,1097
2025-11-26 12:40:00-05:00,2.88,2.89,2.88,2.89,3455
2025-11-26 12:45:00-05:00,2.88,2.9,2.88,2.9,6973
2025-11-26 12:50:00-05:00,2.9,2.91,2.89,2.9,5329
2025-11-26 12:55:00-05:00,2.9,2.91,2.9,2.91,3702
2025-11-26 13:00:00-05:00,2.91,2.92,2.9,2.91,3790
2025-11-26 13:05:00-05:00,2.91,2.95,2.91,2.91,15430
2025-11-26 13:10:00-05:00,2.92,2.94,2.91,2.94,9886
2025-11-26 13:15:00-05:00,2.94,2.94,2.93,2.94,3537
2025-11-26 13:20:00-05:00,2.94,2.94,2.93,2.94,7765
2025-11-26 13:25:00-05:00,2.94,2.94,2.91,2.91,4368
2025-11-26 13:30:00-05:00,2.92,2.94,2.91,2.92,1275
2025-11-26 13:35:00-05:00,2.91,2.93,2.91,2.93,10957
2025-11-26 13:40:00-05:00,2.91,2.91,2.91,2.91,734
2025-11-26 13:45:00-05:00,2.91,2.94,2.9,2.94,5290
2025-11-26 13:50:00-05:00,2.93,2.94,2.91,2.92,2081
2025-11-26 13:55:00-05:00,2.94,2.94,2.94,2.94,818
2025-11-26 14:00:00-05:00,2.92,2.92,2.92,2.92,611
2025-11-26 14:05:00-05:00,2.92,2.92,2.92,2.92,1979
2025-11-26 14:10:00-05:00,2.91,2.92,2.91,2.92,2392
2025-11-26 14:15:00-05:00,2.91,2.94,2.91,2.94,10532
2025-11-26 14:20:00-05:00,2.94,2.94,2.92,2.94,17963
2025-11-26 14:25:00-05:00,2.94,2.95,2.93,2.93,17105
2025-11-26 14:30:00-05:00,2.94,2.94,2.93,2.93,8302
2025-11-26 14:35:00-05:00,2.92,2.94,2.92,2.94,2444
2025-11-26 14:40:00-05:00,2.95,2.97,2.95,2.97,20074
2025-11-26 14:45:00-05:00,2.98,3.03,2.97,3.03,28108
2025-11-26 14:50:00-05:00,3.03,3.03,3.01,3.02,21968
2025-11-26 14:55:00-05:00,3.02,3.03,3.01,3.02,10340
2025-11-26 15:00:00-05:00,3.03,3.03,3.01,3.02,29215
2025-11-26 15:05:00-05:00,3.02,3.02,3.01,3.01,41590
2025-11-26 15:10:00-05:00,3,3.01,3,3,3965
2025-11-26 15:15:00-05:00,3.01,3.02,3,3.01,15995
2025-11-26 15:20:00-05:00,3.02,3.02,3,3.01,25685
2025-11-26 15:25:00-05:00,3.02,3.02,3,3.01,13946
2025-11-26 15:30:00-05:00,3.02,3.03,3.01,3.03,23827
2025-11-26 15:35:00-05:00,3.02,3.03,3.01,3.02,8984
2025-11-26 15:40:00-05:00,3.02,3.03,3.02,3.02,2695
2025-11-26 15:45:00-05:00,3.01,3.02,3.01,3.02,7273
2025-11-26 15:50:00-05:00,3.01,3.03,2.99,3.02,18937
2025-11-26 15:55:00-05:00,3.02,3.02,2.95,2.95,20697
2025-11-28 09:30:00-05:00,3.15,3.23,3.15,3.21,73446
2025-11-28 09:35:00-05:00,3.2,3.34,3.2,3.34,201294
2025-11-28 09:40:00-05:00,3.32,3.34,3.29,3.29,72447
2025-11-28 09:45:00-05:00,3.29,3.31,3.28,3.3,43774
2025-11-28 09:50:00-05:00,3.29,3.32,3.25,3.25,84047
2025-11-28 09:55:00-05:00,3.25,3.28,3.25,3.27,13987
2025-11-28 10:00:00-05:00,3.28,3.29,3.23,3.23,54830
2025-11-28 10:05:00-05:00,3.26,3.26,3.19,3.19,33182
2025-11-28 10:10:00-05:00,3.22,3.26,3.19,3.2,15000
2025-11-28 10:15:00-05:00,3.2,3.23,3.19,3.23,32363
2025-11-28 10:20:00-05:00,3.21,3.21,3.2,3.21,3142
2025-11-28 10:25:00-05:00,3.21,3.22,3.2,3.22,10308
2025-11-28 10:30:00-05:00,3.21,3.22,3.21,3.21,4651
2025-11-28 10:35:00-05:00,3.22,3.22,3.13,3.13,28409
2025-11-28 10:40:00-05:00,3.14,3.15,3.14,3.15,5685
2025-11-28 10:45:00-05:00,3.15,3.15,3.11,3.12,6459
2025-11-28 10:50:00-05:00,3.12,3.13,3.11,3.13,5874
2025-11-28 10:55:00-05:00,3.12,3.17,3.12,3.17,4802
2025-11-28 11:00:00-05:00,3.17,3.18,3.15,3.15,11229
2025-11-28 11:05:00-05:00,3.16,3.18,3.15,3.16,7278
2025-11-28 11:10:00-05:00,3.17,3.17,3.16,3.16,518
2025-11-28 11:15:00-05:00,3.17,3.22,3.17,3.21,16072
2025-11-28 11:20:00-05:00,3.22,3.25,3.21,3.22,10357
2025-11-28 11:25:00-05:00,3.21,3.29,3.21,3.27,18914
2025-11-28 11:30:00-05:00,3.29,3.3,3.27,3.3,32484
2025-11-28 11:35:00-05:00,3.3,3.31,3.27,3.3,34737
2025-11-28 11:40:00-05:00,3.29,3.29,3.25,3.26,26050
2025-11-28 11:45:00-05:00,3.26,3.28,3.26,3.28,5430
2025-11-28 11:50:00-05:00,3.29,3.31,3.29,3.3,23703
2025-11-28 11:55:00-05:00,3.3,3.3,3.29,3.3,18818
2025-11-28 12:00:00-05:00,3.3,3.3,3.26,3.26,7836
2025-11-28 12:05:00-05:00,3.26,3.29,3.26,3.27,7710
2025-11-28 12:10:00-05:00,3.28,3.29,3.26,3.29,9629
2025-11-28 12:15:00-05:00,3.3,3.3,3.29,3.29,31484
2025-11-28 12:20:00-05:00,3.29,3.3,3.28,3.28,6124
2025-11-28 12:25:00-05:00,3.27,3.3,3.27,3.29,4887
2025-11-28 12:30:00-05:00,3.3,3.3,3.26,3.27,7160
2025-11-28 12:35:00-05:00,3.27,3.3,3.27,3.3,5520
2025-11-28 12:40:00-05:00,3.29,3.3,3.28,3.29,4543
2025-11-28 12:45:00-05:00,3.3,3.3,3.27,3.27,18426
2025-11-28 12:50:00-05:00,3.28,3.3,3.28,3.29,10039
2025-11-28 12:55:00-05:00,3.29,3.34,3.29,3.34,25768
2025-11-28 13:00:00-05:00,3.34,3.34,3.34,3.34,990
2025-12-01 09:30:00-05:00,3.29,3.42,3.27,3.34,76922
2025-12-01 09:35:00-05:00,3.32,3.5,3.32,3.41,90304
2025-12-01 09:40:00-05:00,3.42,3.55,3.42,3.48,94882
2025-12-01 09:45:00-05:00,3.5,3.53,3.47,3.5,23562
2025-12-01 09:50:00-05:00,3.5,3.5,3.45,3.45,48779
2025-12-01 09:55:00-05:00,3.46,3.46,3.43,3.46,10521
2025-12-01 10:00:00-05:00,3.46,3.48,3.41,3.44,15091
2025-12-01 10:05:00-05:00,3.45,3.46,3.43,3.46,12241
2025-12-01 10:10:00-05:00,3.45,3.5,3.4,3.49,33662
2025-12-01 10:15:00-05:00,3.5,3.5,3.44,3.46,21751
2025-12-01 10:20:00-05:00,3.46,3.46,3.4,3.4,32397
2025-12-01 10:25:00-05:00,3.4,3.4,3.36,3.39,18011
2025-12-01 10:30:00-05:00,3.36,3.42,3.35,3.41,5027
2025-12-01 10:35:00-05:00,3.4,3.47,3.4,3.47,5586
2025-12-01 10:40:00-05:00,3.47,3.49,3.46,3.48,6868
2025-12-01 10:45:00-05:00,3.47,3.5,3.47,3.5,14150
2025-12-01 10:50:00-05:00,3.5,3.5,3.48,3.5,33064
2025-12-01 10:55:00-05:00,3.5,3.53,3.49,3.53,56117
2025-12-01 11:00:00-05:00,3.52,3.55,3.46,3.53,31851
2025-12-01 11:05:00-05:00,3.53,3.53,3.49,3.5,16997
2025-12-01 11:10:00-05:00,3.51,3.51,3.49,3.5,1920
2025-12-01 11:15:00-05:00,3.5,3.55,3.49,3.54,48709
2025-12-01 11:20:00-05:00,3.53,3.55,3.51,3.55,23729
2025-12-01 11:25:00-05:00,3.54,3.58,3.54,3.57,27318
2025-12-01 11:30:00-05:00,3.56,3.58,3.56,3.57,19570
2025-12-01 11:35:00-05:00,3.57,3.6,3.57,3.58,36196
2025-12-01 11:40:00-05:00,3.59,3.6,3.58,3.59,40161
2025-12-01 11:45:00-05:00,3.59,3.6,3.58,3.59,38761
2025-12-01 11:50:00-05:00,3.59,3.6,3.58,3.58,16705
2025-12-01 11:55:00-05:00,3.6,3.6,3.58,3.59,7622
2025-12-01 12:00:00-05:00,3.58,3.58,3.56,3.57,18878
2025-12-01 12:05:00-05:00,3.57,3.59,3.57,3.57,11413
2025-12-01 12:10:00-05:00,3.59,3.6,3.59,3.6,7241
2025-12-01 12:15:00-05:00,3.59,3.6,3.57,3.57,7739
2025-12-01 12:20:00-05:00,3.58,3.61,3.57,3.58,14775
2025-12-01 12:25:00-05:00,3.58,3.6,3.58,3.6,17626
2025-12-01 12:30:00-05:00,3.6,3.64,3.6,3.63,12074
2025-12-01 12:35:00-05:00,3.63,3.68,3.62,3.65,21605
2025-12-01 12:40:00-05:00,3.64,3.66,3.62,3.63,11726
2025-12-01 12:45:00-05:00,3.62,3.67,3.58,3.67,31179
2025-12-01 12:50:00-05:00,3.65,3.95,3.65,3.69,110366
2025-12-01 12:55:00-05:00,3.68,3.75,3.65,3.73,20591
2025-12-01 13:00:00-05:00,3.73,3.81,3.73,3.74,72158
2025-12-01 13:05:00-05:00,3.74,3.75,3.7,3.73,31644
2025-12-01 13:10:00-05:00,3.72,3.72,3.7,3.7,17523
2025-12-01 13:15:00-05:00,3.7,3.72,3.7,3.7,11914
2025-12-01 13:20:00-05:00,3.7,3.71,3.69,3.7,22862
2025-12-01 13:25:00-05:00,3.71,3.72,3.7,3.71,9343
2025-12-01 13:30:00-05:00,3.71,3.72,3.7,3.72,13531
2025-12-01 13:35:00-05:00,3.72,3.73,3.7,3.7,17042
2025-12-01 13:40:00-05:00,3.69,3.72,3.69,3.7,10714
2025-12-01 13:45:00-05:00,3.69,3.69,3.65,3.67,21347
2025-12-01 13:50:00-05:00,3.68,3.68,3.67,3.68,5929
2025-12-01 13:55:00-05:00,3.67,3.69,3.67,3.69,1652
2025-12-01 14:00:00-05:00,3.68,3.68,3.65,3.65,18313
2025-12-01 14:05:00-05:00,3.65,3.67,3.65,3.66,15306
2025-12-01 14:10:00-05:00,3.65,3.67,3.65,3.65,9262
2025-12-01 14:15:00-05:00,3.64,3.65,3.59,3.59,13719
2025-12-01 14:20:00-05:00,3.59,3.59,3.51,3.53,19446
2025-12-01 14:25:00-05:00,3.53,3.61,3.53,3.6,12063
2025-12-01 14:30:00-05:00,3.58,3.6,3.49,3.53,63963
2025-12-01 14:35:00-05:00,3.54,3.57,3.53,3.55,7413
2025-12-01 14:40:00-05:00,3.55,3.57,3.54,3.55,14331
2025-12-01 14:45:00-05:00,3.55,3.58,3.51,3.52,8186
2025-12-01 14:50:00-05:00,3.54,3.58,3.54,3.58,863
2025-12-01 14:55:00-05:00,3.59,3.59,3.59,3.59,6623
2025-12-01 15:00:00-05:00,3.57,3.59,3.56,3.59,8077
2025-12-01 15:05:00-05:00,3.59,3.61,3.59,3.6,6164
2025-12-01 15:10:00-05:00,3.62,3.63,3.62,3.62,2094
2025-12-01 15:15:00-05:00,3.62,3.63,3.6,3.62,8852
2025-12-01 15:20:00-05:00,3.64,3.66,3.62,3.65,10440
2025-12-01 15:25:00-05:00,3.65,3.72,3.65,3.7,18103
2025-12-01 15:30:00-05:00,3.7,3.7,3.66,3.69,13302
2025-12-01 15:35:00-05:00,3.68,3.7,3.67,3.67,4374
2025-12-01 15:40:00-05:00,3.69,3.7,3.67,3.69,8771
2025-12-01 15:45:00-05:00,3.7,3.7,3.64,3.64,38603
2025-12-01 15:50:00-05:00,3.62,3.67,3.62,3.65,4608
2025-12-01 15:55:00-05:00,3.65,3.67,3.61,3.65,33274
2025-12-02 09:30:00-05:00,3.82,3.89,3.68,3.68,101850
2025-12-02 09:35:00-05:00,3.71,3.8,3.7,3.76,43182
2025-12-02 09:40:00-05:00,3.78,3.78,3.73,3.74,42352
2025-12-02 09:45:00-05:00,3.76,3.76,3.68,3.71,54194
2025-12-02 09:50:00-05:00,3.72,3.79,3.71,3.78,58315
2025-12-02 09:55:00-05:00,3.78,3.81,3.77,3.78,25802
2025-12-02 10:00:00-05:00,3.78,3.79,3.77,3.79,2772
2025-12-02 10:05:00-05:00,3.79,3.81,3.78,3.81,11313
2025-12-02 10:10:00-05:00,3.81,3.82,3.79,3.82,14022
2025-12-02 10:15:00-05:00,3.83,3.84,3.78,3.8,20334
2025-12-02 10:20:00-05:00,3.8,3.82,3.78,3.79,11533
2025-12-02 10:25:00-05:00,3.8,3.8,3.77,3.77,23590
2025-12-02 10:30:00-05:00,3.78,3.8,3.77,3.8,8885
2025-12-02 10:35:00-05:00,3.77,3.8,3.77,3.78,1639
2025-12-02 10:40:00-05:00,3.79,3.79,3.78,3.78,6905
2025-12-02 10:45:00-05:00,3.78,3.79,3.78,3.78,14519
2025-12-02 10:50:00-05:00,3.79,3.79,3.78,3.78,3152
2025-12-02 10:55:00-05:00,3.79,3.79,3.78,3.78,4371
2025-12-02 11:00:00-05:00,3.79,3.8,3.78,3.8,10453
2025-12-02 11:05:00-05:00,3.79,3.8,3.79,3.8,10861
2025-12-02 11:10:00-05:00,3.8,3.8,3.79,3.79,11949
2025-12-02 11:15:00-05:00,3.8,3.81,3.8,3.81,7489
2025-12-02 11:20:00-05:00,3.82,3.82,3.79,3.79,1555
2025-12-02 11:25:00-05:00,3.8,3.8,3.79,3.79,7867
2025-12-02 11:30:00-05:00,3.8,3.8,3.79,3.79,8625
2025-12-02 11:35:00-05:00,3.79,3.81,3.79,3.81,7242
2025-12-02 11:40:00-05:00,3.8,3.81,3.79,3.79,21520
2025-12-02 11:45:00-05:00,3.8,3.8,3.78,3.79,10514
2025-12-02 11:50:00-05:00,3.79,3.8,3.78,3.79,5453
2025-12-02 11:55:00-05:00,3.8,3.8,3.79,3.8,11175
2025-12-02 12:00:00-05:00,3.8,3.8,3.8,3.8,5940
2025-12-02 12:05:00-05:00,3.8,3.9,3.8,3.88,23740
2025-12-02 12:10:00-05:00,3.88,3.89,3.87,3.89,25741
2025-12-02 12:15:00-05:00,3.89,3.95,3.88,3.95,29412
2025-12-02 12:20:00-05:00,3.95,4.02,3.94,4.01,70105
2025-12-02 12:25:00-05:00,4.02,4.03,3.97,3.99,61358
2025-12-02 12:30:00-05:00,4,4.03,3.91,3.95,68551
2025-12-02 12:35:00-05:00,3.96,3.96,3.91,3.94,23475
2025-12-02 12:40:00-05:00,3.95,3.96,3.84,3.9,35277
2025-12-02 12:45:00-05:00,3.91,3.92,3.86,3.91,20196
2025-12-02 12:50:00-05:00,3.91,3.95,3.88,3.95,12997
2025-12-02 12:55:00-05:00,3.94,3.96,3.92,3.95,31178
2025-12-02 13:00:00-05:00,3.95,4,3.91,3.97,44599
2025-12-02 13:05:00-05:00,3.97,4.03,3.97,4.01,46612
2025-12-02 13:10:00-05:00,4.02,4.02,3.93,4.01,34598
2025-12-02 13:15:00-05:00,4.01,4.03,3.97,3.99,31350
2025-12-02 13:20:00-05:00,3.99,4,3.93,3.95,20233
2025-12-02 13:25:00-05:00,3.94,3.96,3.93,3.96,17091
2025-12-02 13:30:00-05:00,3.96,3.96,3.88,3.91,34054
2025-12-02 13:35:00-05:00,3.9,3.94,3.9,3.93,15096
2025-12-02 13:40:00-05:00,3.94,3.99,3.93,3.98,4340
2025-12-02 13:45:00-05:00,3.98,3.99,3.97,3.99,6768
2025-12-02 13:50:00-05:00,4,4,3.99,4,9403
2025-12-02 13:55:00-05:00,4.01,4.03,3.97,4,15373
2025-12-02 14:00:00-05:00,4.01,4.02,4,4.01,9656
2025-12-02 14:05:00-05:00,4.02,4.03,4,4.03,12642
2025-12-02 14:10:00-05:00,4.02,4.04,4,4.04,19620
2025-12-02 14:15:00-05:00,4.03,4.04,4.01,4.01,6289
2025-12-02 14:20:00-05:00,4,4.01,3.97,4,24686
2025-12-02 14:25:00-05:00,4,4,3.98,3.98,10277
2025-12-02 14:30:00-05:00,3.98,4.01,3.98,4.01,8691
2025-12-02 14:35:00-05:00,4.01,4.01,3.96,3.98,5335
2025-12-02 14:40:00-05:00,3.96,4,3.96,4,30811
2025-12-02 14:45:00-05:00,4,4,3.99,4,15243
2025-12-02 14:50:00-05:00,4,4.01,3.96,3.96,58292
2025-12-02 14:55:00-05:00,3.95,3.96,3.92,3.93,10947
2025-12-02 15:00:00-05:00,3.92,3.94,3.92,3.92,1876
2025-12-02 15:05:00-05:00,3.94,3.95,3.92,3.92,7496
2025-12-02 15:10:00-05:00,3.92,3.93,3.91,3.92,21238
2025-12-02 15:15:00-05:00,3.93,3.93,3.9,3.92,19529
2025-12-02 15:20:00-05:00,3.9,3.93,3.9,3.92,11208
2025-12-02 15:25:00-05:00,3.91,3.95,3.89,3.93,23684
2025-12-02 15:30:00-05:00,3.91,3.96,3.91,3.93,11584
2025-12-02 15:35:00-05:00,3.93,3.95,3.92,3.93,21691
2025-12-02 15:40:00-05:00,3.92,3.95,3.92,3.93,9360
2025-12-02 15:45:00-05:00,3.93,3.94,3.92,3.93,19998
2025-12-02 15:50:00-05:00,3.94,3.96,3.93,3.96,14154
2025-12-02 15:55:00-05:00,3.94,3.97,3.93,3.93,33468
2025-12-03 09:30:00-05:00,4.16,4.24,4.16,4.24,52551
2025-12-03 09:35:00-05:00,4.24,4.4,4.04,4.16,120363
2025-12-03 09:40:00-05:00,4.2,4.26,4.11,4.18,48951
2025-12-03 09:45:00-05:00,4.18,4.19,4.09,4.18,39502
2025-12-03 09:50:00-05:00,4.18,4.3,4,4.08,109967
2025-12-03 09:55:00-05:00,4.09,4.2,4.09,4.19,12874
2025-12-03 10:00:00-05:00,4.19,4.27,4.16,4.25,13364
2025-12-03 10:05:00-05:00,4.26,4.27,4.21,4.27,20298
2025-12-03 10:10:00-05:00,4.26,4.26,4.21,4.24,15725
2025-12-03 10:15:00-05:00,4.25,4.3,4.22,4.27,38752
2025-12-03 10:20:00-05:00,4.27,4.27,4.2,4.23,38675
2025-12-03 10:25:00-05:00,4.21,4.26,4.21,4.23,8928
2025-12-03 10:30:00-05:00,4.23,4.24,4.15,4.16,13630
2025-12-03 10:35:00-05:00,4.17,4.17,4.15,4.16,8411
2025-12-03 10:40:00-05:00,4.17,4.17,4.12,4.16,13631
2025-12-03 10:45:00-05:00,4.13,4.14,4.08,4.08,12054
2025-12-03 10:50:00-05:00,4.09,4.09,4.05,4.06,26413
2025-12-03 10:55:00-05:00,4.06,4.13,4.05,4.12,12884
2025-12-03 11:00:00-05:00,4.12,4.23,4.12,4.17,14880
2025-12-03 11:05:00-05:00,4.18,4.22,4.15,4.2,47201
2025-12-03 11:10:00-05:00,4.18,4.2,4.16,4.16,20088
2025-12-03 11:15:00-05:00,4.16,4.2,4.16,4.2,19815
2025-12-03 11:20:00-05:00,4.21,4.26,4.15,4.2,22840
2025-12-03 11:25:00-05:00,4.19,4.24,4.18,4.24,5306
2025-12-03 11:30:00-05:00,4.2,4.22,4.2,4.22,4810
2025-12-03 11:35:00-05:00,4.22,4.23,4.2,4.2,18447
2025-12-03 11:40:00-05:00,4.21,4.25,4.2,4.2,12355
2025-12-03 11:45:00-05:00,4.23,4.23,4.2,4.2,8122
2025-12-03 11:50:00-05:00,4.21,4.26,4.21,4.26,8109
2025-12-03 11:55:00-05:00,4.27,4.27,4.21,4.21,12131
2025-12-03 12:00:00-05:00,4.23,4.23,4.22,4.22,16992
2025-12-03 12:05:00-05:00,4.23,4.24,4.23,4.23,3370
2025-12-03 12:10:00-05:00,4.23,4.24,4.23,4.23,8532
2025-12-03 12:15:00-05:00,4.24,4.24,4.23,4.23,5966
2025-12-03 12:20:00-05:00,4.24,4.24,4.23,4.23,4594
2025-12-03 12:25:00-05:00,4.24,4.24,4.23,4.24,3131
2025-12-03 12:30:00-05:00,4.24,4.24,4.23,4.24,4268
2025-12-03 12:35:00-05:00,4.24,4.26,4.23,4.25,17955
2025-12-03 12:40:00-05:00,4.26,4.27,4.24,4.25,22909
2025-12-03 12:45:00-05:00,4.25,4.27,4.24,4.26,24099
2025-12-03 12:50:00-05:00,4.25,4.25,4.23,4.24,5322
2025-12-03 12:55:00-05:00,4.23,4.24,4.23,4.23,8819
2025-12-03 13:00:00-05:00,4.23,4.24,4.21,4.24,10098
2025-12-03 13:05:00-05:00,4.23,4.23,4.21,4.23,6028
2025-12-03 13:10:00-05:00,4.23,4.23,4.21,4.22,18143
2025-12-03 13:15:00-05:00,4.22,4.22,4.17,4.2,23564
2025-12-03 13:20:00-05:00,4.2,4.21,4.19,4.2,65249
2025-12-03 13:25:00-05:00,4.18,4.2,4.1,4.12,53949
2025-12-03 13:30:00-05:00,4.15,4.17,4.05,4.16,84000
2025-12-03 13:35:00-05:00,4.16,4.19,4.16,4.17,28408
2025-12-03 13:40:00-05:00,4.16,4.18,4.15,4.15,28907
2025-12-03 13:45:00-05:00,4.17,4.17,4.13,4.15,17753
2025-12-03 13:50:00-05:00,4.16,4.16,4.11,4.12,28301
2025-12-03 13:55:00-05:00,4.12,4.15,4.12,4.14,11407
2025-12-03 14:00:00-05:00,4.14,4.15,4.14,4.14,9514
2025-12-03 14:05:00-05:00,4.15,4.15,4.14,4.14,6840
2025-12-03 14:10:00-05:00,4.15,4.17,4.14,4.16,9245
2025-12-03 14:15:00-05:00,4.16,4.16,4.14,4.14,12637
2025-12-03 14:20:00-05:00,4.15,4.15,4.1,4.15,14189
2025-12-03 14:25:00-05:00,4.15,4.17,4.15,4.17,6867
2025-12-03 14:30:00-05:00,4.18,4.19,4.17,4.18,2985
2025-12-03 14:35:00-05:00,4.19,4.19,4.17,4.17,13120
2025-12-03 14:40:00-05:00,4.18,4.19,4.18,4.19,2598
2025-12-03 14:45:00-05:00,4.19,4.19,4.18,4.19,14221
2025-12-03 14:50:00-05:00,4.19,4.21,4.18,4.2,21338
2025-12-03 14:55:00-05:00,4.2,4.22,4.2,4.2,12341
2025-12-03 15:00:00-05:00,4.2,4.21,4.19,4.2,21220
2025-12-03 15:05:00-05:00,4.19,4.21,4.19,4.21,6996
2025-12-03 15:10:00-05:00,4.21,4.21,4.17,4.17,22882
2025-12-03 15:15:00-05:00,4.17,4.17,4.15,4.17,6953
2025-12-03 15:20:00-05:00,4.17,4.17,4.16,4.17,7715
2025-12-03 15:25:00-05:00,4.17,4.17,4.16,4.17,3787
2025-12-03 15:30:00-05:00,4.17,4.17,4.16,4.17,8702
2025-12-03 15:35:00-05:00,4.17,4.17,4.16,4.17,18201
2025-12-03 15:40:00-05:00,4.17,4.2,4.16,4.19,13411
2025-12-03 15:45:00-05:00,4.19,4.2,4.16,4.19,13304
2025-12-03 15:50:00-05:00,4.18,4.19,4.17,4.18,8878
2025-12-03 15:55:00-05:00,4.17,4.2,4.17,4.19,13662
2025-12-04 09:30:00-05:00,4.3,4.3,4.18,4.23,78859
2025-12-04 09:35:00-05:00,4.22,4.25,4.2,4.22,18671
2025-12-04 09:40:00-05:00,4.22,4.28,4.21,4.25,40976
2025-12-04 09:45:00-05:00,4.25,4.49,4.2,4.21,81568
2025-12-04 09:50:00-05:00,4.22,4.23,4.16,4.18,25184
2025-12-04 09:55:00-05:00,4.18,4.23,4.18,4.23,12534
2025-12-04 10:00:00-05:00,4.22,4.24,4.21,4.23,12132
2025-12-04 10:05:00-05:00,4.23,4.24,4.22,4.22,8763
2025-12-04 10:10:00-05:00,4.22,4.23,4.18,4.19,22521
2025-12-04 10:15:00-05:00,4.19,4.22,4.19,4.22,19107
2025-12-04 10:20:00-05:00,4.22,4.25,4.22,4.24,2939
2025-12-04 10:25:00-05:00,4.23,4.25,4.22,4.24,12302
2025-12-04 10:30:00-05:00,4.23,4.24,4.2,4.21,9055
2025-12-04 10:35:00-05:00,4.21,4.29,4.19,4.23,24907
2025-12-04 10:40:00-05:00,4.22,4.22,4.19,4.2,19687
2025-12-04 10:45:00-05:00,4.2,4.22,4.19,4.21,7602
2025-12-04 10:50:00-05:00,4.21,4.22,4.2,4.22,12666
2025-12-04 10:55:00-05:00,4.21,4.21,4.19,4.2,14354
2025-12-04 11:00:00-05:00,4.2,4.21,4.19,4.19,19897
2025-12-04 11:05:00-05:00,4.19,4.2,4.19,4.19,26933
2025-12-04 11:10:00-05:00,4.2,4.2,4.19,4.19,13765
2025-12-04 11:15:00-05:00,4.19,4.2,4.18,4.18,9094
2025-12-04 11:20:00-05:00,4.19,4.19,4.17,4.17,11044
2025-12-04 11:25:00-05:00,4.17,4.17,4.15,4.16,45654
2025-12-04 11:30:00-05:00,4.16,4.16,4.15,4.16,11852
2025-12-04 11:35:00-05:00,4.15,4.16,4.09,4.09,27638
2025-12-04 11:40:00-05:00,4.08,4.08,3.91,3.99,105472
2025-12-04 11:45:00-05:00,3.95,3.99,3.81,3.93,91449
2025-12-04 11:50:00-05:00,3.93,3.99,3.91,3.99,36582
2025-12-04 11:55:00-05:00,3.99,4.02,3.97,4,19866
2025-12-04 12:00:00-05:00,3.98,4,3.94,3.94,17776
2025-12-04 12:05:00-05:00,3.93,3.95,3.86,3.86,56277
2025-12-04 12:10:00-05:00,3.86,3.87,3.81,3.86,70044
2025-12-04 12:15:00-05:00,3.85,3.88,3.84,3.88,33499
2025-12-04 12:20:00-05:00,3.87,3.91,3.86,3.86,24138
2025-12-04 12:25:00-05:00,3.91,3.92,3.89,3.91,44829
2025-12-04 12:30:00-05:00,3.9,3.9,3.85,3.89,37982
2025-12-04 12:35:00-05:00,3.9,3.97,3.87,3.94,18657
2025-12-04 12:40:00-05:00,3.91,3.91,3.89,3.91,11018
2025-12-04 12:45:00-05:00,3.9,3.91,3.89,3.91,10845
2025-12-04 12:50:00-05:00,3.91,3.94,3.91,3.94,19544
2025-12-04 12:55:00-05:00,3.92,3.93,3.91,3.93,4527
2025-12-04 13:00:00-05:00,3.93,3.99,3.93,3.98,22775
2025-12-04 13:05:00-05:00,3.97,3.98,3.96,3.98,7629
2025-12-04 13:10:00-05:00,3.98,3.99,3.96,3.96,5167
2025-12-04 13:15:00-05:00,3.96,3.97,3.95,3.95,4897
2025-12-04 13:20:00-05:00,3.96,3.97,3.93,3.93,4776
2025-12-04 13:25:00-05:00,3.95,3.95,3.92,3.92,7638
2025-12-04 13:30:00-05:00,3.92,3.94,3.92,3.94,1526
2025-12-04 13:35:00-05:00,3.93,3.94,3.93,3.94,3271
2025-12-04 13:40:00-05:00,3.93,3.94,3.84,3.84,18706
2025-12-04 13:45:00-05:00,3.84,3.84,3.56,3.56,114374
2025-12-04 13:50:00-05:00,3.56,3.67,3.31,3.67,241843
2025-12-04 13:55:00-05:00,3.69,3.84,3.67,3.83,118977
2025-12-04 14:00:00-05:00,3.83,3.85,3.79,3.81,26029
2025-12-04 14:05:00-05:00,3.81,3.81,3.73,3.75,7861
2025-12-04 14:10:00-05:00,3.74,3.78,3.74,3.78,10771
2025-12-04 14:15:00-05:00,3.79,3.79,3.72,3.75,18639
2025-12-04 14:20:00-05:00,3.73,3.74,3.69,3.7,11522
2025-12-04 14:25:00-05:00,3.7,3.75,3.7,3.74,8231
2025-12-04 14:30:00-05:00,3.73,3.78,3.73,3.78,13650
2025-12-04 14:35:00-05:00,3.78,3.78,3.72,3.75,13019
2025-12-04 14:40:00-05:00,3.74,3.79,3.72,3.79,8007
2025-12-04 14:45:00-05:00,3.78,3.79,3.74,3.74,3909
2025-12-04 14:50:00-05:00,3.75,3.78,3.75,3.78,11635
2025-12-04 14:55:00-05:00,3.78,3.83,3.78,3.83,11519
2025-12-04 15:00:00-05:00,3.82,3.87,3.82,3.86,10124
2025-12-04 15:05:00-05:00,3.85,3.85,3.83,3.84,14692
2025-12-04 15:10:00-05:00,3.84,3.84,3.78,3.8,11927
2025-12-04 15:15:00-05:00,3.82,3.82,3.77,3.79,2553
2025-12-04 15:20:00-05:00,3.79,3.79,3.71,3.73,62362
2025-12-04 15:25:00-05:00,3.72,3.72,3.7,3.7,9177
2025-12-04 15:30:00-05:00,3.69,3.75,3.69,3.74,42018
2025-12-04 15:35:00-05:00,3.74,3.75,3.71,3.75,102175
2025-12-04 15:40:00-05:00,3.76,3.8,3.76,3.78,8529
2025-12-04 15:45:00-05:00,3.76,3.78,3.72,3.74,22063
2025-12-04 15:50:00-05:00,3.75,3.78,3.75,3.75,21801
2025-12-04 15:55:00-05:00,3.75,3.75,3.72,3.75,7211
2025-12-05 09:30:00-05:00,4,4,3.82,3.82,18996
2025-12-05 09:35:00-05:00,3.83,3.83,3.82,3.82,32753
2025-12-05 09:40:00-05:00,3.83,3.83,3.8,3.81,15304
2025-12-05 09:45:00-05:00,3.81,3.81,3.8,3.81,3640
2025-12-05 09:50:00-05:00,3.81,3.81,3.8,3.81,19260
2025-12-05 09:55:00-05:00,3.8,3.81,3.8,3.81,9058
2025-12-05 10:00:00-05:00,3.8,3.81,3.78,3.78,9521
2025-12-05 10:05:00-05:00,3.78,3.78,3.64,3.64,142684
2025-12-05 10:10:00-05:00,3.64,3.68,3.64,3.66,31627
2025-12-05 10:15:00-05:00,3.66,3.67,3.63,3.64,11530
2025-12-05 10:20:00-05:00,3.64,3.64,3.63,3.64,13637
2025-12-05 10:25:00-05:00,3.64,3.66,3.63,3.66,5984
2025-12-05 10:30:00-05:00,3.66,3.66,3.66,3.66,4551
2025-12-05 10:35:00-05:00,3.66,3.66,3.65,3.65,2572
2025-12-05 10:40:00-05:00,3.65,3.66,3.61,3.61,16707
2025-12-05 10:45:00-05:00,3.61,3.61,3.58,3.59,57948
2025-12-05 10:50:00-05:00,3.59,3.6,3.58,3.6,44105
2025-12-05 10:55:00-05:00,3.61,3.69,3.59,3.67,47378
2025-12-05 11:00:00-05:00,3.67,3.68,3.65,3.66,32818
2025-12-05 11:05:00-05:00,3.66,3.66,3.61,3.61,12963
2025-12-05 11:10:00-05:00,3.61,3.62,3.5,3.56,70515
2025-12-05 11:15:00-05:00,3.57,3.58,3.53,3.54,24089
2025-12-05 11:20:00-05:00,3.53,3.53,3.48,3.5,62333
2025-12-05 11:25:00-05:00,3.5,3.65,3.48,3.58,51437
2025-12-05 11:30:00-05:00,3.6,3.6,3.57,3.59,4276
2025-12-05 11:35:00-05:00,3.59,3.61,3.57,3.59,8176
2025-12-05 11:40:00-05:00,3.6,3.62,3.57,3.62,22679
2025-12-05 11:45:00-05:00,3.61,3.75,3.61,3.63,14662
2025-12-05 11:50:00-05:00,3.63,3.81,3.62,3.72,43014
2025-12-05 11:55:00-05:00,3.71,3.71,3.68,3.71,18683
2025-12-05 12:00:00-05:00,3.7,3.71,3.69,3.69,2403
2025-12-05 12:05:00-05:00,3.7,3.72,3.69,3.71,7017
2025-12-05 12:10:00-05:00,3.69,3.7,3.6,3.62,31860
2025-12-05 12:15:00-05:00,3.62,3.67,3.6,3.63,30915
2025-12-05 12:20:00-05:00,3.63,3.64,3.61,3.63,13542
2025-12-05 12:25:00-05:00,3.63,3.69,3.62,3.66,16932
2025-12-05 12:30:00-05:00,3.67,3.68,3.62,3.63,6293
2025-12-05 12:35:00-05:00,3.65,3.65,3.64,3.64,4075
2025-12-05 12:40:00-05:00,3.65,3.65,3.64,3.65,1550
2025-12-05 12:45:00-05:00,3.66,3.67,3.64,3.65,14870
2025-12-05 12:50:00-05:00,3.66,3.71,3.66,3.7,10958
2025-12-05 12:55:00-05:00,3.7,3.76,3.7,3.75,16337
2025-12-05 13:00:00-05:00,3.75,3.76,3.75,3.76,1718
2025-12-05 13:05:00-05:00,3.76,3.81,3.75,3.81,19201
2025-12-05 13:10:00-05:00,3.8,3.82,3.78,3.79,12915
2025-12-05 13:15:00-05:00,3.78,3.78,3.75,3.75,2381
2025-12-05 13:20:00-05:00,3.78,3.78,3.76,3.76,899
2025-12-05 13:25:00-05:00,3.78,3.79,3.76,3.79,1950
2025-12-05 13:30:00-05:00,3.79,3.82,3.79,3.82,3011
2025-12-05 13:35:00-05:00,3.81,3.82,3.8,3.81,1371
2025-12-05 13:40:00-05:00,3.8,3.82,3.8,3.81,12345
2025-12-05 13:45:00-05:00,3.81,3.82,3.75,3.75,3481
2025-12-05 13:50:00-05:00,3.76,3.78,3.76,3.78,4072
2025-12-05 13:55:00-05:00,3.79,3.79,3.76,3.76,8291
2025-12-05 14:00:00-05:00,3.76,3.77,3.75,3.77,800
2025-12-05 14:05:00-05:00,3.77,3.78,3.76,3.76,979
2025-12-05 14:10:00-05:00,3.76,3.77,3.76,3.77,1594
2025-12-05 14:15:00-05:00,3.78,3.78,3.77,3.78,3877
2025-12-05 14:20:00-05:00,3.79,3.79,3.78,3.79,1903
2025-12-05 14:25:00-05:00,3.79,3.8,3.79,3.8,3612
2025-12-05 14:30:00-05:00,3.81,3.81,3.8,3.8,1953
2025-12-05 14:35:00-05:00,3.77,3.77,3.77,3.77,3186
2025-12-05 14:40:00-05:00,3.77,3.79,3.75,3.76,3240
2025-12-05 14:45:00-05:00,3.76,3.76,3.73,3.73,6914
2025-12-05 14:50:00-05:00,3.74,3.76,3.73,3.75,7308
2025-12-05 14:55:00-05:00,3.74,3.76,3.74,3.76,12883
2025-12-05 15:00:00-05:00,3.76,3.77,3.73,3.77,5457
2025-12-05 15:05:00-05:00,3.76,3.76,3.67,3.7,24937
2025-12-05 15:10:00-05:00,3.67,3.95,3.66,3.83,42652
2025-12-05 15:15:00-05:00,3.82,3.82,3.75,3.75,10313
2025-12-05 15:20:00-05:00,3.76,3.8,3.76,3.79,7809
2025-12-05 15:25:00-05:00,3.8,3.8,3.79,3.8,13451
2025-12-05 15:30:00-05:00,3.8,3.8,3.79,3.79,7703
2025-12-05 15:35:00-05:00,3.8,3.81,3.79,3.81,6119
2025-12-05 15:40:00-05:00,3.81,3.81,3.8,3.8,3469
2025-12-05 15:45:00-05:00,3.81,3.81,3.77,3.78,9411
2025-12-05 15:50:00-05:00,3.78,3.78,3.77,3.78,9231
2025-12-05 15:55:00-05:00,3.78,3.79,3.75,3.79,31363
2025-12-08 09:30:00-05:00,4,4,3.77,3.83,46073
2025-12-08 09:35:00-05:00,3.83,3.95,3.76,3.85,38779
2025-12-08 09:40:00-05:00,3.85,3.85,3.8,3.83,6149
2025-12-08 09:45:00-05:00,3.83,3.85,3.83,3.84,28129
2025-12-08 09:50:00-05:00,3.84,3.9,3.84,3.86,31220
2025-12-08 09:55:00-05:00,3.86,4.08,3.85,3.85,100364
2025-12-08 10:00:00-05:00,3.85,3.89,3.84,3.87,11514
2025-12-08 10:05:00-05:00,3.87,3.89,3.86,3.89,12253
2025-12-08 10:10:00-05:00,3.89,3.93,3.87,3.88,19538
2025-12-08 10:15:00-05:00,3.88,3.93,3.88,3.9,22228
2025-12-08 10:20:00-05:00,3.89,3.89,3.88,3.89,7803
2025-12-08 10:25:00-05:00,3.87,3.89,3.87,3.87,1721
2025-12-08 10:30:00-05:00,3.88,3.94,3.88,3.93,8999
2025-12-08 10:35:00-05:00,3.93,3.94,3.91,3.93,7177
2025-12-08 10:40:00-05:00,3.94,4.01,3.94,3.97,32750
2025-12-08 10:45:00-05:00,3.98,4.03,3.98,4.02,8570
2025-12-08 10:50:00-05:00,4.03,4.04,4.01,4.03,11262
2025-12-08 10:55:00-05:00,4.04,4.04,4.03,4.04,14631
2025-12-08 11:00:00-05:00,4.04,4.06,4.03,4.05,36600
2025-12-08 11:05:00-05:00,4.06,4.09,4.05,4.08,34872
2025-12-08 11:10:00-05:00,4.09,4.09,4.06,4.07,19013
2025-12-08 11:15:00-05:00,4.08,4.1,4.05,4.05,20697
2025-12-08 11:20:00-05:00,4.05,4.08,4.05,4.05,9931
2025-12-08 11:25:00-05:00,4.05,4.05,3.99,4.02,18304
2025-12-08 11:30:00-05:00,4.02,4.02,4.01,4.02,1525
2025-12-08 11:35:00-05:00,4.01,4.04,3.96,4.04,31722
2025-12-08 11:40:00-05:00,4.03,4.03,3.99,4,26620
2025-12-08 11:45:00-05:00,3.99,4.02,3.98,3.98,10863
2025-12-08 11:50:00-05:00,3.99,3.99,3.97,3.99,2555
2025-12-08 11:55:00-05:00,3.99,3.99,3.98,3.98,2004
2025-12-08 12:00:00-05:00,3.98,3.99,3.97,3.97,2987
2025-12-08 12:05:00-05:00,3.97,3.98,3.96,3.97,1787
2025-12-08 12:10:00-05:00,3.97,3.98,3.97,3.97,2575
2025-12-08 12:15:00-05:00,3.98,4.01,3.97,3.99,20124
2025-12-08 12:20:00-05:00,3.99,4,3.97,3.97,4755
2025-12-08 12:25:00-05:00,3.98,3.99,3.96,3.98,1949
2025-12-08 12:30:00-05:00,3.98,4,3.98,4,9181
2025-12-08 12:35:00-05:00,4,4.01,3.97,3.97,8425
2025-12-08 12:40:00-05:00,3.99,4.01,3.99,4,1911
2025-12-08 12:45:00-05:00,4,4.01,4,4,13506
2025-12-08 12:50:00-05:00,4,4.02,3.98,4.02,32138
2025-12-08 12:55:00-05:00,4.02,4.03,4,4,10168
2025-12-08 13:00:00-05:00,3.98,3.98,3.96,3.97,12398
2025-12-08 13:05:00-05:00,3.97,3.97,3.91,3.94,8371
2025-12-08 13:10:00-05:00,3.94,3.94,3.94,3.94,1290
2025-12-08 13:15:00-05:00,3.93,3.93,3.82,3.93,41222
2025-12-08 13:20:00-05:00,3.92,3.94,3.89,3.92,6745
2025-12-08 13:25:00-05:00,3.92,3.92,3.85,3.86,12529
2025-12-08 13:30:00-05:00,3.87,3.87,3.87,3.87,11490
2025-12-08 13:35:00-05:00,3.87,3.91,3.87,3.91,7103
2025-12-08 13:40:00-05:00,3.95,3.96,3.93,3.94,10483
2025-12-08 13:45:00-05:00,3.93,3.95,3.91,3.94,1994
2025-12-08 13:50:00-05:00,3.92,3.92,3.9,3.9,2344
2025-12-08 13:55:00-05:00,3.9,3.9,3.89,3.9,7441
2025-12-08 14:00:00-05:00,3.93,3.93,3.91,3.91,3514
2025-12-08 14:05:00-05:00,3.92,3.92,3.9,3.9,4433
2025-12-08 14:10:00-05:00,3.89,3.92,3.89,3.92,4058
2025-12-08 14:15:00-05:00,3.9,3.91,3.9,3.9,2374
2025-12-08 14:20:00-05:00,3.92,3.95,3.91,3.95,4580
2025-12-08 14:25:00-05:00,3.96,4.02,3.96,4,13701
2025-12-08 14:30:00-05:00,4.01,4.01,3.96,3.96,35211
2025-12-08 14:35:00-05:00,3.96,3.97,3.95,3.95,9431
2025-12-08 14:40:00-05:00,3.95,3.96,3.95,3.96,1123
2025-12-08 14:45:00-05:00,3.96,3.96,3.88,3.89,11227
2025-12-08 14:50:00-05:00,3.88,3.89,3.86,3.86,8828
2025-12-08 14:55:00-05:00,3.86,3.88,3.86,3.88,8963
2025-12-08 15:00:00-05:00,3.87,3.9,3.87,3.89,6401
2025-12-08 15:05:00-05:00,3.88,3.9,3.88,3.9,15510
2025-12-08 15:10:00-05:00,3.9,3.91,3.87,3.88,45428
2025-12-08 15:15:00-05:00,3.88,3.89,3.87,3.89,4809
2025-12-08 15:20:00-05:00,3.9,3.92,3.89,3.9,20248
2025-12-08 15:25:00-05:00,3.91,3.91,3.9,3.91,7516
2025-12-08 15:30:00-05:00,3.9,3.9,3.9,3.9,275
2025-12-08 15:35:00-05:00,3.9,3.9,3.87,3.87,3379
2025-12-08 15:40:00-05:00,3.88,3.9,3.87,3.89,9324
2025-12-08 15:45:00-05:00,3.89,3.96,3.89,3.96,17664
2025-12-08 15:50:00-05:00,3.95,3.99,3.94,3.97,21439
2025-12-08 15:55:00-05:00,3.98,4.02,3.98,3.98,49929
2025-12-09 09:30:00-05:00,4.05,4.07,4,4.04,19357
2025-12-09 09:35:00-05:00,4.07,4.07,4.02,4.04,15087
2025-12-09 09:40:00-05:00,4.04,4.06,4.02,4.02,12159
2025-12-09 09:45:00-05:00,4.01,4.04,4.01,4.03,3941
2025-12-09 09:50:00-05:00,4.03,4.03,4.01,4.02,12969
2025-12-09 09:55:00-05:00,4.01,4.02,3.99,4,40189
2025-12-09 10:00:00-05:00,4.01,4.08,4.01,4.07,28966
2025-12-09 10:05:00-05:00,4.06,4.09,4.05,4.07,23099
2025-12-09 10:10:00-05:00,4.07,4.09,4.05,4.05,9721
2025-12-09 10:15:00-05:00,4.05,4.06,4.02,4.02,9816
2025-12-09 10:20:00-05:00,4.06,4.07,4.01,4.06,33164
2025-12-09 10:25:00-05:00,4.06,4.06,4.04,4.06,8137
2025-12-09 10:30:00-05:00,4.06,4.07,4.05,4.06,9591
2025-12-09 10:35:00-05:00,4.06,4.08,4.06,4.08,18965
2025-12-09 10:40:00-05:00,4.07,4.07,4.05,4.05,39185
2025-12-09 10:45:00-05:00,4.05,4.06,4.05,4.06,17139
2025-12-09 10:50:00-05:00,4.06,4.1,4.06,4.1,17259
2025-12-09 10:55:00-05:00,4.1,4.1,4.06,4.06,9356
2025-12-09 11:00:00-05:00,4.07,4.1,4.07,4.09,5975
2025-12-09 11:05:00-05:00,4.1,4.1,4.06,4.07,17593
2025-12-09 11:10:00-05:00,4.07,4.1,4.07,4.1,9371
2025-12-09 11:15:00-05:00,4.08,4.1,4.07,4.09,14682
2025-12-09 11:20:00-05:00,4.1,4.1,3.99,4.01,40755
2025-12-09 11:25:00-05:00,4.02,4.03,3.99,4,37713
2025-12-09 11:30:00-05:00,4,4,3.99,4,19855
2025-12-09 11:35:00-05:00,4,4.03,4,4.03,20660
2025-12-09 11:40:00-05:00,4.03,4.03,3.98,3.99,9525
2025-12-09 11:45:00-05:00,4,4,3.98,3.98,7152
2025-12-09 11:50:00-05:00,4,4.01,3.99,4,9138
2025-12-09 11:55:00-05:00,4.01,4.02,3.99,3.99,11969
2025-12-09 12:00:00-05:00,4.01,4.02,4,4.01,5426
2025-12-09 12:05:00-05:00,4.01,4.03,4.01,4.02,7311
2025-12-09 12:10:00-05:00,4.02,4.03,4,4.01,5541
2025-12-09 12:15:00-05:00,4.02,4.02,4,4,5056
2025-12-09 12:20:00-05:00,4.01,4.02,4.01,4.01,6914
2025-12-09 12:25:00-05:00,4,4.02,3.99,3.99,10284
2025-12-09 12:30:00-05:00,3.99,4,3.96,3.98,8978
2025-12-09 12:35:00-05:00,3.98,4,3.98,3.98,2907
2025-12-09 12:40:00-05:00,3.97,3.98,3.91,3.93,7456
2025-12-09 12:45:00-05:00,3.93,3.95,3.92,3.94,6570
2025-12-09 12:50:00-05:00,3.93,3.95,3.93,3.95,4366
2025-12-09 12:55:00-05:00,3.95,3.99,3.94,3.99,8934
2025-12-09 13:00:00-05:00,4,4,3.98,3.99,8998
2025-12-09 13:05:00-05:00,3.98,3.99,3.96,3.99,8944
2025-12-09 13:10:00-05:00,3.97,3.99,3.97,3.97,12165
2025-12-09 13:15:00-05:00,3.98,4.01,3.96,4.01,27565
2025-12-09 13:20:00-05:00,4,4,3.98,3.98,3718
2025-12-09 13:25:00-05:00,3.98,3.98,3.96,3.98,5195
2025-12-09 13:30:00-05:00,3.98,3.98,3.97,3.98,11092
2025-12-09 13:35:00-05:00,3.98,3.98,3.96,3.96,2461
2025-12-09 13:40:00-05:00,3.97,3.97,3.93,3.94,12902
2025-12-09 13:45:00-05:00,3.94,3.96,3.92,3.95,5143
2025-12-09 13:50:00-05:00,3.95,3.96,3.94,3.95,2542
2025-12-09 13:55:00-05:00,3.94,3.95,3.93,3.95,8542
2025-12-09 14:00:00-05:00,3.96,3.97,3.93,3.94,7922
2025-12-09 14:05:00-05:00,3.94,3.95,3.93,3.95,3591
2025-12-09 14:10:00-05:00,3.94,3.95,3.93,3.94,3452
2025-12-09 14:15:00-05:00,3.95,3.97,3.93,3.97,3769
2025-12-09 14:20:00-05:00,3.96,3.96,3.93,3.94,8857
2025-12-09 14:25:00-05:00,3.94,3.95,3.93,3.95,16976
2025-12-09 14:30:00-05:00,3.96,3.96,3.95,3.95,2115
2025-12-09 14:35:00-05:00,3.96,3.96,3.94,3.96,7390
2025-12-09 14:40:00-05:00,3.95,3.96,3.94,3.95,6241
2025-12-09 14:45:00-05:00,3.95,3.97,3.94,3.96,5747
2025-12-09 14:50:00-05:00,3.95,4,3.95,3.99,19526
2025-12-09 14:55:00-05:00,3.98,4,3.97,3.99,4545
2025-12-09 15:00:00-05:00,3.98,3.98,3.95,3.98,4674
2025-12-09 15:05:00-05:00,3.99,4,3.98,3.99,6008
2025-12-09 15:10:00-05:00,3.97,3.99,3.97,3.98,8109
2025-12-09 15:15:00-05:00,3.99,4,3.99,3.99,1890
2025-12-09 15:20:00-05:00,3.98,3.99,3.98,3.98,9369
2025-12-09 15:25:00-05:00,3.97,3.99,3.97,3.98,7556
2025-12-09 15:30:00-05:00,3.98,4,3.98,4,15231
2025-12-09 15:35:00-05:00,4,4,3.99,3.99,17870
2025-12-09 15:40:00-05:00,4,4,3.98,3.98,43706
2025-12-09 15:45:00-05:00,3.99,3.99,3.97,3.99,24869
2025-12-09 15:50:00-05:00,3.98,4,3.98,3.98,22804
2025-12-09 15:55:00-05:00,3.99,3.99,3.95,3.98,28391
2025-12-10 09:30:00-05:00,3.55,3.66,3.5,3.6,92572
2025-12-10 09:35:00-05:00,3.58,3.7,3.55,3.68,60923
2025-12-10 09:40:00-05:00,3.65,3.85,3.65,3.76,49352
2025-12-10 09:45:00-05:00,3.75,3.76,3.7,3.72,12267
2025-12-10 09:50:00-05:00,3.72,3.72,3.71,3.72,6855
2025-12-10 09:55:00-05:00,3.72,3.72,3.56,3.57,22023
2025-12-10 10:00:00-05:00,3.57,3.6,3.57,3.58,34763
2025-12-10 10:05:00-05:00,3.58,3.64,3.57,3.6,18335
2025-12-10 10:10:00-05:00,3.61,3.63,3.6,3.61,11285
2025-12-10 10:15:00-05:00,3.62,3.63,3.56,3.6,6122
2025-12-10 10:20:00-05:00,3.57,3.57,3.51,3.52,25495
2025-12-10 10:25:00-05:00,3.5,3.53,3.5,3.52,19765
2025-12-10 10:30:00-05:00,3.52,3.52,3.44,3.48,22630
2025-12-10 10:35:00-05:00,3.48,3.48,3.42,3.46,32094
2025-12-10 10:40:00-05:00,3.46,3.51,3.46,3.5,41550
2025-12-10 10:45:00-05:00,3.51,3.53,3.5,3.5,11463
2025-12-10 10:50:00-05:00,3.5,3.5,3.46,3.47,10247
2025-12-10 10:55:00-05:00,3.47,3.49,3.46,3.46,7168
2025-12-10 11:00:00-05:00,3.48,3.5,3.48,3.5,4236
2025-12-10 11:05:00-05:00,3.5,3.5,3.48,3.49,10074
2025-12-10 11:10:00-05:00,3.49,3.5,3.48,3.49,9718
2025-12-10 11:15:00-05:00,3.5,3.5,3.46,3.48,35345
2025-12-10 11:20:00-05:00,3.48,3.53,3.46,3.51,28275
2025-12-10 11:25:00-05:00,3.51,3.58,3.51,3.56,15569
2025-12-10 11:30:00-05:00,3.56,3.67,3.56,3.66,17453
2025-12-10 11:35:00-05:00,3.66,3.67,3.59,3.59,7824
2025-12-10 11:40:00-05:00,3.6,3.6,3.59,3.6,3246
2025-12-10 11:45:00-05:00,3.6,3.63,3.57,3.63,8478
2025-12-10 11:50:00-05:00,3.62,3.62,3.58,3.58,4727
2025-12-10 11:55:00-05:00,3.58,3.58,3.52,3.53,5916
2025-12-10 12:00:00-05:00,3.53,3.53,3.51,3.52,1911
2025-12-10 12:05:00-05:00,3.52,3.53,3.51,3.52,7516
2025-12-10 12:10:00-05:00,3.52,3.52,3.5,3.52,9448
2025-12-10 12:15:00-05:00,3.52,3.59,3.52,3.58,30458
2025-12-10 12:20:00-05:00,3.59,3.67,3.59,3.66,38045
2025-12-10 12:25:00-05:00,3.66,3.76,3.65,3.71,110885
2025-12-10 12:30:00-05:00,3.71,3.71,3.65,3.66,18660
2025-12-10 12:35:00-05:00,3.66,3.73,3.66,3.72,2215
2025-12-10 12:40:00-05:00,3.74,3.75,3.72,3.73,4893
2025-12-10 12:45:00-05:00,3.73,3.78,3.73,3.76,18235
2025-12-10 12:50:00-05:00,3.75,3.75,3.72,3.75,5736
2025-12-10 12:55:00-05:00,3.73,3.76,3.73,3.75,5434
2025-12-10 13:00:00-05:00,3.75,3.75,3.73,3.73,5965
2025-12-10 13:05:00-05:00,3.73,3.74,3.67,3.67,6881
2025-12-10 13:10:00-05:00,3.67,3.71,3.67,3.7,2320
2025-12-10 13:15:00-05:00,3.67,3.69,3.67,3.67,3689
2025-12-10 13:20:00-05:00,3.68,3.68,3.67,3.67,2694
2025-12-10 13:25:00-05:00,3.66,3.67,3.66,3.67,1353
2025-12-10 13:30:00-05:00,3.67,3.67,3.64,3.64,6005
2025-12-10 13:35:00-05:00,3.65,3.65,3.61,3.62,8915
2025-12-10 13:40:00-05:00,3.62,3.64,3.61,3.63,1563
2025-12-10 13:45:00-05:00,3.65,3.65,3.64,3.64,397
2025-12-10 13:50:00-05:00,3.65,3.68,3.65,3.67,2602
2025-12-10 13:55:00-05:00,3.67,3.68,3.65,3.65,2627
2025-12-10 14:00:00-05:00,3.67,3.69,3.64,3.66,7656
2025-12-10 14:05:00-05:00,3.68,3.68,3.67,3.67,4756
2025-12-10 14:10:00-05:00,3.65,3.67,3.64,3.65,16161
2025-12-10 14:15:00-05:00,3.65,3.65,3.65,3.65,1389
2025-12-10 14:20:00-05:00,3.65,3.67,3.64,3.67,1960
2025-12-10 14:25:00-05:00,3.67,3.67,3.59,3.61,9360
2025-12-10 14:30:00-05:00,3.62,3.69,3.62,3.64,4807
2025-12-10 14:35:00-05:00,3.66,3.77,3.66,3.7,44162
2025-12-10 14:40:00-05:00,3.67,3.71,3.63,3.69,4111
2025-12-10 14:45:00-05:00,3.69,3.7,3.68,3.7,3642
2025-12-10 14:50:00-05:00,3.7,3.71,3.7,3.71,3521
2025-12-10 14:55:00-05:00,3.71,3.72,3.68,3.68,9825
2025-12-10 15:00:00-05:00,3.67,3.77,3.65,3.75,18955
2025-12-10 15:05:00-05:00,3.73,3.77,3.73,3.74,8631
2025-12-10 15:10:00-05:00,3.72,3.73,3.69,3.7,21573
2025-12-10 15:15:00-05:00,3.7,3.7,3.64,3.66,13800
2025-12-10 15:20:00-05:00,3.66,3.68,3.65,3.67,25139
2025-12-10 15:25:00-05:00,3.67,3.68,3.66,3.66,10609
2025-12-10 15:30:00-05:00,3.67,3.68,3.65,3.66,7260
2025-12-10 15:35:00-05:00,3.66,3.66,3.65,3.65,4984
2025-12-10 15:40:00-05:00,3.65,3.65,3.58,3.59,16277
2025-12-10 15:45:00-05:00,3.59,3.6,3.57,3.57,13808
2025-12-10 15:50:00-05:00,3.56,3.59,3.55,3.56,14426
2025-12-10 15:55:00-05:00,3.57,3.57,3.56,3.57,28772
2025-12-11 09:30:00-05:00,3.68,3.68,3.61,3.61,32125
2025-12-11 09:35:00-05:00,3.61,3.83,3.6,3.63,26620
2025-12-11 09:40:00-05:00,3.6,3.65,3.54,3.54,18865
2025-12-11 09:45:00-05:00,3.55,3.6,3.55,3.58,25531
2025-12-11 09:50:00-05:00,3.59,3.59,3.48,3.48,44794
2025-12-11 09:55:00-05:00,3.49,3.53,3.49,3.5,13827
2025-12-11 10:00:00-05:00,3.5,3.52,3.44,3.44,13697
2025-12-11 10:05:00-05:00,3.45,3.51,3.44,3.51,68641
2025-12-11 10:10:00-05:00,3.51,3.52,3.48,3.5,11359
2025-12-11 10:15:00-05:00,3.5,3.52,3.5,3.52,5821
2025-12-11 10:20:00-05:00,3.5,3.54,3.5,3.51,23829
2025-12-11 10:25:00-05:00,3.51,3.53,3.5,3.53,32975
2025-12-11 10:30:00-05:00,3.52,3.54,3.5,3.54,16864
2025-12-11 10:35:00-05:00,3.53,3.55,3.52,3.52,16159
2025-12-11 10:40:00-05:00,3.51,3.51,3.5,3.51,2951
2025-12-11 10:45:00-05:00,3.51,3.51,3.46,3.46,9498
2025-12-11 10:50:00-05:00,3.47,3.51,3.47,3.51,5518
2025-12-11 10:55:00-05:00,3.48,3.51,3.48,3.5,3211
2025-12-11 11:00:00-05:00,3.5,3.5,3.48,3.48,21144
2025-12-11 11:05:00-05:00,3.48,3.48,3.39,3.43,38030
2025-12-11 11:10:00-05:00,3.42,3.44,3.41,3.43,7134
2025-12-11 11:15:00-05:00,3.42,3.44,3.42,3.43,9051
2025-12-11 11:20:00-05:00,3.42,3.47,3.42,3.45,55729
2025-12-11 11:25:00-05:00,3.47,3.47,3.45,3.46,10285
2025-12-11 11:30:00-05:00,3.46,3.48,3.46,3.47,2208
2025-12-11 11:35:00-05:00,3.47,3.47,3.41,3.44,4881
2025-12-11 11:40:00-05:00,3.45,3.46,3.42,3.45,6311
2025-12-11 11:45:00-05:00,3.43,3.43,3.42,3.42,3913
2025-12-11 11:50:00-05:00,3.42,3.42,3.38,3.39,10356
2025-12-11 11:55:00-05:00,3.37,3.39,3.37,3.39,11796
2025-12-11 12:00:00-05:00,3.39,3.43,3.39,3.42,8098
2025-12-11 12:05:00-05:00,3.42,3.43,3.41,3.42,7526
2025-12-11 12:10:00-05:00,3.42,3.42,3.42,3.42,1330
2025-12-11 12:15:00-05:00,3.43,3.46,3.42,3.45,11744
2025-12-11 12:20:00-05:00,3.46,3.5,3.44,3.48,5124
2025-12-11 12:25:00-05:00,3.48,3.5,3.48,3.48,594
2025-12-11 12:30:00-05:00,3.49,3.49,3.48,3.48,5020
2025-12-11 12:35:00-05:00,3.49,3.5,3.46,3.49,20708
2025-12-11 12:40:00-05:00,3.48,3.49,3.47,3.47,2618
2025-12-11 12:45:00-05:00,3.48,3.48,3.47,3.47,1206
2025-12-11 12:50:00-05:00,3.48,3.49,3.48,3.49,896
2025-12-11 12:55:00-05:00,3.47,3.48,3.47,3.48,3315
2025-12-11 13:00:00-05:00,3.49,3.49,3.49,3.49,731
2025-12-11 13:05:00-05:00,3.48,3.49,3.48,3.48,3800
2025-12-11 13:10:00-05:00,3.48,3.48,3.46,3.46,1460
2025-12-11 13:15:00-05:00,3.47,3.47,3.45,3.45,9211
2025-12-11 13:20:00-05:00,3.46,3.46,3.4,3.4,8923
2025-12-11 13:25:00-05:00,3.41,3.43,3.4,3.42,1690
2025-12-11 13:30:00-05:00,3.41,3.41,3.4,3.4,6974
2025-12-11 13:35:00-05:00,3.41,3.41,3.39,3.4,4794
2025-12-11 13:40:00-05:00,3.41,3.43,3.41,3.43,4697
2025-12-11 13:45:00-05:00,3.47,3.48,3.47,3.48,2293
2025-12-11 13:50:00-05:00,3.48,3.49,3.48,3.48,2233
2025-12-11 13:55:00-05:00,3.47,3.47,3.46,3.47,1847
2025-12-11 14:00:00-05:00,3.47,3.5,3.45,3.45,4427
2025-12-11 14:05:00-05:00,3.42,3.42,3.4,3.41,4035
2025-12-11 14:10:00-05:00,3.42,3.47,3.41,3.44,7180
2025-12-11 14:15:00-05:00,3.46,3.46,3.44,3.44,7831
2025-12-11 14:20:00-05:00,3.44,3.45,3.42,3.44,13396
2025-12-11 14:25:00-05:00,3.45,3.49,3.45,3.47,10025
2025-12-11 14:30:00-05:00,3.49,3.49,3.46,3.48,19458
2025-12-11 14:35:00-05:00,3.48,3.51,3.47,3.51,25945
2025-12-11 14:40:00-05:00,3.5,3.51,3.47,3.47,2592
2025-12-11 14:45:00-05:00,3.47,3.49,3.46,3.49,3082
2025-12-11 14:50:00-05:00,3.47,3.48,3.47,3.48,5972
2025-12-11 14:55:00-05:00,3.48,3.5,3.48,3.5,2385
2025-12-11 15:00:00-05:00,3.5,3.52,3.5,3.52,3200
2025-12-11 15:05:00-05:00,3.52,3.54,3.51,3.54,4673
2025-12-11 15:10:00-05:00,3.54,3.55,3.53,3.54,11880
2025-12-11 15:15:00-05:00,3.55,3.55,3.54,3.54,4654
2025-12-11 15:20:00-05:00,3.54,3.55,3.54,3.55,2744
2025-12-11 15:25:00-05:00,3.55,3.55,3.5,3.52,12795
2025-12-11 15:30:00-05:00,3.51,3.53,3.5,3.52,7415
2025-12-11 15:35:00-05:00,3.53,3.53,3.52,3.52,1259
2025-12-11 15:40:00-05:00,3.52,3.53,3.51,3.51,5008
2025-12-11 15:45:00-05:00,3.52,3.53,3.5,3.5,5397
2025-12-11 15:50:00-05:00,3.5,3.53,3.5,3.51,11926
2025-12-11 15:55:00-05:00,3.5,3.52,3.48,3.48,14067
2025-12-12 09:30:00-05:00,3.55,3.55,3.5,3.51,7462
2025-12-12 09:35:00-05:00,3.52,3.55,3.51,3.54,4333
2025-12-12 09:40:00-05:00,3.53,3.55,3.5,3.54,22341
2025-12-12 09:45:00-05:00,3.54,3.54,3.54,3.54,2078
2025-12-12 09:50:00-05:00,3.52,3.53,3.5,3.51,6803
2025-12-12 09:55:00-05:00,3.52,3.53,3.5,3.5,5045
2025-12-12 10:00:00-05:00,3.48,3.51,3.47,3.51,3172
2025-12-12 10:05:00-05:00,3.51,3.54,3.44,3.44,34547
2025-12-12 10:10:00-05:00,3.45,3.45,3.42,3.42,5873
2025-12-12 10:15:00-05:00,3.42,3.43,3.4,3.42,22929
2025-12-12 10:20:00-05:00,3.42,3.44,3.38,3.38,22231
2025-12-12 10:25:00-05:00,3.4,3.43,3.39,3.42,34508
2025-12-12 10:30:00-05:00,3.42,3.43,3.4,3.4,7875
2025-12-12 10:35:00-05:00,3.4,3.46,3.4,3.46,39842
2025-12-12 10:40:00-05:00,3.45,3.46,3.42,3.43,19812
2025-12-12 10:45:00-05:00,3.45,3.46,3.42,3.42,12124
2025-12-12 10:50:00-05:00,3.43,3.44,3.41,3.42,11229
2025-12-12 10:55:00-05:00,3.4,3.41,3.38,3.38,23411
2025-12-12 11:00:00-05:00,3.38,3.4,3.37,3.37,32640
2025-12-12 11:05:00-05:00,3.38,3.38,3.33,3.37,55555
2025-12-12 11:10:00-05:00,3.37,3.41,3.36,3.39,50257
2025-12-12 11:15:00-05:00,3.39,3.41,3.37,3.38,24140
2025-12-12 11:20:00-05:00,3.38,3.39,3.36,3.38,18003
2025-12-12 11:25:00-05:00,3.37,3.39,3.36,3.39,9407
2025-12-12 11:30:00-05:00,3.38,3.39,3.36,3.36,13837
2025-12-12 11:35:00-05:00,3.37,3.37,3.31,3.32,42036
2025-12-12 11:40:00-05:00,3.32,3.36,3.31,3.33,15444
2025-12-12 11:45:00-05:00,3.34,3.35,3.31,3.32,8875
2025-12-12 11:50:00-05:00,3.33,3.34,3.3,3.34,22601
2025-12-12 11:55:00-05:00,3.34,3.34,3.31,3.33,7848
2025-12-12 12:00:00-05:00,3.33,3.33,3.31,3.33,5284
2025-12-12 12:05:00-05:00,3.33,3.39,3.33,3.36,31571
2025-12-12 12:10:00-05:00,3.36,3.37,3.35,3.35,4048
2025-12-12 12:15:00-05:00,3.36,3.36,3.34,3.36,4385
2025-12-12 12:20:00-05:00,3.36,3.36,3.34,3.35,8471
2025-12-12 12:25:00-05:00,3.34,3.37,3.33,3.34,8637
2025-12-12 12:30:00-05:00,3.34,3.35,3.33,3.34,3230
2025-12-12 12:35:00-05:00,3.35,3.37,3.35,3.35,4638
2025-12-12 12:40:00-05:00,3.39,3.4,3.38,3.4,8247
2025-12-12 12:45:00-05:00,3.4,3.4,3.37,3.37,5735
2025-12-12 12:50:00-05:00,3.37,3.37,3.35,3.36,2061
2025-12-12 12:55:00-05:00,3.35,3.38,3.35,3.37,5421
2025-12-12 13:00:00-05:00,3.35,3.37,3.35,3.37,1986
2025-12-12 13:05:00-05:00,3.37,3.37,3.37,3.37,100
2025-12-12 13:10:00-05:00,3.36,3.38,3.34,3.36,3529
2025-12-12 13:15:00-05:00,3.39,3.39,3.37,3.38,2168
2025-12-12 13:20:00-05:00,3.39,3.39,3.38,3.38,580
2025-12-12 13:25:00-05:00,3.39,3.39,3.37,3.37,13521
2025-12-12 13:30:00-05:00,3.38,3.39,3.37,3.37,892
2025-12-12 13:35:00-05:00,3.39,3.39,3.37,3.37,2467
2025-12-12 13:40:00-05:00,3.39,3.39,3.37,3.39,2255
2025-12-12 13:45:00-05:00,3.37,3.39,3.37,3.39,573
2025-12-12 13:50:00-05:00,3.39,3.39,3.38,3.38,3107
2025-12-12 13:55:00-05:00,3.4,3.4,3.38,3.38,5260
2025-12-12 14:00:00-05:00,3.38,3.38,3.37,3.38,2116
2025-12-12 14:05:00-05:00,3.37,3.37,3.35,3.35,2196
2025-12-12 14:10:00-05:00,3.35,3.37,3.35,3.37,4000
2025-12-12 14:15:00-05:00,3.37,3.37,3.35,3.36,2002
2025-12-12 14:20:00-05:00,3.35,3.37,3.33,3.34,4407
2025-12-12 14:25:00-05:00,3.35,3.35,3.35,3.35,599
2025-12-12 14:30:00-05:00,3.36,3.37,3.35,3.36,5199
2025-12-12 14:35:00-05:00,3.35,3.37,3.34,3.36,15869
2025-12-12 14:40:00-05:00,3.35,3.36,3.34,3.34,6690
2025-12-12 14:45:00-05:00,3.35,3.37,3.32,3.37,11449
2025-12-12 14:50:00-05:00,3.36,3.38,3.35,3.35,10361
2025-12-12 14:55:00-05:00,3.35,3.39,3.34,3.38,28333
2025-12-12 15:00:00-05:00,3.38,3.38,3.35,3.36,8124
2025-12-12 15:05:00-05:00,3.35,3.36,3.34,3.35,4398
2025-12-12 15:10:00-05:00,3.33,3.34,3.33,3.34,3799
2025-12-12 15:15:00-05:00,3.34,3.35,3.34,3.34,3346
2025-12-12 15:20:00-05:00,3.34,3.37,3.34,3.35,7517
2025-12-12 15:25:00-05:00,3.35,3.37,3.33,3.35,9952
2025-12-12 15:30:00-05:00,3.35,3.35,3.33,3.34,14867
2025-12-12 15:35:00-05:00,3.34,3.37,3.33,3.37,9776
2025-12-12 15:40:00-05:00,3.34,3.37,3.33,3.35,10952
2025-12-12 15:45:00-05:00,3.35,3.36,3.33,3.34,9516
2025-12-12 15:50:00-05:00,3.35,3.36,3.33,3.36,12472
2025-12-12 15:55:00-05:00,3.35,3.38,3.31,3.38,21036
2025-12-15 09:30:00-05:00,3.45,3.45,3.36,3.4,14047
2025-12-15 09:35:00-05:00,3.38,3.47,3.38,3.45,31823
2025-12-15 09:40:00-05:00,3.45,3.47,3.44,3.46,16673
2025-12-15 09:45:00-05:00,3.47,3.51,3.45,3.48,24755
2025-12-15 09:50:00-05:00,3.5,3.5,3.37,3.37,23716
2025-12-15 09:55:00-05:00,3.37,3.43,3.37,3.42,6710
2025-12-15 10:00:00-05:00,3.39,3.42,3.39,3.42,6075
2025-12-15 10:05:00-05:00,3.41,3.45,3.4,3.43,21634
2025-12-15 10:10:00-05:00,3.4,3.45,3.4,3.45,10777
2025-12-15 10:15:00-05:00,3.48,3.48,3.4,3.42,7034
2025-12-15 10:20:00-05:00,3.44,3.45,3.43,3.45,4080
2025-12-15 10:25:00-05:00,3.45,3.45,3.41,3.43,5807
2025-12-15 10:30:00-05:00,3.43,3.45,3.41,3.43,6597
2025-12-15 10:35:00-05:00,3.44,3.48,3.43,3.46,39332
2025-12-15 10:40:00-05:00,3.47,3.48,3.44,3.47,7361
2025-12-15 10:45:00-05:00,3.48,3.5,3.45,3.49,41860
2025-12-15 10:50:00-05:00,3.49,3.5,3.48,3.49,12500
2025-12-15 10:55:00-05:00,3.49,3.5,3.47,3.5,33190
2025-12-15 11:00:00-05:00,3.5,3.51,3.47,3.5,42540
2025-12-15 11:05:00-05:00,3.5,3.52,3.49,3.52,19082
2025-12-15 11:10:00-05:00,3.54,3.57,3.45,3.55,46311
2025-12-15 11:15:00-05:00,3.55,3.64,3.53,3.55,50645
2025-12-15 11:20:00-05:00,3.53,3.6,3.51,3.57,101006
2025-12-15 11:25:00-05:00,3.57,3.63,3.57,3.61,46653
2025-12-15 11:30:00-05:00,3.62,3.65,3.61,3.65,43437
2025-12-15 11:35:00-05:00,3.64,3.64,3.6,3.64,19653
2025-12-15 11:40:00-05:00,3.64,3.75,3.64,3.75,67119
2025-12-15 11:45:00-05:00,3.73,3.74,3.7,3.71,21598
2025-12-15 11:50:00-05:00,3.68,3.7,3.65,3.67,9939
2025-12-15 11:55:00-05:00,3.67,3.68,3.6,3.65,6031
2025-12-15 12:00:00-05:00,3.65,3.69,3.64,3.67,5025
2025-12-15 12:05:00-05:00,3.68,3.7,3.63,3.66,15853
2025-12-15 12:10:00-05:00,3.65,3.66,3.6,3.62,10155
2025-12-15 12:15:00-05:00,3.64,3.69,3.6,3.68,21065
2025-12-15 12:20:00-05:00,3.68,3.71,3.67,3.68,8066
2025-12-15 12:25:00-05:00,3.68,3.72,3.68,3.7,13163
2025-12-15 12:30:00-05:00,3.71,3.71,3.65,3.68,14900
2025-12-15 12:35:00-05:00,3.68,3.71,3.68,3.71,8825
2025-12-15 12:40:00-05:00,3.71,3.71,3.68,3.69,11731
2025-12-15 12:45:00-05:00,3.7,3.7,3.64,3.64,8452
2025-12-15 12:50:00-05:00,3.67,3.67,3.6,3.63,7279
2025-12-15 12:55:00-05:00,3.64,3.67,3.62,3.66,11685
2025-12-15 13:00:00-05:00,3.66,3.67,3.64,3.66,16140
2025-12-15 13:05:00-05:00,3.65,3.67,3.65,3.67,32358
2025-12-15 13:10:00-05:00,3.67,3.69,3.66,3.68,55717
2025-12-15 13:15:00-05:00,3.67,3.68,3.65,3.67,10887
2025-12-15 13:20:00-05:00,3.68,3.74,3.68,3.72,63132
2025-12-15 13:25:00-05:00,3.71,3.72,3.64,3.64,12985
2025-12-15 13:30:00-05:00,3.66,3.66,3.62,3.63,22932
2025-12-15 13:35:00-05:00,3.63,3.65,3.63,3.64,4327
2025-12-15 13:40:00-05:00,3.65,3.67,3.65,3.65,11422
2025-12-15 13:45:00-05:00,3.65,3.67,3.62,3.62,3840
2025-12-15 13:50:00-05:00,3.65,3.69,3.64,3.69,5073
2025-12-15 13:55:00-05:00,3.69,3.73,3.69,3.69,18457
2025-12-15 14:00:00-05:00,3.71,3.72,3.67,3.7,24388
2025-12-15 14:05:00-05:00,3.7,3.71,3.7,3.7,3181
2025-12-15 14:10:00-05:00,3.68,3.71,3.66,3.7,22278
2025-12-15 14:15:00-05:00,3.66,3.69,3.65,3.65,5659
2025-12-15 14:20:00-05:00,3.66,3.68,3.64,3.66,14618
2025-12-15 14:25:00-05:00,3.67,3.72,3.66,3.7,12651
2025-12-15 14:30:00-05:00,3.71,3.72,3.71,3.71,6097
2025-12-15 14:35:00-05:00,3.7,3.72,3.69,3.7,5201
2025-12-15 14:40:00-05:00,3.7,3.7,3.66,3.66,7075
2025-12-15 14:45:00-05:00,3.66,3.68,3.66,3.66,3431
2025-12-15 14:50:00-05:00,3.66,3.67,3.65,3.65,8192
2025-12-15 14:55:00-05:00,3.66,3.67,3.65,3.65,5259
2025-12-15 15:00:00-05:00,3.65,3.67,3.63,3.65,6397
2025-12-15 15:05:00-05:00,3.65,3.67,3.65,3.66,8588
2025-12-15 15:10:00-05:00,3.67,3.67,3.56,3.56,16012
2025-12-15 15:15:00-05:00,3.62,3.63,3.6,3.62,7780
2025-12-15 15:20:00-05:00,3.61,3.62,3.56,3.58,5214
2025-12-15 15:25:00-05:00,3.6,3.6,3.55,3.6,12913
2025-12-15 15:30:00-05:00,3.57,3.58,3.51,3.51,7084
2025-12-15 15:35:00-05:00,3.54,3.65,3.54,3.6,14921
2025-12-15 15:40:00-05:00,3.58,3.6,3.57,3.57,5896
2025-12-15 15:45:00-05:00,3.56,3.6,3.56,3.6,3521
2025-12-15 15:50:00-05:00,3.55,3.58,3.55,3.55,3383
2025-12-15 15:55:00-05:00,3.56,3.59,3.54,3.59,5806
2025-12-16 09:30:00-05:00,3.66,3.67,3.6,3.62,7814
2025-12-16 09:35:00-05:00,3.6,3.64,3.45,3.57,49154
2025-12-16 09:40:00-05:00,3.57,3.58,3.52,3.53,11595
2025-12-16 09:45:00-05:00,3.53,3.56,3.51,3.56,3126
2025-12-16 09:50:00-05:00,3.57,3.58,3.55,3.56,1837
2025-12-16 09:55:00-05:00,3.56,3.59,3.55,3.57,7282
2025-12-16 10:00:00-05:00,3.56,3.56,3.56,3.56,185
2025-12-16 10:05:00-05:00,3.58,3.6,3.56,3.6,3512
2025-12-16 10:10:00-05:00,3.6,3.63,3.6,3.62,9131
2025-12-16 10:15:00-05:00,3.59,3.62,3.59,3.61,3134
2025-12-16 10:20:00-05:00,3.6,3.62,3.58,3.6,16629
2025-12-16 10:25:00-05:00,3.61,3.63,3.58,3.62,53219
2025-12-16 10:30:00-05:00,3.63,3.63,3.61,3.62,36147
2025-12-16 10:35:00-05:00,3.63,3.63,3.58,3.59,13085
2025-12-16 10:40:00-05:00,3.58,3.59,3.58,3.59,605
2025-12-16 10:45:00-05:00,3.59,3.62,3.59,3.6,12559
2025-12-16 10:50:00-05:00,3.6,3.62,3.6,3.62,18337
2025-12-16 10:55:00-05:00,3.61,3.62,3.6,3.61,22155
2025-12-16 11:00:00-05:00,3.61,3.62,3.61,3.62,17780
2025-12-16 11:05:00-05:00,3.61,3.61,3.6,3.6,13661
2025-12-16 11:10:00-05:00,3.6,3.6,3.59,3.59,2551
2025-12-16 11:15:00-05:00,3.59,3.6,3.58,3.59,1995
2025-12-16 11:20:00-05:00,3.61,3.63,3.61,3.63,1993
2025-12-16 11:25:00-05:00,3.63,3.63,3.61,3.61,1913
2025-12-16 11:30:00-05:00,3.59,3.6,3.59,3.6,12668
2025-12-16 11:35:00-05:00,3.61,3.61,3.6,3.6,2696
2025-12-16 11:40:00-05:00,3.6,3.6,3.57,3.59,3602
2025-12-16 11:45:00-05:00,3.6,3.63,3.6,3.61,4137
2025-12-16 11:50:00-05:00,3.63,3.63,3.6,3.6,9506
2025-12-16 11:55:00-05:00,3.6,3.6,3.57,3.58,4951
2025-12-16 12:00:00-05:00,3.58,3.62,3.57,3.6,3291
2025-12-16 12:05:00-05:00,3.6,3.61,3.59,3.61,3615
2025-12-16 12:10:00-05:00,3.6,3.62,3.59,3.62,7712
2025-12-16 12:15:00-05:00,3.6,3.62,3.6,3.6,4859
2025-12-16 12:20:00-05:00,3.59,3.6,3.58,3.58,4493
2025-12-16 12:25:00-05:00,3.57,3.6,3.56,3.58,10229
2025-12-16 12:30:00-05:00,3.58,3.6,3.57,3.59,6783
2025-12-16 12:35:00-05:00,3.59,3.6,3.57,3.57,4486
2025-12-16 12:40:00-05:00,3.57,3.6,3.57,3.57,6836
2025-12-16 12:45:00-05:00,3.6,3.6,3.57,3.57,4094
2025-12-16 12:50:00-05:00,3.57,3.57,3.56,3.57,2188
2025-12-16 12:55:00-05:00,3.55,3.57,3.54,3.54,6548
2025-12-16 13:00:00-05:00,3.55,3.55,3.5,3.52,19551
2025-12-16 13:05:00-05:00,3.53,3.55,3.51,3.54,4949
2025-12-16 13:10:00-05:00,3.55,3.57,3.53,3.54,8814
2025-12-16 13:15:00-05:00,3.55,3.56,3.51,3.51,10487
2025-12-16 13:20:00-05:00,3.52,3.55,3.52,3.55,7493
2025-12-16 13:25:00-05:00,3.55,3.55,3.52,3.54,9444
2025-12-16 13:30:00-05:00,3.52,3.53,3.51,3.52,3537
2025-12-16 13:35:00-05:00,3.53,3.53,3.5,3.5,4335
2025-12-16 13:40:00-05:00,3.52,3.53,3.5,3.51,12078
2025-12-16 13:45:00-05:00,3.51,3.52,3.5,3.52,5416
2025-12-16 13:50:00-05:00,3.52,3.52,3.5,3.52,6509
2025-12-16 13:55:00-05:00,3.5,3.5,3.47,3.47,9199
2025-12-16 14:00:00-05:00,3.49,3.5,3.47,3.49,5848
2025-12-16 14:05:00-05:00,3.49,3.5,3.48,3.5,3276
2025-12-16 14:10:00-05:00,3.47,3.5,3.46,3.46,4665
2025-12-16 14:15:00-05:00,3.46,3.48,3.46,3.48,530
2025-12-16 14:20:00-05:00,3.49,3.49,3.48,3.48,7953
2025-12-16 14:25:00-05:00,3.48,3.5,3.46,3.49,6503
2025-12-16 14:30:00-05:00,3.48,3.5,3.46,3.5,19527
2025-12-16 14:35:00-05:00,3.48,3.53,3.47,3.51,21364
2025-12-16 14:40:00-05:00,3.51,3.53,3.5,3.5,13019
2025-12-16 14:45:00-05:00,3.51,3.51,3.49,3.5,3192
2025-12-16 14:50:00-05:00,3.49,3.51,3.49,3.5,12967
2025-12-16 14:55:00-05:00,3.5,3.52,3.47,3.48,4978
2025-12-16 15:00:00-05:00,3.48,3.48,3.45,3.48,7035
2025-12-16 15:05:00-05:00,3.47,3.48,3.47,3.48,4820
2025-12-16 15:10:00-05:00,3.47,3.49,3.46,3.49,4852
2025-12-16 15:15:00-05:00,3.5,3.5,3.48,3.5,8488
2025-12-16 15:20:00-05:00,3.49,3.51,3.48,3.5,16362
2025-12-16 15:25:00-05:00,3.5,3.51,3.47,3.5,19212
2025-12-16 15:30:00-05:00,3.46,3.52,3.45,3.52,18156
2025-12-16 15:35:00-05:00,3.49,3.53,3.48,3.48,21434
2025-12-16 15:40:00-05:00,3.5,3.52,3.46,3.47,24873
2025-12-16 15:45:00-05:00,3.48,3.52,3.46,3.52,26185
2025-12-16 15:50:00-05:00,3.49,3.53,3.47,3.49,17738
2025-12-16 15:55:00-05:00,3.49,3.53,3.47,3.48,18219
2025-12-17 09:30:00-05:00,3.55,3.64,3.53,3.64,9612
2025-12-17 09:35:00-05:00,3.65,3.67,3.62,3.64,21084
2025-12-17 09:40:00-05:00,3.64,3.7,3.64,3.7,30202
2025-12-17 09:45:00-05:00,3.7,3.7,3.67,3.7,55200
2025-12-17 09:50:00-05:00,3.7,3.74,3.7,3.73,56941
2025-12-17 09:55:00-05:00,3.73,3.77,3.69,3.69,55164
2025-12-17 10:00:00-05:00,3.69,3.74,3.69,3.73,28951
2025-12-17 10:05:00-05:00,3.72,3.76,3.65,3.71,36179
2025-12-17 10:10:00-05:00,3.7,3.72,3.69,3.72,30334
2025-12-17 10:15:00-05:00,3.72,3.78,3.72,3.77,23576
2025-12-17 10:20:00-05:00,3.78,3.81,3.77,3.8,11998
2025-12-17 10:25:00-05:00,3.79,3.79,3.75,3.76,13078
2025-12-17 10:30:00-05:00,3.75,3.79,3.75,3.76,5636
2025-12-17 10:35:00-05:00,3.78,3.78,3.72,3.72,8770
2025-12-17 10:40:00-05:00,3.75,3.75,3.71,3.73,16828
2025-12-17 10:45:00-05:00,3.72,3.73,3.69,3.69,53158
2025-12-17 10:50:00-05:00,3.7,3.7,3.66,3.68,24954
2025-12-17 10:55:00-05:00,3.68,3.68,3.65,3.66,20443
2025-12-17 11:00:00-05:00,3.66,3.67,3.65,3.67,24149
2025-12-17 11:05:00-05:00,3.67,3.67,3.62,3.65,30335
2025-12-17 11:10:00-05:00,3.64,3.64,3.63,3.64,12468
2025-12-17 11:15:00-05:00,3.63,3.66,3.62,3.66,25811
2025-12-17 11:20:00-05:00,3.67,3.7,3.66,3.69,24626
2025-12-17 11:25:00-05:00,3.7,3.71,3.68,3.7,10535
2025-12-17 11:30:00-05:00,3.7,3.71,3.64,3.67,32285
2025-12-17 11:35:00-05:00,3.67,3.68,3.63,3.64,22558
2025-12-17 11:40:00-05:00,3.65,3.65,3.62,3.64,32053
2025-12-17 11:45:00-05:00,3.63,3.66,3.61,3.63,23509
2025-12-17 11:50:00-05:00,3.62,3.63,3.57,3.58,10570
2025-12-17 11:55:00-05:00,3.55,3.59,3.55,3.58,8113
2025-12-17 12:00:00-05:00,3.59,3.6,3.57,3.6,7462
2025-12-17 12:05:00-05:00,3.59,3.61,3.58,3.6,18426
2025-12-17 12:10:00-05:00,3.6,3.61,3.57,3.61,19309
2025-12-17 12:15:00-05:00,3.59,3.63,3.57,3.63,26825
2025-12-17 12:20:00-05:00,3.61,3.67,3.61,3.65,53928
2025-12-17 12:25:00-05:00,3.63,3.64,3.57,3.61,21568
2025-12-17 12:30:00-05:00,3.61,3.65,3.58,3.65,12061
2025-12-17 12:35:00-05:00,3.62,3.65,3.59,3.63,3784
2025-12-17 12:40:00-05:00,3.63,3.63,3.59,3.63,15268
2025-12-17 12:45:00-05:00,3.62,3.69,3.61,3.67,34072
2025-12-17 12:50:00-05:00,3.68,3.68,3.62,3.63,12984
2025-12-17 12:55:00-05:00,3.64,3.66,3.64,3.65,13758
2025-12-17 13:00:00-05:00,3.64,3.66,3.63,3.63,4914
2025-12-17 13:05:00-05:00,3.65,3.65,3.62,3.63,2310
2025-12-17 13:10:00-05:00,3.65,3.65,3.6,3.63,11182
2025-12-17 13:15:00-05:00,3.63,3.63,3.61,3.61,1297
2025-12-17 13:20:00-05:00,3.61,3.62,3.61,3.61,10571
2025-12-17 13:25:00-05:00,3.62,3.64,3.62,3.64,5925
2025-12-17 13:30:00-05:00,3.64,3.65,3.62,3.63,2186
2025-12-17 13:35:00-05:00,3.64,3.64,3.62,3.62,2194
2025-12-17 13:40:00-05:00,3.62,3.62,3.6,3.61,2193
2025-12-17 13:45:00-05:00,3.6,3.62,3.56,3.59,5789
2025-12-17 13:50:00-05:00,3.59,3.62,3.56,3.58,3626
2025-12-17 13:55:00-05:00,3.59,3.59,3.55,3.58,5572
2025-12-17 14:00:00-05:00,3.58,3.59,3.56,3.56,7189
2025-12-17 14:05:00-05:00,3.56,3.59,3.55,3.56,4392
2025-12-17 14:10:00-05:00,3.59,3.59,3.55,3.58,13331
2025-12-17 14:15:00-05:00,3.59,3.59,3.55,3.57,5643
2025-12-17 14:20:00-05:00,3.57,3.59,3.54,3.54,11324
2025-12-17 14:25:00-05:00,3.54,3.55,3.53,3.55,2381
2025-12-17 14:30:00-05:00,3.56,3.56,3.52,3.56,2324
2025-12-17 14:35:00-05:00,3.56,3.56,3.52,3.54,7261
2025-12-17 14:40:00-05:00,3.52,3.56,3.52,3.54,10568
2025-12-17 14:45:00-05:00,3.54,3.58,3.52,3.54,16183
2025-12-17 14:50:00-05:00,3.53,3.57,3.53,3.57,11708
2025-12-17 14:55:00-05:00,3.56,3.6,3.54,3.59,17788
2025-12-17 15:00:00-05:00,3.58,3.6,3.58,3.6,13646
2025-12-17 15:05:00-05:00,3.59,3.63,3.59,3.61,16217
2025-12-17 15:10:00-05:00,3.61,3.64,3.61,3.63,14457
2025-12-17 15:15:00-05:00,3.62,3.64,3.61,3.64,6832
2025-12-17 15:20:00-05:00,3.62,3.65,3.61,3.65,6301
2025-12-17 15:25:00-05:00,3.66,3.66,3.61,3.62,9607
2025-12-17 15:30:00-05:00,3.62,3.66,3.62,3.66,6837
2025-12-17 15:35:00-05:00,3.66,3.68,3.65,3.65,11608
2025-12-17 15:40:00-05:00,3.65,3.71,3.65,3.68,13848
2025-12-17 15:45:00-05:00,3.67,3.73,3.67,3.73,26914
2025-12-17 15:50:00-05:00,3.72,3.73,3.68,3.7,13439
2025-12-17 15:55:00-05:00,3.69,3.69,3.63,3.66,14686
2025-12-18 09:30:00-05:00,3.7,3.72,3.6,3.65,22751
2025-12-18 09:35:00-05:00,3.65,3.65,3.62,3.65,7208
2025-12-18 09:40:00-05:00,3.65,3.65,3.6,3.6,10702
2025-12-18 09:45:00-05:00,3.57,3.62,3.55,3.56,11474
2025-12-18 09:50:00-05:00,3.56,3.61,3.56,3.61,22080
2025-12-18 09:55:00-05:00,3.62,3.67,3.6,3.66,9781
2025-12-18 10:00:00-05:00,3.69,3.77,3.65,3.7,47323
2025-12-18 10:05:00-05:00,3.72,3.72,3.66,3.66,17399
2025-12-18 10:10:00-05:00,3.66,3.69,3.63,3.64,10904
2025-12-18 10:15:00-05:00,3.66,3.67,3.64,3.67,8614
2025-12-18 10:20:00-05:00,3.66,3.66,3.63,3.64,3524
2025-12-18 10:25:00-05:00,3.63,3.65,3.61,3.64,8568
2025-12-18 10:30:00-05:00,3.66,3.66,3.62,3.65,4506
2025-12-18 10:35:00-05:00,3.66,3.7,3.64,3.68,11552
2025-12-18 10:40:00-05:00,3.68,3.68,3.64,3.64,1508
2025-12-18 10:45:00-05:00,3.66,3.66,3.62,3.65,3961
2025-12-18 10:50:00-05:00,3.64,3.65,3.63,3.65,1972
2025-12-18 10:55:00-05:00,3.64,3.64,3.63,3.63,832
2025-12-18 11:00:00-05:00,3.64,3.65,3.64,3.65,2810
2025-12-18 11:05:00-05:00,3.65,3.66,3.64,3.65,4688
2025-12-18 11:10:00-05:00,3.64,3.65,3.64,3.65,1720
2025-12-18 11:15:00-05:00,3.64,3.65,3.64,3.65,1180
2025-12-18 11:20:00-05:00,3.64,3.65,3.64,3.64,1050
2025-12-18 11:25:00-05:00,3.65,3.65,3.64,3.65,1274
2025-12-18 11:30:00-05:00,3.64,3.65,3.64,3.65,1198
2025-12-18 11:35:00-05:00,3.65,3.68,3.64,3.68,2316
2025-12-18 11:40:00-05:00,3.68,3.68,3.64,3.66,5042
2025-12-18 11:45:00-05:00,3.66,3.67,3.64,3.64,6368
2025-12-18 11:50:00-05:00,3.66,3.66,3.59,3.6,9087
2025-12-18 11:55:00-05:00,3.6,3.6,3.59,3.6,11353
2025-12-18 12:00:00-05:00,3.59,3.6,3.49,3.55,36919
2025-12-18 12:05:00-05:00,3.55,3.55,3.52,3.54,10593
2025-12-18 12:10:00-05:00,3.55,3.57,3.54,3.57,10515
2025-12-18 12:15:00-05:00,3.54,3.57,3.54,3.56,9379
2025-12-18 12:20:00-05:00,3.56,3.61,3.55,3.61,8323
2025-12-18 12:25:00-05:00,3.57,3.57,3.56,3.57,1080
2025-12-18 12:30:00-05:00,3.57,3.59,3.57,3.57,10027
2025-12-18 12:35:00-05:00,3.57,3.59,3.57,3.58,14160
2025-12-18 12:40:00-05:00,3.57,3.6,3.57,3.6,5411
2025-12-18 12:45:00-05:00,3.59,3.6,3.57,3.57,4098
2025-12-18 12:50:00-05:00,3.57,3.59,3.57,3.58,2255
2025-12-18 13:00:00-05:00,3.59,3.59,3.57,3.57,1058
2025-12-18 13:05:00-05:00,3.58,3.59,3.58,3.59,1445
2025-12-18 13:10:00-05:00,3.59,3.59,3.58,3.58,1248
2025-12-18 13:15:00-05:00,3.59,3.59,3.59,3.59,1008
2025-12-18 13:20:00-05:00,3.6,3.65,3.6,3.63,22553
2025-12-18 13:25:00-05:00,3.62,3.62,3.61,3.61,362
2025-12-18 13:30:00-05:00,3.63,3.63,3.59,3.61,3422
2025-12-18 13:35:00-05:00,3.6,3.62,3.6,3.62,3222
2025-12-18 13:40:00-05:00,3.64,3.64,3.55,3.57,51439
2025-12-18 13:45:00-05:00,3.59,3.6,3.52,3.54,19770
2025-12-18 13:50:00-05:00,3.52,3.55,3.52,3.54,7765
2025-12-18 13:55:00-05:00,3.55,3.55,3.53,3.55,6212
2025-12-18 14:00:00-05:00,3.56,3.56,3.54,3.56,6808
2025-12-18 14:05:00-05:00,3.55,3.55,3.52,3.52,1181
2025-12-18 14:10:00-05:00,3.55,3.55,3.52,3.53,5063
2025-12-18 14:15:00-05:00,3.52,3.53,3.52,3.52,1689
2025-12-18 14:20:00-05:00,3.51,3.53,3.51,3.53,1165
2025-12-18 14:25:00-05:00,3.52,3.55,3.51,3.55,5325
2025-12-18 14:30:00-05:00,3.55,3.6,3.52,3.6,6258
2025-12-18 14:35:00-05:00,3.57,3.6,3.52,3.56,2168
2025-12-18 14:40:00-05:00,3.57,3.6,3.55,3.56,7076
2025-12-18 14:45:00-05:00,3.53,3.57,3.53,3.57,14377
2025-12-18 14:50:00-05:00,3.55,3.57,3.54,3.57,4947
2025-12-18 14:55:00-05:00,3.57,3.57,3.55,3.55,4789
2025-12-18 15:00:00-05:00,3.54,3.57,3.54,3.55,8728
2025-12-18 15:05:00-05:00,3.56,3.57,3.52,3.55,8105
2025-12-18 15:10:00-05:00,3.54,3.54,3.52,3.54,28886
2025-12-18 15:15:00-05:00,3.53,3.6,3.52,3.59,15343
2025-12-18 15:20:00-05:00,3.59,3.6,3.58,3.58,14618
2025-12-18 15:25:00-05:00,3.6,3.63,3.58,3.6,5544
2025-12-18 15:30:00-05:00,3.59,3.63,3.59,3.61,5625
2025-12-18 15:35:00-05:00,3.61,3.63,3.61,3.62,1630
2025-12-18 15:40:00-05:00,3.61,3.64,3.61,3.64,3580
2025-12-18 15:45:00-05:00,3.64,3.64,3.58,3.6,16737
2025-12-18 15:50:00-05:00,3.62,3.62,3.58,3.59,15983
2025-12-18 15:55:00-05:00,3.58,3.6,3.56,3.58,17584
2025-12-19 09:30:00-05:00,3.6,3.6,3.55,3.55,21543
2025-12-19 09:35:00-05:00,3.55,3.56,3.51,3.55,19331
2025-12-19 09:40:00-05:00,3.57,3.57,3.5,3.54,9416
2025-12-19 09:45:00-05:00,3.5,3.53,3.5,3.52,15030
2025-12-19 09:50:00-05:00,3.53,3.57,3.52,3.55,4790
2025-12-19 09:55:00-05:00,3.56,3.57,3.53,3.53,3412
2025-12-19 10:00:00-05:00,3.57,3.57,3.55,3.57,6213
2025-12-19 10:05:00-05:00,3.57,3.57,3.5,3.55,6596
2025-12-19 10:10:00-05:00,3.52,3.55,3.51,3.52,12811
2025-12-19 10:15:00-05:00,3.53,3.55,3.52,3.55,9211
2025-12-19 10:20:00-05:00,3.54,3.55,3.53,3.53,10607
2025-12-19 10:25:00-05:00,3.54,3.55,3.51,3.55,5902
2025-12-19 10:30:00-05:00,3.55,3.55,3.52,3.53,2168
2025-12-19 10:35:00-05:00,3.52,3.57,3.52,3.56,11623
2025-12-19 10:40:00-05:00,3.57,3.6,3.56,3.56,4235
2025-12-19 10:45:00-05:00,3.58,3.6,3.56,3.56,5805
2025-12-19 10:50:00-05:00,3.59,3.59,3.55,3.55,3493
2025-12-19 10:55:00-05:00,3.55,3.58,3.55,3.58,4372
2025-12-19 11:00:00-05:00,3.58,3.59,3.56,3.59,5929
2025-12-19 11:05:00-05:00,3.58,3.58,3.56,3.56,2591
2025-12-19 11:10:00-05:00,3.57,3.59,3.55,3.57,5051
2025-12-19 11:15:00-05:00,3.57,3.57,3.57,3.57,300
2025-12-19 11:20:00-05:00,3.59,3.59,3.57,3.57,1097
2025-12-19 11:25:00-05:00,3.55,3.58,3.55,3.58,7623
2025-12-19 11:30:00-05:00,3.55,3.57,3.55,3.57,1763
2025-12-19 11:35:00-05:00,3.56,3.56,3.55,3.55,2288
2025-12-19 11:40:00-05:00,3.56,3.57,3.56,3.56,517
2025-12-19 11:45:00-05:00,3.55,3.55,3.53,3.55,1916
2025-12-19 11:50:00-05:00,3.55,3.55,3.51,3.51,2365
2025-12-19 11:55:00-05:00,3.52,3.55,3.51,3.55,7154
2025-12-19 12:00:00-05:00,3.54,3.56,3.53,3.55,4239
2025-12-19 12:05:00-05:00,3.52,3.52,3.51,3.52,2366
2025-12-19 12:10:00-05:00,3.53,3.53,3.51,3.51,834
2025-12-19 12:15:00-05:00,3.52,3.53,3.52,3.53,949
2025-12-19 12:20:00-05:00,3.54,3.54,3.53,3.54,7873
2025-12-19 12:25:00-05:00,3.56,3.56,3.53,3.54,8160
2025-12-19 12:30:00-05:00,3.55,3.55,3.54,3.54,3484
2025-12-19 12:35:00-05:00,3.54,3.57,3.53,3.54,3710
2025-12-19 12:40:00-05:00,3.52,3.55,3.52,3.53,2099
2025-12-19 12:45:00-05:00,3.53,3.54,3.51,3.52,12547
2025-12-19 12:50:00-05:00,3.53,3.54,3.5,3.5,1588
2025-12-19 12:55:00-05:00,3.52,3.54,3.5,3.51,9487
2025-12-19 13:00:00-05:00,3.5,3.52,3.5,3.52,8193
2025-12-19 13:05:00-05:00,3.53,3.54,3.49,3.51,4011
2025-12-19 13:10:00-05:00,3.5,3.52,3.5,3.52,6002
2025-12-19 13:15:00-05:00,3.53,3.54,3.51,3.53,7008
2025-12-19 13:20:00-05:00,3.53,3.54,3.52,3.53,2387
2025-12-19 13:25:00-05:00,3.53,3.54,3.52,3.54,3866
2025-12-19 13:30:00-05:00,3.53,3.54,3.52,3.54,11977
2025-12-19 13:35:00-05:00,3.52,3.54,3.52,3.53,9075
2025-12-19 13:40:00-05:00,3.52,3.53,3.51,3.51,17864
2025-12-19 13:45:00-05:00,3.52,3.53,3.5,3.52,5699
2025-12-19 13:50:00-05:00,3.52,3.52,3.5,3.52,8927
2025-12-19 13:55:00-05:00,3.53,3.53,3.53,3.53,1030
2025-12-19 14:00:00-05:00,3.54,3.54,3.52,3.52,7451
2025-12-19 14:05:00-05:00,3.52,3.54,3.52,3.53,5373
2025-12-19 14:10:00-05:00,3.52,3.55,3.52,3.55,4669
2025-12-19 14:15:00-05:00,3.52,3.54,3.52,3.53,4580
2025-12-19 14:20:00-05:00,3.53,3.55,3.52,3.54,6869
2025-12-19 14:25:00-05:00,3.55,3.55,3.52,3.55,730
2025-12-19 14:30:00-05:00,3.54,3.54,3.52,3.52,6835
2025-12-19 14:35:00-05:00,3.53,3.53,3.53,3.53,1257
2025-12-19 14:40:00-05:00,3.53,3.53,3.52,3.53,2373
2025-12-19 14:45:00-05:00,3.53,3.54,3.52,3.53,9061
2025-12-19 14:50:00-05:00,3.53,3.54,3.52,3.54,8077
2025-12-19 14:55:00-05:00,3.53,3.54,3.52,3.53,10043
2025-12-19 15:00:00-05:00,3.54,3.55,3.52,3.55,3636
2025-12-19 15:05:00-05:00,3.53,3.55,3.53,3.55,12723
2025-12-19 15:10:00-05:00,3.54,3.56,3.54,3.55,10218
2025-12-19 15:15:00-05:00,3.54,3.55,3.54,3.54,4802
2025-12-19 15:20:00-05:00,3.54,3.56,3.54,3.55,6132
2025-12-19 15:25:00-05:00,3.56,3.56,3.54,3.55,2983
2025-12-19 15:30:00-05:00,3.55,3.57,3.53,3.55,4756
2025-12-19 15:35:00-05:00,3.54,3.55,3.52,3.52,21077
2025-12-19 15:40:00-05:00,3.54,3.54,3.51,3.53,3724
2025-12-19 15:45:00-05:00,3.54,3.54,3.5,3.53,2267
2025-12-19 15:50:00-05:00,3.51,3.54,3.51,3.53,19534
2025-12-19 15:55:00-05:00,3.52,3.56,3.5,3.56,18435
2025-12-22 09:30:00-05:00,3.6,3.6,3.52,3.53,8553
2025-12-22 09:35:00-05:00,3.58,3.58,3.53,3.55,2832
2025-12-22 09:40:00-05:00,3.56,3.57,3.45,3.48,22917
2025-12-22 09:45:00-05:00,3.48,3.48,3.43,3.46,11981
2025-12-22 09:50:00-05:00,3.47,3.47,3.44,3.44,8694
2025-12-22 09:55:00-05:00,3.44,3.47,3.44,3.46,7392
2025-12-22 10:00:00-05:00,3.45,3.45,3.37,3.38,27534
2025-12-22 10:05:00-05:00,3.37,3.4,3.37,3.4,6729
2025-12-22 10:10:00-05:00,3.38,3.4,3.38,3.39,8158
2025-12-22 10:15:00-05:00,3.4,3.43,3.38,3.42,9441
2025-12-22 10:20:00-05:00,3.42,3.43,3.4,3.4,5905
2025-12-22 10:25:00-05:00,3.42,3.43,3.39,3.42,7662
2025-12-22 10:30:00-05:00,3.42,3.45,3.4,3.44,13193
2025-12-22 10:35:00-05:00,3.45,3.45,3.41,3.41,3321
2025-12-22 10:40:00-05:00,3.43,3.43,3.42,3.42,4674
2025-12-22 10:45:00-05:00,3.45,3.45,3.42,3.42,251
2025-12-22 10:50:00-05:00,3.42,3.43,3.39,3.43,5910
2025-12-22 10:55:00-05:00,3.4,3.42,3.4,3.42,1334
2025-12-22 11:00:00-05:00,3.42,3.43,3.41,3.43,6653
2025-12-22 11:05:00-05:00,3.42,3.42,3.4,3.42,1383
2025-12-22 11:10:00-05:00,3.41,3.42,3.4,3.42,14396
2025-12-22 11:15:00-05:00,3.4,3.42,3.4,3.4,2656
2025-12-22 11:20:00-05:00,3.39,3.42,3.38,3.4,6021
2025-12-22 11:25:00-05:00,3.38,3.38,3.31,3.33,28239
2025-12-22 11:30:00-05:00,3.33,3.33,3.32,3.32,12239
2025-12-22 11:35:00-05:00,3.33,3.33,3.31,3.31,13243
2025-12-22 11:40:00-05:00,3.3,3.31,3.25,3.26,16431
2025-12-22 11:45:00-05:00,3.27,3.3,3.25,3.3,11078
2025-12-22 11:50:00-05:00,3.3,3.31,3.28,3.28,3488
2025-12-22 11:55:00-05:00,3.3,3.33,3.3,3.32,25062
2025-12-22 12:00:00-05:00,3.33,3.33,3.31,3.31,2442
2025-12-22 12:05:00-05:00,3.31,3.32,3.31,3.31,1850
2025-12-22 12:10:00-05:00,3.31,3.32,3.31,3.31,8426
2025-12-22 12:15:00-05:00,3.32,3.32,3.3,3.31,3410
2025-12-22 12:20:00-05:00,3.31,3.32,3.29,3.3,3418
2025-12-22 12:25:00-05:00,3.3,3.31,3.29,3.31,738
2025-12-22 12:30:00-05:00,3.31,3.32,3.3,3.31,2940
2025-12-22 12:35:00-05:00,3.32,3.33,3.32,3.32,26350
2025-12-22 12:40:00-05:00,3.33,3.33,3.32,3.33,7949
2025-12-22 12:45:00-05:00,3.33,3.33,3.3,3.32,17582
2025-12-22 12:50:00-05:00,3.33,3.33,3.31,3.32,3568
2025-12-22 12:55:00-05:00,3.3,3.3,3.28,3.28,5919
2025-12-22 13:00:00-05:00,3.3,3.3,3.3,3.3,2741
2025-12-22 13:05:00-05:00,3.28,3.3,3.26,3.27,34994
2025-12-22 13:10:00-05:00,3.28,3.3,3.22,3.28,13118
2025-12-22 13:15:00-05:00,3.25,3.3,3.25,3.27,5831
2025-12-22 13:20:00-05:00,3.27,3.28,3.27,3.28,1183
2025-12-22 13:25:00-05:00,3.27,3.28,3.27,3.27,7025
2025-12-22 13:30:00-05:00,3.28,3.3,3.27,3.29,11978
2025-12-22 13:35:00-05:00,3.29,3.3,3.25,3.28,5397
2025-12-22 13:40:00-05:00,3.25,3.3,3.25,3.29,7042
2025-12-22 13:45:00-05:00,3.29,3.3,3.28,3.3,10762
2025-12-22 13:50:00-05:00,3.3,3.31,3.28,3.3,5780
2025-12-22 13:55:00-05:00,3.29,3.3,3.28,3.28,3978
2025-12-22 14:00:00-05:00,3.3,3.33,3.3,3.33,2383
2025-12-22 14:05:00-05:00,3.31,3.33,3.3,3.3,3394
2025-12-22 14:10:00-05:00,3.3,3.33,3.29,3.29,1070
2025-12-22 14:15:00-05:00,3.33,3.33,3.28,3.31,7728
2025-12-22 14:20:00-05:00,3.29,3.31,3.29,3.3,2354
2025-12-22 14:25:00-05:00,3.3,3.3,3.29,3.29,1026
2025-12-22 14:30:00-05:00,3.32,3.32,3.29,3.31,5804
2025-12-22 14:35:00-05:00,3.31,3.31,3.28,3.28,5105
2025-12-22 14:40:00-05:00,3.28,3.3,3.28,3.3,5588
2025-12-22 14:45:00-05:00,3.28,3.3,3.27,3.3,2385
2025-12-22 14:50:00-05:00,3.29,3.29,3.25,3.26,12467
2025-12-22 14:55:00-05:00,3.26,3.27,3.25,3.25,5652
2025-12-22 15:00:00-05:00,3.26,3.26,3.24,3.24,11949
2025-12-22 15:05:00-05:00,3.25,3.25,3.24,3.25,10737
2025-12-22 15:10:00-05:00,3.24,3.25,3.23,3.24,7622
2025-12-22 15:15:00-05:00,3.25,3.25,3.23,3.25,10156
2025-12-22 15:20:00-05:00,3.24,3.25,3.23,3.24,5196
2025-12-22 15:25:00-05:00,3.23,3.25,3.23,3.25,17866
2025-12-22 15:30:00-05:00,3.25,3.25,3.22,3.23,20614
2025-12-22 15:35:00-05:00,3.23,3.23,3.21,3.22,38979
2025-12-22 15:40:00-05:00,3.22,3.23,3.22,3.22,26605
2025-12-22 15:45:00-05:00,3.23,3.23,3.16,3.18,16519
2025-12-22 15:50:00-05:00,3.17,3.18,3.14,3.15,29417
2025-12-22 15:55:00-05:00,3.16,3.19,3.15,3.18,37347
2025-12-23 09:30:00-05:00,3.25,3.3,3.06,3.16,114343
2025-12-23 09:35:00-05:00,3.15,3.2,3.1,3.18,18325
2025-12-23 09:40:00-05:00,3.18,3.2,3.15,3.17,5670
2025-12-23 09:45:00-05:00,3.18,3.18,3.14,3.15,3053
2025-12-23 09:50:00-05:00,3.17,3.17,3.17,3.17,2526
2025-12-23 09:55:00-05:00,3.17,3.17,3.16,3.16,1298
2025-12-23 10:00:00-05:00,3.16,3.16,3.15,3.15,1433
2025-12-23 10:05:00-05:00,3.15,3.16,3.15,3.15,4117
2025-12-23 10:10:00-05:00,3.15,3.15,3.11,3.14,9736
2025-12-23 10:15:00-05:00,3.14,3.18,3.13,3.18,3958
2025-12-23 10:20:00-05:00,3.15,3.18,3.12,3.13,3775
2025-12-23 10:25:00-05:00,3.13,3.15,3.13,3.15,1239
2025-12-23 10:30:00-05:00,3.13,3.15,3.11,3.15,13114
2025-12-23 10:35:00-05:00,3.13,3.15,3.13,3.14,7131
2025-12-23 10:40:00-05:00,3.15,3.15,3.14,3.14,1612
2025-12-23 10:45:00-05:00,3.15,3.15,3.11,3.12,12059
2025-12-23 10:50:00-05:00,3.11,3.13,3.1,3.11,3096
2025-12-23 10:55:00-05:00,3.11,3.13,3.11,3.12,23054
2025-12-23 11:00:00-05:00,3.13,3.13,3.12,3.13,9789
2025-12-23 11:05:00-05:00,3.11,3.11,3.11,3.11,1858
2025-12-23 11:10:00-05:00,3.13,3.13,3.1,3.11,13898
2025-12-23 11:15:00-05:00,3.12,3.13,3.12,3.13,4973
2025-12-23 11:20:00-05:00,3.12,3.15,3.11,3.14,17920
2025-12-23 11:25:00-05:00,3.14,3.14,3.1,3.12,8903
2025-12-23 11:30:00-05:00,3.12,3.12,3.1,3.1,8977
2025-12-23 11:35:00-05:00,3.1,3.12,3.1,3.12,9567
2025-12-23 11:40:00-05:00,3.1,3.1,3.09,3.1,11978
2025-12-23 11:45:00-05:00,3.1,3.12,3.1,3.1,6056
2025-12-23 11:50:00-05:00,3.12,3.14,3.1,3.14,19307
2025-12-23 11:55:00-05:00,3.14,3.15,3.11,3.13,16008
2025-12-23 12:00:00-05:00,3.14,3.14,3.1,3.1,2927
2025-12-23 12:05:00-05:00,3.12,3.12,3.1,3.1,4383
2025-12-23 12:10:00-05:00,3.08,3.11,3.08,3.11,4593
2025-12-23 12:15:00-05:00,3.09,3.1,3.06,3.06,5107
2025-12-23 12:20:00-05:00,3.08,3.09,3.06,3.07,4480
2025-12-23 12:25:00-05:00,3.06,3.08,3.05,3.06,7732
2025-12-23 12:30:00-05:00,3.05,3.07,3.03,3.05,4000
2025-12-23 12:35:00-05:00,3.05,3.07,3.03,3.04,3812
2025-12-23 12:40:00-05:00,3.04,3.04,3.01,3.01,13042
2025-12-23 12:45:00-05:00,3.04,3.05,3.01,3.04,7659
2025-12-23 12:50:00-05:00,3.04,3.05,3.01,3.01,3759
2025-12-23 12:55:00-05:00,3.04,3.04,3.01,3.01,18678
2025-12-23 13:00:00-05:00,3.01,3.02,3.01,3.02,9856
2025-12-23 13:05:00-05:00,3.02,3.02,2.99,3,94400
2025-12-23 13:10:00-05:00,2.98,3,2.96,2.99,5440
2025-12-23 13:15:00-05:00,2.97,2.99,2.95,2.96,7553
2025-12-23 13:20:00-05:00,2.96,2.96,2.92,2.94,10382
2025-12-23 13:25:00-05:00,2.94,2.95,2.85,2.92,50179
2025-12-23 13:30:00-05:00,2.91,2.95,2.9,2.94,10478
2025-12-23 13:35:00-05:00,2.95,2.95,2.91,2.92,5557
2025-12-23 13:40:00-05:00,2.91,2.95,2.91,2.94,29248
2025-12-23 13:45:00-05:00,2.95,2.95,2.91,2.94,12888
2025-12-23 13:50:00-05:00,2.94,2.94,2.9,2.92,15288
2025-12-23 13:55:00-05:00,2.92,2.93,2.9,2.9,28055
2025-12-23 14:00:00-05:00,2.91,2.93,2.9,2.92,21500
2025-12-23 14:05:00-05:00,2.91,2.93,2.9,2.9,13599
2025-12-23 14:10:00-05:00,2.89,2.92,2.89,2.92,13829
2025-12-23 14:15:00-05:00,2.91,2.93,2.91,2.91,6356
2025-12-23 14:20:00-05:00,2.92,2.92,2.91,2.92,1857
2025-12-23 14:25:00-05:00,2.91,2.93,2.91,2.92,4189
2025-12-23 14:30:00-05:00,2.92,2.93,2.9,2.9,20832
2025-12-23 14:35:00-05:00,2.92,2.93,2.9,2.93,5705
2025-12-23 14:40:00-05:00,2.93,2.93,2.9,2.92,5204
2025-12-23 14:45:00-05:00,2.92,2.92,2.9,2.91,9531
2025-12-23 14:50:00-05:00,2.91,2.92,2.89,2.9,9529
2025-12-23 14:55:00-05:00,2.89,2.91,2.88,2.9,5336
2025-12-23 15:00:00-05:00,2.9,2.91,2.9,2.9,3319
2025-12-23 15:05:00-05:00,2.91,2.91,2.9,2.91,3951
2025-12-23 15:10:00-05:00,2.9,2.91,2.89,2.91,5054
2025-12-23 15:15:00-05:00,2.88,2.91,2.88,2.9,4879
2025-12-23 15:20:00-05:00,2.9,2.9,2.87,2.89,10709
2025-12-23 15:25:00-05:00,2.89,2.9,2.88,2.89,12701
2025-12-23 15:30:00-05:00,2.9,2.92,2.9,2.92,6155
2025-12-23 15:35:00-05:00,2.92,2.92,2.89,2.92,4198
2025-12-23 15:40:00-05:00,2.93,2.97,2.92,2.97,6785
2025-12-23 15:45:00-05:00,2.97,3,2.94,3,23120
2025-12-23 15:50:00-05:00,2.98,3,2.92,2.96,9390
2025-12-23 15:55:00-05:00,2.92,2.99,2.92,2.97,13666
2025-12-24 09:30:00-05:00,2.97,2.97,2.91,2.94,14680
2025-12-24 09:35:00-05:00,2.93,2.95,2.93,2.95,8381
2025-12-24 09:40:00-05:00,2.96,2.99,2.96,2.97,5660
2025-12-24 09:45:00-05:00,2.97,2.97,2.95,2.96,3182
2025-12-24 09:50:00-05:00,2.96,2.97,2.95,2.97,3795
2025-12-24 09:55:00-05:00,2.97,2.98,2.96,2.96,658
2025-12-24 10:00:00-05:00,2.99,2.99,2.98,2.98,1369
2025-12-24 10:05:00-05:00,2.99,3,2.98,3,5284
2025-12-24 10:10:00-05:00,3,3.03,2.99,3.02,3351
2025-12-24 10:15:00-05:00,3.03,3.05,3.03,3.03,11767
2025-12-24 10:20:00-05:00,3.04,3.04,2.99,2.99,11491
2025-12-24 10:25:00-05:00,2.99,3.04,2.99,3.03,8035
2025-12-24 10:30:00-05:00,3.03,3.04,3.01,3.04,2636
2025-12-24 10:35:00-05:00,3.04,3.06,3.04,3.05,1779
2025-12-24 10:45:00-05:00,3.06,3.1,3.06,3.07,13754
2025-12-24 10:50:00-05:00,3.09,3.09,3.06,3.06,7925
2025-12-24 10:55:00-05:00,3.06,3.06,3.06,3.06,479
2025-12-24 11:00:00-05:00,3.09,3.09,3.09,3.09,653
2025-12-24 11:05:00-05:00,3.07,3.08,3.06,3.08,3777
2025-12-24 11:10:00-05:00,3.06,3.07,3.06,3.07,3390
2025-12-24 11:15:00-05:00,3.07,3.1,3.07,3.07,3488
2025-12-24 11:20:00-05:00,3.08,3.11,3.08,3.11,11472
2025-12-24 11:25:00-05:00,3.09,3.13,3.08,3.13,12499
2025-12-24 11:30:00-05:00,3.12,3.12,3.07,3.07,38264
2025-12-24 11:35:00-05:00,3.08,3.08,3.07,3.07,266
2025-12-24 11:40:00-05:00,3.06,3.06,3.06,3.06,8803
2025-12-24 11:45:00-05:00,3.06,3.09,3.05,3.05,4640
2025-12-24 11:50:00-05:00,3.08,3.08,3.06,3.06,573
2025-12-24 11:55:00-05:00,3.05,3.08,3.05,3.06,2344
2025-12-24 12:00:00-05:00,3.08,3.09,3.07,3.08,2995
2025-12-24 12:05:00-05:00,3.07,3.08,3.05,3.05,5565
2025-12-24 12:10:00-05:00,3.05,3.05,3.03,3.03,981
2025-12-24 12:15:00-05:00,3.05,3.05,3.05,3.05,6783
2025-12-24 12:20:00-05:00,3.06,3.09,3.06,3.08,2615
2025-12-24 12:25:00-05:00,3.07,3.09,3.07,3.07,1665
2025-12-24 12:30:00-05:00,3.08,3.09,3.08,3.08,2921
2025-12-24 12:35:00-05:00,3.06,3.09,3.06,3.09,3501
2025-12-24 12:40:00-05:00,3.08,3.09,3.08,3.08,9037
2025-12-24 12:45:00-05:00,3.08,3.08,3.08,3.08,112
2025-12-24 12:50:00-05:00,3.07,3.09,3.07,3.09,23911
2025-12-24 12:55:00-05:00,3.09,3.1,3.06,3.09,13546
2025-12-26 09:30:00-05:00,3.15,3.15,3.02,3.02,5249
2025-12-26 09:35:00-05:00,3.04,3.08,3.04,3.06,2907
2025-12-26 09:40:00-05:00,3.06,3.06,3.03,3.03,9920
2025-12-26 09:45:00-05:00,3.06,3.08,3.06,3.08,1264
2025-12-26 09:50:00-05:00,3.07,3.08,3.05,3.05,4664
2025-12-26 09:55:00-05:00,3.06,3.06,3.04,3.05,2582
2025-12-26 10:00:00-05:00,3.05,3.05,3.03,3.03,1047
2025-12-26 10:05:00-05:00,3.04,3.04,3.01,3.02,10507
2025-12-26 10:10:00-05:00,3.01,3.02,3.01,3.01,3470
2025-12-26 10:15:00-05:00,3.01,3.01,2.99,2.99,17566
2025-12-26 10:20:00-05:00,3,3.01,3,3,2170
2025-12-26 10:25:00-05:00,3,3.01,2.99,3,9320
2025-12-26 10:30:00-05:00,3,3,2.98,2.98,8795
2025-12-26 10:35:00-05:00,2.98,2.99,2.98,2.99,1780
2025-12-26 10:40:00-05:00,2.98,3,2.97,2.98,10543
2025-12-26 10:45:00-05:00,3,3.01,2.99,2.99,7771
2025-12-26 10:50:00-05:00,3.01,3.01,2.99,2.99,1762
2025-12-26 10:55:00-05:00,2.98,3.01,2.98,3.01,5807
2025-12-26 11:00:00-05:00,3,3.01,3,3.01,2696
2025-12-26 11:05:00-05:00,3,3,2.99,2.99,531
2025-12-26 11:10:00-05:00,3.01,3.03,3.01,3.02,2572
2025-12-26 11:15:00-05:00,3.01,3.03,3.01,3.02,2088
2025-12-26 11:20:00-05:00,3.03,3.03,3.01,3.01,1889
2025-12-26 11:25:00-05:00,3.02,3.04,3.02,3.02,1558
2025-12-26 11:30:00-05:00,3.01,3.01,3.01,3.01,285
2025-12-26 11:35:00-05:00,3.01,3.04,3.01,3.04,1149
2025-12-26 11:40:00-05:00,3.03,3.04,3.03,3.04,721
2025-12-26 11:45:00-05:00,3.05,3.05,3.03,3.04,10111
2025-12-26 11:50:00-05:00,3.03,3.04,3.03,3.04,418
2025-12-26 11:55:00-05:00,3.04,3.04,3.04,3.04,1687
2025-12-26 12:00:00-05:00,3.04,3.05,3.04,3.04,1417
2025-12-26 12:05:00-05:00,3.04,3.04,3.03,3.03,1675
2025-12-26 12:10:00-05:00,3.05,3.06,3.05,3.06,2783
2025-12-26 12:15:00-05:00,3.06,3.06,3.06,3.06,601
2025-12-26 12:20:00-05:00,3.05,3.08,3.05,3.08,15506
2025-12-26 12:25:00-05:00,3.07,3.07,3.07,3.07,101
2025-12-26 12:30:00-05:00,3.08,3.09,3.06,3.09,5416
2025-12-26 12:35:00-05:00,3.09,3.1,3.09,3.1,1070
2025-12-26 12:40:00-05:00,3.09,3.1,3.09,3.1,3272
2025-12-26 12:45:00-05:00,3.08,3.09,3.07,3.08,3404
2025-12-26 12:50:00-05:00,3.07,3.09,3.07,3.09,5314
2025-12-26 12:55:00-05:00,3.09,3.09,3.08,3.09,2949
2025-12-26 13:00:00-05:00,3.08,3.08,3.05,3.05,7180
2025-12-26 13:05:00-05:00,3.07,3.07,3.07,3.07,1008
2025-12-26 13:10:00-05:00,3.08,3.08,3.08,3.08,1002
2025-12-26 13:15:00-05:00,3.08,3.08,3.07,3.07,387
2025-12-26 13:20:00-05:00,3.08,3.09,3.08,3.09,2436
2025-12-26 13:25:00-05:00,3.09,3.09,3.08,3.08,2641
2025-12-26 13:30:00-05:00,3.1,3.1,3.1,3.1,989
2025-12-26 13:35:00-05:00,3.1,3.1,3.09,3.09,688
2025-12-26 13:40:00-05:00,3.09,3.09,3.09,3.09,2082
2025-12-26 13:45:00-05:00,3.1,3.1,3.1,3.1,623
2025-12-26 13:50:00-05:00,3.1,3.1,3.09,3.1,1819
2025-12-26 13:55:00-05:00,3.09,3.09,3.08,3.09,9480
2025-12-26 14:00:00-05:00,3.08,3.09,3.08,3.08,1357
2025-12-26 14:05:00-05:00,3.08,3.08,3.07,3.07,1102
2025-12-26 14:10:00-05:00,3.08,3.08,3.07,3.07,1865
2025-12-26 14:15:00-05:00,3.08,3.09,3.08,3.09,928
2025-12-26 14:20:00-05:00,3.08,3.1,3.08,3.1,2523
2025-12-26 14:25:00-05:00,3.08,3.09,3.08,3.09,676
2025-12-26 14:30:00-05:00,3.08,3.09,3.08,3.09,536
2025-12-26 14:35:00-05:00,3.09,3.09,3.09,3.09,1165
2025-12-26 14:40:00-05:00,3.08,3.08,3.08,3.08,1333
2025-12-26 14:45:00-05:00,3.08,3.08,3.07,3.08,6967
2025-12-26 14:50:00-05:00,3.08,3.08,3.08,3.08,1382
2025-12-26 15:00:00-05:00,3.08,3.09,3.08,3.08,1342
2025-12-26 15:05:00-05:00,3.09,3.09,3.08,3.08,694
2025-12-26 15:10:00-05:00,3.09,3.09,3.09,3.09,3487
2025-12-26 15:15:00-05:00,3.1,3.11,3.1,3.11,1053
2025-12-26 15:20:00-05:00,3.12,3.12,3.1,3.12,8302
2025-12-26 15:25:00-05:00,3.12,3.12,3.11,3.11,2855
2025-12-26 15:30:00-05:00,3.1,3.1,3.08,3.08,2312
2025-12-26 15:35:00-05:00,3.09,3.09,3.09,3.09,836
2025-12-26 15:40:00-05:00,3.09,3.1,3.07,3.07,10796
2025-12-26 15:45:00-05:00,3.07,3.08,3.05,3.05,6774
2025-12-26 15:50:00-05:00,3.05,3.07,3.04,3.06,4877
2025-12-26 15:55:00-05:00,3.05,3.1,3.05,3.09,9071
2025-12-29 09:30:00-05:00,3.18,3.18,3.04,3.04,27508
2025-12-29 09:35:00-05:00,3.05,3.08,3,3.02,63039
2025-12-29 09:40:00-05:00,3.01,3.02,3,3.01,24872
2025-12-29 09:45:00-05:00,3.01,3.03,2.99,3.03,27354
2025-12-29 09:50:00-05:00,3.02,3.02,2.98,2.99,10315
2025-12-29 09:55:00-05:00,2.98,2.99,2.94,2.99,5768
2025-12-29 10:00:00-05:00,2.97,2.99,2.95,2.96,6421
2025-12-29 10:05:00-05:00,2.94,2.98,2.94,2.98,4076
2025-12-29 10:10:00-05:00,2.98,2.98,2.95,2.98,12148
2025-12-29 10:15:00-05:00,2.96,2.98,2.96,2.98,12457
2025-12-29 10:20:00-05:00,2.98,3.03,2.98,3.03,10329
2025-12-29 10:25:00-05:00,3.02,3.03,3.02,3.03,407
2025-12-29 10:30:00-05:00,3.01,3.01,3.01,3.01,1171
2025-12-29 10:35:00-05:00,2.99,3,2.99,2.99,7377
2025-12-29 10:40:00-05:00,3,3,2.99,3,1850
2025-12-29 10:45:00-05:00,3.01,3.03,3.01,3.02,8404
2025-12-29 10:50:00-05:00,3.02,3.07,3.01,3.03,10217
2025-12-29 10:55:00-05:00,3.04,3.06,3.04,3.06,6207
2025-12-29 11:00:00-05:00,3.05,3.06,3.03,3.03,5832
2025-12-29 11:05:00-05:00,3.02,3.03,3.01,3.02,6811
2025-12-29 11:10:00-05:00,3.01,3.07,3.01,3.04,3510
2025-12-29 11:15:00-05:00,3.03,3.07,3.03,3.07,765
2025-12-29 11:20:00-05:00,3.03,3.05,3.03,3.04,2149
2025-12-29 11:25:00-05:00,3.04,3.04,3.03,3.03,704
2025-12-29 11:30:00-05:00,3.03,3.03,3.03,3.03,219
2025-12-29 11:35:00-05:00,3.03,3.03,3.02,3.02,2494
2025-12-29 11:40:00-05:00,3,3.02,3,3.02,9077
2025-12-29 11:45:00-05:00,3.02,3.02,3,3.01,9597
2025-12-29 11:50:00-05:00,3.02,3.03,3.01,3.01,4939
2025-12-29 11:55:00-05:00,3.02,3.02,3.01,3.02,9041
2025-12-29 12:00:00-05:00,3.02,3.02,3.01,3.01,7544
2025-12-29 12:05:00-05:00,3,3,3,3,6451
2025-12-29 12:10:00-05:00,3,3,2.98,3,19570
2025-12-29 12:15:00-05:00,3,3,2.98,2.98,1338
2025-12-29 12:20:00-05:00,2.98,2.98,2.95,2.97,18932
2025-12-29 12:25:00-05:00,2.97,2.97,2.96,2.97,11814
2025-12-29 12:30:00-05:00,2.97,2.97,2.97,2.97,3673
2025-12-29 12:35:00-05:00,2.97,2.97,2.96,2.97,1906
2025-12-29 12:40:00-05:00,2.97,2.97,2.97,2.97,4138
2025-12-29 12:45:00-05:00,2.97,2.97,2.97,2.97,801
2025-12-29 12:50:00-05:00,2.97,2.98,2.97,2.97,3517
2025-12-29 12:55:00-05:00,2.97,2.98,2.97,2.98,1053
2025-12-29 13:00:00-05:00,2.97,2.98,2.97,2.98,7770
2025-12-29 13:05:00-05:00,2.97,2.97,2.97,2.97,303
2025-12-29 13:10:00-05:00,2.97,2.98,2.96,2.97,14046
2025-12-29 13:15:00-05:00,2.97,2.98,2.97,2.98,3910
2025-12-29 13:20:00-05:00,2.98,2.98,2.98,2.98,593
2025-12-29 13:25:00-05:00,2.98,2.98,2.97,2.98,3783
2025-12-29 13:30:00-05:00,2.99,3.01,2.99,3,4575
2025-12-29 13:35:00-05:00,3,3.03,3,3,2129
2025-12-29 13:40:00-05:00,2.98,3.02,2.98,3.02,817
2025-12-29 13:50:00-05:00,3,3,2.98,2.98,248
2025-12-29 13:55:00-05:00,3,3,2.99,3,3153
2025-12-29 14:00:00-05:00,3,3,2.98,2.98,2512
2025-12-29 14:05:00-05:00,2.98,3,2.96,3,12362
2025-12-29 14:10:00-05:00,2.98,2.98,2.96,2.96,2353
2025-12-29 14:15:00-05:00,2.98,2.98,2.97,2.98,2780
2025-12-29 14:20:00-05:00,2.97,2.98,2.96,2.96,12830
2025-12-29 14:25:00-05:00,2.96,2.96,2.95,2.96,4799
2025-12-29 14:30:00-05:00,2.96,2.97,2.96,2.97,2148
2025-12-29 14:35:00-05:00,2.96,2.97,2.94,2.95,13140
2025-12-29 14:40:00-05:00,2.95,2.98,2.94,2.96,5651
2025-12-29 14:45:00-05:00,2.97,2.97,2.93,2.93,9332
2025-12-29 14:50:00-05:00,2.94,2.96,2.92,2.93,3973
2025-12-29 14:55:00-05:00,2.93,2.94,2.92,2.94,1448
2025-12-29 15:00:00-05:00,2.93,2.94,2.92,2.93,8803
2025-12-29 15:05:00-05:00,2.94,2.94,2.93,2.93,1851
2025-12-29 15:10:00-05:00,2.93,2.93,2.93,2.93,1277
2025-12-29 15:15:00-05:00,2.93,2.94,2.93,2.94,7270
2025-12-29 15:20:00-05:00,2.95,2.96,2.95,2.95,3363
2025-12-29 15:25:00-05:00,2.96,2.96,2.94,2.94,5447
2025-12-29 15:30:00-05:00,2.96,2.96,2.96,2.96,3088
2025-12-29 15:35:00-05:00,2.95,2.96,2.95,2.95,3222
2025-12-29 15:40:00-05:00,2.96,2.97,2.96,2.96,1959
2025-12-29 15:45:00-05:00,2.96,2.97,2.95,2.96,2558
2025-12-29 15:50:00-05:00,2.97,2.98,2.97,2.97,5218
2025-12-29 15:55:00-05:00,2.97,2.98,2.95,2.97,3121
2025-12-30 09:30:00-05:00,3.08,3.08,3,3.02,6398
2025-12-30 09:35:00-05:00,3.01,3.05,3,3.01,6062
2025-12-30 09:40:00-05:00,3.03,3.03,3.03,3.03,161
2025-12-30 09:45:00-05:00,2.98,2.98,2.92,2.92,12825
2025-12-30 09:50:00-05:00,2.94,2.97,2.93,2.93,4826
2025-12-30 09:55:00-05:00,2.94,2.95,2.93,2.95,3886
2025-12-30 10:00:00-05:00,2.92,2.94,2.92,2.94,7673
2025-12-30 10:05:00-05:00,2.93,2.94,2.92,2.94,22417
2025-12-30 10:10:00-05:00,2.94,2.94,2.93,2.93,3745
2025-12-30 10:15:00-05:00,2.93,2.94,2.93,2.94,1374
2025-12-30 10:20:00-05:00,2.94,2.94,2.92,2.93,3956
2025-12-30 10:25:00-05:00,2.94,2.95,2.93,2.94,32621
2025-12-30 10:30:00-05:00,2.94,2.94,2.93,2.93,1606
2025-12-30 10:35:00-05:00,2.94,2.95,2.93,2.94,3582
2025-12-30 10:40:00-05:00,2.94,2.95,2.93,2.95,8494
2025-12-30 10:45:00-05:00,2.95,2.97,2.95,2.97,3910
2025-12-30 10:50:00-05:00,2.97,2.97,2.97,2.97,644
2025-12-30 10:55:00-05:00,2.98,2.98,2.97,2.98,5547
2025-12-30 11:00:00-05:00,2.98,2.99,2.97,2.99,12359
2025-12-30 11:05:00-05:00,3,3.03,2.99,3.02,6884
2025-12-30 11:10:00-05:00,3.01,3.03,3.01,3.03,4121
2025-12-30 11:15:00-05:00,3.02,3.02,3,3.01,4705
2025-12-30 11:20:00-05:00,3.04,3.04,3.01,3.01,2083
2025-12-30 11:25:00-05:00,3,3.01,3,3.01,1254
2025-12-30 11:30:00-05:00,3.02,3.02,3,3,8255
2025-12-30 11:35:00-05:00,3,3.13,3,3.05,84149
2025-12-30 11:40:00-05:00,3.07,3.07,3.05,3.06,1296
2025-12-30 11:45:00-05:00,3.02,3.04,3.02,3.03,5199
2025-12-30 11:50:00-05:00,3.03,3.06,3.03,3.04,7045
2025-12-30 11:55:00-05:00,3.06,3.06,3.04,3.05,5029
2025-12-30 12:00:00-05:00,3.04,3.05,3.04,3.05,1444
2025-12-30 12:05:00-05:00,3.05,3.05,3.05,3.05,558
2025-12-30 12:10:00-05:00,3.05,3.05,3.02,3.02,3493
2025-12-30 12:15:00-05:00,3.04,3.04,3.02,3.03,8403
2025-12-30 12:20:00-05:00,3.02,3.02,3.01,3.02,3785
2025-12-30 12:25:00-05:00,3.01,3.02,3.01,3.02,5391
2025-12-30 12:30:00-05:00,3.01,3.02,3,3.02,3980
2025-12-30 12:35:00-05:00,3,3.02,3,3,13213
2025-12-30 12:40:00-05:00,3,3,2.97,2.99,20216
2025-12-30 12:45:00-05:00,2.99,3,2.98,3,8051
2025-12-30 12:50:00-05:00,3,3.02,3,3.01,2327
2025-12-30 13:00:00-05:00,3.02,3.02,3.01,3.01,1126
2025-12-30 13:05:00-05:00,3,3,2.99,2.99,852
2025-12-30 13:10:00-05:00,3,3,2.99,3,7871
2025-12-30 13:15:00-05:00,2.99,3.02,2.99,3.02,14161
2025-12-30 13:20:00-05:00,3.01,3.01,3,3,523
2025-12-30 13:25:00-05:00,3,3,3,3,300
2025-12-30 13:30:00-05:00,3.01,3.01,2.98,2.98,1371
2025-12-30 13:35:00-05:00,3,3.02,2.99,3.01,4807
2025-12-30 13:40:00-05:00,3.01,3.01,3.01,3.01,6175
2025-12-30 13:45:00-05:00,3,3,3,3,1810
2025-12-30 13:50:00-05:00,3.02,3.02,3,3,1491
2025-12-30 13:55:00-05:00,3,3,3,3,108
2025-12-30 14:00:00-05:00,3.02,3.02,3,3.02,4686
2025-12-30 14:05:00-05:00,3.02,3.02,3,3.02,3259
2025-12-30 14:10:00-05:00,3.02,3.03,3.01,3.01,2013
2025-12-30 14:15:00-05:00,3.02,3.03,3.01,3.03,1938
2025-12-30 14:20:00-05:00,3.04,3.06,3.02,3.06,4996
2025-12-30 14:25:00-05:00,3.06,3.06,3.06,3.06,103
2025-12-30 14:30:00-05:00,3.04,3.05,3.03,3.03,877
2025-12-30 14:35:00-05:00,3.06,3.06,3.06,3.06,301
2025-12-30 14:40:00-05:00,3.03,3.06,3.03,3.03,13540
2025-12-30 14:45:00-05:00,3.03,3.04,3.03,3.03,2744
2025-12-30 14:50:00-05:00,3.02,3.03,3.02,3.02,1977
2025-12-30 14:55:00-05:00,3.02,3.02,3.02,3.02,968
2025-12-30 15:00:00-05:00,3.01,3.03,3.01,3.03,5384
2025-12-30 15:05:00-05:00,3.03,3.04,3.03,3.04,915
2025-12-30 15:10:00-05:00,3.04,3.04,3.04,3.04,3004
2025-12-30 15:15:00-05:00,3.03,3.03,3.02,3.03,3994
2025-12-30 15:20:00-05:00,3.03,3.04,3.03,3.04,7529
2025-12-30 15:25:00-05:00,3.04,3.04,3.03,3.04,1462
2025-12-30 15:30:00-05:00,3.05,3.05,3.03,3.05,1803
2025-12-30 15:35:00-05:00,3.04,3.04,3.04,3.04,302
2025-12-30 15:40:00-05:00,3.03,3.04,3.02,3.03,5220
2025-12-30 15:45:00-05:00,3.03,3.04,3.03,3.03,3260
2025-12-30 15:50:00-05:00,3.03,3.04,3.03,3.04,768
2025-12-30 15:55:00-05:00,3.03,3.06,3.03,3.06,4610
2025-12-31 09:30:00-05:00,3.03,3.06,2.98,3,30422
2025-12-31 09:35:00-05:00,2.99,3,2.95,3,17940
2025-12-31 09:40:00-05:00,3.01,3.01,2.96,2.96,3524
2025-12-31 09:45:00-05:00,2.97,2.97,2.95,2.95,1247
2025-12-31 09:50:00-05:00,2.96,2.97,2.95,2.97,2527
2025-12-31 09:55:00-05:00,2.96,2.96,2.92,2.92,12856
2025-12-31 10:00:00-05:00,2.92,2.95,2.92,2.93,6680
2025-12-31 10:05:00-05:00,2.94,2.95,2.93,2.94,2105
2025-12-31 10:10:00-05:00,2.95,2.95,2.93,2.94,4776
2025-12-31 10:15:00-05:00,2.95,2.96,2.94,2.95,7189
2025-12-31 10:20:00-05:00,2.97,2.97,2.97,2.97,1350
2025-12-31 10:25:00-05:00,2.97,3,2.97,3,7239
2025-12-31 10:30:00-05:00,3,3.02,2.99,2.99,5600
2025-12-31 10:40:00-05:00,2.99,3,2.97,2.97,13531
2025-12-31 10:45:00-05:00,2.99,2.99,2.97,2.97,3025
2025-12-31 10:50:00-05:00,2.97,2.97,2.93,2.95,21250
2025-12-31 10:55:00-05:00,2.94,2.94,2.93,2.93,7508
2025-12-31 11:00:00-05:00,2.94,2.94,2.93,2.94,3115
2025-12-31 11:05:00-05:00,2.95,2.95,2.93,2.94,10972
2025-12-31 11:10:00-05:00,2.94,2.95,2.94,2.95,789
2025-12-31 11:15:00-05:00,2.94,2.94,2.93,2.94,2626
2025-12-31 11:20:00-05:00,2.94,2.95,2.93,2.93,8372
2025-12-31 11:25:00-05:00,2.93,2.93,2.93,2.93,118
2025-12-31 11:30:00-05:00,2.94,2.94,2.93,2.94,7464
2025-12-31 11:35:00-05:00,2.94,2.94,2.94,2.94,902
2025-12-31 11:40:00-05:00,2.92,2.94,2.92,2.94,1285
2025-12-31 11:45:00-05:00,2.94,2.94,2.92,2.92,3677
2025-12-31 11:50:00-05:00,2.92,2.94,2.92,2.94,474
2025-12-31 11:55:00-05:00,2.92,2.94,2.92,2.94,1089
2025-12-31 12:00:00-05:00,2.95,2.95,2.94,2.94,441
2025-12-31 12:05:00-05:00,2.95,3,2.94,3,26729
2025-12-31 12:10:00-05:00,2.97,2.98,2.96,2.98,11909
2025-12-31 12:15:00-05:00,2.97,2.99,2.97,2.99,944
2025-12-31 12:20:00-05:00,2.99,3,2.99,2.99,8581
2025-12-31 12:25:00-05:00,2.98,3,2.98,3,954
2025-12-31 12:30:00-05:00,3,3,2.98,2.98,604
2025-12-31 12:35:00-05:00,3,3,2.98,2.98,2150
2025-12-31 12:40:00-05:00,2.98,2.99,2.95,2.96,3244
2025-12-31 12:45:00-05:00,2.99,2.99,2.96,2.96,4116
2025-12-31 12:50:00-05:00,2.99,2.99,2.97,2.97,6673
2025-12-31 12:55:00-05:00,2.95,2.95,2.95,2.95,1569
2025-12-31 13:00:00-05:00,2.96,2.96,2.95,2.95,6920
2025-12-31 13:05:00-05:00,2.94,2.94,2.94,2.94,260
2025-12-31 13:10:00-05:00,2.94,2.95,2.93,2.93,10252
2025-12-31 13:15:00-05:00,2.95,2.96,2.94,2.96,5368
2025-12-31 13:20:00-05:00,2.94,2.94,2.93,2.94,2367
2025-12-31 13:25:00-05:00,2.96,2.96,2.94,2.96,13021
2025-12-31 13:30:00-05:00,2.96,2.97,2.96,2.97,5635
2025-12-31 13:35:00-05:00,2.97,2.98,2.97,2.98,813
2025-12-31 13:40:00-05:00,2.96,3,2.96,2.99,5814
2025-12-31 13:45:00-05:00,2.99,2.99,2.97,2.98,2627
2025-12-31 13:50:00-05:00,2.97,2.97,2.97,2.97,123
2025-12-31 13:55:00-05:00,2.98,2.99,2.96,2.97,4292
2025-12-31 14:00:00-05:00,2.98,3.01,2.98,2.99,14740
2025-12-31 14:05:00-05:00,2.99,2.99,2.99,2.99,1024
2025-12-31 14:10:00-05:00,3,3,2.99,3,3209
2025-12-31 14:15:00-05:00,3.01,3.01,2.98,3,6099
2025-12-31 14:20:00-05:00,2.99,2.99,2.98,2.99,9742
2025-12-31 14:25:00-05:00,3,3,2.98,3,3892
2025-12-31 14:30:00-05:00,3.02,3.02,3.01,3.01,402
2025-12-31 14:35:00-05:00,3.01,3.01,3,3,588
2025-12-31 14:40:00-05:00,3.01,3.02,3.01,3.02,1038
2025-12-31 14:45:00-05:00,3.01,3.03,3.01,3.02,2990
2025-12-31 14:50:00-05:00,3.02,3.03,3,3,3270
2025-12-31 14:55:00-05:00,3.01,3.02,3.01,3.01,2370
2025-12-31 15:00:00-05:00,3.02,3.03,3.01,3.02,5323
2025-12-31 15:05:00-05:00,3.02,3.03,3.01,3.02,2946
2025-12-31 15:10:00-05:00,3.01,3.01,3.01,3.01,3279
2025-12-31 15:15:00-05:00,3.01,3.03,3,3.03,16104
2025-12-31 15:20:00-05:00,3.01,3.04,3,3.03,4069
2025-12-31 15:25:00-05:00,3.02,3.02,3,3.01,2426
2025-12-31 15:30:00-05:00,3.01,3.02,3,3.02,4000
2025-12-31 15:35:00-05:00,3.02,3.02,3,3,5083
2025-12-31 15:40:00-05:00,3,3.02,3,3,2747
2025-12-31 15:45:00-05:00,3,3.02,3,3,7662
2025-12-31 15:50:00-05:00,3.01,3.01,3,3,4065
2025-12-31 15:55:00-05:00,3,3.01,2.98,3,25378
2026-01-02 09:30:00-05:00,3.07,3.07,3.01,3.02,9583
2026-01-02 09:35:00-05:00,3.01,3.01,2.97,2.98,15624
2026-01-02 09:40:00-05:00,2.98,2.99,2.97,2.97,7762
2026-01-02 09:45:00-05:00,2.99,2.99,2.98,2.99,6704
2026-01-02 09:50:00-05:00,3,3.02,2.99,3.02,21614
2026-01-02 09:55:00-05:00,3.02,3.05,3,3,69824
2026-01-02 10:00:00-05:00,3.03,3.04,3.01,3.04,11663
2026-01-02 10:05:00-05:00,3.04,3.05,3.02,3.05,4382
2026-01-02 10:10:00-05:00,3.06,3.06,3.03,3.05,16094
2026-01-02 10:15:00-05:00,3.05,3.09,3.05,3.09,6020
2026-01-02 10:20:00-05:00,3.07,3.08,3.06,3.06,1570
2026-01-02 10:25:00-05:00,3.06,3.09,3.06,3.09,5306
2026-01-02 10:30:00-05:00,3.09,3.14,3.07,3.14,2323
2026-01-02 10:35:00-05:00,3.13,3.13,3.08,3.09,23018
2026-01-02 10:40:00-05:00,3.08,3.12,3.08,3.12,1469
2026-01-02 10:45:00-05:00,3.11,3.12,3.1,3.11,7990
2026-01-02 10:50:00-05:00,3.11,3.11,3.08,3.09,9977
2026-01-02 10:55:00-05:00,3.09,3.1,3.07,3.09,2248
2026-01-02 11:00:00-05:00,3.1,3.12,3.08,3.11,5834
2026-01-02 11:05:00-05:00,3.12,3.12,3.12,3.12,179
2026-01-02 11:10:00-05:00,3.12,3.14,3.12,3.14,4110
2026-01-02 11:15:00-05:00,3.14,3.16,3.13,3.14,16926
2026-01-02 11:20:00-05:00,3.14,3.14,3.09,3.12,4741
2026-01-02 11:25:00-05:00,3.12,3.14,3.1,3.1,5706
2026-01-02 11:30:00-05:00,3.13,3.13,3.1,3.11,1171
2026-01-02 11:35:00-05:00,3.1,3.11,3.08,3.09,10395
2026-01-02 11:40:00-05:00,3.1,3.1,3.08,3.1,1413
2026-01-02 11:45:00-05:00,3.1,3.1,3.09,3.09,767
2026-01-02 11:50:00-05:00,3.08,3.08,3.08,3.08,445
2026-01-02 11:55:00-05:00,3.08,3.12,3.07,3.12,12656
2026-01-02 12:00:00-05:00,3.12,3.12,3.1,3.1,806
2026-01-02 12:05:00-05:00,3.1,3.12,3.1,3.12,12793
2026-01-02 12:10:00-05:00,3.12,3.12,3.12,3.12,2168
2026-01-02 12:15:00-05:00,3.13,3.15,3.12,3.14,8686
2026-01-02 12:20:00-05:00,3.17,3.18,3.15,3.17,3180
2026-01-02 12:25:00-05:00,3.17,3.18,3.13,3.14,5644
2026-01-02 12:30:00-05:00,3.15,3.15,3.15,3.15,246
2026-01-02 12:35:00-05:00,3.16,3.17,3.16,3.17,2340
2026-01-02 12:40:00-05:00,3.16,3.21,3.16,3.21,14623
2026-01-02 12:45:00-05:00,3.21,3.25,3.19,3.2,25914
2026-01-02 12:50:00-05:00,3.2,3.28,3.2,3.25,20425
2026-01-02 12:55:00-05:00,3.24,3.25,3.22,3.24,19134
2026-01-02 13:00:00-05:00,3.24,3.25,3.23,3.24,3921
2026-01-02 13:05:00-05:00,3.23,3.23,3.2,3.21,5475
2026-01-02 13:10:00-05:00,3.21,3.22,3.2,3.22,4362
2026-01-02 13:15:00-05:00,3.23,3.24,3.23,3.23,5251
2026-01-02 13:20:00-05:00,3.24,3.27,3.22,3.22,7051
2026-01-02 13:25:00-05:00,3.23,3.23,3.22,3.23,15002
2026-01-02 13:30:00-05:00,3.2,3.22,3.2,3.22,11657
2026-01-02 13:35:00-05:00,3.21,3.22,3.21,3.22,3663
2026-01-02 13:40:00-05:00,3.21,3.21,3.21,3.21,1649
2026-01-02 13:45:00-05:00,3.22,3.23,3.21,3.22,7143
2026-01-02 13:50:00-05:00,3.21,3.22,3.19,3.2,5350
2026-01-02 13:55:00-05:00,3.2,3.2,3.19,3.19,1281
2026-01-02 14:00:00-05:00,3.21,3.21,3.21,3.21,1132
2026-01-02 14:05:00-05:00,3.23,3.25,3.22,3.24,3163
2026-01-02 14:10:00-05:00,3.24,3.27,3.24,3.27,9755
2026-01-02 14:15:00-05:00,3.25,3.25,3.23,3.23,1784
2026-01-02 14:20:00-05:00,3.24,3.24,3.24,3.24,235
2026-01-02 14:25:00-05:00,3.22,3.22,3.22,3.22,1238
2026-01-02 14:30:00-05:00,3.23,3.23,3.22,3.23,7007
2026-01-02 14:35:00-05:00,3.23,3.23,3.23,3.23,100
2026-01-02 14:40:00-05:00,3.22,3.22,3.22,3.22,1178
2026-01-02 14:45:00-05:00,3.23,3.23,3.22,3.23,325
2026-01-02 14:50:00-05:00,3.22,3.24,3.22,3.24,2936
2026-01-02 14:55:00-05:00,3.24,3.25,3.23,3.25,605
2026-01-02 15:00:00-05:00,3.24,3.24,3.22,3.22,3275
2026-01-02 15:05:00-05:00,3.23,3.25,3.21,3.23,8802
2026-01-02 15:10:00-05:00,3.23,3.23,3.22,3.22,1186
2026-01-02 15:15:00-05:00,3.21,3.24,3.21,3.22,591
2026-01-02 15:20:00-05:00,3.22,3.23,3.21,3.23,2231
2026-01-02 15:25:00-05:00,3.21,3.21,3.19,3.19,13194
2026-01-02 15:30:00-05:00,3.19,3.24,3.19,3.24,6583
2026-01-02 15:35:00-05:00,3.21,3.25,3.21,3.25,6923
2026-01-02 15:40:00-05:00,3.24,3.24,3.24,3.24,124
2026-01-02 15:45:00-05:00,3.24,3.27,3.23,3.27,5278
2026-01-02 15:50:00-05:00,3.26,3.26,3.24,3.25,4586
2026-01-02 15:55:00-05:00,3.26,3.27,3.25,3.27,23814
2026-01-05 09:30:00-05:00,3.35,3.35,3.23,3.28,9306
2026-01-05 09:35:00-05:00,3.28,3.28,3.19,3.19,20049
2026-01-05 09:40:00-05:00,3.2,3.22,3.15,3.15,21097
2026-01-05 09:45:00-05:00,3.18,3.18,3.03,3.07,43601
2026-01-05 09:50:00-05:00,3.09,3.1,3.04,3.1,7644
2026-01-05 09:55:00-05:00,3.1,3.13,3.07,3.07,19749
2026-01-05 10:00:00-05:00,3.1,3.15,3.1,3.15,3615
2026-01-05 10:05:00-05:00,3.12,3.13,3.12,3.13,670
2026-01-05 10:10:00-05:00,3.1,3.11,3.07,3.08,8959
2026-01-05 10:15:00-05:00,3.1,3.11,3.08,3.11,15547
2026-01-05 10:20:00-05:00,3.11,3.13,3.08,3.08,4096
2026-01-05 10:25:00-05:00,3.08,3.1,3.07,3.08,2944
2026-01-05 10:30:00-05:00,3.08,3.08,3.08,3.08,723
2026-01-05 10:35:00-05:00,3.09,3.1,3.08,3.1,1826
2026-01-05 10:40:00-05:00,3.1,3.11,3.07,3.11,9895
2026-01-05 10:45:00-05:00,3.06,3.08,3.06,3.08,4221
2026-01-05 10:50:00-05:00,3.08,3.12,3.07,3.12,8438
2026-01-05 10:55:00-05:00,3.13,3.18,3.11,3.15,7103
2026-01-05 11:00:00-05:00,3.15,3.15,3.1,3.13,11257
2026-01-05 11:05:00-05:00,3.12,3.12,3.1,3.1,8087
2026-01-05 11:10:00-05:00,3.11,3.11,3.11,3.11,308
2026-01-05 11:15:00-05:00,3.13,3.13,3.11,3.13,3721
2026-01-05 11:20:00-05:00,3.15,3.15,3.15,3.15,1131
2026-01-05 11:25:00-05:00,3.15,3.15,3.13,3.14,2603
2026-01-05 11:30:00-05:00,3.13,3.14,3.12,3.12,1967
2026-01-05 11:35:00-05:00,3.13,3.17,3.12,3.13,26203
2026-01-05 11:40:00-05:00,3.13,3.17,3.13,3.17,491
2026-01-05 11:45:00-05:00,3.15,3.16,3.14,3.14,2142
2026-01-05 11:50:00-05:00,3.13,3.14,3.13,3.14,769
2026-01-05 11:55:00-05:00,3.14,3.16,3.13,3.14,2335
2026-01-05 12:00:00-05:00,3.13,3.13,3.12,3.13,1947
2026-01-05 12:05:00-05:00,3.13,3.13,3.13,3.13,2103
2026-01-05 12:10:00-05:00,3.13,3.14,3.13,3.13,6905
2026-01-05 12:15:00-05:00,3.13,3.14,3.13,3.13,1946
2026-01-05 12:20:00-05:00,3.13,3.13,3.13,3.13,3900
2026-01-05 12:25:00-05:00,3.13,3.13,3.12,3.12,1706
2026-01-05 12:30:00-05:00,3.12,3.13,3.09,3.1,13225
2026-01-05 12:35:00-05:00,3.1,3.13,3.09,3.09,2151
2026-01-05 12:40:00-05:00,3.09,3.12,3.09,3.12,457
2026-01-05 12:45:00-05:00,3.11,3.13,3.11,3.12,764
2026-01-05 12:50:00-05:00,3.13,3.13,3.12,3.13,3422
2026-01-05 12:55:00-05:00,3.12,3.13,3.08,3.08,3945
2026-01-05 13:00:00-05:00,3.11,3.11,3.09,3.09,2104
2026-01-05 13:05:00-05:00,3.09,3.11,3.09,3.11,1788
2026-01-05 13:10:00-05:00,3.12,3.13,3.1,3.1,5134
2026-01-05 13:15:00-05:00,3.1,3.1,3.1,3.1,510
2026-01-05 13:20:00-05:00,3.09,3.11,3.09,3.1,8408
2026-01-05 13:25:00-05:00,3.1,3.1,3.1,3.1,449
2026-01-05 13:30:00-05:00,3.11,3.12,3.11,3.12,954
2026-01-05 13:35:00-05:00,3.11,3.13,3.1,3.12,6527
2026-01-05 13:40:00-05:00,3.1,3.11,3.1,3.11,2172
2026-01-05 13:45:00-05:00,3.12,3.13,3.12,3.13,2941
2026-01-05 13:50:00-05:00,3.13,3.13,3.13,3.13,3561
2026-01-05 13:55:00-05:00,3.11,3.13,3.11,3.13,8937
2026-01-05 14:00:00-05:00,3.13,3.13,3.13,3.13,3531
2026-01-05 14:05:00-05:00,3.14,3.14,3.13,3.13,4710
2026-01-05 14:10:00-05:00,3.13,3.15,3.13,3.13,12221
2026-01-05 14:15:00-05:00,3.16,3.16,3.16,3.16,502
2026-01-05 14:20:00-05:00,3.16,3.16,3.15,3.16,1402
2026-01-05 14:25:00-05:00,3.16,3.17,3.13,3.16,17391
2026-01-05 14:30:00-05:00,3.16,3.18,3.11,3.11,10012
2026-01-05 14:35:00-05:00,3.13,3.13,3.11,3.11,2363
2026-01-05 14:40:00-05:00,3.13,3.14,3.1,3.14,14172
2026-01-05 14:50:00-05:00,3.17,3.17,3.15,3.15,2750
2026-01-05 14:55:00-05:00,3.18,3.2,3.18,3.19,7993
2026-01-05 15:00:00-05:00,3.2,3.2,3.17,3.17,3653
2026-01-05 15:05:00-05:00,3.22,3.22,3.22,3.22,566
2026-01-05 15:10:00-05:00,3.23,3.24,3.23,3.24,12072
2026-01-05 15:15:00-05:00,3.25,3.25,3.23,3.23,26126
2026-01-05 15:20:00-05:00,3.23,3.23,3.2,3.2,1947
2026-01-05 15:25:00-05:00,3.22,3.22,3.2,3.22,657
2026-01-05 15:30:00-05:00,3.22,3.24,3.2,3.2,2174
2026-01-05 15:35:00-05:00,3.22,3.24,3.22,3.24,1379
2026-01-05 15:40:00-05:00,3.23,3.25,3.22,3.24,8746
2026-01-05 15:45:00-05:00,3.22,3.23,3.21,3.23,4578
2026-01-05 15:50:00-05:00,3.23,3.25,3.22,3.23,2838
2026-01-05 15:55:00-05:00,3.23,3.28,3.22,3.28,8526
2026-01-06 09:30:00-05:00,3.27,3.27,3.03,3.14,28537
2026-01-06 09:35:00-05:00,3.16,3.18,3.1,3.18,3185
2026-01-06 09:40:00-05:00,3.17,3.2,3.17,3.2,7893
2026-01-06 09:45:00-05:00,3.16,3.21,3.16,3.2,8028
2026-01-06 09:50:00-05:00,3.19,3.2,3.17,3.17,1713
2026-01-06 09:55:00-05:00,3.16,3.18,3.16,3.18,1726
2026-01-06 10:00:00-05:00,3.18,3.19,3.18,3.18,5291
2026-01-06 10:05:00-05:00,3.17,3.2,3.17,3.2,9077
2026-01-06 10:10:00-05:00,3.19,3.21,3.19,3.2,8699
2026-01-06 10:20:00-05:00,3.21,3.21,3.19,3.19,3194
2026-01-06 10:25:00-05:00,3.2,3.21,3.2,3.2,2860
2026-01-06 10:30:00-05:00,3.2,3.21,3.2,3.2,3337
2026-01-06 10:35:00-05:00,3.2,3.2,3.19,3.19,1654
2026-01-06 10:40:00-05:00,3.18,3.18,3.18,3.18,3280
2026-01-06 10:45:00-05:00,3.18,3.21,3.18,3.19,7774
2026-01-06 10:50:00-05:00,3.21,3.21,3.18,3.2,3106
2026-01-06 10:55:00-05:00,3.21,3.21,3.2,3.21,1435
2026-01-06 11:00:00-05:00,3.2,3.2,3.17,3.18,5263
2026-01-06 11:05:00-05:00,3.19,3.19,3.18,3.18,618
2026-01-06 11:10:00-05:00,3.19,3.21,3.19,3.2,1156
2026-01-06 11:20:00-05:00,3.21,3.21,3.21,3.21,397
2026-01-06 11:25:00-05:00,3.21,3.22,3.2,3.2,2925
2026-01-06 11:30:00-05:00,3.21,3.21,3.18,3.18,4374
2026-01-06 11:35:00-05:00,3.19,3.19,3.18,3.18,823
2026-01-06 11:40:00-05:00,3.19,3.19,3.16,3.17,3097
2026-01-06 11:45:00-05:00,3.18,3.19,3.18,3.19,5146
2026-01-06 11:50:00-05:00,3.18,3.21,3.11,3.11,36454
2026-01-06 11:55:00-05:00,3.15,3.17,3.15,3.17,2230
2026-01-06 12:00:00-05:00,3.16,3.18,3.16,3.18,1127
2026-01-06 12:05:00-05:00,3.18,3.18,3.15,3.18,717
2026-01-06 12:15:00-05:00,3.17,3.17,3.16,3.17,915
2026-01-06 12:20:00-05:00,3.17,3.17,3.17,3.17,1186
2026-01-06 12:25:00-05:00,3.16,3.16,3.16,3.16,209
2026-01-06 12:30:00-05:00,3.15,3.16,3.15,3.16,2354
2026-01-06 12:35:00-05:00,3.15,3.16,3.15,3.15,1602
2026-01-06 12:40:00-05:00,3.16,3.17,3.16,3.17,406
2026-01-06 12:45:00-05:00,3.14,3.14,3.14,3.14,2703
2026-01-06 12:50:00-05:00,3.14,3.14,3.12,3.13,889
2026-01-06 12:55:00-05:00,3.13,3.13,3.13,3.13,2902
2026-01-06 13:00:00-05:00,3.13,3.17,3.13,3.15,7587
2026-01-06 13:05:00-05:00,3.15,3.15,3.15,3.15,1160
2026-01-06 13:10:00-05:00,3.15,3.15,3.14,3.14,623
2026-01-06 13:15:00-05:00,3.14,3.16,3.13,3.13,2033
2026-01-06 13:20:00-05:00,3.13,3.14,3.13,3.14,1915
2026-01-06 13:25:00-05:00,3.13,3.14,3.13,3.13,2917
2026-01-06 13:30:00-05:00,3.14,3.14,3.14,3.14,1006
2026-01-06 13:35:00-05:00,3.13,3.13,3.12,3.12,7231
2026-01-06 13:40:00-05:00,3.11,3.12,3.1,3.12,4382
2026-01-06 13:45:00-05:00,3.1,3.12,3.09,3.1,7438
2026-01-06 13:50:00-05:00,3.1,3.1,3.1,3.1,446
2026-01-06 13:55:00-05:00,3.1,3.1,3.08,3.09,3148
2026-01-06 14:00:00-05:00,3.08,3.13,3.08,3.13,7969
2026-01-06 14:05:00-05:00,3.14,3.15,3.13,3.13,2778
2026-01-06 14:10:00-05:00,3.11,3.14,3.11,3.14,227
2026-01-06 14:15:00-05:00,3.13,3.13,3.12,3.12,2887
2026-01-06 14:25:00-05:00,3.11,3.13,3.11,3.13,1004
2026-01-06 14:30:00-05:00,3.12,3.13,3.12,3.13,827
2026-01-06 14:35:00-05:00,3.12,3.12,3.1,3.1,1375
2026-01-06 14:40:00-05:00,3.1,3.11,3.09,3.11,6648
2026-01-06 14:45:00-05:00,3.11,3.13,3.09,3.13,8164
2026-01-06 14:50:00-05:00,3.12,3.12,3.1,3.1,838
2026-01-06 14:55:00-05:00,3.12,3.12,3.12,3.12,502
2026-01-06 15:00:00-05:00,3.12,3.13,3.12,3.13,5620
2026-01-06 15:05:00-05:00,3.14,3.14,3.11,3.13,11527
2026-01-06 15:20:00-05:00,3.13,3.15,3.13,3.15,1773
2026-01-06 15:25:00-05:00,3.14,3.15,3.14,3.15,4909
2026-01-06 15:35:00-05:00,3.15,3.16,3.15,3.16,1978
2026-01-06 15:40:00-05:00,3.16,3.18,3.16,3.16,2056
2026-01-06 15:45:00-05:00,3.16,3.16,3.13,3.13,2574
2026-01-06 15:50:00-05:00,3.14,3.15,3.05,3.06,63614
2026-01-06 15:55:00-05:00,3.05,3.07,3.05,3.07,30170
2026-01-07 09:30:00-05:00,3.32,3.37,3.21,3.3,70666
2026-01-07 09:35:00-05:00,3.31,3.34,3.25,3.28,35290
2026-01-07 09:40:00-05:00,3.28,3.33,3.28,3.31,14175
2026-01-07 09:45:00-05:00,3.29,3.34,3.29,3.29,19688
2026-01-07 09:50:00-05:00,3.26,3.28,3.22,3.28,32727
2026-01-07 09:55:00-05:00,3.29,3.38,3.29,3.29,63704
2026-01-07 10:00:00-05:00,3.3,3.3,3.25,3.28,40797
2026-01-07 10:05:00-05:00,3.28,3.3,3.25,3.28,12098
2026-01-07 10:10:00-05:00,3.28,3.31,3.27,3.31,10214
2026-01-07 10:15:00-05:00,3.3,3.3,3.26,3.29,7318
2026-01-07 10:20:00-05:00,3.29,3.29,3.27,3.27,3938
2026-01-07 10:25:00-05:00,3.29,3.31,3.25,3.31,2162
2026-01-07 10:30:00-05:00,3.3,3.32,3.29,3.29,9729
2026-01-07 10:35:00-05:00,3.3,3.32,3.3,3.3,16227
2026-01-07 10:40:00-05:00,3.32,3.36,3.31,3.36,47238
2026-01-07 10:45:00-05:00,3.36,3.37,3.32,3.37,35679
2026-01-07 10:50:00-05:00,3.33,3.33,3.31,3.31,3170
2026-01-07 10:55:00-05:00,3.32,3.34,3.31,3.31,26486
2026-01-07 11:00:00-05:00,3.32,3.35,3.32,3.32,6837
2026-01-07 11:05:00-05:00,3.35,3.35,3.32,3.33,11675
2026-01-07 11:10:00-05:00,3.33,3.33,3.31,3.31,3947
2026-01-07 11:15:00-05:00,3.33,3.35,3.32,3.34,6091
2026-01-07 11:20:00-05:00,3.35,3.35,3.31,3.31,6930
2026-01-07 11:25:00-05:00,3.3,3.32,3.29,3.3,12157
2026-01-07 11:30:00-05:00,3.29,3.33,3.29,3.31,5694
2026-01-07 11:35:00-05:00,3.29,3.3,3.27,3.28,6028
2026-01-07 11:40:00-05:00,3.29,3.29,3.24,3.24,6877
2026-01-07 11:45:00-05:00,3.25,3.27,3.24,3.27,6402
2026-01-07 11:50:00-05:00,3.29,3.3,3.26,3.28,10093
2026-01-07 11:55:00-05:00,3.28,3.29,3.26,3.29,1229
2026-01-07 12:00:00-05:00,3.27,3.27,3.26,3.26,436
2026-01-07 12:05:00-05:00,3.27,3.27,3.23,3.23,3193
2026-01-07 12:10:00-05:00,3.25,3.25,3.23,3.24,10317
2026-01-07 12:15:00-05:00,3.23,3.25,3.22,3.22,19999
2026-01-07 12:20:00-05:00,3.22,3.24,3.19,3.23,15663
2026-01-07 12:25:00-05:00,3.22,3.23,3.22,3.23,768
2026-01-07 12:30:00-05:00,3.23,3.25,3.23,3.23,2887
2026-01-07 12:35:00-05:00,3.22,3.23,3.2,3.2,1474
2026-01-07 12:40:00-05:00,3.2,3.21,3.2,3.21,665
2026-01-07 12:45:00-05:00,3.22,3.22,3.22,3.22,101
2026-01-07 12:50:00-05:00,3.23,3.23,3.21,3.21,796
2026-01-07 12:55:00-05:00,3.21,3.21,3.2,3.21,4129
2026-01-07 13:00:00-05:00,3.19,3.19,3.18,3.18,468
2026-01-07 13:05:00-05:00,3.2,3.2,3.19,3.2,1483
2026-01-07 13:10:00-05:00,3.21,3.21,3.21,3.21,1203
2026-01-07 13:15:00-05:00,3.21,3.23,3.21,3.23,973
2026-01-07 13:20:00-05:00,3.24,3.26,3.22,3.24,13802
2026-01-07 13:25:00-05:00,3.22,3.26,3.21,3.21,5276
2026-01-07 13:30:00-05:00,3.22,3.22,3.22,3.22,1171
2026-01-07 13:35:00-05:00,3.21,3.22,3.21,3.21,5864
2026-01-07 13:40:00-05:00,3.22,3.22,3.22,3.22,475
2026-01-07 13:45:00-05:00,3.2,3.21,3.2,3.21,213
2026-01-07 13:50:00-05:00,3.22,3.26,3.22,3.24,7362
2026-01-07 13:55:00-05:00,3.26,3.26,3.26,3.26,2176
2026-01-07 14:00:00-05:00,3.27,3.27,3.25,3.27,2272
2026-01-07 14:05:00-05:00,3.26,3.26,3.23,3.24,1574
2026-01-07 14:10:00-05:00,3.24,3.24,3.21,3.21,1052
2026-01-07 14:15:00-05:00,3.22,3.23,3.21,3.23,945
2026-01-07 14:20:00-05:00,3.23,3.24,3.21,3.22,12020
2026-01-07 14:25:00-05:00,3.22,3.23,3.21,3.23,4389
2026-01-07 14:30:00-05:00,3.23,3.24,3.22,3.23,1381
2026-01-07 14:35:00-05:00,3.24,3.25,3.23,3.24,2616
2026-01-07 14:40:00-05:00,3.23,3.24,3.21,3.21,8556
2026-01-07 14:45:00-05:00,3.22,3.24,3.21,3.23,9111
2026-01-07 14:50:00-05:00,3.24,3.24,3.21,3.22,5268
2026-01-07 14:55:00-05:00,3.23,3.23,3.22,3.22,1264
2026-01-07 15:00:00-05:00,3.23,3.24,3.23,3.23,3863
2026-01-07 15:05:00-05:00,3.23,3.23,3.21,3.23,6612
2026-01-07 15:10:00-05:00,3.22,3.24,3.21,3.22,7450
2026-01-07 15:15:00-05:00,3.22,3.24,3.21,3.21,8613
2026-01-07 15:20:00-05:00,3.22,3.23,3.2,3.2,12792
2026-01-07 15:25:00-05:00,3.22,3.23,3.2,3.22,8862
2026-01-07 15:30:00-05:00,3.22,3.28,3.21,3.26,13528
2026-01-07 15:35:00-05:00,3.24,3.32,3.24,3.32,11359
2026-01-07 15:40:00-05:00,3.28,3.32,3.28,3.3,4144
2026-01-07 15:45:00-05:00,3.29,3.3,3.26,3.28,3749
2026-01-07 15:50:00-05:00,3.27,3.3,3.23,3.28,2088
2026-01-07 15:55:00-05:00,3.26,3.3,3.23,3.23,5561
2026-01-08 09:30:00-05:00,3.31,3.31,3.2,3.25,14534
2026-01-08 09:35:00-05:00,3.24,3.27,3.24,3.25,2042
2026-01-08 09:40:00-05:00,3.24,3.28,3.24,3.27,7198
2026-01-08 09:45:00-05:00,3.25,3.28,3.24,3.28,1750
2026-01-08 09:50:00-05:00,3.27,3.27,3.25,3.25,748
2026-01-08 09:55:00-05:00,3.24,3.25,3.23,3.24,814
2026-01-08 10:00:00-05:00,3.22,3.25,3.21,3.22,3804
2026-01-08 10:05:00-05:00,3.22,3.24,3.22,3.23,3631
2026-01-08 10:10:00-05:00,3.24,3.28,3.24,3.26,2177
2026-01-08 10:15:00-05:00,3.27,3.3,3.26,3.3,6839
2026-01-08 10:20:00-05:00,3.29,3.29,3.27,3.27,1183
2026-01-08 10:25:00-05:00,3.26,3.3,3.26,3.3,606
2026-01-08 10:30:00-05:00,3.29,3.3,3.28,3.28,2230
2026-01-08 10:35:00-05:00,3.28,3.3,3.28,3.3,815
2026-01-08 10:45:00-05:00,3.27,3.27,3.22,3.22,5036
2026-01-08 10:50:00-05:00,3.24,3.24,3.24,3.24,263
2026-01-08 10:55:00-05:00,3.25,3.26,3.25,3.26,1200
2026-01-08 11:00:00-05:00,3.25,3.25,3.25,3.25,547
2026-01-08 11:05:00-05:00,3.25,3.25,3.25,3.25,516
2026-01-08 11:10:00-05:00,3.27,3.27,3.25,3.25,634
2026-01-08 11:15:00-05:00,3.26,3.3,3.25,3.29,1688
2026-01-08 11:20:00-05:00,3.3,3.3,3.3,3.3,2760
2026-01-08 11:25:00-05:00,3.29,3.31,3.29,3.31,1767
2026-01-08 11:30:00-05:00,3.34,3.34,3.31,3.31,908
2026-01-08 11:35:00-05:00,3.31,3.32,3.3,3.3,513
2026-01-08 11:40:00-05:00,3.31,3.33,3.29,3.3,1492
2026-01-08 11:50:00-05:00,3.33,3.33,3.33,3.33,618
2026-01-08 11:55:00-05:00,3.32,3.32,3.3,3.3,909
2026-01-08 12:00:00-05:00,3.31,3.35,3.31,3.33,7742
2026-01-08 12:05:00-05:00,3.33,3.34,3.33,3.33,1083
2026-01-08 12:10:00-05:00,3.34,3.34,3.32,3.32,5118
2026-01-08 12:15:00-05:00,3.32,3.32,3.32,3.32,356
2026-01-08 12:20:00-05:00,3.31,3.31,3.28,3.28,3504
2026-01-08 12:25:00-05:00,3.31,3.31,3.3,3.3,1154
2026-01-08 12:30:00-05:00,3.3,3.3,3.3,3.3,217
2026-01-08 12:40:00-05:00,3.3,3.3,3.3,3.3,503
2026-01-08 12:45:00-05:00,3.29,3.3,3.28,3.28,2205
2026-01-08 12:50:00-05:00,3.3,3.3,3.3,3.3,1001
2026-01-08 12:55:00-05:00,3.29,3.3,3.29,3.29,2289
2026-01-08 13:00:00-05:00,3.29,3.29,3.29,3.29,1644
2026-01-08 13:05:00-05:00,3.28,3.29,3.26,3.29,4673
2026-01-08 13:10:00-05:00,3.26,3.27,3.26,3.27,1206
2026-01-08 13:15:00-05:00,3.27,3.29,3.27,3.29,2812
2026-01-08 13:20:00-05:00,3.27,3.27,3.27,3.27,225
2026-01-08 13:25:00-05:00,3.29,3.3,3.29,3.3,4912
2026-01-08 13:30:00-05:00,3.3,3.3,3.3,3.3,617
2026-01-08 13:35:00-05:00,3.3,3.3,3.3,3.3,232
2026-01-08 13:40:00-05:00,3.31,3.31,3.31,3.31,262
2026-01-08 13:45:00-05:00,3.32,3.33,3.32,3.33,618
2026-01-08 13:50:00-05:00,3.33,3.35,3.33,3.33,398
2026-01-08 13:55:00-05:00,3.34,3.34,3.3,3.33,1183
2026-01-08 14:00:00-05:00,3.31,3.33,3.3,3.33,6331
2026-01-08 14:05:00-05:00,3.32,3.33,3.31,3.33,8680
2026-01-08 14:10:00-05:00,3.32,3.33,3.31,3.33,8451
2026-01-08 14:15:00-05:00,3.32,3.33,3.29,3.33,16937
2026-01-08 14:20:00-05:00,3.29,3.33,3.29,3.31,3947
2026-01-08 14:25:00-05:00,3.32,3.33,3.31,3.32,1938
2026-01-08 14:30:00-05:00,3.33,3.33,3.3,3.32,5577
2026-01-08 14:35:00-05:00,3.33,3.33,3.3,3.31,5437
2026-01-08 14:40:00-05:00,3.31,3.32,3.3,3.32,6993
2026-01-08 14:45:00-05:00,3.31,3.33,3.31,3.32,7950
2026-01-08 14:50:00-05:00,3.32,3.34,3.3,3.34,9535
2026-01-08 14:55:00-05:00,3.3,3.33,3.3,3.33,2450
2026-01-08 15:00:00-05:00,3.3,3.33,3.3,3.33,5542
2026-01-08 15:05:00-05:00,3.32,3.33,3.31,3.32,5889
2026-01-08 15:10:00-05:00,3.33,3.34,3.31,3.33,8949
2026-01-08 15:15:00-05:00,3.34,3.34,3.31,3.31,5076
2026-01-08 15:20:00-05:00,3.32,3.33,3.3,3.31,10053
2026-01-08 15:25:00-05:00,3.3,3.33,3.3,3.3,9375
2026-01-08 15:30:00-05:00,3.32,3.33,3.3,3.32,9691
2026-01-08 15:35:00-05:00,3.33,3.33,3.3,3.32,9583
2026-01-08 15:40:00-05:00,3.32,3.32,3.31,3.31,1755
2026-01-08 15:45:00-05:00,3.32,3.33,3.3,3.3,8555
2026-01-08 15:50:00-05:00,3.31,3.31,3.29,3.31,14256
2026-01-08 15:55:00-05:00,3.31,3.33,3.29,3.32,15721
2026-01-09 09:30:00-05:00,3.35,3.35,3.29,3.29,4567
2026-01-09 09:35:00-05:00,3.25,3.28,3.22,3.28,16880
2026-01-09 09:40:00-05:00,3.27,3.3,3.27,3.29,6267
2026-01-09 09:45:00-05:00,3.27,3.28,3.26,3.26,2392
2026-01-09 09:50:00-05:00,3.26,3.26,3.23,3.25,3985
2026-01-09 09:55:00-05:00,3.24,3.24,3.23,3.24,10326
2026-01-09 10:00:00-05:00,3.27,3.27,3.22,3.22,4218
2026-01-09 10:05:00-05:00,3.22,3.22,3.2,3.2,21803
2026-01-09 10:10:00-05:00,3.21,3.22,3.21,3.22,3326
2026-01-09 10:15:00-05:00,3.21,3.22,3.21,3.22,1366
2026-01-09 10:20:00-05:00,3.22,3.25,3.22,3.24,2088
2026-01-09 10:25:00-05:00,3.25,3.25,3.25,3.25,107
2026-01-09 10:30:00-05:00,3.24,3.24,3.24,3.24,499
2026-01-09 10:35:00-05:00,3.24,3.28,3.24,3.28,17665
2026-01-09 10:40:00-05:00,3.27,3.27,3.27,3.27,1523
2026-01-09 10:45:00-05:00,3.27,3.27,3.26,3.26,5548
2026-01-09 10:50:00-05:00,3.25,3.25,3.23,3.23,5147
2026-01-09 10:55:00-05:00,3.23,3.23,3.23,3.23,1643
2026-01-09 11:00:00-05:00,3.25,3.25,3.25,3.25,189
2026-01-09 11:05:00-05:00,3.26,3.27,3.26,3.27,1213
2026-01-09 11:15:00-05:00,3.25,3.27,3.23,3.26,2439
2026-01-09 11:20:00-05:00,3.25,3.27,3.25,3.27,1471
2026-01-09 11:25:00-05:00,3.27,3.27,3.26,3.26,925
2026-01-09 11:30:00-05:00,3.27,3.27,3.25,3.25,4226
2026-01-09 11:35:00-05:00,3.23,3.27,3.23,3.27,2638
2026-01-09 11:40:00-05:00,3.24,3.24,3.24,3.24,637
2026-01-09 11:45:00-05:00,3.25,3.25,3.22,3.22,1104
2026-01-09 11:50:00-05:00,3.26,3.26,3.22,3.26,3496
2026-01-09 11:55:00-05:00,3.25,3.27,3.23,3.27,6236
2026-01-09 12:00:00-05:00,3.23,3.28,3.23,3.28,7953
2026-01-09 12:05:00-05:00,3.26,3.27,3.23,3.23,2075
2026-01-09 12:10:00-05:00,3.23,3.27,3.23,3.25,4258
2026-01-09 12:15:00-05:00,3.24,3.26,3.22,3.26,9221
2026-01-09 12:20:00-05:00,3.25,3.26,3.23,3.24,13252
2026-01-09 12:25:00-05:00,3.23,3.24,3.22,3.24,5994
2026-01-09 12:30:00-05:00,3.24,3.24,3.24,3.24,338
2026-01-09 12:35:00-05:00,3.24,3.26,3.23,3.26,4529
2026-01-09 12:40:00-05:00,3.26,3.33,3.23,3.33,21788
2026-01-09 12:45:00-05:00,3.32,3.33,3.28,3.33,14329
2026-01-09 12:50:00-05:00,3.33,3.35,3.3,3.33,24492
2026-01-09 12:55:00-05:00,3.34,3.36,3.33,3.34,62500
2026-01-09 13:00:00-05:00,3.33,3.34,3.28,3.31,2905
2026-01-09 13:05:00-05:00,3.3,3.34,3.3,3.3,2513
2026-01-09 13:10:00-05:00,3.33,3.33,3.33,3.33,1595
2026-01-09 13:15:00-05:00,3.33,3.33,3.3,3.33,5109
2026-01-09 13:20:00-05:00,3.33,3.33,3.29,3.31,9424
2026-01-09 13:25:00-05:00,3.31,3.32,3.29,3.31,9220
2026-01-09 13:30:00-05:00,3.3,3.32,3.29,3.3,12226
2026-01-09 13:35:00-05:00,3.3,3.32,3.29,3.31,10179
2026-01-09 13:40:00-05:00,3.32,3.32,3.29,3.3,15330
2026-01-09 13:45:00-05:00,3.31,3.31,3.29,3.3,8297
2026-01-09 13:50:00-05:00,3.31,3.31,3.27,3.3,9215
2026-01-09 13:55:00-05:00,3.29,3.31,3.29,3.3,9678
2026-01-09 14:00:00-05:00,3.31,3.32,3.28,3.31,13014
2026-01-09 14:05:00-05:00,3.32,3.33,3.3,3.33,5781
2026-01-09 14:10:00-05:00,3.33,3.34,3.31,3.33,9413
2026-01-09 14:15:00-05:00,3.33,3.34,3.29,3.29,7408
2026-01-09 14:20:00-05:00,3.31,3.32,3.28,3.31,7363
2026-01-09 14:25:00-05:00,3.3,3.34,3.3,3.31,9563
2026-01-09 14:30:00-05:00,3.31,3.34,3.31,3.34,13677
2026-01-09 14:35:00-05:00,3.31,3.34,3.31,3.32,8272
2026-01-09 14:40:00-05:00,3.32,3.33,3.3,3.31,8350
2026-01-09 14:45:00-05:00,3.31,3.32,3.3,3.31,8729
2026-01-09 14:50:00-05:00,3.32,3.32,3.28,3.28,3214
2026-01-09 14:55:00-05:00,3.29,3.3,3.27,3.29,3097
2026-01-09 15:00:00-05:00,3.29,3.3,3.27,3.28,6010
2026-01-09 15:05:00-05:00,3.3,3.3,3.28,3.29,6231
2026-01-09 15:10:00-05:00,3.28,3.29,3.25,3.26,6398
2026-01-09 15:15:00-05:00,3.26,3.28,3.25,3.27,9629
2026-01-09 15:20:00-05:00,3.26,3.28,3.26,3.27,3522
2026-01-09 15:25:00-05:00,3.27,3.28,3.27,3.28,4005
2026-01-09 15:30:00-05:00,3.29,3.29,3.26,3.27,11133
2026-01-09 15:35:00-05:00,3.27,3.27,3.26,3.27,9252
2026-01-09 15:40:00-05:00,3.26,3.27,3.25,3.26,9055
2026-01-09 15:45:00-05:00,3.25,3.29,3.25,3.29,13456
2026-01-09 15:50:00-05:00,3.29,3.3,3.27,3.28,9359
2026-01-09 15:55:00-05:00,3.28,3.3,3.27,3.3,5319
2026-01-12 09:30:00-05:00,3.25,3.28,3.24,3.24,13481
2026-01-12 09:35:00-05:00,3.25,3.25,3.18,3.25,9484
2026-01-12 09:40:00-05:00,3.24,3.24,3.22,3.22,3251
2026-01-12 09:45:00-05:00,3.21,3.21,3.2,3.2,7060
2026-01-12 09:50:00-05:00,3.19,3.23,3.18,3.23,4688
2026-01-12 09:55:00-05:00,3.22,3.23,3.22,3.23,684
2026-01-12 10:00:00-05:00,3.24,3.26,3.24,3.25,2294
2026-01-12 10:05:00-05:00,3.28,3.29,3.26,3.26,3193
2026-01-12 10:10:00-05:00,3.27,3.27,3.27,3.27,682
2026-01-12 10:15:00-05:00,3.26,3.26,3.23,3.23,3081
2026-01-12 10:20:00-05:00,3.23,3.25,3.22,3.22,5577
2026-01-12 10:25:00-05:00,3.25,3.25,3.23,3.23,620
2026-01-12 10:30:00-05:00,3.24,3.24,3.23,3.23,1086
2026-01-12 10:35:00-05:00,3.23,3.23,3.22,3.22,906
2026-01-12 10:40:00-05:00,3.22,3.23,3.2,3.23,3188
2026-01-12 10:45:00-05:00,3.2,3.2,3.2,3.2,527
2026-01-12 10:50:00-05:00,3.21,3.22,3.21,3.22,1430
2026-01-12 10:55:00-05:00,3.22,3.22,3.22,3.22,574
2026-01-12 11:00:00-05:00,3.21,3.24,3.21,3.23,1423
2026-01-12 11:05:00-05:00,3.24,3.24,3.23,3.24,444
2026-01-12 11:10:00-05:00,3.25,3.25,3.24,3.25,869
2026-01-12 11:15:00-05:00,3.25,3.25,3.21,3.21,2489
2026-01-12 11:20:00-05:00,3.22,3.23,3.2,3.23,1013
2026-01-12 11:25:00-05:00,3.23,3.24,3.21,3.24,2267
2026-01-12 11:30:00-05:00,3.22,3.24,3.22,3.23,3825
2026-01-12 11:35:00-05:00,3.23,3.24,3.22,3.23,3092
2026-01-12 11:40:00-05:00,3.22,3.25,3.22,3.24,7584
2026-01-12 11:45:00-05:00,3.24,3.25,3.22,3.24,7058
2026-01-12 11:50:00-05:00,3.24,3.26,3.22,3.26,14286
2026-01-12 11:55:00-05:00,3.22,3.26,3.22,3.22,17098
2026-01-12 12:00:00-05:00,3.22,3.26,3.21,3.25,11015
2026-01-12 12:05:00-05:00,3.25,3.29,3.24,3.28,5274
2026-01-12 12:10:00-05:00,3.27,3.28,3.26,3.27,952
2026-01-12 12:20:00-05:00,3.26,3.26,3.26,3.26,338
2026-01-12 12:25:00-05:00,3.28,3.28,3.26,3.26,1962
2026-01-12 12:30:00-05:00,3.29,3.29,3.29,3.29,101
2026-01-12 12:35:00-05:00,3.26,3.29,3.25,3.28,1665
2026-01-12 12:40:00-05:00,3.28,3.29,3.25,3.26,4242
2026-01-12 12:45:00-05:00,3.27,3.27,3.25,3.26,3625
2026-01-12 12:50:00-05:00,3.27,3.27,3.26,3.27,4939
2026-01-12 12:55:00-05:00,3.27,3.29,3.25,3.27,3116
2026-01-12 13:00:00-05:00,3.28,3.29,3.28,3.29,2113
2026-01-12 13:05:00-05:00,3.28,3.29,3.28,3.29,545
2026-01-12 13:10:00-05:00,3.27,3.28,3.25,3.25,636
2026-01-12 13:15:00-05:00,3.27,3.28,3.27,3.28,900
2026-01-12 13:25:00-05:00,3.27,3.28,3.26,3.26,955
2026-01-12 13:30:00-05:00,3.28,3.28,3.28,3.28,9853
2026-01-12 13:35:00-05:00,3.29,3.29,3.25,3.25,2906
2026-01-12 13:40:00-05:00,3.26,3.28,3.25,3.28,10678
2026-01-12 13:45:00-05:00,3.28,3.28,3.26,3.28,10320
2026-01-12 13:50:00-05:00,3.28,3.29,3.26,3.29,11189
2026-01-12 13:55:00-05:00,3.28,3.29,3.26,3.29,11403
2026-01-12 14:00:00-05:00,3.28,3.29,3.26,3.29,7839
2026-01-12 14:05:00-05:00,3.26,3.26,3.25,3.26,5190
2026-01-12 14:15:00-05:00,3.25,3.26,3.25,3.26,414
2026-01-12 14:20:00-05:00,3.24,3.26,3.24,3.26,858
2026-01-12 14:25:00-05:00,3.26,3.26,3.22,3.23,4848
2026-01-12 14:30:00-05:00,3.22,3.23,3.22,3.23,937
2026-01-12 14:40:00-05:00,3.25,3.25,3.22,3.24,3230
2026-01-12 14:45:00-05:00,3.23,3.24,3.23,3.24,202
2026-01-12 14:55:00-05:00,3.22,3.24,3.2,3.24,20050
2026-01-12 15:00:00-05:00,3.21,3.24,3.21,3.21,10889
2026-01-12 15:05:00-05:00,3.23,3.25,3.21,3.23,19907
2026-01-12 15:10:00-05:00,3.25,3.25,3.23,3.24,9693
2026-01-12 15:15:00-05:00,3.24,3.25,3.22,3.24,9142
2026-01-12 15:20:00-05:00,3.22,3.25,3.22,3.23,10109
2026-01-12 15:25:00-05:00,3.22,3.23,3.2,3.21,12419
2026-01-12 15:30:00-05:00,3.22,3.22,3.2,3.22,9969
2026-01-12 15:35:00-05:00,3.21,3.22,3.2,3.22,12332
2026-01-12 15:40:00-05:00,3.21,3.22,3.2,3.21,9388
2026-01-12 15:45:00-05:00,3.21,3.23,3.2,3.22,7754
2026-01-12 15:50:00-05:00,3.2,3.23,3.2,3.23,18166
2026-01-12 15:55:00-05:00,3.23,3.24,3.21,3.24,15473
2026-01-13 09:30:00-05:00,3.2,3.23,3.19,3.19,16901
2026-01-13 09:35:00-05:00,3.22,3.27,3.2,3.25,25164
2026-01-13 09:40:00-05:00,3.26,3.28,3.25,3.25,8319
2026-01-13 09:45:00-05:00,3.27,3.31,3.27,3.28,13478
2026-01-13 09:50:00-05:00,3.28,3.28,3.25,3.25,11993
2026-01-13 09:55:00-05:00,3.26,3.26,3.25,3.25,1378
2026-01-13 10:00:00-05:00,3.24,3.25,3.24,3.25,1822
2026-01-13 10:05:00-05:00,3.24,3.24,3.23,3.24,2463
2026-01-13 10:10:00-05:00,3.23,3.24,3.23,3.23,2197
2026-01-13 10:15:00-05:00,3.24,3.25,3.23,3.25,690
2026-01-13 10:20:00-05:00,3.24,3.24,3.21,3.23,3760
2026-01-13 10:25:00-05:00,3.21,3.23,3.21,3.23,5979
2026-01-13 10:30:00-05:00,3.24,3.24,3.22,3.22,795
2026-01-13 10:35:00-05:00,3.24,3.25,3.23,3.25,4958
2026-01-13 10:40:00-05:00,3.25,3.28,3.23,3.27,7299
2026-01-13 10:45:00-05:00,3.26,3.27,3.22,3.26,16880
2026-01-13 10:50:00-05:00,3.25,3.27,3.24,3.24,8030
2026-01-13 10:55:00-05:00,3.26,3.27,3.23,3.23,8839
2026-01-13 11:00:00-05:00,3.25,3.26,3.23,3.26,8983
2026-01-13 11:05:00-05:00,3.23,3.26,3.23,3.26,8633
2026-01-13 11:10:00-05:00,3.25,3.27,3.23,3.26,8231
2026-01-13 11:15:00-05:00,3.26,3.28,3.24,3.26,13713
2026-01-13 11:20:00-05:00,3.28,3.28,3.25,3.28,10978
2026-01-13 11:25:00-05:00,3.27,3.28,3.25,3.27,9215
2026-01-13 11:30:00-05:00,3.26,3.28,3.26,3.27,6165
2026-01-13 11:35:00-05:00,3.26,3.28,3.26,3.26,9519
2026-01-13 11:40:00-05:00,3.27,3.29,3.26,3.28,10363
2026-01-13 11:45:00-05:00,3.26,3.29,3.26,3.26,7269
2026-01-13 11:50:00-05:00,3.28,3.29,3.25,3.29,7548
2026-01-13 11:55:00-05:00,3.28,3.28,3.25,3.25,7304
2026-01-13 12:00:00-05:00,3.26,3.26,3.26,3.26,403
2026-01-13 12:10:00-05:00,3.26,3.27,3.25,3.27,2643
2026-01-13 12:15:00-05:00,3.27,3.27,3.25,3.25,427
2026-01-13 12:20:00-05:00,3.26,3.28,3.25,3.27,8005
2026-01-13 12:25:00-05:00,3.26,3.27,3.25,3.27,10486
2026-01-13 12:30:00-05:00,3.27,3.28,3.25,3.26,8636
2026-01-13 12:35:00-05:00,3.27,3.27,3.25,3.25,979
2026-01-13 12:40:00-05:00,3.26,3.27,3.26,3.27,2892
2026-01-13 12:45:00-05:00,3.27,3.27,3.25,3.26,8133
2026-01-13 12:50:00-05:00,3.25,3.27,3.25,3.26,12099
2026-01-13 12:55:00-05:00,3.26,3.27,3.25,3.26,9638
2026-01-13 13:00:00-05:00,3.25,3.27,3.25,3.26,6934
2026-01-13 13:05:00-05:00,3.26,3.27,3.25,3.26,5198
2026-01-13 13:10:00-05:00,3.26,3.26,3.25,3.25,5756
2026-01-13 13:15:00-05:00,3.26,3.26,3.25,3.25,6459
2026-01-13 13:20:00-05:00,3.26,3.27,3.25,3.27,4770
2026-01-13 13:25:00-05:00,3.26,3.27,3.25,3.26,6006
2026-01-13 13:30:00-05:00,3.27,3.27,3.25,3.27,5324
2026-01-13 13:35:00-05:00,3.27,3.27,3.25,3.27,6038
2026-01-13 13:40:00-05:00,3.27,3.27,3.25,3.27,6965
2026-01-13 13:45:00-05:00,3.26,3.27,3.25,3.27,8521
2026-01-13 13:50:00-05:00,3.26,3.27,3.25,3.27,5870
2026-01-13 13:55:00-05:00,3.26,3.27,3.25,3.27,2907
2026-01-13 14:00:00-05:00,3.25,3.27,3.25,3.26,7388
2026-01-13 14:05:00-05:00,3.26,3.27,3.25,3.25,19562
2026-01-13 14:10:00-05:00,3.26,3.27,3.25,3.26,7401
2026-01-13 14:15:00-05:00,3.26,3.26,3.25,3.25,6567
2026-01-13 14:20:00-05:00,3.26,3.26,3.23,3.26,5447
2026-01-13 14:25:00-05:00,3.23,3.26,3.22,3.24,5398
2026-01-13 14:30:00-05:00,3.24,3.26,3.22,3.24,5427
2026-01-13 14:35:00-05:00,3.23,3.25,3.23,3.24,6134
2026-01-13 14:40:00-05:00,3.23,3.25,3.23,3.25,4423
2026-01-13 14:45:00-05:00,3.24,3.25,3.22,3.23,14740
2026-01-13 14:50:00-05:00,3.24,3.25,3.21,3.25,5652
2026-01-13 14:55:00-05:00,3.21,3.25,3.21,3.23,3300
2026-01-13 15:00:00-05:00,3.25,3.25,3.22,3.25,6232
2026-01-13 15:05:00-05:00,3.24,3.26,3.23,3.23,7662
2026-01-13 15:10:00-05:00,3.25,3.26,3.23,3.25,5334
2026-01-13 15:15:00-05:00,3.25,3.26,3.23,3.23,7829
2026-01-13 15:20:00-05:00,3.24,3.25,3.2,3.23,16753
2026-01-13 15:25:00-05:00,3.22,3.23,3.2,3.21,4193
2026-01-13 15:30:00-05:00,3.2,3.21,3.2,3.21,4786
2026-01-13 15:35:00-05:00,3.2,3.21,3.2,3.2,6530
2026-01-13 15:40:00-05:00,3.21,3.21,3.2,3.2,9886
2026-01-13 15:45:00-05:00,3.21,3.21,3.2,3.21,10354
2026-01-13 15:50:00-05:00,3.21,3.23,3.2,3.22,10157
2026-01-14 09:30:00-05:00,3.23,3.23,3.19,3.19,10246
2026-01-14 09:35:00-05:00,3.18,3.2,3.17,3.18,8321
2026-01-14 09:40:00-05:00,3.21,3.22,3.19,3.19,9820
2026-01-14 09:45:00-05:00,3.19,3.2,3.18,3.2,4094
2026-01-14 09:50:00-05:00,3.18,3.2,3.17,3.2,9465
2026-01-14 09:55:00-05:00,3.19,3.19,3.17,3.18,4387
2026-01-14 10:00:00-05:00,3.17,3.18,3.16,3.17,11354
2026-01-14 10:05:00-05:00,3.18,3.2,3.17,3.2,29915
2026-01-14 10:10:00-05:00,3.19,3.19,3.19,3.19,2002
2026-01-14 10:15:00-05:00,3.17,3.17,3.16,3.16,2966
2026-01-14 10:20:00-05:00,3.19,3.2,3.19,3.19,1240
2026-01-14 10:25:00-05:00,3.19,3.19,3.17,3.17,1833
2026-01-14 10:30:00-05:00,3.18,3.18,3.18,3.18,139
2026-01-14 10:35:00-05:00,3.17,3.17,3.16,3.16,1781
2026-01-14 10:40:00-05:00,3.16,3.16,3.15,3.16,6245
2026-01-14 10:45:00-05:00,3.17,3.17,3.17,3.17,809
2026-01-14 10:50:00-05:00,3.16,3.16,3.16,3.16,7242
2026-01-14 10:55:00-05:00,3.17,3.17,3.16,3.17,1885
2026-01-14 11:00:00-05:00,3.17,3.17,3.17,3.17,2007
2026-01-14 11:05:00-05:00,3.17,3.19,3.16,3.19,5017
2026-01-14 11:10:00-05:00,3.18,3.19,3.17,3.17,8096
2026-01-14 11:15:00-05:00,3.18,3.19,3.17,3.17,6522
2026-01-14 11:20:00-05:00,3.17,3.19,3.17,3.17,9563
2026-01-14 11:25:00-05:00,3.19,3.19,3.17,3.17,16241
2026-01-14 11:30:00-05:00,3.19,3.19,3.15,3.15,34304
2026-01-14 11:35:00-05:00,3.18,3.18,3.15,3.18,13253
2026-01-14 11:40:00-05:00,3.15,3.18,3.15,3.16,9724
2026-01-14 11:45:00-05:00,3.17,3.18,3.14,3.15,12335
2026-01-14 11:50:00-05:00,3.14,3.16,3.13,3.14,11611
2026-01-14 11:55:00-05:00,3.14,3.15,3.12,3.13,6324
2026-01-14 12:00:00-05:00,3.13,3.15,3.11,3.14,11673
2026-01-14 12:05:00-05:00,3.15,3.16,3.12,3.14,10848
2026-01-14 12:10:00-05:00,3.14,3.16,3.12,3.12,8379
2026-01-14 12:15:00-05:00,3.14,3.15,3.11,3.11,5088
2026-01-14 12:20:00-05:00,3.14,3.16,3.11,3.16,6573
2026-01-14 12:25:00-05:00,3.15,3.16,3.12,3.14,5706
2026-01-14 12:30:00-05:00,3.14,3.15,3.12,3.12,7943
2026-01-14 12:35:00-05:00,3.13,3.15,3.12,3.15,5317
2026-01-14 12:40:00-05:00,3.14,3.15,3.12,3.14,2000
2026-01-14 12:45:00-05:00,3.14,3.15,3.13,3.15,7178
2026-01-14 12:50:00-05:00,3.15,3.16,3.13,3.15,5902
2026-01-14 12:55:00-05:00,3.15,3.17,3.14,3.16,5094
2026-01-14 13:00:00-05:00,3.15,3.17,3.14,3.16,3796
2026-01-14 13:05:00-05:00,3.14,3.17,3.14,3.16,4274
2026-01-14 13:10:00-05:00,3.14,3.17,3.14,3.17,7647
2026-01-14 13:15:00-05:00,3.16,3.17,3.14,3.14,10318
2026-01-14 13:20:00-05:00,3.15,3.17,3.14,3.16,5252
2026-01-14 13:25:00-05:00,3.16,3.17,3.14,3.14,5118
2026-01-14 13:30:00-05:00,3.14,3.17,3.14,3.15,6258
2026-01-14 13:35:00-05:00,3.14,3.15,3.13,3.15,6800
2026-01-14 13:40:00-05:00,3.15,3.16,3.13,3.15,11255
2026-01-14 13:45:00-05:00,3.13,3.16,3.11,3.13,9011
2026-01-14 13:50:00-05:00,3.14,3.15,3.11,3.13,8276
2026-01-14 13:55:00-05:00,3.11,3.14,3.1,3.13,8571
2026-01-14 14:00:00-05:00,3.13,3.14,3.11,3.13,13718
2026-01-14 14:05:00-05:00,3.11,3.12,3.06,3.06,39206
2026-01-14 14:10:00-05:00,3.07,3.11,3.05,3.1,16681
2026-01-14 14:15:00-05:00,3.11,3.11,3.09,3.1,6644
2026-01-14 14:20:00-05:00,3.1,3.12,3.08,3.08,15294
2026-01-14 14:25:00-05:00,3.1,3.12,3.08,3.11,7369
2026-01-14 14:30:00-05:00,3.11,3.12,3.09,3.12,9158
2026-01-14 14:35:00-05:00,3.11,3.12,3.09,3.11,3196
2026-01-14 14:40:00-05:00,3.11,3.12,3.1,3.11,1935
2026-01-14 14:45:00-05:00,3.1,3.13,3.1,3.12,4409
2026-01-14 14:50:00-05:00,3.1,3.12,3.09,3.09,8635
2026-01-14 14:55:00-05:00,3.09,3.1,3.07,3.09,18650
2026-01-14 15:00:00-05:00,3.1,3.1,3.07,3.09,3655
2026-01-14 15:05:00-05:00,3.09,3.12,3.08,3.11,17496
2026-01-14 15:10:00-05:00,3.13,3.19,3.1,3.16,44965
2026-01-14 15:15:00-05:00,3.13,3.19,3.12,3.16,3015
2026-01-14 15:20:00-05:00,3.18,3.18,3.11,3.11,2364
2026-01-14 15:25:00-05:00,3.14,3.15,3.11,3.11,1436
2026-01-14 15:30:00-05:00,3.14,3.15,3.11,3.11,6098
2026-01-14 15:35:00-05:00,3.15,3.15,3.11,3.14,2275
2026-01-14 15:40:00-05:00,3.15,3.15,3.12,3.12,1908
2026-01-14 15:45:00-05:00,3.11,3.11,3.1,3.11,9324
2026-01-14 15:50:00-05:00,3.1,3.1,3.09,3.1,6153
2026-01-14 15:55:00-05:00,3.13,3.15,3.13,3.14,5520
2026-01-15 09:30:00-05:00,3.18,3.18,3.16,3.16,29966
2026-01-15 09:35:00-05:00,3.16,3.16,3.14,3.15,12874
2026-01-15 09:40:00-05:00,3.14,3.14,3.12,3.12,9426
2026-01-15 09:45:00-05:00,3.15,3.15,3.12,3.12,897
2026-01-15 09:50:00-05:00,3.14,3.15,3.13,3.14,2415
2026-01-15 09:55:00-05:00,3.14,3.17,3.13,3.17,16841
2026-01-15 10:00:00-05:00,3.17,3.19,3.16,3.17,12796
2026-01-15 10:05:00-05:00,3.18,3.18,3.17,3.17,2992
2026-01-15 10:10:00-05:00,3.19,3.2,3.18,3.2,8272
2026-01-15 10:15:00-05:00,3.22,3.24,3.21,3.23,12815
2026-01-15 10:20:00-05:00,3.21,3.24,3.21,3.24,8198
2026-01-15 10:25:00-05:00,3.2,3.23,3.2,3.22,6397
2026-01-15 10:30:00-05:00,3.21,3.23,3.2,3.23,4149
2026-01-15 10:35:00-05:00,3.21,3.24,3.2,3.2,6608
2026-01-15 10:40:00-05:00,3.2,3.22,3.17,3.2,5549
2026-01-15 10:45:00-05:00,3.19,3.2,3.16,3.18,2929
2026-01-15 10:50:00-05:00,3.18,3.2,3.15,3.18,5676
2026-01-15 10:55:00-05:00,3.18,3.2,3.17,3.19,3516
2026-01-15 11:00:00-05:00,3.18,3.22,3.17,3.22,1833
2026-01-15 11:05:00-05:00,3.2,3.2,3.16,3.16,692
2026-01-15 11:10:00-05:00,3.17,3.18,3.16,3.16,1071
2026-01-15 11:15:00-05:00,3.17,3.18,3.14,3.17,12779
2026-01-15 11:20:00-05:00,3.17,3.17,3.14,3.17,3749
2026-01-15 11:25:00-05:00,3.17,3.18,3.13,3.16,3512
2026-01-15 11:30:00-05:00,3.17,3.17,3.14,3.14,12454
2026-01-15 11:35:00-05:00,3.17,3.18,3.17,3.18,746
2026-01-15 11:40:00-05:00,3.18,3.18,3.16,3.16,860
2026-01-15 11:45:00-05:00,3.17,3.17,3.17,3.17,3002
2026-01-15 11:50:00-05:00,3.17,3.18,3.16,3.16,1388
2026-01-15 11:55:00-05:00,3.17,3.18,3.16,3.18,4723
2026-01-15 12:00:00-05:00,3.16,3.18,3.15,3.15,2401
2026-01-15 12:05:00-05:00,3.17,3.17,3.14,3.17,867
2026-01-15 12:10:00-05:00,3.16,3.17,3.14,3.14,2203
2026-01-15 12:15:00-05:00,3.14,3.16,3.14,3.16,3393
2026-01-15 12:20:00-05:00,3.15,3.17,3.14,3.16,5790
2026-01-15 12:25:00-05:00,3.17,3.17,3.16,3.16,860
2026-01-15 12:30:00-05:00,3.15,3.17,3.14,3.16,4828
2026-01-15 12:35:00-05:00,3.17,3.17,3.14,3.17,8050
2026-01-15 12:40:00-05:00,3.17,3.17,3.14,3.14,5623
2026-01-15 12:45:00-05:00,3.16,3.17,3.14,3.14,1401
2026-01-15 12:50:00-05:00,3.15,3.16,3.14,3.14,6774
2026-01-15 12:55:00-05:00,3.13,3.15,3.13,3.14,6526
2026-01-15 13:00:00-05:00,3.14,3.15,3.14,3.15,1325
2026-01-15 13:05:00-05:00,3.16,3.16,3.13,3.13,1521
2026-01-15 13:10:00-05:00,3.16,3.17,3.15,3.16,3305
2026-01-15 13:15:00-05:00,3.16,3.16,3.14,3.14,5767
2026-01-15 13:20:00-05:00,3.14,3.16,3.12,3.12,18277
2026-01-15 13:25:00-05:00,3.13,3.15,3.1,3.1,7636
2026-01-15 13:30:00-05:00,3.13,3.15,3.1,3.14,8342
2026-01-15 13:35:00-05:00,3.14,3.16,3.1,3.1,8292
2026-01-15 13:40:00-05:00,3.12,3.13,3.1,3.12,7397
2026-01-15 13:45:00-05:00,3.1,3.12,3.1,3.11,6068
2026-01-15 13:50:00-05:00,3.12,3.12,3.09,3.1,20197
2026-01-15 13:55:00-05:00,3.12,3.12,3.1,3.12,5386
2026-01-15 14:00:00-05:00,3.11,3.13,3.1,3.12,9080
2026-01-15 14:05:00-05:00,3.12,3.16,3.11,3.16,7920
2026-01-15 14:10:00-05:00,3.15,3.16,3.12,3.14,22598
2026-01-15 14:15:00-05:00,3.12,3.16,3.12,3.12,7124
2026-01-15 14:20:00-05:00,3.14,3.14,3.11,3.13,7403
2026-01-15 14:25:00-05:00,3.13,3.14,3.11,3.11,7266
2026-01-15 14:30:00-05:00,3.12,3.14,3.11,3.14,11852
2026-01-15 14:35:00-05:00,3.13,3.14,3.11,3.13,2336
2026-01-15 14:40:00-05:00,3.12,3.12,3.12,3.12,1614
2026-01-15 14:45:00-05:00,3.11,3.13,3.11,3.13,9130
2026-01-15 14:50:00-05:00,3.12,3.14,3.11,3.13,8560
2026-01-15 14:55:00-05:00,3.14,3.14,3.11,3.13,18996
2026-01-15 15:00:00-05:00,3.12,3.14,3.11,3.12,10453
2026-01-15 15:05:00-05:00,3.13,3.15,3.12,3.12,6482
2026-01-15 15:10:00-05:00,3.13,3.15,3.11,3.15,7917
2026-01-15 15:15:00-05:00,3.14,3.15,3.11,3.14,6728
2026-01-15 15:20:00-05:00,3.11,3.14,3.11,3.13,7667
2026-01-15 15:25:00-05:00,3.14,3.14,3.12,3.13,8893
2026-01-15 15:30:00-05:00,3.13,3.13,3.1,3.1,29342
2026-01-15 15:35:00-05:00,3.13,3.13,3.1,3.12,10874
2026-01-15 15:40:00-05:00,3.13,3.13,3.1,3.12,14822
2026-01-15 15:45:00-05:00,3.1,3.14,3.1,3.14,14452
2026-01-15 15:50:00-05:00,3.13,3.17,3.13,3.17,21316
2026-01-15 15:55:00-05:00,3.16,3.19,3.14,3.19,31324
2026-01-16 09:30:00-05:00,3.18,3.18,3.15,3.18,48756
2026-01-16 09:35:00-05:00,3.19,3.2,3.16,3.16,7161
2026-01-16 09:40:00-05:00,3.18,3.18,3.14,3.15,6183
2026-01-16 09:45:00-05:00,3.14,3.17,3.06,3.16,45962
2026-01-16 09:50:00-05:00,3.14,3.17,3.12,3.14,23537
2026-01-16 09:55:00-05:00,3.14,3.16,3.14,3.16,1510
2026-01-16 10:00:00-05:00,3.16,3.17,3.15,3.15,3145
2026-01-16 10:05:00-05:00,3.16,3.19,3.16,3.19,13653
2026-01-16 10:10:00-05:00,3.18,3.18,3.15,3.15,2926
2026-01-16 10:15:00-05:00,3.15,3.15,3.15,3.15,1999
2026-01-16 10:20:00-05:00,3.15,3.16,3.15,3.16,1713
2026-01-16 10:25:00-05:00,3.16,3.17,3.16,3.17,1424
2026-01-16 10:30:00-05:00,3.17,3.17,3.15,3.16,1691
2026-01-16 10:35:00-05:00,3.14,3.16,3.13,3.13,2225
2026-01-16 10:40:00-05:00,3.13,3.16,3.13,3.16,7684
2026-01-16 10:45:00-05:00,3.16,3.16,3.14,3.14,8198
2026-01-16 10:50:00-05:00,3.14,3.14,3.14,3.14,1196
2026-01-16 10:55:00-05:00,3.15,3.16,3.15,3.16,2656
2026-01-16 11:00:00-05:00,3.17,3.18,3.16,3.18,602
2026-01-16 11:05:00-05:00,3.17,3.18,3.15,3.15,12629
2026-01-16 11:10:00-05:00,3.16,3.18,3.15,3.17,9426
2026-01-16 11:15:00-05:00,3.17,3.18,3.15,3.17,14872
2026-01-16 11:20:00-05:00,3.17,3.18,3.15,3.17,8645
2026-01-16 11:25:00-05:00,3.17,3.19,3.15,3.18,12647
2026-01-16 11:30:00-05:00,3.16,3.19,3.16,3.16,3996
2026-01-16 11:35:00-05:00,3.17,3.18,3.16,3.17,7694
2026-01-16 11:40:00-05:00,3.16,3.17,3.16,3.17,9464
2026-01-16 11:45:00-05:00,3.17,3.17,3.14,3.15,12123
2026-01-16 11:50:00-05:00,3.15,3.16,3.13,3.13,11852
2026-01-16 11:55:00-05:00,3.14,3.15,3.11,3.11,23708
2026-01-16 12:00:00-05:00,3.14,3.15,3.12,3.14,2156
2026-01-16 12:05:00-05:00,3.15,3.15,3.12,3.13,3914
2026-01-16 12:10:00-05:00,3.12,3.13,3.11,3.13,6246
2026-01-16 12:15:00-05:00,3.13,3.13,3.11,3.12,5868
2026-01-16 12:20:00-05:00,3.12,3.12,3.12,3.12,514
2026-01-16 12:25:00-05:00,3.11,3.12,3.11,3.12,2149
2026-01-16 12:30:00-05:00,3.12,3.13,3.11,3.12,14723
2026-01-16 12:35:00-05:00,3.13,3.13,3.11,3.13,14556
2026-01-16 12:40:00-05:00,3.11,3.15,3.11,3.14,11391
2026-01-16 12:45:00-05:00,3.14,3.15,3.12,3.15,5307
2026-01-16 12:50:00-05:00,3.14,3.16,3.13,3.16,14966
2026-01-16 12:55:00-05:00,3.16,3.17,3.15,3.15,7961
2026-01-16 13:00:00-05:00,3.15,3.16,3.15,3.16,1027
2026-01-16 13:05:00-05:00,3.17,3.18,3.14,3.18,14264
2026-01-16 13:10:00-05:00,3.17,3.18,3.15,3.17,10688
2026-01-16 13:15:00-05:00,3.16,3.18,3.15,3.18,17053
2026-01-16 13:20:00-05:00,3.17,3.18,3.15,3.17,11255
2026-01-16 13:25:00-05:00,3.15,3.17,3.15,3.16,16493
2026-01-16 13:30:00-05:00,3.17,3.18,3.15,3.17,19832
2026-01-16 13:35:00-05:00,3.18,3.18,3.15,3.17,12326
2026-01-16 13:40:00-05:00,3.16,3.18,3.15,3.17,10126
2026-01-16 13:45:00-05:00,3.16,3.18,3.15,3.16,12595
2026-01-16 13:50:00-05:00,3.17,3.18,3.15,3.17,8337
2026-01-16 13:55:00-05:00,3.17,3.17,3.12,3.15,18318
2026-01-16 14:00:00-05:00,3.13,3.15,3.13,3.14,3583
2026-01-16 14:05:00-05:00,3.13,3.15,3.13,3.14,3833
2026-01-16 14:10:00-05:00,3.14,3.15,3.12,3.13,9794
2026-01-16 14:15:00-05:00,3.13,3.14,3.12,3.14,3592
2026-01-16 14:20:00-05:00,3.14,3.14,3.12,3.13,11420
2026-01-16 14:25:00-05:00,3.12,3.14,3.12,3.13,8668
2026-01-16 14:30:00-05:00,3.13,3.13,3.13,3.13,1162
2026-01-16 14:35:00-05:00,3.13,3.14,3.11,3.11,6175
2026-01-16 14:40:00-05:00,3.12,3.12,3.11,3.12,1423
2026-01-16 14:45:00-05:00,3.11,3.11,3.1,3.1,11158
2026-01-16 14:50:00-05:00,3.11,3.11,3.1,3.1,1529
2026-01-16 14:55:00-05:00,3.11,3.12,3.11,3.12,1352
2026-01-16 15:00:00-05:00,3.12,3.12,3.11,3.11,2323
2026-01-16 15:05:00-05:00,3.12,3.13,3.11,3.13,3651
2026-01-16 15:10:00-05:00,3.13,3.13,3.09,3.12,15542
2026-01-16 15:15:00-05:00,3.09,3.12,3.09,3.11,4835
2026-01-16 15:20:00-05:00,3.09,3.12,3.08,3.11,11173
2026-01-16 15:25:00-05:00,3.1,3.1,3.06,3.09,17446
2026-01-16 15:30:00-05:00,3.08,3.09,3.06,3.07,13893
2026-01-16 15:35:00-05:00,3.08,3.1,3.06,3.07,21307
2026-01-16 15:40:00-05:00,3.06,3.11,3.06,3.1,36752
2026-01-16 15:45:00-05:00,3.1,3.12,3.08,3.11,25100
2026-01-16 15:50:00-05:00,3.1,3.12,3.1,3.11,20499
2026-01-16 15:55:00-05:00,3.1,3.11,3.05,3.06,38259
2026-01-20 09:30:00-05:00,3.09,3.09,3.05,3.06,17369
2026-01-20 09:35:00-05:00,3.05,3.11,3.05,3.11,16385
2026-01-20 09:40:00-05:00,3.09,3.12,3.08,3.1,5834
2026-01-20 09:45:00-05:00,3.08,3.08,3.06,3.08,4543
2026-01-20 09:50:00-05:00,3.07,3.07,3.06,3.07,3005
2026-01-20 09:55:00-05:00,3.07,3.08,3.06,3.08,3254
2026-01-20 10:00:00-05:00,3.08,3.1,3.08,3.1,895
2026-01-20 10:05:00-05:00,3.1,3.1,3.09,3.09,5837
2026-01-20 10:10:00-05:00,3.08,3.09,3.08,3.08,23139
2026-01-20 10:15:00-05:00,3.08,3.09,3.06,3.09,8868
2026-01-20 10:20:00-05:00,3.1,3.12,3.09,3.11,15738
2026-01-20 10:25:00-05:00,3.11,3.13,3.11,3.13,4980
2026-01-20 10:30:00-05:00,3.13,3.14,3.11,3.14,4140
2026-01-20 10:35:00-05:00,3.12,3.13,3.11,3.13,3206
2026-01-20 10:40:00-05:00,3.11,3.11,3.09,3.09,15013
2026-01-20 10:45:00-05:00,3.1,3.11,3.1,3.11,4130
2026-01-20 10:50:00-05:00,3.1,3.13,3.1,3.11,2512
2026-01-20 10:55:00-05:00,3.09,3.1,3.09,3.1,2800
2026-01-20 11:00:00-05:00,3.1,3.1,3.08,3.08,10490
2026-01-20 11:05:00-05:00,3.06,3.06,3.06,3.06,656
2026-01-20 11:10:00-05:00,3.09,3.09,3.07,3.07,5858
2026-01-20 11:15:00-05:00,3.07,3.07,3.06,3.07,12228
2026-01-20 11:20:00-05:00,3.08,3.08,3.07,3.07,267
2026-01-20 11:25:00-05:00,3.06,3.06,3.06,3.06,373
2026-01-20 11:30:00-05:00,3.07,3.09,3.06,3.09,4110
2026-01-20 11:35:00-05:00,3.09,3.09,3.06,3.07,2503
2026-01-20 11:40:00-05:00,3.07,3.08,3.06,3.06,15600
2026-01-20 11:45:00-05:00,3.06,3.07,3.06,3.07,7038
2026-01-20 11:50:00-05:00,3.06,3.09,3.06,3.08,14647
2026-01-20 11:55:00-05:00,3.09,3.11,3.07,3.11,8572
2026-01-20 12:00:00-05:00,3.11,3.11,3.08,3.08,13204
2026-01-20 12:05:00-05:00,3.09,3.1,3.07,3.08,14267
2026-01-20 12:10:00-05:00,3.09,3.09,3.06,3.09,11340
2026-01-20 12:15:00-05:00,3.08,3.1,3.08,3.09,17870
2026-01-20 12:20:00-05:00,3.09,3.1,3.05,3.07,17404
2026-01-20 12:25:00-05:00,3.07,3.07,3.05,3.06,15436
2026-01-20 12:30:00-05:00,3.06,3.07,3.05,3.05,7457
2026-01-20 12:35:00-05:00,3.05,3.06,3.03,3.05,34006
2026-01-20 12:40:00-05:00,3.05,3.06,3.03,3.05,15293
2026-01-20 12:45:00-05:00,3.05,3.06,3.02,3.02,23879
2026-01-20 12:50:00-05:00,3.04,3.04,3.01,3.02,13964
2026-01-20 12:55:00-05:00,3.03,3.04,3.01,3.03,11065
2026-01-20 13:00:00-05:00,3.02,3.04,3.02,3.02,15320
2026-01-20 13:05:00-05:00,3.03,3.04,3.02,3.03,4450
2026-01-20 13:15:00-05:00,3.04,3.05,3.03,3.03,9442
2026-01-20 13:20:00-05:00,3.04,3.05,3.01,3.03,52476
2026-01-20 13:25:00-05:00,3.02,3.03,3.01,3.02,14313
2026-01-20 13:30:00-05:00,3.02,3.02,3.01,3.02,10952
2026-01-20 13:35:00-05:00,3.01,3.02,3.01,3.02,10877
2026-01-20 13:40:00-05:00,3.01,3.02,3.01,3.02,14509
2026-01-20 13:45:00-05:00,3.01,3.02,3.01,3.02,1658
2026-01-20 13:50:00-05:00,3.02,3.02,3.01,3.01,1364
2026-01-20 13:55:00-05:00,3.01,3.02,3.01,3.01,1261
2026-01-20 14:00:00-05:00,3.01,3.03,3.01,3.03,3252
2026-01-20 14:05:00-05:00,3.03,3.03,3.03,3.03,12000
2026-01-20 14:10:00-05:00,3.02,3.02,3.01,3.02,727
2026-01-20 14:15:00-05:00,3.02,3.02,3.02,3.02,415
2026-01-20 14:20:00-05:00,3.02,3.02,3.01,3.02,4355
2026-01-20 14:25:00-05:00,3.02,3.02,3.02,3.02,173
2026-01-20 14:30:00-05:00,3.03,3.03,3.01,3.01,2606
2026-01-20 14:35:00-05:00,3.01,3.03,3.01,3.03,2864
2026-01-20 14:40:00-05:00,3.02,3.06,3.02,3.06,8326
2026-01-20 14:45:00-05:00,3.03,3.07,3.03,3.05,3572
2026-01-20 14:50:00-05:00,3.05,3.07,3.05,3.07,4310
2026-01-20 14:55:00-05:00,3.08,3.09,3.08,3.09,1920
2026-01-20 15:00:00-05:00,3.08,3.11,3.07,3.09,15544
2026-01-20 15:05:00-05:00,3.09,3.11,3.08,3.1,3681
2026-01-20 15:10:00-05:00,3.1,3.11,3.07,3.09,9995
2026-01-20 15:15:00-05:00,3.1,3.11,3.07,3.1,14586
2026-01-20 15:20:00-05:00,3.09,3.1,3.07,3.08,11433
2026-01-20 15:25:00-05:00,3.08,3.1,3.07,3.09,11002
2026-01-20 15:30:00-05:00,3.08,3.11,3.08,3.1,9434
2026-01-20 15:35:00-05:00,3.1,3.1,3.09,3.1,11432
2026-01-20 15:40:00-05:00,3.1,3.11,3.09,3.11,10016
2026-01-20 15:45:00-05:00,3.11,3.11,3.08,3.1,17211
2026-01-20 15:50:00-05:00,3.08,3.1,3.08,3.1,10676
2026-01-20 15:55:00-05:00,3.1,3.11,3.09,3.1,12217
2026-01-21 09:30:00-05:00,3.25,3.25,3.2,3.24,16151
2026-01-21 09:35:00-05:00,3.23,3.24,3.18,3.21,19442
2026-01-21 09:40:00-05:00,3.2,3.21,3.15,3.16,9534
2026-01-21 09:45:00-05:00,3.14,3.18,3.14,3.18,19413
2026-01-21 09:50:00-05:00,3.19,3.22,3.19,3.22,3831
2026-01-21 09:55:00-05:00,3.22,3.24,3.21,3.23,9497
2026-01-21 10:00:00-05:00,3.23,3.25,3.21,3.25,15739
2026-01-21 10:05:00-05:00,3.24,3.25,3.22,3.22,7989
2026-01-21 10:10:00-05:00,3.22,3.23,3.22,3.23,8186
2026-01-21 10:15:00-05:00,3.23,3.27,3.23,3.24,44949
2026-01-21 10:20:00-05:00,3.24,3.25,3.23,3.24,3069
2026-01-21 10:25:00-05:00,3.24,3.24,3.22,3.22,8907
2026-01-21 10:30:00-05:00,3.23,3.23,3.22,3.23,2420
2026-01-21 10:35:00-05:00,3.25,3.25,3.23,3.24,1802
2026-01-21 10:40:00-05:00,3.23,3.25,3.23,3.23,8461
2026-01-21 10:45:00-05:00,3.22,3.23,3.22,3.22,3298
2026-01-21 10:50:00-05:00,3.21,3.23,3.21,3.23,9005
2026-01-21 10:55:00-05:00,3.23,3.26,3.22,3.26,4423
2026-01-21 11:00:00-05:00,3.25,3.26,3.24,3.25,3232
2026-01-21 11:05:00-05:00,3.25,3.25,3.22,3.24,14223
2026-01-21 11:10:00-05:00,3.22,3.25,3.22,3.24,16382
2026-01-21 11:15:00-05:00,3.25,3.25,3.23,3.23,10644
2026-01-21 11:20:00-05:00,3.25,3.25,3.21,3.25,40730
2026-01-21 11:25:00-05:00,3.24,3.25,3.23,3.25,1374
2026-01-21 11:30:00-05:00,3.24,3.24,3.2,3.2,3738
2026-01-21 11:35:00-05:00,3.22,3.22,3.18,3.22,15730
2026-01-21 11:40:00-05:00,3.21,3.22,3.19,3.22,12700
2026-01-21 11:45:00-05:00,3.21,3.22,3.16,3.18,14987
2026-01-21 11:50:00-05:00,3.19,3.21,3.18,3.18,14080
2026-01-21 11:55:00-05:00,3.2,3.21,3.18,3.21,12139
2026-01-21 12:00:00-05:00,3.21,3.23,3.19,3.21,16211
2026-01-21 12:05:00-05:00,3.22,3.22,3.18,3.2,11706
2026-01-21 12:10:00-05:00,3.18,3.21,3.17,3.2,19522
2026-01-21 12:15:00-05:00,3.19,3.2,3.16,3.19,18498
2026-01-21 12:20:00-05:00,3.2,3.2,3.17,3.2,8809
2026-01-21 12:25:00-05:00,3.19,3.23,3.19,3.2,12055
2026-01-21 12:30:00-05:00,3.22,3.23,3.2,3.21,8932
2026-01-21 12:35:00-05:00,3.22,3.23,3.2,3.2,10500
2026-01-21 12:40:00-05:00,3.21,3.22,3.18,3.2,19856
2026-01-21 12:45:00-05:00,3.2,3.2,3.18,3.18,2912
2026-01-21 12:50:00-05:00,3.19,3.25,3.18,3.24,20360
2026-01-21 12:55:00-05:00,3.23,3.26,3.23,3.24,18716
2026-01-21 13:00:00-05:00,3.25,3.25,3.22,3.23,27783
2026-01-21 13:05:00-05:00,3.21,3.25,3.21,3.22,10128
2026-01-21 13:10:00-05:00,3.23,3.25,3.2,3.23,10241
2026-01-21 13:15:00-05:00,3.22,3.25,3.2,3.23,8140
2026-01-21 13:20:00-05:00,3.24,3.24,3.2,3.21,5920
2026-01-21 13:25:00-05:00,3.2,3.23,3.2,3.23,12037
2026-01-21 13:30:00-05:00,3.23,3.24,3.22,3.23,11412
2026-01-21 13:35:00-05:00,3.24,3.24,3.2,3.21,9155
2026-01-21 13:40:00-05:00,3.21,3.22,3.2,3.21,10947
2026-01-21 13:45:00-05:00,3.22,3.22,3.2,3.22,9349
2026-01-21 13:50:00-05:00,3.21,3.23,3.2,3.2,10409
2026-01-21 13:55:00-05:00,3.2,3.24,3.2,3.23,8420
2026-01-21 14:00:00-05:00,3.23,3.24,3.2,3.22,14827
2026-01-21 14:05:00-05:00,3.22,3.23,3.2,3.22,7492
2026-01-21 14:10:00-05:00,3.22,3.24,3.21,3.23,12656
2026-01-21 14:15:00-05:00,3.24,3.25,3.24,3.24,1696
2026-01-21 14:20:00-05:00,3.24,3.25,3.24,3.25,1377
2026-01-21 14:25:00-05:00,3.24,3.29,3.23,3.29,44033
2026-01-21 14:30:00-05:00,3.26,3.29,3.25,3.27,8213
2026-01-21 14:35:00-05:00,3.26,3.28,3.25,3.27,10256
2026-01-21 14:40:00-05:00,3.25,3.28,3.25,3.27,5917
2026-01-21 14:45:00-05:00,3.26,3.28,3.26,3.28,1197
2026-01-21 14:50:00-05:00,3.29,3.29,3.26,3.26,3196
2026-01-21 14:55:00-05:00,3.27,3.29,3.25,3.26,4547
2026-01-21 15:00:00-05:00,3.27,3.28,3.25,3.28,5432
2026-01-21 15:05:00-05:00,3.28,3.28,3.25,3.25,7658
2026-01-21 15:10:00-05:00,3.27,3.28,3.25,3.27,6516
2026-01-21 15:15:00-05:00,3.27,3.28,3.23,3.26,6462
2026-01-21 15:20:00-05:00,3.23,3.26,3.23,3.25,1508
2026-01-21 15:25:00-05:00,3.23,3.26,3.23,3.25,2230
2026-01-21 15:30:00-05:00,3.24,3.25,3.22,3.23,3331
2026-01-21 15:35:00-05:00,3.23,3.23,3.21,3.22,4303
2026-01-21 15:40:00-05:00,3.22,3.23,3.21,3.21,6728
2026-01-21 15:45:00-05:00,3.22,3.25,3.2,3.25,8086
2026-01-21 15:50:00-05:00,3.23,3.25,3.21,3.22,4079
2026-01-21 15:55:00-05:00,3.22,3.27,3.22,3.27,14922
2026-01-22 09:30:00-05:00,3.43,3.44,3.37,3.44,27242
2026-01-22 09:35:00-05:00,3.44,3.46,3.4,3.4,23959
2026-01-22 09:40:00-05:00,3.39,3.42,3.37,3.38,14000
2026-01-22 09:45:00-05:00,3.4,3.4,3.39,3.4,32977
2026-01-22 09:50:00-05:00,3.39,3.41,3.38,3.39,20668
2026-01-22 09:55:00-05:00,3.39,3.41,3.37,3.41,30225
2026-01-22 10:00:00-05:00,3.41,3.47,3.4,3.47,18654
2026-01-22 10:05:00-05:00,3.47,3.48,3.42,3.48,14570
2026-01-22 10:10:00-05:00,3.49,3.6,3.49,3.59,34612
2026-01-22 10:15:00-05:00,3.6,3.6,3.55,3.57,24534
2026-01-22 10:20:00-05:00,3.54,3.63,3.52,3.6,26496
2026-01-22 10:25:00-05:00,3.62,3.66,3.61,3.62,29195
2026-01-22 10:30:00-05:00,3.62,3.67,3.59,3.65,11318
2026-01-22 10:35:00-05:00,3.66,3.69,3.65,3.68,29345
2026-01-22 10:40:00-05:00,3.68,3.69,3.6,3.6,40541
2026-01-22 10:45:00-05:00,3.62,3.63,3.59,3.59,6807
2026-01-22 10:50:00-05:00,3.59,3.6,3.56,3.57,3252
2026-01-22 10:55:00-05:00,3.59,3.65,3.59,3.63,11117
2026-01-22 11:00:00-05:00,3.66,3.66,3.62,3.63,11713
2026-01-22 11:05:00-05:00,3.64,3.64,3.62,3.62,19224
2026-01-22 11:10:00-05:00,3.63,3.66,3.63,3.63,12331
2026-01-22 11:15:00-05:00,3.65,3.65,3.6,3.61,8928
2026-01-22 11:20:00-05:00,3.61,3.62,3.59,3.6,9046
2026-01-22 11:25:00-05:00,3.59,3.66,3.59,3.66,12329
2026-01-22 11:30:00-05:00,3.66,3.67,3.64,3.65,12010
2026-01-22 11:35:00-05:00,3.64,3.68,3.63,3.67,16395
2026-01-22 11:40:00-05:00,3.67,3.69,3.64,3.64,13610
2026-01-22 11:45:00-05:00,3.65,3.68,3.64,3.67,22842
2026-01-22 11:50:00-05:00,3.68,3.68,3.64,3.66,5045
2026-01-22 11:55:00-05:00,3.65,3.68,3.65,3.66,17403
2026-01-22 12:00:00-05:00,3.68,3.69,3.65,3.66,9634
2026-01-22 12:05:00-05:00,3.63,3.63,3.6,3.62,10921
2026-01-22 12:10:00-05:00,3.63,3.66,3.63,3.66,17639
2026-01-22 12:15:00-05:00,3.65,3.69,3.62,3.63,25237
2026-01-22 12:20:00-05:00,3.65,3.67,3.63,3.67,10506
2026-01-22 12:25:00-05:00,3.67,3.67,3.63,3.65,34350
2026-01-22 12:30:00-05:00,3.66,3.7,3.65,3.69,27183
2026-01-22 12:35:00-05:00,3.68,3.69,3.62,3.62,19959
2026-01-22 12:40:00-05:00,3.61,3.62,3.57,3.57,31863
2026-01-22 12:45:00-05:00,3.59,3.59,3.57,3.57,12029
2026-01-22 12:50:00-05:00,3.57,3.59,3.56,3.56,20206
2026-01-22 12:55:00-05:00,3.58,3.59,3.56,3.57,5736
2026-01-22 13:00:00-05:00,3.57,3.57,3.53,3.56,19729
2026-01-22 13:05:00-05:00,3.55,3.57,3.52,3.56,17716
2026-01-22 13:10:00-05:00,3.55,3.57,3.52,3.56,19001
2026-01-22 13:15:00-05:00,3.56,3.6,3.55,3.59,34665
2026-01-22 13:20:00-05:00,3.59,3.6,3.57,3.6,12357
2026-01-22 13:25:00-05:00,3.6,3.6,3.57,3.58,12114
2026-01-22 13:30:00-05:00,3.6,3.6,3.55,3.57,7090
2026-01-22 13:35:00-05:00,3.56,3.58,3.55,3.57,3400
2026-01-22 13:40:00-05:00,3.59,3.59,3.55,3.58,7357
2026-01-22 13:45:00-05:00,3.58,3.59,3.55,3.55,19504
2026-01-22 13:50:00-05:00,3.56,3.56,3.54,3.55,9612
2026-01-22 13:55:00-05:00,3.54,3.56,3.54,3.56,37714
2026-01-22 14:00:00-05:00,3.55,3.59,3.54,3.59,12396
2026-01-22 14:05:00-05:00,3.59,3.6,3.56,3.59,14962
2026-01-22 14:10:00-05:00,3.59,3.6,3.59,3.59,2144
2026-01-22 14:15:00-05:00,3.59,3.6,3.56,3.57,4842
2026-01-22 14:20:00-05:00,3.58,3.59,3.56,3.57,4666
2026-01-22 14:25:00-05:00,3.58,3.6,3.57,3.59,12757
2026-01-22 14:30:00-05:00,3.59,3.61,3.59,3.61,5672
2026-01-22 14:35:00-05:00,3.61,3.65,3.6,3.65,24692
2026-01-22 14:40:00-05:00,3.63,3.67,3.63,3.67,47603
2026-01-22 14:45:00-05:00,3.67,3.68,3.65,3.67,12676
2026-01-22 14:50:00-05:00,3.68,3.69,3.65,3.66,22543
2026-01-22 14:55:00-05:00,3.66,3.73,3.65,3.73,43059
2026-01-22 15:00:00-05:00,3.73,3.74,3.67,3.71,16173
2026-01-22 15:05:00-05:00,3.71,3.73,3.69,3.69,14108
2026-01-22 15:10:00-05:00,3.67,3.68,3.65,3.66,8570
2026-01-22 15:15:00-05:00,3.66,3.66,3.6,3.63,13309
2026-01-22 15:20:00-05:00,3.61,3.64,3.6,3.63,15687
2026-01-22 15:25:00-05:00,3.64,3.65,3.62,3.62,15182
2026-01-22 15:30:00-05:00,3.63,3.64,3.57,3.6,23589
2026-01-22 15:35:00-05:00,3.58,3.61,3.56,3.61,19434
2026-01-22 15:40:00-05:00,3.6,3.61,3.58,3.6,15801
2026-01-22 15:45:00-05:00,3.58,3.62,3.57,3.6,21173
2026-01-22 15:50:00-05:00,3.61,3.62,3.6,3.62,18334
2026-01-22 15:55:00-05:00,3.61,3.62,3.56,3.56,29164
2026-01-23 09:30:00-05:00,3.59,3.6,3.5,3.5,26729
2026-01-23 09:35:00-05:00,3.5,3.54,3.42,3.49,3856
2026-01-23 09:40:00-05:00,3.43,3.49,3.43,3.44,14069
2026-01-23 09:45:00-05:00,3.43,3.44,3.4,3.42,23037
2026-01-23 09:50:00-05:00,3.43,3.47,3.43,3.47,7480
2026-01-23 09:55:00-05:00,3.48,3.49,3.45,3.49,6262
2026-01-23 10:00:00-05:00,3.47,3.47,3.45,3.45,11294
2026-01-23 10:05:00-05:00,3.44,3.44,3.41,3.41,18435
2026-01-23 10:10:00-05:00,3.4,3.4,3.38,3.39,16582
2026-01-23 10:15:00-05:00,3.39,3.39,3.33,3.36,19206
2026-01-23 10:20:00-05:00,3.36,3.37,3.34,3.36,12232
2026-01-23 10:25:00-05:00,3.37,3.39,3.37,3.39,9079
2026-01-23 10:30:00-05:00,3.38,3.38,3.36,3.38,2966
2026-01-23 10:35:00-05:00,3.37,3.38,3.33,3.36,2566
2026-01-23 10:40:00-05:00,3.36,3.37,3.35,3.35,3366
2026-01-23 10:45:00-05:00,3.36,3.37,3.34,3.34,20165
2026-01-23 10:50:00-05:00,3.35,3.35,3.32,3.32,12059
2026-01-23 10:55:00-05:00,3.31,3.36,3.31,3.35,5888
2026-01-23 11:00:00-05:00,3.36,3.42,3.36,3.37,12036
2026-01-23 11:05:00-05:00,3.38,3.4,3.35,3.38,11242
2026-01-23 11:10:00-05:00,3.38,3.4,3.35,3.39,6064
2026-01-23 11:15:00-05:00,3.4,3.42,3.36,3.39,10322
2026-01-23 11:20:00-05:00,3.39,3.41,3.36,3.37,13734
2026-01-23 11:25:00-05:00,3.4,3.41,3.36,3.39,18911
2026-01-23 11:30:00-05:00,3.38,3.4,3.37,3.4,9727
2026-01-23 11:35:00-05:00,3.4,3.42,3.38,3.39,14712
2026-01-23 11:40:00-05:00,3.41,3.45,3.4,3.44,14425
2026-01-23 11:45:00-05:00,3.44,3.47,3.41,3.45,13822
2026-01-23 11:50:00-05:00,3.45,3.47,3.34,3.38,25427
2026-01-23 11:55:00-05:00,3.4,3.45,3.36,3.4,11391
2026-01-23 12:00:00-05:00,3.43,3.5,3.4,3.48,15688
2026-01-23 12:05:00-05:00,3.48,3.5,3.45,3.46,9473
2026-01-23 12:10:00-05:00,3.48,3.49,3.45,3.45,8680
2026-01-23 12:15:00-05:00,3.48,3.48,3.45,3.46,15234
2026-01-23 12:20:00-05:00,3.47,3.48,3.44,3.47,15374
2026-01-23 12:25:00-05:00,3.47,3.48,3.44,3.48,4393
2026-01-23 12:30:00-05:00,3.47,3.48,3.45,3.47,6607
2026-01-23 12:35:00-05:00,3.48,3.5,3.47,3.48,8589
2026-01-23 12:40:00-05:00,3.5,3.5,3.48,3.48,13148
2026-01-23 12:45:00-05:00,3.5,3.52,3.48,3.52,3124
2026-01-23 12:50:00-05:00,3.52,3.52,3.47,3.47,2327
2026-01-23 12:55:00-05:00,3.48,3.48,3.46,3.46,1670
2026-01-23 13:00:00-05:00,3.48,3.48,3.45,3.46,1711
2026-01-23 13:05:00-05:00,3.47,3.5,3.46,3.5,4151
2026-01-23 13:10:00-05:00,3.49,3.5,3.49,3.5,2002
2026-01-23 13:15:00-05:00,3.5,3.5,3.48,3.49,399
2026-01-23 13:20:00-05:00,3.5,3.51,3.5,3.5,2893
2026-01-23 13:25:00-05:00,3.48,3.52,3.48,3.52,843
2026-01-23 13:30:00-05:00,3.51,3.51,3.49,3.49,5022
2026-01-23 13:35:00-05:00,3.5,3.5,3.49,3.49,1729
2026-01-23 13:40:00-05:00,3.5,3.52,3.5,3.52,11293
2026-01-23 13:45:00-05:00,3.51,3.51,3.48,3.48,11446
2026-01-23 13:50:00-05:00,3.5,3.5,3.49,3.5,1811
2026-01-23 13:55:00-05:00,3.5,3.55,3.5,3.54,7812
2026-01-23 14:00:00-05:00,3.53,3.53,3.5,3.51,2350
2026-01-23 14:05:00-05:00,3.51,3.53,3.48,3.53,1943
2026-01-23 14:10:00-05:00,3.55,3.55,3.52,3.52,310
2026-01-23 14:15:00-05:00,3.55,3.55,3.49,3.52,2406
2026-01-23 14:20:00-05:00,3.54,3.54,3.48,3.51,5554
2026-01-23 14:25:00-05:00,3.52,3.54,3.48,3.53,9086
2026-01-23 14:30:00-05:00,3.54,3.54,3.52,3.52,1690
2026-01-23 14:35:00-05:00,3.52,3.53,3.5,3.51,3776
2026-01-23 14:40:00-05:00,3.52,3.55,3.5,3.54,4575
2026-01-23 14:45:00-05:00,3.55,3.57,3.54,3.57,27182
2026-01-23 14:50:00-05:00,3.57,3.59,3.55,3.57,8030
2026-01-23 14:55:00-05:00,3.59,3.6,3.55,3.6,11718
2026-01-23 15:00:00-05:00,3.6,3.6,3.56,3.59,3187
2026-01-23 15:05:00-05:00,3.58,3.59,3.55,3.56,3248
2026-01-23 15:10:00-05:00,3.56,3.59,3.55,3.58,2591
2026-01-23 15:15:00-05:00,3.59,3.64,3.56,3.64,19974
2026-01-23 15:20:00-05:00,3.64,3.64,3.6,3.6,21848
2026-01-23 15:25:00-05:00,3.6,3.64,3.6,3.64,9506
2026-01-23 15:30:00-05:00,3.63,3.64,3.55,3.61,24256
2026-01-23 15:35:00-05:00,3.61,3.63,3.6,3.62,10207
2026-01-23 15:40:00-05:00,3.62,3.64,3.6,3.63,28184
2026-01-23 15:45:00-05:00,3.63,3.63,3.6,3.63,27590
2026-01-23 15:50:00-05:00,3.6,3.63,3.56,3.56,28193
2026-01-23 15:55:00-05:00,3.59,3.62,3.58,3.62,20550
2026-01-26 09:30:00-05:00,3.73,3.75,3.7,3.74,44252
2026-01-26 09:35:00-05:00,3.74,3.85,3.74,3.81,39362
2026-01-26 09:40:00-05:00,3.82,3.83,3.77,3.77,84985
2026-01-26 09:45:00-05:00,3.76,3.76,3.73,3.74,21304
2026-01-26 09:50:00-05:00,3.77,3.8,3.75,3.8,12465
2026-01-26 09:55:00-05:00,3.78,3.8,3.75,3.76,15111
2026-01-26 10:00:00-05:00,3.74,3.74,3.67,3.67,12956
2026-01-26 10:05:00-05:00,3.68,3.73,3.67,3.73,11409
2026-01-26 10:10:00-05:00,3.71,3.74,3.7,3.71,7528
2026-01-26 10:15:00-05:00,3.72,3.73,3.62,3.65,11675
2026-01-26 10:20:00-05:00,3.66,3.69,3.66,3.69,13805
2026-01-26 10:25:00-05:00,3.69,3.72,3.67,3.7,11896
2026-01-26 10:30:00-05:00,3.69,3.71,3.67,3.7,12232
2026-01-26 10:35:00-05:00,3.71,3.71,3.67,3.7,12198
2026-01-26 10:40:00-05:00,3.7,3.72,3.69,3.72,41925
2026-01-26 10:45:00-05:00,3.69,3.7,3.69,3.7,4147
2026-01-26 10:50:00-05:00,3.7,3.75,3.7,3.71,5438
2026-01-26 10:55:00-05:00,3.72,3.75,3.69,3.7,2055
2026-01-26 11:00:00-05:00,3.7,3.7,3.67,3.67,1644
2026-01-26 11:05:00-05:00,3.69,3.7,3.62,3.66,11711
2026-01-26 11:10:00-05:00,3.62,3.7,3.6,3.64,10515
2026-01-26 11:15:00-05:00,3.62,3.63,3.6,3.6,6137
2026-01-26 11:20:00-05:00,3.6,3.62,3.59,3.6,9303
2026-01-26 11:25:00-05:00,3.6,3.64,3.59,3.61,53985
2026-01-26 11:30:00-05:00,3.61,3.7,3.61,3.65,21563
2026-01-26 11:35:00-05:00,3.65,3.69,3.65,3.69,18936
2026-01-26 11:40:00-05:00,3.69,3.92,3.68,3.83,78293
2026-01-26 11:45:00-05:00,3.77,3.93,3.77,3.92,51778
2026-01-26 11:50:00-05:00,3.93,3.98,3.85,3.9,100841
2026-01-26 11:55:00-05:00,3.91,3.97,3.82,3.94,69976
2026-01-26 12:00:00-05:00,3.94,4.02,3.9,3.94,182818
2026-01-26 12:05:00-05:00,3.92,4,3.89,3.97,46879
2026-01-26 12:10:00-05:00,4,4.05,3.98,4.04,74313
2026-01-26 12:15:00-05:00,4.04,4.06,3.9,3.98,80737
2026-01-26 12:20:00-05:00,3.99,4,3.86,3.86,56026
2026-01-26 12:25:00-05:00,3.9,3.93,3.83,3.9,47588
2026-01-26 12:30:00-05:00,3.88,3.95,3.85,3.92,38900
2026-01-26 12:35:00-05:00,3.93,3.95,3.91,3.94,19228
2026-01-26 12:40:00-05:00,3.95,4,3.92,3.96,38555
2026-01-26 12:45:00-05:00,3.95,4.03,3.93,4,49930
2026-01-26 12:50:00-05:00,4.03,4.06,3.95,3.98,48882
2026-01-26 12:55:00-05:00,3.99,3.99,3.92,3.97,31176
2026-01-26 13:00:00-05:00,3.95,3.99,3.92,3.98,51114
2026-01-26 13:05:00-05:00,3.97,4.03,3.97,4.03,22095
2026-01-26 13:10:00-05:00,4,4.03,4,4,36940
2026-01-26 13:15:00-05:00,4.01,4.04,4,4.03,31026
2026-01-26 13:20:00-05:00,4.04,4.07,3.98,3.98,57094
2026-01-26 13:25:00-05:00,4,4.01,3.92,3.95,34921
2026-01-26 13:30:00-05:00,3.92,3.95,3.86,3.89,17367
2026-01-26 13:35:00-05:00,3.89,3.89,3.81,3.83,23262
2026-01-26 13:40:00-05:00,3.83,3.97,3.82,3.95,31530
2026-01-26 13:45:00-05:00,3.97,3.98,3.9,3.95,21973
2026-01-26 13:50:00-05:00,3.95,3.99,3.94,3.94,20916
2026-01-26 13:55:00-05:00,3.97,3.99,3.95,3.98,2611
2026-01-26 14:00:00-05:00,3.96,3.98,3.9,3.93,11902
2026-01-26 14:05:00-05:00,3.9,3.92,3.88,3.91,27380
2026-01-26 14:10:00-05:00,3.93,3.96,3.86,3.86,13043
2026-01-26 14:15:00-05:00,3.86,3.93,3.86,3.93,13642
2026-01-26 14:20:00-05:00,3.9,3.9,3.8,3.81,20458
2026-01-26 14:25:00-05:00,3.81,3.87,3.81,3.87,18871
2026-01-26 14:30:00-05:00,3.88,3.91,3.87,3.91,17277
2026-01-26 14:35:00-05:00,3.9,3.92,3.9,3.92,5844
2026-01-26 14:40:00-05:00,3.94,3.94,3.92,3.93,6744
2026-01-26 14:45:00-05:00,3.9,3.96,3.9,3.96,21398
2026-01-26 14:50:00-05:00,3.94,3.96,3.91,3.91,11939
2026-01-26 14:55:00-05:00,3.93,3.95,3.9,3.93,28832
2026-01-26 15:00:00-05:00,3.93,3.95,3.84,3.84,23604
2026-01-26 15:05:00-05:00,3.84,3.86,3.81,3.84,17159
2026-01-26 15:10:00-05:00,3.81,3.86,3.8,3.82,27479
2026-01-26 15:15:00-05:00,3.8,3.85,3.7,3.74,73806
2026-01-26 15:20:00-05:00,3.72,3.85,3.67,3.78,41182
2026-01-26 15:25:00-05:00,3.75,3.85,3.73,3.76,24180
2026-01-26 15:30:00-05:00,3.77,3.89,3.73,3.87,36392
2026-01-26 15:35:00-05:00,3.84,3.86,3.79,3.8,19762
2026-01-26 15:40:00-05:00,3.79,3.85,3.74,3.79,42596
2026-01-26 15:45:00-05:00,3.77,3.85,3.75,3.76,53400
2026-01-26 15:50:00-05:00,3.8,3.85,3.76,3.81,23935
2026-01-26 15:55:00-05:00,3.8,3.86,3.78,3.86,34369
2026-01-27 09:30:00-05:00,3.97,3.97,3.75,3.8,62102
2026-01-27 09:35:00-05:00,3.79,3.86,3.79,3.81,24493
2026-01-27 09:40:00-05:00,3.8,3.84,3.77,3.8,14419
2026-01-27 09:45:00-05:00,3.83,3.86,3.78,3.8,23000
2026-01-27 09:50:00-05:00,3.77,3.77,3.72,3.74,27505
2026-01-27 09:55:00-05:00,3.72,3.75,3.72,3.72,34391
2026-01-27 10:00:00-05:00,3.73,3.86,3.72,3.81,119701
2026-01-27 10:05:00-05:00,3.77,3.87,3.77,3.86,28670
2026-01-27 10:10:00-05:00,3.86,3.97,3.85,3.95,127695
2026-01-27 10:15:00-05:00,3.91,4.02,3.9,4.02,133563
2026-01-27 10:20:00-05:00,3.99,4.01,3.9,3.9,194391
2026-01-27 10:25:00-05:00,3.9,3.92,3.82,3.83,52533
2026-01-27 10:30:00-05:00,3.84,3.9,3.8,3.8,28275
2026-01-27 10:35:00-05:00,3.83,3.9,3.82,3.89,29023
2026-01-27 10:40:00-05:00,3.88,3.9,3.82,3.89,42533
2026-01-27 10:45:00-05:00,3.88,3.98,3.88,3.96,34981
2026-01-27 10:50:00-05:00,3.96,4,3.93,3.99,116156
2026-01-27 10:55:00-05:00,3.99,3.99,3.94,3.98,18128
2026-01-27 11:00:00-05:00,3.98,4.05,3.96,3.98,80269
2026-01-27 11:05:00-05:00,3.97,4.01,3.94,3.98,26830
2026-01-27 11:10:00-05:00,3.95,4,3.86,3.91,18089
2026-01-27 11:15:00-05:00,3.91,3.95,3.9,3.91,10983
2026-01-27 11:20:00-05:00,3.92,3.93,3.83,3.83,12139
2026-01-27 11:25:00-05:00,3.83,3.85,3.8,3.81,10278
2026-01-27 11:30:00-05:00,3.82,3.91,3.82,3.9,29291
2026-01-27 11:35:00-05:00,3.91,3.91,3.85,3.85,4719
2026-01-27 11:40:00-05:00,3.88,3.91,3.83,3.91,14694
2026-01-27 11:45:00-05:00,3.92,3.97,3.91,3.94,15051
2026-01-27 11:50:00-05:00,3.94,3.96,3.91,3.92,12218
2026-01-27 11:55:00-05:00,3.93,3.94,3.88,3.88,14039
2026-01-27 12:00:00-05:00,3.91,3.91,3.88,3.9,8015
2026-01-27 12:05:00-05:00,3.92,3.93,3.89,3.93,11205
2026-01-27 12:10:00-05:00,3.92,3.93,3.9,3.9,3089
2026-01-27 12:15:00-05:00,3.92,3.92,3.89,3.89,4859
2026-01-27 12:20:00-05:00,3.88,3.91,3.88,3.91,4637
2026-01-27 12:25:00-05:00,3.9,3.9,3.89,3.9,3147
2026-01-27 12:30:00-05:00,3.91,3.91,3.89,3.89,2880
2026-01-27 12:35:00-05:00,3.89,3.89,3.88,3.89,1931
2026-01-27 12:40:00-05:00,3.9,3.95,3.9,3.95,3054
2026-01-27 12:45:00-05:00,3.97,4,3.97,3.98,8164
2026-01-27 12:50:00-05:00,3.97,4.01,3.97,3.98,14980
2026-01-27 12:55:00-05:00,4,4.04,4,4.02,27126
2026-01-27 13:00:00-05:00,4.02,4.02,3.96,3.97,13431
2026-01-27 13:05:00-05:00,3.96,3.98,3.95,3.97,11373
2026-01-27 13:10:00-05:00,3.98,3.99,3.95,3.97,11590
2026-01-27 13:15:00-05:00,3.97,3.99,3.95,3.97,10937
2026-01-27 13:20:00-05:00,3.97,3.99,3.96,3.99,10053
2026-01-27 13:25:00-05:00,3.99,4,3.96,3.96,9640
2026-01-27 13:30:00-05:00,3.97,4,3.95,3.99,12307
2026-01-27 13:35:00-05:00,3.98,4,3.95,3.96,30879
2026-01-27 13:40:00-05:00,3.95,3.98,3.92,3.95,14399
2026-01-27 13:45:00-05:00,3.94,3.95,3.92,3.92,9194
2026-01-27 13:50:00-05:00,3.94,3.96,3.88,3.96,12501
2026-01-27 13:55:00-05:00,3.96,3.99,3.93,3.95,19239
2026-01-27 14:00:00-05:00,3.96,4.05,3.93,4.02,32340
2026-01-27 14:05:00-05:00,4.03,4.04,4.03,4.04,5492
2026-01-27 14:10:00-05:00,4.04,4.07,4.02,4.06,16790
2026-01-27 14:15:00-05:00,4.07,4.09,4.05,4.09,14989
2026-01-27 14:20:00-05:00,4.07,4.09,4.02,4.03,23674
2026-01-27 14:25:00-05:00,4.02,4.05,4.01,4.05,14881
2026-01-27 14:30:00-05:00,4.04,4.06,4.02,4.05,13392
2026-01-27 14:35:00-05:00,4.04,4.1,4.03,4.09,16906
2026-01-27 14:40:00-05:00,4.1,4.1,4.02,4.02,10998
2026-01-27 14:45:00-05:00,4.03,4.05,4.02,4.04,10516
2026-01-27 14:50:00-05:00,4.02,4.13,4.01,4.12,121458
2026-01-27 14:55:00-05:00,4.1,4.16,4.1,4.12,74586
2026-01-27 15:00:00-05:00,4.12,4.14,4.1,4.14,39283
2026-01-27 15:05:00-05:00,4.13,4.14,4.11,4.12,12695
2026-01-27 15:10:00-05:00,4.12,4.15,4.1,4.1,33259
2026-01-27 15:15:00-05:00,4.09,4.11,4.06,4.09,21431
2026-01-27 15:20:00-05:00,4.06,4.12,4.06,4.12,6047
2026-01-27 15:25:00-05:00,4.12,4.12,4.09,4.11,8636
2026-01-27 15:30:00-05:00,4.12,4.12,4.05,4.06,21121
2026-01-27 15:35:00-05:00,4.07,4.08,4.03,4.05,11753
2026-01-27 15:40:00-05:00,4.05,4.11,4.05,4.1,12619
2026-01-27 15:45:00-05:00,4.11,4.14,4.08,4.1,19648
2026-01-27 15:50:00-05:00,4.09,4.12,4.08,4.11,36269
2026-01-27 15:55:00-05:00,4.11,4.13,4.09,4.12,67479
2026-01-28 09:30:00-05:00,4.1,4.1,3.96,4,26313
2026-01-28 09:35:00-05:00,4,4,3.96,3.96,22380
2026-01-28 09:40:00-05:00,3.99,3.99,3.93,3.93,20839
2026-01-28 09:45:00-05:00,3.96,3.98,3.93,3.95,9339
2026-01-28 09:50:00-05:00,3.95,3.95,3.9,3.9,8148
2026-01-28 09:55:00-05:00,3.94,3.96,3.93,3.95,3821
2026-01-28 10:00:00-05:00,3.96,3.99,3.96,3.99,4255
2026-01-28 10:05:00-05:00,3.98,4.01,3.98,3.99,27200
2026-01-28 10:10:00-05:00,3.99,4,3.97,3.98,5241
2026-01-28 10:15:00-05:00,3.99,4,3.97,3.98,7632
2026-01-28 10:20:00-05:00,3.98,4,3.97,4,17275
2026-01-28 10:25:00-05:00,3.97,4,3.96,3.99,11125
2026-01-28 10:30:00-05:00,3.99,3.99,3.93,3.93,4500
2026-01-28 10:35:00-05:00,3.94,3.96,3.94,3.96,3851
2026-01-28 10:40:00-05:00,3.95,3.96,3.95,3.95,3242
2026-01-28 10:45:00-05:00,3.96,3.96,3.93,3.93,7544
2026-01-28 10:50:00-05:00,3.93,3.93,3.9,3.92,6310
2026-01-28 10:55:00-05:00,3.91,3.92,3.87,3.9,16231
2026-01-28 11:00:00-05:00,3.87,3.89,3.87,3.88,3748
2026-01-28 11:05:00-05:00,3.88,3.88,3.81,3.81,34145
2026-01-28 11:10:00-05:00,3.82,3.82,3.79,3.79,27933
2026-01-28 11:15:00-05:00,3.8,3.82,3.77,3.82,47974
2026-01-28 11:20:00-05:00,3.81,3.82,3.8,3.82,15048
2026-01-28 11:25:00-05:00,3.83,3.86,3.8,3.85,10888
2026-01-28 11:30:00-05:00,3.86,3.89,3.82,3.85,38754
2026-01-28 11:35:00-05:00,3.86,3.89,3.84,3.86,11987
2026-01-28 11:40:00-05:00,3.88,3.88,3.83,3.84,14892
2026-01-28 11:45:00-05:00,3.86,3.89,3.83,3.87,14528
2026-01-28 11:50:00-05:00,3.86,3.89,3.85,3.88,10840
2026-01-28 11:55:00-05:00,3.89,3.92,3.88,3.9,20505
2026-01-28 12:00:00-05:00,3.9,3.92,3.88,3.91,10947
2026-01-28 12:05:00-05:00,3.9,3.91,3.89,3.91,3975
2026-01-28 12:10:00-05:00,3.9,3.92,3.9,3.91,5021
2026-01-28 12:15:00-05:00,3.89,3.93,3.89,3.9,6727
2026-01-28 12:20:00-05:00,3.9,3.91,3.85,3.89,21762
2026-01-28 12:25:00-05:00,3.89,3.92,3.86,3.89,9211
2026-01-28 12:30:00-05:00,3.86,3.88,3.85,3.85,8530
2026-01-28 12:35:00-05:00,3.86,3.88,3.83,3.83,12447
2026-01-28 12:40:00-05:00,3.84,3.86,3.82,3.84,9781
2026-01-28 12:45:00-05:00,3.84,3.86,3.82,3.86,12654
2026-01-28 12:50:00-05:00,3.86,3.87,3.85,3.85,2218
2026-01-28 12:55:00-05:00,3.85,3.85,3.83,3.85,9665
2026-01-28 13:00:00-05:00,3.85,3.85,3.83,3.85,13705
2026-01-28 13:05:00-05:00,3.85,3.85,3.83,3.84,10515
2026-01-28 13:10:00-05:00,3.85,3.87,3.84,3.87,12236
2026-01-28 13:15:00-05:00,3.88,3.88,3.81,3.85,20109
2026-01-28 13:20:00-05:00,3.83,3.86,3.82,3.85,11576
2026-01-28 13:25:00-05:00,3.86,3.89,3.84,3.87,4925
2026-01-28 13:30:00-05:00,3.87,3.87,3.86,3.87,908
2026-01-28 13:35:00-05:00,3.89,3.89,3.88,3.88,822
2026-01-28 13:40:00-05:00,3.88,3.89,3.88,3.89,1430
2026-01-28 13:45:00-05:00,3.88,3.91,3.88,3.91,2667
2026-01-28 13:50:00-05:00,3.9,3.9,3.87,3.88,2534
2026-01-28 13:55:00-05:00,3.88,3.88,3.85,3.88,1015
2026-01-28 14:00:00-05:00,3.89,3.9,3.83,3.85,8164
2026-01-28 14:05:00-05:00,3.86,3.89,3.85,3.89,7986
2026-01-28 14:10:00-05:00,3.89,3.9,3.85,3.9,840
2026-01-28 14:20:00-05:00,3.88,3.88,3.88,3.88,589
2026-01-28 14:25:00-05:00,3.89,3.91,3.87,3.87,2865
2026-01-28 14:30:00-05:00,3.85,3.92,3.84,3.85,11224
2026-01-28 14:35:00-05:00,3.9,3.9,3.85,3.88,7675
2026-01-28 14:40:00-05:00,3.9,3.9,3.83,3.86,17494
2026-01-28 14:45:00-05:00,3.86,3.89,3.83,3.88,15572
2026-01-28 14:50:00-05:00,3.88,3.89,3.85,3.89,12432
2026-01-28 14:55:00-05:00,3.87,3.89,3.84,3.85,16367
2026-01-28 15:00:00-05:00,3.84,3.86,3.84,3.85,11793
2026-01-28 15:05:00-05:00,3.86,3.86,3.83,3.85,18688
2026-01-28 15:10:00-05:00,3.85,3.86,3.83,3.86,11961
2026-01-28 15:15:00-05:00,3.86,3.86,3.85,3.85,3401
2026-01-28 15:20:00-05:00,3.85,3.89,3.85,3.86,6916
2026-01-28 15:25:00-05:00,3.86,3.89,3.85,3.87,12239
2026-01-28 15:30:00-05:00,3.85,3.89,3.85,3.85,7921
2026-01-28 15:35:00-05:00,3.87,3.91,3.85,3.89,11316
2026-01-28 15:40:00-05:00,3.88,3.91,3.88,3.9,13121
2026-01-28 15:45:00-05:00,3.91,3.91,3.87,3.91,33479
2026-01-28 15:50:00-05:00,3.9,3.93,3.88,3.93,24756
2026-01-28 15:55:00-05:00,3.92,3.95,3.9,3.94,23770
2026-01-29 09:30:00-05:00,3.97,3.97,3.79,3.82,17165
2026-01-29 09:35:00-05:00,3.85,3.92,3.82,3.91,16926
2026-01-29 09:40:00-05:00,3.9,3.9,3.81,3.84,9728
2026-01-29 09:45:00-05:00,3.84,3.84,3.8,3.83,7499
2026-01-29 09:50:00-05:00,3.82,3.84,3.78,3.78,27239
2026-01-29 09:55:00-05:00,3.77,3.78,3.75,3.76,17932
2026-01-29 10:00:00-05:00,3.74,3.75,3.71,3.73,30489
2026-01-29 10:05:00-05:00,3.72,3.76,3.71,3.71,23836
2026-01-29 10:10:00-05:00,3.71,3.73,3.71,3.73,65666
2026-01-29 10:15:00-05:00,3.74,3.74,3.71,3.72,9651
2026-01-29 10:20:00-05:00,3.71,3.77,3.71,3.74,22952
2026-01-29 10:25:00-05:00,3.75,3.77,3.74,3.74,9198
2026-01-29 10:30:00-05:00,3.77,3.78,3.76,3.78,3094
2026-01-29 10:35:00-05:00,3.78,3.78,3.74,3.75,6583
2026-01-29 10:40:00-05:00,3.74,3.75,3.71,3.72,6243
2026-01-29 10:45:00-05:00,3.72,3.72,3.7,3.71,21574
2026-01-29 10:50:00-05:00,3.71,3.73,3.65,3.69,39874
2026-01-29 10:55:00-05:00,3.67,3.73,3.67,3.72,14003
2026-01-29 11:00:00-05:00,3.7,3.73,3.7,3.72,9478
2026-01-29 11:05:00-05:00,3.71,3.73,3.7,3.71,12317
2026-01-29 11:10:00-05:00,3.71,3.76,3.7,3.76,22444
2026-01-29 11:15:00-05:00,3.76,3.81,3.75,3.8,8288
2026-01-29 11:20:00-05:00,3.8,3.81,3.8,3.81,13697
2026-01-29 11:25:00-05:00,3.81,3.85,3.8,3.84,30520
2026-01-29 11:30:00-05:00,3.83,3.86,3.83,3.85,21435
2026-01-29 11:35:00-05:00,3.86,3.86,3.82,3.84,11717
2026-01-29 11:40:00-05:00,3.83,3.86,3.82,3.84,10707
2026-01-29 11:45:00-05:00,3.82,3.86,3.8,3.82,19964
2026-01-29 11:50:00-05:00,3.82,3.84,3.77,3.8,9814
2026-01-29 11:55:00-05:00,3.82,3.82,3.75,3.76,9501
2026-01-29 12:00:00-05:00,3.76,3.8,3.76,3.77,3752
2026-01-29 12:05:00-05:00,3.79,3.8,3.77,3.8,1630
2026-01-29 12:10:00-05:00,3.77,3.8,3.77,3.79,3706
2026-01-29 12:15:00-05:00,3.77,3.81,3.77,3.81,6381
2026-01-29 12:20:00-05:00,3.83,3.83,3.83,3.83,636
2026-01-29 12:25:00-05:00,3.81,3.84,3.81,3.84,3824
2026-01-29 12:35:00-05:00,3.81,3.84,3.81,3.84,9278
2026-01-29 12:40:00-05:00,3.83,3.84,3.81,3.81,10948
2026-01-29 12:45:00-05:00,3.82,3.83,3.81,3.82,2050
2026-01-29 12:50:00-05:00,3.81,3.82,3.79,3.8,6950
2026-01-29 12:55:00-05:00,3.77,3.8,3.77,3.79,15199
2026-01-29 13:00:00-05:00,3.79,3.8,3.78,3.79,3055
2026-01-29 13:05:00-05:00,3.8,3.82,3.8,3.81,5558
2026-01-29 13:10:00-05:00,3.83,3.84,3.81,3.82,1133
2026-01-29 13:15:00-05:00,3.82,3.83,3.82,3.82,3056
2026-01-29 13:20:00-05:00,3.82,3.82,3.8,3.81,842
2026-01-29 13:25:00-05:00,3.83,3.83,3.8,3.8,430
2026-01-29 13:30:00-05:00,3.8,3.81,3.78,3.78,10513
2026-01-29 13:35:00-05:00,3.78,3.81,3.78,3.78,12318
2026-01-29 13:40:00-05:00,3.79,3.81,3.78,3.81,13036
2026-01-29 13:45:00-05:00,3.8,3.81,3.79,3.8,11413
2026-01-29 13:50:00-05:00,3.8,3.81,3.78,3.78,17492
2026-01-29 13:55:00-05:00,3.79,3.79,3.77,3.79,12471
2026-01-29 14:00:00-05:00,3.78,3.79,3.77,3.78,12247
2026-01-29 14:05:00-05:00,3.79,3.8,3.77,3.79,13079
2026-01-29 14:10:00-05:00,3.8,3.8,3.78,3.79,8264
2026-01-29 14:15:00-05:00,3.79,3.8,3.77,3.79,10507
2026-01-29 14:20:00-05:00,3.8,3.8,3.78,3.8,11880
2026-01-29 14:25:00-05:00,3.78,3.81,3.78,3.81,9613
2026-01-29 14:30:00-05:00,3.8,3.81,3.77,3.78,10022
2026-01-29 14:35:00-05:00,3.78,3.78,3.76,3.78,3608
2026-01-29 14:40:00-05:00,3.78,3.81,3.77,3.8,8564
2026-01-29 14:45:00-05:00,3.8,3.81,3.77,3.78,7146
2026-01-29 14:50:00-05:00,3.77,3.78,3.77,3.78,3808
2026-01-29 14:55:00-05:00,3.78,3.8,3.76,3.78,8826
2026-01-29 15:00:00-05:00,3.76,3.79,3.73,3.76,22629
2026-01-29 15:05:00-05:00,3.75,3.78,3.73,3.77,14346
2026-01-29 15:10:00-05:00,3.76,3.78,3.76,3.77,10258
2026-01-29 15:15:00-05:00,3.77,3.78,3.75,3.75,11904
2026-01-29 15:20:00-05:00,3.76,3.77,3.75,3.76,10358
2026-01-29 15:25:00-05:00,3.76,3.77,3.73,3.73,9595
2026-01-29 15:30:00-05:00,3.73,3.76,3.73,3.73,4334
2026-01-29 15:35:00-05:00,3.73,3.76,3.72,3.75,17219
2026-01-29 15:40:00-05:00,3.75,3.76,3.73,3.73,14788
2026-01-29 15:45:00-05:00,3.75,3.79,3.74,3.75,12123
2026-01-29 15:50:00-05:00,3.8,3.8,3.75,3.78,19257
2026-01-29 15:55:00-05:00,3.77,3.91,3.76,3.9,68857
2026-01-30 09:30:00-05:00,3.95,3.99,3.9,3.99,34982
2026-01-30 09:35:00-05:00,3.99,4.02,3.97,3.97,33574
2026-01-30 09:40:00-05:00,3.97,4.01,3.95,3.99,31284
2026-01-30 09:45:00-05:00,3.99,4.04,3.98,4,29156
2026-01-30 09:50:00-05:00,3.99,4.05,3.99,4.03,21873
2026-01-30 09:55:00-05:00,4.04,4.04,4,4.01,30467
2026-01-30 10:00:00-05:00,4,4,3.99,3.99,6639
2026-01-30 10:05:00-05:00,3.98,4.01,3.96,4.01,17966
2026-01-30 10:10:00-05:00,4.01,4.02,3.91,3.91,10540
2026-01-30 10:15:00-05:00,3.92,3.95,3.87,3.95,15207
2026-01-30 10:20:00-05:00,3.96,3.97,3.92,3.92,4155
2026-01-30 10:25:00-05:00,3.92,3.96,3.92,3.96,4438
2026-01-30 10:30:00-05:00,3.94,3.96,3.92,3.94,4819
2026-01-30 10:35:00-05:00,3.94,3.99,3.94,3.96,3583
2026-01-30 10:40:00-05:00,3.99,4.01,3.95,4,7753
2026-01-30 10:45:00-05:00,3.95,4.04,3.95,4.02,8323
2026-01-30 10:50:00-05:00,4.03,4.05,3.99,4,6191
2026-01-30 10:55:00-05:00,4.02,4.02,3.98,3.98,4745
2026-01-30 11:00:00-05:00,3.96,3.98,3.96,3.96,2920
2026-01-30 11:05:00-05:00,3.96,4,3.92,3.92,16164
2026-01-30 11:10:00-05:00,3.94,3.96,3.89,3.91,38197
2026-01-30 11:15:00-05:00,3.92,3.95,3.88,3.95,13579
2026-01-30 11:20:00-05:00,3.95,3.96,3.9,3.9,10432
2026-01-30 11:25:00-05:00,3.93,3.95,3.9,3.94,9269
2026-01-30 11:30:00-05:00,3.93,3.93,3.9,3.9,2781
2026-01-30 11:35:00-05:00,3.9,3.96,3.88,3.96,29977
2026-01-30 11:40:00-05:00,3.94,4,3.92,3.97,27660
2026-01-30 11:45:00-05:00,3.97,3.97,3.9,3.9,26716
2026-01-30 11:50:00-05:00,3.91,3.94,3.9,3.93,10016
2026-01-30 11:55:00-05:00,3.93,3.95,3.92,3.93,8862
2026-01-30 12:00:00-05:00,3.93,3.93,3.9,3.9,5699
2026-01-30 12:05:00-05:00,3.88,3.91,3.88,3.9,6701
2026-01-30 12:10:00-05:00,3.9,3.95,3.9,3.95,5231
2026-01-30 12:15:00-05:00,3.91,3.93,3.89,3.93,6382
2026-01-30 12:20:00-05:00,3.91,3.93,3.91,3.93,11148
2026-01-30 12:25:00-05:00,3.93,3.93,3.9,3.91,4595
2026-01-30 12:30:00-05:00,3.92,3.95,3.9,3.92,4338
2026-01-30 12:35:00-05:00,3.9,3.93,3.9,3.92,2094
2026-01-30 12:40:00-05:00,3.9,3.94,3.9,3.94,2878
2026-01-30 12:45:00-05:00,3.92,3.92,3.88,3.89,8421
2026-01-30 12:50:00-05:00,3.9,3.91,3.87,3.89,4806
2026-01-30 12:55:00-05:00,3.87,3.91,3.87,3.88,6027
2026-01-30 13:00:00-05:00,3.89,3.9,3.88,3.9,6059
2026-01-30 13:05:00-05:00,3.9,3.91,3.86,3.88,2938
2026-01-30 13:10:00-05:00,3.91,3.91,3.85,3.88,8984
2026-01-30 13:15:00-05:00,3.85,3.88,3.85,3.87,6097
2026-01-30 13:20:00-05:00,3.85,3.88,3.81,3.88,15561
2026-01-30 13:25:00-05:00,3.87,3.88,3.82,3.84,11994
2026-01-30 13:30:00-05:00,3.84,3.86,3.8,3.84,33842
2026-01-30 13:35:00-05:00,3.83,3.85,3.8,3.82,20784
2026-01-30 13:40:00-05:00,3.83,3.84,3.78,3.82,27014
2026-01-30 13:45:00-05:00,3.82,3.83,3.77,3.83,16807
2026-01-30 13:50:00-05:00,3.83,3.86,3.82,3.85,12686
2026-01-30 13:55:00-05:00,3.86,3.91,3.86,3.91,5861
2026-01-30 14:00:00-05:00,3.9,3.96,3.9,3.96,7606
2026-01-30 14:05:00-05:00,3.97,3.98,3.94,3.98,4089
2026-01-30 14:10:00-05:00,3.98,3.99,3.94,3.99,10270
2026-01-30 14:15:00-05:00,3.94,3.95,3.92,3.92,5299
2026-01-30 14:20:00-05:00,3.95,3.95,3.93,3.93,802
2026-01-30 14:25:00-05:00,3.96,3.96,3.87,3.88,15862
2026-01-30 14:30:00-05:00,3.88,3.88,3.75,3.79,45162
2026-01-30 14:35:00-05:00,3.79,3.9,3.78,3.85,12430
2026-01-30 14:40:00-05:00,3.86,3.89,3.85,3.88,14596
2026-01-30 14:45:00-05:00,3.88,3.9,3.85,3.87,10321
2026-01-30 14:50:00-05:00,3.88,3.89,3.85,3.87,17314
2026-01-30 14:55:00-05:00,3.87,3.89,3.82,3.86,21615
2026-01-30 15:00:00-05:00,3.86,3.86,3.8,3.8,8968
2026-01-30 15:05:00-05:00,3.81,3.84,3.79,3.83,8124
2026-01-30 15:10:00-05:00,3.84,3.86,3.79,3.8,19370
2026-01-30 15:15:00-05:00,3.79,3.82,3.78,3.81,20699
2026-01-30 15:20:00-05:00,3.81,3.82,3.77,3.81,18165
2026-01-30 15:25:00-05:00,3.8,3.85,3.8,3.85,18982
2026-01-30 15:30:00-05:00,3.85,3.86,3.81,3.82,15640
2026-01-30 15:35:00-05:00,3.82,3.85,3.8,3.84,7925
2026-01-30 15:40:00-05:00,3.82,3.88,3.81,3.87,20872
2026-01-30 15:45:00-05:00,3.84,3.87,3.84,3.85,18027
2026-01-30 15:50:00-05:00,3.85,3.87,3.82,3.83,15793
2026-01-30 15:55:00-05:00,3.84,3.9,3.81,3.88,22413
2026-02-02 09:30:00-05:00,4.24,4.31,4.05,4.29,93152
2026-02-02 09:35:00-05:00,4.29,4.37,4.25,4.35,61990
2026-02-02 09:40:00-05:00,4.35,4.37,4.25,4.33,59425
2026-02-02 09:45:00-05:00,4.33,4.4,4.29,4.4,88110
2026-02-02 09:50:00-05:00,4.4,4.48,4.38,4.48,97839
2026-02-02 09:55:00-05:00,4.49,4.49,4.36,4.38,57415
2026-02-02 10:00:00-05:00,4.4,4.44,4.36,4.38,57791
2026-02-02 10:05:00-05:00,4.39,4.46,4.38,4.38,34993
2026-02-02 10:10:00-05:00,4.39,4.43,4.37,4.41,33994
2026-02-02 10:15:00-05:00,4.39,4.4,4.36,4.36,38689
2026-02-02 10:20:00-05:00,4.37,4.38,4.33,4.37,18556
2026-02-02 10:25:00-05:00,4.33,4.4,4.3,4.36,16178
2026-02-02 10:30:00-05:00,4.37,4.44,4.35,4.44,23397
2026-02-02 10:35:00-05:00,4.43,4.51,4.43,4.49,42867
2026-02-02 10:40:00-05:00,4.47,4.52,4.44,4.5,30061
2026-02-02 10:45:00-05:00,4.48,4.64,4.47,4.64,66296
2026-02-02 10:50:00-05:00,4.65,4.66,4.61,4.64,37660
2026-02-02 10:55:00-05:00,4.64,4.67,4.61,4.64,24758
2026-02-02 11:00:00-05:00,4.63,4.64,4.55,4.55,9660
2026-02-02 11:05:00-05:00,4.58,4.58,4.54,4.56,8404
2026-02-02 11:10:00-05:00,4.58,4.63,4.58,4.59,18252
2026-02-02 11:15:00-05:00,4.6,4.62,4.58,4.59,33738
2026-02-02 11:20:00-05:00,4.59,4.6,4.56,4.59,18403
2026-02-02 11:25:00-05:00,4.58,4.58,4.51,4.51,12124
2026-02-02 11:30:00-05:00,4.53,4.54,4.49,4.51,22516
2026-02-02 11:35:00-05:00,4.52,4.54,4.47,4.48,55164
2026-02-02 11:40:00-05:00,4.48,4.55,4.47,4.55,24664
2026-02-02 11:45:00-05:00,4.55,4.56,4.54,4.55,23819
2026-02-02 11:50:00-05:00,4.56,4.56,4.53,4.53,30436
2026-02-02 11:55:00-05:00,4.54,4.56,4.51,4.55,35554
2026-02-02 12:00:00-05:00,4.56,4.56,4.54,4.56,28128
2026-02-02 12:05:00-05:00,4.56,4.56,4.51,4.53,54736
2026-02-02 12:10:00-05:00,4.54,4.55,4.52,4.54,9003
2026-02-02 12:15:00-05:00,4.54,4.54,4.5,4.5,14518
2026-02-02 12:20:00-05:00,4.52,4.54,4.5,4.51,6872
2026-02-02 12:25:00-05:00,4.51,4.51,4.47,4.49,17942
2026-02-02 12:30:00-05:00,4.51,4.51,4.46,4.46,1834
2026-02-02 12:35:00-05:00,4.47,4.47,4.45,4.46,26225
2026-02-02 12:40:00-05:00,4.45,4.47,4.44,4.47,15074
2026-02-02 12:45:00-05:00,4.48,4.51,4.46,4.5,18245
2026-02-02 12:50:00-05:00,4.51,4.54,4.5,4.52,14370
2026-02-02 12:55:00-05:00,4.52,4.56,4.47,4.52,25994
2026-02-02 13:00:00-05:00,4.52,4.71,4.52,4.7,88206
2026-02-02 13:05:00-05:00,4.71,4.71,4.65,4.66,11456
2026-02-02 13:10:00-05:00,4.65,4.67,4.6,4.6,12858
2026-02-02 13:15:00-05:00,4.61,4.67,4.6,4.65,13655
2026-02-02 13:20:00-05:00,4.67,4.73,4.65,4.7,27267
2026-02-02 13:25:00-05:00,4.71,4.71,4.65,4.67,34138
2026-02-02 13:30:00-05:00,4.65,4.7,4.64,4.67,15109
2026-02-02 13:35:00-05:00,4.68,4.69,4.66,4.68,10786
2026-02-02 13:40:00-05:00,4.66,4.69,4.62,4.64,21259
2026-02-02 13:45:00-05:00,4.62,4.65,4.6,4.65,30719
2026-02-02 13:50:00-05:00,4.64,4.66,4.62,4.64,16911
2026-02-02 13:55:00-05:00,4.66,4.69,4.62,4.68,9627
2026-02-02 14:00:00-05:00,4.69,4.73,4.66,4.68,36080
2026-02-02 14:05:00-05:00,4.66,4.69,4.63,4.65,12030
2026-02-02 14:10:00-05:00,4.65,4.67,4.62,4.64,21842
2026-02-02 14:15:00-05:00,4.64,4.69,4.62,4.64,17770
2026-02-02 14:20:00-05:00,4.66,4.72,4.66,4.72,15012
2026-02-02 14:25:00-05:00,4.71,4.73,4.66,4.66,29055
2026-02-02 14:30:00-05:00,4.66,4.67,4.62,4.64,31228
2026-02-02 14:35:00-05:00,4.65,4.67,4.6,4.6,27433
2026-02-02 14:40:00-05:00,4.62,4.67,4.6,4.67,17926
2026-02-02 14:45:00-05:00,4.67,4.69,4.63,4.64,25374
2026-02-02 14:50:00-05:00,4.67,4.67,4.51,4.55,31321
2026-02-02 14:55:00-05:00,4.55,4.65,4.51,4.6,29903
2026-02-02 15:00:00-05:00,4.58,4.62,4.52,4.59,20621
2026-02-02 15:05:00-05:00,4.6,4.62,4.58,4.62,3907
2026-02-02 15:10:00-05:00,4.6,4.62,4.55,4.61,15672
2026-02-02 15:15:00-05:00,4.58,4.64,4.56,4.62,24417
2026-02-02 15:20:00-05:00,4.61,4.64,4.58,4.58,45327
2026-02-02 15:25:00-05:00,4.6,4.62,4.52,4.54,13299
2026-02-02 15:30:00-05:00,4.52,4.57,4.5,4.51,34925
2026-02-02 15:35:00-05:00,4.52,4.54,4.47,4.54,23998
2026-02-02 15:40:00-05:00,4.52,4.56,4.49,4.52,23778
2026-02-02 15:45:00-05:00,4.5,4.54,4.47,4.51,59797
2026-02-02 15:50:00-05:00,4.49,4.52,4.46,4.48,59962
2026-02-02 15:55:00-05:00,4.48,4.49,4.31,4.36,85200
2026-02-03 09:30:00-05:00,4.27,4.29,4.05,4.2,87119
2026-02-03 09:35:00-05:00,4.22,4.25,4.17,4.22,51367
2026-02-03 09:40:00-05:00,4.23,4.31,4.2,4.26,24022
2026-02-03 09:45:00-05:00,4.25,4.26,4.15,4.18,29791
2026-02-03 09:50:00-05:00,4.15,4.24,4.15,4.19,29794
2026-02-03 09:55:00-05:00,4.15,4.19,4.14,4.14,25731
2026-02-03 10:00:00-05:00,4.14,4.16,4.09,4.13,55850
2026-02-03 10:05:00-05:00,4.15,4.15,4.1,4.11,13775
2026-02-03 10:10:00-05:00,4.11,4.15,4.09,4.1,24769
2026-02-03 10:15:00-05:00,4.09,4.12,4.08,4.12,56889
2026-02-03 10:20:00-05:00,4.12,4.2,4.12,4.15,44718
2026-02-03 10:25:00-05:00,4.13,4.2,4.13,4.17,9233
2026-02-03 10:30:00-05:00,4.17,4.25,4.17,4.24,9077
2026-02-03 10:35:00-05:00,4.24,4.25,4.2,4.23,11822
2026-02-03 10:40:00-05:00,4.25,4.25,4.21,4.21,4243
2026-02-03 10:45:00-05:00,4.21,4.26,4.21,4.25,5097
2026-02-03 10:50:00-05:00,4.23,4.26,4.23,4.24,4511
2026-02-03 10:55:00-05:00,4.23,4.24,4.18,4.2,11897
2026-02-03 11:00:00-05:00,4.21,4.23,4.2,4.2,11615
2026-02-03 11:05:00-05:00,4.19,4.19,4.11,4.15,29152
2026-02-03 11:10:00-05:00,4.15,4.16,4.12,4.15,23035
2026-02-03 11:15:00-05:00,4.12,4.16,4.12,4.14,6335
2026-02-03 11:20:00-05:00,4.13,4.13,4.1,4.1,12918
2026-02-03 11:25:00-05:00,4.12,4.13,4.09,4.09,16049
2026-02-03 11:30:00-05:00,4.1,4.12,4.08,4.1,7261
2026-02-03 11:35:00-05:00,4.11,4.11,4.09,4.09,19143
2026-02-03 11:40:00-05:00,4.1,4.12,4.1,4.12,10142
2026-02-03 11:45:00-05:00,4.11,4.11,4.09,4.1,7412
2026-02-03 11:50:00-05:00,4.1,4.1,4.09,4.1,3264
2026-02-03 11:55:00-05:00,4.11,4.14,4.1,4.11,19669
2026-02-03 12:00:00-05:00,4.12,4.14,4.11,4.14,3404
2026-02-03 12:05:00-05:00,4.15,4.15,4.12,4.12,8732
2026-02-03 12:10:00-05:00,4.12,4.15,4.12,4.14,9029
2026-02-03 12:15:00-05:00,4.15,4.16,4.12,4.16,11153
2026-02-03 12:20:00-05:00,4.15,4.2,4.12,4.17,24642
2026-02-03 12:25:00-05:00,4.17,4.17,4.12,4.14,17865
2026-02-03 12:30:00-05:00,4.12,4.16,4.12,4.15,12371
2026-02-03 12:35:00-05:00,4.15,4.16,4.13,4.14,9773
2026-02-03 12:40:00-05:00,4.13,4.15,4.1,4.1,25122
2026-02-03 12:45:00-05:00,4.11,4.11,4.06,4.09,24044
2026-02-03 12:50:00-05:00,4.06,4.1,4.05,4.06,14180
2026-02-03 12:55:00-05:00,4.07,4.07,4.04,4.05,16420
2026-02-03 13:00:00-05:00,4.05,4.05,4,4.03,43481
2026-02-03 13:05:00-05:00,4.04,4.09,4.03,4.05,24584
2026-02-03 13:10:00-05:00,4.07,4.08,4,4,16638
2026-02-03 13:15:00-05:00,4.01,4.04,3.95,4.01,67339
2026-02-03 13:20:00-05:00,4,4.01,3.95,3.95,19171
2026-02-03 13:25:00-05:00,3.95,3.99,3.92,3.93,41460
2026-02-03 13:30:00-05:00,3.92,3.96,3.9,3.94,43811
2026-02-03 13:35:00-05:00,3.95,4.04,3.94,4.04,23650
2026-02-03 13:40:00-05:00,4.02,4.04,3.97,3.99,24434
2026-02-03 13:45:00-05:00,4,4,3.96,3.99,35184
2026-02-03 13:50:00-05:00,3.99,4.04,3.98,4.04,11817
2026-02-03 13:55:00-05:00,4.04,4.08,4.03,4.03,16748
2026-02-03 14:00:00-05:00,4.03,4.05,4.02,4.04,1503
2026-02-03 14:05:00-05:00,4.04,4.05,4.01,4.04,7808
2026-02-03 14:10:00-05:00,4.05,4.15,4.03,4.07,39392
2026-02-03 14:15:00-05:00,4.1,4.16,4.06,4.13,34220
2026-02-03 14:20:00-05:00,4.16,4.16,4.14,4.14,19289
2026-02-03 14:25:00-05:00,4.15,4.17,4.14,4.16,12390
2026-02-03 14:30:00-05:00,4.15,4.17,4.14,4.17,5398
2026-02-03 14:35:00-05:00,4.17,4.2,4.16,4.16,22066
2026-02-03 14:40:00-05:00,4.2,4.27,4.2,4.27,12606
2026-02-03 14:45:00-05:00,4.27,4.27,4.16,4.19,22981
2026-02-03 14:50:00-05:00,4.19,4.22,4.16,4.17,12983
2026-02-03 14:55:00-05:00,4.19,4.2,4.17,4.17,4709
2026-02-03 15:00:00-05:00,4.16,4.19,4.15,4.16,23383
2026-02-03 15:05:00-05:00,4.16,4.18,4.1,4.12,21542
2026-02-03 15:10:00-05:00,4.12,4.14,4.1,4.14,8447
2026-02-03 15:15:00-05:00,4.14,4.2,4.14,4.19,14700
2026-02-03 15:20:00-05:00,4.19,4.24,4.18,4.23,14186
2026-02-03 15:25:00-05:00,4.22,4.23,4.2,4.2,10314
2026-02-03 15:30:00-05:00,4.19,4.22,4.14,4.17,11886
2026-02-03 15:35:00-05:00,4.16,4.17,4.12,4.15,8626
2026-02-03 15:40:00-05:00,4.15,4.15,4.12,4.15,14396
2026-02-03 15:45:00-05:00,4.15,4.15,4.08,4.14,20465
2026-02-03 15:50:00-05:00,4.11,4.15,4.08,4.14,20981
2026-02-03 15:55:00-05:00,4.14,4.21,4.1,4.2,15686
2026-02-04 09:30:00-05:00,4.27,4.27,4.08,4.2,43164
2026-02-04 09:35:00-05:00,4.16,4.19,4.11,4.13,5760
2026-02-04 09:40:00-05:00,4.2,4.2,4.12,4.18,5200
2026-02-04 09:45:00-05:00,4.15,4.26,4.15,4.22,9391
2026-02-04 09:50:00-05:00,4.26,4.26,4.2,4.21,5852
2026-02-04 09:55:00-05:00,4.25,4.27,4.2,4.21,19684
2026-02-04 10:00:00-05:00,4.24,4.26,4.2,4.2,4758
2026-02-04 10:05:00-05:00,4.21,4.33,4.2,4.29,29390
2026-02-04 10:10:00-05:00,4.33,4.35,4.3,4.33,7632
2026-02-04 10:15:00-05:00,4.3,4.35,4.3,4.3,11061
2026-02-04 10:20:00-05:00,4.3,4.36,4.27,4.27,44133
2026-02-04 10:25:00-05:00,4.33,4.34,4.26,4.28,43606
2026-02-04 10:30:00-05:00,4.27,4.27,4.16,4.2,59007
2026-02-04 10:35:00-05:00,4.21,4.25,4.2,4.22,8110
2026-02-04 10:40:00-05:00,4.22,4.25,4.21,4.24,1577
2026-02-04 10:45:00-05:00,4.26,4.33,4.26,4.31,18293
2026-02-04 10:50:00-05:00,4.3,4.3,4.22,4.29,9264
2026-02-04 10:55:00-05:00,4.3,4.32,4.28,4.29,1864
2026-02-04 11:00:00-05:00,4.29,4.29,4.23,4.23,9302
2026-02-04 11:05:00-05:00,4.22,4.25,4.22,4.25,1976
2026-02-04 11:10:00-05:00,4.23,4.23,4.22,4.22,2752
2026-02-04 11:15:00-05:00,4.24,4.26,4.22,4.23,1809
2026-02-04 11:20:00-05:00,4.23,4.23,4.2,4.23,4226
2026-02-04 11:25:00-05:00,4.24,4.26,4.23,4.26,4865
2026-02-04 11:30:00-05:00,4.25,4.25,4.21,4.22,1994
2026-02-04 11:35:00-05:00,4.22,4.22,4.2,4.2,3689
2026-02-04 11:40:00-05:00,4.2,4.2,4.18,4.18,1933
2026-02-04 11:45:00-05:00,4.17,4.18,4.1,4.13,18230
2026-02-04 11:50:00-05:00,4.14,4.15,4.12,4.13,2366
2026-02-04 11:55:00-05:00,4.13,4.16,4.13,4.15,4879
2026-02-04 12:00:00-05:00,4.15,4.17,4.14,4.15,6300
2026-02-04 12:05:00-05:00,4.16,4.16,4.15,4.16,4155
2026-02-04 12:10:00-05:00,4.16,4.2,4.16,4.18,24372
2026-02-04 12:15:00-05:00,4.18,4.18,4.16,4.16,625
2026-02-04 12:20:00-05:00,4.17,4.18,4.17,4.17,1171
2026-02-04 12:25:00-05:00,4.16,4.17,4.12,4.13,6410
2026-02-04 12:30:00-05:00,4.15,4.16,4.14,4.14,1940
2026-02-04 12:35:00-05:00,4.15,4.15,4.11,4.12,8117
2026-02-04 12:40:00-05:00,4.12,4.12,4.07,4.07,14296
2026-02-04 12:45:00-05:00,4.09,4.12,4.06,4.11,21677
2026-02-04 12:50:00-05:00,4.1,4.11,4.06,4.09,12506
2026-02-04 12:55:00-05:00,4.09,4.12,4.09,4.12,11491
2026-02-04 13:00:00-05:00,4.13,4.13,4.09,4.09,3419
2026-02-04 13:05:00-05:00,4.11,4.12,4.11,4.11,1313
2026-02-04 13:10:00-05:00,4.11,4.12,4.06,4.06,8504
2026-02-04 13:15:00-05:00,4.08,4.08,4.06,4.08,821
2026-02-04 13:20:00-05:00,4.1,4.11,4.06,4.06,3734
2026-02-04 13:25:00-05:00,4.08,4.12,4.08,4.12,6718
2026-02-04 13:30:00-05:00,4.12,4.13,4.11,4.13,971
2026-02-04 13:35:00-05:00,4.13,4.13,4.1,4.1,2363
2026-02-04 13:40:00-05:00,4.11,4.14,4.11,4.14,307
2026-02-04 13:45:00-05:00,4.14,4.15,4.14,4.15,714
2026-02-04 13:50:00-05:00,4.13,4.15,4.12,4.15,2927
2026-02-04 13:55:00-05:00,4.17,4.18,4.15,4.15,3515
2026-02-04 14:00:00-05:00,4.16,4.17,4.1,4.15,10628
2026-02-04 14:05:00-05:00,4.12,4.19,4.12,4.17,11202
2026-02-04 14:10:00-05:00,4.14,4.21,4.13,4.18,7142
2026-02-04 14:15:00-05:00,4.17,4.2,4.16,4.19,11828
2026-02-04 14:20:00-05:00,4.17,4.25,4.17,4.24,18969
2026-02-04 14:25:00-05:00,4.21,4.25,4.2,4.24,33304
2026-02-04 14:30:00-05:00,4.24,4.25,4.21,4.25,19764
2026-02-04 14:35:00-05:00,4.25,4.25,4.23,4.23,14559
2026-02-04 14:40:00-05:00,4.25,4.31,4.23,4.3,24361
2026-02-04 14:45:00-05:00,4.3,4.3,4.22,4.28,17496
2026-02-04 14:50:00-05:00,4.28,4.28,4.22,4.27,10287
2026-02-04 14:55:00-05:00,4.28,4.34,4.24,4.34,14924
2026-02-04 15:00:00-05:00,4.3,4.34,4.26,4.31,15642
2026-02-04 15:05:00-05:00,4.32,4.34,4.25,4.31,16433
2026-02-04 15:10:00-05:00,4.31,4.31,4.25,4.27,8637
2026-02-04 15:15:00-05:00,4.28,4.3,4.27,4.27,19744
2026-02-04 15:20:00-05:00,4.29,4.29,4.25,4.27,8189
2026-02-04 15:25:00-05:00,4.26,4.29,4.25,4.25,10796
2026-02-04 15:30:00-05:00,4.25,4.28,4.24,4.28,11575
2026-02-04 15:35:00-05:00,4.26,4.29,4.23,4.27,16284
2026-02-04 15:40:00-05:00,4.26,4.28,4.17,4.21,71626
2026-02-04 15:45:00-05:00,4.21,4.26,4.2,4.25,17904
2026-02-04 15:50:00-05:00,4.25,4.27,4.23,4.26,10404
2026-02-04 15:55:00-05:00,4.25,4.25,4.2,4.22,10325
2026-02-05 09:30:00-05:00,4.2,4.23,4.11,4.14,24026
2026-02-05 09:35:00-05:00,4.16,4.26,4.14,4.24,49017
2026-02-05 09:40:00-05:00,4.23,4.34,4.23,4.3,13885
2026-02-05 09:45:00-05:00,4.28,4.32,4.22,4.23,10248
2026-02-05 09:50:00-05:00,4.26,4.31,4.26,4.31,8987
2026-02-05 09:55:00-05:00,4.3,4.4,4.28,4.36,34799
2026-02-05 10:00:00-05:00,4.34,4.38,4.33,4.38,13125
2026-02-05 10:05:00-05:00,4.4,4.42,4.37,4.42,23257
2026-02-05 10:10:00-05:00,4.41,4.41,4.3,4.3,25003
2026-02-05 10:15:00-05:00,4.3,4.34,4.3,4.34,31646
2026-02-05 10:20:00-05:00,4.33,4.34,4.31,4.31,6434
2026-02-05 10:25:00-05:00,4.34,4.36,4.3,4.35,23993
2026-02-05 10:30:00-05:00,4.36,4.37,4.28,4.29,11816
2026-02-05 10:35:00-05:00,4.29,4.3,4.23,4.27,27618
2026-02-05 10:40:00-05:00,4.28,4.28,4.25,4.25,7476
2026-02-05 10:45:00-05:00,4.25,4.26,4.2,4.25,13527
2026-02-05 10:50:00-05:00,4.24,4.25,4.2,4.21,5615
2026-02-05 10:55:00-05:00,4.22,4.29,4.2,4.29,7524
2026-02-05 11:00:00-05:00,4.29,4.3,4.25,4.25,6925
2026-02-05 11:05:00-05:00,4.26,4.27,4.22,4.24,3441
2026-02-05 11:10:00-05:00,4.25,4.28,4.25,4.27,3432
2026-02-05 11:15:00-05:00,4.28,4.39,4.28,4.37,15166
2026-02-05 11:20:00-05:00,4.38,4.4,4.33,4.38,19041
2026-02-05 11:25:00-05:00,4.4,4.41,4.36,4.4,7307
2026-02-05 11:30:00-05:00,4.4,4.4,4.31,4.36,21050
2026-02-05 11:35:00-05:00,4.36,4.39,4.33,4.39,10019
2026-02-05 11:40:00-05:00,4.36,4.42,4.35,4.37,8536
2026-02-05 11:45:00-05:00,4.38,4.38,4.3,4.34,53905
2026-02-05 11:50:00-05:00,4.34,4.38,4.33,4.36,5483
2026-02-05 11:55:00-05:00,4.36,4.38,4.36,4.37,10849
2026-02-05 12:00:00-05:00,4.36,4.36,4.34,4.34,4030
2026-02-05 12:05:00-05:00,4.34,4.37,4.34,4.35,2989
2026-02-05 12:10:00-05:00,4.33,4.35,4.3,4.32,2116
2026-02-05 12:15:00-05:00,4.33,4.36,4.3,4.3,17473
2026-02-05 12:20:00-05:00,4.31,4.34,4.26,4.3,12456
2026-02-05 12:25:00-05:00,4.3,4.34,4.29,4.33,13915
2026-02-05 12:30:00-05:00,4.34,4.35,4.31,4.35,1831
2026-02-05 12:35:00-05:00,4.35,4.36,4.34,4.36,2478
2026-02-05 12:40:00-05:00,4.36,4.4,4.36,4.4,4224
2026-02-05 12:45:00-05:00,4.4,4.4,4.39,4.39,4515
2026-02-05 12:50:00-05:00,4.38,4.41,4.37,4.39,3540
2026-02-05 12:55:00-05:00,4.41,4.41,4.37,4.4,3192
2026-02-05 13:00:00-05:00,4.36,4.4,4.31,4.34,18589
2026-02-05 13:05:00-05:00,4.35,4.37,4.28,4.28,6752
2026-02-05 13:10:00-05:00,4.28,4.33,4.27,4.31,3133
2026-02-05 13:15:00-05:00,4.32,4.32,4.26,4.32,15065
2026-02-05 13:20:00-05:00,4.29,4.32,4.25,4.28,12819
2026-02-05 13:25:00-05:00,4.28,4.32,4.27,4.32,8870
2026-02-05 13:30:00-05:00,4.3,4.32,4.26,4.3,9811
2026-02-05 13:35:00-05:00,4.26,4.3,4.17,4.18,19702
2026-02-05 13:40:00-05:00,4.17,4.19,4.15,4.17,31478
2026-02-05 13:45:00-05:00,4.15,4.18,4.15,4.15,10808
2026-02-05 13:50:00-05:00,4.17,4.2,4.15,4.19,17095
2026-02-05 13:55:00-05:00,4.2,4.22,4.15,4.21,22416
2026-02-05 14:00:00-05:00,4.19,4.22,4.18,4.19,12031
2026-02-05 14:05:00-05:00,4.2,4.25,4.2,4.25,10051
2026-02-05 14:10:00-05:00,4.25,4.26,4.21,4.25,5807
2026-02-05 14:15:00-05:00,4.24,4.25,4.2,4.2,6357
2026-02-05 14:20:00-05:00,4.23,4.24,4.2,4.24,6067
2026-02-05 14:25:00-05:00,4.22,4.24,4.17,4.18,4085
2026-02-05 14:30:00-05:00,4.17,4.21,4.16,4.2,8727
2026-02-05 14:35:00-05:00,4.18,4.2,4.17,4.19,2269
2026-02-05 14:40:00-05:00,4.19,4.19,4.16,4.16,6015
2026-02-05 14:45:00-05:00,4.18,4.19,4.16,4.18,2182
2026-02-05 14:50:00-05:00,4.18,4.19,4.16,4.16,2503
2026-02-05 14:55:00-05:00,4.18,4.19,4.17,4.19,1974
2026-02-05 15:00:00-05:00,4.18,4.21,4.15,4.17,16995
2026-02-05 15:05:00-05:00,4.21,4.24,4.18,4.21,14215
2026-02-05 15:10:00-05:00,4.2,4.22,4.16,4.19,23003
2026-02-05 15:15:00-05:00,4.18,4.19,4.12,4.12,22682
2026-02-05 15:20:00-05:00,4.13,4.15,4.11,4.15,16466
2026-02-05 15:25:00-05:00,4.15,4.18,4.11,4.15,15897
2026-02-05 15:30:00-05:00,4.16,4.16,4.12,4.13,14349
2026-02-05 15:35:00-05:00,4.12,4.16,4.11,4.15,23015
2026-02-05 15:40:00-05:00,4.16,4.18,4.09,4.09,77847
2026-02-05 15:45:00-05:00,4.09,4.14,4.08,4.1,32377
2026-02-05 15:50:00-05:00,4.11,4.14,4.1,4.11,31083
2026-02-05 15:55:00-05:00,4.1,4.11,4.07,4.08,15811
2026-02-06 09:30:00-05:00,4.16,4.28,4.16,4.28,46696
2026-02-06 09:35:00-05:00,4.23,4.25,4.18,4.2,31534
2026-02-06 09:40:00-05:00,4.19,4.25,4.17,4.19,13526
2026-02-06 09:45:00-05:00,4.2,4.32,4.2,4.32,24011
2026-02-06 09:50:00-05:00,4.32,4.36,4.25,4.25,16962
2026-02-06 09:55:00-05:00,4.23,4.27,4.23,4.23,6220
2026-02-06 10:00:00-05:00,4.2,4.23,4.2,4.22,2921
2026-02-06 10:05:00-05:00,4.23,4.23,4.16,4.16,12066
2026-02-06 10:10:00-05:00,4.16,4.22,4.14,4.14,5585
2026-02-06 10:15:00-05:00,4.15,4.16,4.1,4.14,5071
2026-02-06 10:20:00-05:00,4.15,4.2,4.12,4.13,14515
2026-02-06 10:25:00-05:00,4.15,4.19,4.13,4.19,6079
2026-02-06 10:30:00-05:00,4.2,4.2,4.14,4.17,3411
2026-02-06 10:35:00-05:00,4.16,4.16,4.13,4.16,7584
2026-02-06 10:40:00-05:00,4.17,4.17,4.13,4.15,18735
2026-02-06 10:45:00-05:00,4.16,4.17,4.16,4.17,3297
2026-02-06 10:50:00-05:00,4.15,4.16,4.1,4.1,5835
2026-02-06 10:55:00-05:00,4.11,4.15,4.1,4.12,5248
2026-02-06 11:00:00-05:00,4.16,4.2,4.15,4.16,11522
2026-02-06 11:05:00-05:00,4.16,4.16,4.12,4.14,25555
2026-02-06 11:10:00-05:00,4.13,4.14,4.1,4.12,3471
2026-02-06 11:15:00-05:00,4.15,4.15,4.1,4.1,2417
2026-02-06 11:20:00-05:00,4.1,4.15,4.05,4.06,17485
2026-02-06 11:25:00-05:00,4.07,4.09,4.07,4.09,2817
2026-02-06 11:30:00-05:00,4.1,4.14,4.1,4.11,5671
2026-02-06 11:35:00-05:00,4.15,4.16,4.12,4.16,5901
2026-02-06 11:40:00-05:00,4.12,4.13,4.12,4.12,3323
2026-02-06 11:45:00-05:00,4.13,4.13,4.13,4.13,205
2026-02-06 11:50:00-05:00,4.14,4.16,4.13,4.13,5555
2026-02-06 11:55:00-05:00,4.14,4.14,4.14,4.14,549
2026-02-06 12:00:00-05:00,4.13,4.13,4.13,4.13,2625
2026-02-06 12:05:00-05:00,4.13,4.16,4.13,4.16,2273
2026-02-06 12:10:00-05:00,4.17,4.17,4.14,4.16,1795
2026-02-06 12:15:00-05:00,4.11,4.14,4.11,4.12,1891
2026-02-06 12:20:00-05:00,4.14,4.16,4.14,4.16,4428
2026-02-06 12:25:00-05:00,4.16,4.2,4.14,4.17,29471
2026-02-06 12:30:00-05:00,4.18,4.19,4.16,4.17,7329
2026-02-06 12:35:00-05:00,4.18,4.19,4.18,4.18,7622
2026-02-06 12:40:00-05:00,4.18,4.18,4.16,4.16,3325
2026-02-06 12:45:00-05:00,4.18,4.19,4.17,4.18,1941
2026-02-06 12:50:00-05:00,4.17,4.19,4.17,4.19,4524
2026-02-06 12:55:00-05:00,4.16,4.19,4.15,4.18,9672
2026-02-06 13:00:00-05:00,4.17,4.19,4.16,4.19,3717
2026-02-06 13:05:00-05:00,4.18,4.19,4.14,4.14,1301
2026-02-06 13:10:00-05:00,4.14,4.17,4.13,4.13,6299
2026-02-06 13:15:00-05:00,4.12,4.17,4.12,4.14,2134
2026-02-06 13:20:00-05:00,4.16,4.17,4.12,4.12,13651
2026-02-06 13:25:00-05:00,4.14,4.16,4.08,4.12,14949
2026-02-06 13:30:00-05:00,4.1,4.12,4.06,4.07,11446
2026-02-06 13:35:00-05:00,4.09,4.11,4.06,4.07,9425
2026-02-06 13:40:00-05:00,4.1,4.12,4.05,4.07,22818
2026-02-06 13:45:00-05:00,4.07,4.1,4.06,4.09,17212
2026-02-06 13:50:00-05:00,4.07,4.1,4.07,4.09,6414
2026-02-06 13:55:00-05:00,4.1,4.11,4.07,4.11,9360
2026-02-06 14:00:00-05:00,4.09,4.11,4.05,4.05,5820
2026-02-06 14:05:00-05:00,4.07,4.1,4.07,4.07,4992
2026-02-06 14:10:00-05:00,4.09,4.18,4.07,4.14,14761
2026-02-06 14:15:00-05:00,4.14,4.18,4.14,4.17,11761
2026-02-06 14:20:00-05:00,4.15,4.19,4.13,4.19,2370
2026-02-06 14:25:00-05:00,4.17,4.23,4.15,4.23,8243
2026-02-06 14:30:00-05:00,4.21,4.23,4.17,4.18,7785
2026-02-06 14:35:00-05:00,4.19,4.2,4.15,4.17,22597
2026-02-06 14:40:00-05:00,4.19,4.19,4.15,4.17,3010
2026-02-06 14:45:00-05:00,4.16,4.23,4.15,4.23,20330
2026-02-06 14:50:00-05:00,4.23,4.23,4.18,4.2,6735
2026-02-06 14:55:00-05:00,4.23,4.23,4.15,4.19,21728
2026-02-06 15:00:00-05:00,4.17,4.2,4.15,4.2,9869
2026-02-06 15:05:00-05:00,4.17,4.2,4.16,4.17,7092
2026-02-06 15:10:00-05:00,4.17,4.19,4.15,4.16,6613
2026-02-06 15:15:00-05:00,4.18,4.19,4.16,4.18,20571
2026-02-06 15:20:00-05:00,4.18,4.23,4.17,4.23,13036
2026-02-06 15:25:00-05:00,4.22,4.23,4.18,4.19,9918
2026-02-06 15:30:00-05:00,4.19,4.2,4.17,4.18,12701
2026-02-06 15:35:00-05:00,4.18,4.19,4.16,4.18,27438
2026-02-06 15:40:00-05:00,4.16,4.21,4.16,4.2,13895
2026-02-06 15:45:00-05:00,4.2,4.22,4.18,4.19,16683
2026-02-06 15:50:00-05:00,4.18,4.23,4.18,4.22,45364
2026-02-06 15:55:00-05:00,4.22,4.25,4.19,4.22,30980
2026-02-09 09:30:00-05:00,4.3,4.3,4.22,4.25,12126
2026-02-09 09:35:00-05:00,4.24,4.24,4.22,4.22,6281
2026-02-09 09:40:00-05:00,4.22,4.22,4.1,4.15,37608
2026-02-09 09:45:00-05:00,4.14,4.16,4.11,4.12,11552
2026-02-09 09:50:00-05:00,4.12,4.12,4.08,4.11,23129
2026-02-09 09:55:00-05:00,4.16,4.19,4.14,4.16,18875
2026-02-09 10:00:00-05:00,4.16,4.21,4.11,4.18,28892
2026-02-09 10:05:00-05:00,4.17,4.2,4.17,4.19,8920
2026-02-09 10:10:00-05:00,4.18,4.2,4.13,4.16,15128
2026-02-09 10:15:00-05:00,4.17,4.17,4.16,4.16,395
2026-02-09 10:20:00-05:00,4.18,4.2,4.18,4.18,27127
2026-02-09 10:25:00-05:00,4.18,4.19,4.15,4.15,5164
2026-02-09 10:30:00-05:00,4.16,4.18,4.15,4.18,7774
2026-02-09 10:35:00-05:00,4.16,4.19,4.12,4.12,11730
2026-02-09 10:40:00-05:00,4.17,4.17,4.11,4.11,18690
2026-02-09 10:45:00-05:00,4.16,4.19,4.16,4.19,2604
2026-02-09 10:50:00-05:00,4.19,4.2,4.14,4.18,24006
2026-02-09 10:55:00-05:00,4.15,4.18,4.15,4.18,5550
2026-02-09 11:00:00-05:00,4.18,4.21,4.16,4.16,5575
2026-02-09 11:05:00-05:00,4.18,4.18,4.16,4.16,5931
2026-02-09 11:10:00-05:00,4.18,4.24,4.18,4.23,3154
2026-02-09 11:15:00-05:00,4.24,4.24,4.23,4.23,1803
2026-02-09 11:20:00-05:00,4.25,4.25,4.2,4.2,55203
2026-02-09 11:25:00-05:00,4.19,4.2,4.19,4.2,1250
2026-02-09 11:30:00-05:00,4.2,4.21,4.2,4.21,901
2026-02-09 11:35:00-05:00,4.2,4.2,4.19,4.19,1629
2026-02-09 11:40:00-05:00,4.18,4.2,4.18,4.2,1419
2026-02-09 11:45:00-05:00,4.19,4.2,4.18,4.2,4938
2026-02-09 11:50:00-05:00,4.18,4.2,4.18,4.2,1096
2026-02-09 11:55:00-05:00,4.2,4.21,4.2,4.21,1927
2026-02-09 12:00:00-05:00,4.23,4.24,4.21,4.24,3501
2026-02-09 12:05:00-05:00,4.22,4.22,4.19,4.19,5998
2026-02-09 12:10:00-05:00,4.19,4.2,4.18,4.18,3041
2026-02-09 12:15:00-05:00,4.18,4.19,4.13,4.15,14586
2026-02-09 12:20:00-05:00,4.13,4.16,4.13,4.14,5041
2026-02-09 12:25:00-05:00,4.15,4.16,4.15,4.16,1994
2026-02-09 12:30:00-05:00,4.14,4.16,4.12,4.13,3693
2026-02-09 12:35:00-05:00,4.14,4.16,4.14,4.15,4473
2026-02-09 12:40:00-05:00,4.15,4.16,4.13,4.15,5575
2026-02-09 12:45:00-05:00,4.16,4.2,4.13,4.18,11451
2026-02-09 12:50:00-05:00,4.17,4.2,4.17,4.19,8627
2026-02-09 12:55:00-05:00,4.19,4.21,4.17,4.17,16731
2026-02-09 13:00:00-05:00,4.19,4.2,4.15,4.17,7785
2026-02-09 13:05:00-05:00,4.17,4.18,4.13,4.14,7771
2026-02-09 13:10:00-05:00,4.13,4.17,4.13,4.14,10160
2026-02-09 13:15:00-05:00,4.14,4.16,4.13,4.15,4412
2026-02-09 13:20:00-05:00,4.13,4.16,4.12,4.14,13290
2026-02-09 13:25:00-05:00,4.15,4.15,4.12,4.15,4310
2026-02-09 13:30:00-05:00,4.14,4.14,4.13,4.13,2773
2026-02-09 13:35:00-05:00,4.13,4.15,4.11,4.14,9417
2026-02-09 13:40:00-05:00,4.15,4.16,4.12,4.14,8181
2026-02-09 13:45:00-05:00,4.13,4.16,4.13,4.14,15860
2026-02-09 13:50:00-05:00,4.14,4.17,4.14,4.16,11738
2026-02-09 13:55:00-05:00,4.17,4.17,4.13,4.15,10671
2026-02-09 14:00:00-05:00,4.15,4.15,4.15,4.15,465
2026-02-09 14:05:00-05:00,4.15,4.15,4.14,4.15,3017
2026-02-09 14:10:00-05:00,4.15,4.17,4.15,4.17,849
2026-02-09 14:15:00-05:00,4.18,4.19,4.16,4.17,7020
2026-02-09 14:25:00-05:00,4.19,4.19,4.16,4.16,809
2026-02-09 14:30:00-05:00,4.17,4.19,4.17,4.19,2523
2026-02-09 14:35:00-05:00,4.19,4.22,4.17,4.22,3245
2026-02-09 14:40:00-05:00,4.21,4.24,4.17,4.17,13941
2026-02-09 14:45:00-05:00,4.2,4.23,4.18,4.22,11096
2026-02-09 14:50:00-05:00,4.22,4.23,4.2,4.22,12253
2026-02-09 14:55:00-05:00,4.21,4.23,4.19,4.21,13508
2026-02-09 15:00:00-05:00,4.22,4.22,4.18,4.22,10779
2026-02-09 15:05:00-05:00,4.21,4.23,4.19,4.22,7329
2026-02-09 15:10:00-05:00,4.2,4.21,4.18,4.19,7517
2026-02-09 15:15:00-05:00,4.2,4.22,4.18,4.22,6897
2026-02-09 15:20:00-05:00,4.2,4.25,4.2,4.24,10124
2026-02-09 15:25:00-05:00,4.23,4.25,4.21,4.24,12498
2026-02-09 15:30:00-05:00,4.25,4.27,4.25,4.27,23544
2026-02-09 15:35:00-05:00,4.27,4.29,4.27,4.27,17447
2026-02-09 15:40:00-05:00,4.28,4.29,4.24,4.28,67536
2026-02-09 15:45:00-05:00,4.28,4.28,4.24,4.27,10173
2026-02-09 15:50:00-05:00,4.28,4.28,4.24,4.25,11348
2026-02-09 15:55:00-05:00,4.24,4.26,4.21,4.24,12707
2026-02-10 09:30:00-05:00,4.17,4.2,4.15,4.15,24441
2026-02-10 09:35:00-05:00,4.15,4.18,4.1,4.18,43788
2026-02-10 09:40:00-05:00,4.17,4.18,4.11,4.18,9525
2026-02-10 09:45:00-05:00,4.21,4.24,4.2,4.22,5688
2026-02-10 09:50:00-05:00,4.25,4.27,4.22,4.25,10085
2026-02-10 09:55:00-05:00,4.24,4.27,4.23,4.26,18436
2026-02-10 10:00:00-05:00,4.27,4.28,4.25,4.26,21480
2026-02-10 10:05:00-05:00,4.28,4.31,4.24,4.29,13287
2026-02-10 10:10:00-05:00,4.3,4.3,4.24,4.27,4752
2026-02-10 10:15:00-05:00,4.25,4.27,4.25,4.27,7600
2026-02-10 10:20:00-05:00,4.28,4.31,4.28,4.3,13464
2026-02-10 10:25:00-05:00,4.31,4.35,4.29,4.34,16394
2026-02-10 10:30:00-05:00,4.33,4.35,4.31,4.35,4966
2026-02-10 10:35:00-05:00,4.35,4.37,4.31,4.32,13676
2026-02-10 10:40:00-05:00,4.31,4.31,4.29,4.3,4442
2026-02-10 10:45:00-05:00,4.3,4.31,4.3,4.31,3766
2026-02-10 10:50:00-05:00,4.3,4.31,4.3,4.3,5263
2026-02-10 10:55:00-05:00,4.3,4.3,4.25,4.29,12959
2026-02-10 11:00:00-05:00,4.29,4.32,4.29,4.29,7817
2026-02-10 11:05:00-05:00,4.3,4.3,4.25,4.25,1614
2026-02-10 11:10:00-05:00,4.25,4.3,4.25,4.3,1994
2026-02-10 11:15:00-05:00,4.28,4.28,4.28,4.28,104
2026-02-10 11:20:00-05:00,4.29,4.29,4.25,4.25,11640
2026-02-10 11:25:00-05:00,4.25,4.29,4.25,4.28,2715
2026-02-10 11:30:00-05:00,4.28,4.28,4.27,4.28,6303
2026-02-10 11:35:00-05:00,4.29,4.3,4.26,4.3,10018
2026-02-10 11:40:00-05:00,4.28,4.28,4.25,4.27,7760
2026-02-10 11:45:00-05:00,4.25,4.25,4.25,4.25,972
2026-02-10 11:50:00-05:00,4.26,4.26,4.25,4.26,6659
2026-02-10 11:55:00-05:00,4.26,4.28,4.26,4.28,1466
2026-02-10 12:00:00-05:00,4.28,4.3,4.26,4.3,571
2026-02-10 12:05:00-05:00,4.3,4.3,4.3,4.3,201
2026-02-10 12:10:00-05:00,4.26,4.31,4.26,4.28,1561
2026-02-10 12:15:00-05:00,4.29,4.33,4.29,4.33,9710
2026-02-10 12:20:00-05:00,4.33,4.33,4.32,4.32,4313
2026-02-10 12:25:00-05:00,4.33,4.33,4.32,4.32,14764
2026-02-10 12:30:00-05:00,4.33,4.33,4.32,4.33,23536
2026-02-10 12:35:00-05:00,4.33,4.35,4.32,4.35,13628
2026-02-10 12:40:00-05:00,4.35,4.35,4.32,4.34,12739
2026-02-10 12:45:00-05:00,4.35,4.36,4.32,4.34,18761
2026-02-10 12:50:00-05:00,4.33,4.37,4.33,4.36,15153
2026-02-10 12:55:00-05:00,4.36,4.37,4.36,4.37,10248
2026-02-10 13:00:00-05:00,4.37,4.39,4.37,4.39,8673
2026-02-10 13:05:00-05:00,4.38,4.39,4.36,4.37,68016
2026-02-10 13:10:00-05:00,4.36,4.38,4.35,4.37,4266
2026-02-10 13:15:00-05:00,4.35,4.38,4.32,4.35,4912
2026-02-10 13:20:00-05:00,4.35,4.36,4.32,4.33,4804
2026-02-10 13:25:00-05:00,4.32,4.34,4.3,4.31,4772
2026-02-10 13:30:00-05:00,4.32,4.34,4.3,4.32,8768
2026-02-10 13:35:00-05:00,4.34,4.34,4.31,4.31,6211
2026-02-10 13:40:00-05:00,4.34,4.35,4.31,4.34,6575
2026-02-10 13:45:00-05:00,4.32,4.32,4.32,4.32,100
2026-02-10 13:50:00-05:00,4.31,4.31,4.3,4.3,1682
2026-02-10 13:55:00-05:00,4.31,4.32,4.3,4.31,1655
2026-02-10 14:00:00-05:00,4.32,4.33,4.3,4.32,5310
2026-02-10 14:05:00-05:00,4.3,4.33,4.3,4.31,10492
2026-02-10 14:10:00-05:00,4.32,4.35,4.3,4.33,24471
2026-02-10 14:15:00-05:00,4.35,4.35,4.32,4.33,5952
2026-02-10 14:20:00-05:00,4.34,4.35,4.32,4.34,6075
2026-02-10 14:25:00-05:00,4.35,4.37,4.33,4.36,17187
2026-02-10 14:30:00-05:00,4.35,4.37,4.35,4.36,13280
2026-02-10 14:35:00-05:00,4.35,4.37,4.34,4.36,11347
2026-02-10 14:40:00-05:00,4.36,4.37,4.33,4.34,3992
2026-02-10 14:45:00-05:00,4.35,4.36,4.32,4.34,12700
2026-02-10 14:50:00-05:00,4.33,4.36,4.26,4.34,28641
2026-02-10 14:55:00-05:00,4.31,4.33,4.27,4.3,18058
2026-02-10 15:00:00-05:00,4.28,4.31,4.27,4.3,16028
2026-02-10 15:05:00-05:00,4.3,4.31,4.27,4.3,8432
2026-02-10 15:10:00-05:00,4.28,4.29,4.28,4.28,1241
2026-02-10 15:15:00-05:00,4.28,4.3,4.27,4.27,10431
2026-02-10 15:20:00-05:00,4.28,4.3,4.27,4.27,6418
2026-02-10 15:25:00-05:00,4.27,4.3,4.27,4.29,6368
2026-02-10 15:30:00-05:00,4.3,4.3,4.27,4.29,5609
2026-02-10 15:35:00-05:00,4.27,4.31,4.27,4.29,10722
2026-02-10 15:40:00-05:00,4.27,4.31,4.27,4.29,11891
2026-02-10 15:45:00-05:00,4.31,4.33,4.28,4.33,11668
2026-02-10 15:50:00-05:00,4.33,4.34,4.29,4.31,13257
2026-02-10 15:55:00-05:00,4.33,4.33,4.28,4.3,16305
2026-02-11 09:30:00-05:00,4.41,4.41,4.31,4.33,7770
2026-02-11 09:35:00-05:00,4.33,4.34,4.28,4.32,9376
2026-02-11 09:40:00-05:00,4.28,4.29,4.22,4.29,9110
2026-02-11 09:45:00-05:00,4.28,4.3,4.25,4.25,1820
2026-02-11 09:50:00-05:00,4.24,4.25,4.23,4.25,7241
2026-02-11 09:55:00-05:00,4.26,4.27,4.26,4.27,358
2026-02-11 10:00:00-05:00,4.27,4.27,4.25,4.25,8755
2026-02-11 10:05:00-05:00,4.25,4.25,4.2,4.2,2612
2026-02-11 10:10:00-05:00,4.22,4.22,4.2,4.2,11635
2026-02-11 10:15:00-05:00,4.2,4.2,4.15,4.15,20359
2026-02-11 10:20:00-05:00,4.13,4.16,4.13,4.13,5166
2026-02-11 10:25:00-05:00,4.14,4.2,4.14,4.18,7660
2026-02-11 10:30:00-05:00,4.16,4.17,4.15,4.16,3957
2026-02-11 10:35:00-05:00,4.18,4.19,4.18,4.19,1662
2026-02-11 10:40:00-05:00,4.21,4.23,4.21,4.22,2130
2026-02-11 10:45:00-05:00,4.21,4.21,4.18,4.18,4075
2026-02-11 10:50:00-05:00,4.17,4.2,4.17,4.2,591
2026-02-11 10:55:00-05:00,4.2,4.22,4.2,4.22,6913
2026-02-11 11:00:00-05:00,4.22,4.22,4.22,4.22,287
2026-02-11 11:05:00-05:00,4.23,4.23,4.18,4.19,4476
2026-02-11 11:10:00-05:00,4.19,4.19,4.17,4.17,1424
2026-02-11 11:15:00-05:00,4.19,4.2,4.18,4.2,2255
2026-02-11 11:20:00-05:00,4.2,4.22,4.2,4.2,4139
2026-02-11 11:25:00-05:00,4.22,4.24,4.22,4.23,2254
2026-02-11 11:30:00-05:00,4.22,4.22,4.2,4.2,1317
2026-02-11 11:35:00-05:00,4.23,4.23,4.19,4.23,6340
2026-02-11 11:40:00-05:00,4.21,4.22,4.2,4.2,319
2026-02-11 11:45:00-05:00,4.22,4.23,4.22,4.23,1021
2026-02-11 11:50:00-05:00,4.22,4.25,4.2,4.23,1936
2026-02-11 11:55:00-05:00,4.21,4.21,4.21,4.21,526
2026-02-11 12:00:00-05:00,4.2,4.2,4.19,4.19,5157
2026-02-11 12:05:00-05:00,4.19,4.21,4.18,4.2,12714
2026-02-11 12:10:00-05:00,4.2,4.21,4.18,4.2,11520
2026-02-11 12:15:00-05:00,4.19,4.21,4.17,4.2,4927
2026-02-11 12:20:00-05:00,4.21,4.21,4.21,4.21,600
2026-02-11 12:25:00-05:00,4.23,4.23,4.2,4.2,5147
2026-02-11 12:30:00-05:00,4.2,4.2,4.19,4.19,2482
2026-02-11 12:35:00-05:00,4.2,4.22,4.19,4.21,8078
2026-02-11 12:40:00-05:00,4.2,4.22,4.19,4.21,15522
2026-02-11 12:45:00-05:00,4.22,4.23,4.2,4.2,12412
2026-02-11 12:50:00-05:00,4.22,4.23,4.2,4.21,8314
2026-02-11 12:55:00-05:00,4.22,4.23,4.18,4.2,22164
2026-02-11 13:00:00-05:00,4.21,4.21,4.17,4.18,13543
2026-02-11 13:05:00-05:00,4.19,4.2,4.15,4.18,16506
2026-02-11 13:10:00-05:00,4.16,4.18,4.15,4.17,7672
2026-02-11 13:15:00-05:00,4.2,4.2,4.18,4.2,6030
2026-02-11 13:20:00-05:00,4.19,4.21,4.17,4.21,4536
2026-02-11 13:25:00-05:00,4.21,4.21,4.17,4.2,7486
2026-02-11 13:30:00-05:00,4.2,4.22,4.2,4.21,5043
2026-02-11 13:35:00-05:00,4.21,4.22,4.19,4.22,6864
2026-02-11 13:40:00-05:00,4.22,4.25,4.2,4.23,4539
2026-02-11 13:45:00-05:00,4.25,4.25,4.21,4.24,845
2026-02-11 13:50:00-05:00,4.23,4.25,4.21,4.24,6504
2026-02-11 13:55:00-05:00,4.24,4.25,4.24,4.25,2971
2026-02-11 14:00:00-05:00,4.26,4.28,4.23,4.27,6483
2026-02-11 14:05:00-05:00,4.28,4.28,4.25,4.27,5042
2026-02-11 14:10:00-05:00,4.26,4.28,4.24,4.28,12206
2026-02-11 14:15:00-05:00,4.26,4.29,4.24,4.26,9768
2026-02-11 14:20:00-05:00,4.29,4.3,4.26,4.29,10446
2026-02-11 14:25:00-05:00,4.3,4.3,4.25,4.29,19054
2026-02-11 14:30:00-05:00,4.28,4.29,4.25,4.27,9937
2026-02-11 14:35:00-05:00,4.27,4.29,4.25,4.26,8374
2026-02-11 14:40:00-05:00,4.26,4.29,4.25,4.27,8646
2026-02-11 14:45:00-05:00,4.27,4.29,4.25,4.28,15503
2026-02-11 14:50:00-05:00,4.28,4.28,4.25,4.26,3832
2026-02-11 14:55:00-05:00,4.27,4.27,4.26,4.27,1435
2026-02-11 15:00:00-05:00,4.26,4.29,4.26,4.29,7493
2026-02-11 15:05:00-05:00,4.28,4.29,4.25,4.27,9964
2026-02-11 15:10:00-05:00,4.26,4.27,4.22,4.23,9882
2026-02-11 15:15:00-05:00,4.23,4.25,4.22,4.24,9324
2026-02-11 15:20:00-05:00,4.22,4.26,4.22,4.25,8474
2026-02-11 15:25:00-05:00,4.24,4.26,4.22,4.22,21454
2026-02-11 15:30:00-05:00,4.23,4.25,4.2,4.22,11288
2026-02-11 15:35:00-05:00,4.22,4.26,4.2,4.24,10160
2026-02-11 15:40:00-05:00,4.24,4.27,4.22,4.25,11198
2026-02-11 15:45:00-05:00,4.25,4.26,4.22,4.24,10579
2026-02-11 15:50:00-05:00,4.26,4.26,4.2,4.23,13327
2026-02-11 15:55:00-05:00,4.21,4.25,4.2,4.24,16841
2026-02-12 09:30:00-05:00,4.21,4.3,4.21,4.25,4088
2026-02-12 09:35:00-05:00,4.25,4.26,4.18,4.24,14509
2026-02-12 09:40:00-05:00,4.23,4.25,4.18,4.18,1248
2026-02-12 09:45:00-05:00,4.18,4.19,4.06,4.09,34579
2026-02-12 09:50:00-05:00,4.08,4.15,4.08,4.13,24413
2026-02-12 09:55:00-05:00,4.14,4.15,4.13,4.15,7091
2026-02-12 10:00:00-05:00,4.14,4.15,4.14,4.15,1074
2026-02-12 10:05:00-05:00,4.15,4.17,4.14,4.16,2722
2026-02-12 10:10:00-05:00,4.15,4.15,4.13,4.14,5938
2026-02-12 10:15:00-05:00,4.16,4.17,4.13,4.15,1765
2026-02-12 10:20:00-05:00,4.15,4.15,4.13,4.13,1302
2026-02-12 10:25:00-05:00,4.13,4.14,4.12,4.14,3334
2026-02-12 10:30:00-05:00,4.12,4.12,4.12,4.12,1003
2026-02-12 10:35:00-05:00,4.12,4.13,4.1,4.11,10968
2026-02-12 10:40:00-05:00,4.11,4.12,4.1,4.1,10484
2026-02-12 10:45:00-05:00,4.11,4.12,4.1,4.1,6430
2026-02-12 10:50:00-05:00,4.11,4.11,4.08,4.09,2762
2026-02-12 10:55:00-05:00,4.09,4.09,4.07,4.08,2660
2026-02-12 11:00:00-05:00,4.07,4.08,4.05,4.08,17190
2026-02-12 11:05:00-05:00,4.07,4.12,4.06,4.12,9271
2026-02-12 11:10:00-05:00,4.09,4.09,4.08,4.08,894
2026-02-12 11:15:00-05:00,4.08,4.1,4.06,4.08,16423
2026-02-12 11:20:00-05:00,4.07,4.08,4.05,4.06,10178
2026-02-12 11:25:00-05:00,4.08,4.08,4.06,4.06,7862
2026-02-12 11:30:00-05:00,4.05,4.07,4.05,4.06,3911
2026-02-12 11:35:00-05:00,4.09,4.11,4.09,4.11,3530
2026-02-12 11:40:00-05:00,4.11,4.13,4.08,4.12,11765
2026-02-12 11:45:00-05:00,4.12,4.12,4.09,4.09,6294
2026-02-12 11:50:00-05:00,4.09,4.09,4.05,4.07,4300
2026-02-12 11:55:00-05:00,4.07,4.09,4.04,4.06,16964
2026-02-12 12:00:00-05:00,4.06,4.09,4.06,4.06,5067
2026-02-12 12:05:00-05:00,4.07,4.07,4.07,4.07,362
2026-02-12 12:10:00-05:00,4.08,4.12,4.08,4.12,2212
2026-02-12 12:15:00-05:00,4.12,4.15,4.07,4.07,14478
2026-02-12 12:20:00-05:00,4.08,4.15,4.08,4.15,5570
2026-02-12 12:25:00-05:00,4.15,4.18,4.14,4.18,7235
2026-02-12 12:30:00-05:00,4.18,4.18,4.12,4.15,7364
2026-02-12 12:35:00-05:00,4.18,4.18,4.15,4.16,2446
2026-02-12 12:40:00-05:00,4.18,4.19,4.15,4.17,4079
2026-02-12 12:45:00-05:00,4.15,4.18,4.12,4.13,9215
2026-02-12 12:50:00-05:00,4.13,4.16,4.12,4.16,2971
2026-02-12 12:55:00-05:00,4.14,4.16,4.14,4.15,10129
2026-02-12 13:00:00-05:00,4.15,4.15,4.13,4.14,5302
2026-02-12 13:05:00-05:00,4.13,4.15,4.13,4.13,904
2026-02-12 13:10:00-05:00,4.15,4.15,4.13,4.13,2437
2026-02-12 13:15:00-05:00,4.14,4.18,4.13,4.17,21911
2026-02-12 13:20:00-05:00,4.17,4.24,4.15,4.2,20475
2026-02-12 13:25:00-05:00,4.21,4.26,4.17,4.18,18271
2026-02-12 13:30:00-05:00,4.18,4.22,4.15,4.21,7294
2026-02-12 13:35:00-05:00,4.22,4.22,4.19,4.19,7260
2026-02-12 13:40:00-05:00,4.22,4.22,4.18,4.2,15126
2026-02-12 13:45:00-05:00,4.19,4.21,4.17,4.21,9602
2026-02-12 13:50:00-05:00,4.18,4.21,4.17,4.21,16457
2026-02-12 13:55:00-05:00,4.2,4.21,4.15,4.17,15893
2026-02-12 14:00:00-05:00,4.16,4.2,4.16,4.17,13124
2026-02-12 14:05:00-05:00,4.15,4.18,4.15,4.17,15911
2026-02-12 14:10:00-05:00,4.17,4.19,4.15,4.19,18460
2026-02-12 14:15:00-05:00,4.18,4.19,4.16,4.19,19012
2026-02-12 14:20:00-05:00,4.19,4.2,4.15,4.17,20224
2026-02-12 14:25:00-05:00,4.19,4.2,4.15,4.16,16321
2026-02-12 14:30:00-05:00,4.16,4.18,4.14,4.15,6452
2026-02-12 14:35:00-05:00,4.15,4.15,4.13,4.14,4784
2026-02-12 14:40:00-05:00,4.15,4.15,4.11,4.12,3104
2026-02-12 14:45:00-05:00,4.12,4.12,4.12,4.12,2000
2026-02-12 14:50:00-05:00,4.13,4.15,4.12,4.15,11478
2026-02-12 14:55:00-05:00,4.12,4.14,4.1,4.1,7670
2026-02-12 15:00:00-05:00,4.1,4.13,4.1,4.1,14434
2026-02-12 15:05:00-05:00,4.12,4.13,4,4,119808
2026-02-12 15:10:00-05:00,3.99,4,3.98,3.98,19446
2026-02-12 15:15:00-05:00,3.99,4,3.9,3.92,50412
2026-02-12 15:20:00-05:00,3.92,3.93,3.82,3.84,48970
2026-02-12 15:25:00-05:00,3.86,3.94,3.85,3.93,20764
2026-02-12 15:30:00-05:00,3.93,3.94,3.91,3.93,13299
2026-02-12 15:35:00-05:00,3.94,3.94,3.89,3.91,25161
2026-02-12 15:40:00-05:00,3.89,3.92,3.89,3.9,29128
2026-02-12 15:45:00-05:00,3.9,3.9,3.8,3.82,89323
2026-02-12 15:50:00-05:00,3.81,3.88,3.8,3.84,78023
2026-02-12 15:55:00-05:00,3.84,3.88,3.83,3.86,45547
2026-02-13 09:30:00-05:00,3.96,4.05,3.96,4.02,57226
2026-02-13 09:35:00-05:00,4.02,4.05,4.01,4.01,8830
2026-02-13 09:40:00-05:00,4.02,4.05,4.01,4.05,18839
2026-02-13 09:45:00-05:00,4.06,4.13,4.05,4.11,20927
2026-02-13 09:50:00-05:00,4.09,4.1,4.07,4.08,5056
2026-02-13 09:55:00-05:00,4.05,4.06,4.05,4.05,2136
2026-02-13 10:00:00-05:00,4.05,4.06,4.04,4.04,4319
2026-02-13 10:05:00-05:00,4.05,4.05,4.03,4.03,933
2026-02-13 10:10:00-05:00,4.03,4.04,4.02,4.02,3571
2026-02-13 10:15:00-05:00,4.01,4.03,4.01,4.03,3999
2026-02-13 10:20:00-05:00,4.03,4.03,4.03,4.03,154
2026-02-13 10:25:00-05:00,4,4.04,4,4.02,10046
2026-02-13 10:30:00-05:00,4.02,4.05,4.02,4.05,1006
2026-02-13 10:35:00-05:00,4.02,4.08,4.02,4.04,4210
2026-02-13 10:40:00-05:00,4.05,4.06,4,4.02,3568
2026-02-13 10:45:00-05:00,4.03,4.03,4.01,4.03,1453
2026-02-13 10:50:00-05:00,4.03,4.03,4.01,4.02,4091
2026-02-13 10:55:00-05:00,4.02,4.03,4,4,4439
2026-02-13 11:00:00-05:00,4.03,4.03,4.01,4.02,2274
2026-02-13 11:05:00-05:00,4.01,4.03,4,4,2630
2026-02-13 11:10:00-05:00,4.02,4.03,4.01,4.03,5651
2026-02-13 11:15:00-05:00,4.02,4.03,4.02,4.03,2431
2026-02-13 11:20:00-05:00,4.04,4.05,4.03,4.04,6799
2026-02-13 11:25:00-05:00,4.05,4.12,4.05,4.12,54977
2026-02-13 11:30:00-05:00,4.12,4.14,4.1,4.13,12070
2026-02-13 11:35:00-05:00,4.11,4.12,4.08,4.1,5907
2026-02-13 11:40:00-05:00,4.08,4.12,4.06,4.08,3716
2026-02-13 11:45:00-05:00,4.06,4.1,4.06,4.08,13871
2026-02-13 11:50:00-05:00,4.06,4.14,4.06,4.11,19075
2026-02-13 11:55:00-05:00,4.1,4.11,4.06,4.07,12851
2026-02-13 12:00:00-05:00,4.09,4.1,4.07,4.08,8035
2026-02-13 12:05:00-05:00,4.07,4.13,4.07,4.13,7236
2026-02-13 12:10:00-05:00,4.12,4.16,4.12,4.15,3675
2026-02-13 12:15:00-05:00,4.14,4.14,4.09,4.11,6294
2026-02-13 12:20:00-05:00,4.09,4.12,4.09,4.09,13463
2026-02-13 12:25:00-05:00,4.1,4.13,4.1,4.13,5117
2026-02-13 12:30:00-05:00,4.12,4.14,4.1,4.13,22325
2026-02-13 12:35:00-05:00,4.12,4.15,4.11,4.14,18099
2026-02-13 12:40:00-05:00,4.15,4.16,4.12,4.13,19940
2026-02-13 12:45:00-05:00,4.14,4.14,4.11,4.13,6748
2026-02-13 12:50:00-05:00,4.11,4.12,4.11,4.12,309
2026-02-13 12:55:00-05:00,4.12,4.12,4.12,4.12,189
2026-02-13 13:00:00-05:00,4.11,4.11,4.1,4.1,500
2026-02-13 13:05:00-05:00,4.11,4.13,4.1,4.12,7716
2026-02-13 13:10:00-05:00,4.1,4.14,4.1,4.13,9977
2026-02-13 13:15:00-05:00,4.12,4.13,4.1,4.12,9101
2026-02-13 13:20:00-05:00,4.11,4.13,4.11,4.11,4892
2026-02-13 13:25:00-05:00,4.13,4.14,4.1,4.1,15204
2026-02-13 13:30:00-05:00,4.12,4.14,4.09,4.14,8056
2026-02-13 13:35:00-05:00,4.14,4.15,4.1,4.11,8052
2026-02-13 13:40:00-05:00,4.12,4.13,4.08,4.09,8545
2026-02-13 13:45:00-05:00,4.09,4.1,4.08,4.1,8654
2026-02-13 13:50:00-05:00,4.1,4.1,4.08,4.09,2343
2026-02-13 13:55:00-05:00,4.1,4.12,4.08,4.11,15619
2026-02-13 14:00:00-05:00,4.11,4.11,4.08,4.09,1605
2026-02-13 14:05:00-05:00,4.06,4.07,4.04,4.06,9471
2026-02-13 14:10:00-05:00,4.05,4.06,4.02,4.04,10505
2026-02-13 14:15:00-05:00,4.04,4.07,4.03,4.06,1688
2026-02-13 14:20:00-05:00,4.07,4.11,4.03,4.11,36486
2026-02-13 14:25:00-05:00,4.1,4.12,4.08,4.08,45669
2026-02-13 14:30:00-05:00,4.07,4.11,4.06,4.11,16519
2026-02-13 14:35:00-05:00,4.1,4.12,4.08,4.09,15572
2026-02-13 14:40:00-05:00,4.09,4.12,4.08,4.08,20478
2026-02-13 14:45:00-05:00,4.09,4.1,4.06,4.1,15285
2026-02-13 14:50:00-05:00,4.09,4.12,4.08,4.09,12478
2026-02-13 14:55:00-05:00,4.09,4.11,4.07,4.08,11016
2026-02-13 15:00:00-05:00,4.09,4.09,4.09,4.09,675
2026-02-13 15:05:00-05:00,4.08,4.1,4.08,4.1,2501
2026-02-13 15:10:00-05:00,4.09,4.09,4.07,4.07,5003
2026-02-13 15:15:00-05:00,4.07,4.09,4.07,4.08,1967
2026-02-13 15:20:00-05:00,4.08,4.09,4.05,4.08,9789
2026-02-13 15:25:00-05:00,4.1,4.1,4.06,4.08,4721
2026-02-13 15:30:00-05:00,4.09,4.09,4.04,4.09,14856
2026-02-13 15:35:00-05:00,4.07,4.09,4.06,4.09,11710
2026-02-13 15:40:00-05:00,4.08,4.1,4.07,4.09,16252
2026-02-13 15:45:00-05:00,4.09,4.1,4.07,4.1,20714
2026-02-13 15:50:00-05:00,4.09,4.1,4.08,4.09,22418
2026-02-13 15:55:00-05:00,4.1,4.11,4.08,4.11,34111
2026-02-17 09:30:00-05:00,4.14,4.19,4.11,4.18,11732
2026-02-17 09:35:00-05:00,4.15,4.2,4.15,4.2,19289
2026-02-17 09:40:00-05:00,4.2,4.21,4.16,4.16,17665
2026-02-17 09:45:00-05:00,4.18,4.18,4.14,4.14,15826
2026-02-17 09:50:00-05:00,4.16,4.16,4.11,4.14,7808
2026-02-17 09:55:00-05:00,4.11,4.13,4.11,4.11,2316
2026-02-17 10:00:00-05:00,4.12,4.16,4.11,4.14,9801
2026-02-17 10:05:00-05:00,4.13,4.16,4.11,4.11,3329
2026-02-17 10:10:00-05:00,4.12,4.12,4.08,4.09,8630
2026-02-17 10:15:00-05:00,4.09,4.11,4.07,4.11,7993
2026-02-17 10:20:00-05:00,4.09,4.1,4.09,4.1,2883
2026-02-17 10:25:00-05:00,4.09,4.09,4.06,4.07,3057
2026-02-17 10:30:00-05:00,4.07,4.07,4.04,4.05,3053
2026-02-17 10:35:00-05:00,4.06,4.07,4.05,4.07,6195
2026-02-17 10:40:00-05:00,4.06,4.09,4.06,4.09,3413
2026-02-17 10:45:00-05:00,4.09,4.1,4.07,4.1,4060
2026-02-17 10:50:00-05:00,4.1,4.11,4.04,4.05,9847
2026-02-17 10:55:00-05:00,4.05,4.07,4.02,4.04,25520
2026-02-17 11:00:00-05:00,4.04,4.08,4.03,4.06,6308
2026-02-17 11:05:00-05:00,4.05,4.09,4.05,4.09,6108
2026-02-17 11:10:00-05:00,4.09,4.12,4.09,4.12,1233
2026-02-17 11:15:00-05:00,4.08,4.08,4.06,4.06,2324
2026-02-17 11:20:00-05:00,4.07,4.08,4.07,4.08,3363
2026-02-17 11:25:00-05:00,4.1,4.12,4.08,4.12,1794
2026-02-17 11:30:00-05:00,4.08,4.1,4.08,4.09,981
2026-02-17 11:35:00-05:00,4.1,4.11,4.09,4.11,3228
2026-02-17 11:40:00-05:00,4.11,4.12,4.1,4.1,1437
2026-02-17 11:45:00-05:00,4.09,4.09,4.09,4.09,130
2026-02-17 11:50:00-05:00,4.1,4.1,4.09,4.09,2511
2026-02-17 11:55:00-05:00,4.1,4.11,4.1,4.11,1126
2026-02-17 12:00:00-05:00,4.1,4.1,4.08,4.08,475
2026-02-17 12:05:00-05:00,4.08,4.08,4.08,4.08,9390
2026-02-17 12:10:00-05:00,4.07,4.07,4.05,4.07,10900
2026-02-17 12:15:00-05:00,4.07,4.08,4.05,4.08,7603
2026-02-17 12:30:00-05:00,4.07,4.07,4.05,4.06,4150
2026-02-17 12:35:00-05:00,4.07,4.07,4.07,4.07,2001
2026-02-17 12:40:00-05:00,4.06,4.07,4.05,4.05,2334
2026-02-17 12:45:00-05:00,4.07,4.07,4.06,4.06,330
2026-02-17 12:50:00-05:00,4.06,4.08,4.06,4.06,11080
2026-02-17 12:55:00-05:00,4.06,4.08,4.06,4.08,12108
2026-02-17 13:00:00-05:00,4.09,4.09,4.07,4.08,3615
2026-02-17 13:05:00-05:00,4.08,4.09,4.07,4.09,7285
2026-02-17 13:10:00-05:00,4.08,4.09,4.08,4.09,1961
2026-02-17 13:15:00-05:00,4.07,4.07,4.07,4.07,102
2026-02-17 13:20:00-05:00,4.06,4.09,4.05,4.09,8544
2026-02-17 13:25:00-05:00,4.09,4.09,4.08,4.09,3547
2026-02-17 13:30:00-05:00,4.09,4.1,4.09,4.1,857
2026-02-17 13:35:00-05:00,4.11,4.13,4.11,4.13,11143
2026-02-17 13:40:00-05:00,4.11,4.13,4.11,4.13,6260
2026-02-17 13:45:00-05:00,4.11,4.11,4.11,4.11,1805
2026-02-17 13:50:00-05:00,4.11,4.13,4.11,4.12,1045
2026-02-17 13:55:00-05:00,4.12,4.12,4.12,4.12,2462
2026-02-17 14:00:00-05:00,4.13,4.13,4.11,4.12,3340
2026-02-17 14:05:00-05:00,4.11,4.11,4.1,4.1,10230
2026-02-17 14:10:00-05:00,4.1,4.12,4.09,4.12,2661
2026-02-17 14:15:00-05:00,4.11,4.11,4.11,4.11,2833
2026-02-17 14:20:00-05:00,4.11,4.11,4.1,4.11,1063
2026-02-17 14:25:00-05:00,4.11,4.11,4.09,4.1,11576
2026-02-17 14:30:00-05:00,4.09,4.09,4.07,4.07,1796
2026-02-17 14:35:00-05:00,4.06,4.07,4.05,4.05,14443
2026-02-17 14:40:00-05:00,4.07,4.09,4.05,4.09,615
2026-02-17 14:45:00-05:00,4.06,4.06,4.06,4.06,337
2026-02-17 14:50:00-05:00,4.08,4.08,4.08,4.08,1702
2026-02-17 14:55:00-05:00,4.08,4.09,4.07,4.07,4041
2026-02-17 15:00:00-05:00,4.06,4.08,4.06,4.07,4386
2026-02-17 15:05:00-05:00,4.07,4.08,4.05,4.05,2291
2026-02-17 15:10:00-05:00,4.08,4.08,4.05,4.07,1427
2026-02-17 15:15:00-05:00,4.07,4.07,4.05,4.05,1244
2026-02-17 15:20:00-05:00,4.05,4.06,4.04,4.04,3028
2026-02-17 15:25:00-05:00,4.05,4.05,4,4.01,16918
2026-02-17 15:30:00-05:00,4.01,4.03,4.01,4.02,5342
2026-02-17 15:35:00-05:00,4.03,4.04,4.01,4.01,6320
2026-02-17 15:40:00-05:00,4.02,4.02,4,4.02,4779
2026-02-17 15:45:00-05:00,4.03,4.03,4.02,4.02,2078
2026-02-17 15:50:00-05:00,4.02,4.03,4.01,4.01,2902
2026-02-17 15:55:00-05:00,4.01,4.05,4.01,4.05,7133
2026-02-18 09:30:00-05:00,4.07,4.1,4.04,4.06,8539
2026-02-18 09:35:00-05:00,4.05,4.08,4.02,4.04,13632
2026-02-18 09:40:00-05:00,4.02,4.03,4,4.03,10073
2026-02-18 09:45:00-05:00,4.02,4.05,4.02,4.04,4743
2026-02-18 09:50:00-05:00,4.05,4.09,4.04,4.08,4812
2026-02-18 09:55:00-05:00,4.09,4.09,4.07,4.08,8241
2026-02-18 10:00:00-05:00,4.09,4.11,4.08,4.11,14474
2026-02-18 10:05:00-05:00,4.11,4.11,4.07,4.07,28767
2026-02-18 10:10:00-05:00,4.07,4.07,4.04,4.04,10403
2026-02-18 10:15:00-05:00,4.04,4.06,4.04,4.05,7880
2026-02-18 10:20:00-05:00,4.06,4.07,4.06,4.07,5113
2026-02-18 10:25:00-05:00,4.07,4.1,4.07,4.09,2359
2026-02-18 10:30:00-05:00,4.09,4.09,4.08,4.08,704
2026-02-18 10:35:00-05:00,4.1,4.12,4.1,4.12,10363
2026-02-18 10:40:00-05:00,4.11,4.12,4.11,4.11,13110
2026-02-18 10:45:00-05:00,4.12,4.15,4.12,4.15,14566
2026-02-18 10:50:00-05:00,4.14,4.14,4.1,4.13,4137
2026-02-18 10:55:00-05:00,4.12,4.12,4.11,4.12,2206
2026-02-18 11:00:00-05:00,4.1,4.11,4.09,4.11,4085
2026-02-18 11:05:00-05:00,4.11,4.11,4.1,4.1,2721
2026-02-18 11:10:00-05:00,4.09,4.11,4.09,4.1,8623
2026-02-18 11:15:00-05:00,4.09,4.1,4.08,4.08,10606
2026-02-18 11:20:00-05:00,4.09,4.12,4.08,4.11,24274
2026-02-18 11:25:00-05:00,4.1,4.14,4.08,4.14,18182
2026-02-18 11:30:00-05:00,4.14,4.2,4.13,4.17,31623
2026-02-18 11:35:00-05:00,4.17,4.18,4.13,4.15,20961
2026-02-18 11:40:00-05:00,4.15,4.15,4.13,4.15,1437
2026-02-18 11:45:00-05:00,4.14,4.16,4.14,4.16,9573
2026-02-18 11:50:00-05:00,4.15,4.15,4.15,4.15,717
2026-02-18 11:55:00-05:00,4.15,4.16,4.13,4.16,5824
2026-02-18 12:00:00-05:00,4.16,4.16,4.13,4.16,2499
2026-02-18 12:05:00-05:00,4.17,4.2,4.16,4.2,5068
2026-02-18 12:10:00-05:00,4.16,4.16,4.16,4.16,684
2026-02-18 12:15:00-05:00,4.18,4.18,4.18,4.18,198
2026-02-18 12:20:00-05:00,4.17,4.17,4.16,4.16,376
2026-02-18 12:25:00-05:00,4.16,4.17,4.16,4.17,894
2026-02-18 12:35:00-05:00,4.17,4.2,4.17,4.2,11485
2026-02-18 12:40:00-05:00,4.2,4.25,4.19,4.23,33611
2026-02-18 12:45:00-05:00,4.23,4.25,4.22,4.24,28736
2026-02-18 12:50:00-05:00,4.24,4.27,4.23,4.26,31878
2026-02-18 12:55:00-05:00,4.27,4.27,4.2,4.23,45959
2026-02-18 13:00:00-05:00,4.23,4.25,4.21,4.25,34844
2026-02-18 13:05:00-05:00,4.24,4.25,4.22,4.22,15797
2026-02-18 13:10:00-05:00,4.24,4.26,4.22,4.24,21221
2026-02-18 13:15:00-05:00,4.26,4.28,4.23,4.27,24175
2026-02-18 13:20:00-05:00,4.27,4.27,4.23,4.25,14893
2026-02-18 13:25:00-05:00,4.25,4.26,4.2,4.22,18924
2026-02-18 13:30:00-05:00,4.22,4.23,4.2,4.22,19186
2026-02-18 13:35:00-05:00,4.22,4.24,4.2,4.21,15195
2026-02-18 13:40:00-05:00,4.23,4.24,4.18,4.2,26634
2026-02-18 13:45:00-05:00,4.18,4.2,4.18,4.19,17570
2026-02-18 13:50:00-05:00,4.18,4.2,4.15,4.18,19674
2026-02-18 13:55:00-05:00,4.19,4.2,4.17,4.17,8670
2026-02-18 14:00:00-05:00,4.17,4.19,4.15,4.15,10334
2026-02-18 14:05:00-05:00,4.16,4.19,4.15,4.18,5907
2026-02-18 14:10:00-05:00,4.17,4.19,4.16,4.19,12145
2026-02-18 14:15:00-05:00,4.19,4.19,4.15,4.17,13547
2026-02-18 14:20:00-05:00,4.15,4.22,4.15,4.22,18718
2026-02-18 14:25:00-05:00,4.22,4.25,4.15,4.22,9480
2026-02-18 14:30:00-05:00,4.2,4.24,4.18,4.24,15282
2026-02-18 14:35:00-05:00,4.23,4.25,4.22,4.24,16092
2026-02-18 14:40:00-05:00,4.25,4.29,4.24,4.28,25395
2026-02-18 14:45:00-05:00,4.29,4.29,4.27,4.28,5567
2026-02-18 14:50:00-05:00,4.29,4.3,4.27,4.3,17073
2026-02-18 14:55:00-05:00,4.28,4.29,4.19,4.19,33248
2026-02-18 15:00:00-05:00,4.18,4.24,4.18,4.23,7311
2026-02-18 15:05:00-05:00,4.22,4.29,4.2,4.27,29853
2026-02-18 15:10:00-05:00,4.28,4.33,4.22,4.27,33706
2026-02-18 15:15:00-05:00,4.28,4.29,4.26,4.28,6021
2026-02-18 15:20:00-05:00,4.29,4.3,4.27,4.29,5730
2026-02-18 15:25:00-05:00,4.28,4.29,4.2,4.21,58566
2026-02-18 15:30:00-05:00,4.21,4.23,4.2,4.21,45002
2026-02-18 15:35:00-05:00,4.21,4.23,4.2,4.23,23961
2026-02-18 15:40:00-05:00,4.22,4.23,4.21,4.22,14862
2026-02-18 15:45:00-05:00,4.23,4.25,4.21,4.24,23585
2026-02-18 15:50:00-05:00,4.25,4.26,4.23,4.24,43265
2026-02-18 15:55:00-05:00,4.24,4.24,4.19,4.21,19823
2026-02-19 09:30:00-05:00,4.24,4.26,4.18,4.2,25358
2026-02-19 09:35:00-05:00,4.22,4.26,4.2,4.26,22784
2026-02-19 09:40:00-05:00,4.25,4.27,4.23,4.26,13615
2026-02-19 09:45:00-05:00,4.25,4.26,4.23,4.24,9501
2026-02-19 09:50:00-05:00,4.24,4.28,4.22,4.28,19288
2026-02-19 09:55:00-05:00,4.28,4.3,4.25,4.26,28233
2026-02-19 10:00:00-05:00,4.26,4.26,4.23,4.24,13813
2026-02-19 10:05:00-05:00,4.24,4.24,4.22,4.22,2896
2026-02-19 10:10:00-05:00,4.25,4.25,4.2,4.21,6202
2026-02-19 10:15:00-05:00,4.21,4.23,4.21,4.23,2484
2026-02-19 10:20:00-05:00,4.23,4.23,4.23,4.23,230
2026-02-19 10:25:00-05:00,4.25,4.25,4.22,4.22,1828
2026-02-19 10:30:00-05:00,4.25,4.27,4.24,4.27,16553
2026-02-19 10:35:00-05:00,4.28,4.3,4.26,4.3,10534
2026-02-19 10:40:00-05:00,4.3,4.32,4.28,4.28,17802
2026-02-19 10:45:00-05:00,4.29,4.3,4.28,4.28,9137
2026-02-19 10:50:00-05:00,4.26,4.26,4.23,4.23,11535
2026-02-19 10:55:00-05:00,4.24,4.26,4.24,4.26,2100
2026-02-19 11:00:00-05:00,4.27,4.28,4.25,4.26,11691
2026-02-19 11:05:00-05:00,4.25,4.25,4.24,4.25,2513
2026-02-19 11:10:00-05:00,4.25,4.26,4.23,4.25,5272
2026-02-19 11:15:00-05:00,4.24,4.26,4.24,4.26,4100
2026-02-19 11:20:00-05:00,4.25,4.26,4.24,4.25,5953
2026-02-19 11:25:00-05:00,4.25,4.26,4.23,4.25,12492
2026-02-19 11:30:00-05:00,4.24,4.25,4.23,4.24,9698
2026-02-19 11:35:00-05:00,4.25,4.25,4.22,4.24,6721
2026-02-19 11:40:00-05:00,4.24,4.25,4.21,4.22,12266
2026-02-19 11:45:00-05:00,4.22,4.24,4.2,4.2,20722
2026-02-19 11:50:00-05:00,4.22,4.22,4.21,4.21,5995
2026-02-19 11:55:00-05:00,4.22,4.22,4.21,4.21,3156
2026-02-19 12:00:00-05:00,4.21,4.21,4.2,4.2,1042
2026-02-19 12:05:00-05:00,4.21,4.22,4.2,4.22,8536
2026-02-19 12:10:00-05:00,4.22,4.22,4.2,4.22,603
2026-02-19 12:15:00-05:00,4.21,4.21,4.21,4.21,162
2026-02-19 12:20:00-05:00,4.21,4.22,4.2,4.22,3142
2026-02-19 12:25:00-05:00,4.22,4.23,4.22,4.22,2818
2026-02-19 12:30:00-05:00,4.22,4.22,4.22,4.22,1110
2026-02-19 12:35:00-05:00,4.22,4.22,4.2,4.2,6242
2026-02-19 12:40:00-05:00,4.2,4.22,4.19,4.21,35850
2026-02-19 12:45:00-05:00,4.2,4.21,4.18,4.21,14921
2026-02-19 12:50:00-05:00,4.21,4.22,4.21,4.21,8253
2026-02-19 12:55:00-05:00,4.22,4.23,4.21,4.21,2372
2026-02-19 13:00:00-05:00,4.21,4.21,4.19,4.2,20498
2026-02-19 13:05:00-05:00,4.2,4.2,4.19,4.2,6254
2026-02-19 13:10:00-05:00,4.2,4.2,4.19,4.2,2219
2026-02-19 13:15:00-05:00,4.21,4.22,4.19,4.21,2915
2026-02-19 13:20:00-05:00,4.22,4.22,4.22,4.22,101
2026-02-19 13:25:00-05:00,4.21,4.22,4.21,4.21,1269
2026-02-19 13:30:00-05:00,4.22,4.24,4.22,4.22,2820
2026-02-19 13:35:00-05:00,4.23,4.23,4.23,4.23,100
2026-02-19 13:40:00-05:00,4.22,4.23,4.22,4.23,3225
2026-02-19 13:45:00-05:00,4.23,4.23,4.22,4.22,1006
2026-02-19 13:50:00-05:00,4.23,4.25,4.23,4.23,1156
2026-02-19 13:55:00-05:00,4.24,4.24,4.24,4.24,753
2026-02-19 14:00:00-05:00,4.25,4.27,4.23,4.25,16176
2026-02-19 14:05:00-05:00,4.27,4.28,4.25,4.28,10733
2026-02-19 14:10:00-05:00,4.27,4.28,4.23,4.25,39897
2026-02-19 14:15:00-05:00,4.23,4.24,4.21,4.22,13289
2026-02-19 14:20:00-05:00,4.21,4.24,4.21,4.22,15343
2026-02-19 14:25:00-05:00,4.22,4.24,4.19,4.2,15359
2026-02-19 14:30:00-05:00,4.2,4.21,4.18,4.2,22812
2026-02-19 14:35:00-05:00,4.2,4.21,4.18,4.18,18229
2026-02-19 14:40:00-05:00,4.19,4.2,4.17,4.19,20252
2026-02-19 14:45:00-05:00,4.2,4.21,4.17,4.2,12035
2026-02-19 14:50:00-05:00,4.2,4.21,4.19,4.2,13567
2026-02-19 14:55:00-05:00,4.21,4.21,4.18,4.19,18785
2026-02-19 15:00:00-05:00,4.19,4.22,4.18,4.22,14728
2026-02-19 15:05:00-05:00,4.21,4.23,4.21,4.23,13027
2026-02-19 15:10:00-05:00,4.23,4.24,4.22,4.24,14367
2026-02-19 15:15:00-05:00,4.24,4.25,4.23,4.24,16675
2026-02-19 15:20:00-05:00,4.23,4.25,4.23,4.24,15688
2026-02-19 15:25:00-05:00,4.24,4.25,4.23,4.24,15253
2026-02-19 15:30:00-05:00,4.24,4.25,4.22,4.24,36229
2026-02-19 15:35:00-05:00,4.23,4.24,4.21,4.22,20489
2026-02-19 15:40:00-05:00,4.22,4.23,4.21,4.23,13791
2026-02-19 15:45:00-05:00,4.22,4.23,4.19,4.2,14779
2026-02-19 15:50:00-05:00,4.17,4.22,4.17,4.2,29984
2026-02-19 15:55:00-05:00,4.19,4.2,4.18,4.19,25057
2026-02-20 09:30:00-05:00,4.15,4.24,4.15,4.19,11413
2026-02-20 09:35:00-05:00,4.191,4.22,4.18,4.205,21948
2026-02-20 09:40:00-05:00,4.21,4.21,4.1974,4.2,9033
2026-02-20 09:45:00-05:00,4.2,4.2,4.17,4.1891,23277
2026-02-20 09:50:00-05:00,4.18,4.2,4.17,4.17,9299
2026-02-20 09:55:00-05:00,4.18,4.1895,4.17,4.17,5002
2026-02-20 10:00:00-05:00,4.17,4.21,4.17,4.1829,9279
2026-02-20 10:05:00-05:00,4.2,4.2062,4.16,4.185,56730
2026-02-20 10:10:00-05:00,4.19,4.22,4.19,4.22,1006
2026-02-20 10:15:00-05:00,4.18,4.22,4.16,4.2,27305
2026-02-20 10:20:00-05:00,4.1904,4.21,4.19,4.2,23747
2026-02-20 10:25:00-05:00,4.1965,4.205,4.18,4.19,4551
2026-02-20 10:30:00-05:00,4.2,4.22,4.19,4.201,20318
2026-02-20 10:35:00-05:00,4.2096,4.26,4.19,4.24,15399
2026-02-20 10:40:00-05:00,4.22,4.23,4.17,4.215,9397
2026-02-20 10:45:00-05:00,4.23,4.23,4.19,4.2,12881
2026-02-20 10:50:00-05:00,4.195,4.21,4.18,4.21,18213
2026-02-20 10:55:00-05:00,4.2199,4.24,4.2173,4.2368,4311
2026-02-20 11:00:00-05:00,4.225,4.225,4.22,4.225,1115
2026-02-20 11:05:00-05:00,4.225,4.24,4.22,4.24,3548
2026-02-20 11:10:00-05:00,4.24,4.24,4.2,4.2148,4391
2026-02-20 11:15:00-05:00,4.2,4.21,4.2,4.205,335
2026-02-20 11:20:00-05:00,4.19,4.2,4.18,4.19,3762
2026-02-20 11:25:00-05:00,4.19,4.1999,4.17,4.17,2830
2026-02-20 11:30:00-05:00,4.1797,4.18,4.17,4.18,9221
2026-02-20 11:35:00-05:00,4.16,4.1795,4.16,4.1784,7373
2026-02-20 11:40:00-05:00,4.1798,4.1798,4.1798,4.1798,100
2026-02-20 11:45:00-05:00,4.18,4.18,4.17,4.18,1345
2026-02-20 11:50:00-05:00,4.18,4.19,4.16,4.17,11381
2026-02-20 11:55:00-05:00,4.1735,4.2,4.17,4.185,15059
2026-02-20 12:00:00-05:00,4.2,4.2,4.17,4.1804,19830
2026-02-20 12:05:00-05:00,4.17,4.199,4.17,4.185,1856
2026-02-20 12:10:00-05:00,4.199,4.2,4.16,4.1731,8807
2026-02-20 12:15:00-05:00,4.165,4.17,4.15,4.17,14393
2026-02-20 12:20:00-05:00,4.163,4.17,4.15,4.16,6803
2026-02-20 12:25:00-05:00,4.1597,4.17,4.15,4.17,24552
2026-02-20 12:30:00-05:00,4.16,4.18,4.16,4.16,9224
2026-02-20 12:35:00-05:00,4.17,4.18,4.16,4.16,14241
2026-02-20 12:40:00-05:00,4.167,4.18,4.16,4.167,10889
2026-02-20 12:45:00-05:00,4.16,4.19,4.16,4.19,18678
2026-02-20 12:50:00-05:00,4.17,4.2,4.17,4.1799,1796
2026-02-20 12:55:00-05:00,4.175,4.179,4.17,4.171,3729
2026-02-20 13:05:00-05:00,4.175,4.175,4.175,4.175,134
2026-02-20 13:10:00-05:00,4.17,4.175,4.17,4.175,304
2026-02-20 13:15:00-05:00,4.17,4.175,4.17,4.17,404
2026-02-20 13:20:00-05:00,4.17,4.1752,4.16,4.16,715
2026-02-20 13:25:00-05:00,4.1669,4.18,4.16,4.16,7142
2026-02-20 13:30:00-05:00,4.165,4.165,4.16,4.16,213
2026-02-20 13:35:00-05:00,4.16,4.17,4.16,4.17,617
2026-02-20 13:40:00-05:00,4.17,4.18,4.15,4.15,24693
2026-02-20 13:45:00-05:00,4.17,4.18,4.15,4.18,10502
2026-02-20 13:50:00-05:00,4.1696,4.2,4.15,4.18,35556
2026-02-20 13:55:00-05:00,4.18,4.19,4.17,4.1782,12574
2026-02-20 14:00:00-05:00,4.16,4.19,4.16,4.1731,10415
2026-02-20 14:05:00-05:00,4.18,4.18,4.16,4.17,7783
2026-02-20 14:10:00-05:00,4.18,4.18,4.16,4.16,11437
2026-02-20 14:15:00-05:00,4.1601,4.18,4.16,4.17,7472
2026-02-20 14:20:00-05:00,4.175,4.19,4.175,4.18,8460
2026-02-20 14:25:00-05:00,4.185,4.1898,4.17,4.175,9032
2026-02-20 14:30:00-05:00,4.1765,4.19,4.17,4.18,9304
2026-02-20 14:35:00-05:00,4.18,4.18,4.17,4.1701,2143
2026-02-20 14:40:00-05:00,4.18,4.18,4.18,4.18,1047
2026-02-20 14:45:00-05:00,4.17,4.175,4.167,4.175,1457
2026-02-20 14:50:00-05:00,4.17,4.1799,4.16,4.17,1605
2026-02-20 14:55:00-05:00,4.18,4.18,4.1765,4.1765,1010
2026-02-20 15:00:00-05:00,4.1745,4.19,4.17,4.1866,4639
2026-02-20 15:05:00-05:00,4.185,4.19,4.17,4.17,27782
2026-02-20 15:10:00-05:00,4.175,4.18,4.16,4.1799,5235
2026-02-20 15:15:00-05:00,4.16,4.19,4.16,4.19,44421
2026-02-20 15:20:00-05:00,4.1899,4.19,4.18,4.19,25734
2026-02-20 15:25:00-05:00,4.18,4.21,4.18,4.21,20974
2026-02-20 15:30:00-05:00,4.19,4.21,4.18,4.19,14862
2026-02-20 15:35:00-05:00,4.19,4.2,4.18,4.18,30759
2026-02-20 15:40:00-05:00,4.19,4.23,4.18,4.23,30470
2026-02-20 15:45:00-05:00,4.2299,4.24,4.2,4.22,42464
2026-02-20 15:50:00-05:00,4.2231,4.24,4.2,4.2301,13376
2026-02-20 15:55:00-05:00,4.24,4.25,4.23,4.24,20966
