datetime,open,high,low,close,volume,vwap
2025-10-08 06:30,2.25,5.99,2.25,3.88,209231,3.9504
2025-10-08 06:35,3.87,4.79,3.8,4.2,292900,4.1524
2025-10-08 06:40,4.24,4.25,3.9,4.07,257870,4.0183
2025-10-08 06:45,4.08,4.65,4,4.39,308370,4.4062
2025-10-08 06:50,4.39,4.39,4.01,4.02,224026,4.1607
2025-10-08 06:55,4.04,4.09,3.8,3.84,259569,3.967
2025-10-08 07:00,3.84,4.03,3.77,4.02,178619,3.8767
2025-10-08 07:05,4.02,4.09,3.95,4.06,157462,4.0162
2025-10-08 07:10,4.06,4.08,3.97,4,69260,4.026
2025-10-08 07:15,3.98,3.98,3.88,3.92,264077,3.9208
2025-10-08 07:20,3.94,3.96,3.9,3.92,67664,3.9213
2025-10-08 07:25,3.91,3.93,3.75,3.79,184333,3.8132
2025-10-08 07:30,3.8,3.8,3.78,3.78,103616,3.7873
2025-10-08 07:35,3.78,3.79,3.78,3.78,87085,3.783
2025-10-08 07:40,3.78,3.79,3.75,3.78,140699,3.7753
2025-10-08 07:45,3.77,3.78,3.75,3.78,144422,3.7735
2025-10-08 07:50,3.78,3.8,3.74,3.78,108032,3.7687
2025-10-08 07:55,3.78,3.79,3.76,3.78,100339,3.772
2025-10-08 08:00,3.78,3.87,3.77,3.86,112731,3.7972
2025-10-08 08:05,3.86,3.92,3.84,3.87,53149,3.8682
2025-10-08 08:10,3.88,3.88,3.8,3.84,56195,3.8413
2025-10-08 08:15,3.84,3.88,3.8,3.84,74001,3.8327
2025-10-08 08:20,3.84,3.9,3.8,3.81,70702,3.8378
2025-10-08 08:25,3.82,3.87,3.8,3.85,31228,3.8254
2025-10-08 08:30,3.85,3.87,3.83,3.85,63979,3.8535
2025-10-08 08:35,3.85,3.86,3.85,3.85,36651,3.8527
2025-10-08 08:40,3.85,3.86,3.8,3.84,56050,3.8412
2025-10-08 08:45,3.85,3.87,3.84,3.86,27640,3.8608
2025-10-08 08:50,3.87,3.88,3.86,3.87,34186,3.8697
2025-10-08 08:55,3.87,3.92,3.85,3.86,82474,3.8782
2025-10-08 09:00,3.86,3.86,3.83,3.84,36318,3.8508
2025-10-08 09:05,3.83,3.84,3.8,3.81,29928,3.8229
2025-10-08 09:10,3.83,3.86,3.81,3.85,48259,3.8387
2025-10-08 09:15,3.85,3.85,3.8,3.81,54700,3.8207
2025-10-08 09:20,3.8,3.87,3.8,3.8,52821,3.8207
2025-10-08 09:25,3.8,3.82,3.75,3.76,37133,3.778
2025-10-08 09:30,3.78,3.81,3.77,3.8,32373,3.7933
2025-10-08 09:35,3.81,3.82,3.78,3.78,61957,3.8095
2025-10-08 09:40,3.8,3.82,3.78,3.8,46043,3.7967
2025-10-08 09:45,3.8,3.8,3.76,3.78,32331,3.7837
2025-10-08 09:50,3.78,3.8,3.75,3.79,40729,3.774
2025-10-08 09:55,3.79,3.8,3.78,3.79,20003,3.7881
2025-10-08 10:00,3.79,3.82,3.78,3.82,53169,3.8004
2025-10-08 10:05,3.82,3.82,3.8,3.82,60531,3.809
2025-10-08 10:10,3.81,3.82,3.77,3.81,82967,3.804
2025-10-08 10:15,3.82,3.82,3.79,3.79,28107,3.7999
2025-10-08 10:20,3.79,3.79,3.72,3.72,37450,3.7617
2025-10-08 10:25,3.74,3.75,3.71,3.74,24228,3.734
2025-10-08 10:30,3.72,3.75,3.72,3.75,45525,3.733
2025-10-08 10:35,3.73,3.77,3.73,3.76,24006,3.7471
2025-10-08 10:40,3.77,3.8,3.76,3.79,18382,3.7819
2025-10-08 10:45,3.79,3.79,3.78,3.79,20357,3.7856
2025-10-08 10:50,3.79,3.82,3.78,3.81,56581,3.7925
2025-10-08 10:55,3.81,3.81,3.78,3.81,28457,3.7966
2025-10-08 11:00,3.81,3.82,3.79,3.81,21371,3.8076
2025-10-08 11:05,3.8,3.82,3.8,3.82,24182,3.8094
2025-10-08 11:10,3.8,3.83,3.79,3.8,244750,3.8047
2025-10-08 11:15,3.8,3.82,3.79,3.8,115008,3.8012
2025-10-08 11:20,3.8,3.82,3.79,3.8,56268,3.8029
2025-10-08 11:25,3.8,3.82,3.79,3.8,72055,3.7993
2025-10-08 11:30,3.8,3.8,3.74,3.78,71446,3.7719
2025-10-08 11:35,3.76,3.77,3.72,3.72,49442,3.738
2025-10-08 11:40,3.73,3.73,3.69,3.72,43998,3.7118
2025-10-08 11:45,3.72,3.72,3.65,3.66,54857,3.6672
2025-10-08 11:50,3.67,3.73,3.66,3.72,94569,3.6932
2025-10-08 11:55,3.72,3.72,3.68,3.68,80641,3.7087
2025-10-08 12:00,3.7,3.72,3.6,3.6,86687,3.6608
2025-10-08 12:05,3.63,3.63,3.6,3.61,70357,3.6109
2025-10-08 12:10,3.61,3.61,3.59,3.61,92586,3.6052
2025-10-08 12:15,3.6,3.6,3.55,3.58,92221,3.5807
2025-10-08 12:20,3.59,3.59,3.49,3.51,205029,3.5224
2025-10-08 12:25,3.5,3.56,3.4,3.45,97454,3.4748
2025-10-08 12:30,3.46,3.5,3.41,3.44,86299,3.445
2025-10-08 12:35,3.46,3.48,3.4,3.48,84648,3.4465
2025-10-08 12:40,3.48,3.49,3.41,3.46,91137,3.4605
2025-10-08 12:45,3.43,3.51,3.41,3.48,100737,3.4587
2025-10-08 12:50,3.46,3.51,3.3,3.33,102739,3.4077
2025-10-08 12:55,3.34,3.48,3.03,3.05,268394,3.273
2025-10-08 13:00,3.2,3.45,2.96,3.35,58597,3.1372
2025-10-08 13:05,3.01,3.43,3.01,3.43,39776,3.1267
2025-10-08 13:10,3.33,3.36,3.32,3.32,2516,3.3458
2025-10-08 13:15,3.33,3.41,3.33,3.33,6479,3.3736
2025-10-08 13:20,3.36,3.41,3.35,3.35,4158,3.3699
2025-10-08 13:25,3.38,3.39,3.33,3.39,7896,3.3548
2025-10-08 13:30,3.4,3.4,3.4,3.4,1534,3.4007
2025-10-08 13:35,3.4,3.4,3.35,3.4,1917,3.3781
2025-10-08 13:40,3.36,3.38,3.36,3.38,811,3.3694
2025-10-08 13:45,3.4,3.45,3.35,3.45,11144,3.4278
2025-10-08 13:50,3.45,3.5,3.4,3.43,16217,3.4424
2025-10-08 13:55,3.41,3.43,3.28,3.38,5324,3.3315
2025-10-08 14:00,3.38,3.55,3.38,3.55,12538,3.4825
2025-10-08 14:05,3.62,3.65,3.6,3.64,10715,3.615
2025-10-08 14:10,3.64,3.75,3.62,3.74,9302,3.6905
2025-10-08 14:15,3.74,3.74,3.68,3.7,3806,3.6899
2025-10-08 14:20,3.7,3.72,3.6,3.6,5641,3.6163
2025-10-08 14:25,3.61,3.67,3.61,3.63,3471,3.6237
2025-10-08 14:30,3.63,3.71,3.6,3.6,7523,3.6628
2025-10-08 14:35,3.55,3.62,3.55,3.62,3267,3.5902
2025-10-08 14:40,3.64,3.64,3.6,3.64,1230,3.6209
2025-10-08 14:45,3.56,3.63,3.56,3.62,2582,3.6046
2025-10-08 14:50,3.55,3.62,3.55,3.62,5896,3.5625
2025-10-08 14:55,3.55,3.6,3.55,3.6,501,3.5691
2025-10-08 15:00,3.6,3.6,3.6,3.6,644,3.6061
2025-10-08 15:05,3.55,3.64,3.55,3.64,2087,3.6271
2025-10-08 15:10,3.6,3.71,3.6,3.68,2252,3.6788
2025-10-08 15:15,3.66,3.7,3.62,3.68,2161,3.6734
2025-10-08 15:20,3.7,3.7,3.7,3.7,249,3.7
2025-10-08 15:25,3.7,3.72,3.7,3.71,5589,3.7122
2025-10-08 15:30,3.71,3.71,3.64,3.71,1308,3.6948
2025-10-08 15:35,3.69,3.7,3.69,3.7,1062,3.691
2025-10-08 15:40,3.7,3.7,3.69,3.69,235,3.6928
2025-10-08 15:45,3.68,3.68,3.68,3.68,814,3.6782
2025-10-08 15:50,3.7,3.71,3.7,3.71,1315,3.7006
2025-10-08 15:55,3.7,3.72,3.7,3.72,5440,3.7145
2025-10-08 16:00,3.72,3.72,3.59,3.59,2457,3.6157
2025-10-08 16:05,3.59,3.59,3.53,3.58,1726,3.5578
2025-10-08 16:10,3.62,3.62,3.62,3.62,454,3.6193
2025-10-08 16:15,3.62,3.7,3.62,3.7,1403,3.6725
2025-10-08 16:20,3.69,3.7,3.69,3.69,411,3.6945
2025-10-08 16:25,3.69,3.69,3.69,3.69,206,3.69
2025-10-08 16:30,3.69,3.72,3.69,3.72,1926,3.7041
2025-10-08 16:35,3.72,3.72,3.7,3.7,1162,3.7151
2025-10-08 16:40,3.66,3.66,3.6,3.66,1575,3.6403
2025-10-08 16:45,3.66,3.66,3.65,3.65,568,3.6502
2025-10-08 16:50,3.66,3.66,3.6,3.65,1387,3.6496
2025-10-08 16:55,3.66,3.66,3.65,3.66,4153,3.6584
2025-10-09 01:00,4,4,4,4,490,3.9951
2025-10-09 01:55,3.8,3.8,3.8,3.8,516,3.7943
2025-10-09 02:05,3.77,3.9,3.77,3.86,10076,3.8445
2025-10-09 02:20,3.5,3.54,3.5,3.5,800,3.5056
2025-10-09 03:05,3.73,3.73,3.73,3.73,250,3.73
2025-10-09 03:15,3.95,3.95,3.95,3.95,1000,3.95
2025-10-09 03:55,3.8,3.8,3.8,3.8,424,3.7771
2025-10-09 04:00,3.76,3.8,3.66,3.67,2177,3.696
2025-10-09 04:05,3.73,3.76,3.66,3.73,5157,3.7344
2025-10-09 04:10,3.73,3.76,3.73,3.73,6130,3.7419
2025-10-09 04:15,3.75,3.75,3.71,3.75,3097,3.7474
2025-10-09 04:20,3.75,3.85,3.75,3.85,12768,3.7847
2025-10-09 04:25,3.8,3.85,3.8,3.83,4700,3.8351
2025-10-09 04:30,3.83,3.85,3.81,3.84,11487,3.8408
2025-10-09 04:35,3.81,3.83,3.8,3.82,863,3.8139
2025-10-09 04:40,3.82,3.84,3.81,3.81,2622,3.8273
2025-10-09 04:45,3.84,3.84,3.83,3.84,3662,3.8381
2025-10-09 04:50,3.84,3.84,3.81,3.81,1700,3.8192
2025-10-09 04:55,3.8,3.8,3.79,3.79,1504,3.7919
2025-10-09 05:00,3.71,3.85,3.66,3.83,51718,3.7973
2025-10-09 05:05,3.83,3.83,3.8,3.8,6121,3.827
2025-10-09 05:10,3.83,3.83,3.8,3.82,3671,3.8074
2025-10-09 05:15,3.82,3.82,3.82,3.82,255,3.82
2025-10-09 05:20,3.81,3.82,3.81,3.82,2783,3.815
2025-10-09 05:25,3.82,3.83,3.81,3.82,5072,3.8186
2025-10-09 05:30,3.82,3.82,3.8,3.82,1449,3.8172
2025-10-09 05:35,3.78,3.79,3.77,3.77,3931,3.7848
2025-10-09 05:40,3.79,3.79,3.77,3.77,1879,3.7831
2025-10-09 05:45,3.78,3.78,3.78,3.78,1471,3.7803
2025-10-09 05:50,3.79,3.79,3.78,3.78,2707,3.7887
2025-10-09 05:55,3.78,3.79,3.77,3.77,5549,3.7831
2025-10-09 06:00,3.77,3.79,3.77,3.77,6239,3.7773
2025-10-09 06:05,3.77,3.79,3.77,3.79,5825,3.7855
2025-10-09 06:10,3.77,3.78,3.73,3.73,6476,3.7594
2025-10-09 06:15,3.73,3.77,3.73,3.77,2678,3.755
2025-10-09 06:20,3.77,3.77,3.69,3.76,5080,3.736
2025-10-09 06:25,3.7,3.77,3.69,3.69,2909,3.7129
2025-10-09 06:30,3.7,3.7,3.5,3.56,234607,3.5713
2025-10-09 06:35,3.54,3.58,3.51,3.54,69621,3.5382
2025-10-09 06:40,3.53,3.55,3.48,3.48,107917,3.5164
2025-10-09 06:45,3.5,3.55,3.5,3.53,86925,3.5186
2025-10-09 06:50,3.54,3.54,3.5,3.51,84660,3.513
2025-10-09 06:55,3.5,3.53,3.49,3.52,66948,3.51
2025-10-09 07:00,3.52,3.52,3.45,3.45,65849,3.4888
2025-10-09 07:05,3.47,3.52,3.45,3.51,54214,3.4829
2025-10-09 07:10,3.52,3.52,3.48,3.49,32940,3.5044
2025-10-09 07:15,3.48,3.5,3.47,3.49,42340,3.4901
2025-10-09 07:20,3.48,3.53,3.48,3.53,73004,3.5178
2025-10-09 07:25,3.52,3.53,3.48,3.48,53191,3.5055
2025-10-09 07:30,3.51,3.51,3.47,3.51,44042,3.4869
2025-10-09 07:35,3.47,3.5,3.44,3.46,28125,3.4681
2025-10-09 07:40,3.44,3.47,3.42,3.46,36084,3.4463
2025-10-09 07:45,3.46,3.51,3.46,3.5,31746,3.4805
2025-10-09 07:50,3.5,3.52,3.49,3.51,31762,3.5105
2025-10-09 07:55,3.52,3.53,3.51,3.53,39771,3.5224
2025-10-09 08:00,3.52,3.54,3.5,3.5,36661,3.5249
2025-10-09 08:05,3.51,3.52,3.5,3.51,17408,3.5073
2025-10-09 08:10,3.51,3.53,3.51,3.53,39344,3.5269
2025-10-09 08:15,3.53,3.53,3.46,3.46,65300,3.5041
2025-10-09 08:20,3.45,3.51,3.38,3.38,62479,3.4265
2025-10-09 08:25,3.4,3.41,3.32,3.32,64401,3.3706
2025-10-09 08:30,3.32,3.35,3.3,3.3,72895,3.3129
2025-10-09 08:35,3.3,3.33,3.28,3.28,68965,3.2991
2025-10-09 08:40,3.28,3.34,3.25,3.25,103402,3.3004
2025-10-09 08:45,3.25,3.27,3.21,3.21,60295,3.2521
2025-10-09 08:50,3.2,3.27,3.2,3.2,60550,3.2185
2025-10-09 08:55,3.21,3.22,3.17,3.17,67169,3.1959
2025-10-09 09:00,3.17,3.18,3.11,3.14,80438,3.1499
2025-10-09 09:05,3.15,3.17,3.12,3.14,69509,3.1415
2025-10-09 09:10,3.12,3.13,3.1,3.1,61711,3.108
2025-10-09 09:15,3.1,3.12,3.1,3.11,74479,3.1054
2025-10-09 09:20,3.1,3.11,3.1,3.11,73453,3.1029
2025-10-09 09:25,3.1,3.11,3.1,3.11,77788,3.1054
2025-10-09 09:30,3.1,3.12,3.1,3.12,65390,3.1069
2025-10-09 09:35,3.12,3.14,3.11,3.13,63784,3.1215
2025-10-09 09:40,3.12,3.14,3.12,3.14,83349,3.1293
2025-10-09 09:45,3.14,3.16,3.13,3.15,87910,3.1439
2025-10-09 09:50,3.15,3.16,3.08,3.09,115138,3.1126
2025-10-09 09:55,3.08,3.08,3.07,3.07,113873,3.0715
2025-10-09 10:00,3.07,3.08,3.01,3.04,74457,3.0371
2025-10-09 10:05,3.01,3.12,3,3.02,100596,3.043
2025-10-09 10:10,3.05,3.13,3.01,3.13,164615,3.08
2025-10-09 10:15,3.14,3.15,3.05,3.12,76512,3.1316
2025-10-09 10:20,3.05,3.13,3.04,3.09,106282,3.0708
2025-10-09 10:25,3.09,3.1,3.05,3.1,92372,3.0779
2025-10-09 10:30,3.1,3.11,3,3.06,90100,3.045
2025-10-09 10:35,3.06,3.07,3,3,62338,3.024
2025-10-09 10:40,3,3.07,3,3.05,81796,3.0126
2025-10-09 10:45,3.06,3.06,2.91,2.93,85844,2.9858
2025-10-09 10:50,2.93,3.02,2.93,3.02,83758,2.9775
2025-10-09 10:55,3.02,3.07,3,3.02,77007,3.0395
2025-10-09 11:00,3.04,3.08,3,3.01,60414,3.0289
2025-10-09 11:05,3.02,3.06,3,3,63308,3.0307
2025-10-09 11:10,3,3.04,3,3.03,94647,3.0214
2025-10-09 11:15,3.01,3.03,3,3,56049,3.0149
2025-10-09 11:20,2.99,3.03,2.99,3.02,81100,3.0076
2025-10-09 11:25,3.02,3.03,2.98,3,89905,3.0131
2025-10-09 11:30,3,3.03,2.99,3.02,100038,3.0166
2025-10-09 11:35,3.02,3.03,3,3.02,137614,3.024
2025-10-09 11:40,3.02,3.04,3,3.01,82793,3.0206
2025-10-09 11:45,3.01,3.04,3,3.01,60699,3.018
2025-10-09 11:50,3.01,3.04,3.01,3.02,71817,3.0265
2025-10-09 11:55,3.02,3.04,3.01,3.01,80620,3.0239
2025-10-09 12:00,3.02,3.03,3.01,3.03,80381,3.0222
2025-10-09 12:05,3.03,3.03,3.01,3.02,56504,3.028
2025-10-09 12:10,3.02,3.05,3.02,3.05,74311,3.035
2025-10-09 12:15,3.05,3.08,3.05,3.06,89850,3.0582
2025-10-09 12:20,3.06,3.07,3.01,3.03,68475,3.0373
2025-10-09 12:25,3.03,3.03,3,3.01,60638,3.0105
2025-10-09 12:30,3.01,3.02,2.98,3.02,86114,2.9978
2025-10-09 12:35,3.01,3.01,2.99,2.99,102940,2.9975
2025-10-09 12:40,2.98,3.01,2.97,2.99,238015,2.9894
2025-10-09 12:45,3,3,2.94,2.95,209650,2.9804
2025-10-09 12:50,2.95,3,2.95,2.98,139546,2.9793
2025-10-09 12:55,2.99,3,2.96,3,294677,2.9834
2025-10-09 13:00,3.02,3.05,3.02,3.05,1839583,3.0201
2025-10-09 13:05,3.04,3.05,3.04,3.05,1375,3.0404
2025-10-09 13:10,3.05,3.08,3.05,3.05,6537,3.051
2025-10-09 13:15,3.07,3.07,3.07,3.07,319,3.0687
2025-10-09 13:20,3.05,3.08,3.05,3.08,1550,3.0731
2025-10-09 13:25,3.08,3.08,3.05,3.08,2758,3.0566
2025-10-09 13:30,3.08,3.08,3.07,3.07,1568,3.0791
2025-10-09 13:35,3.08,3.09,3.05,3.09,4659,3.0781
2025-10-09 13:40,3.08,3.09,3.08,3.09,3496,3.0865
2025-10-09 13:45,3.08,3.09,3.08,3.09,1508,3.0834
2025-10-09 13:50,3.09,3.09,3.09,3.09,392,3.0894
2025-10-09 13:55,3.09,3.09,3.08,3.08,1101,3.0829
2025-10-09 14:00,3.08,3.09,3.05,3.09,1262,3.0694
2025-10-09 14:05,3.09,3.09,3.09,3.09,133,3.0839
2025-10-09 14:10,3.08,3.08,3.08,3.08,221,3.0809
2025-10-09 14:15,3.09,3.09,3.08,3.08,886,3.0869
2025-10-09 14:20,3.09,3.09,3.09,3.09,482,3.0898
2025-10-09 14:25,3.09,3.09,3.05,3.07,1426,3.0702
2025-10-09 14:30,3.09,3.09,3.09,3.09,470,3.0878
2025-10-09 14:35,3.09,3.09,3.09,3.09,310,3.089
2025-10-09 14:40,3.09,3.09,3.09,3.09,269,3.0845
2025-10-09 14:50,3.09,3.09,3.09,3.09,1013,3.0899
2025-10-09 15:00,3.09,3.09,3.06,3.09,1485,3.0798
2025-10-09 15:10,3.09,3.09,3.09,3.09,3794,3.09
2025-10-09 15:15,3.09,3.14,3.09,3.14,1449,3.1204
2025-10-09 15:20,3.14,3.14,3.14,3.14,800,3.1397
2025-10-09 15:30,3.14,3.14,3.14,3.14,376,3.14
2025-10-09 15:35,3.14,3.14,3.14,3.14,555,3.14
2025-10-09 15:40,3.12,3.12,3.1,3.1,438,3.1061
2025-10-09 15:45,3.1,3.12,3.09,3.09,1013,3.1035
2025-10-09 15:50,3.12,3.12,3.12,3.12,539,3.1188
2025-10-09 16:00,3.1,3.12,3.1,3.12,414,3.1098
2025-10-09 16:05,3.06,3.08,3.06,3.08,1029,3.0747
2025-10-09 16:10,3.12,3.12,3.11,3.12,1400,3.1168
2025-10-09 16:15,3.11,3.11,3.11,3.11,111,3.11
2025-10-09 16:30,3.09,3.09,3.09,3.09,107,3.0889
2025-10-09 16:35,3.05,3.06,3.05,3.06,1104,3.0556
2025-10-09 16:40,3.09,3.09,3.09,3.09,250,3.09
2025-10-09 16:45,3.06,3.09,3.06,3.09,1657,3.0628
2025-10-09 16:50,3.09,3.09,3.09,3.09,303,3.09
2025-10-09 16:55,3.1,3.1,3.06,3.06,564,3.0755
2025-10-10 02:15,3.25,3.29,3.25,3.25,2950,3.2638
2025-10-10 02:25,3.23,3.23,3.23,3.23,100,3.23
2025-10-10 03:40,3.47,3.47,3.47,3.47,120,3.47
2025-10-10 03:50,3.46,3.46,3.46,3.46,445,3.46
2025-10-10 04:00,3.16,3.19,3.16,3.19,1545,3.1691
2025-10-10 04:05,3.23,3.23,3.16,3.16,368,3.1815
2025-10-10 04:10,3.2,3.3,3.2,3.3,1645,3.2307
2025-10-10 04:15,3.2,3.2,3.2,3.2,505,3.2
2025-10-10 04:20,3.2,3.2,3.2,3.2,585,3.2021
2025-10-10 04:25,3.18,3.18,3.18,3.18,100,3.18
2025-10-10 04:30,3.17,3.17,3.15,3.15,250,3.1632
2025-10-10 04:35,3.13,3.14,3.13,3.13,1001,3.1326
2025-10-10 04:45,3.13,3.13,3.13,3.13,800,3.13
2025-10-10 04:50,3.14,3.14,3.14,3.14,737,3.14
2025-10-10 04:55,3.14,3.14,3.14,3.14,936,3.14
2025-10-10 05:00,3.17,3.25,3.13,3.19,22650,3.1795
2025-10-10 05:05,3.2,3.2,3.2,3.2,4727,3.1999
2025-10-10 05:10,3.16,3.2,3.16,3.2,358,3.1873
2025-10-10 05:15,3.21,3.21,3.21,3.21,836,3.2091
2025-10-10 05:20,3.21,3.21,3.13,3.13,2715,3.1712
2025-10-10 05:25,3.14,3.14,3.14,3.14,4445,3.14
2025-10-10 05:30,3.14,3.14,3.1,3.13,2250,3.1204
2025-10-10 05:35,3.1,3.13,3.05,3.13,3600,3.0757
2025-10-10 05:40,3.14,3.14,3.12,3.13,913,3.1306
2025-10-10 05:45,3.14,3.14,3.11,3.11,697,3.1236
2025-10-10 05:50,3.14,3.14,3.11,3.11,8968,3.1395
2025-10-10 06:00,3.12,3.12,3.12,3.12,400,3.1223
2025-10-10 06:05,3.14,3.14,3.12,3.12,1713,3.1362
2025-10-10 06:10,3.13,3.13,3.13,3.13,200,3.1338
2025-10-10 06:15,3.14,3.14,3.14,3.14,797,3.1355
2025-10-10 06:20,3.14,3.14,3.14,3.14,638,3.1372
2025-10-10 06:25,3.14,3.14,3.12,3.12,6802,3.137
2025-10-10 06:30,3.11,3.2,3.1,3.12,121001,3.1513
2025-10-10 06:35,3.16,3.2,3.12,3.12,128074,3.1754
2025-10-10 06:40,3.14,3.16,3.07,3.1,108448,3.116
2025-10-10 06:45,3.09,3.14,3.07,3.11,58627,3.1136
2025-10-10 06:50,3.11,3.12,3.05,3.07,131305,3.0778
2025-10-10 06:55,3.05,3.08,3.05,3.06,50961,3.0643
2025-10-10 07:00,3.06,3.07,3.05,3.07,99898,3.0662
2025-10-10 07:05,3.06,3.07,3.06,3.06,81611,3.0671
2025-10-10 07:10,3.06,3.07,3.05,3.05,29604,3.0577
2025-10-10 07:15,3.05,3.06,3.05,3.05,37375,3.0549
2025-10-10 07:20,3.06,3.12,3.05,3.07,114256,3.0808
2025-10-10 07:25,3.06,3.07,3.05,3.07,66340,3.0573
2025-10-10 07:30,3.06,3.07,3.05,3.05,35794,3.0547
2025-10-10 07:35,3.05,3.06,3.05,3.05,55416,3.0541
2025-10-10 07:40,3.06,3.06,3.03,3.03,23609,3.0495
2025-10-10 07:45,3.04,3.06,3.03,3.05,46297,3.0465
2025-10-10 07:50,3.05,3.08,3.04,3.05,80079,3.0665
2025-10-10 07:55,3.05,3.06,3.01,3.01,54734,3.04
2025-10-10 08:00,3.01,3.02,2.95,2.97,73673,2.9986
2025-10-10 08:05,2.95,2.97,2.93,2.97,39825,2.9533
2025-10-10 08:10,2.94,2.97,2.94,2.96,30064,2.9572
2025-10-10 08:15,2.97,2.97,2.91,2.94,40383,2.9357
2025-10-10 08:20,2.93,2.94,2.91,2.93,53024,2.929
2025-10-10 08:25,2.94,2.95,2.91,2.91,55004,2.9208
2025-10-10 08:30,2.91,2.92,2.87,2.87,68673,2.9002
2025-10-10 08:35,2.87,2.91,2.85,2.86,46527,2.8688
2025-10-10 08:40,2.86,2.9,2.85,2.88,69091,2.8706
2025-10-10 08:45,2.86,2.95,2.86,2.93,48061,2.9065
2025-10-10 08:50,2.93,2.98,2.92,2.98,34770,2.9428
2025-10-10 08:55,2.95,2.98,2.92,2.95,35469,2.9583
2025-10-10 09:00,2.95,2.97,2.92,2.97,25858,2.9404
2025-10-10 09:05,2.95,2.98,2.94,2.94,26898,2.9679
2025-10-10 09:10,2.94,2.99,2.94,2.96,30408,2.9597
2025-10-10 09:15,2.98,2.99,2.96,2.98,27589,2.9763
2025-10-10 09:20,2.98,2.98,2.96,2.96,34555,2.9734
2025-10-10 09:25,2.98,3,2.98,3,28559,2.9878
2025-10-10 09:30,3,3.04,2.99,3.04,79942,3.0039
2025-10-10 09:35,3.04,3.07,2.96,2.96,31968,3.0278
2025-10-10 09:40,2.96,2.99,2.95,2.95,35172,2.9741
2025-10-10 09:45,2.95,2.97,2.95,2.95,28853,2.9565
2025-10-10 09:50,2.95,2.96,2.9,2.91,49077,2.9429
2025-10-10 09:55,2.91,2.91,2.88,2.88,41159,2.8996
2025-10-10 10:00,2.88,2.89,2.85,2.86,48199,2.8625
2025-10-10 10:05,2.86,2.91,2.86,2.88,95039,2.8954
2025-10-10 10:10,2.88,3,2.86,2.97,49631,2.9224
2025-10-10 10:15,2.96,3,2.89,2.89,54072,2.9677
2025-10-10 10:20,2.9,2.95,2.9,2.95,19948,2.9273
2025-10-10 10:25,2.94,2.97,2.91,2.94,37562,2.9457
2025-10-10 10:30,2.94,2.98,2.91,2.92,89512,2.9373
2025-10-10 10:35,2.94,2.94,2.89,2.91,30204,2.9143
2025-10-10 10:40,2.92,2.92,2.89,2.9,14854,2.9047
2025-10-10 10:45,2.9,2.9,2.88,2.88,13344,2.8957
2025-10-10 10:50,2.89,2.91,2.88,2.88,14483,2.8983
2025-10-10 10:55,2.88,2.9,2.88,2.9,16471,2.8854
2025-10-10 11:00,2.9,2.91,2.89,2.91,24939,2.9049
2025-10-10 11:05,2.91,2.92,2.89,2.89,46333,2.9076
2025-10-10 11:10,2.89,2.9,2.89,2.89,24139,2.8966
2025-10-10 11:15,2.89,2.9,2.88,2.9,40139,2.8902
2025-10-10 11:20,2.9,3,2.9,2.91,48664,2.9288
2025-10-10 11:25,2.91,2.91,2.88,2.88,86457,2.8851
2025-10-10 11:30,2.87,2.92,2.87,2.92,71427,2.8907
2025-10-10 11:35,2.92,2.92,2.87,2.9,184844,2.8855
2025-10-10 11:40,2.91,2.92,2.9,2.9,133926,2.9051
2025-10-10 11:45,2.91,2.92,2.91,2.92,23868,2.9138
2025-10-10 11:50,2.91,2.92,2.91,2.91,25024,2.915
2025-10-10 11:55,2.91,2.94,2.91,2.91,42864,2.9121
2025-10-10 12:00,2.91,2.92,2.89,2.9,28998,2.9035
2025-10-10 12:05,2.91,2.96,2.9,2.96,32329,2.9112
2025-10-10 12:10,2.95,2.96,2.88,2.9,91928,2.9164
2025-10-10 12:15,2.9,2.9,2.87,2.89,42176,2.889
2025-10-10 12:20,2.9,2.91,2.89,2.91,32659,2.9
2025-10-10 12:25,2.91,2.91,2.89,2.89,27182,2.898
2025-10-10 12:30,2.89,2.92,2.89,2.91,40462,2.9058
2025-10-10 12:35,2.9,2.91,2.89,2.89,39308,2.9053
2025-10-10 12:40,2.89,2.91,2.89,2.9,56694,2.9014
2025-10-10 12:45,2.91,2.91,2.88,2.9,65796,2.9028
2025-10-10 12:50,2.89,2.95,2.89,2.95,26041,2.933
2025-10-10 12:55,2.95,2.95,2.89,2.91,59036,2.9203
2025-10-10 13:00,2.89,3.1,2.89,3.1,290997,2.8905
2025-10-10 13:05,3.01,3.01,2.95,2.95,2368,2.9577
2025-10-10 13:10,3.01,3.01,3,3,73747,2.8932
2025-10-10 13:20,2.95,3,2.95,3,1858,2.9533
2025-10-10 13:25,3,3,3,3,237,3.0032
2025-10-10 13:35,3.01,3.01,2.95,2.95,783,2.9861
2025-10-10 13:55,2.95,2.95,2.91,2.91,1045,2.9189
2025-10-10 14:00,2.95,2.95,2.9,2.9,469,2.912
2025-10-10 14:05,2.95,3,2.95,3,1577,2.9603
2025-10-10 14:10,2.9,2.9,2.9,2.9,325,2.8992
2025-10-10 14:15,2.9,2.9,2.9,2.9,200,2.9
2025-10-10 14:20,2.9,2.9,2.89,2.89,2617,2.8939
2025-10-10 14:25,2.9,2.9,2.89,2.89,14090,2.891
2025-10-10 14:30,2.9,2.9,2.89,2.89,22370,2.8902
2025-10-10 14:35,2.9,2.95,2.9,2.95,2499,2.9112
2025-10-10 14:40,3,3,2.95,2.99,2431,2.9914
2025-10-10 14:50,2.99,2.99,2.98,2.98,831,2.9859
2025-10-10 14:55,2.98,2.98,2.98,2.98,218,2.9796
2025-10-10 15:00,2.98,2.98,2.98,2.98,125,2.98
2025-10-10 15:05,2.96,2.96,2.96,2.96,156,2.9586
2025-10-10 15:10,2.96,2.96,2.96,2.96,3075,2.9594
2025-10-10 15:15,2.96,2.96,2.94,2.94,15492,2.9499
2025-10-10 15:20,2.9,2.95,2.89,2.89,12273,2.8944
2025-10-10 15:25,2.89,2.99,2.89,2.89,890,2.9258
2025-10-10 15:30,2.89,2.99,2.89,2.99,448,2.9352
2025-10-10 15:35,2.98,2.98,2.93,2.98,2490,2.9398
2025-10-10 15:40,2.98,2.98,2.98,2.98,1625,2.9799
2025-10-10 15:50,2.98,2.98,2.93,2.98,650,2.9679
2025-10-10 15:55,2.98,2.98,2.98,2.98,1225,2.9799
2025-10-10 16:00,2.98,2.98,2.93,2.93,552,2.9522
2025-10-10 16:05,2.98,2.98,2.92,2.98,1712,2.9532
2025-10-10 16:15,2.98,2.98,2.98,2.98,2000,2.98
2025-10-10 16:20,2.98,2.98,2.98,2.98,181,2.9759
2025-10-10 16:25,2.98,2.98,2.98,2.98,515,2.98
2025-10-10 16:30,2.96,2.96,2.96,2.96,1467,2.9599
2025-10-10 16:35,2.95,2.95,2.95,2.95,193,2.95
2025-10-10 16:40,2.96,2.96,2.96,2.96,695,2.96
2025-10-10 16:45,2.92,2.92,2.92,2.92,253,2.9205
2025-10-10 16:50,2.96,2.96,2.96,2.96,1240,2.9589
2025-10-10 16:55,2.96,2.96,2.9,2.9,1166,2.9288
2025-10-13 02:00,3.07,3.07,3.07,3.07,2000,3.07
2025-10-13 02:05,3.07,3.07,3.07,3.07,400,3.07
2025-10-13 02:20,3.1,3.1,3.1,3.1,400,3.1
2025-10-13 02:35,3.07,3.07,3.07,3.07,500,3.07
2025-10-13 04:00,3.24,3.24,3.04,3.04,3667,3.0779
2025-10-13 04:05,3.1,3.1,3.05,3.05,730,3.0655
2025-10-13 04:10,3.05,3.05,3.05,3.05,1480,3.05
2025-10-13 04:40,3.07,3.07,3.07,3.07,500,3.07
2025-10-13 04:55,3.05,3.05,3.05,3.05,100,3.05
2025-10-13 05:00,3.04,3.1,3.04,3.1,12229,3.083
2025-10-13 05:05,3.16,3.16,3.1,3.1,2262,3.1131
2025-10-13 05:10,3.11,3.11,3.11,3.11,4195,3.1107
2025-10-13 05:15,3.15,3.15,3.15,3.15,1132,3.1513
2025-10-13 05:30,3.18,3.19,3.18,3.19,5750,3.1882
2025-10-13 05:35,3.19,3.19,3.18,3.18,1528,3.1867
2025-10-13 05:40,3.15,3.15,3.15,3.15,1001,3.1511
2025-10-13 05:45,3.2,3.2,3.2,3.2,100,3.2
2025-10-13 05:50,3.16,3.17,3.16,3.17,409,3.1626
2025-10-13 05:55,3.15,3.17,3.14,3.15,6079,3.1472
2025-10-13 06:00,3.11,3.11,3.11,3.11,1394,3.114
2025-10-13 06:05,3.17,3.17,3.17,3.17,291,3.1564
2025-10-13 06:15,3.11,3.11,3.11,3.11,1124,3.11
2025-10-13 06:20,3.15,3.15,3.11,3.11,7143,3.1108
2025-10-13 06:25,3.12,3.12,3.1,3.1,648,3.1131
2025-10-13 06:30,3.14,3.15,3.06,3.14,56402,3.115
2025-10-13 06:35,3.14,3.15,3.1,3.14,44039,3.1359
2025-10-13 06:40,3.13,3.15,3.06,3.06,36867,3.1114
2025-10-13 06:45,3.1,3.1,3.05,3.05,36730,3.0706
2025-10-13 06:50,3.06,3.1,3.05,3.05,36335,3.0696
2025-10-13 06:55,3.05,3.08,3.05,3.07,14477,3.0595
2025-10-13 07:00,3.07,3.1,3.05,3.05,34046,3.0643
2025-10-13 07:05,3.05,3.08,3.05,3.05,13126,3.0581
2025-10-13 07:10,3.05,3.07,3,3.01,37040,3.0298
2025-10-13 07:15,3,3.02,3,3.01,32214,3.0084
2025-10-13 07:20,3,3.01,2.96,2.98,78798,2.9966
2025-10-13 07:25,2.97,2.98,2.94,2.96,19514,2.9517
2025-10-13 07:30,2.95,2.97,2.86,2.87,51373,2.9106
2025-10-13 07:35,2.87,2.97,2.87,2.88,70729,2.9072
2025-10-13 07:40,2.89,2.9,2.88,2.89,23324,2.8917
2025-10-13 07:45,2.89,2.9,2.86,2.87,23761,2.8817
2025-10-13 07:50,2.88,2.88,2.85,2.85,64770,2.8568
2025-10-13 07:55,2.85,2.87,2.82,2.86,28376,2.8407
2025-10-13 08:00,2.87,2.87,2.85,2.86,14305,2.8632
2025-10-13 08:05,2.87,2.92,2.86,2.88,32194,2.8908
2025-10-13 08:10,2.86,3.01,2.86,2.91,66825,2.9241
2025-10-13 08:15,2.99,3,2.91,2.93,22930,2.9375
2025-10-13 08:20,2.95,2.98,2.93,2.97,32216,2.9578
2025-10-13 08:25,2.97,2.98,2.92,2.96,36558,2.957
2025-10-13 08:30,2.95,2.96,2.94,2.96,17900,2.9575
2025-10-13 08:35,2.96,2.96,2.91,2.94,14098,2.9267
2025-10-13 08:40,2.92,2.94,2.89,2.91,9090,2.9095
2025-10-13 08:45,2.9,2.92,2.9,2.91,13340,2.9061
2025-10-13 08:50,2.91,2.92,2.9,2.92,11099,2.914
2025-10-13 08:55,2.92,2.93,2.9,2.9,22470,2.9197
2025-10-13 09:00,2.9,2.92,2.9,2.92,10696,2.9073
2025-10-13 09:05,2.91,2.92,2.88,2.88,13195,2.9022
2025-10-13 09:10,2.88,2.9,2.87,2.9,16837,2.894
2025-10-13 09:15,2.88,2.9,2.87,2.88,20900,2.885
2025-10-13 09:20,2.88,2.89,2.88,2.88,16968,2.8842
2025-10-13 09:25,2.87,2.88,2.87,2.88,4427,2.8749
2025-10-13 09:30,2.86,2.92,2.86,2.9,47721,2.9123
2025-10-13 09:35,2.91,2.92,2.9,2.91,19238,2.9083
2025-10-13 09:40,2.91,2.94,2.9,2.93,16325,2.9206
2025-10-13 09:45,2.91,3,2.9,2.93,46370,2.9657
2025-10-13 09:50,2.94,3,2.94,2.97,28178,2.9653
2025-10-13 09:55,2.95,3,2.95,2.98,20188,2.9829
2025-10-13 10:00,2.99,3,2.99,2.99,21300,2.9922
2025-10-13 10:05,3,3,2.93,2.94,34062,2.9434
2025-10-13 10:10,2.97,3,2.96,2.96,11920,2.9822
2025-10-13 10:15,2.98,3.05,2.95,3.02,72628,3.0004
2025-10-13 10:20,3.02,3.04,2.99,3.02,7213,3.0124
2025-10-13 10:25,3.02,3.02,2.95,2.95,5324,2.9858
2025-10-13 10:30,2.95,3,2.92,2.92,10021,2.9386
2025-10-13 10:35,2.92,2.93,2.9,2.9,17643,2.9095
2025-10-13 10:40,2.9,2.91,2.87,2.87,30851,2.8909
2025-10-13 10:45,2.87,2.88,2.85,2.86,30919,2.8654
2025-10-13 10:50,2.85,2.88,2.85,2.88,46642,2.8566
2025-10-13 10:55,2.88,2.88,2.85,2.87,16107,2.86
2025-10-13 11:00,2.87,2.9,2.86,2.89,15520,2.8755
2025-10-13 11:05,2.89,2.89,2.87,2.87,18464,2.8738
2025-10-13 11:10,2.86,2.88,2.85,2.88,28894,2.8655
2025-10-13 11:15,2.87,2.91,2.87,2.88,25756,2.8898
2025-10-13 11:20,2.88,2.91,2.88,2.9,10238,2.8971
2025-10-13 11:25,2.91,2.94,2.89,2.93,30554,2.9158
2025-10-13 11:30,2.94,2.94,2.91,2.93,13800,2.9311
2025-10-13 11:35,2.93,2.96,2.93,2.94,2943,2.9382
2025-10-13 11:40,2.94,2.95,2.94,2.95,4469,2.9465
2025-10-13 11:45,2.94,2.95,2.91,2.94,12295,2.9313
2025-10-13 11:50,2.94,2.98,2.93,2.93,12166,2.9497
2025-10-13 11:55,2.96,2.99,2.93,2.99,14822,2.9558
2025-10-13 12:00,2.99,2.99,2.97,2.98,17855,2.9822
2025-10-13 12:05,2.98,3,2.97,2.99,14250,2.9918
2025-10-13 12:10,3,3.01,2.99,2.99,19528,3.0034
2025-10-13 12:15,3.01,3.01,2.99,2.99,13668,2.9952
2025-10-13 12:20,3,3,2.95,2.96,16097,2.9757
2025-10-13 12:25,2.96,2.97,2.96,2.97,2260,2.9625
2025-10-13 12:30,2.97,2.99,2.97,2.97,4409,2.98
2025-10-13 12:35,2.97,3,2.97,3,8116,2.9851
2025-10-13 12:40,2.99,3,2.98,2.99,18946,2.9942
2025-10-13 12:45,3,3.05,2.98,3.04,37078,3.0143
2025-10-13 12:50,3.05,3.06,3.03,3.04,29238,3.0501
2025-10-13 12:55,3.04,3.04,3,3,37175,3.016
2025-10-13 13:00,3.04,3.04,3.04,3.04,10336,2.9544
2025-10-13 13:10,3.04,3.04,3.04,3.04,311,3.0399
2025-10-13 13:20,3.04,3.04,3.04,3.04,1401,3.04
2025-10-13 13:25,3.04,3.04,2.99,2.99,1752,2.9972
2025-10-13 13:35,3.02,3.02,3.02,3.02,202,3.0245
2025-10-13 13:40,3.04,3.04,3,3,1811,3.0047
2025-10-13 13:45,3,3,3,3,5497,3.0015
2025-10-13 13:50,3.04,3.04,3.04,3.04,951,3.04
2025-10-13 13:55,3.04,3.04,3.04,3.04,599,3.0401
2025-10-13 14:00,3.04,3.05,3.04,3.05,5211,3.0447
2025-10-13 14:05,3.04,3.09,3.04,3.09,2243,3.0515
2025-10-13 14:15,3.04,3.08,3.04,3.08,370,3.0631
2025-10-13 14:20,3.04,3.04,3.04,3.04,259,3.0421
2025-10-13 14:30,3.04,3.1,3.04,3.1,401,3.0839
2025-10-13 14:35,3.04,3.04,3.04,3.04,2429,3.04
2025-10-13 14:40,3.04,3.04,3.04,3.04,3077,3.04
2025-10-13 15:10,3.1,3.1,3.1,3.1,1100,3.1
2025-10-13 15:30,3.09,3.09,3.09,3.09,648,3.0887
2025-10-13 15:35,3.09,3.09,3.09,3.09,2039,3.0896
2025-10-13 15:40,3.09,3.09,3.07,3.09,1350,3.0885
2025-10-13 16:25,3.03,3.03,3.03,3.03,100,3.03
2025-10-13 16:30,3.06,3.06,3.06,3.06,208,3.0524
2025-10-13 16:40,3.01,3.01,3.01,3.01,489,3.0119
2025-10-13 16:50,3.01,3.05,3.01,3.05,2500,3.0268
2025-10-14 01:40,2.96,2.96,2.96,2.96,1100,2.96
2025-10-14 01:55,3.4,3.5,3.4,3.4,2850,3.449
2025-10-14 04:00,3.11,3.12,3.11,3.12,4350,3.1143
2025-10-14 04:05,3.01,3.01,3.01,3.01,770,3.01
2025-10-14 04:10,3.02,3.02,3.01,3.01,1000,3.0126
2025-10-14 04:15,3.01,3.02,3,3,4000,3.0127
2025-10-14 04:20,3.09,3.09,3.09,3.09,600,3.09
2025-10-14 04:25,3.02,3.02,3.01,3.01,1200,3.0167
2025-10-14 04:30,3,3,3,3,5540,3.0006
2025-10-14 04:35,3.08,3.08,3.08,3.08,250,3.08
2025-10-14 04:40,3.08,3.08,3,3,298,3.0302
2025-10-14 04:45,3,3.01,3,3.01,2800,3.0029
2025-10-14 04:50,3.03,3.03,3.03,3.03,3500,3.03
2025-10-14 04:55,3.03,3.03,3.03,3.03,1205,3.0301
2025-10-14 05:00,3.12,3.12,3,3.05,2285,3.0563
2025-10-14 05:05,3.03,3.03,3.03,3.03,249,3.0354
2025-10-14 05:10,3.03,3.06,3.03,3.06,1689,3.0547
2025-10-14 05:15,3.07,3.08,3.06,3.06,3838,3.0641
2025-10-14 05:20,3.06,3.06,3.06,3.06,773,3.0603
2025-10-14 05:25,3.06,3.08,3.06,3.08,628,3.069
2025-10-14 05:30,3.06,3.06,3.06,3.06,341,3.0626
2025-10-14 05:35,3.07,3.07,3.07,3.07,815,3.0697
2025-10-14 05:45,3.06,3.07,3.06,3.07,8213,3.0605
2025-10-14 05:50,3.03,3.03,3,3.01,1653,3.0057
2025-10-14 05:55,3.02,3.05,3,3.05,2606,3.0139
2025-10-14 06:00,3.03,3.03,3.01,3.01,498,3.0187
2025-10-14 06:05,3.01,3.01,3.01,3.01,100,3.01
2025-10-14 06:10,3.05,3.05,3.01,3.01,1348,3.0278
2025-10-14 06:15,3,3,3,3,9174,3
2025-10-14 06:20,3.04,3.05,3,3.04,3934,3.0354
2025-10-14 06:30,3.1,3.1,2.95,2.96,58765,3.02
2025-10-14 06:35,2.94,2.95,2.91,2.95,36358,2.9278
2025-10-14 06:40,2.94,3.02,2.93,3.02,27264,2.9701
2025-10-14 06:45,3.01,3.05,2.98,3.01,26801,3.0194
2025-10-14 06:50,3.01,3.02,2.97,3,30126,2.9984
2025-10-14 06:55,3,3.02,3,3,3113,3.0097
2025-10-14 07:00,3,3.02,3,3.01,13325,3.0121
2025-10-14 07:05,3.01,3.06,3.01,3.05,22957,3.0278
2025-10-14 07:10,3.05,3.1,3.04,3.08,32123,3.0598
2025-10-14 07:15,3.06,3.08,3.05,3.07,4847,3.0672
2025-10-14 07:20,3.08,3.09,3.06,3.08,11912,3.0798
2025-10-14 07:25,3.08,3.08,3,3.01,8913,3.05
2025-10-14 07:30,3.01,3.03,3,3.03,25636,3.0097
2025-10-14 07:35,3.02,3.03,3.01,3.03,8888,3.0232
2025-10-14 07:40,3.02,3.04,3.02,3.03,13380,3.0295
2025-10-14 07:45,3.03,3.03,3,3.02,10691,3.0201
2025-10-14 07:50,3.02,3.03,3.02,3.02,4855,3.0259
2025-10-14 07:55,3.03,3.03,3,3.03,42492,3.0069
2025-10-14 08:00,3.03,3.03,2.99,3,17562,3.012
2025-10-14 08:05,3,3,2.99,2.99,8451,2.9961
2025-10-14 08:10,2.99,3,2.95,2.97,10684,2.9731
2025-10-14 08:15,2.99,3,2.96,2.97,7953,2.9929
2025-10-14 08:20,2.98,3,2.96,2.99,3639,2.9813
2025-10-14 08:25,2.97,3,2.97,2.99,2755,2.9906
2025-10-14 08:30,3,3,2.99,3,4962,2.9984
2025-10-14 08:35,3.01,3.02,2.99,3.02,6788,3.0072
2025-10-14 08:40,3.01,3.01,2.99,3.01,8604,3.0034
2025-10-14 08:45,3.02,3.02,3,3.01,7906,3.0146
2025-10-14 08:50,3.01,3.01,2.99,3,10096,2.9991
2025-10-14 08:55,3,3.02,2.99,3.02,20844,3.0106
2025-10-14 09:00,3.02,3.02,3,3,7378,3.0095
2025-10-14 09:05,3.02,3.02,2.99,3.02,5047,3.0155
2025-10-14 09:10,3,3.01,3,3.01,5509,3.0098
2025-10-14 09:15,3.02,3.04,3,3.02,16417,3.022
2025-10-14 09:20,3.03,3.05,3.02,3.04,19428,3.035
2025-10-14 09:25,3.05,3.06,3.05,3.06,9709,3.0511
2025-10-14 09:30,3.05,3.06,3.05,3.06,3590,3.0563
2025-10-14 09:35,3.06,3.06,3.04,3.04,7696,3.0519
2025-10-14 09:40,3.06,3.1,3.04,3.1,22015,3.0775
2025-10-14 09:45,3.08,3.1,3.03,3.06,35710,3.0895
2025-10-14 09:50,3.06,3.09,3.05,3.08,49653,3.0728
2025-10-14 09:55,3.06,3.08,3.06,3.07,5299,3.0733
2025-10-14 10:00,3.06,3.07,3.03,3.07,2596,3.0588
2025-10-14 10:05,3.05,3.05,3.03,3.03,1722,3.0463
2025-10-14 10:10,3.06,3.07,3.04,3.05,2813,3.0579
2025-10-14 10:15,3.05,3.1,3.05,3.07,34744,3.0675
2025-10-14 10:20,3.08,3.09,3.05,3.07,18458,3.0733
2025-10-14 10:25,3.06,3.06,3.05,3.05,5930,3.057
2025-10-14 10:30,3.05,3.07,3.03,3.07,7991,3.0591
2025-10-14 10:35,3.06,3.07,3.03,3.03,3404,3.0602
2025-10-14 10:40,3.05,3.08,3.03,3.06,2121,3.045
2025-10-14 10:45,3.05,3.06,3.02,3.05,6194,3.0386
2025-10-14 10:50,3.06,3.06,3.03,3.03,2854,3.0441
2025-10-14 10:55,3.04,3.05,3.02,3.03,10142,3.0302
2025-10-14 11:00,3.02,3.02,3,3,9223,3.0119
2025-10-14 11:05,3.01,3.02,3,3.01,11011,3.0066
2025-10-14 11:10,3,3.03,2.99,3.01,42079,3.0001
2025-10-14 11:15,3,3.02,3,3.01,5865,3.0073
2025-10-14 11:20,3.01,3.03,3,3.01,11227,3.0041
2025-10-14 11:25,3.01,3.01,3,3.01,6143,3.0075
2025-10-14 11:30,3,3.09,3,3.07,14320,3.0506
2025-10-14 11:35,3.08,3.08,3.04,3.04,9368,3.062
2025-10-14 11:40,3.05,3.06,3.01,3.04,13678,3.0469
2025-10-14 11:45,3.01,3.06,3.01,3.04,5024,3.0451
2025-10-14 11:50,3.06,3.06,3.05,3.05,2488,3.0541
2025-10-14 11:55,3.05,3.08,3.04,3.06,20109,3.0615
2025-10-14 12:00,3.08,3.08,3.03,3.03,3074,3.0481
2025-10-14 12:05,3.04,3.05,3.02,3.04,4856,3.0366
2025-10-14 12:10,3.04,3.04,3.02,3.04,1657,3.0311
2025-10-14 12:15,3.04,3.05,3.02,3.04,9517,3.0362
2025-10-14 12:20,3.03,3.05,3.02,3.05,11492,3.035
2025-10-14 12:25,3.05,3.06,3,3.05,40443,3.0345
2025-10-14 12:30,3.04,3.06,3.02,3.03,6050,3.0424
2025-10-14 12:35,3.03,3.03,2.99,3,17852,3.0083
2025-10-14 12:40,3.01,3.01,2.99,3,10295,2.9986
2025-10-14 12:45,2.99,3,2.99,3,11080,2.9958
2025-10-14 12:50,2.99,3,2.99,3,5434,2.9972
2025-10-14 12:55,2.99,3,2.99,3,23751,2.9972
2025-10-14 13:00,2.99,2.99,2.99,2.99,150,3.0047
2025-10-14 13:05,2.95,2.95,2.95,2.95,31388,2.9491
2025-10-14 13:20,2.96,2.96,2.96,2.96,1890,2.9611
2025-10-14 13:30,2.96,2.96,2.96,2.96,266,2.96
2025-10-14 13:35,2.96,2.96,2.96,2.96,262,2.96
2025-10-14 13:40,2.96,2.96,2.96,2.96,233,2.96
2025-10-14 13:45,2.96,2.96,2.96,2.96,100,2.96
2025-10-14 13:50,2.96,2.96,2.96,2.96,368,2.96
2025-10-14 14:00,2.96,2.96,2.96,2.96,670,2.9598
2025-10-14 14:05,2.96,2.96,2.96,2.96,363,2.9599
2025-10-14 14:10,2.96,2.96,2.96,2.96,780,2.96
2025-10-14 14:15,2.96,2.96,2.96,2.96,1398,2.96
2025-10-14 14:20,2.96,2.96,2.96,2.96,491,2.9674
2025-10-14 14:25,2.96,2.96,2.96,2.96,230,2.96
2025-10-14 14:35,2.96,2.96,2.96,2.96,551,2.96
2025-10-14 14:40,2.97,2.97,2.97,2.97,826,2.97
2025-10-14 14:55,3.01,3.01,3.01,3.01,155,3.0094
2025-10-14 15:05,3,3,3,3,252,2.9998
2025-10-14 15:20,2.98,2.98,2.98,2.98,142,2.9777
2025-10-14 16:15,3,3.05,3,3.05,13318,3.0428
2025-10-14 16:30,2.99,3.01,2.99,3.01,949,2.9994
2025-10-14 16:35,3.01,3.05,3.01,3.05,650,3.0438
2025-10-14 16:50,3.05,3.05,3.05,3.05,500,3.0494
2025-10-15 03:00,3.24,3.24,3.24,3.24,204,3.24
2025-10-15 04:00,3.1,3.1,3.02,3.09,988,3.0851
2025-10-15 04:05,3.03,3.03,3,3,249,3.0163
2025-10-15 04:10,3,3,3,3,148,3
2025-10-15 04:20,3.09,3.09,3.09,3.09,7000,3.09
2025-10-15 04:25,3.09,3.09,3.09,3.09,1001,3.09
2025-10-15 04:35,3.09,3.09,3.09,3.09,732,3.09
2025-10-15 04:45,3.06,3.06,3.06,3.06,300,3.06
2025-10-15 04:50,3.09,3.09,3.09,3.09,2010,3.09
2025-10-15 04:55,3.09,3.09,3,3,5630,3.0828
2025-10-15 05:00,3.09,3.09,2.99,3.06,12256,3.0405
2025-10-15 05:05,3.06,3.06,3.06,3.06,2555,3.06
2025-10-15 05:10,3,3,3,3,350,3.0005
2025-10-15 05:15,3.06,3.06,3,3.05,2880,3.0488
2025-10-15 05:20,3.06,3.06,3.06,3.06,1146,3.06
2025-10-15 05:25,3.06,3.06,3.06,3.06,186,3.0589
2025-10-15 05:35,3.06,3.06,3.06,3.06,519,3.0585
2025-10-15 05:40,3.06,3.06,3.06,3.06,331,3.0485
2025-10-15 05:45,3.06,3.06,3.06,3.06,1331,3.06
2025-10-15 05:50,3.05,3.05,3,3,1318,3.0099
2025-10-15 05:55,3.02,3.02,3.02,3.02,110,3.02
2025-10-15 06:15,3.04,3.04,3.01,3.01,1283,3.0396
2025-10-15 06:20,3.06,3.06,3.06,3.06,1647,3.06
2025-10-15 06:25,3.03,3.03,3.03,3.03,500,3.03
2025-10-15 06:30,3.09,3.09,3,3.01,16329,3.0135
2025-10-15 06:35,3.02,3.04,3,3.02,45588,3.0185
2025-10-15 06:40,3.02,3.04,3.02,3.03,9997,3.0268
2025-10-15 06:45,3.02,3.04,3.02,3.03,44895,3.0356
2025-10-15 06:50,3.04,3.04,3.03,3.03,16172,3.0377
2025-10-15 06:55,3.03,3.04,3.02,3.04,15529,3.0368
2025-10-15 07:00,3.03,3.04,3.02,3.02,11118,3.0281
2025-10-15 07:05,3.02,3.03,3,3.01,15105,3.0145
2025-10-15 07:10,3.01,3.01,2.98,3,33938,3.0014
2025-10-15 07:15,3,3.01,2.98,3,40960,2.9985
2025-10-15 07:20,2.99,3.01,2.98,3.01,52424,3.0098
2025-10-15 07:25,3.01,3.02,3,3,10379,3.0149
2025-10-15 07:30,3,3.02,2.97,3.02,33627,2.9908
2025-10-15 07:35,3.01,3.02,3,3,5536,3.0034
2025-10-15 07:40,3,3.01,3,3.01,5329,3.0084
2025-10-15 07:45,3,3.02,3,3.02,14990,3.007
2025-10-15 07:50,3.01,3.02,3,3.01,15511,2.9826
2025-10-15 07:55,3.01,3.02,3.01,3.02,2735,3.0103
2025-10-15 08:00,3.01,3.02,3.01,3.01,6955,3.016
2025-10-15 08:05,3.02,3.02,3.01,3.02,4515,3.0147
2025-10-15 08:10,3.02,3.02,3,3.01,24514,3.0166
2025-10-15 08:15,3.02,3.02,3.01,3.01,10941,3.0102
2025-10-15 08:20,3,3.01,3,3.01,18089,3.0011
2025-10-15 08:25,3,3.01,3,3,3458,3.0036
2025-10-15 08:30,3,3.01,3,3,3009,3.0025
2025-10-15 08:35,3.01,3.01,3,3.01,5119,3.0011
2025-10-15 08:40,3,3.01,3,3,33851,3.0025
2025-10-15 08:45,3,3.01,3,3.01,7807,3.0014
2025-10-15 08:50,3,3.01,3,3,10441,3.0039
2025-10-15 08:55,3.01,3.01,3,3,12490,3.0074
2025-10-15 09:00,3.01,3.01,3,3.01,33070,3.0006
2025-10-15 09:05,3,3.01,3,3,1552,3.0032
2025-10-15 09:10,3.01,3.01,3,3.01,1827,3.0037
2025-10-15 09:15,3,3.03,3,3.02,88348,3.027
2025-10-15 09:20,3.01,3.03,3.01,3.01,9253,3.016
2025-10-15 09:25,3.02,3.03,3.01,3.01,8220,3.0248
2025-10-15 09:30,3.02,3.02,3.01,3.01,8316,3.0189
2025-10-15 09:35,3.02,3.03,3,3,15088,3.0117
2025-10-15 09:40,3.01,3.01,3,3.01,4225,3.0027
2025-10-15 09:45,3,3.01,3,3.01,18744,3.001
2025-10-15 09:50,3,3.01,3,3,2874,3.0024
2025-10-15 09:55,3,3.01,3,3,3241,3.0029
2025-10-15 10:00,3.01,3.01,2.99,3,44044,2.9989
2025-10-15 10:05,2.99,3,2.97,2.97,2177,2.9835
2025-10-15 10:10,2.97,2.98,2.96,2.96,4541,2.971
2025-10-15 10:15,2.96,2.97,2.95,2.95,12125,2.9558
2025-10-15 10:20,2.95,2.96,2.92,2.94,4403,2.9329
2025-10-15 10:25,2.92,2.96,2.92,2.94,7654,2.9346
2025-10-15 10:30,2.95,2.95,2.92,2.94,10461,2.9342
2025-10-15 10:35,2.95,2.95,2.93,2.95,6816,2.9483
2025-10-15 10:40,2.95,2.96,2.95,2.95,4270,2.9518
2025-10-15 10:45,2.96,2.97,2.95,2.96,6942,2.9585
2025-10-15 10:50,2.97,2.98,2.97,2.98,8869,2.9749
2025-10-15 10:55,2.98,2.99,2.95,2.99,14810,2.9812
2025-10-15 11:00,2.98,2.99,2.95,2.98,5581,2.9839
2025-10-15 11:05,2.98,2.98,2.94,2.94,1052,2.9668
2025-10-15 11:10,2.96,2.97,2.95,2.97,2993,2.9589
2025-10-15 11:15,2.97,2.98,2.96,2.97,4694,2.9672
2025-10-15 11:20,2.98,2.98,2.95,2.95,20066,2.9612
2025-10-15 11:25,2.96,2.97,2.95,2.97,22161,2.9591
2025-10-15 11:30,2.98,2.99,2.97,2.99,5456,2.9769
2025-10-15 11:35,2.99,3,2.98,2.98,5914,2.9878
2025-10-15 11:40,2.99,2.99,2.96,2.96,443,2.9738
2025-10-15 11:45,2.98,2.98,2.95,2.95,1210,2.9682
2025-10-15 11:50,2.98,2.99,2.96,2.97,2871,2.9714
2025-10-15 11:55,2.97,2.99,2.96,2.98,1333,2.972
2025-10-15 12:00,2.96,2.99,2.95,2.99,6063,2.9826
2025-10-15 12:05,2.96,2.99,2.96,2.99,15410,2.9628
2025-10-15 12:10,2.98,2.98,2.97,2.98,4335,2.9767
2025-10-15 12:15,2.98,2.99,2.98,2.99,3027,2.9843
2025-10-15 12:20,2.99,2.99,2.97,2.98,22913,2.9753
2025-10-15 12:25,2.95,2.98,2.95,2.97,3257,2.9629
2025-10-15 12:30,2.95,2.99,2.95,2.95,7969,2.9589
2025-10-15 12:35,2.97,3,2.95,3,4702,2.977
2025-10-15 12:40,2.97,2.99,2.95,2.98,1540,2.9742
2025-10-15 12:45,2.98,2.99,2.95,2.99,8764,2.9786
2025-10-15 12:50,2.99,3,2.98,2.98,71572,2.9933
2025-10-15 12:55,2.99,3,2.93,2.96,13830,2.9671
2025-10-15 13:05,3.01,3.01,3.01,3.01,120,3.01
2025-10-15 13:15,3.03,3.03,3.03,3.03,100,3.03
2025-10-15 13:20,3.01,3.01,3.01,3.01,271,3.01
2025-10-15 13:25,3.01,3.01,3.01,3.01,105,3.01
2025-10-15 13:30,3.01,3.01,3.01,3.01,100,3.01
2025-10-15 14:25,3.01,3.01,3.01,3.01,100,3.01
2025-10-15 14:35,3.01,3.01,3.01,3.01,240,3.01
2025-10-15 14:50,3,3,3,3,100,3.0002
2025-10-15 14:55,3,3,3,3,115,3.0013
2025-10-15 16:05,3.03,3.03,3.03,3.03,130,3.03
2025-10-15 16:15,3.03,3.03,3.03,3.03,100,3.03
2025-10-15 16:30,3.03,3.03,3.03,3.03,113,3.0296
2025-10-15 16:35,3,3,3,3,1047,3
2025-10-15 16:40,2.93,2.93,2.93,2.93,443,2.9349
2025-10-15 16:50,2.99,2.99,2.92,2.93,1750,2.9339
2025-10-16 04:05,2.93,2.93,2.9,2.9,1600,2.9104
2025-10-16 04:45,2.98,2.98,2.98,2.98,163,2.9751
2025-10-16 05:00,2.97,3.02,2.97,3.02,364,2.9934
2025-10-16 05:05,2.98,2.98,2.98,2.98,1019,2.9807
2025-10-16 05:10,3,3,3,3,882,3
2025-10-16 05:15,3.02,3.02,3.02,3.02,2070,3.02
2025-10-16 05:20,3.02,3.02,3.01,3.01,2586,3.0177
2025-10-16 05:25,3,3.01,3,3.01,1701,3.0094
2025-10-16 05:30,3,3,3,3,450,2.9893
2025-10-16 05:35,3,3,3,3,550,2.9999
2025-10-16 05:40,3,3,3,3,203,3
2025-10-16 05:45,3.01,3.01,3.01,3.01,103,3.01
2025-10-16 05:50,3,3,3,3,205,2.9959
2025-10-16 05:55,3,3,3,3,250,3
2025-10-16 06:10,3.02,3.02,3.02,3.02,1416,3.0192
2025-10-16 06:15,3.04,3.11,3.04,3.07,13139,3.0787
2025-10-16 06:20,3.03,3.03,3,3,3431,3.0055
2025-10-16 06:30,3,3.04,2.99,2.99,33790,3.0054
2025-10-16 06:35,2.99,3.02,2.99,3,13901,3.0024
2025-10-16 06:40,3.02,3.02,2.99,3,8668,3.0035
2025-10-16 06:45,3,3.01,2.99,3.01,23054,3.0053
2025-10-16 06:50,3.01,3.01,2.97,2.99,20356,2.9929
2025-10-16 06:55,3,3.01,2.99,3.01,5870,3.0013
2025-10-16 07:00,3,3,2.94,2.94,18647,2.9558
2025-10-16 07:05,2.94,2.95,2.91,2.95,21694,2.9409
2025-10-16 07:10,2.95,2.95,2.93,2.95,8267,2.9464
2025-10-16 07:15,2.95,2.95,2.94,2.95,7177,2.9486
2025-10-16 07:20,2.95,3,2.94,2.97,25941,2.9593
2025-10-16 07:25,2.96,2.97,2.95,2.97,6539,2.9683
2025-10-16 07:30,2.97,2.98,2.96,2.98,5473,2.9672
2025-10-16 07:35,3,3,2.96,3,18278,2.9784
2025-10-16 07:40,3,3,2.99,3,5032,2.9975
2025-10-16 07:45,3,3,2.99,2.99,13228,2.9994
2025-10-16 07:50,3,3,2.99,3,32947,2.9999
2025-10-16 07:55,3,3,2.99,2.99,1703,2.9957
2025-10-16 08:00,2.99,3,2.99,2.99,1286,2.9916
2025-10-16 08:05,2.99,3,2.95,2.95,2871,2.9881
2025-10-16 08:10,3,3,2.95,3,3071,2.9856
2025-10-16 08:15,3,3.02,2.99,2.99,24985,3.0015
2025-10-16 08:20,2.99,3,2.99,3,20083,2.999
2025-10-16 08:25,2.99,3,2.99,2.99,4821,2.9986
2025-10-16 08:30,3,3,2.99,3,3451,2.9935
2025-10-16 08:35,3,3,2.98,2.98,3910,2.989
2025-10-16 08:40,2.98,3,2.98,2.99,1516,2.9881
2025-10-16 08:45,2.99,2.99,2.97,2.97,10715,2.9811
2025-10-16 08:50,2.99,2.99,2.97,2.99,1643,2.9863
2025-10-16 08:55,2.97,2.98,2.97,2.98,967,2.9738
2025-10-16 09:00,2.98,2.99,2.98,2.98,1486,2.9872
2025-10-16 09:05,2.98,2.99,2.98,2.99,4363,2.9866
2025-10-16 09:10,2.99,2.99,2.98,2.98,13621,2.9894
2025-10-16 09:15,2.98,2.99,2.98,2.99,3936,2.984
2025-10-16 09:20,2.98,2.99,2.97,2.97,7694,2.9738
2025-10-16 09:25,2.97,2.98,2.96,2.98,7504,2.9699
2025-10-16 09:30,2.97,2.98,2.95,2.97,8092,2.9661
2025-10-16 09:35,2.96,2.97,2.91,2.96,32234,2.9336
2025-10-16 09:40,2.91,2.95,2.91,2.95,2996,2.9393
2025-10-16 09:45,2.95,2.97,2.92,2.93,28511,2.9557
2025-10-16 09:50,2.95,2.98,2.94,2.97,14188,2.9454
2025-10-16 09:55,2.97,2.97,2.96,2.97,2631,2.965
2025-10-16 10:00,2.97,2.99,2.97,2.99,1937,2.9832
2025-10-16 10:05,2.99,3,2.98,3,3510,2.9877
2025-10-16 10:10,3,3,2.99,3,17504,2.995
2025-10-16 10:15,3,3,2.99,3,7989,2.9941
2025-10-16 10:20,3,3,2.97,2.97,4952,2.9853
2025-10-16 10:25,2.96,2.97,2.95,2.97,578,2.9595
2025-10-16 10:30,2.96,2.96,2.96,2.96,532,2.9602
2025-10-16 10:35,2.96,2.97,2.96,2.97,1506,2.9658
2025-10-16 10:40,2.97,2.97,2.96,2.97,4282,2.9696
2025-10-16 10:45,2.96,2.97,2.96,2.96,3946,2.9607
2025-10-16 10:50,2.97,2.97,2.96,2.96,2797,2.9653
2025-10-16 10:55,2.96,2.96,2.95,2.95,11980,2.9535
2025-10-16 11:00,2.96,2.96,2.91,2.91,13766,2.9384
2025-10-16 11:05,2.92,2.95,2.9,2.9,4616,2.9268
2025-10-16 11:10,2.93,2.94,2.9,2.9,11194,2.9209
2025-10-16 11:15,2.9,2.94,2.9,2.91,32380,2.9122
2025-10-16 11:20,2.95,2.95,2.95,2.95,290,2.9442
2025-10-16 11:25,2.94,2.95,2.92,2.94,7457,2.9352
2025-10-16 11:30,2.93,2.93,2.91,2.92,7182,2.9156
2025-10-16 11:35,2.9,2.92,2.9,2.91,4426,2.9033
2025-10-16 11:40,2.91,2.95,2.91,2.93,2572,2.918
2025-10-16 11:45,2.93,2.93,2.9,2.93,10557,2.9221
2025-10-16 11:50,2.93,2.95,2.93,2.94,5535,2.936
2025-10-16 11:55,2.95,2.95,2.93,2.94,28909,2.9315
2025-10-16 12:00,2.94,2.95,2.93,2.93,8890,2.9447
2025-10-16 12:05,2.95,2.95,2.93,2.94,8046,2.9464
2025-10-16 12:10,2.94,2.95,2.94,2.95,6124,2.9442
2025-10-16 12:15,2.95,2.95,2.93,2.93,21461,2.9341
2025-10-16 12:20,2.93,2.95,2.92,2.95,3173,2.9326
2025-10-16 12:25,2.94,2.95,2.91,2.95,13407,2.9248
2025-10-16 12:30,2.95,2.95,2.93,2.93,2820,2.9376
2025-10-16 12:35,2.93,2.95,2.93,2.95,4877,2.9369
2025-10-16 12:40,2.94,2.94,2.92,2.92,7165,2.9268
2025-10-16 12:45,2.94,2.95,2.92,2.94,8142,2.9371
2025-10-16 12:50,2.93,2.95,2.92,2.94,11675,2.9392
2025-10-16 12:55,2.94,2.96,2.92,2.96,35102,2.9509
2025-10-16 13:10,2.96,2.96,2.96,2.96,100,2.96
2025-10-16 13:15,2.96,2.96,2.96,2.96,100,2.96
2025-10-16 13:20,2.96,2.96,2.96,2.96,1000,2.9593
2025-10-16 13:25,2.96,2.96,2.95,2.95,220,2.955
2025-10-16 13:45,2.96,2.96,2.96,2.96,152,2.9593
2025-10-16 13:50,2.96,2.96,2.94,2.94,639,2.9467
2025-10-16 13:55,2.96,2.96,2.96,2.96,325,2.9584
2025-10-16 14:25,2.96,2.96,2.96,2.96,170,2.96
2025-10-16 14:35,2.92,2.92,2.92,2.92,503,2.92
2025-10-16 14:40,2.96,2.96,2.96,2.96,1402,2.96
2025-10-16 15:00,2.96,2.96,2.96,2.96,1000,2.96
2025-10-16 15:10,2.92,2.92,2.92,2.92,302,2.9218
2025-10-16 15:15,2.92,2.92,2.92,2.92,1050,2.9219
2025-10-16 15:20,2.96,2.96,2.96,2.96,1000,2.9595
2025-10-16 15:25,2.92,2.92,2.92,2.92,210,2.92
2025-10-16 15:30,2.96,2.96,2.96,2.96,312,2.9585
2025-10-16 15:35,2.92,2.92,2.92,2.92,123,2.92
2025-10-16 16:05,2.92,2.92,2.92,2.92,1000,2.92
2025-10-16 16:10,2.95,2.95,2.95,2.95,118,2.95
2025-10-16 16:20,2.96,2.96,2.94,2.94,776,2.9507
2025-10-16 16:25,2.93,2.93,2.93,2.93,400,2.9311
2025-10-16 16:30,2.95,2.95,2.92,2.92,3008,2.9253
2025-10-16 16:35,2.95,2.96,2.95,2.96,2127,2.9572
2025-10-16 16:55,2.94,2.95,2.94,2.95,1013,2.9465
2025-10-17 04:10,2.92,2.94,2.92,2.92,862,2.9346
2025-10-17 04:15,2.97,2.98,2.97,2.98,5831,2.9741
2025-10-17 04:20,3,3,3,3,250,3
2025-10-17 04:25,3,3,3,3,2862,3
2025-10-17 04:30,2.92,2.92,2.92,2.92,409,2.9192
2025-10-17 05:00,2.96,2.97,2.92,2.92,2826,2.9664
2025-10-17 05:05,2.97,2.97,2.97,2.97,625,2.97
2025-10-17 05:10,2.93,2.93,2.93,2.93,105,2.93
2025-10-17 05:15,2.97,2.97,2.97,2.97,5194,2.9695
2025-10-17 05:35,2.93,2.97,2.93,2.97,776,2.9563
2025-10-17 05:40,2.97,2.97,2.97,2.97,170,2.97
2025-10-17 06:00,2.94,2.94,2.94,2.94,357,2.9407
2025-10-17 06:05,2.94,2.94,2.94,2.94,100,2.94
2025-10-17 06:15,2.97,2.97,2.97,2.97,672,2.97
2025-10-17 06:25,2.92,2.93,2.92,2.93,301,2.9241
2025-10-17 06:30,2.9,3.05,2.9,3.05,76364,2.9843
2025-10-17 06:35,3.02,3.04,3,3.03,41070,3.0247
2025-10-17 06:40,3,3.02,2.97,2.97,16351,2.9997
2025-10-17 06:45,2.99,3.02,2.99,3,15368,3.0103
2025-10-17 06:50,3,3.02,3,3,7328,3.0104
2025-10-17 06:55,3,3,2.99,2.99,47622,2.9996
2025-10-17 07:00,3,3,2.99,2.99,9935,2.9996
2025-10-17 07:05,3,3,2.91,2.91,33065,2.9717
2025-10-17 07:10,2.95,2.98,2.94,2.98,2869,2.9534
2025-10-17 07:15,2.98,3,2.98,3,26063,2.9957
2025-10-17 07:20,3,3.02,3,3.01,10354,3.0088
2025-10-17 07:25,3.01,3.02,2.99,3.02,60100,3.0122
2025-10-17 07:30,3.02,3.02,3,3.02,12407,3.0168
2025-10-17 07:35,3.02,3.02,3.01,3.02,18513,3.0178
2025-10-17 07:40,3.02,3.02,2.99,3,65458,3.0079
2025-10-17 07:45,3,3.01,2.99,3.01,10566,3.0003
2025-10-17 07:50,3.01,3.01,3,3,16286,3.0008
2025-10-17 07:55,2.99,3.01,2.99,2.99,4061,2.999
2025-10-17 08:00,3,3,2.97,2.98,18950,2.9814
2025-10-17 08:05,2.98,3,2.97,2.99,10542,2.9844
2025-10-17 08:10,2.99,3,2.99,3,4044,2.9924
2025-10-17 08:15,2.97,2.97,2.96,2.96,1196,2.968
2025-10-17 08:20,2.96,2.99,2.96,2.98,5397,2.9829
2025-10-17 08:25,2.96,2.98,2.96,2.98,644,2.9631
2025-10-17 08:30,2.96,2.97,2.96,2.97,646,2.9663
2025-10-17 08:35,2.97,2.98,2.96,2.97,14786,2.9722
2025-10-17 08:40,2.97,2.99,2.96,2.99,2104,2.9753
2025-10-17 08:45,2.97,2.99,2.96,2.97,2251,2.9716
2025-10-17 08:50,2.97,2.99,2.96,2.97,19174,2.9771
2025-10-17 08:55,2.99,2.99,2.97,2.98,986,2.975
2025-10-17 09:00,2.98,2.99,2.96,2.99,28088,2.9747
2025-10-17 09:05,2.99,2.99,2.96,2.98,38099,2.982
2025-10-17 09:10,2.97,2.98,2.97,2.97,11601,2.9721
2025-10-17 09:15,2.98,2.98,2.97,2.98,9030,2.9749
2025-10-17 09:20,2.98,2.98,2.98,2.98,448,2.9785
2025-10-17 09:25,2.98,2.98,2.97,2.98,3179,2.976
2025-10-17 09:30,2.98,2.98,2.97,2.97,1166,2.9762
2025-10-17 09:35,2.99,2.99,2.98,2.99,12535,2.9829
2025-10-17 09:40,2.98,3,2.98,2.99,13855,2.9961
2025-10-17 09:45,2.99,3,2.98,3,17238,2.9859
2025-10-17 09:50,3,3,2.99,3,5073,2.9988
2025-10-17 09:55,3,3,3,3,18000,2.9973
2025-10-17 10:00,3,3,3,3,11364,2.9995
2025-10-17 10:05,3,3,2.99,3,16760,2.9963
2025-10-17 10:10,3,3,2.99,2.99,31422,2.9993
2025-10-17 10:15,3,3,2.98,2.98,5648,2.9894
2025-10-17 10:20,2.99,2.99,2.98,2.99,4577,2.9868
2025-10-17 10:25,2.98,2.99,2.97,2.97,6248,2.9791
2025-10-17 10:30,2.98,2.98,2.98,2.98,2783,2.9777
2025-10-17 10:35,2.98,2.98,2.97,2.98,11677,2.9766
2025-10-17 10:40,2.99,2.99,2.98,2.98,283,2.9834
2025-10-17 10:45,2.98,2.98,2.98,2.98,461,2.9813
2025-10-17 10:50,2.98,2.99,2.97,2.98,18234,2.98
2025-10-17 10:55,2.99,2.99,2.97,2.99,13696,2.9888
2025-10-17 11:00,2.98,2.99,2.98,2.98,15290,2.9833
2025-10-17 11:05,2.97,2.99,2.97,2.97,3170,2.9792
2025-10-17 11:10,2.99,2.99,2.97,2.97,10304,2.9848
2025-10-17 11:15,2.97,2.99,2.97,2.99,14662,2.9768
2025-10-17 11:20,2.99,2.99,2.97,2.97,13457,2.9875
2025-10-17 11:25,2.97,2.99,2.97,2.97,3927,2.9714
2025-10-17 11:30,2.97,2.99,2.97,2.98,1937,2.9761
2025-10-17 11:35,2.99,2.99,2.97,2.99,3235,2.9794
2025-10-17 11:40,2.97,2.99,2.97,2.98,813,2.9809
2025-10-17 11:45,2.99,2.99,2.97,2.97,6406,2.9711
2025-10-17 11:50,2.98,2.98,2.97,2.97,1062,2.9762
2025-10-17 11:55,2.97,2.99,2.96,2.98,4036,2.9697
2025-10-17 12:00,2.98,2.98,2.98,2.98,1028,2.9797
2025-10-17 12:05,2.98,2.98,2.98,2.98,8404,2.9777
2025-10-17 12:10,2.97,2.97,2.96,2.97,1083,2.9702
2025-10-17 12:15,2.97,3,2.97,2.98,57464,2.9899
2025-10-17 12:20,2.98,2.99,2.98,2.98,6653,2.9803
2025-10-17 12:25,2.97,2.99,2.97,2.99,2467,2.979
2025-10-17 12:30,2.98,2.99,2.98,2.98,6364,2.9844
2025-10-17 12:35,2.98,2.99,2.97,2.97,1834,2.9826
2025-10-17 12:40,2.98,2.98,2.97,2.98,4863,2.9737
2025-10-17 12:45,2.97,2.99,2.97,2.99,13082,2.9777
2025-10-17 12:50,2.98,3,2.97,2.98,6706,2.9801
2025-10-17 12:55,2.97,2.98,2.94,2.95,32719,2.9534
2025-10-17 13:05,2.92,2.96,2.91,2.96,1500,2.9191
2025-10-17 13:45,2.96,3,2.96,3,400,2.9824
2025-10-17 13:50,3,3,3,3,1446,3
2025-10-17 13:55,3,3,3,3,1002,3
2025-10-17 14:00,3,3,3,3,400,3
2025-10-17 14:10,3,3,3,3,1004,2.9998
2025-10-17 14:20,3,3,3,3,710,3
2025-10-17 14:45,2.95,2.95,2.95,2.95,635,2.95
2025-10-17 16:40,2.95,2.95,2.94,2.94,1666,2.9443
2025-10-17 16:45,2.95,2.95,2.93,2.93,339,2.9333
2025-10-20 02:45,3.22,3.49,3.22,3.49,4397,3.2646
2025-10-20 02:55,3.09,3.09,3.09,3.09,1114,3.0906
2025-10-20 04:00,3.03,3.03,2.98,3,1922,3.0056
2025-10-20 04:15,2.97,2.97,2.97,2.97,390,2.97
2025-10-20 04:45,2.95,2.95,2.95,2.95,100,2.95
2025-10-20 05:00,2.97,3.01,2.97,2.97,30705,2.9698
2025-10-20 05:10,2.99,2.99,2.95,2.95,8000,2.9754
2025-10-20 05:20,3.04,3.05,3.04,3.05,2510,3.0475
2025-10-20 05:45,3.04,3.04,3.04,3.04,506,3.0399
2025-10-20 06:10,2.97,2.97,2.97,2.97,100,2.97
2025-10-20 06:25,2.98,2.98,2.98,2.98,5000,2.98
2025-10-20 06:30,2.98,2.99,2.95,2.99,27045,2.9721
2025-10-20 06:35,2.99,2.99,2.92,2.94,62670,2.9521
2025-10-20 06:40,2.99,2.99,2.95,2.96,14017,2.9716
2025-10-20 06:45,2.97,2.98,2.96,2.97,3118,2.9695
2025-10-20 06:50,2.97,2.99,2.97,2.98,18728,2.9776
2025-10-20 06:55,2.98,2.99,2.97,2.98,22583,2.9807
2025-10-20 07:00,2.98,2.98,2.97,2.97,4262,2.9738
2025-10-20 07:05,2.97,2.98,2.96,2.97,5103,2.9765
2025-10-20 07:10,2.97,2.98,2.96,2.97,7226,2.9738
2025-10-20 07:15,2.97,2.98,2.95,2.97,9881,2.96
2025-10-20 07:20,2.97,2.97,2.96,2.97,12094,2.9698
2025-10-20 07:25,2.96,2.98,2.96,2.97,2556,2.976
2025-10-20 07:30,2.96,2.97,2.96,2.97,1547,2.9667
2025-10-20 07:35,2.97,2.97,2.97,2.97,1348,2.9676
2025-10-20 07:40,2.98,2.98,2.97,2.97,11783,2.9695
2025-10-20 07:45,2.97,2.97,2.96,2.97,14197,2.9659
2025-10-20 07:50,2.97,2.97,2.96,2.97,15400,2.966
2025-10-20 07:55,2.97,2.97,2.96,2.96,7606,2.9688
2025-10-20 08:00,2.96,2.97,2.96,2.97,3993,2.9644
2025-10-20 08:05,2.97,2.98,2.95,2.96,26097,2.9658
2025-10-20 08:10,2.96,2.96,2.95,2.96,5601,2.9557
2025-10-20 08:15,2.95,2.96,2.95,2.95,35229,2.9529
2025-10-20 08:20,2.95,2.95,2.95,2.95,7140,2.9461
2025-10-20 08:25,2.95,2.95,2.95,2.95,18992,2.9476
2025-10-20 08:30,2.95,2.96,2.95,2.95,32307,2.9537
2025-10-20 08:35,2.95,2.95,2.95,2.95,1802,2.9505
2025-10-20 08:40,2.95,2.96,2.95,2.95,825,2.9523
2025-10-20 08:45,2.96,2.96,2.95,2.96,2468,2.9543
2025-10-20 08:50,2.95,2.96,2.94,2.95,15463,2.9501
2025-10-20 08:55,2.94,2.95,2.94,2.94,2085,2.9415
2025-10-20 09:00,2.95,2.96,2.94,2.95,1071,2.9496
2025-10-20 09:05,2.96,2.96,2.94,2.96,13439,2.9502
2025-10-20 09:10,2.95,2.96,2.95,2.96,2559,2.9512
2025-10-20 09:15,2.96,2.96,2.95,2.96,1514,2.9529
2025-10-20 09:25,2.95,2.96,2.95,2.96,15228,2.9505
2025-10-20 09:30,2.96,2.96,2.96,2.96,607,2.9556
2025-10-20 09:35,2.96,2.96,2.95,2.96,3602,2.9522
2025-10-20 09:40,2.96,2.96,2.94,2.94,6020,2.9499
2025-10-20 09:45,2.94,2.95,2.93,2.95,6783,2.9415
2025-10-20 09:50,2.93,2.96,2.92,2.92,16648,2.9218
2025-10-20 09:55,2.94,2.94,2.94,2.94,389,2.9397
2025-10-20 10:00,2.93,2.94,2.93,2.94,11608,2.9379
2025-10-20 10:05,2.94,2.96,2.93,2.96,10420,2.939
2025-10-20 10:10,2.95,2.96,2.94,2.96,2660,2.9546
2025-10-20 10:15,2.96,2.96,2.94,2.95,3566,2.9568
2025-10-20 10:20,2.96,2.96,2.94,2.95,2883,2.9512
2025-10-20 10:25,2.96,2.96,2.94,2.94,1104,2.9517
2025-10-20 10:30,2.94,2.95,2.94,2.95,336,2.9435
2025-10-20 10:35,2.95,2.96,2.94,2.95,12061,2.9537
2025-10-20 10:40,2.95,2.96,2.94,2.96,26893,2.9561
2025-10-20 10:45,2.96,2.96,2.95,2.95,10949,2.9567
2025-10-20 10:50,2.95,2.97,2.94,2.94,48392,2.9561
2025-10-20 10:55,2.95,2.96,2.95,2.95,1642,2.9514
2025-10-20 11:00,2.94,2.96,2.94,2.95,3451,2.9509
2025-10-20 11:05,2.95,2.96,2.95,2.96,4103,2.9538
2025-10-20 11:10,2.96,2.96,2.95,2.96,7621,2.9541
2025-10-20 11:15,2.96,2.96,2.96,2.96,105,2.955
2025-10-20 11:20,2.96,2.96,2.94,2.95,19391,2.9552
2025-10-20 11:25,2.95,2.95,2.94,2.95,4531,2.945
2025-10-20 11:30,2.95,2.95,2.94,2.95,2746,2.946
2025-10-20 11:35,2.95,2.96,2.94,2.95,27711,2.9522
2025-10-20 11:40,2.96,2.96,2.94,2.95,15406,2.9421
2025-10-20 11:45,2.94,2.95,2.94,2.95,5813,2.941
2025-10-20 11:50,2.95,2.95,2.95,2.95,556,2.9487
2025-10-20 11:55,2.94,2.96,2.94,2.95,2637,2.9493
2025-10-20 12:00,2.96,2.96,2.94,2.95,12365,2.9427
2025-10-20 12:05,2.95,2.96,2.95,2.95,14825,2.9521
2025-10-20 12:10,2.95,2.96,2.94,2.96,15292,2.9506
2025-10-20 12:15,2.95,2.96,2.94,2.95,12424,2.9528
2025-10-20 12:20,2.94,2.96,2.94,2.95,23094,2.9408
2025-10-20 12:25,2.96,2.96,2.94,2.95,4218,2.9505
2025-10-20 12:30,2.96,2.96,2.95,2.95,6237,2.9543
2025-10-20 12:35,2.95,2.95,2.93,2.95,3163,2.9428
2025-10-20 12:40,2.95,2.95,2.93,2.94,3938,2.9446
2025-10-20 12:45,2.94,2.95,2.93,2.93,3147,2.9411
2025-10-20 12:50,2.95,2.95,2.93,2.93,11674,2.941
2025-10-20 12:55,2.93,2.96,2.93,2.94,62914,2.9459
2025-10-20 13:05,2.92,2.92,2.92,2.92,1671,2.92
2025-10-20 13:10,2.97,2.97,2.97,2.97,750,2.9689
2025-10-20 13:20,2.96,2.96,2.96,2.96,103,2.9596
2025-10-20 13:35,2.92,2.92,2.92,2.92,11832,2.92
2025-10-20 13:45,2.96,2.96,2.96,2.96,450,2.96
2025-10-20 13:50,2.92,2.92,2.92,2.92,196,2.9216
2025-10-20 13:55,2.96,2.96,2.96,2.96,8306,2.9599
2025-10-20 14:10,2.92,2.96,2.92,2.96,10998,2.9235
2025-10-20 14:15,2.92,2.92,2.92,2.92,157,2.92
2025-10-20 14:30,2.96,2.96,2.96,2.96,1000,2.96
2025-10-20 14:50,2.96,2.96,2.96,2.96,100,2.96
2025-10-20 15:00,2.96,2.96,2.96,2.96,200,2.9592
2025-10-20 15:10,2.95,2.95,2.95,2.95,203,2.95
2025-10-20 15:30,2.93,2.93,2.92,2.92,2101,2.9232
2025-10-20 16:00,2.92,2.92,2.92,2.92,125,2.92
2025-10-20 16:10,2.94,2.95,2.94,2.95,485,2.9448
2025-10-20 16:20,2.95,2.95,2.95,2.95,131,2.9486
2025-10-20 16:25,2.92,2.92,2.92,2.92,1106,2.92
2025-10-20 16:30,2.92,2.92,2.92,2.92,750,2.9201
2025-10-20 16:40,2.92,2.92,2.92,2.92,1000,2.92
2025-10-21 02:15,2.88,2.88,2.88,2.88,157,2.88
2025-10-21 02:35,2.88,2.88,2.88,2.88,100,2.88
2025-10-21 04:00,2.89,2.9,2.89,2.9,801,2.8961
2025-10-21 04:05,2.9,2.9,2.9,2.9,770,2.9003
2025-10-21 04:10,2.9,2.9,2.9,2.9,143,2.9021
2025-10-21 04:50,2.9,2.9,2.9,2.9,920,2.9
2025-10-21 04:55,2.94,2.94,2.94,2.94,559,2.9411
2025-10-21 05:00,2.96,2.96,2.9,2.9,2421,2.9132
2025-10-21 05:05,2.9,2.9,2.9,2.9,8398,2.8997
2025-10-21 05:10,2.89,2.89,2.89,2.89,365,2.89
2025-10-21 05:15,2.9,2.9,2.9,2.9,1197,2.9
2025-10-21 05:20,2.93,2.93,2.91,2.91,1518,2.9243
2025-10-21 05:25,2.92,2.92,2.92,2.92,5111,2.9211
2025-10-21 05:30,2.93,2.93,2.91,2.91,1578,2.9207
2025-10-21 05:35,2.96,2.96,2.96,2.96,1000,2.96
2025-10-21 05:45,2.91,2.91,2.91,2.91,1001,2.91
2025-10-21 05:50,2.9,2.9,2.9,2.9,15368,2.9014
2025-10-21 05:55,2.89,2.89,2.89,2.89,217,2.89
2025-10-21 06:00,2.94,2.94,2.94,2.94,4341,2.94
2025-10-21 06:15,2.9,2.91,2.9,2.91,1000,2.905
2025-10-21 06:20,2.91,2.91,2.91,2.91,162,2.91
2025-10-21 06:25,2.94,2.94,2.94,2.94,350,2.9406
2025-10-21 06:30,2.92,2.94,2.9,2.9,21429,2.9101
2025-10-21 06:35,2.9,2.91,2.89,2.9,12768,2.8995
2025-10-21 06:40,2.9,2.91,2.9,2.91,2770,2.9026
2025-10-21 06:45,2.9,2.91,2.89,2.89,6167,2.8959
2025-10-21 06:50,2.88,2.9,2.85,2.87,37480,2.8703
2025-10-21 06:55,2.87,2.9,2.86,2.89,16017,2.881
2025-10-21 07:00,2.88,2.89,2.87,2.88,13271,2.8823
2025-10-21 07:05,2.87,2.89,2.87,2.89,4178,2.8789
2025-10-21 07:10,2.88,2.89,2.87,2.88,28290,2.8757
2025-10-21 07:15,2.88,2.9,2.88,2.89,24006,2.889
2025-10-21 07:20,2.9,2.9,2.88,2.88,24993,2.8932
2025-10-21 07:25,2.9,2.9,2.89,2.9,2259,2.8914
2025-10-21 07:30,2.89,2.9,2.88,2.9,3313,2.892
2025-10-21 07:35,2.89,2.89,2.89,2.89,310,2.891
2025-10-21 07:40,2.89,2.89,2.88,2.88,6419,2.8825
2025-10-21 07:45,2.88,2.9,2.88,2.89,18828,2.8889
2025-10-21 07:50,2.89,2.9,2.88,2.89,2506,2.8904
2025-10-21 07:55,2.88,2.9,2.88,2.9,2023,2.8923
2025-10-21 08:00,2.9,2.9,2.89,2.9,1919,2.8967
2025-10-21 08:05,2.89,2.9,2.89,2.89,3449,2.8944
2025-10-21 08:10,2.89,2.9,2.89,2.9,3663,2.8966
2025-10-21 08:15,2.9,2.9,2.89,2.9,3190,2.8952
2025-10-21 08:20,2.89,2.9,2.89,2.89,3165,2.8906
2025-10-21 08:25,2.89,2.89,2.88,2.88,8943,2.881
2025-10-21 08:30,2.89,2.89,2.88,2.89,3088,2.8852
2025-10-21 08:35,2.89,2.89,2.88,2.89,2603,2.8841
2025-10-21 08:40,2.89,2.89,2.88,2.89,2426,2.8837
2025-10-21 08:45,2.88,2.89,2.88,2.88,2647,2.8818
2025-10-21 08:50,2.88,2.89,2.88,2.89,4577,2.8826
2025-10-21 08:55,2.88,2.89,2.88,2.89,7997,2.8839
2025-10-21 09:00,2.88,2.89,2.88,2.89,2799,2.8815
2025-10-21 09:05,2.89,2.89,2.88,2.88,2791,2.8858
2025-10-21 09:10,2.88,2.89,2.88,2.89,1085,2.8837
2025-10-21 09:15,2.89,2.89,2.89,2.89,545,2.884
2025-10-21 09:20,2.89,2.89,2.89,2.89,990,2.8844
2025-10-21 09:25,2.88,2.9,2.88,2.9,13371,2.8939
2025-10-21 09:30,2.9,2.9,2.88,2.9,18845,2.8887
2025-10-21 09:35,2.88,2.9,2.88,2.88,14675,2.8811
2025-10-21 09:40,2.89,2.89,2.89,2.89,909,2.8896
2025-10-21 09:45,2.89,2.9,2.88,2.88,3808,2.888
2025-10-21 09:50,2.89,2.89,2.89,2.89,240,2.8899
2025-10-21 09:55,2.89,2.9,2.88,2.9,4582,2.8982
2025-10-21 10:00,2.89,2.89,2.88,2.89,12680,2.8897
2025-10-21 10:05,2.88,2.9,2.88,2.88,8571,2.8823
2025-10-21 10:10,2.88,2.89,2.88,2.89,1215,2.8885
2025-10-21 10:15,2.88,2.89,2.88,2.89,824,2.887
2025-10-21 10:20,2.88,2.89,2.88,2.89,8734,2.8842
2025-10-21 10:25,2.89,2.89,2.87,2.88,20984,2.8798
2025-10-21 10:30,2.87,2.88,2.87,2.88,5156,2.873
2025-10-21 10:35,2.88,2.89,2.86,2.88,11450,2.8752
2025-10-21 10:40,2.87,2.88,2.86,2.87,14090,2.8613
2025-10-21 10:45,2.86,2.87,2.85,2.86,2887,2.862
2025-10-21 10:50,2.86,2.88,2.85,2.86,12459,2.8546
2025-10-21 10:55,2.87,2.87,2.85,2.86,5719,2.856
2025-10-21 11:00,2.87,2.9,2.86,2.88,28529,2.8725
2025-10-21 11:05,2.88,2.88,2.87,2.87,4752,2.8722
2025-10-21 11:10,2.87,2.87,2.86,2.86,3956,2.8686
2025-10-21 11:15,2.86,2.88,2.86,2.86,5326,2.8683
2025-10-21 11:20,2.87,2.88,2.86,2.88,3417,2.8693
2025-10-21 11:25,2.87,2.88,2.87,2.88,2280,2.8742
2025-10-21 11:30,2.88,2.88,2.87,2.87,5875,2.8777
2025-10-21 11:35,2.88,2.88,2.87,2.87,13188,2.8703
2025-10-21 11:40,2.88,2.88,2.85,2.86,11194,2.8615
2025-10-21 11:45,2.86,2.88,2.86,2.87,3292,2.8707
2025-10-21 11:50,2.88,2.88,2.85,2.85,13831,2.8685
2025-10-21 11:55,2.85,2.87,2.85,2.86,2173,2.8615
2025-10-21 12:00,2.86,2.86,2.85,2.86,1879,2.8536
2025-10-21 12:05,2.86,2.86,2.85,2.85,6076,2.8549
2025-10-21 12:10,2.86,2.86,2.85,2.86,25092,2.8579
2025-10-21 12:15,2.87,2.87,2.86,2.86,1506,2.8651
2025-10-21 12:20,2.87,2.87,2.85,2.86,17816,2.8571
2025-10-21 12:25,2.85,2.86,2.85,2.86,25128,2.8531
2025-10-21 12:30,2.86,2.86,2.83,2.83,10311,2.8411
2025-10-21 12:35,2.84,2.84,2.83,2.84,4193,2.8348
2025-10-21 12:40,2.83,2.85,2.83,2.84,8570,2.8432
2025-10-21 12:45,2.84,2.85,2.83,2.83,8104,2.8372
2025-10-21 12:50,2.83,2.85,2.82,2.83,16865,2.8311
2025-10-21 12:55,2.83,2.83,2.8,2.81,38298,2.8112
2025-10-21 13:00,2.84,2.86,2.84,2.86,1304,2.8516
2025-10-21 13:05,2.86,2.86,2.83,2.86,899,2.8523
2025-10-21 13:15,2.83,2.83,2.81,2.81,830,2.8183
2025-10-21 13:20,2.86,2.86,2.86,2.86,200,2.86
2025-10-21 13:30,2.81,2.81,2.8,2.8,2194,2.803
2025-10-21 13:35,2.8,2.8,2.8,2.8,1732,2.7996
2025-10-21 13:40,2.75,2.8,2.75,2.8,238,2.7726
2025-10-21 13:45,2.75,2.8,2.75,2.8,2702,2.7836
2025-10-21 13:50,2.8,2.8,2.78,2.78,619,2.7836
2025-10-21 13:55,2.8,2.8,2.8,2.8,412,2.7962
2025-10-21 14:00,2.8,2.8,2.8,2.8,13592,2.8
2025-10-21 14:10,2.85,2.86,2.8,2.8,1915,2.8216
2025-10-21 14:15,2.8,2.8,2.8,2.8,2725,2.8008
2025-10-21 14:20,2.84,2.84,2.77,2.77,1135,2.7884
2025-10-21 14:25,2.78,2.78,2.78,2.78,100,2.78
2025-10-21 14:40,2.85,2.85,2.84,2.84,405,2.8451
2025-10-21 14:50,2.84,2.85,2.84,2.85,423,2.8469
2025-10-21 15:25,2.8,2.85,2.77,2.85,759,2.8079
2025-10-21 15:40,2.8,2.8,2.8,2.8,100,2.7992
2025-10-21 15:45,2.79,2.79,2.77,2.77,1920,2.7802
2025-10-21 16:15,2.8,2.8,2.8,2.8,127,2.8006
2025-10-21 16:20,2.84,2.84,2.84,2.84,149,2.84
2025-10-21 16:30,2.85,2.85,2.85,2.85,5153,2.85
2025-10-21 16:50,2.83,2.83,2.83,2.83,187,2.83
2025-10-22 01:15,2.76,2.76,2.75,2.76,339,2.7529
2025-10-22 02:45,2.79,2.79,2.79,2.79,135,2.79
2025-10-22 04:00,2.79,2.79,2.76,2.76,1065,2.7682
2025-10-22 04:05,2.75,2.75,2.75,2.75,200,2.75
2025-10-22 04:10,2.75,2.76,2.75,2.76,1293,2.7582
2025-10-22 04:15,2.78,2.78,2.75,2.75,874,2.7559
2025-10-22 04:45,2.81,2.81,2.75,2.75,1000,2.7645
2025-10-22 05:00,2.81,2.81,2.75,2.75,2918,2.7748
2025-10-22 05:10,2.84,2.89,2.84,2.89,1273,2.8516
2025-10-22 05:15,2.9,2.9,2.9,2.9,750,2.9
2025-10-22 05:25,2.9,2.9,2.9,2.9,695,2.8999
2025-10-22 05:35,2.85,2.86,2.85,2.86,1289,2.8523
2025-10-22 05:50,2.85,2.85,2.85,2.85,558,2.8477
2025-10-22 05:55,2.79,2.79,2.79,2.79,1407,2.7901
2025-10-22 06:00,2.76,2.85,2.75,2.85,6080,2.7619
2025-10-22 06:05,2.76,2.81,2.75,2.76,6155,2.7582
2025-10-22 06:10,2.81,2.81,2.81,2.81,1389,2.8113
2025-10-22 06:15,2.81,2.86,2.76,2.86,2739,2.8262
2025-10-22 06:20,2.89,2.89,2.75,2.75,15888,2.7879
2025-10-22 06:25,2.75,2.89,2.75,2.89,1745,2.8487
2025-10-22 06:30,2.8,2.89,2.8,2.87,27349,2.8357
2025-10-22 06:35,2.85,2.89,2.8,2.83,15549,2.8387
2025-10-22 06:40,2.83,2.84,2.75,2.75,19908,2.7998
2025-10-22 06:45,2.76,2.81,2.76,2.8,6897,2.7889
2025-10-22 06:50,2.8,2.85,2.78,2.8,9018,2.8065
2025-10-22 06:55,2.8,2.93,2.8,2.9,20178,2.8871
2025-10-22 07:00,2.9,2.91,2.88,2.91,39111,2.9043
2025-10-22 07:05,2.91,2.92,2.88,2.9,78187,2.9041
2025-10-22 07:10,2.91,2.93,2.9,2.9,29234,2.9072
2025-10-22 07:15,2.91,2.93,2.88,2.92,25931,2.9018
2025-10-22 07:20,2.93,2.93,2.91,2.91,7891,2.9213
2025-10-22 07:25,2.91,2.91,2.85,2.87,7777,2.8877
2025-10-22 07:30,2.87,2.88,2.85,2.85,6274,2.8607
2025-10-22 07:35,2.86,2.88,2.8,2.87,19021,2.8327
2025-10-22 07:40,2.88,2.88,2.8,2.83,11664,2.8168
2025-10-22 07:45,2.81,2.84,2.81,2.83,4561,2.8201
2025-10-22 07:50,2.83,2.85,2.81,2.84,14578,2.8376
2025-10-22 07:55,2.82,2.87,2.82,2.87,17749,2.837
2025-10-22 08:00,2.85,2.88,2.83,2.83,24572,2.8629
2025-10-22 08:05,2.83,2.9,2.81,2.85,21293,2.8621
2025-10-22 08:10,2.85,2.85,2.8,2.84,8754,2.8217
2025-10-22 08:15,2.84,2.84,2.82,2.83,6712,2.8321
2025-10-22 08:20,2.83,2.83,2.78,2.79,22675,2.8016
2025-10-22 08:25,2.79,2.8,2.79,2.79,8591,2.7964
2025-10-22 08:30,2.79,2.8,2.78,2.79,11245,2.7911
2025-10-22 08:35,2.79,2.8,2.79,2.8,7200,2.7968
2025-10-22 08:40,2.8,2.82,2.79,2.82,11324,2.8024
2025-10-22 08:45,2.81,2.83,2.76,2.81,20073,2.7929
2025-10-22 08:50,2.81,2.81,2.75,2.76,23020,2.779
2025-10-22 08:55,2.76,2.77,2.75,2.77,22359,2.76
2025-10-22 09:00,2.76,2.77,2.75,2.77,15778,2.7562
2025-10-22 09:05,2.76,2.77,2.75,2.75,15692,2.7663
2025-10-22 09:10,2.75,2.77,2.75,2.76,5855,2.7596
2025-10-22 09:15,2.76,2.77,2.75,2.76,2211,2.76
2025-10-22 09:20,2.76,2.77,2.75,2.76,36552,2.7596
2025-10-22 09:25,2.77,2.77,2.76,2.77,4879,2.7652
2025-10-22 09:30,2.77,2.77,2.75,2.75,18470,2.7588
2025-10-22 09:35,2.76,2.76,2.75,2.76,2322,2.7524
2025-10-22 09:40,2.75,2.76,2.75,2.75,9367,2.7522
2025-10-22 09:45,2.76,2.76,2.75,2.75,2923,2.7525
2025-10-22 09:50,2.76,2.76,2.75,2.75,3741,2.7548
2025-10-22 09:55,2.76,2.76,2.76,2.76,291,2.7533
2025-10-22 10:00,2.76,2.78,2.75,2.76,10068,2.7643
2025-10-22 10:05,2.78,2.8,2.76,2.79,8897,2.7807
2025-10-22 10:10,2.79,2.79,2.76,2.77,3113,2.7815
2025-10-22 10:15,2.76,2.78,2.76,2.77,2779,2.7679
2025-10-22 10:20,2.77,2.77,2.75,2.75,13123,2.7582
2025-10-22 10:25,2.77,2.79,2.75,2.76,15601,2.7624
2025-10-22 10:30,2.78,2.78,2.77,2.78,2287,2.7742
2025-10-22 10:35,2.78,2.79,2.76,2.76,2723,2.7859
2025-10-22 10:40,2.76,2.79,2.76,2.76,11144,2.7615
2025-10-22 10:45,2.76,2.76,2.76,2.76,36145,2.7601
2025-10-22 10:50,2.76,2.77,2.76,2.76,3409,2.7621
2025-10-22 10:55,2.76,2.77,2.76,2.76,24538,2.7602
2025-10-22 11:00,2.77,2.77,2.76,2.77,2667,2.7614
2025-10-22 11:05,2.77,2.77,2.76,2.77,1952,2.7658
2025-10-22 11:10,2.77,2.77,2.76,2.76,8373,2.7652
2025-10-22 11:15,2.77,2.77,2.76,2.76,3257,2.7653
2025-10-22 11:20,2.77,2.77,2.76,2.76,8878,2.7639
2025-10-22 11:25,2.77,2.78,2.76,2.77,24169,2.7694
2025-10-22 11:30,2.77,2.77,2.76,2.76,597,2.7705
2025-10-22 11:35,2.77,2.77,2.77,2.77,3318,2.7703
2025-10-22 11:40,2.77,2.78,2.76,2.76,2574,2.7669
2025-10-22 11:45,2.77,2.77,2.76,2.77,2236,2.7654
2025-10-22 11:50,2.76,2.77,2.76,2.76,10462,2.7608
2025-10-22 11:55,2.77,2.77,2.76,2.76,5610,2.7631
2025-10-22 12:00,2.77,2.77,2.76,2.77,10257,2.7621
2025-10-22 12:05,2.76,2.77,2.76,2.76,6470,2.7652
2025-10-22 12:10,2.76,2.77,2.76,2.77,3799,2.765
2025-10-22 12:15,2.76,2.77,2.76,2.76,4241,2.7606
2025-10-22 12:20,2.76,2.77,2.76,2.76,13684,2.7618
2025-10-22 12:25,2.76,2.76,2.75,2.76,32003,2.7521
2025-10-22 12:30,2.76,2.77,2.76,2.77,16818,2.7605
2025-10-22 12:35,2.77,2.8,2.77,2.79,9214,2.7811
2025-10-22 12:40,2.76,2.78,2.76,2.78,7946,2.7725
2025-10-22 12:45,2.78,2.84,2.76,2.79,25378,2.8085
2025-10-22 12:50,2.81,2.85,2.8,2.84,20694,2.8271
2025-10-22 12:55,2.82,2.84,2.75,2.75,30311,2.7987
2025-10-22 13:00,2.75,2.76,2.71,2.75,8622,2.7243
2025-10-22 13:10,2.8,2.84,2.8,2.84,300,2.8267
2025-10-22 13:30,2.84,2.84,2.84,2.84,100,2.84
2025-10-22 13:35,2.85,2.85,2.85,2.85,193,2.85
2025-10-22 13:40,2.85,2.85,2.85,2.85,229,2.85
2025-10-22 13:55,2.82,2.85,2.82,2.85,230,2.8304
2025-10-22 14:00,2.8,2.8,2.77,2.8,8097,2.7968
2025-10-22 14:35,2.85,2.85,2.85,2.85,100,2.85
2025-10-22 15:05,2.8,2.8,2.8,2.8,100,2.8
2025-10-22 15:15,2.77,2.77,2.77,2.77,100,2.7695
2025-10-22 15:25,2.77,2.77,2.77,2.77,100,2.77
2025-10-22 15:35,2.77,2.77,2.77,2.77,119,2.77
2025-10-22 15:45,2.79,2.79,2.79,2.79,101,2.7901
2025-10-22 16:25,2.8,2.8,2.8,2.8,400,2.8
2025-10-22 16:30,2.79,2.79,2.79,2.79,250,2.7901
2025-10-22 16:40,2.79,2.79,2.79,2.79,156,2.7933
2025-10-22 16:55,2.85,2.85,2.85,2.85,285,2.8493
2025-10-23 04:15,2.8,2.84,2.8,2.84,1204,2.8345
2025-10-23 04:20,2.9,2.95,2.9,2.95,6882,2.9014
2025-10-23 04:25,2.94,2.94,2.93,2.93,1200,2.9384
2025-10-23 04:35,2.8,2.87,2.8,2.87,513,2.8427
2025-10-23 04:45,2.86,2.86,2.86,2.86,220,2.8559
2025-10-23 05:00,2.84,2.95,2.84,2.89,21765,2.8758
2025-10-23 05:05,2.85,2.85,2.85,2.85,280,2.85
2025-10-23 05:15,2.84,2.84,2.84,2.84,500,2.84
2025-10-23 05:25,2.85,2.87,2.84,2.84,2910,2.8485
2025-10-23 05:35,2.86,2.86,2.86,2.86,145,2.86
2025-10-23 05:45,2.8,2.8,2.79,2.79,1001,2.7913
2025-10-23 05:50,2.8,2.8,2.74,2.74,999,2.7796
2025-10-23 06:00,2.84,2.84,2.84,2.84,180,2.8384
2025-10-23 06:05,2.76,2.76,2.76,2.76,500,2.7649
2025-10-23 06:25,2.82,2.82,2.82,2.82,119,2.8201
2025-10-23 06:30,2.8,2.83,2.77,2.83,30713,2.801
2025-10-23 06:35,2.8,2.81,2.77,2.77,17380,2.7885
2025-10-23 06:40,2.79,2.79,2.76,2.76,16625,2.7706
2025-10-23 06:45,2.76,2.8,2.76,2.78,18986,2.7726
2025-10-23 06:50,2.76,2.78,2.76,2.78,14529,2.7752
2025-10-23 06:55,2.77,2.82,2.77,2.82,40848,2.8028
2025-10-23 07:00,2.81,2.84,2.81,2.83,8963,2.8248
2025-10-23 07:05,2.83,2.84,2.81,2.83,6838,2.8233
2025-10-23 07:10,2.83,2.83,2.8,2.8,3403,2.8071
2025-10-23 07:15,2.8,2.81,2.78,2.8,2059,2.7936
2025-10-23 07:20,2.81,2.84,2.79,2.83,18997,2.8107
2025-10-23 07:25,2.82,2.84,2.8,2.81,10875,2.8174
2025-10-23 07:30,2.8,2.81,2.78,2.79,10219,2.7911
2025-10-23 07:35,2.82,2.82,2.79,2.79,2353,2.8024
2025-10-23 07:40,2.79,2.8,2.78,2.79,10091,2.793
2025-10-23 07:45,2.79,2.82,2.79,2.8,68018,2.8012
2025-10-23 07:50,2.8,2.82,2.79,2.8,21495,2.7999
2025-10-23 07:55,2.8,2.81,2.8,2.81,1994,2.8046
2025-10-23 08:00,2.81,2.81,2.8,2.81,8326,2.8061
2025-10-23 08:05,2.81,2.81,2.8,2.81,5009,2.8052
2025-10-23 08:10,2.81,2.84,2.8,2.83,23715,2.8281
2025-10-23 08:15,2.83,2.83,2.82,2.82,1645,2.8243
2025-10-23 08:20,2.82,2.83,2.8,2.8,11073,2.8136
2025-10-23 08:25,2.8,2.81,2.8,2.8,1799,2.8009
2025-10-23 08:30,2.8,2.81,2.8,2.8,4524,2.801
2025-10-23 08:35,2.81,2.81,2.8,2.8,939,2.8004
2025-10-23 08:40,2.8,2.81,2.79,2.8,3359,2.7979
2025-10-23 08:45,2.81,2.82,2.8,2.81,2855,2.8094
2025-10-23 08:50,2.8,2.81,2.8,2.81,9309,2.8075
2025-10-23 08:55,2.81,2.82,2.8,2.8,5777,2.8107
2025-10-23 09:00,2.82,2.82,2.8,2.8,2186,2.8061
2025-10-23 09:05,2.8,2.81,2.8,2.8,8619,2.8046
2025-10-23 09:10,2.8,2.82,2.8,2.81,4645,2.8047
2025-10-23 09:15,2.8,2.82,2.8,2.82,14856,2.817
2025-10-23 09:20,2.81,2.82,2.81,2.81,11557,2.8108
2025-10-23 09:25,2.81,2.81,2.79,2.8,8376,2.803
2025-10-23 09:30,2.79,2.8,2.79,2.8,1792,2.7915
2025-10-23 09:35,2.78,2.8,2.77,2.79,9038,2.781
2025-10-23 09:40,2.79,2.8,2.76,2.79,5246,2.7784
2025-10-23 09:45,2.78,2.78,2.78,2.78,262,2.776
2025-10-23 09:50,2.76,2.8,2.76,2.78,6763,2.7869
2025-10-23 09:55,2.79,2.8,2.79,2.8,1508,2.7893
2025-10-23 10:00,2.8,2.8,2.8,2.8,1113,2.7987
2025-10-23 10:05,2.8,2.8,2.79,2.8,10335,2.793
2025-10-23 10:10,2.78,2.8,2.78,2.8,14938,2.7967
2025-10-23 10:15,2.8,2.8,2.78,2.79,4739,2.7949
2025-10-23 10:20,2.79,2.81,2.78,2.81,1769,2.8017
2025-10-23 10:25,2.78,2.81,2.78,2.8,7841,2.7962
2025-10-23 10:30,2.79,2.82,2.79,2.82,30268,2.8101
2025-10-23 10:35,2.82,2.85,2.81,2.85,95108,2.8345
2025-10-23 10:40,2.85,2.85,2.83,2.85,36482,2.8483
2025-10-23 10:45,2.85,2.86,2.84,2.84,33384,2.8485
2025-10-23 10:50,2.85,2.85,2.83,2.85,24198,2.8443
2025-10-23 10:55,2.84,2.85,2.84,2.85,20145,2.8469
2025-10-23 11:00,2.85,2.85,2.83,2.83,3831,2.8438
2025-10-23 11:05,2.83,2.85,2.83,2.85,24302,2.8441
2025-10-23 11:10,2.85,2.88,2.84,2.85,54406,2.8549
2025-10-23 11:15,2.84,2.85,2.81,2.84,19239,2.8278
2025-10-23 11:20,2.83,2.85,2.8,2.8,19273,2.8228
2025-10-23 11:25,2.81,2.84,2.79,2.83,20753,2.8052
2025-10-23 11:30,2.85,2.86,2.82,2.85,16493,2.84
2025-10-23 11:35,2.85,2.86,2.82,2.86,20243,2.8456
2025-10-23 11:40,2.86,2.86,2.85,2.85,6461,2.8574
2025-10-23 11:45,2.86,2.87,2.86,2.86,10163,2.8652
2025-10-23 11:50,2.87,2.9,2.86,2.9,37432,2.8728
2025-10-23 11:55,2.89,2.91,2.87,2.89,34957,2.8891
2025-10-23 12:00,2.89,2.97,2.89,2.95,134885,2.9307
2025-10-23 12:05,2.96,2.97,2.92,2.94,33336,2.9447
2025-10-23 12:10,2.95,2.96,2.89,2.89,142733,2.9486
2025-10-23 12:15,2.9,2.93,2.89,2.93,36787,2.9153
2025-10-23 12:20,2.93,2.95,2.93,2.93,17402,2.9344
2025-10-23 12:25,2.93,2.94,2.89,2.89,23422,2.932
2025-10-23 12:30,2.9,2.92,2.89,2.89,14664,2.9023
2025-10-23 12:35,2.9,2.9,2.87,2.87,113446,2.8923
2025-10-23 12:40,2.88,2.88,2.82,2.86,11443,2.8612
2025-10-23 12:45,2.87,2.88,2.86,2.88,83820,2.8698
2025-10-23 12:50,2.87,2.9,2.87,2.9,41316,2.8841
2025-10-23 12:55,2.9,2.9,2.87,2.87,17023,2.8863
2025-10-23 13:10,2.93,2.93,2.93,2.93,100,2.93
2025-10-23 13:15,2.93,2.93,2.93,2.93,300,2.93
2025-10-23 13:20,2.95,2.95,2.95,2.95,100,2.95
2025-10-23 13:30,2.93,2.93,2.93,2.93,107,2.9333
2025-10-23 13:40,2.92,2.92,2.92,2.92,147,2.9216
2025-10-23 13:50,2.92,2.92,2.92,2.92,100,2.92
2025-10-23 14:15,2.96,2.96,2.96,2.96,234,2.9585
2025-10-23 14:25,2.93,2.93,2.93,2.93,500,2.9299
2025-10-23 14:30,2.92,2.92,2.92,2.92,253,2.9221
2025-10-23 14:45,2.92,2.92,2.92,2.92,343,2.92
2025-10-23 14:50,2.92,2.92,2.92,2.92,5654,2.9199
2025-10-23 14:55,2.92,2.92,2.92,2.92,501,2.9199
2025-10-23 15:00,2.92,2.92,2.92,2.92,100,2.9198
2025-10-23 15:10,2.92,2.92,2.92,2.92,100,2.92
2025-10-23 15:15,2.92,2.92,2.92,2.92,1008,2.9196
2025-10-23 15:25,2.86,2.86,2.86,2.86,104,2.86
2025-10-23 15:35,2.92,2.92,2.92,2.92,1000,2.9199
2025-10-23 16:00,2.91,2.91,2.91,2.91,734,2.9098
2025-10-23 16:10,2.86,2.86,2.86,2.86,1005,2.8604
2025-10-23 16:20,2.86,2.91,2.86,2.87,2586,2.8792
2025-10-23 16:25,2.87,2.87,2.86,2.86,1014,2.8663
2025-10-24 04:00,2.88,2.88,2.88,2.88,100,2.88
2025-10-24 04:10,2.91,2.91,2.91,2.91,100,2.91
2025-10-24 04:25,2.93,2.93,2.93,2.93,208,2.93
2025-10-24 04:30,2.93,2.93,2.93,2.93,100,2.93
2025-10-24 04:35,2.92,2.92,2.92,2.92,100,2.92
2025-10-24 04:40,2.87,2.87,2.75,2.76,3330,2.7949
2025-10-24 04:50,2.87,2.87,2.87,2.87,340,2.866
2025-10-24 04:55,2.87,2.87,2.87,2.87,418,2.8675
2025-10-24 05:00,2.92,2.92,2.87,2.87,1235,2.903
2025-10-24 05:05,2.87,2.87,2.87,2.87,1000,2.87
2025-10-24 05:10,2.87,2.9,2.87,2.9,2013,2.8927
2025-10-24 05:20,2.93,2.93,2.92,2.93,3394,2.9286
2025-10-24 05:30,2.92,2.92,2.92,2.92,200,2.92
2025-10-24 05:35,2.92,2.92,2.92,2.92,787,2.9196
2025-10-24 05:40,2.92,2.92,2.92,2.92,223,2.92
2025-10-24 05:55,2.93,2.93,2.93,2.93,453,2.93
2025-10-24 06:00,2.93,2.93,2.93,2.93,317,2.93
2025-10-24 06:10,2.93,2.93,2.93,2.93,604,2.9301
2025-10-24 06:30,2.89,2.98,2.8,2.94,42713,2.9357
2025-10-24 06:35,2.93,2.96,2.9,2.9,24781,2.9395
2025-10-24 06:40,2.9,2.9,2.86,2.86,17570,2.8941
2025-10-24 06:45,2.9,2.92,2.87,2.91,6979,2.8939
2025-10-24 06:50,2.89,2.9,2.87,2.87,14229,2.8778
2025-10-24 06:55,2.87,2.9,2.87,2.89,6795,2.881
2025-10-24 07:00,2.87,2.9,2.87,2.88,8799,2.8855
2025-10-24 07:05,2.88,2.88,2.87,2.88,7825,2.8741
2025-10-24 07:10,2.86,2.89,2.86,2.87,6762,2.877
2025-10-24 07:15,2.89,2.89,2.86,2.86,5393,2.8722
2025-10-24 07:20,2.87,2.89,2.86,2.87,12107,2.8747
2025-10-24 07:25,2.87,2.9,2.86,2.86,6512,2.8706
2025-10-24 07:30,2.85,2.87,2.85,2.85,4484,2.8628
2025-10-24 07:35,2.86,2.87,2.83,2.85,5244,2.8497
2025-10-24 07:40,2.83,2.87,2.82,2.85,6641,2.8437
2025-10-24 07:45,2.83,2.87,2.83,2.85,2951,2.8566
2025-10-24 07:50,2.87,2.87,2.85,2.85,18319,2.8629
2025-10-24 07:55,2.85,2.87,2.82,2.84,11322,2.8455
2025-10-24 08:00,2.82,2.88,2.82,2.86,15115,2.8635
2025-10-24 08:05,2.86,2.87,2.86,2.86,4125,2.8642
2025-10-24 08:10,2.88,2.93,2.85,2.92,251213,2.9058
2025-10-24 08:15,2.92,2.93,2.92,2.93,8626,2.926
2025-10-24 08:20,2.93,3.02,2.92,2.97,710910,2.9981
2025-10-24 08:25,2.94,2.97,2.92,2.94,6637,2.9425
2025-10-24 08:30,2.92,2.95,2.86,2.89,73206,2.8976
2025-10-24 08:35,2.88,2.89,2.86,2.87,2989,2.8746
2025-10-24 08:40,2.87,2.87,2.84,2.87,7252,2.8537
2025-10-24 08:45,2.85,2.87,2.85,2.85,1128,2.8558
2025-10-24 08:50,2.89,2.89,2.85,2.89,2004,2.8722
2025-10-24 08:55,2.86,2.88,2.84,2.86,2079,2.8648
2025-10-24 09:00,2.88,2.92,2.85,2.9,13237,2.8896
2025-10-24 09:05,2.87,2.9,2.87,2.87,2064,2.8916
2025-10-24 09:10,2.87,2.88,2.86,2.88,2505,2.8698
2025-10-24 09:15,2.86,2.88,2.86,2.86,2830,2.8707
2025-10-24 09:20,2.88,2.89,2.86,2.89,11642,2.8763
2025-10-24 09:25,2.89,2.9,2.86,2.86,2528,2.8809
2025-10-24 09:30,2.88,2.88,2.86,2.86,1050,2.8697
2025-10-24 09:35,2.9,2.9,2.86,2.86,1608,2.8702
2025-10-24 09:40,2.86,2.9,2.86,2.87,4714,2.8936
2025-10-24 09:45,2.86,2.89,2.86,2.88,3973,2.8823
2025-10-24 09:50,2.89,2.91,2.89,2.91,14745,2.903
2025-10-24 09:55,2.9,2.91,2.87,2.87,22004,2.8813
2025-10-24 10:00,2.9,2.9,2.86,2.88,1490,2.8756
2025-10-24 10:05,2.86,2.89,2.86,2.89,1275,2.8651
2025-10-24 10:10,2.86,2.87,2.84,2.84,4603,2.8551
2025-10-24 10:15,2.86,2.86,2.84,2.85,10249,2.8529
2025-10-24 10:20,2.86,2.87,2.85,2.85,1966,2.8585
2025-10-24 10:25,2.85,2.85,2.84,2.84,1272,2.8447
2025-10-24 10:30,2.84,2.85,2.83,2.83,1651,2.838
2025-10-24 10:35,2.83,2.83,2.83,2.83,1435,2.8311
2025-10-24 10:40,2.86,2.87,2.83,2.87,4431,2.8551
2025-10-24 10:45,2.83,2.86,2.83,2.83,14585,2.8314
2025-10-24 10:50,2.83,2.85,2.83,2.84,1373,2.8413
2025-10-24 10:55,2.84,2.89,2.84,2.88,11947,2.8748
2025-10-24 11:00,2.87,2.88,2.86,2.88,3120,2.8631
2025-10-24 11:05,2.86,2.89,2.85,2.85,3802,2.8751
2025-10-24 11:10,2.87,2.89,2.85,2.87,3485,2.8565
2025-10-24 11:15,2.85,2.87,2.85,2.85,1286,2.857
2025-10-24 11:20,2.85,2.89,2.85,2.89,1568,2.8648
2025-10-24 11:25,2.85,2.85,2.84,2.84,5236,2.8419
2025-10-24 11:30,2.88,2.88,2.85,2.85,1194,2.8648
2025-10-24 11:35,2.86,2.88,2.84,2.87,46442,2.8661
2025-10-24 11:40,2.87,2.89,2.85,2.89,6137,2.8772
2025-10-24 11:45,2.91,2.93,2.88,2.89,13587,2.9106
2025-10-24 11:50,2.9,2.9,2.87,2.87,13229,2.8839
2025-10-24 11:55,2.87,2.9,2.87,2.87,5664,2.8806
2025-10-24 12:00,2.87,2.89,2.87,2.87,773,2.8767
2025-10-24 12:05,2.9,2.9,2.87,2.87,73128,2.8791
2025-10-24 12:10,2.88,2.89,2.88,2.89,5565,2.8832
2025-10-24 12:15,2.89,2.9,2.87,2.89,6573,2.8859
2025-10-24 12:20,2.9,2.92,2.89,2.9,16033,2.8998
2025-10-24 12:25,2.91,2.92,2.89,2.89,5341,2.9064
2025-10-24 12:30,2.89,2.92,2.89,2.91,2982,2.9064
2025-10-24 12:35,2.91,2.92,2.91,2.92,12516,2.9114
2025-10-24 12:40,2.92,2.92,2.91,2.92,4483,2.9147
2025-10-24 12:45,2.91,2.92,2.89,2.89,4052,2.9088
2025-10-24 12:50,2.91,2.91,2.89,2.89,28112,2.8943
2025-10-24 12:55,2.89,2.92,2.88,2.88,16532,2.9002
2025-10-24 13:30,2.86,2.86,2.86,2.86,820,2.8604
2025-10-24 13:50,2.94,2.94,2.94,2.94,101,2.94
2025-10-24 14:10,2.94,2.94,2.94,2.94,138,2.94
2025-10-24 15:15,2.88,2.88,2.88,2.88,304,2.8803
2025-10-24 15:25,2.93,2.93,2.93,2.93,2504,2.9299
2025-10-24 16:00,2.93,2.93,2.93,2.93,2067,2.9299
2025-10-24 16:25,2.88,2.88,2.88,2.88,17791,2.88
2025-10-24 16:35,2.94,2.94,2.94,2.94,680,2.94
2025-10-24 16:40,2.98,2.98,2.98,2.98,382,2.9735
2025-10-24 16:45,2.95,2.95,2.95,2.95,867,2.95
2025-10-24 16:50,2.95,2.95,2.95,2.95,2096,2.9502
2025-10-27 01:30,3.25,3.25,3.25,3.25,100,3.25
2025-10-27 02:05,3.25,3.25,3.25,3.25,500,3.25
2025-10-27 02:10,3.25,3.25,3.25,3.25,225,3.25
2025-10-27 02:30,3.44,3.5,3.44,3.5,2080,3.4623
2025-10-27 02:35,3.6,3.75,3.6,3.75,1907,3.6766
2025-10-27 02:50,3.75,3.75,3.75,3.75,100,3.75
2025-10-27 03:15,3.75,3.75,3.75,3.75,500,3.75
2025-10-27 03:20,3.75,3.75,3.75,3.75,1000,3.75
2025-10-27 03:30,3.75,3.75,3.75,3.75,450,3.75
2025-10-27 04:00,3.75,3.75,3.31,3.37,6133,3.5204
2025-10-27 04:05,3.32,3.55,3.32,3.55,2843,3.4075
2025-10-27 04:10,3.31,3.31,3.19,3.19,3556,3.2758
2025-10-27 04:15,3.2,3.3,3.2,3.25,2664,3.2344
2025-10-27 04:20,3.25,3.25,3.05,3.1,1950,3.126
2025-10-27 04:30,3.28,3.3,3.28,3.29,1400,3.2904
2025-10-27 04:35,3.3,3.3,3.3,3.3,262,3.3
2025-10-27 04:40,3.24,3.31,3.24,3.31,2353,3.2585
2025-10-27 04:45,3.31,3.31,3.24,3.31,1350,3.3048
2025-10-27 04:50,3.24,3.24,3.24,3.24,550,3.24
2025-10-27 05:00,3.37,3.5,3.12,3.2,27243,3.2628
2025-10-27 05:05,3.2,3.25,3.2,3.25,4154,3.2374
2025-10-27 05:10,3.2,3.25,3.2,3.25,3521,3.2042
2025-10-27 05:15,3.2,3.25,3.2,3.25,802,3.2313
2025-10-27 05:20,3.25,3.25,3.25,3.25,1119,3.25
2025-10-27 05:25,3.29,3.29,3.28,3.28,973,3.2866
2025-10-27 05:30,3.31,3.31,3.22,3.31,5559,3.2844
2025-10-27 05:35,3.21,3.35,3.21,3.21,4378,3.2893
2025-10-27 05:40,3.31,3.31,3.31,3.31,2000,3.31
2025-10-27 05:45,3.3,3.3,3.3,3.3,275,3.2835
2025-10-27 05:50,3.25,3.25,3.25,3.25,859,3.2544
2025-10-27 05:55,3.21,3.21,3.21,3.21,2654,3.2111
2025-10-27 06:00,3.18,3.29,3.18,3.29,6159,3.1879
2025-10-27 06:10,3.29,3.29,3.29,3.29,308,3.2849
2025-10-27 06:15,3.29,3.3,3.25,3.3,1360,3.2901
2025-10-27 06:20,3.28,3.28,3.28,3.28,155,3.2788
2025-10-27 06:30,3.3,3.3,3.05,3.07,41183,3.1836
2025-10-27 06:35,3.08,3.08,3.01,3.04,54331,3.0508
2025-10-27 06:40,3.04,3.07,3,3.02,161846,3.0299
2025-10-27 06:45,3.02,3.04,2.99,3.01,85426,3.0073
2025-10-27 06:50,3.01,3.03,2.99,3.01,9338,3.0055
2025-10-27 06:55,3.01,3.04,3.01,3.04,32612,3.0255
2025-10-27 07:00,3.04,3.05,3.03,3.05,36109,3.0329
2025-10-27 07:05,3.04,3.04,3,3,33173,3.0275
2025-10-27 07:10,3.01,3.01,3,3,35341,3.0016
2025-10-27 07:15,3.01,3.01,3,3.01,12457,3.0019
2025-10-27 07:20,3,3.01,3,3,3038,3.0013
2025-10-27 07:25,3,3.02,2.99,3.01,21514,3.0028
2025-10-27 07:30,3.02,3.02,3,3.01,20462,3.006
2025-10-27 07:35,3.01,3.03,3,3.03,45841,3.0107
2025-10-27 07:40,3.03,3.06,3.03,3.05,12332,3.0413
2025-10-27 07:45,3.05,3.06,3.04,3.04,17829,3.0564
2025-10-27 07:50,3.04,3.06,3.02,3.03,18073,3.0474
2025-10-27 07:55,3.02,3.04,3.02,3.02,10031,3.0272
2025-10-27 08:00,3.04,3.05,3.02,3.02,14555,3.0277
2025-10-27 08:05,3.01,3.02,3,3.01,24293,3.0135
2025-10-27 08:10,3.01,3.01,3,3,9666,3.0081
2025-10-27 08:15,3,3.01,3,3.01,15743,3.0082
2025-10-27 08:20,3.01,3.01,3,3.01,8063,3.0059
2025-10-27 08:25,3,3.01,3,3,3618,3.0063
2025-10-27 08:30,3.01,3.01,3,3.01,11781,3.0085
2025-10-27 08:35,3,3.01,3,3.01,11498,3.0088
2025-10-27 08:40,3.01,3.02,3.01,3.02,20125,3.0096
2025-10-27 08:45,3.03,3.03,3.01,3.02,7897,3.0245
2025-10-27 08:50,3.02,3.03,3.01,3.01,6064,3.0201
2025-10-27 08:55,3.01,3.03,3.01,3.01,6634,3.0217
2025-10-27 09:00,3.02,3.03,3.01,3.03,12338,3.0221
2025-10-27 09:05,3.03,3.03,3.01,3.01,2417,3.0227
2025-10-27 09:10,3.02,3.04,3.02,3.03,6505,3.0278
2025-10-27 09:15,3.02,3.07,3.02,3.06,16676,3.056
2025-10-27 09:20,3.06,3.06,3.04,3.05,7669,3.0499
2025-10-27 09:25,3.04,3.04,3.02,3.03,56494,3.0306
2025-10-27 09:30,3.03,3.04,3.02,3.02,9979,3.0306
2025-10-27 09:35,3.02,3.04,3.02,3.02,11720,3.0334
2025-10-27 09:40,3.02,3.04,3,3,27807,3.0248
2025-10-27 09:45,3,3.02,3,3.02,18553,3.0089
2025-10-27 09:50,3.02,3.04,3.01,3.04,4667,3.0226
2025-10-27 09:55,3.04,3.05,3.01,3.03,10809,3.0331
2025-10-27 10:00,3.04,3.04,3.01,3.01,3570,3.0257
2025-10-27 10:05,3.01,3.03,3.01,3.02,6830,3.0219
2025-10-27 10:10,3.02,3.06,3.02,3.06,12024,3.0467
2025-10-27 10:15,3.05,3.07,3.05,3.06,17290,3.0598
2025-10-27 10:20,3.04,3.07,3.04,3.04,5702,3.0496
2025-10-27 10:25,3.05,3.06,3.05,3.06,8323,3.0558
2025-10-27 10:30,3.05,3.07,3.04,3.07,14469,3.0575
2025-10-27 10:35,3.04,3.06,3.04,3.06,1090,3.0467
2025-10-27 10:40,3.06,3.07,3.05,3.07,20297,3.0688
2025-10-27 10:45,3.05,3.07,3.05,3.05,1643,3.0581
2025-10-27 10:50,3.06,3.07,3.05,3.05,3149,3.0593
2025-10-27 10:55,3.05,3.06,3.04,3.04,4465,3.0495
2025-10-27 11:00,3.06,3.06,3.04,3.04,1328,3.0481
2025-10-27 11:05,3.04,3.06,3.04,3.06,2961,3.0457
2025-10-27 11:10,3.03,3.06,3.03,3.05,1810,3.0467
2025-10-27 11:15,3.03,3.04,3.03,3.04,1234,3.0386
2025-10-27 11:20,3.05,3.06,3.04,3.04,1486,3.0482
2025-10-27 11:25,3.03,3.06,3.03,3.06,2409,3.0483
2025-10-27 11:30,3.06,3.06,3.05,3.05,7181,3.0519
2025-10-27 11:35,3.05,3.06,3.03,3.03,2110,3.0392
2025-10-27 11:40,3.03,3.05,3.02,3.04,15722,3.0307
2025-10-27 11:45,3.03,3.05,3.03,3.03,4755,3.044
2025-10-27 11:50,3.03,3.05,3.03,3.03,1516,3.0355
2025-10-27 11:55,3.03,3.05,3.03,3.05,4064,3.0421
2025-10-27 12:00,3.05,3.05,3.03,3.03,1268,3.038
2025-10-27 12:05,3.03,3.05,3.03,3.03,4274,3.0332
2025-10-27 12:10,3.04,3.04,3.03,3.03,1483,3.0315
2025-10-27 12:15,3.04,3.04,3.02,3.02,4110,3.0265
2025-10-27 12:20,3.02,3.04,3.01,3.01,18911,3.0206
2025-10-27 12:25,3.01,3.03,3,3.01,14663,3.0174
2025-10-27 12:30,3.01,3.04,3.01,3.04,4037,3.0207
2025-10-27 12:35,3.01,3.04,3,3,7405,3.0171
2025-10-27 12:40,3,3.04,3,3.01,7828,3.0244
2025-10-27 12:45,3.01,3.04,3,3,11142,3.0304
2025-10-27 12:50,3.01,3.04,3,3.01,4201,3.007
2025-10-27 12:55,3.01,3.04,3,3,14969,3.0074
2025-10-27 13:05,3.06,3.06,3.06,3.06,215,3.06
2025-10-27 13:15,3.05,3.06,3.05,3.05,3215,3.0515
2025-10-27 13:25,3.05,3.05,3.05,3.05,803,3.05
2025-10-27 13:35,3.08,3.09,3.08,3.08,1761,3.0807
2025-10-27 13:40,3.05,3.05,3.05,3.05,100,3.05
2025-10-27 13:50,3.05,3.05,3.05,3.05,1033,3.0504
2025-10-27 14:00,3.05,3.05,3.05,3.05,250,3.0499
2025-10-27 14:25,3.07,3.07,3.07,3.07,302,3.0693
2025-10-27 14:30,3.07,3.07,3.07,3.07,253,3.0692
2025-10-27 14:35,3.08,3.08,3.08,3.08,500,3.0799
2025-10-27 14:45,3.06,3.06,3.06,3.06,269,3.06
2025-10-27 15:10,3.01,3.01,3.01,3.01,101,3.0102
2025-10-27 15:15,3.07,3.07,3.07,3.07,366,3.0698
2025-10-27 15:20,3.01,3.01,3.01,3.01,700,3.01
2025-10-27 15:35,3.01,3.01,3.01,3.01,102,3.01
2025-10-27 15:40,3.06,3.06,3.06,3.06,9380,3.0587
2025-10-27 15:45,3.06,3.06,3.06,3.06,1500,3.0599
2025-10-27 15:50,3.06,3.06,3.06,3.06,227,3.0569
2025-10-27 16:05,3.05,3.05,3.05,3.05,105,3.05
2025-10-27 16:10,3.05,3.05,3.05,3.05,267,3.0492
2025-10-27 16:40,3.04,3.05,3.04,3.05,501,3.045
2025-10-27 16:45,3.04,3.04,3.02,3.02,2188,3.0287
2025-10-27 16:50,3.05,3.06,3.01,3.01,613,3.0246
2025-10-27 16:55,3.01,3.05,3.01,3.05,672,3.02
2025-10-28 04:35,3.03,3.03,3.03,3.03,522,3.03
2025-10-28 04:45,3,3,3,3,464,3
2025-10-28 05:00,3.03,3.03,3,3.03,3703,3.0184
2025-10-28 05:05,3.03,3.03,3.03,3.03,8004,3.0295
2025-10-28 05:10,3.03,3.03,3.03,3.03,103,3.03
2025-10-28 05:15,3,3,3,3,795,2.9984
2025-10-28 05:20,2.97,2.97,2.97,2.97,1199,2.97
2025-10-28 05:25,2.95,2.95,2.93,2.93,2045,2.9434
2025-10-28 05:30,2.93,2.93,2.92,2.92,1026,2.9274
2025-10-28 05:35,2.93,3,2.93,3,2925,2.9856
2025-10-28 05:40,3.02,3.02,3,3,900,3.0111
2025-10-28 05:45,3,3,3,3,110,3
2025-10-28 05:50,3,3,3,3,2466,3.0007
2025-10-28 05:55,3.03,3.03,3.01,3.01,10500,3.0285
2025-10-28 06:05,3,3.01,3,3.01,3500,3.0091
2025-10-28 06:10,3.03,3.05,3.03,3.05,2025,3.0369
2025-10-28 06:30,3.04,3.04,3,3,24785,3.0232
2025-10-28 06:35,3.01,3.01,3,3.01,27262,3.0019
2025-10-28 06:40,3.02,3.04,3.01,3.04,16311,3.0274
2025-10-28 06:45,3.03,3.04,3.01,3.01,20650,3.0297
2025-10-28 06:50,3.02,3.03,3,3,17917,3.0086
2025-10-28 06:55,3.01,3.01,3,3,9700,3.0035
2025-10-28 07:00,3,3,3,3,1658,3.0004
2025-10-28 07:05,3,3,3,3,1791,3.0006
2025-10-28 07:10,3,3.01,3,3.01,2971,3.0026
2025-10-28 07:15,3,3.02,3,3.01,10814,3.0063
2025-10-28 07:20,3.02,3.03,3.01,3.01,3472,3.0151
2025-10-28 07:25,3,3.02,3,3,3419,3.0027
2025-10-28 07:30,3.01,3.01,3,3.01,8332,3.003
2025-10-28 07:35,3.01,3.01,3,3,11305,3.008
2025-10-28 07:40,3,3.01,3,3.01,34475,3.0015
2025-10-28 07:45,3,3.01,3,3,5438,3.0015
2025-10-28 07:50,3,3.01,3,3.01,1941,3.0079
2025-10-28 07:55,3.01,3.01,3,3.01,6703,3.0103
2025-10-28 08:00,3,3.01,3,3.01,14638,3.0017
2025-10-28 08:05,3,3,3,3,3329,3.0004
2025-10-28 08:10,3.01,3.01,3,3,13023,3.0013
2025-10-28 08:15,3.01,3.01,3,3.01,3385,3.0058
2025-10-28 08:20,3,3,2.99,3,6632,2.9996
2025-10-28 08:25,3,3,3,3,1135,3.0001
2025-10-28 08:30,3,3.01,3,3,11636,3.0006
2025-10-28 08:35,3,3.01,3,3,16425,3.0037
2025-10-28 08:40,3,3.01,3,3,5888,3.0069
2025-10-28 08:45,3.01,3.01,3,3,3936,3.001
2025-10-28 08:50,3.01,3.01,3,3.01,4542,3.002
2025-10-28 08:55,3,3.01,3,3,2708,3.0006
2025-10-28 09:00,3,3.01,3,3,16551,3.0001
2025-10-28 09:05,3,3.01,3,3,12163,3.0062
2025-10-28 09:10,3.01,3.03,3,3.02,6920,3.018
2025-10-28 09:15,3.03,3.03,3.02,3.03,8455,3.0269
2025-10-28 09:20,3.03,3.03,3.02,3.02,274,3.0239
2025-10-28 09:25,3.03,3.03,3.03,3.03,356,3.0278
2025-10-28 09:30,3.03,3.03,3.02,3.02,3943,3.0268
2025-10-28 09:35,3.02,3.02,3,3,2730,3.0118
2025-10-28 09:40,3,3.01,3,3.01,2990,3.0056
2025-10-28 09:45,3.01,3.02,3.01,3.02,4245,3.0142
2025-10-28 09:50,3.02,3.02,3.02,3.02,416,3.0176
2025-10-28 09:55,3.02,3.02,3,3.01,1767,3.0069
2025-10-28 10:00,3.02,3.02,3.01,3.01,3267,3.0134
2025-10-28 10:05,3.02,3.02,3,3,7074,3.0069
2025-10-28 10:10,3.01,3.02,3.01,3.02,10282,3.0165
2025-10-28 10:15,3.01,3.01,3,3.01,12879,3.0083
2025-10-28 10:20,3.01,3.01,3,3,1814,3.0014
2025-10-28 10:25,3.01,3.01,3,3.01,5470,3.0054
2025-10-28 10:30,3.01,3.01,3,3,746,3.0027
2025-10-28 10:35,3,3.01,3,3.01,12716,3.0003
2025-10-28 10:40,3,3,3,3,5406,3.0002
2025-10-28 10:45,3,3.01,3,3.01,14535,3.0004
2025-10-28 10:50,3.01,3.01,3,3.01,10320,3.005
2025-10-28 10:55,3.01,3.01,3,3,13706,3.0002
2025-10-28 11:00,3,3.01,3,3,4980,3.0006
2025-10-28 11:05,3,3.01,3,3.01,1385,3.0028
2025-10-28 11:10,3,3.01,3,3,7382,3.0048
2025-10-28 11:15,3.01,3.01,3,3.01,20046,3.0084
2025-10-28 11:20,3.01,3.03,3,3.02,14737,3.0146
2025-10-28 11:25,3.01,3.02,3,3.01,3536,3.0097
2025-10-28 11:30,3.01,3.02,3,3,2625,3.0081
2025-10-28 11:35,3,3,3,3,534,3.0029
2025-10-28 11:40,3.01,3.01,3,3,1854,3.0012
2025-10-28 11:45,3,3.01,3,3.01,5687,3.0036
2025-10-28 11:50,3.01,3.01,3,3.01,1938,3.0071
2025-10-28 11:55,3.01,3.01,3.01,3.01,2032,3.01
2025-10-28 12:00,3.01,3.02,3.01,3.01,4022,3.0136
2025-10-28 12:05,3.01,3.02,3,3,13669,3.0153
2025-10-28 12:10,3,3.01,3,3,2625,3.005
2025-10-28 12:15,3,3.02,3,3.02,1590,3.0082
2025-10-28 12:20,3,3,3,3,4419,3.0003
2025-10-28 12:25,3,3.01,3,3.01,3267,3.0062
2025-10-28 12:30,3.01,3.01,3,3,1888,3.0039
2025-10-28 12:35,3,3.02,3,3.02,9123,3.0114
2025-10-28 12:40,3.02,3.03,3,3.01,8439,3.0133
2025-10-28 12:45,3.01,3.03,3,3.02,36613,3.0189
2025-10-28 12:50,3.02,3.03,3.02,3.02,5089,3.0243
2025-10-28 12:55,3.02,3.03,3,3,34997,3.0175
2025-10-28 13:15,3.04,3.04,3.04,3.04,100,3.04
2025-10-28 13:40,3.04,3.04,3.04,3.04,975,3.04
2025-10-28 13:50,3,3,3,3,464,3.0002
2025-10-28 14:10,3.02,3.02,3.02,3.02,200,3.02
2025-10-28 14:15,3.03,3.03,3.03,3.03,266,3.03
2025-10-28 14:35,3.03,3.03,3.03,3.03,101,3.0298
2025-10-28 15:25,3.01,3.01,3.01,3.01,1000,3.0096
2025-10-28 15:30,3,3,3,3,1780,3.0003
2025-10-28 15:35,3,3,3,3,800,3
2025-10-28 16:05,3,3,3,3,200,3
2025-10-28 16:45,3,3,3,3,3000,3
2025-10-29 04:30,3.04,3.04,3.04,3.04,428,3.04
2025-10-29 04:35,3.04,3.04,3.01,3.01,2925,3.0253
2025-10-29 04:40,3,3,3,3,500,3
2025-10-29 05:00,3.04,3.04,3,3,3027,3.0245
2025-10-29 05:05,3.04,3.04,3,3,3626,3.0022
2025-10-29 05:10,3.04,3.04,3,3,2050,3.0297
2025-10-29 05:15,3.04,3.04,3,3.04,2951,3.0366
2025-10-29 05:20,3.04,3.04,3.04,3.04,203,3.04
2025-10-29 05:25,3,3,3,3,1771,3
2025-10-29 05:40,3,3,3,3,1006,3
2025-10-29 06:00,3,3,3,3,11961,3
2025-10-29 06:10,3.03,3.03,3.03,3.03,1148,3.03
2025-10-29 06:15,3.03,3.03,3.03,3.03,675,3.0299
2025-10-29 06:20,3.03,3.03,3.03,3.03,5600,3.03
2025-10-29 06:25,3.01,3.01,3.01,3.01,300,3.01
2025-10-29 06:30,3.01,3.03,2.99,3.01,37975,3.0257
2025-10-29 06:35,3.02,3.03,3.01,3.02,7194,3.0192
2025-10-29 06:40,3.03,3.03,3.02,3.03,3553,3.0269
2025-10-29 06:45,3.02,3.04,3.01,3.01,7708,3.0276
2025-10-29 06:50,3.02,3.04,3.01,3.04,7754,3.0227
2025-10-29 06:55,3.03,3.04,3.02,3.02,2364,3.0266
2025-10-29 07:00,3.02,3.05,3.01,3.02,52993,3.0346
2025-10-29 07:05,3.01,3.02,3.01,3.01,11402,3.0117
2025-10-29 07:10,3.02,3.03,3.01,3.01,26684,3.0227
2025-10-29 07:15,3.03,3.03,3.01,3.02,2435,3.0226
2025-10-29 07:20,3.03,3.03,3.01,3.01,8086,3.0121
2025-10-29 07:25,3.01,3.01,3.01,3.01,5625,3.0102
2025-10-29 07:30,3.01,3.02,3,3,7594,3.0074
2025-10-29 07:35,3.01,3.01,3.01,3.01,931,3.0068
2025-10-29 07:40,3,3.01,3,3,8368,3.0014
2025-10-29 07:45,3,3.01,3,3,714,3.0042
2025-10-29 07:50,3.01,3.02,3,3.02,23526,3.0098
2025-10-29 07:55,3.01,3.02,3.01,3.01,6981,3.0121
2025-10-29 08:00,3.02,3.02,3.01,3.02,3367,3.0163
2025-10-29 08:05,3.01,3.03,3.01,3.03,1538,3.0229
2025-10-29 08:10,3.03,3.04,3.01,3.01,98346,3.0205
2025-10-29 08:15,3.01,3.03,3.01,3.02,2171,3.0192
2025-10-29 08:20,3.03,3.03,3.01,3.03,32296,3.0116
2025-10-29 08:30,3.01,3.02,3.01,3.01,7359,3.0175
2025-10-29 08:35,3.02,3.02,3.01,3.01,9039,3.0123
2025-10-29 08:40,3.02,3.02,3,3.01,9875,3.0083
2025-10-29 08:45,3,3.01,3,3.01,2113,3.0068
2025-10-29 08:50,3.02,3.02,3,3.01,4909,3.0151
2025-10-29 08:55,3.01,3.01,3,3.01,5771,3.0062
2025-10-29 09:00,3,3.01,3,3.01,1706,3.0061
2025-10-29 09:05,3,3,3,3,1344,3.001
2025-10-29 09:10,3.01,3.04,3.01,3.02,17941,3.0271
2025-10-29 09:15,3.03,3.03,3.03,3.03,3734,3.0269
2025-10-29 09:20,3.03,3.03,3.01,3.01,1616,3.021
2025-10-29 09:25,3.02,3.02,3.02,3.02,301,3.0142
2025-10-29 09:30,3.01,3.05,3.01,3.02,6372,3.0302
2025-10-29 09:35,3.04,3.04,3.04,3.04,692,3.0394
2025-10-29 09:40,3.05,3.05,3.03,3.04,2798,3.0441
2025-10-29 09:45,3.03,3.04,3.03,3.03,3864,3.0336
2025-10-29 09:50,3.04,3.04,3.03,3.03,1291,3.0338
2025-10-29 09:55,3.03,3.03,3.02,3.02,1584,3.0225
2025-10-29 10:00,3.02,3.02,3.02,3.02,2050,3.0199
2025-10-29 10:05,3.03,3.03,3.02,3.03,3667,3.0265
2025-10-29 10:10,3.02,3.04,3.02,3.04,2663,3.0255
2025-10-29 10:15,3.04,3.04,3.02,3.03,4269,3.0336
2025-10-29 10:20,3.03,3.04,3.02,3.03,2694,3.0307
2025-10-29 10:25,3.01,3.01,3,3,43487,3.0012
2025-10-29 10:30,3,3.01,3,3.01,11040,3.0049
2025-10-29 10:35,3.01,3.01,3.01,3.01,10668,3.01
2025-10-29 10:40,3.02,3.02,3.01,3.01,3203,3.0114
2025-10-29 10:45,3.02,3.03,3.01,3.01,20665,3.0209
2025-10-29 10:50,3.01,3.03,3.01,3.03,4480,3.0252
2025-10-29 10:55,3.03,3.03,3.02,3.03,16715,3.0288
2025-10-29 11:00,3.03,3.03,3.02,3.03,25422,3.0208
2025-10-29 11:05,3.03,3.03,3.01,3.01,11035,3.0121
2025-10-29 11:10,3.01,3.02,3.01,3.02,1776,3.014
2025-10-29 11:15,3.01,3.02,3.01,3.01,3072,3.0139
2025-10-29 11:20,3.01,3.02,3.01,3.01,7408,3.0111
2025-10-29 11:25,3.01,3.02,3.01,3.02,35110,3.0124
2025-10-29 11:30,3.02,3.04,3.01,3.04,6866,3.0233
2025-10-29 11:35,3.03,3.03,3,3,53657,3.0112
2025-10-29 11:40,3,3.01,3,3.01,49210,3.0017
2025-10-29 11:45,3,3.01,3,3.01,16611,3.0038
2025-10-29 11:50,3.02,3.03,3,3.01,25426,3.003
2025-10-29 11:55,3.02,3.03,3,3.03,17817,3.0255
2025-10-29 12:00,3.03,3.03,3.01,3.02,3825,3.0225
2025-10-29 12:05,3.02,3.03,3.01,3.03,1702,3.0226
2025-10-29 12:10,3.02,3.03,3.01,3.01,3941,3.0214
2025-10-29 12:15,3.02,3.02,3.01,3.02,2142,3.0116
2025-10-29 12:20,3.01,3.03,3.01,3.03,816,3.0239
2025-10-29 12:25,3.02,3.03,3.02,3.03,8632,3.0292
2025-10-29 12:30,3.03,3.03,3.01,3.03,6665,3.0244
2025-10-29 12:35,3.02,3.03,3.02,3.03,5146,3.0271
2025-10-29 12:40,3.03,3.03,3.01,3.01,9297,3.0184
2025-10-29 12:45,3.03,3.05,3.03,3.05,10458,3.0454
2025-10-29 12:50,3.05,3.05,3.02,3.04,21315,3.0474
2025-10-29 12:55,3.05,3.09,3.04,3.09,26602,3.066
2025-10-29 13:00,3.09,3.12,3.09,3.12,1168,3.1063
2025-10-29 13:05,3.07,3.07,3.05,3.07,1208,3.0678
2025-10-29 13:15,3.03,3.03,3.03,3.03,103,3.03
2025-10-29 13:20,3.03,3.03,3.03,3.03,250,3.03
2025-10-29 13:25,3.07,3.07,3.07,3.07,1150,3.0697
2025-10-29 13:35,3.03,3.03,3.03,3.03,525,3.0312
2025-10-29 13:45,3.05,3.05,3.05,3.05,101,3.0491
2025-10-29 14:00,3.03,3.03,3.03,3.03,201,3.0308
2025-10-29 14:10,3.05,3.05,3.05,3.05,225,3.05
2025-10-29 14:20,3.03,3.03,3.03,3.03,663,3.0302
2025-10-29 14:30,3.05,3.05,3.05,3.05,1026,3.0495
2025-10-29 14:35,3.05,3.05,3.05,3.05,327,3.0524
2025-10-29 14:45,3.06,3.06,3.06,3.06,802,3.06
2025-10-29 14:55,3.06,3.06,3.06,3.06,100,3.0597
2025-10-29 15:40,3.06,3.06,3.06,3.06,200,3.06
2025-10-29 16:15,3.06,3.06,3.06,3.06,500,3.06
2025-10-29 16:20,3.06,3.06,3.06,3.06,110,3.06
2025-10-29 16:35,3.06,3.06,3.06,3.06,360,3.0594
2025-10-29 16:50,3.06,3.06,3.04,3.04,708,3.0548
2025-10-30 04:00,3.03,3.03,3.03,3.03,352,3.03
2025-10-30 04:05,3.03,3.03,3.01,3.01,2000,3.0247
2025-10-30 04:10,3.06,3.08,3.06,3.08,1400,3.0648
2025-10-30 04:25,3.01,3.01,3.01,3.01,2992,3.0094
2025-10-30 04:30,3.01,3.05,3.01,3.05,1001,3.0428
2025-10-30 04:55,3.04,3.04,3.04,3.04,300,3.04
2025-10-30 05:10,3.01,3.01,3.01,3.01,100,3.01
2025-10-30 05:15,3.01,3.06,3.01,3.01,4166,3.034
2025-10-30 05:20,3.01,3.01,3.01,3.01,206,3.01
2025-10-30 05:30,3,3,2.9,2.9,4839,2.9742
2025-10-30 05:45,3,3,3,3,2881,3.0002
2025-10-30 05:50,3,3,3,3,256,3
2025-10-30 06:00,3.03,3.03,3.03,3.03,113,3.0266
2025-10-30 06:20,3.03,3.03,3.03,3.03,185,3.0292
2025-10-30 06:30,3.03,3.03,3.01,3.01,16700,3.0194
2025-10-30 06:35,3.03,3.04,3.01,3.01,12177,3.0232
2025-10-30 06:40,3.01,3.03,3.01,3.03,2854,3.0224
2025-10-30 06:45,3.04,3.04,3.02,3.04,11405,3.0308
2025-10-30 06:50,3.04,3.05,3.03,3.03,3252,3.0365
2025-10-30 06:55,3.04,3.05,3.03,3.03,11292,3.0337
2025-10-30 07:00,3.02,3.03,3.01,3.02,12060,3.0169
2025-10-30 07:05,3.01,3.04,3.01,3.04,8430,3.0122
2025-10-30 07:10,3.04,3.04,3.03,3.03,1271,3.0337
2025-10-30 07:15,3.02,3.02,3.01,3.02,3579,3.0135
2025-10-30 07:20,3.01,3.02,3.01,3.01,1380,3.0108
2025-10-30 07:25,3.03,3.04,3.02,3.04,1606,3.0288
2025-10-30 07:30,3.05,3.05,3.01,3.05,11840,3.0279
2025-10-30 07:35,3.05,3.06,3.04,3.06,18112,3.0433
2025-10-30 07:40,3.06,3.07,3.04,3.07,11174,3.0565
2025-10-30 07:45,3.07,3.08,3.05,3.05,16108,3.0647
2025-10-30 07:50,3.04,3.07,3.04,3.04,1555,3.055
2025-10-30 07:55,3.04,3.05,3.04,3.05,1138,3.0465
2025-10-30 08:00,3.05,3.07,3.05,3.06,2224,3.0589
2025-10-30 08:05,3.06,3.07,3.04,3.07,4236,3.0587
2025-10-30 08:10,3.07,3.09,3.07,3.07,6924,3.0778
2025-10-30 08:15,3.07,3.09,3.06,3.07,7179,3.0712
2025-10-30 08:20,3.07,3.08,3.06,3.07,2433,3.0663
2025-10-30 08:25,3.08,3.09,3.08,3.08,55938,3.0801
2025-10-30 08:30,3.09,3.1,3.06,3.09,65650,3.0855
2025-10-30 08:35,3.09,3.1,3.09,3.09,17919,3.0906
2025-10-30 08:40,3.09,3.1,3.09,3.09,25019,3.0944
2025-10-30 08:45,3.1,3.1,3.09,3.1,9121,3.0966
2025-10-30 08:50,3.1,3.1,3.09,3.1,47819,3.0976
2025-10-30 08:55,3.09,3.1,3.09,3.09,25777,3.0906
2025-10-30 09:00,3.09,3.1,3.09,3.1,10862,3.0909
2025-10-30 09:05,3.09,3.14,3.09,3.1,63714,3.1165
2025-10-30 09:10,3.12,3.14,3.1,3.12,25770,3.1179
2025-10-30 09:15,3.1,3.11,3.1,3.11,2141,3.1026
2025-10-30 09:20,3.09,3.1,3.09,3.09,12523,3.0922
2025-10-30 09:25,3.09,3.1,3.09,3.1,5297,3.0959
2025-10-30 09:30,3.1,3.12,3.1,3.1,3276,3.1081
2025-10-30 09:35,3.11,3.11,3.11,3.11,708,3.1052
2025-10-30 09:40,3.11,3.11,3.11,3.11,279,3.106
2025-10-30 09:45,3.1,3.1,3.1,3.1,476,3.1017
2025-10-30 09:50,3.1,3.11,3.09,3.1,75605,3.0945
2025-10-30 09:55,3.1,3.1,3.07,3.08,7127,3.0844
2025-10-30 10:00,3.08,3.09,3.06,3.06,2336,3.0694
2025-10-30 10:05,3.06,3.08,3.06,3.08,6977,3.0701
2025-10-30 10:10,3.07,3.08,3.06,3.07,9693,3.0619
2025-10-30 10:15,3.06,3.08,3.05,3.08,13763,3.0579
2025-10-30 10:20,3.08,3.08,3.05,3.06,6875,3.0544
2025-10-30 10:25,3.05,3.06,3.05,3.06,1292,3.057
2025-10-30 10:30,3.06,3.08,3.06,3.08,2742,3.0614
2025-10-30 10:35,3.07,3.07,3.06,3.07,1139,3.0623
2025-10-30 10:40,3.08,3.12,3.06,3.06,136774,3.0958
2025-10-30 10:45,3.07,3.09,3.07,3.08,2713,3.0812
2025-10-30 10:50,3.08,3.09,3.06,3.08,6067,3.0779
2025-10-30 10:55,3.08,3.09,3.06,3.08,3444,3.0821
2025-10-30 11:00,3.09,3.09,3.08,3.08,11910,3.0809
2025-10-30 11:05,3.06,3.06,3.06,3.06,364,3.0603
2025-10-30 11:10,3.06,3.06,3.06,3.06,534,3.0607
2025-10-30 11:15,3.08,3.09,3.06,3.08,41205,3.0721
2025-10-30 11:20,3.08,3.15,3.06,3.06,47589,3.1152
2025-10-30 11:25,3.06,3.25,3.06,3.08,134697,3.1848
2025-10-30 11:30,3.08,3.08,3.07,3.07,1161,3.0746
2025-10-30 11:35,3.08,3.08,3.07,3.08,1181,3.0719
2025-10-30 11:40,3.07,3.07,3.07,3.07,17676,3.0701
2025-10-30 11:45,3.08,3.08,3.07,3.08,6223,3.0763
2025-10-30 11:50,3.08,3.08,3.08,3.08,262,3.0794
2025-10-30 11:55,3.08,3.09,3.07,3.09,7347,3.0771
2025-10-30 12:00,3.09,3.09,3.08,3.08,7630,3.0831
2025-10-30 12:05,3.09,3.09,3.07,3.08,13747,3.0734
2025-10-30 12:10,3.09,3.09,3.07,3.08,1264,3.0806
2025-10-30 12:15,3.08,3.08,3.07,3.08,4059,3.0727
2025-10-30 12:20,3.08,3.08,3.07,3.07,23670,3.0706
2025-10-30 12:25,3.08,3.08,3.07,3.08,6188,3.0752
2025-10-30 12:30,3.08,3.1,3.07,3.1,7192,3.0844
2025-10-30 12:35,3.1,3.1,3.08,3.09,8543,3.0945
2025-10-30 12:40,3.1,3.1,3.07,3.08,20135,3.0897
2025-10-30 12:45,3.08,3.08,3.07,3.07,4149,3.0756
2025-10-30 12:50,3.07,3.07,3.01,3.01,34590,3.0433
2025-10-30 12:55,3.04,3.05,2.96,2.98,162821,3.0021
2025-10-30 13:00,3.01,3.04,3,3.04,1082,3.0296
2025-10-30 13:05,3.05,3.05,3.04,3.04,400,3.0428
2025-10-30 13:10,3,3,3,3,285,2.9999
2025-10-30 13:15,2.98,2.98,2.98,2.98,233,2.9832
2025-10-30 13:35,3.03,3.05,3.03,3.05,820,3.0378
2025-10-30 13:40,3.05,3.06,3.05,3.05,1472,3.0535
2025-10-30 13:45,3.05,3.05,3.05,3.05,216,3.05
2025-10-30 13:50,3.05,3.05,3.05,3.05,1000,3.05
2025-10-30 13:55,3.06,3.06,3.06,3.06,100,3.06
2025-10-30 14:20,3.06,3.06,3.06,3.06,144,3.06
2025-10-30 14:30,3.05,3.05,3.05,3.05,300,3.05
2025-10-30 14:35,3.05,3.05,3.05,3.05,200,3.0495
2025-10-30 14:40,3.02,3.02,3.02,3.02,100,3.02
2025-10-30 14:45,3.05,3.05,3.05,3.05,140,3.05
2025-10-30 15:00,3.06,3.06,3.06,3.06,100,3.06
2025-10-30 15:20,3.03,3.03,3.01,3.01,2001,3.0196
2025-10-30 15:30,3.05,3.05,3.05,3.05,4000,3.05
2025-10-30 15:40,3.04,3.04,3.04,3.04,400,3.04
2025-10-30 16:10,3.06,3.06,3.06,3.06,161,3.0584
2025-10-30 16:40,3.01,3.01,3.01,3.01,5250,3.0104
2025-10-30 16:45,3.05,3.06,3.05,3.06,636,3.0523
2025-10-31 02:25,3.02,3.02,3.02,3.02,384,3.02
2025-10-31 04:00,3.02,3.02,3.02,3.02,1999,3.02
2025-10-31 05:00,3.06,3.06,3.01,3.06,1529,3.0564
2025-10-31 05:05,3.01,3.01,3.01,3.01,133,3.0108
2025-10-31 05:15,3.05,3.05,3.05,3.05,127,3.05
2025-10-31 05:50,3.06,3.06,3.06,3.06,1066,3.06
2025-10-31 05:55,3.09,3.09,3.09,3.09,430,3.09
2025-10-31 06:00,3.06,3.06,3.06,3.06,110,3.06
2025-10-31 06:05,3.09,3.09,3.09,3.09,1442,3.0901
2025-10-31 06:10,3.05,3.05,3.05,3.05,130,3.0502
2025-10-31 06:25,3.11,3.11,3.11,3.11,558,3.1074
2025-10-31 06:30,3.05,3.08,3,3.02,24842,3.0178
2025-10-31 06:35,3.02,3.03,3.01,3.01,21722,3.019
2025-10-31 06:40,3.01,3.03,3.01,3.02,7515,3.0166
2025-10-31 06:45,3.02,3.02,3,3.01,12332,3.0111
2025-10-31 06:50,3.02,3.03,3.02,3.03,10978,3.0271
2025-10-31 06:55,3.03,3.03,3.02,3.03,3299,3.0239
2025-10-31 07:00,3.02,3.04,3.02,3.03,6389,3.0276
2025-10-31 07:05,3.02,3.03,3.02,3.03,914,3.0231
2025-10-31 07:10,3.02,3.03,3.01,3.01,7749,3.0192
2025-10-31 07:15,3.01,3.02,3,3,5760,3.0069
2025-10-31 07:20,3,3.02,3,3.02,11228,3.0096
2025-10-31 07:25,3.02,3.02,3,3.01,5452,3.0095
2025-10-31 07:30,3.01,3.02,3.01,3.02,2259,3.0162
2025-10-31 07:35,3.03,3.04,3.02,3.03,3514,3.0327
2025-10-31 07:40,3.03,3.04,3.03,3.03,3341,3.0339
2025-10-31 07:45,3.03,3.05,3.03,3.04,2126,3.0398
2025-10-31 07:50,3.05,3.05,3.04,3.04,3089,3.0429
2025-10-31 07:55,3.05,3.05,3.03,3.03,6788,3.0476
2025-10-31 08:00,3.04,3.04,3.02,3.02,9612,3.0247
2025-10-31 08:05,3.02,3.04,3.02,3.02,1944,3.0219
2025-10-31 08:10,3.03,3.03,3.02,3.03,3512,3.0294
2025-10-31 08:15,3.04,3.04,3,3.02,6393,3.0183
2025-10-31 08:20,3.02,3.02,3,3.01,16798,3.006
2025-10-31 08:25,3.01,3.02,3,3.02,3400,3.014
2025-10-31 08:30,3.02,3.02,3,3.01,18448,3.004
2025-10-31 08:35,3.01,3.02,3,3.02,3635,3.0081
2025-10-31 08:40,3.02,3.02,3.01,3.01,2320,3.0187
2025-10-31 08:45,3.01,3.03,3.01,3.02,7468,3.0247
2025-10-31 08:50,3.02,3.03,3.01,3.03,5290,3.0152
2025-10-31 08:55,3.03,3.03,3,3.03,13605,3.0107
2025-10-31 09:00,3.03,3.03,3.01,3.02,2735,3.017
2025-10-31 09:05,3.01,3.02,3.01,3.01,4514,3.0164
2025-10-31 09:10,3.02,3.02,3,3.01,13786,3.0032
2025-10-31 09:15,3,3.01,2.98,2.98,20044,2.9963
2025-10-31 09:20,2.98,2.99,2.97,2.99,3566,2.9798
2025-10-31 09:25,2.98,2.99,2.97,2.99,15082,2.9777
2025-10-31 09:30,2.99,3.01,2.99,3,5827,2.9984
2025-10-31 09:35,3.01,3.01,3,3.01,1608,3.0034
2025-10-31 09:40,3,3.01,2.99,3.01,3212,3.0001
2025-10-31 09:45,3,3.01,2.99,2.99,1481,2.9999
2025-10-31 09:50,2.99,3,2.98,2.98,20106,2.9915
2025-10-31 09:55,2.98,2.99,2.98,2.98,3830,2.9854
2025-10-31 10:00,3,3.01,2.99,3.01,2594,2.998
2025-10-31 10:05,3.01,3.01,3,3.01,902,3.0085
2025-10-31 10:10,3.01,3.01,3.01,3.01,1565,3.0094
2025-10-31 10:15,3.01,3.01,3.01,3.01,2985,3.0098
2025-10-31 10:20,3.01,3.01,2.98,2.98,3381,2.9958
2025-10-31 10:25,3,3.02,3,3.02,2683,3.0118
2025-10-31 10:30,3.03,3.03,3.02,3.02,1471,3.0203
2025-10-31 10:35,3.02,3.02,3.01,3.01,900,3.0186
2025-10-31 10:40,3.03,3.03,3.01,3.01,583,3.0191
2025-10-31 10:45,3.03,3.03,3.02,3.03,1655,3.0283
2025-10-31 10:50,3.03,3.03,3.02,3.03,2559,3.0232
2025-10-31 10:55,3.02,3.03,3.02,3.03,5514,3.0262
2025-10-31 11:00,3.02,3.03,3.02,3.02,2264,3.0278
2025-10-31 11:05,3.03,3.03,3.03,3.03,300,3.03
2025-10-31 11:10,3.02,3.02,3.02,3.02,482,3.0204
2025-10-31 11:15,3.02,3.02,3.02,3.02,438,3.021
2025-10-31 11:25,3.02,3.03,3.02,3.03,2653,3.0258
2025-10-31 11:30,3.02,3.03,3.02,3.02,2292,3.0205
2025-10-31 11:35,3.03,3.03,3.03,3.03,474,3.0272
2025-10-31 11:40,3.02,3.02,3.01,3.02,1071,3.0168
2025-10-31 11:45,3.01,3.02,3.01,3.01,2610,3.0109
2025-10-31 11:50,3.02,3.02,3.01,3.01,4799,3.014
2025-10-31 11:55,3,3.02,3,3.01,3358,3.0094
2025-10-31 12:00,3.01,3.01,3,3,7179,3.0093
2025-10-31 12:05,3,3.01,3,3.01,3030,3.006
2025-10-31 12:10,3,3.01,3,3,4664,3.0021
2025-10-31 12:15,3,3.02,3,3,7374,3.003
2025-10-31 12:20,3.02,3.02,3,3.01,1726,3.0084
2025-10-31 12:25,3,3.01,3,3.01,1323,3.007
2025-10-31 12:30,3,3.02,3,3.01,6056,3.0084
2025-10-31 12:35,3.02,3.02,3,3.01,1039,3.0075
2025-10-31 12:40,3,3.02,3,3.02,6808,3.0153
2025-10-31 12:45,3.02,3.02,3,3,4953,3.009
2025-10-31 12:50,3,3.04,2.98,2.98,40394,3.0125
2025-10-31 12:55,3,3.03,2.99,3,5107,3.003
2025-10-31 13:15,3.02,3.02,3.02,3.02,2106,3.0189
2025-10-31 13:20,3,3,3,3,137,3.0039
2025-10-31 13:25,3.02,3.02,3.02,3.02,165,3.0191
2025-10-31 13:30,3.02,3.02,3.02,3.02,707,3.0189
2025-10-31 13:35,3.02,3.02,3.02,3.02,1480,3.02
2025-10-31 13:40,3.02,3.02,3.02,3.02,200,3.02
2025-10-31 13:50,3.03,3.03,3.03,3.03,130,3.03
2025-10-31 14:05,2.98,2.98,2.98,2.98,300,2.98
2025-10-31 14:10,3.03,3.03,3.03,3.03,241,3.0284
2025-10-31 14:30,3.03,3.03,3.03,3.03,287,3.0294
2025-10-31 16:05,3.03,3.03,3.03,3.03,199,3.03
2025-10-31 16:35,3.02,3.02,2.97,2.97,2581,3.0015
2025-10-31 16:40,2.97,2.97,2.95,2.95,2742,2.9671
2025-10-31 16:55,2.95,2.95,2.95,2.95,105,2.95
2025-11-03 01:00,2.9,2.9,2.9,2.9,103,2.9
2025-11-03 04:05,3.03,3.03,3.03,3.03,294,3.0293
2025-11-03 04:10,3.02,3.02,3.02,3.02,295,3.0197
2025-11-03 04:15,2.97,2.97,2.97,2.97,244,2.97
2025-11-03 04:30,2.97,2.97,2.97,2.97,100,2.97
2025-11-03 05:00,3.03,3.03,3,3.03,10461,3.0273
2025-11-03 05:15,3.02,3.02,3.02,3.02,1128,3.0149
2025-11-03 05:20,3.02,3.02,3.02,3.02,1099,3.02
2025-11-03 05:30,3.02,3.02,3.02,3.02,300,3.02
2025-11-03 05:35,3.03,3.03,3.03,3.03,100,3.03
2025-11-03 05:40,3.03,3.03,3.03,3.03,191,3.0295
2025-11-03 06:10,3.03,3.03,3.03,3.03,255,3.03
2025-11-03 06:20,3.02,3.02,3.02,3.02,662,3.02
2025-11-03 06:25,3.01,3.01,3.01,3.01,620,3.0111
2025-11-03 06:30,3.05,3.05,2.94,2.96,57813,2.9907
2025-11-03 06:35,2.96,2.99,2.96,2.98,17308,2.9826
2025-11-03 06:40,2.97,2.98,2.95,2.95,5387,2.961
2025-11-03 06:45,2.96,2.99,2.96,2.99,7624,2.9772
2025-11-03 06:50,2.97,3,2.97,2.97,6068,2.9809
2025-11-03 06:55,2.96,2.97,2.96,2.97,3094,2.9673
2025-11-03 07:00,2.96,2.99,2.96,2.97,40069,2.9673
2025-11-03 07:05,2.97,2.98,2.95,2.98,20517,2.9552
2025-11-03 07:10,2.98,2.98,2.96,2.96,4447,2.9617
2025-11-03 07:15,2.96,2.96,2.94,2.94,83810,2.9473
2025-11-03 07:20,2.94,2.95,2.92,2.93,12016,2.9284
2025-11-03 07:25,2.93,2.95,2.91,2.91,27073,2.9256
2025-11-03 07:30,2.93,2.94,2.91,2.91,15852,2.9196
2025-11-03 07:35,2.92,2.93,2.91,2.91,11782,2.9201
2025-11-03 07:40,2.92,2.93,2.91,2.93,12919,2.9236
2025-11-03 07:45,2.93,2.93,2.92,2.93,1326,2.9246
2025-11-03 07:50,2.92,2.93,2.92,2.92,13763,2.9297
2025-11-03 07:55,2.93,2.94,2.92,2.94,14211,2.9276
2025-11-03 08:00,2.93,2.93,2.91,2.92,12997,2.9196
2025-11-03 08:05,2.92,2.92,2.91,2.92,9800,2.9183
2025-11-03 08:10,2.92,2.93,2.92,2.93,4080,2.9293
2025-11-03 08:15,2.93,2.93,2.92,2.92,2753,2.9236
2025-11-03 08:20,2.93,2.93,2.93,2.93,7253,2.9295
2025-11-03 08:25,2.93,2.93,2.92,2.93,2238,2.9276
2025-11-03 08:30,2.93,2.93,2.92,2.92,82451,2.9026
2025-11-03 08:35,2.92,2.93,2.92,2.93,11737,2.9265
2025-11-03 08:40,2.92,2.93,2.92,2.93,1101,2.9268
2025-11-03 08:45,2.94,2.94,2.93,2.93,4105,2.9337
2025-11-03 08:50,2.93,2.94,2.93,2.93,6858,2.9301
2025-11-03 08:55,2.93,2.93,2.92,2.92,3412,2.9251
2025-11-03 09:00,2.93,2.93,2.92,2.92,3207,2.9216
2025-11-03 09:05,2.92,2.93,2.92,2.93,2720,2.9292
2025-11-03 09:10,2.92,2.92,2.91,2.91,751,2.9187
2025-11-03 09:15,2.92,2.92,2.91,2.91,7548,2.9107
2025-11-03 09:20,2.91,2.92,2.9,2.92,1997,2.9098
2025-11-03 09:25,2.9,2.9,2.89,2.89,15419,2.8978
2025-11-03 09:30,2.88,2.9,2.88,2.9,8337,2.8841
2025-11-03 09:35,2.9,2.9,2.89,2.9,5601,2.8971
2025-11-03 09:40,2.91,2.91,2.91,2.91,270,2.9098
2025-11-03 09:50,2.9,2.9,2.9,2.9,511,2.9002
2025-11-03 09:55,2.91,2.91,2.9,2.91,2168,2.9037
2025-11-03 10:00,2.91,2.91,2.91,2.91,2134,2.9099
2025-11-03 10:05,2.9,2.91,2.9,2.91,4402,2.903
2025-11-03 10:10,2.9,2.9,2.89,2.89,7556,2.8993
2025-11-03 10:15,2.89,2.89,2.88,2.89,11821,2.8812
2025-11-03 10:20,2.89,2.9,2.89,2.9,13367,2.8904
2025-11-03 10:25,2.9,2.9,2.89,2.9,8887,2.8943
2025-11-03 10:30,2.89,2.89,2.87,2.87,45807,2.8799
2025-11-03 10:35,2.88,2.88,2.88,2.88,2917,2.8793
2025-11-03 10:40,2.87,2.87,2.86,2.86,7059,2.8686
2025-11-03 10:45,2.87,2.88,2.87,2.88,18097,2.87
2025-11-03 10:50,2.87,2.88,2.86,2.86,1100,2.8701
2025-11-03 10:55,2.86,2.87,2.85,2.85,4272,2.859
2025-11-03 11:00,2.86,2.87,2.85,2.85,29238,2.853
2025-11-03 11:05,2.85,2.85,2.81,2.81,52787,2.8333
2025-11-03 11:10,2.81,2.87,2.8,2.86,35871,2.838
2025-11-03 11:15,2.88,2.89,2.87,2.88,14046,2.8834
2025-11-03 11:20,2.87,2.89,2.87,2.88,2647,2.8804
2025-11-03 11:25,2.88,2.89,2.86,2.88,41264,2.8691
2025-11-03 11:30,2.88,2.88,2.85,2.87,16415,2.8601
2025-11-03 11:35,2.85,2.86,2.84,2.86,15909,2.8517
2025-11-03 11:40,2.86,2.86,2.86,2.86,176,2.8551
2025-11-03 11:45,2.86,2.87,2.86,2.87,1770,2.86
2025-11-03 11:50,2.87,2.87,2.87,2.87,800,2.866
2025-11-03 11:55,2.86,2.87,2.86,2.87,646,2.8672
2025-11-03 12:00,2.87,2.87,2.85,2.87,3546,2.8653
2025-11-03 12:05,2.86,2.88,2.86,2.87,976,2.871
2025-11-03 12:10,2.89,2.89,2.87,2.88,2033,2.8857
2025-11-03 12:15,2.88,2.88,2.85,2.87,9563,2.8675
2025-11-03 12:20,2.86,2.88,2.85,2.85,4034,2.8682
2025-11-03 12:25,2.86,2.88,2.86,2.88,2555,2.8767
2025-11-03 12:30,2.86,2.88,2.86,2.88,3737,2.8724
2025-11-03 12:35,2.87,2.88,2.86,2.86,3629,2.8666
2025-11-03 12:40,2.88,2.89,2.87,2.87,4260,2.8809
2025-11-03 12:45,2.85,2.88,2.85,2.86,3140,2.8555
2025-11-03 12:50,2.86,2.86,2.85,2.85,2687,2.8562
2025-11-03 12:55,2.85,2.88,2.85,2.85,5392,2.8531
2025-11-03 13:00,2.94,2.94,2.94,2.94,1097,2.94
2025-11-03 13:20,2.89,2.89,2.89,2.89,150,2.8909
2025-11-03 13:30,2.86,2.86,2.86,2.86,195,2.8688
2025-11-03 13:50,2.85,2.85,2.85,2.85,194,2.85
2025-11-03 14:45,2.87,2.87,2.87,2.87,1000,2.87
2025-11-03 15:00,2.91,2.91,2.91,2.91,100,2.9094
2025-11-03 15:15,2.9,2.9,2.9,2.9,110,2.9
2025-11-03 15:25,2.91,2.91,2.91,2.91,532,2.9074
2025-11-03 15:40,2.91,2.91,2.91,2.91,200,2.91
2025-11-03 16:10,2.86,2.86,2.86,2.86,205,2.8596
2025-11-03 16:20,2.85,2.85,2.85,2.85,500,2.8515
2025-11-03 16:35,2.85,2.85,2.85,2.85,2504,2.8514
2025-11-04 04:00,2.8,2.8,2.72,2.72,1001,2.7728
2025-11-04 04:05,2.76,2.76,2.76,2.76,832,2.7604
2025-11-04 04:15,2.76,2.76,2.76,2.76,436,2.76
2025-11-04 04:25,2.88,2.88,2.88,2.88,100,2.88
2025-11-04 04:50,2.8,2.8,2.8,2.8,274,2.8199
2025-11-04 05:00,2.76,2.8,2.76,2.8,1435,2.793
2025-11-04 05:15,2.8,2.8,2.8,2.8,303,2.8038
2025-11-04 05:45,2.85,2.85,2.85,2.85,198,2.85
2025-11-04 05:50,2.85,2.85,2.85,2.85,250,2.85
2025-11-04 06:00,2.82,2.82,2.78,2.78,5003,2.8006
2025-11-04 06:05,2.77,2.82,2.77,2.77,1528,2.7745
2025-11-04 06:10,2.8,2.8,2.8,2.8,204,2.8094
2025-11-04 06:15,2.82,2.82,2.82,2.82,110,2.82
2025-11-04 06:30,2.82,2.87,2.81,2.86,19628,2.8377
2025-11-04 06:35,2.87,2.87,2.8,2.81,10781,2.8294
2025-11-04 06:40,2.81,2.87,2.8,2.87,5757,2.8436
2025-11-04 06:45,2.87,2.88,2.86,2.88,4575,2.8719
2025-11-04 06:50,2.88,2.88,2.87,2.88,10117,2.8728
2025-11-04 06:55,2.88,2.92,2.87,2.87,11301,2.9112
2025-11-04 07:00,2.88,2.9,2.87,2.88,11854,2.884
2025-11-04 07:05,2.89,2.89,2.86,2.86,6190,2.868
2025-11-04 07:10,2.85,2.88,2.85,2.88,3238,2.8599
2025-11-04 07:15,2.87,2.87,2.85,2.87,3543,2.861
2025-11-04 07:20,2.88,2.92,2.87,2.9,20513,2.9049
2025-11-04 07:25,2.9,2.9,2.87,2.9,18294,2.8947
2025-11-04 07:30,2.86,2.88,2.86,2.86,3926,2.8612
2025-11-04 07:35,2.87,2.88,2.86,2.86,5641,2.8646
2025-11-04 07:40,2.87,2.88,2.86,2.87,2199,2.874
2025-11-04 07:45,2.87,2.87,2.85,2.86,5891,2.8555
2025-11-04 07:50,2.86,2.86,2.85,2.85,10000,2.8595
2025-11-04 07:55,2.85,2.87,2.85,2.85,5291,2.8585
2025-11-04 08:00,2.88,2.88,2.85,2.87,749,2.8611
2025-11-04 08:05,2.85,2.87,2.85,2.86,14348,2.8534
2025-11-04 08:10,2.87,2.87,2.87,2.87,5842,2.8695
2025-11-04 08:15,2.85,2.87,2.85,2.87,2601,2.8562
2025-11-04 08:20,2.87,2.87,2.87,2.87,885,2.868
2025-11-04 08:25,2.86,2.88,2.86,2.88,4740,2.8658
2025-11-04 08:30,2.87,2.89,2.87,2.89,3154,2.8796
2025-11-04 08:35,2.89,2.9,2.88,2.88,4919,2.8935
2025-11-04 08:40,2.9,2.9,2.87,2.88,1193,2.8905
2025-11-04 08:45,2.9,2.9,2.88,2.9,1080,2.8937
2025-11-04 08:50,2.9,2.9,2.9,2.9,1430,2.8973
2025-11-04 08:55,2.9,2.9,2.89,2.9,1257,2.8965
2025-11-04 09:00,2.89,2.9,2.87,2.89,4860,2.8815
2025-11-04 09:05,2.89,2.89,2.87,2.89,1603,2.8811
2025-11-04 09:10,2.9,2.91,2.88,2.9,6483,2.8977
2025-11-04 09:15,2.9,2.9,2.9,2.9,272,2.8946
2025-11-04 09:20,2.88,2.91,2.88,2.88,5377,2.8848
2025-11-04 09:25,2.88,2.89,2.86,2.86,10940,2.8743
2025-11-04 09:30,2.9,2.9,2.86,2.86,500,2.8683
2025-11-04 09:35,2.86,2.9,2.86,2.88,2098,2.8717
2025-11-04 09:40,2.88,2.88,2.86,2.86,307,2.8727
2025-11-04 09:45,2.87,2.88,2.86,2.87,3491,2.8772
2025-11-04 09:50,2.87,2.9,2.87,2.87,2719,2.8732
2025-11-04 09:55,2.89,2.89,2.87,2.88,2501,2.8768
2025-11-04 10:00,2.88,2.91,2.87,2.91,5496,2.8939
2025-11-04 10:05,2.88,2.89,2.88,2.89,3231,2.8812
2025-11-04 10:10,2.9,2.9,2.89,2.89,750,2.8967
2025-11-04 10:15,2.9,2.9,2.89,2.89,643,2.8914
2025-11-04 10:20,2.89,2.89,2.89,2.89,534,2.8923
2025-11-04 10:25,2.9,2.9,2.9,2.9,183,2.8973
2025-11-04 10:30,2.9,2.91,2.9,2.91,3947,2.9009
2025-11-04 10:35,2.91,2.91,2.9,2.91,9270,2.9091
2025-11-04 10:40,2.91,2.91,2.89,2.89,1352,2.9007
2025-11-04 10:45,2.9,2.92,2.9,2.92,1220,2.9082
2025-11-04 10:50,2.91,2.94,2.9,2.93,9728,2.9204
2025-11-04 10:55,2.93,2.94,2.92,2.94,1369,2.9293
2025-11-04 11:00,2.93,2.95,2.93,2.94,22196,2.9457
2025-11-04 11:05,2.93,2.93,2.91,2.93,3072,2.9177
2025-11-04 11:10,2.92,2.93,2.91,2.93,1521,2.921
2025-11-04 11:15,2.92,2.92,2.92,2.92,292,2.9168
2025-11-04 11:20,2.92,2.93,2.92,2.93,2414,2.9208
2025-11-04 11:25,2.93,2.93,2.92,2.93,1418,2.9262
2025-11-04 11:30,2.93,2.93,2.91,2.92,2162,2.9163
2025-11-04 11:35,2.91,2.91,2.91,2.91,1392,2.91
2025-11-04 11:40,2.92,2.92,2.9,2.91,1248,2.9104
2025-11-04 11:45,2.92,2.93,2.92,2.93,11054,2.9203
2025-11-04 11:50,2.92,2.92,2.91,2.91,3237,2.9135
2025-11-04 11:55,2.91,2.92,2.91,2.92,520,2.9119
2025-11-04 12:00,2.9,2.91,2.9,2.9,1513,2.9032
2025-11-04 12:05,2.91,2.91,2.9,2.9,823,2.9021
2025-11-04 12:10,2.9,2.92,2.9,2.92,1325,2.917
2025-11-04 12:15,2.92,2.93,2.92,2.92,2057,2.9236
2025-11-04 12:20,2.93,2.93,2.9,2.9,2730,2.9149
2025-11-04 12:25,2.9,2.91,2.9,2.9,764,2.9063
2025-11-04 12:30,2.9,2.91,2.9,2.9,485,2.9012
2025-11-04 12:35,2.9,2.91,2.9,2.91,2104,2.902
2025-11-04 12:40,2.91,2.91,2.9,2.91,6770,2.9069
2025-11-04 12:45,2.92,2.92,2.9,2.92,8866,2.912
2025-11-04 12:50,2.91,2.91,2.9,2.9,6726,2.9015
2025-11-04 12:55,2.91,2.92,2.88,2.92,7456,2.8925
2025-11-04 13:10,2.92,2.92,2.92,2.92,275,2.92
2025-11-04 13:20,2.89,2.89,2.89,2.89,100,2.8891
2025-11-04 13:25,2.85,2.85,2.85,2.85,141,2.8501
2025-11-04 13:40,2.85,2.85,2.85,2.85,200,2.85
2025-11-04 13:45,2.85,2.85,2.85,2.85,140,2.8501
2025-11-04 13:55,2.85,2.85,2.85,2.85,205,2.8505
2025-11-04 14:00,2.85,2.85,2.85,2.85,100,2.85
2025-11-04 14:10,2.92,2.92,2.92,2.92,500,2.9187
2025-11-04 14:35,2.92,2.92,2.92,2.92,608,2.9193
2025-11-04 14:55,2.85,2.85,2.85,2.85,100,2.8517
2025-11-04 15:00,2.9,2.9,2.9,2.9,100,2.9
2025-11-04 15:35,2.92,2.92,2.92,2.92,777,2.9191
2025-11-04 16:05,2.9,2.95,2.9,2.9,4088,2.9352
2025-11-04 16:15,2.95,2.95,2.94,2.94,550,2.9466
2025-11-04 16:40,2.89,2.89,2.89,2.89,240,2.89
2025-11-04 16:50,2.89,2.89,2.89,2.89,1000,2.89
2025-11-05 02:30,2.98,2.98,2.98,2.98,200,2.98
2025-11-05 03:45,2.9,2.9,2.9,2.9,380,2.9
2025-11-05 04:25,2.9,2.9,2.9,2.9,1000,2.9
2025-11-05 04:40,2.92,2.92,2.92,2.92,100,2.92
2025-11-05 05:10,2.9,2.9,2.9,2.9,1001,2.9005
2025-11-05 05:15,2.92,2.92,2.92,2.92,2553,2.9191
2025-11-05 05:20,2.9,2.9,2.85,2.85,4014,2.8734
2025-11-05 05:40,2.92,2.92,2.92,2.92,556,2.92
2025-11-05 06:05,2.9,2.9,2.9,2.9,1497,2.9
2025-11-05 06:20,2.95,2.95,2.95,2.95,1500,2.95
2025-11-05 06:25,2.93,2.94,2.93,2.94,701,2.9329
2025-11-05 06:30,2.96,2.96,2.88,2.88,10148,2.9094
2025-11-05 06:35,2.91,2.91,2.91,2.91,4542,2.9076
2025-11-05 06:40,2.9,2.91,2.88,2.91,2281,2.8987
2025-11-05 06:45,2.9,2.91,2.88,2.9,10291,2.9083
2025-11-05 06:50,2.91,2.91,2.87,2.89,25498,2.9001
2025-11-05 06:55,2.87,2.88,2.85,2.87,4699,2.8639
2025-11-05 07:00,2.87,2.89,2.87,2.88,2663,2.8793
2025-11-05 07:05,2.88,2.91,2.88,2.91,3548,2.9011
2025-11-05 07:10,2.91,2.91,2.9,2.9,2000,2.9087
2025-11-05 07:15,2.91,2.91,2.9,2.9,617,2.9081
2025-11-05 07:20,2.9,2.91,2.9,2.91,2744,2.9043
2025-11-05 07:25,2.91,2.91,2.89,2.91,5679,2.9008
2025-11-05 07:30,2.91,2.91,2.89,2.89,6581,2.9
2025-11-05 07:35,2.89,2.9,2.89,2.9,1135,2.8914
2025-11-05 07:40,2.89,2.9,2.88,2.9,1243,2.891
2025-11-05 07:45,2.89,2.9,2.88,2.9,27774,2.8884
2025-11-05 07:50,2.91,2.91,2.88,2.89,2753,2.896
2025-11-05 07:55,2.91,2.94,2.89,2.9,9224,2.9225
2025-11-05 08:00,2.89,2.89,2.86,2.86,5513,2.875
2025-11-05 08:05,2.9,2.9,2.88,2.88,1043,2.8972
2025-11-05 08:10,2.86,2.95,2.86,2.89,27928,2.9419
2025-11-05 08:15,2.88,2.9,2.88,2.9,1714,2.8824
2025-11-05 08:20,2.89,2.9,2.89,2.9,938,2.8909
2025-11-05 08:25,2.91,2.91,2.87,2.9,1844,2.877
2025-11-05 08:30,2.89,2.89,2.89,2.89,1577,2.8888
2025-11-05 08:35,2.9,2.9,2.87,2.89,7016,2.8894
2025-11-05 08:40,2.89,2.89,2.87,2.89,2344,2.8774
2025-11-05 08:45,2.89,2.89,2.87,2.88,558,2.8796
2025-11-05 08:50,2.89,2.9,2.89,2.89,14720,2.8862
2025-11-05 08:55,2.87,2.9,2.87,2.89,4183,2.8922
2025-11-05 09:00,2.88,2.88,2.87,2.87,18194,2.8765
2025-11-05 09:05,2.88,2.9,2.87,2.87,9497,2.8774
2025-11-05 09:10,2.87,2.91,2.87,2.91,4131,2.879
2025-11-05 09:15,2.89,2.9,2.89,2.89,2017,2.896
2025-11-05 09:20,2.9,2.91,2.9,2.91,8155,2.9054
2025-11-05 09:25,2.91,2.91,2.9,2.91,2357,2.9045
2025-11-05 09:30,2.91,2.91,2.91,2.91,1332,2.9078
2025-11-05 09:35,2.91,2.91,2.91,2.91,1755,2.905
2025-11-05 09:40,2.91,2.91,2.91,2.91,8816,2.9095
2025-11-05 09:45,2.91,2.91,2.9,2.9,1619,2.9056
2025-11-05 09:50,2.91,2.91,2.91,2.91,747,2.905
2025-11-05 09:55,2.91,2.91,2.91,2.91,16826,2.9064
2025-11-05 10:00,2.92,2.92,2.92,2.92,2855,2.9176
2025-11-05 10:05,2.92,2.92,2.92,2.92,422,2.9203
2025-11-05 10:10,2.93,2.93,2.93,2.93,1133,2.9255
2025-11-05 10:15,2.92,2.93,2.92,2.93,1228,2.9246
2025-11-05 10:20,2.92,2.93,2.92,2.93,1887,2.9229
2025-11-05 10:25,2.93,2.93,2.92,2.92,3380,2.9208
2025-11-05 10:30,2.93,2.93,2.92,2.93,2389,2.928
2025-11-05 10:35,2.92,2.93,2.92,2.92,4902,2.9245
2025-11-05 10:40,2.93,2.93,2.91,2.91,9320,2.922
2025-11-05 10:45,2.92,2.92,2.92,2.92,403,2.9151
2025-11-05 10:50,2.92,2.92,2.9,2.9,3261,2.915
2025-11-05 10:55,2.9,2.91,2.9,2.9,15579,2.9001
2025-11-05 11:00,2.9,2.9,2.89,2.89,980,2.8927
2025-11-05 11:05,2.88,2.9,2.88,2.88,2638,2.8841
2025-11-05 11:10,2.88,2.91,2.88,2.88,4929,2.8885
2025-11-05 11:15,2.88,2.89,2.86,2.87,5789,2.8757
2025-11-05 11:20,2.86,2.87,2.86,2.87,2923,2.864
2025-11-05 11:25,2.87,2.87,2.85,2.85,8588,2.8639
2025-11-05 11:30,2.85,2.89,2.85,2.88,8469,2.868
2025-11-05 11:35,2.87,2.87,2.87,2.87,1017,2.87
2025-11-05 11:40,2.87,2.87,2.85,2.87,4865,2.8546
2025-11-05 11:45,2.86,2.88,2.86,2.87,3429,2.8719
2025-11-05 11:50,2.87,2.88,2.87,2.87,1764,2.8712
2025-11-05 11:55,2.87,2.87,2.86,2.87,2199,2.8648
2025-11-05 12:00,2.86,2.88,2.85,2.86,8358,2.8622
2025-11-05 12:05,2.88,2.88,2.85,2.86,4416,2.8538
2025-11-05 12:10,2.86,2.86,2.85,2.86,6434,2.8533
2025-11-05 12:15,2.86,2.86,2.85,2.86,3006,2.8552
2025-11-05 12:20,2.86,2.88,2.85,2.88,8713,2.861
2025-11-05 12:25,2.87,2.88,2.85,2.88,7238,2.8667
2025-11-05 12:30,2.86,2.87,2.85,2.85,1893,2.8607
2025-11-05 12:35,2.85,2.87,2.82,2.82,24870,2.8433
2025-11-05 12:40,2.85,2.85,2.83,2.85,5865,2.8448
2025-11-05 12:45,2.83,2.85,2.82,2.85,4504,2.8378
2025-11-05 12:50,2.84,2.85,2.82,2.85,9553,2.8486
2025-11-05 12:55,2.83,2.87,2.82,2.86,14769,2.8401
2025-11-05 13:45,2.82,2.82,2.82,2.82,125,2.82
2025-11-05 14:05,2.88,2.88,2.88,2.88,206,2.88
2025-11-05 14:45,2.87,2.87,2.87,2.87,100,2.87
2025-11-05 15:00,2.88,2.88,2.88,2.88,500,2.88
2025-11-05 15:40,2.85,2.85,2.85,2.85,580,2.8523
2025-11-05 16:00,2.89,2.89,2.89,2.89,100,2.89
2025-11-05 16:30,2.86,2.86,2.86,2.86,213,2.86
2025-11-05 16:35,2.87,2.87,2.87,2.87,550,2.87
2025-11-05 16:40,2.88,2.88,2.88,2.88,690,2.8797
2025-11-06 02:45,2.9,2.9,2.9,2.9,600,2.9
2025-11-06 04:05,2.9,2.9,2.9,2.9,110,2.9
2025-11-06 04:10,2.9,2.9,2.9,2.9,100,2.9
2025-11-06 06:00,2.9,2.9,2.9,2.9,331,2.9
2025-11-06 06:05,2.88,2.88,2.88,2.88,260,2.8801
2025-11-06 06:10,2.88,2.88,2.86,2.86,399,2.8679
2025-11-06 06:30,2.9,2.91,2.88,2.89,1894,2.8973
2025-11-06 06:35,2.9,2.9,2.86,2.87,3492,2.8714
2025-11-06 06:40,2.88,2.88,2.85,2.85,9344,2.8571
2025-11-06 06:45,2.86,2.88,2.85,2.88,3007,2.8688
2025-11-06 06:50,2.85,2.88,2.85,2.88,3936,2.8684
2025-11-06 06:55,2.87,2.89,2.87,2.87,41919,2.8785
2025-11-06 07:00,2.89,2.89,2.86,2.88,5421,2.8678
2025-11-06 07:05,2.88,2.88,2.86,2.86,4080,2.8677
2025-11-06 07:10,2.87,2.9,2.86,2.89,5678,2.8866
2025-11-06 07:15,2.89,2.89,2.86,2.88,5645,2.874
2025-11-06 07:20,2.89,2.89,2.88,2.88,3895,2.8845
2025-11-06 07:25,2.88,2.88,2.87,2.87,1046,2.8716
2025-11-06 07:30,2.86,2.87,2.86,2.86,4774,2.8606
2025-11-06 07:35,2.86,2.87,2.84,2.86,14454,2.8565
2025-11-06 07:40,2.85,2.85,2.83,2.84,4000,2.8411
2025-11-06 07:45,2.86,2.86,2.82,2.82,2303,2.8234
2025-11-06 07:50,2.81,2.83,2.81,2.83,1445,2.8301
2025-11-06 07:55,2.82,2.86,2.82,2.84,2406,2.8303
2025-11-06 08:00,2.82,2.84,2.82,2.83,4807,2.8287
2025-11-06 08:05,2.83,2.85,2.81,2.85,16133,2.8345
2025-11-06 08:10,2.83,2.84,2.82,2.83,2760,2.8309
2025-11-06 08:15,2.83,2.83,2.82,2.82,1895,2.8264
2025-11-06 08:20,2.82,2.82,2.81,2.82,12252,2.8106
2025-11-06 08:25,2.82,2.82,2.81,2.82,2349,2.8171
2025-11-06 08:30,2.82,2.82,2.81,2.82,11822,2.8161
2025-11-06 08:35,2.82,2.83,2.8,2.82,7367,2.8177
2025-11-06 08:40,2.81,2.82,2.8,2.8,16350,2.8033
2025-11-06 08:45,2.8,2.81,2.8,2.81,36629,2.8067
2025-11-06 08:50,2.81,2.82,2.8,2.81,20526,2.8132
2025-11-06 08:55,2.82,2.82,2.81,2.82,7337,2.811
2025-11-06 09:00,2.82,2.85,2.82,2.84,9817,2.8314
2025-11-06 09:05,2.82,2.85,2.81,2.81,11287,2.8226
2025-11-06 09:10,2.84,2.85,2.81,2.85,12321,2.8245
2025-11-06 09:15,2.82,2.82,2.82,2.82,1330,2.8204
2025-11-06 09:20,2.82,2.83,2.82,2.83,1006,2.8264
2025-11-06 09:25,2.83,2.84,2.82,2.83,848,2.833
2025-11-06 09:30,2.84,2.84,2.83,2.83,5294,2.8324
2025-11-06 09:35,2.83,2.83,2.82,2.82,1866,2.8246
2025-11-06 09:40,2.83,2.83,2.82,2.82,16035,2.8183
2025-11-06 09:45,2.83,2.83,2.81,2.83,7049,2.8252
2025-11-06 09:50,2.83,2.83,2.82,2.82,2174,2.8279
2025-11-06 09:55,2.83,2.83,2.82,2.82,1625,2.8246
2025-11-06 10:00,2.82,2.83,2.81,2.83,4366,2.8217
2025-11-06 10:05,2.82,2.83,2.82,2.83,3421,2.824
2025-11-06 10:10,2.83,2.83,2.82,2.83,5848,2.828
2025-11-06 10:15,2.83,2.83,2.82,2.82,6918,2.8214
2025-11-06 10:20,2.82,2.83,2.81,2.83,825,2.8246
2025-11-06 10:25,2.82,2.84,2.82,2.83,2432,2.8308
2025-11-06 10:30,2.83,2.85,2.82,2.85,7034,2.8443
2025-11-06 10:35,2.84,2.85,2.84,2.85,3844,2.8485
2025-11-06 10:40,2.86,2.86,2.83,2.85,7743,2.8411
2025-11-06 10:45,2.85,2.85,2.83,2.85,1801,2.8415
2025-11-06 10:50,2.85,2.85,2.84,2.84,3058,2.8469
2025-11-06 10:55,2.85,2.85,2.82,2.82,932,2.8387
2025-11-06 11:00,2.83,2.84,2.82,2.83,1626,2.831
2025-11-06 11:05,2.84,2.84,2.82,2.82,4591,2.828
2025-11-06 11:10,2.83,2.83,2.83,2.83,554,2.8245
2025-11-06 11:15,2.83,2.83,2.83,2.83,101,2.83
2025-11-06 11:20,2.83,2.84,2.81,2.82,6260,2.8211
2025-11-06 11:25,2.82,2.84,2.81,2.83,1989,2.824
2025-11-06 11:30,2.83,2.84,2.83,2.83,2569,2.833
2025-11-06 11:35,2.83,2.84,2.83,2.84,707,2.8325
2025-11-06 11:40,2.82,2.82,2.81,2.81,4275,2.812
2025-11-06 11:45,2.82,2.82,2.8,2.8,38579,2.8186
2025-11-06 11:50,2.81,2.81,2.8,2.81,1326,2.8021
2025-11-06 11:55,2.81,2.81,2.81,2.81,472,2.8085
2025-11-06 12:00,2.8,2.81,2.8,2.8,9870,2.8003
2025-11-06 12:05,2.81,2.81,2.8,2.8,963,2.8029
2025-11-06 12:10,2.81,2.83,2.81,2.82,1165,2.8168
2025-11-06 12:15,2.82,2.85,2.82,2.85,41227,2.8384
2025-11-06 12:20,2.84,2.85,2.84,2.85,3123,2.844
2025-11-06 12:25,2.85,2.85,2.84,2.85,14552,2.8439
2025-11-06 12:30,2.84,2.85,2.82,2.83,53645,2.84
2025-11-06 12:35,2.83,2.85,2.81,2.85,44106,2.8126
2025-11-06 12:40,2.81,2.81,2.8,2.81,7586,2.8021
2025-11-06 12:45,2.8,2.81,2.74,2.74,74472,2.7582
2025-11-06 12:50,2.74,2.74,2.71,2.72,16484,2.7195
2025-11-06 12:55,2.72,2.74,2.71,2.73,20240,2.7205
2025-11-06 13:00,2.77,2.77,2.77,2.77,102,2.77
2025-11-06 13:20,2.8,2.8,2.8,2.8,201,2.7999
2025-11-06 13:30,2.8,2.8,2.8,2.8,324,2.8
2025-11-06 13:35,2.72,2.72,2.72,2.72,100,2.72
2025-11-06 14:15,2.78,2.78,2.78,2.78,200,2.78
2025-11-06 14:25,2.78,2.78,2.78,2.78,100,2.78
2025-11-06 14:40,2.78,2.78,2.78,2.78,239,2.7804
2025-11-06 14:45,2.78,2.78,2.78,2.78,211,2.78
2025-11-06 15:05,2.78,2.78,2.77,2.77,666,2.7681
2025-11-06 15:30,2.76,2.76,2.76,2.76,100,2.76
2025-11-06 15:35,2.78,2.78,2.78,2.78,351,2.7799
2025-11-06 16:00,2.79,2.79,2.79,2.79,797,2.79
2025-11-06 16:05,2.79,2.79,2.79,2.79,500,2.79
2025-11-06 16:15,2.8,2.83,2.8,2.83,300,2.82
2025-11-06 16:40,2.79,2.79,2.79,2.79,250,2.79
2025-11-06 16:45,2.83,2.83,2.83,2.83,320,2.83
2025-11-07 03:10,2.78,2.78,2.78,2.78,200,2.78
2025-11-07 04:10,2.76,2.76,2.76,2.76,101,2.76
2025-11-07 04:20,2.76,2.76,2.76,2.76,1002,2.76
2025-11-07 04:25,2.76,2.76,2.76,2.76,2651,2.7606
2025-11-07 04:35,2.79,2.79,2.79,2.79,180,2.7896
2025-11-07 04:50,2.74,2.74,2.74,2.74,770,2.74
2025-11-07 04:55,2.73,2.73,2.71,2.71,600,2.7175
2025-11-07 05:00,2.73,2.78,2.73,2.74,1627,2.743
2025-11-07 05:05,2.71,2.71,2.71,2.71,100,2.71
2025-11-07 05:10,2.71,2.74,2.71,2.74,2400,2.7125
2025-11-07 05:15,2.74,2.74,2.74,2.74,685,2.74
2025-11-07 05:30,2.76,2.76,2.76,2.76,100,2.76
2025-11-07 05:35,2.73,2.73,2.73,2.73,222,2.7365
2025-11-07 05:45,2.75,2.76,2.75,2.76,2936,2.7592
2025-11-07 06:10,2.74,2.74,2.74,2.74,600,2.74
2025-11-07 06:20,2.74,2.74,2.74,2.74,530,2.7394
2025-11-07 06:30,2.8,2.8,2.71,2.74,25789,2.7222
2025-11-07 06:35,2.75,2.75,2.71,2.71,36775,2.7222
2025-11-07 06:40,2.73,2.75,2.71,2.71,34302,2.7183
2025-11-07 06:45,2.71,2.72,2.69,2.7,52022,2.7035
2025-11-07 06:50,2.7,2.74,2.68,2.73,9891,2.704
2025-11-07 06:55,2.72,2.74,2.7,2.74,14910,2.716
2025-11-07 07:00,2.74,2.75,2.71,2.75,11868,2.7385
2025-11-07 07:05,2.74,2.77,2.74,2.77,12563,2.7492
2025-11-07 07:10,2.77,2.8,2.77,2.78,5042,2.7884
2025-11-07 07:15,2.79,2.82,2.78,2.8,8973,2.7894
2025-11-07 07:20,2.78,2.8,2.78,2.8,2070,2.791
2025-11-07 07:25,2.78,2.83,2.78,2.83,3145,2.8142
2025-11-07 07:30,2.79,2.83,2.79,2.8,2706,2.8081
2025-11-07 07:35,2.81,2.83,2.81,2.82,4545,2.8256
2025-11-07 07:40,2.82,2.82,2.82,2.82,2347,2.82
2025-11-07 07:45,2.82,2.83,2.82,2.82,2783,2.8266
2025-11-07 07:50,2.82,2.83,2.82,2.82,6444,2.8267
2025-11-07 07:55,2.83,2.84,2.83,2.83,8821,2.8345
2025-11-07 08:00,2.83,2.83,2.81,2.81,2319,2.826
2025-11-07 08:05,2.8,2.8,2.77,2.77,4762,2.788
2025-11-07 08:10,2.77,2.77,2.74,2.75,3548,2.7456
2025-11-07 08:15,2.75,2.76,2.73,2.76,7393,2.7455
2025-11-07 08:20,2.77,2.78,2.75,2.77,3004,2.7669
2025-11-07 08:25,2.77,2.77,2.75,2.76,5153,2.755
2025-11-07 08:30,2.75,2.76,2.73,2.74,6644,2.7407
2025-11-07 08:35,2.74,2.78,2.74,2.77,8508,2.7622
2025-11-07 08:40,2.78,2.78,2.77,2.77,1148,2.7724
2025-11-07 08:45,2.78,2.79,2.77,2.77,2413,2.7799
2025-11-07 08:50,2.78,2.79,2.77,2.79,1911,2.7836
2025-11-07 08:55,2.78,2.78,2.77,2.77,1333,2.7789
2025-11-07 09:00,2.77,2.77,2.77,2.77,804,2.7702
2025-11-07 09:05,2.77,2.79,2.77,2.79,731,2.7823
2025-11-07 09:10,2.78,2.8,2.78,2.8,5043,2.7945
2025-11-07 09:15,2.8,2.8,2.8,2.8,6507,2.7984
2025-11-07 09:20,2.81,2.81,2.8,2.81,932,2.8085
2025-11-07 09:25,2.81,2.83,2.81,2.82,8244,2.8158
2025-11-07 09:30,2.82,2.82,2.81,2.82,5566,2.8162
2025-11-07 09:35,2.81,2.83,2.81,2.81,1988,2.8161
2025-11-07 09:40,2.83,2.83,2.81,2.81,3347,2.8119
2025-11-07 09:45,2.81,2.81,2.8,2.8,1792,2.8065
2025-11-07 09:50,2.82,2.82,2.82,2.82,477,2.8148
2025-11-07 09:55,2.82,2.83,2.82,2.82,1485,2.8257
2025-11-07 10:00,2.83,2.83,2.82,2.83,4098,2.8248
2025-11-07 10:05,2.82,2.83,2.82,2.83,2167,2.8206
2025-11-07 10:10,2.83,2.85,2.83,2.85,6103,2.8358
2025-11-07 10:15,2.85,2.88,2.84,2.86,51533,2.8511
2025-11-07 10:20,2.87,2.87,2.86,2.87,5670,2.8665
2025-11-07 10:30,2.87,2.88,2.86,2.88,4709,2.8699
2025-11-07 10:35,2.88,2.89,2.88,2.89,1668,2.8848
2025-11-07 10:40,2.9,2.9,2.88,2.89,1325,2.8889
2025-11-07 10:45,2.9,2.9,2.88,2.89,4563,2.8942
2025-11-07 10:50,2.88,2.9,2.87,2.9,626,2.8864
2025-11-07 10:55,2.9,2.9,2.89,2.9,2275,2.8971
2025-11-07 11:00,2.89,2.92,2.89,2.91,3024,2.9096
2025-11-07 11:05,2.92,2.92,2.91,2.91,3470,2.9174
2025-11-07 11:10,2.9,2.93,2.9,2.9,7094,2.9018
2025-11-07 11:15,2.92,2.92,2.89,2.89,4118,2.9151
2025-11-07 11:20,2.91,2.92,2.9,2.92,5926,2.9108
2025-11-07 11:25,2.92,2.92,2.91,2.91,2212,2.9131
2025-11-07 11:30,2.91,2.91,2.9,2.9,1702,2.9046
2025-11-07 11:35,2.92,2.92,2.91,2.92,12450,2.9189
2025-11-07 11:40,2.92,2.95,2.91,2.91,8004,2.9246
2025-11-07 11:45,2.91,2.91,2.86,2.86,1566,2.8908
2025-11-07 11:50,2.88,2.89,2.86,2.89,10658,2.8615
2025-11-07 11:55,2.89,2.89,2.89,2.89,340,2.8886
2025-11-07 12:00,2.92,2.92,2.9,2.91,2723,2.9083
2025-11-07 12:05,2.9,2.9,2.87,2.89,2078,2.8832
2025-11-07 12:10,2.89,2.9,2.89,2.9,770,2.8974
2025-11-07 12:15,2.87,2.87,2.85,2.85,5885,2.854
2025-11-07 12:20,2.86,2.86,2.85,2.85,1185,2.8547
2025-11-07 12:25,2.85,2.85,2.85,2.85,3128,2.8503
2025-11-07 12:30,2.85,2.85,2.84,2.84,8632,2.8495
2025-11-07 12:35,2.84,2.85,2.83,2.85,3487,2.84
2025-11-07 12:40,2.86,2.86,2.86,2.86,1074,2.8587
2025-11-07 12:45,2.85,2.85,2.84,2.84,1148,2.8464
2025-11-07 12:50,2.85,2.87,2.84,2.87,3502,2.8623
2025-11-07 12:55,2.86,2.87,2.85,2.86,9758,2.8597
2025-11-07 13:00,2.9,2.9,2.9,2.9,200,2.8993
2025-11-07 13:40,2.86,2.86,2.86,2.86,400,2.86
2025-11-07 13:50,2.89,2.89,2.89,2.89,100,2.89
2025-11-07 14:30,2.89,2.89,2.89,2.89,150,2.8881
2025-11-07 15:55,2.85,2.85,2.85,2.85,5551,2.8515
2025-11-07 16:00,2.85,2.85,2.85,2.85,45000,2.8512
2025-11-07 16:05,2.85,2.85,2.85,2.85,890,2.8519
2025-11-07 16:15,2.85,2.85,2.85,2.85,500,2.85
2025-11-07 16:20,2.9,2.9,2.9,2.9,100,2.9
2025-11-07 16:25,2.85,2.85,2.85,2.85,2717,2.85
2025-11-10 03:20,2.96,2.96,2.96,2.96,783,2.96
2025-11-10 04:00,2.93,2.93,2.93,2.93,627,2.9419
2025-11-10 04:30,2.96,2.96,2.95,2.96,2105,2.959
2025-11-10 04:45,2.98,2.98,2.98,2.98,220,2.98
2025-11-10 04:50,2.95,2.95,2.95,2.95,1000,2.95
2025-11-10 04:55,2.98,2.98,2.98,2.98,242,2.98
2025-11-10 05:00,2.98,2.98,2.98,2.98,5884,2.9795
2025-11-10 05:15,3,3,3,3,700,3
2025-11-10 05:20,3,3,2.99,2.99,902,2.9978
2025-11-10 05:25,2.94,2.94,2.94,2.94,1592,2.9412
2025-11-10 05:30,3,3,3,3,497,3
2025-11-10 05:35,2.94,3,2.93,3,14468,2.9949
2025-11-10 05:40,2.97,3.01,2.97,3.01,6795,2.9993
2025-11-10 05:45,3,3.01,3,3,913,3.0011
2025-11-10 05:50,3,3,3,3,200,2.9998
2025-11-10 05:55,2.96,2.96,2.96,2.96,200,2.96
2025-11-10 06:05,3,3,2.99,2.99,2005,2.9985
2025-11-10 06:15,2.96,2.96,2.96,2.96,457,2.9612
2025-11-10 06:25,3,3,3,3,5367,2.9993
2025-11-10 06:30,2.96,2.98,2.88,2.88,19643,2.9386
2025-11-10 06:35,2.88,2.91,2.87,2.9,7077,2.893
2025-11-10 06:40,2.87,2.9,2.8,2.83,51319,2.8449
2025-11-10 06:45,2.83,2.87,2.83,2.87,10313,2.8488
2025-11-10 06:50,2.86,2.87,2.83,2.85,6144,2.8477
2025-11-10 06:55,2.83,2.85,2.83,2.83,13382,2.8347
2025-11-10 07:00,2.83,2.85,2.81,2.85,2699,2.8329
2025-11-10 07:05,2.85,2.85,2.81,2.84,2534,2.834
2025-11-10 07:10,2.82,2.82,2.81,2.81,2207,2.8195
2025-11-10 07:15,2.83,2.83,2.81,2.82,3789,2.8206
2025-11-10 07:20,2.82,2.83,2.77,2.79,24230,2.8012
2025-11-10 07:25,2.8,2.82,2.8,2.82,975,2.8072
2025-11-10 07:30,2.81,2.83,2.79,2.79,10828,2.8127
2025-11-10 07:35,2.82,2.82,2.77,2.79,8289,2.7901
2025-11-10 07:40,2.79,2.81,2.78,2.81,2700,2.79
2025-11-10 07:45,2.8,2.81,2.79,2.8,4630,2.7984
2025-11-10 07:50,2.81,2.81,2.78,2.8,3051,2.7932
2025-11-10 07:55,2.8,2.8,2.75,2.77,39274,2.7525
2025-11-10 08:00,2.79,2.81,2.76,2.77,13805,2.7789
2025-11-10 08:05,2.81,2.82,2.77,2.81,8181,2.8028
2025-11-10 08:10,2.81,2.82,2.81,2.81,1201,2.8113
2025-11-10 08:15,2.81,2.82,2.79,2.8,1629,2.812
2025-11-10 08:20,2.8,2.82,2.8,2.82,1510,2.8094
2025-11-10 08:25,2.8,2.8,2.78,2.78,2590,2.7874
2025-11-10 08:30,2.78,2.8,2.78,2.8,906,2.7887
2025-11-10 08:35,2.8,2.8,2.79,2.8,4962,2.7971
2025-11-10 08:40,2.81,2.81,2.8,2.8,1740,2.8084
2025-11-10 08:45,2.82,2.82,2.8,2.81,3892,2.8107
2025-11-10 08:50,2.82,2.82,2.81,2.81,2664,2.8167
2025-11-10 08:55,2.82,2.85,2.82,2.85,3050,2.8318
2025-11-10 09:00,2.84,2.84,2.83,2.84,2873,2.8375
2025-11-10 09:05,2.84,2.85,2.81,2.84,1480,2.8332
2025-11-10 09:10,2.85,2.85,2.83,2.83,706,2.8411
2025-11-10 09:15,2.83,2.83,2.83,2.83,838,2.8313
2025-11-10 09:20,2.84,2.85,2.83,2.84,1276,2.8417
2025-11-10 09:25,2.84,2.85,2.83,2.85,1708,2.8424
2025-11-10 09:30,2.84,2.84,2.84,2.84,116,2.8399
2025-11-10 09:40,2.84,2.85,2.83,2.83,6026,2.8411
2025-11-10 09:45,2.83,2.83,2.83,2.83,202,2.8301
2025-11-10 09:50,2.85,2.85,2.85,2.85,2472,2.8497
2025-11-10 09:55,2.85,2.86,2.84,2.84,6738,2.8497
2025-11-10 10:00,2.84,2.84,2.83,2.84,2021,2.8323
2025-11-10 10:05,2.84,2.84,2.83,2.83,435,2.8325
2025-11-10 10:10,2.84,2.89,2.84,2.85,8258,2.8635
2025-11-10 10:15,2.86,2.86,2.86,2.86,1019,2.8584
2025-11-10 10:20,2.85,2.88,2.85,2.88,1284,2.868
2025-11-10 10:30,2.87,2.87,2.87,2.87,147,2.8701
2025-11-10 10:35,2.88,2.88,2.87,2.87,5028,2.8768
2025-11-10 10:40,2.88,2.88,2.87,2.87,2258,2.8728
2025-11-10 10:45,2.87,2.87,2.87,2.87,1538,2.8647
2025-11-10 10:50,2.87,2.88,2.86,2.87,1605,2.8725
2025-11-10 10:55,2.86,2.88,2.84,2.88,9127,2.8622
2025-11-10 11:00,2.85,2.88,2.85,2.85,1489,2.8644
2025-11-10 11:05,2.87,2.88,2.87,2.88,1864,2.8743
2025-11-10 11:10,2.87,2.87,2.87,2.87,754,2.8701
2025-11-10 11:15,2.86,2.88,2.86,2.88,957,2.8642
2025-11-10 11:20,2.88,2.88,2.88,2.88,475,2.8784
2025-11-10 11:25,2.88,2.88,2.87,2.87,5647,2.8707
2025-11-10 11:30,2.86,2.88,2.86,2.86,2852,2.876
2025-11-10 11:35,2.86,2.88,2.85,2.85,2632,2.8599
2025-11-10 11:40,2.86,2.86,2.86,2.86,685,2.86
2025-11-10 11:45,2.88,2.88,2.87,2.87,3629,2.8723
2025-11-10 11:55,2.88,2.88,2.85,2.85,6492,2.8515
2025-11-10 12:00,2.85,2.87,2.85,2.87,895,2.8599
2025-11-10 12:05,2.87,2.87,2.85,2.85,3766,2.8517
2025-11-10 12:10,2.84,2.84,2.84,2.84,622,2.8409
2025-11-10 12:15,2.84,2.87,2.84,2.87,3055,2.8456
2025-11-10 12:20,2.84,2.84,2.75,2.77,29651,2.7923
2025-11-10 12:25,2.79,2.81,2.77,2.8,7927,2.7948
2025-11-10 12:30,2.8,2.82,2.79,2.79,3971,2.8035
2025-11-10 12:35,2.81,2.81,2.8,2.8,4899,2.8007
2025-11-10 12:40,2.8,2.82,2.8,2.82,4102,2.8111
2025-11-10 12:45,2.8,2.82,2.78,2.8,7455,2.7938
2025-11-10 12:50,2.79,2.8,2.77,2.77,7703,2.7826
2025-11-10 12:55,2.8,2.8,2.78,2.8,10228,2.7955
2025-11-10 13:25,2.8,2.8,2.8,2.8,501,2.8
2025-11-10 13:40,2.79,2.79,2.79,2.79,201,2.79
2025-11-10 13:45,2.76,2.76,2.76,2.76,208,2.76
2025-11-10 14:20,2.85,2.85,2.85,2.85,200,2.85
2025-11-10 14:35,2.85,2.95,2.85,2.88,1634,2.8757
2025-11-10 14:45,2.85,2.85,2.85,2.85,350,2.85
2025-11-10 15:20,2.8,2.8,2.8,2.8,100,2.8
2025-11-10 15:30,2.84,2.85,2.84,2.85,779,2.8469
2025-11-10 15:35,2.88,2.88,2.88,2.88,221,2.88
2025-11-10 15:55,2.83,2.83,2.83,2.83,250,2.83
2025-11-10 16:15,2.8,2.8,2.8,2.8,199,2.8
2025-11-10 16:25,2.77,2.77,2.75,2.75,2100,2.7664
2025-11-10 16:30,2.75,2.75,2.75,2.75,250,2.7512
2025-11-11 05:00,2.82,2.82,2.82,2.82,216,2.8199
2025-11-11 05:05,2.75,2.75,2.75,2.75,250,2.751
2025-11-11 05:10,2.8,2.8,2.8,2.8,422,2.7999
2025-11-11 05:20,2.76,2.76,2.76,2.76,950,2.7606
2025-11-11 05:25,2.8,2.8,2.8,2.8,200,2.8
2025-11-11 06:00,2.8,2.8,2.8,2.8,1400,2.8
2025-11-11 06:10,2.78,2.78,2.78,2.78,595,2.78
2025-11-11 06:15,2.8,2.8,2.8,2.8,462,2.8
2025-11-11 06:20,2.8,2.8,2.8,2.8,333,2.8
2025-11-11 06:25,2.8,2.8,2.8,2.8,500,2.8
2025-11-11 06:30,2.77,2.77,2.75,2.77,12725,2.7569
2025-11-11 06:35,2.78,2.79,2.77,2.79,8968,2.7824
2025-11-11 06:40,2.79,2.79,2.75,2.75,10845,2.7696
2025-11-11 06:45,2.75,2.79,2.75,2.79,2949,2.7567
2025-11-11 06:50,2.78,2.79,2.75,2.77,6492,2.7629
2025-11-11 06:55,2.77,2.79,2.75,2.79,16009,2.7818
2025-11-11 07:00,2.76,2.79,2.76,2.76,6440,2.7858
2025-11-11 07:05,2.78,2.79,2.75,2.75,4244,2.7659
2025-11-11 07:10,2.77,2.79,2.75,2.78,1830,2.7632
2025-11-11 07:15,2.75,2.78,2.75,2.78,6198,2.7616
2025-11-11 07:20,2.76,2.77,2.75,2.76,4122,2.7587
2025-11-11 07:25,2.75,2.77,2.75,2.76,14256,2.7508
2025-11-11 07:30,2.75,2.77,2.71,2.75,98551,2.7421
2025-11-11 07:35,2.75,2.75,2.72,2.72,8911,2.7304
2025-11-11 07:40,2.73,2.73,2.72,2.73,19628,2.7288
2025-11-11 07:45,2.73,2.73,2.72,2.72,22071,2.7244
2025-11-11 07:50,2.72,2.74,2.72,2.74,11922,2.7266
2025-11-11 07:55,2.74,2.74,2.74,2.74,291,2.7385
2025-11-11 08:00,2.73,2.74,2.73,2.74,3438,2.7303
2025-11-11 08:05,2.74,2.74,2.74,2.74,2333,2.738
2025-11-11 08:10,2.74,2.74,2.74,2.74,165,2.7395
2025-11-11 08:15,2.74,2.78,2.74,2.78,7147,2.7576
2025-11-11 08:20,2.77,2.79,2.77,2.79,8779,2.7816
2025-11-11 08:25,2.8,2.8,2.78,2.78,1858,2.7889
2025-11-11 08:30,2.78,2.78,2.77,2.77,969,2.7684
2025-11-11 08:35,2.78,2.78,2.78,2.78,965,2.7794
2025-11-11 08:40,2.77,2.77,2.76,2.76,6423,2.7598
2025-11-11 08:45,2.77,2.78,2.75,2.75,2642,2.773
2025-11-11 08:50,2.77,2.78,2.77,2.77,1449,2.7666
2025-11-11 08:55,2.78,2.78,2.78,2.78,1778,2.7791
2025-11-11 09:00,2.76,2.77,2.76,2.77,609,2.7618
2025-11-11 09:05,2.77,2.78,2.77,2.78,1355,2.772
2025-11-11 09:10,2.78,2.79,2.78,2.78,1624,2.7832
2025-11-11 09:15,2.79,2.8,2.78,2.78,1800,2.7926
2025-11-11 09:20,2.79,2.8,2.79,2.79,1284,2.7952
2025-11-11 09:25,2.8,2.8,2.79,2.8,631,2.795
2025-11-11 09:30,2.8,2.8,2.8,2.8,226,2.7999
2025-11-11 09:35,2.8,2.8,2.8,2.8,297,2.7991
2025-11-11 09:40,2.8,2.8,2.8,2.8,108,2.7987
2025-11-11 09:45,2.8,2.8,2.77,2.8,720,2.7836
2025-11-11 09:50,2.8,2.8,2.8,2.8,2771,2.7998
2025-11-11 09:55,2.8,2.82,2.79,2.8,11264,2.8019
2025-11-11 10:00,2.81,2.81,2.81,2.81,591,2.8097
2025-11-11 10:05,2.81,2.81,2.78,2.81,811,2.7975
2025-11-11 10:10,2.81,2.81,2.78,2.78,11375,2.7944
2025-11-11 10:15,2.79,2.79,2.79,2.79,103,2.79
2025-11-11 10:20,2.78,2.79,2.78,2.78,7677,2.7804
2025-11-11 10:25,2.79,2.8,2.78,2.79,2503,2.7908
2025-11-11 10:30,2.8,2.8,2.78,2.78,736,2.7862
2025-11-11 10:35,2.78,2.79,2.78,2.79,984,2.7841
2025-11-11 10:40,2.79,2.79,2.79,2.79,424,2.7866
2025-11-11 10:45,2.79,2.79,2.78,2.79,2691,2.7851
2025-11-11 10:50,2.79,2.81,2.79,2.79,2079,2.7959
2025-11-11 10:55,2.8,2.8,2.8,2.8,308,2.7958
2025-11-11 11:00,2.8,2.8,2.8,2.8,795,2.7987
2025-11-11 11:05,2.8,2.8,2.77,2.77,282,2.7817
2025-11-11 11:10,2.8,2.8,2.8,2.8,110,2.7992
2025-11-11 11:15,2.8,2.8,2.78,2.78,1863,2.7842
2025-11-11 11:20,2.8,2.8,2.8,2.8,304,2.7912
2025-11-11 11:25,2.8,2.8,2.78,2.79,322,2.7898
2025-11-11 11:30,2.8,2.8,2.79,2.79,621,2.792
2025-11-11 11:35,2.8,2.8,2.78,2.78,1981,2.7872
2025-11-11 11:40,2.79,2.8,2.78,2.8,1738,2.7945
2025-11-11 11:45,2.8,2.8,2.78,2.78,2255,2.7948
2025-11-11 11:50,2.8,2.8,2.78,2.79,1204,2.7945
2025-11-11 11:55,2.8,2.8,2.78,2.79,1065,2.7932
2025-11-11 12:00,2.8,2.8,2.78,2.8,722,2.7884
2025-11-11 12:05,2.8,2.8,2.78,2.8,13412,2.7902
2025-11-11 12:10,2.8,2.8,2.8,2.8,100,2.8
2025-11-11 12:15,2.8,2.8,2.78,2.8,1626,2.7956
2025-11-11 12:20,2.8,2.8,2.8,2.8,151,2.7933
2025-11-11 12:25,2.8,2.8,2.78,2.78,704,2.7882
2025-11-11 12:30,2.78,2.8,2.76,2.76,6610,2.7693
2025-11-11 12:35,2.78,2.78,2.75,2.76,12002,2.7584
2025-11-11 12:40,2.75,2.78,2.75,2.78,2223,2.7594
2025-11-11 12:45,2.75,2.78,2.75,2.75,2814,2.7576
2025-11-11 12:50,2.76,2.77,2.71,2.71,69186,2.7233
2025-11-11 12:55,2.71,2.74,2.7,2.72,303077,2.7005
2025-11-11 13:05,2.76,2.76,2.76,2.76,100,2.76
2025-11-11 13:20,2.71,2.72,2.71,2.72,581,2.715
2025-11-11 13:25,2.72,2.72,2.72,2.72,100,2.72
2025-11-11 13:50,2.75,2.75,2.75,2.75,500,2.75
2025-11-11 14:20,2.75,2.75,2.75,2.75,100,2.7493
2025-11-11 14:35,2.72,2.72,2.72,2.72,150,2.72
2025-11-11 15:10,2.75,2.75,2.73,2.73,336,2.7408
2025-11-11 15:25,2.74,2.74,2.74,2.74,1104,2.74
2025-11-11 15:30,2.74,2.74,2.74,2.74,399,2.74
2025-11-11 16:20,2.75,2.75,2.75,2.75,250,2.75
2025-11-11 16:25,2.76,2.76,2.76,2.76,1597,2.76
2025-11-11 16:40,2.77,2.77,2.77,2.77,1425,2.77
2025-11-12 04:00,2.77,2.77,2.77,2.77,974,2.77
2025-11-12 04:25,2.8,2.8,2.8,2.8,2000,2.8
2025-11-12 04:45,2.77,2.77,2.77,2.77,2100,2.77
2025-11-12 05:00,2.8,2.8,2.75,2.75,1857,2.7651
2025-11-12 05:15,2.79,2.79,2.79,2.79,493,2.7894
2025-11-12 05:30,2.79,2.79,2.79,2.79,100,2.79
2025-11-12 06:05,2.76,2.76,2.74,2.75,1654,2.7461
2025-11-12 06:10,2.76,2.76,2.76,2.76,825,2.7592
2025-11-12 06:15,2.79,2.79,2.79,2.79,213,2.79
2025-11-12 06:25,2.77,2.77,2.76,2.77,388,2.7654
2025-11-12 06:30,2.78,2.79,2.77,2.79,3886,2.7781
2025-11-12 06:35,2.8,2.8,2.77,2.77,6419,2.7926
2025-11-12 06:40,2.77,2.77,2.74,2.76,3249,2.7537
2025-11-12 06:45,2.75,2.79,2.74,2.78,10231,2.7684
2025-11-12 06:50,2.77,2.77,2.77,2.77,119,2.7734
2025-11-12 06:55,2.79,2.8,2.78,2.78,5100,2.7916
2025-11-12 07:00,2.8,2.8,2.76,2.76,10080,2.7908
2025-11-12 07:05,2.78,2.78,2.74,2.74,3627,2.7569
2025-11-12 07:10,2.73,2.78,2.73,2.78,1618,2.7369
2025-11-12 07:15,2.73,2.78,2.72,2.75,9447,2.7433
2025-11-12 07:20,2.75,2.75,2.71,2.71,6688,2.727
2025-11-12 07:25,2.73,2.75,2.71,2.73,4011,2.7286
2025-11-12 07:30,2.74,2.75,2.73,2.75,5892,2.7379
2025-11-12 07:35,2.73,2.74,2.73,2.74,1120,2.7312
2025-11-12 07:40,2.75,2.75,2.72,2.72,2442,2.7301
2025-11-12 07:45,2.73,2.74,2.73,2.74,1384,2.7302
2025-11-12 07:50,2.73,2.73,2.71,2.71,2750,2.7225
2025-11-12 07:55,2.72,2.72,2.71,2.72,2126,2.7194
2025-11-12 08:00,2.72,2.72,2.72,2.72,2912,2.7192
2025-11-12 08:05,2.72,2.73,2.71,2.72,3414,2.718
2025-11-12 08:10,2.72,2.72,2.72,2.72,2160,2.7194
2025-11-12 08:15,2.72,2.73,2.72,2.73,1043,2.7251
2025-11-12 08:20,2.72,2.73,2.72,2.73,1948,2.7284
2025-11-12 08:25,2.74,2.74,2.72,2.74,1624,2.7381
2025-11-12 08:30,2.74,2.75,2.74,2.74,1192,2.7426
2025-11-12 08:35,2.74,2.75,2.72,2.74,5384,2.735
2025-11-12 08:40,2.75,2.75,2.73,2.73,1055,2.7383
2025-11-12 08:45,2.75,2.75,2.73,2.73,1633,2.7406
2025-11-12 08:50,2.74,2.74,2.74,2.74,200,2.74
2025-11-12 08:55,2.75,2.75,2.74,2.74,8680,2.7462
2025-11-12 09:00,2.74,2.74,2.74,2.74,102,2.74
2025-11-12 09:05,2.75,2.75,2.74,2.75,1813,2.7484
2025-11-12 09:10,2.75,2.75,2.74,2.74,1150,2.7464
2025-11-12 09:15,2.74,2.75,2.7,2.72,77720,2.7105
2025-11-12 09:20,2.75,2.75,2.72,2.72,689,2.7394
2025-11-12 09:25,2.72,2.75,2.72,2.73,4440,2.7411
2025-11-12 09:30,2.73,2.75,2.73,2.75,6395,2.7355
2025-11-12 09:35,2.73,2.75,2.73,2.73,3345,2.737
2025-11-12 09:40,2.75,2.75,2.73,2.73,4257,2.7407
2025-11-12 09:45,2.74,2.75,2.73,2.74,3219,2.74
2025-11-12 09:50,2.74,2.74,2.74,2.74,201,2.7399
2025-11-12 09:55,2.74,2.74,2.74,2.74,188,2.737
2025-11-12 10:00,2.74,2.74,2.73,2.73,739,2.7378
2025-11-12 10:05,2.73,2.74,2.73,2.74,4406,2.7305
2025-11-12 10:10,2.73,2.74,2.73,2.74,1232,2.7313
2025-11-12 10:15,2.74,2.74,2.71,2.71,10262,2.7155
2025-11-12 10:20,2.74,2.74,2.73,2.73,1788,2.7351
2025-11-12 10:25,2.73,2.73,2.73,2.73,1046,2.7311
2025-11-12 10:30,2.72,2.72,2.72,2.72,301,2.72
2025-11-12 10:35,2.73,2.74,2.72,2.72,3633,2.7262
2025-11-12 10:40,2.73,2.74,2.72,2.74,1979,2.729
2025-11-12 10:45,2.74,2.74,2.74,2.74,1000,2.74
2025-11-12 10:50,2.74,2.74,2.74,2.74,837,2.7415
2025-11-12 10:55,2.75,2.75,2.75,2.75,434,2.7491
2025-11-12 11:00,2.74,2.75,2.73,2.74,11030,2.7485
2025-11-12 11:05,2.74,2.75,2.74,2.74,1694,2.7422
2025-11-12 11:10,2.74,2.75,2.74,2.74,3306,2.7412
2025-11-12 11:15,2.74,2.74,2.73,2.73,429,2.7352
2025-11-12 11:20,2.74,2.74,2.73,2.73,1391,2.7337
2025-11-12 11:25,2.73,2.73,2.73,2.73,169,2.7337
2025-11-12 11:30,2.73,2.74,2.72,2.72,1625,2.7353
2025-11-12 11:35,2.73,2.73,2.72,2.73,962,2.7294
2025-11-12 11:40,2.74,2.74,2.73,2.73,507,2.7311
2025-11-12 11:45,2.74,2.74,2.72,2.72,561,2.7307
2025-11-12 11:50,2.73,2.73,2.72,2.72,3031,2.7239
2025-11-12 11:55,2.73,2.74,2.72,2.73,9460,2.7264
2025-11-12 12:00,2.74,2.74,2.72,2.72,656,2.7249
2025-11-12 12:05,2.73,2.74,2.72,2.72,8528,2.7305
2025-11-12 12:10,2.72,2.73,2.72,2.72,968,2.722
2025-11-12 12:15,2.72,2.74,2.71,2.74,6324,2.7215
2025-11-12 12:20,2.74,2.74,2.73,2.74,21859,2.7394
2025-11-12 12:25,2.73,2.74,2.72,2.73,3076,2.7299
2025-11-12 12:30,2.74,2.75,2.74,2.75,19703,2.7488
2025-11-12 12:35,2.74,2.75,2.74,2.75,3400,2.7406
2025-11-12 12:40,2.74,2.75,2.74,2.75,1588,2.7459
2025-11-12 12:45,2.75,2.75,2.72,2.73,2557,2.7326
2025-11-12 12:50,2.74,2.75,2.74,2.74,4739,2.7476
2025-11-12 12:55,2.73,2.74,2.73,2.73,1294,2.7323
2025-11-12 13:35,2.72,2.72,2.72,2.72,195,2.72
2025-11-12 13:55,2.74,2.74,2.74,2.74,120,2.7384
2025-11-12 14:05,2.74,2.74,2.74,2.74,100,2.74
2025-11-12 14:15,2.74,2.74,2.74,2.74,2270,2.7401
2025-11-12 14:25,2.72,2.72,2.72,2.72,100,2.721
2025-11-12 14:40,2.74,2.74,2.74,2.74,500,2.74
2025-11-12 15:10,2.72,2.72,2.72,2.72,1128,2.72
2025-11-12 15:40,2.74,2.74,2.74,2.74,298,2.74
2025-11-12 15:45,2.71,2.71,2.71,2.71,1001,2.71
2025-11-12 16:20,2.75,2.75,2.75,2.75,100,2.75
2025-11-12 16:45,2.74,2.74,2.74,2.74,1600,2.74
2025-11-13 04:00,2.75,2.78,2.75,2.78,5187,2.7508
2025-11-13 04:10,2.78,2.78,2.78,2.78,515,2.78
2025-11-13 04:15,2.78,2.78,2.78,2.78,2520,2.78
2025-11-13 04:20,2.78,2.78,2.78,2.78,800,2.78
2025-11-13 04:55,2.77,2.77,2.77,2.77,200,2.77
2025-11-13 05:00,2.78,2.78,2.76,2.76,1146,2.7719
2025-11-13 05:15,2.77,2.77,2.77,2.77,100,2.77
2025-11-13 05:35,2.75,2.75,2.75,2.75,792,2.7512
2025-11-13 06:10,2.75,2.75,2.75,2.75,113,2.75
2025-11-13 06:25,2.75,2.75,2.75,2.75,229,2.75
2025-11-13 06:30,2.78,2.78,2.71,2.74,10719,2.7496
2025-11-13 06:35,2.74,2.74,2.72,2.73,6062,2.725
2025-11-13 06:40,2.74,2.74,2.7,2.71,14843,2.7058
2025-11-13 06:45,2.7,2.73,2.69,2.73,50546,2.7025
2025-11-13 06:50,2.74,2.77,2.74,2.77,6217,2.7574
2025-11-13 06:55,2.77,2.77,2.73,2.76,11221,2.7494
2025-11-13 07:00,2.76,2.76,2.71,2.71,6012,2.7296
2025-11-13 07:05,2.72,2.74,2.7,2.73,6323,2.7271
2025-11-13 07:10,2.74,2.75,2.74,2.74,3180,2.7404
2025-11-13 07:15,2.76,2.77,2.75,2.77,2241,2.7593
2025-11-13 07:20,2.76,2.77,2.75,2.75,1946,2.7647
2025-11-13 07:25,2.75,2.75,2.71,2.73,11188,2.7292
2025-11-13 07:30,2.75,2.75,2.7,2.7,3776,2.7154
2025-11-13 07:35,2.71,2.71,2.7,2.7,4510,2.702
2025-11-13 07:40,2.71,2.73,2.7,2.71,12931,2.716
2025-11-13 07:45,2.71,2.71,2.7,2.7,6000,2.7009
2025-11-13 07:50,2.7,2.71,2.69,2.71,5851,2.6979
2025-11-13 07:55,2.7,2.71,2.69,2.7,3801,2.7029
2025-11-13 08:00,2.71,2.73,2.71,2.73,4229,2.7114
2025-11-13 08:05,2.7,2.71,2.69,2.71,4708,2.6994
2025-11-13 08:10,2.71,2.73,2.7,2.72,1295,2.7091
2025-11-13 08:15,2.73,2.73,2.72,2.72,677,2.7242
2025-11-13 08:20,2.71,2.73,2.7,2.71,6366,2.705
2025-11-13 08:25,2.71,2.73,2.7,2.73,9031,2.7087
2025-11-13 08:30,2.74,2.74,2.74,2.74,316,2.7356
2025-11-13 08:35,2.74,2.74,2.72,2.72,2972,2.7221
2025-11-13 08:40,2.7,2.72,2.7,2.72,947,2.7176
2025-11-13 08:45,2.72,2.74,2.72,2.74,2754,2.7314
2025-11-13 08:50,2.72,2.73,2.7,2.72,5643,2.7096
2025-11-13 08:55,2.72,2.72,2.7,2.72,2670,2.7164
2025-11-13 09:00,2.73,2.73,2.7,2.73,4903,2.7213
2025-11-13 09:05,2.73,2.73,2.69,2.7,5639,2.7045
2025-11-13 09:10,2.7,2.7,2.68,2.69,42980,2.6903
2025-11-13 09:15,2.7,2.72,2.7,2.72,2309,2.7015
2025-11-13 09:20,2.72,2.72,2.71,2.72,1237,2.718
2025-11-13 09:25,2.73,2.73,2.68,2.7,24291,2.6877
2025-11-13 09:30,2.7,2.71,2.7,2.7,2203,2.6995
2025-11-13 09:35,2.71,2.72,2.71,2.71,2725,2.7108
2025-11-13 09:40,2.72,2.72,2.7,2.7,1944,2.7123
2025-11-13 09:45,2.69,2.7,2.69,2.7,1665,2.6999
2025-11-13 09:50,2.69,2.7,2.69,2.69,3469,2.6945
2025-11-13 09:55,2.7,2.7,2.69,2.69,4869,2.6906
2025-11-13 10:00,2.69,2.69,2.68,2.69,6217,2.6862
2025-11-13 10:05,2.69,2.69,2.68,2.69,7954,2.688
2025-11-13 10:10,2.68,2.7,2.68,2.68,10266,2.6831
2025-11-13 10:15,2.7,2.71,2.69,2.71,8203,2.7022
2025-11-13 10:20,2.72,2.72,2.71,2.72,3182,2.7151
2025-11-13 10:25,2.7,2.7,2.7,2.7,1263,2.7006
2025-11-13 10:30,2.69,2.72,2.69,2.71,5944,2.7065
2025-11-13 10:35,2.71,2.72,2.71,2.72,3996,2.7133
2025-11-13 10:40,2.71,2.72,2.71,2.71,713,2.7109
2025-11-13 10:45,2.72,2.73,2.7,2.71,2010,2.7157
2025-11-13 10:50,2.72,2.73,2.71,2.72,2358,2.7206
2025-11-13 10:55,2.73,2.74,2.72,2.74,2953,2.7312
2025-11-13 11:00,2.73,2.73,2.71,2.73,1906,2.7209
2025-11-13 11:05,2.71,2.71,2.7,2.7,252,2.7086
2025-11-13 11:10,2.73,2.73,2.73,2.73,614,2.7298
2025-11-13 11:15,2.72,2.73,2.7,2.72,3104,2.7221
2025-11-13 11:20,2.74,2.75,2.73,2.74,7734,2.74
2025-11-13 11:25,2.73,2.75,2.73,2.75,4251,2.7473
2025-11-13 11:30,2.74,2.75,2.73,2.74,5406,2.7381
2025-11-13 11:35,2.74,2.74,2.69,2.69,14987,2.7034
2025-11-13 11:45,2.7,2.7,2.7,2.7,664,2.6996
2025-11-13 11:50,2.69,2.69,2.69,2.69,171,2.6946
2025-11-13 11:55,2.69,2.72,2.68,2.72,2258,2.6949
2025-11-13 12:00,2.72,2.73,2.72,2.72,1307,2.7224
2025-11-13 12:05,2.72,2.72,2.71,2.72,3095,2.7195
2025-11-13 12:10,2.7,2.73,2.7,2.71,1543,2.7171
2025-11-13 12:15,2.71,2.72,2.71,2.72,320,2.7161
2025-11-13 12:20,2.73,2.73,2.71,2.73,3312,2.726
2025-11-13 12:25,2.73,2.73,2.73,2.73,1949,2.7266
2025-11-13 12:30,2.73,2.73,2.72,2.73,12028,2.7212
2025-11-13 12:35,2.73,2.73,2.73,2.73,744,2.728
2025-11-13 12:40,2.72,2.72,2.7,2.7,2668,2.7141
2025-11-13 12:45,2.71,2.71,2.69,2.69,1630,2.6991
2025-11-13 12:50,2.71,2.72,2.7,2.72,4452,2.7037
2025-11-13 12:55,2.71,2.72,2.69,2.71,2717,2.7115
2025-11-13 13:00,2.71,2.71,2.71,2.71,240,2.7183
2025-11-13 13:05,2.73,2.73,2.73,2.73,122,2.73
2025-11-13 13:10,2.73,2.73,2.73,2.73,200,2.73
2025-11-13 13:30,2.7,2.7,2.7,2.7,185,2.7
2025-11-13 13:35,2.68,2.7,2.68,2.7,1692,2.6975
2025-11-13 14:05,2.68,2.68,2.68,2.68,200,2.68
2025-11-13 14:10,2.68,2.68,2.68,2.68,1000,2.68
2025-11-13 14:20,2.69,2.69,2.69,2.69,1000,2.69
2025-11-13 16:00,2.7,2.7,2.69,2.69,2261,2.6906
2025-11-13 16:05,2.68,2.68,2.68,2.68,339,2.68
2025-11-13 16:25,2.68,2.68,2.68,2.68,500,2.68
2025-11-13 16:50,2.72,2.73,2.72,2.73,3697,2.7292
2025-11-13 16:55,2.73,2.73,2.73,2.73,5025,2.73
2025-11-14 03:55,2.65,2.65,2.65,2.65,4900,2.6501
2025-11-14 04:05,2.65,2.65,2.65,2.65,5000,2.6502
2025-11-14 04:20,2.65,2.65,2.65,2.65,1000,2.65
2025-11-14 04:55,2.69,2.69,2.69,2.69,250,2.6892
2025-11-14 05:00,2.68,2.68,2.68,2.68,856,2.6784
2025-11-14 05:05,2.65,2.65,2.63,2.63,1192,2.6318
2025-11-14 05:35,2.64,2.67,2.62,2.62,900,2.6481
2025-11-14 05:40,2.67,2.69,2.62,2.62,1320,2.6471
2025-11-14 05:45,2.68,2.73,2.68,2.73,5012,2.6978
2025-11-14 05:55,2.67,2.67,2.67,2.67,100,2.67
2025-11-14 06:10,2.69,2.69,2.69,2.69,700,2.69
2025-11-14 06:30,2.67,2.67,2.62,2.65,28441,2.6417
2025-11-14 06:35,2.65,2.68,2.63,2.63,7354,2.6512
2025-11-14 06:40,2.65,2.68,2.65,2.67,12936,2.6683
2025-11-14 06:45,2.66,2.69,2.61,2.65,42209,2.6317
2025-11-14 06:50,2.66,2.67,2.65,2.67,3552,2.6645
2025-11-14 06:55,2.68,2.7,2.67,2.69,6463,2.693
2025-11-14 07:00,2.69,2.69,2.65,2.65,3774,2.6703
2025-11-14 07:05,2.65,2.66,2.63,2.65,3022,2.6462
2025-11-14 07:10,2.65,2.66,2.62,2.64,5386,2.6305
2025-11-14 07:15,2.65,2.66,2.62,2.66,2269,2.6478
2025-11-14 07:20,2.63,2.66,2.61,2.61,94924,2.6138
2025-11-14 07:25,2.62,2.67,2.61,2.65,6426,2.6217
2025-11-14 07:30,2.67,2.68,2.65,2.66,15831,2.6669
2025-11-14 07:35,2.66,2.67,2.66,2.67,11657,2.6679
2025-11-14 07:40,2.67,2.67,2.66,2.66,9301,2.6679
2025-11-14 07:45,2.67,2.67,2.66,2.66,5006,2.667
2025-11-14 07:50,2.67,2.67,2.66,2.66,1441,2.662
2025-11-14 07:55,2.65,2.68,2.64,2.68,3208,2.6516
2025-11-14 08:00,2.67,2.68,2.65,2.65,2588,2.6631
2025-11-14 08:05,2.68,2.7,2.65,2.7,8845,2.6888
2025-11-14 08:10,2.68,2.73,2.68,2.7,22708,2.7071
2025-11-14 08:15,2.69,2.72,2.69,2.7,4679,2.705
2025-11-14 08:20,2.7,2.73,2.68,2.71,7498,2.6974
2025-11-14 08:25,2.73,2.73,2.71,2.72,2311,2.7182
2025-11-14 08:30,2.71,2.72,2.69,2.69,2418,2.7127
2025-11-14 08:35,2.71,2.72,2.71,2.71,2868,2.7178
2025-11-14 08:40,2.71,2.73,2.68,2.72,8156,2.7083
2025-11-14 08:50,2.72,2.72,2.71,2.72,3361,2.716
2025-11-14 08:55,2.71,2.71,2.68,2.69,10051,2.7067
2025-11-14 09:00,2.7,2.72,2.7,2.72,1256,2.7176
2025-11-14 09:05,2.71,2.71,2.71,2.71,2569,2.7102
2025-11-14 09:10,2.7,2.7,2.7,2.7,2003,2.7001
2025-11-14 09:15,2.72,2.72,2.71,2.72,1211,2.7156
2025-11-14 09:20,2.72,2.72,2.68,2.71,12918,2.689
2025-11-14 09:25,2.7,2.7,2.7,2.7,3012,2.7
2025-11-14 09:30,2.68,2.68,2.65,2.65,28062,2.6594
2025-11-14 09:35,2.68,2.7,2.68,2.7,2486,2.6865
2025-11-14 09:40,2.7,2.71,2.69,2.69,11700,2.6976
2025-11-14 09:45,2.71,2.71,2.71,2.71,6521,2.7098
2025-11-14 09:50,2.7,2.71,2.69,2.69,830,2.6952
2025-11-14 10:00,2.69,2.69,2.67,2.67,2853,2.6823
2025-11-14 10:05,2.67,2.72,2.66,2.72,17995,2.7057
2025-11-14 10:10,2.72,2.72,2.7,2.71,4334,2.7087
2025-11-14 10:15,2.7,2.71,2.7,2.71,1185,2.7052
2025-11-14 10:20,2.71,2.71,2.7,2.7,2820,2.7023
2025-11-14 10:25,2.71,2.71,2.7,2.71,4032,2.7039
2025-11-14 10:30,2.7,2.7,2.7,2.7,8916,2.7
2025-11-14 10:35,2.7,2.7,2.69,2.69,1281,2.6962
2025-11-14 10:40,2.69,2.7,2.69,2.69,2868,2.6919
2025-11-14 10:45,2.7,2.71,2.69,2.69,7078,2.6989
2025-11-14 10:50,2.7,2.71,2.7,2.7,681,2.7031
2025-11-14 10:55,2.71,2.71,2.7,2.7,411,2.7064
2025-11-14 11:00,2.7,2.71,2.7,2.7,6819,2.7084
2025-11-14 11:05,2.71,2.71,2.71,2.71,240,2.7011
2025-11-14 11:10,2.69,2.71,2.69,2.71,4451,2.6953
2025-11-14 11:15,2.71,2.72,2.69,2.69,1233,2.7066
2025-11-14 11:25,2.7,2.7,2.69,2.7,413,2.6985
2025-11-14 11:30,2.7,2.7,2.69,2.69,1426,2.6907
2025-11-14 11:35,2.69,2.69,2.65,2.66,81707,2.6523
2025-11-14 11:40,2.66,2.66,2.66,2.66,284,2.6559
2025-11-14 11:45,2.66,2.66,2.66,2.66,3189,2.6594
2025-11-14 11:50,2.66,2.66,2.65,2.66,1973,2.6577
2025-11-14 11:55,2.65,2.67,2.65,2.67,1502,2.6594
2025-11-14 12:05,2.67,2.68,2.66,2.68,783,2.6687
2025-11-14 12:10,2.68,2.68,2.68,2.68,428,2.6787
2025-11-14 12:15,2.67,2.67,2.65,2.66,1788,2.6659
2025-11-14 12:20,2.66,2.66,2.65,2.66,8589,2.6534
2025-11-14 12:25,2.66,2.7,2.66,2.69,5586,2.6693
2025-11-14 12:30,2.7,2.7,2.7,2.7,29472,2.6997
2025-11-14 12:35,2.69,2.7,2.61,2.61,50129,2.6638
2025-11-14 12:40,2.65,2.65,2.62,2.65,8884,2.6426
2025-11-14 12:45,2.65,2.68,2.65,2.67,9762,2.6656
2025-11-14 12:50,2.67,2.69,2.66,2.69,4533,2.6744
2025-11-14 12:55,2.67,2.68,2.67,2.68,15905,2.6792
2025-11-14 13:00,2.68,2.7,2.68,2.68,977,2.6844
2025-11-14 13:05,2.68,2.68,2.68,2.68,578,2.68
2025-11-14 13:40,2.66,2.66,2.66,2.66,173,2.6602
2025-11-14 13:50,2.65,2.66,2.61,2.62,13680,2.6124
2025-11-14 14:50,2.68,2.68,2.68,2.68,100,2.68
2025-11-14 15:00,2.64,2.64,2.64,2.64,1500,2.6411
2025-11-14 15:35,2.65,2.65,2.65,2.65,133,2.65
2025-11-14 16:05,2.66,2.66,2.64,2.64,1001,2.643
2025-11-14 16:10,2.64,2.64,2.61,2.62,1000,2.6212
2025-11-14 16:15,2.61,2.61,2.61,2.61,2000,2.61
2025-11-14 16:30,2.68,2.68,2.68,2.68,6658,2.68
2025-11-14 16:45,2.68,2.68,2.68,2.68,700,2.68
2025-11-14 16:55,2.67,2.67,2.67,2.67,538,2.67
2025-11-17 01:40,2.6,2.6,2.6,2.6,355,2.6
2025-11-17 04:00,2.68,2.68,2.68,2.68,4446,2.68
2025-11-17 04:05,2.68,2.68,2.68,2.68,986,2.68
2025-11-17 04:15,2.62,2.62,2.62,2.62,414,2.6218
2025-11-17 05:00,2.65,2.7,2.65,2.7,854,2.6663
2025-11-17 05:10,2.7,2.7,2.7,2.7,160,2.7
2025-11-17 05:20,2.7,2.7,2.7,2.7,100,2.7
2025-11-17 05:30,2.63,2.63,2.63,2.63,1201,2.6301
2025-11-17 05:45,2.7,2.7,2.7,2.7,555,2.6982
2025-11-17 06:05,2.7,2.7,2.7,2.7,395,2.7
2025-11-17 06:30,2.67,2.67,2.61,2.66,13360,2.6509
2025-11-17 06:35,2.67,2.68,2.63,2.66,7896,2.6415
2025-11-17 06:40,2.66,2.68,2.61,2.61,12624,2.6333
2025-11-17 06:45,2.64,2.66,2.61,2.66,19297,2.6348
2025-11-17 06:50,2.66,2.67,2.65,2.67,4298,2.6673
2025-11-17 06:55,2.66,2.68,2.65,2.66,4845,2.6612
2025-11-17 07:00,2.67,2.67,2.66,2.66,2133,2.6598
2025-11-17 07:05,2.64,2.69,2.64,2.65,5840,2.6638
2025-11-17 07:10,2.65,2.69,2.65,2.67,1053,2.6638
2025-11-17 07:15,2.68,2.69,2.65,2.65,2863,2.6655
2025-11-17 07:20,2.66,2.66,2.66,2.66,1000,2.659
2025-11-17 07:25,2.67,2.67,2.67,2.67,194,2.6681
2025-11-17 07:30,2.65,2.65,2.64,2.64,15270,2.6408
2025-11-17 07:35,2.64,2.67,2.64,2.67,5454,2.6526
2025-11-17 07:40,2.64,2.67,2.64,2.64,1556,2.6551
2025-11-17 07:45,2.67,2.67,2.67,2.67,513,2.67
2025-11-17 07:50,2.65,2.67,2.65,2.66,1913,2.661
2025-11-17 07:55,2.65,2.66,2.64,2.66,8146,2.6464
2025-11-17 08:05,2.65,2.65,2.64,2.64,4289,2.6414
2025-11-17 08:10,2.65,2.65,2.64,2.64,2900,2.6419
2025-11-17 08:15,2.64,2.66,2.64,2.65,1975,2.6431
2025-11-17 08:20,2.64,2.67,2.64,2.65,10709,2.6486
2025-11-17 08:25,2.65,2.66,2.65,2.66,2063,2.6534
2025-11-17 08:30,2.66,2.67,2.66,2.67,351,2.663
2025-11-17 08:35,2.67,2.67,2.66,2.67,2673,2.6615
2025-11-17 08:40,2.65,2.66,2.65,2.66,2500,2.6516
2025-11-17 08:45,2.65,2.67,2.65,2.65,1547,2.6565
2025-11-17 08:50,2.67,2.67,2.67,2.67,2213,2.6691
2025-11-17 08:55,2.64,2.64,2.64,2.64,1349,2.6407
2025-11-17 09:00,2.67,2.67,2.61,2.64,27680,2.6175
2025-11-17 09:05,2.61,2.64,2.61,2.63,736,2.6271
2025-11-17 09:10,2.65,2.65,2.61,2.63,2410,2.6152
2025-11-17 09:15,2.63,2.64,2.62,2.62,689,2.6291
2025-11-17 09:20,2.64,2.64,2.62,2.62,2022,2.6228
2025-11-17 09:25,2.63,2.63,2.62,2.62,1152,2.6238
2025-11-17 09:30,2.62,2.63,2.61,2.63,46422,2.6105
2025-11-17 09:35,2.62,2.63,2.62,2.63,1180,2.6239
2025-11-17 09:40,2.62,2.62,2.61,2.62,4383,2.6176
2025-11-17 09:45,2.61,2.62,2.61,2.62,2406,2.6122
2025-11-17 09:50,2.61,2.62,2.61,2.61,1754,2.6113
2025-11-17 09:55,2.61,2.63,2.61,2.62,2432,2.6189
2025-11-17 10:00,2.63,2.64,2.62,2.62,7021,2.6236
2025-11-17 10:05,2.65,2.67,2.65,2.67,1457,2.661
2025-11-17 10:10,2.65,2.65,2.65,2.65,225,2.6512
2025-11-17 10:15,2.66,2.67,2.65,2.66,1272,2.6575
2025-11-17 10:20,2.67,2.67,2.66,2.66,2204,2.6627
2025-11-17 10:25,2.67,2.67,2.64,2.66,1113,2.6556
2025-11-17 10:30,2.64,2.64,2.64,2.64,104,2.6401
2025-11-17 10:35,2.65,2.65,2.65,2.65,157,2.6528
2025-11-17 10:40,2.64,2.66,2.64,2.64,2064,2.6456
2025-11-17 10:45,2.67,2.67,2.65,2.65,5166,2.6509
2025-11-17 10:50,2.66,2.67,2.66,2.67,942,2.6669
2025-11-17 10:55,2.65,2.65,2.63,2.63,3099,2.6362
2025-11-17 11:00,2.67,2.67,2.63,2.64,6622,2.6567
2025-11-17 11:05,2.65,2.65,2.63,2.64,791,2.6391
2025-11-17 11:10,2.64,2.64,2.63,2.64,1023,2.633
2025-11-17 11:15,2.62,2.64,2.62,2.62,5844,2.6248
2025-11-17 11:20,2.63,2.65,2.62,2.63,15393,2.638
2025-11-17 11:25,2.63,2.63,2.62,2.63,10707,2.6211
2025-11-17 11:30,2.62,2.63,2.61,2.61,4352,2.614
2025-11-17 11:35,2.61,2.62,2.61,2.62,1288,2.6109
2025-11-17 11:40,2.61,2.62,2.61,2.62,2199,2.611
2025-11-17 11:45,2.62,2.62,2.61,2.61,1860,2.614
2025-11-17 11:50,2.63,2.63,2.63,2.63,467,2.6303
2025-11-17 11:55,2.61,2.62,2.61,2.62,6826,2.6122
2025-11-17 12:00,2.62,2.62,2.61,2.62,28443,2.6128
2025-11-17 12:05,2.62,2.62,2.61,2.61,1722,2.6162
2025-11-17 12:10,2.61,2.63,2.61,2.62,4891,2.6206
2025-11-17 12:15,2.62,2.62,2.62,2.62,839,2.6194
2025-11-17 12:20,2.63,2.63,2.63,2.63,244,2.63
2025-11-17 12:25,2.63,2.63,2.63,2.63,5934,2.6298
2025-11-17 12:30,2.64,2.64,2.63,2.63,1603,2.6332
2025-11-17 12:35,2.62,2.64,2.62,2.62,6394,2.6245
2025-11-17 12:40,2.62,2.64,2.61,2.62,6972,2.6196
2025-11-17 12:45,2.61,2.66,2.61,2.64,2800,2.6499
2025-11-17 12:50,2.64,2.65,2.61,2.63,8554,2.628
2025-11-17 12:55,2.62,2.65,2.62,2.65,9122,2.6289
2025-11-17 13:30,2.62,2.68,2.62,2.68,1250,2.6417
2025-11-17 13:35,2.62,2.62,2.62,2.62,610,2.62
2025-11-17 14:20,2.67,2.67,2.67,2.67,150,2.67
2025-11-17 14:55,2.62,2.62,2.62,2.62,115,2.6208
2025-11-17 15:25,2.68,2.68,2.68,2.68,100,2.68
2025-11-17 15:30,2.68,2.68,2.67,2.67,400,2.675
2025-11-18 04:00,2.67,2.67,2.67,2.67,225,2.67
2025-11-18 04:15,2.68,2.7,2.68,2.7,9000,2.6996
2025-11-18 05:00,2.62,2.7,2.62,2.7,6153,2.6941
2025-11-18 05:30,2.65,2.65,2.65,2.65,832,2.65
2025-11-18 05:40,2.68,2.68,2.65,2.65,811,2.6665
2025-11-18 05:55,2.65,2.65,2.65,2.65,179,2.65
2025-11-18 06:00,2.69,2.69,2.69,2.69,100,2.69
2025-11-18 06:30,2.67,2.67,2.62,2.63,8264,2.6505
2025-11-18 06:35,2.63,2.65,2.62,2.63,5850,2.6339
2025-11-18 06:40,2.63,2.63,2.62,2.63,5100,2.6215
2025-11-18 06:45,2.63,2.65,2.63,2.65,5513,2.639
2025-11-18 06:50,2.62,2.64,2.62,2.63,5075,2.6257
2025-11-18 06:55,2.63,2.63,2.63,2.63,1204,2.6293
2025-11-18 07:00,2.63,2.64,2.62,2.62,1597,2.6317
2025-11-18 07:05,2.63,2.68,2.63,2.68,11363,2.6604
2025-11-18 07:10,2.67,2.67,2.64,2.64,11077,2.6671
2025-11-18 07:15,2.66,2.66,2.64,2.64,10028,2.6528
2025-11-18 07:20,2.64,2.66,2.63,2.65,3444,2.6342
2025-11-18 07:25,2.65,2.67,2.65,2.66,18111,2.6601
2025-11-18 07:30,2.67,2.68,2.67,2.67,8593,2.6693
2025-11-18 07:35,2.66,2.67,2.66,2.66,2313,2.6633
2025-11-18 07:40,2.66,2.67,2.66,2.66,8727,2.6621
2025-11-18 07:45,2.66,2.66,2.66,2.66,3568,2.6607
2025-11-18 07:50,2.66,2.67,2.66,2.66,3611,2.6622
2025-11-18 07:55,2.67,2.68,2.67,2.68,3593,2.6752
2025-11-18 08:00,2.67,2.68,2.66,2.66,14979,2.6619
2025-11-18 08:05,2.66,2.68,2.65,2.67,3423,2.6721
2025-11-18 08:10,2.67,2.68,2.67,2.68,1953,2.6786
2025-11-18 08:15,2.67,2.68,2.67,2.68,454,2.6734
2025-11-18 08:20,2.68,2.68,2.67,2.68,8338,2.6796
2025-11-18 08:25,2.68,2.68,2.67,2.67,9467,2.6771
2025-11-18 08:30,2.68,2.7,2.67,2.68,4180,2.6824
2025-11-18 08:35,2.69,2.69,2.68,2.69,2103,2.6873
2025-11-18 08:40,2.67,2.67,2.65,2.66,10668,2.6594
2025-11-18 08:45,2.66,2.68,2.66,2.68,900,2.6622
2025-11-18 08:50,2.65,2.65,2.64,2.65,2247,2.6459
2025-11-18 08:55,2.67,2.67,2.62,2.63,6194,2.6273
2025-11-18 09:00,2.64,2.64,2.62,2.63,5693,2.6306
2025-11-18 09:05,2.62,2.63,2.62,2.63,2457,2.6263
2025-11-18 09:10,2.63,2.64,2.62,2.63,2234,2.6314
2025-11-18 09:15,2.62,2.64,2.62,2.63,3312,2.6264
2025-11-18 09:20,2.63,2.65,2.63,2.65,920,2.6361
2025-11-18 09:25,2.65,2.65,2.64,2.65,2140,2.649
2025-11-18 09:30,2.65,2.65,2.61,2.61,20761,2.6167
2025-11-18 09:35,2.63,2.63,2.61,2.61,34738,2.6198
2025-11-18 09:40,2.63,2.65,2.63,2.65,2639,2.6388
2025-11-18 09:45,2.62,2.66,2.62,2.65,568,2.6415
2025-11-18 09:50,2.64,2.65,2.64,2.65,4634,2.6471
2025-11-18 09:55,2.65,2.67,2.65,2.67,5054,2.6665
2025-11-18 10:00,2.66,2.67,2.66,2.67,12973,2.668
2025-11-18 10:05,2.67,2.67,2.64,2.64,6080,2.6496
2025-11-18 10:10,2.65,2.66,2.65,2.65,600,2.6564
2025-11-18 10:15,2.66,2.66,2.66,2.66,1028,2.6597
2025-11-18 10:20,2.67,2.69,2.67,2.69,5493,2.6772
2025-11-18 10:25,2.68,2.69,2.67,2.67,2966,2.6787
2025-11-18 10:30,2.68,2.69,2.68,2.69,200,2.685
2025-11-18 10:40,2.69,2.7,2.67,2.67,7686,2.6961
2025-11-18 10:45,2.69,2.7,2.69,2.7,392,2.6951
2025-11-18 10:50,2.7,2.7,2.7,2.7,939,2.6996
2025-11-18 10:55,2.7,2.7,2.68,2.68,1529,2.6846
2025-11-18 11:00,2.69,2.7,2.62,2.62,23533,2.6754
2025-11-18 11:05,2.67,2.68,2.63,2.66,7062,2.667
2025-11-18 11:10,2.65,2.66,2.64,2.64,472,2.6483
2025-11-18 11:15,2.67,2.68,2.67,2.68,1371,2.6766
2025-11-18 11:20,2.65,2.65,2.65,2.65,601,2.65
2025-11-18 11:25,2.68,2.68,2.68,2.68,576,2.6799
2025-11-18 11:30,2.68,2.68,2.63,2.68,5442,2.6564
2025-11-18 11:35,2.66,2.69,2.64,2.69,1513,2.6673
2025-11-18 11:40,2.65,2.65,2.63,2.63,30736,2.6338
2025-11-18 11:45,2.66,2.66,2.63,2.63,5255,2.6318
2025-11-18 11:50,2.63,2.64,2.63,2.64,1706,2.6374
2025-11-18 11:55,2.63,2.64,2.63,2.64,10848,2.6301
2025-11-18 12:00,2.65,2.65,2.63,2.65,1468,2.6483
2025-11-18 12:05,2.64,2.66,2.64,2.66,4123,2.6535
2025-11-18 12:10,2.65,2.65,2.65,2.65,662,2.6501
2025-11-18 12:15,2.65,2.66,2.64,2.65,6945,2.6497
2025-11-18 12:20,2.65,2.66,2.64,2.66,3700,2.6552
2025-11-18 12:25,2.65,2.65,2.65,2.65,1499,2.6504
2025-11-18 12:30,2.65,2.66,2.64,2.64,7342,2.6531
2025-11-18 12:35,2.65,2.68,2.65,2.67,6740,2.6726
2025-11-18 12:40,2.68,2.68,2.65,2.65,3249,2.6691
2025-11-18 12:45,2.66,2.66,2.66,2.66,655,2.6611
2025-11-18 12:50,2.66,2.66,2.64,2.65,6359,2.6446
2025-11-18 12:55,2.65,2.67,2.65,2.65,4381,2.6582
2025-11-18 13:05,2.62,2.62,2.62,2.62,145,2.62
2025-11-18 13:15,2.65,2.65,2.65,2.65,560,2.65
2025-11-18 13:55,2.67,2.67,2.67,2.67,225,2.6697
2025-11-18 14:10,2.67,2.67,2.67,2.67,194,2.6699
2025-11-18 14:20,2.62,2.62,2.62,2.62,5000,2.6203
2025-11-18 14:25,2.62,2.62,2.62,2.62,100,2.62
2025-11-18 15:30,2.63,2.63,2.63,2.63,500,2.63
2025-11-18 15:50,2.67,2.67,2.67,2.67,100,2.67
2025-11-18 16:05,2.67,2.67,2.67,2.67,192,2.67
2025-11-19 04:25,2.68,2.68,2.68,2.68,100,2.68
2025-11-19 05:00,2.68,2.68,2.68,2.68,2345,2.68
2025-11-19 05:15,2.66,2.66,2.65,2.65,315,2.6573
2025-11-19 05:35,2.65,2.65,2.65,2.65,203,2.6504
2025-11-19 06:00,2.68,2.68,2.68,2.68,100,2.68
2025-11-19 06:10,2.61,2.67,2.61,2.67,5708,2.618
2025-11-19 06:15,2.67,2.67,2.67,2.67,105,2.6689
2025-11-19 06:20,2.67,2.67,2.67,2.67,1399,2.67
2025-11-19 06:25,2.66,2.66,2.64,2.64,630,2.6553
2025-11-19 06:30,2.68,2.68,2.6,2.67,47492,2.6097
2025-11-19 06:35,2.65,2.67,2.65,2.67,9561,2.6567
2025-11-19 06:45,2.63,2.65,2.61,2.65,6482,2.6401
2025-11-19 06:50,2.65,2.65,2.63,2.63,817,2.6403
2025-11-19 06:55,2.64,2.66,2.63,2.66,5304,2.6477
2025-11-19 07:00,2.66,2.66,2.64,2.64,822,2.6459
2025-11-19 07:05,2.64,2.64,2.62,2.62,1656,2.6381
2025-11-19 07:10,2.62,2.65,2.61,2.64,5836,2.6236
2025-11-19 07:15,2.63,2.66,2.63,2.66,1468,2.6538
2025-11-19 07:20,2.62,2.65,2.62,2.63,5616,2.629
2025-11-19 07:25,2.61,2.65,2.61,2.65,1269,2.6374
2025-11-19 07:30,2.62,2.64,2.62,2.64,2550,2.635
2025-11-19 07:35,2.63,2.63,2.61,2.61,4764,2.6192
2025-11-19 07:40,2.63,2.63,2.61,2.61,5294,2.6159
2025-11-19 07:45,2.62,2.62,2.61,2.61,20683,2.6109
2025-11-19 07:50,2.61,2.62,2.6,2.61,4011,2.6071
2025-11-19 07:55,2.61,2.61,2.58,2.58,31267,2.5995
2025-11-19 08:00,2.6,2.61,2.59,2.61,8139,2.6073
2025-11-19 08:05,2.61,2.64,2.61,2.64,8579,2.6303
2025-11-19 08:10,2.64,2.65,2.62,2.64,7306,2.6344
2025-11-19 08:15,2.63,2.65,2.63,2.64,3926,2.6394
2025-11-19 08:20,2.63,2.63,2.62,2.63,4317,2.6282
2025-11-19 08:25,2.63,2.63,2.6,2.63,23587,2.6238
2025-11-19 08:30,2.61,2.64,2.6,2.6,33699,2.6187
2025-11-19 08:35,2.63,2.63,2.62,2.62,713,2.6232
2025-11-19 08:40,2.63,2.63,2.61,2.62,6072,2.6155
2025-11-19 08:45,2.62,2.62,2.6,2.62,6846,2.616
2025-11-19 08:50,2.62,2.62,2.61,2.61,2986,2.6165
2025-11-19 08:55,2.61,2.63,2.61,2.62,3858,2.62
2025-11-19 09:00,2.62,2.63,2.62,2.63,2464,2.6213
2025-11-19 09:05,2.62,2.62,2.6,2.61,22167,2.6023
2025-11-19 09:10,2.61,2.61,2.6,2.6,1686,2.605
2025-11-19 09:15,2.61,2.61,2.6,2.61,1301,2.6046
2025-11-19 09:20,2.61,2.62,2.6,2.61,3153,2.6081
2025-11-19 09:25,2.61,2.62,2.61,2.62,1367,2.6137
2025-11-19 09:30,2.62,2.63,2.62,2.63,2397,2.6263
2025-11-19 09:35,2.62,2.63,2.61,2.63,5404,2.6154
2025-11-19 09:40,2.62,2.62,2.58,2.6,11158,2.5968
2025-11-19 09:45,2.61,2.64,2.61,2.62,5140,2.6181
2025-11-19 09:50,2.64,2.65,2.62,2.65,8842,2.6439
2025-11-19 09:55,2.64,2.64,2.6,2.63,5950,2.6067
2025-11-19 10:00,2.62,2.63,2.61,2.62,1664,2.6186
2025-11-19 10:05,2.61,2.62,2.61,2.61,2604,2.6184
2025-11-19 10:10,2.61,2.61,2.61,2.61,2007,2.6111
2025-11-19 10:15,2.62,2.62,2.61,2.62,2069,2.6204
2025-11-19 10:20,2.63,2.63,2.61,2.62,4431,2.6229
2025-11-19 10:25,2.6,2.62,2.6,2.62,405,2.61
2025-11-19 10:30,2.62,2.62,2.62,2.62,131,2.6199
2025-11-19 10:35,2.62,2.62,2.6,2.6,7815,2.6104
2025-11-19 10:40,2.61,2.62,2.6,2.6,406,2.6102
2025-11-19 10:45,2.61,2.61,2.56,2.58,14024,2.586
2025-11-19 10:50,2.58,2.6,2.58,2.6,3800,2.5933
2025-11-19 10:55,2.6,2.6,2.6,2.6,3326,2.5999
2025-11-19 11:00,2.6,2.61,2.6,2.61,1637,2.6017
2025-11-19 11:05,2.61,2.62,2.6,2.61,2511,2.6082
2025-11-19 11:10,2.61,2.61,2.61,2.61,405,2.6104
2025-11-19 11:15,2.61,2.62,2.6,2.62,7963,2.6059
2025-11-19 11:20,2.61,2.62,2.61,2.61,557,2.6113
2025-11-19 11:25,2.61,2.62,2.6,2.62,7370,2.6081
2025-11-19 11:30,2.6,2.62,2.6,2.61,2641,2.6107
2025-11-19 11:35,2.62,2.62,2.61,2.62,1801,2.6181
2025-11-19 11:40,2.61,2.63,2.61,2.62,9246,2.618
2025-11-19 11:45,2.63,2.63,2.61,2.62,14296,2.6231
2025-11-19 11:50,2.63,2.64,2.63,2.63,843,2.633
2025-11-19 11:55,2.64,2.65,2.64,2.64,1474,2.6429
2025-11-19 12:00,2.64,2.65,2.64,2.64,411,2.6419
2025-11-19 12:05,2.64,2.64,2.63,2.64,5516,2.6398
2025-11-19 12:10,2.64,2.65,2.64,2.64,10023,2.6486
2025-11-19 12:15,2.65,2.65,2.65,2.65,17287,2.6494
2025-11-19 12:20,2.65,2.65,2.64,2.65,6647,2.6453
2025-11-19 12:25,2.65,2.65,2.65,2.65,322,2.6448
2025-11-19 12:30,2.65,2.65,2.64,2.65,7954,2.6468
2025-11-19 12:35,2.65,2.65,2.65,2.65,20744,2.6497
2025-11-19 12:40,2.65,2.65,2.64,2.65,629,2.6442
2025-11-19 12:45,2.65,2.65,2.63,2.65,4847,2.6474
2025-11-19 12:50,2.65,2.65,2.64,2.65,4173,2.6479
2025-11-19 12:55,2.65,2.66,2.65,2.66,25243,2.6558
2025-11-19 13:20,2.65,2.65,2.65,2.65,1482,2.6506
2025-11-19 13:35,2.67,2.67,2.67,2.67,200,2.67
2025-11-19 14:00,2.68,2.72,2.68,2.72,3713,2.7073
2025-11-19 14:05,2.72,2.72,2.72,2.72,6997,2.7203
2025-11-19 14:10,2.72,2.72,2.72,2.72,1411,2.7213
2025-11-19 14:20,2.72,2.72,2.7,2.7,1265,2.7139
2025-11-19 14:25,2.73,2.73,2.73,2.73,150,2.7204
2025-11-19 14:30,2.68,2.68,2.68,2.68,1000,2.6795
2025-11-19 14:35,2.67,2.67,2.67,2.67,100,2.67
2025-11-19 14:40,2.68,2.68,2.68,2.68,158,2.68
2025-11-19 15:05,2.68,2.68,2.68,2.68,5161,2.68
2025-11-19 15:20,2.67,2.67,2.66,2.66,3500,2.6661
2025-11-19 15:25,2.68,2.68,2.68,2.68,229,2.6796
2025-11-19 15:40,2.68,2.68,2.68,2.68,5004,2.68
2025-11-19 15:45,2.68,2.68,2.68,2.68,2718,2.68
2025-11-19 15:55,2.73,2.73,2.73,2.73,4500,2.7334
2025-11-19 16:10,2.75,2.75,2.74,2.74,2600,2.7493
2025-11-19 16:25,2.69,2.69,2.69,2.69,367,2.6914
2025-11-19 16:45,2.69,2.69,2.69,2.69,4554,2.69
2025-11-19 16:50,2.73,2.73,2.71,2.71,400,2.72
2025-11-19 16:55,2.73,2.73,2.73,2.73,440,2.73
2025-11-20 01:00,2.85,2.85,2.85,2.85,420,2.85
2025-11-20 04:05,2.71,2.71,2.7,2.7,884,2.7025
2025-11-20 05:00,2.75,2.75,2.68,2.68,1858,2.7117
2025-11-20 05:05,2.69,2.69,2.69,2.69,200,2.69
2025-11-20 05:10,2.68,2.68,2.68,2.68,204,2.68
2025-11-20 05:55,2.72,2.72,2.72,2.72,367,2.7182
2025-11-20 06:25,2.72,2.72,2.72,2.72,200,2.72
2025-11-20 06:30,2.74,2.77,2.7,2.76,27378,2.7349
2025-11-20 06:35,2.76,2.77,2.75,2.76,7604,2.7556
2025-11-20 06:40,2.76,2.76,2.71,2.75,9916,2.7505
2025-11-20 06:45,2.75,2.75,2.72,2.73,4863,2.7365
2025-11-20 06:50,2.72,2.74,2.72,2.72,4427,2.7289
2025-11-20 06:55,2.72,2.74,2.72,2.73,4168,2.7328
2025-11-20 07:00,2.72,2.72,2.71,2.71,1061,2.7133
2025-11-20 07:05,2.71,2.71,2.65,2.67,24173,2.6788
2025-11-20 07:10,2.69,2.69,2.68,2.68,4321,2.6832
2025-11-20 07:20,2.69,2.7,2.69,2.69,2665,2.6941
2025-11-20 07:25,2.68,2.71,2.68,2.71,4230,2.6964
2025-11-20 07:30,2.71,2.72,2.68,2.68,2028,2.7137
2025-11-20 07:40,2.71,2.71,2.71,2.71,4502,2.7054
2025-11-20 07:45,2.71,2.71,2.67,2.67,1149,2.6863
2025-11-20 07:50,2.7,2.7,2.7,2.7,1756,2.6986
2025-11-20 07:55,2.7,2.7,2.68,2.69,478,2.6923
2025-11-20 08:00,2.7,2.71,2.68,2.68,1617,2.6998
2025-11-20 08:05,2.68,2.69,2.67,2.67,6507,2.6729
2025-11-20 08:10,2.67,2.68,2.66,2.66,4558,2.6683
2025-11-20 08:15,2.65,2.65,2.63,2.63,2550,2.646
2025-11-20 08:20,2.65,2.68,2.65,2.67,1973,2.6675
2025-11-20 08:25,2.67,2.67,2.67,2.67,519,2.6682
2025-11-20 08:30,2.65,2.66,2.65,2.65,1072,2.6538
2025-11-20 08:35,2.65,2.66,2.65,2.66,2163,2.6526
2025-11-20 08:40,2.65,2.66,2.63,2.66,5653,2.6445
2025-11-20 08:45,2.66,2.66,2.65,2.65,2821,2.6539
2025-11-20 08:50,2.65,2.66,2.61,2.63,9321,2.6326
2025-11-20 08:55,2.61,2.62,2.6,2.6,7129,2.6008
2025-11-20 09:00,2.61,2.61,2.6,2.61,4743,2.6089
2025-11-20 09:05,2.61,2.63,2.6,2.62,6193,2.6116
2025-11-20 09:10,2.61,2.62,2.6,2.61,5587,2.6078
2025-11-20 09:15,2.61,2.62,2.61,2.62,912,2.6129
2025-11-20 09:20,2.61,2.62,2.6,2.61,20787,2.6091
2025-11-20 09:25,2.6,2.61,2.6,2.61,12218,2.6011
2025-11-20 09:30,2.6,2.62,2.6,2.62,362,2.6118
2025-11-20 09:35,2.6,2.61,2.55,2.6,21707,2.5811
2025-11-20 09:40,2.61,2.62,2.58,2.62,4643,2.6006
2025-11-20 09:45,2.59,2.6,2.59,2.6,3102,2.5926
2025-11-20 09:50,2.6,2.61,2.6,2.6,5292,2.6064
2025-11-20 09:55,2.61,2.61,2.59,2.61,5203,2.6037
2025-11-20 10:00,2.61,2.62,2.6,2.62,3461,2.6062
2025-11-20 10:05,2.62,2.65,2.62,2.65,4159,2.6341
2025-11-20 10:10,2.65,2.66,2.65,2.66,7563,2.6513
2025-11-20 10:15,2.66,2.67,2.64,2.64,9838,2.6547
2025-11-20 10:20,2.65,2.66,2.64,2.64,1257,2.6461
2025-11-20 10:25,2.64,2.65,2.64,2.65,1444,2.6469
2025-11-20 10:30,2.62,2.67,2.62,2.67,600,2.6466
2025-11-20 10:35,2.65,2.67,2.62,2.67,2010,2.6438
2025-11-20 10:40,2.64,2.66,2.64,2.65,2046,2.6452
2025-11-20 10:45,2.63,2.63,2.63,2.63,1181,2.6312
2025-11-20 10:50,2.64,2.64,2.61,2.63,1925,2.6261
2025-11-20 10:55,2.63,2.65,2.62,2.65,3767,2.6334
2025-11-20 11:00,2.63,2.63,2.63,2.63,101,2.632
2025-11-20 11:05,2.62,2.63,2.61,2.61,5746,2.6177
2025-11-20 11:10,2.65,2.65,2.65,2.65,1936,2.649
2025-11-20 11:15,2.63,2.65,2.63,2.65,652,2.64
2025-11-20 11:20,2.66,2.66,2.63,2.63,1708,2.6497
2025-11-20 11:25,2.64,2.64,2.64,2.64,376,2.64
2025-11-20 11:30,2.64,2.64,2.64,2.64,1224,2.6401
2025-11-20 11:35,2.64,2.64,2.63,2.63,5219,2.6319
2025-11-20 11:40,2.62,2.63,2.62,2.63,202,2.6274
2025-11-20 11:50,2.62,2.63,2.62,2.63,826,2.6262
2025-11-20 11:55,2.63,2.64,2.63,2.64,1490,2.6313
2025-11-20 12:00,2.64,2.64,2.63,2.63,1160,2.636
2025-11-20 12:05,2.63,2.63,2.61,2.62,3935,2.6175
2025-11-20 12:10,2.61,2.62,2.61,2.61,3758,2.612
2025-11-20 12:15,2.62,2.62,2.61,2.61,5297,2.6144
2025-11-20 12:20,2.62,2.62,2.61,2.61,3092,2.6112
2025-11-20 12:25,2.62,2.62,2.61,2.61,47987,2.6115
2025-11-20 12:30,2.6,2.62,2.6,2.6,2187,2.6057
2025-11-20 12:35,2.6,2.6,2.58,2.58,3596,2.5926
2025-11-20 12:40,2.58,2.6,2.56,2.57,3030,2.5754
2025-11-20 12:45,2.56,2.6,2.55,2.58,8115,2.5656
2025-11-20 12:50,2.58,2.59,2.55,2.57,15213,2.5697
2025-11-20 12:55,2.58,2.58,2.55,2.56,16806,2.5588
2025-11-20 13:00,2.61,2.61,2.56,2.56,246,2.5885
2025-11-20 13:05,2.56,2.56,2.55,2.55,526,2.5581
2025-11-20 13:10,2.55,2.56,2.55,2.55,10425,2.551
2025-11-20 13:15,2.6,2.61,2.6,2.61,799,2.6004
2025-11-20 13:25,2.55,2.55,2.55,2.55,2751,2.55
2025-11-20 13:40,2.55,2.55,2.55,2.55,110,2.551
2025-11-20 13:45,2.6,2.6,2.6,2.6,120,2.6
2025-11-20 13:50,2.55,2.55,2.55,2.55,102,2.5528
2025-11-20 14:10,2.55,2.55,2.55,2.55,1594,2.5531
2025-11-20 14:20,2.62,2.62,2.62,2.62,5000,2.6199
2025-11-20 14:25,2.62,2.62,2.62,2.62,750,2.62
2025-11-20 16:10,2.6,2.65,2.6,2.65,800,2.6182
2025-11-20 16:25,2.64,2.64,2.64,2.64,102,2.6388
2025-11-21 05:10,2.59,2.59,2.59,2.59,100,2.59
2025-11-21 05:15,2.55,2.55,2.52,2.52,3402,2.5278
2025-11-21 05:20,2.58,2.58,2.58,2.58,500,2.58
2025-11-21 05:30,2.53,2.53,2.53,2.53,311,2.53
2025-11-21 05:40,2.58,2.6,2.58,2.6,703,2.5853
2025-11-21 05:45,2.6,2.6,2.6,2.6,750,2.6
2025-11-21 06:05,2.6,2.6,2.6,2.6,163,2.6
2025-11-21 06:15,2.63,2.65,2.63,2.65,753,2.6421
2025-11-21 06:20,2.64,2.64,2.64,2.64,225,2.64
2025-11-21 06:25,2.59,2.59,2.59,2.59,579,2.5919
2025-11-21 06:30,2.55,2.64,2.54,2.6,19918,2.5649
2025-11-21 06:35,2.61,2.64,2.55,2.61,16782,2.5947
2025-11-21 06:40,2.61,2.63,2.61,2.62,8764,2.6177
2025-11-21 06:45,2.59,2.59,2.57,2.59,2070,2.5826
2025-11-21 06:50,2.59,2.61,2.56,2.59,7768,2.592
2025-11-21 06:55,2.61,2.65,2.6,2.63,6136,2.6198
2025-11-21 07:00,2.63,2.63,2.61,2.61,2672,2.6198
2025-11-21 07:05,2.61,2.62,2.6,2.62,4911,2.6159
2025-11-21 07:10,2.63,2.65,2.63,2.65,1992,2.6417
2025-11-21 07:15,2.65,2.65,2.63,2.64,14865,2.6468
2025-11-21 07:20,2.64,2.65,2.6,2.63,23835,2.6085
2025-11-21 07:25,2.62,2.63,2.6,2.62,787,2.6139
2025-11-21 07:30,2.61,2.63,2.58,2.58,748,2.6033
2025-11-21 07:35,2.59,2.6,2.55,2.58,24391,2.5706
2025-11-21 07:40,2.56,2.58,2.55,2.58,1416,2.5637
2025-11-21 07:45,2.58,2.63,2.57,2.63,6328,2.5985
2025-11-21 07:50,2.59,2.59,2.58,2.58,1205,2.5838
2025-11-21 07:55,2.6,2.6,2.58,2.58,641,2.5891
2025-11-21 08:00,2.58,2.59,2.57,2.57,1433,2.578
2025-11-21 08:05,2.59,2.6,2.56,2.58,1176,2.5865
2025-11-21 08:10,2.6,2.6,2.6,2.6,655,2.5993
2025-11-21 08:15,2.58,2.61,2.58,2.6,2058,2.5923
2025-11-21 08:20,2.62,2.62,2.61,2.62,1491,2.616
2025-11-21 08:25,2.63,2.64,2.63,2.64,2571,2.6307
2025-11-21 08:30,2.64,2.64,2.62,2.62,890,2.6347
2025-11-21 08:35,2.65,2.65,2.63,2.64,10273,2.6401
2025-11-21 08:40,2.64,2.64,2.64,2.64,4707,2.64
2025-11-21 08:45,2.65,2.65,2.63,2.65,16537,2.6416
2025-11-21 08:50,2.64,2.65,2.62,2.62,6207,2.6389
2025-11-21 08:55,2.64,2.65,2.64,2.65,17200,2.6404
2025-11-21 09:00,2.65,2.65,2.64,2.65,16169,2.6438
2025-11-21 09:05,2.65,2.66,2.65,2.65,36996,2.6496
2025-11-21 09:10,2.66,2.69,2.66,2.69,17119,2.67
2025-11-21 09:15,2.69,2.7,2.67,2.69,9100,2.6873
2025-11-21 09:20,2.69,2.7,2.68,2.7,4849,2.6938
2025-11-21 09:25,2.69,2.7,2.66,2.7,9093,2.6896
2025-11-21 09:30,2.7,2.7,2.68,2.69,4723,2.6963
2025-11-21 09:35,2.69,2.7,2.69,2.7,2842,2.6905
2025-11-21 09:40,2.69,2.7,2.69,2.69,6831,2.6978
2025-11-21 09:45,2.69,2.7,2.68,2.69,14331,2.6866
2025-11-21 09:50,2.69,2.7,2.66,2.69,5654,2.6868
2025-11-21 09:55,2.67,2.7,2.67,2.67,13799,2.6795
2025-11-21 10:00,2.69,2.69,2.65,2.65,4281,2.6704
2025-11-21 10:05,2.65,2.69,2.64,2.68,3689,2.6618
2025-11-21 10:10,2.67,2.67,2.63,2.65,13184,2.6526
2025-11-21 10:15,2.65,2.67,2.63,2.65,29404,2.6473
2025-11-21 10:20,2.67,2.69,2.64,2.67,49772,2.6743
2025-11-21 10:25,2.68,2.69,2.67,2.68,23254,2.6821
2025-11-21 10:30,2.7,2.7,2.65,2.69,18358,2.6775
2025-11-21 10:35,2.69,2.7,2.62,2.62,23949,2.6665
2025-11-21 10:40,2.65,2.65,2.64,2.64,3801,2.644
2025-11-21 10:45,2.64,2.64,2.64,2.64,4526,2.6401
2025-11-21 10:50,2.68,2.7,2.68,2.69,12709,2.6847
2025-11-21 10:55,2.7,2.7,2.64,2.64,6439,2.6629
2025-11-21 11:00,2.64,2.69,2.64,2.67,4800,2.6641
2025-11-21 11:05,2.68,2.68,2.65,2.67,7824,2.6539
2025-11-21 11:10,2.65,2.66,2.63,2.64,24111,2.6381
2025-11-21 11:15,2.64,2.66,2.63,2.64,2224,2.641
2025-11-21 11:20,2.64,2.65,2.64,2.64,6620,2.6403
2025-11-21 11:25,2.64,2.65,2.63,2.64,3613,2.6419
2025-11-21 11:30,2.65,2.65,2.6,2.6,43929,2.6298
2025-11-21 11:35,2.62,2.64,2.61,2.64,3316,2.6256
2025-11-21 11:40,2.62,2.64,2.57,2.58,29404,2.5981
2025-11-21 11:45,2.62,2.62,2.6,2.61,3948,2.6105
2025-11-21 11:50,2.61,2.63,2.61,2.63,1901,2.6158
2025-11-21 11:55,2.6,2.63,2.6,2.63,4660,2.6122
2025-11-21 12:00,2.64,2.64,2.62,2.62,1291,2.6311
2025-11-21 12:05,2.62,2.66,2.61,2.64,12900,2.6437
2025-11-21 12:10,2.64,2.65,2.63,2.63,5563,2.6456
2025-11-21 12:15,2.65,2.65,2.65,2.65,907,2.6497
2025-11-21 12:20,2.63,2.63,2.63,2.63,4018,2.6301
2025-11-21 12:25,2.64,2.65,2.62,2.65,10651,2.6421
2025-11-21 12:30,2.66,2.66,2.63,2.66,5453,2.6512
2025-11-21 12:35,2.65,2.67,2.64,2.67,7731,2.6529
2025-11-21 12:40,2.67,2.67,2.65,2.65,8176,2.6539
2025-11-21 12:45,2.67,2.68,2.67,2.67,4267,2.6705
2025-11-21 12:50,2.67,2.68,2.67,2.68,1786,2.6789
2025-11-21 12:55,2.69,2.69,2.67,2.67,16895,2.6731
2025-11-21 13:10,2.67,2.67,2.67,2.67,300,2.67
2025-11-21 13:35,2.64,2.64,2.64,2.64,910,2.6405
2025-11-21 14:15,2.64,2.64,2.64,2.64,300,2.64
2025-11-21 14:35,2.64,2.64,2.64,2.64,2001,2.64
2025-11-21 14:40,2.64,2.64,2.64,2.64,766,2.64
2025-11-21 14:55,2.64,2.64,2.64,2.64,700,2.64
2025-11-21 15:45,2.66,2.67,2.65,2.67,1549,2.6611
2025-11-21 15:55,2.66,2.67,2.66,2.67,1637,2.667
2025-11-21 16:00,2.67,2.67,2.67,2.67,115,2.67
2025-11-21 16:10,2.67,2.67,2.67,2.67,150,2.67
2025-11-21 16:40,2.67,2.67,2.67,2.67,200,2.6696
2025-11-21 16:45,2.67,2.67,2.66,2.66,200,2.665
2025-11-21 16:50,2.66,2.67,2.66,2.66,1103,2.6609
2025-11-24 03:15,2.6,2.6,2.6,2.6,195,2.6
2025-11-24 04:15,2.7,2.7,2.7,2.7,501,2.7
2025-11-24 04:25,2.73,2.73,2.73,2.73,130,2.73
2025-11-24 05:00,2.73,2.73,2.73,2.73,1171,2.7258
2025-11-24 05:40,2.73,2.73,2.73,2.73,100,2.73
2025-11-24 05:45,2.73,2.73,2.73,2.73,170,2.73
2025-11-24 06:10,2.7,2.7,2.7,2.7,1097,2.7
2025-11-24 06:15,2.74,2.74,2.74,2.74,211,2.7363
2025-11-24 06:30,2.67,2.71,2.67,2.68,19765,2.6906
2025-11-24 06:35,2.69,2.73,2.69,2.7,10809,2.7111
2025-11-24 06:40,2.7,2.7,2.67,2.67,3991,2.6816
2025-11-24 06:45,2.69,2.69,2.67,2.67,3153,2.6723
2025-11-24 06:50,2.67,2.68,2.65,2.68,14510,2.6683
2025-11-24 06:55,2.68,2.68,2.68,2.68,882,2.6795
2025-11-24 07:00,2.69,2.69,2.67,2.69,6738,2.6843
2025-11-24 07:05,2.68,2.7,2.68,2.69,979,2.6906
2025-11-24 07:10,2.69,2.69,2.69,2.69,546,2.6928
2025-11-24 07:15,2.7,2.7,2.68,2.68,1040,2.6924
2025-11-24 07:20,2.7,2.7,2.68,2.7,2825,2.6892
2025-11-24 07:25,2.69,2.7,2.69,2.7,744,2.6923
2025-11-24 07:30,2.7,2.71,2.7,2.7,3143,2.6989
2025-11-24 07:35,2.7,2.74,2.7,2.74,8139,2.722
2025-11-24 07:40,2.73,2.73,2.71,2.71,9695,2.722
2025-11-24 07:45,2.72,2.72,2.71,2.72,3146,2.7158
2025-11-24 07:50,2.72,2.72,2.71,2.72,3330,2.7171
2025-11-24 07:55,2.72,2.72,2.71,2.71,6805,2.7157
2025-11-24 08:00,2.72,2.74,2.71,2.73,35828,2.7194
2025-11-24 08:05,2.74,2.74,2.72,2.72,2727,2.7302
2025-11-24 08:10,2.73,2.75,2.71,2.74,9864,2.7323
2025-11-24 08:15,2.74,2.74,2.66,2.7,29296,2.6945
2025-11-24 08:20,2.7,2.7,2.68,2.68,11744,2.6881
2025-11-24 08:25,2.68,2.69,2.67,2.68,16821,2.6809
2025-11-24 08:30,2.69,2.71,2.69,2.7,7500,2.6955
2025-11-24 08:35,2.71,2.74,2.71,2.74,8119,2.7263
2025-11-24 08:40,2.73,2.75,2.69,2.69,17367,2.719
2025-11-24 08:45,2.72,2.74,2.68,2.68,13914,2.7152
2025-11-24 08:50,2.66,2.69,2.65,2.68,39957,2.6562
2025-11-24 08:55,2.68,2.69,2.68,2.68,4096,2.6803
2025-11-24 09:00,2.66,2.68,2.66,2.66,4523,2.6703
2025-11-24 09:05,2.68,2.68,2.67,2.67,3813,2.6735
2025-11-24 09:10,2.67,2.68,2.67,2.67,3943,2.6713
2025-11-24 09:15,2.67,2.7,2.66,2.69,14297,2.6776
2025-11-24 09:20,2.7,2.72,2.69,2.72,12072,2.7042
2025-11-24 09:25,2.71,2.71,2.67,2.71,5412,2.6952
2025-11-24 09:30,2.71,2.73,2.71,2.73,5672,2.7142
2025-11-24 09:35,2.72,2.73,2.7,2.71,1852,2.7186
2025-11-24 09:40,2.72,2.72,2.72,2.72,2972,2.715
2025-11-24 09:45,2.72,2.73,2.69,2.7,9983,2.722
2025-11-24 09:50,2.72,2.73,2.7,2.7,4909,2.7146
2025-11-24 09:55,2.73,2.73,2.68,2.7,7505,2.6994
2025-11-24 10:00,2.69,2.72,2.69,2.72,3620,2.6995
2025-11-24 10:05,2.7,2.7,2.7,2.7,1653,2.7006
2025-11-24 10:10,2.72,2.72,2.68,2.68,1761,2.6921
2025-11-24 10:15,2.7,2.72,2.69,2.7,5769,2.7076
2025-11-24 10:20,2.69,2.7,2.69,2.69,2155,2.693
2025-11-24 10:30,2.7,2.72,2.69,2.7,3684,2.7053
2025-11-24 10:35,2.73,2.73,2.72,2.73,4620,2.7245
2025-11-24 10:40,2.73,2.73,2.72,2.72,3185,2.7272
2025-11-24 10:45,2.71,2.71,2.7,2.71,2916,2.7051
2025-11-24 10:50,2.72,2.72,2.65,2.67,36502,2.6701
2025-11-24 10:55,2.68,2.7,2.68,2.7,3265,2.6938
2025-11-24 11:00,2.68,2.69,2.67,2.68,5108,2.6795
2025-11-24 11:05,2.68,2.68,2.67,2.67,613,2.6756
2025-11-24 11:10,2.69,2.69,2.69,2.69,593,2.6889
2025-11-24 11:30,2.67,2.69,2.67,2.69,1183,2.6806
2025-11-24 11:35,2.68,2.7,2.68,2.7,2691,2.6867
2025-11-24 11:45,2.7,2.71,2.69,2.71,9069,2.7008
2025-11-24 11:50,2.71,2.71,2.7,2.7,3306,2.7024
2025-11-24 11:55,2.7,2.7,2.7,2.7,654,2.6991
2025-11-24 12:00,2.71,2.71,2.7,2.7,1003,2.7072
2025-11-24 12:05,2.71,2.71,2.71,2.71,146,2.7084
2025-11-24 12:10,2.7,2.71,2.7,2.71,291,2.705
2025-11-24 12:20,2.71,2.71,2.71,2.71,6130,2.71
2025-11-24 12:25,2.7,2.71,2.7,2.71,262,2.7062
2025-11-24 12:30,2.71,2.73,2.71,2.71,8211,2.713
2025-11-24 12:35,2.71,2.72,2.71,2.72,7718,2.7108
2025-11-24 12:40,2.74,2.74,2.74,2.74,2558,2.7385
2025-11-24 12:45,2.75,2.75,2.74,2.74,8061,2.7453
2025-11-24 12:50,2.74,2.74,2.73,2.74,5046,2.7348
2025-11-24 12:55,2.74,2.74,2.68,2.68,32011,2.7094
2025-11-24 13:00,2.68,2.68,2.68,2.68,1500,2.68
2025-11-24 13:05,2.68,2.69,2.68,2.69,4200,2.6821
2025-11-24 13:45,2.69,2.69,2.69,2.69,100,2.6896
2025-11-24 14:10,2.69,2.69,2.69,2.69,500,2.69
2025-11-24 14:40,2.69,2.69,2.69,2.69,126,2.69
2025-11-24 14:50,2.69,2.69,2.69,2.69,2000,2.69
2025-11-24 15:05,2.67,2.67,2.67,2.67,250,2.6727
2025-11-24 15:10,2.67,2.67,2.67,2.67,250,2.67
2025-11-24 16:30,2.69,2.69,2.69,2.69,100,2.69
2025-11-24 16:40,2.68,2.68,2.68,2.68,225,2.68
2025-11-24 16:45,2.68,2.68,2.68,2.68,900,2.68
2025-11-25 03:30,2.69,2.69,2.69,2.69,100,2.69
2025-11-25 04:00,2.68,2.68,2.68,2.68,235,2.6836
2025-11-25 04:35,2.66,2.66,2.66,2.66,698,2.66
2025-11-25 04:55,2.66,2.66,2.66,2.66,963,2.66
2025-11-25 05:40,2.67,2.67,2.67,2.67,210,2.67
2025-11-25 06:00,2.69,2.69,2.69,2.69,100,2.69
2025-11-25 06:30,2.64,2.7,2.64,2.7,6668,2.6729
2025-11-25 06:35,2.68,2.7,2.68,2.7,6271,2.6921
2025-11-25 06:40,2.7,2.71,2.68,2.68,1952,2.6968
2025-11-25 06:45,2.67,2.68,2.65,2.68,10543,2.6679
2025-11-25 06:50,2.65,2.69,2.64,2.64,18217,2.6549
2025-11-25 06:55,2.67,2.68,2.63,2.68,31420,2.6524
2025-11-25 07:00,2.64,2.66,2.62,2.63,60240,2.629
2025-11-25 07:05,2.64,2.68,2.63,2.67,13094,2.6564
2025-11-25 07:10,2.67,2.69,2.63,2.69,26410,2.6737
2025-11-25 07:15,2.67,2.7,2.67,2.69,7518,2.6841
2025-11-25 07:20,2.69,2.69,2.66,2.66,5109,2.6883
2025-11-25 07:25,2.69,2.69,2.67,2.69,27918,2.6889
2025-11-25 07:30,2.69,2.69,2.68,2.69,7236,2.6832
2025-11-25 07:35,2.69,2.71,2.69,2.71,3869,2.6956
2025-11-25 07:40,2.7,2.72,2.7,2.72,3457,2.7132
2025-11-25 07:45,2.71,2.75,2.69,2.7,17584,2.7118
2025-11-25 07:50,2.7,2.71,2.69,2.7,6448,2.7007
2025-11-25 07:55,2.71,2.73,2.7,2.73,2906,2.7253
2025-11-25 08:00,2.73,2.73,2.7,2.73,11533,2.7252
2025-11-25 08:05,2.7,2.74,2.69,2.74,24015,2.714
2025-11-25 08:10,2.72,2.74,2.71,2.74,2784,2.7214
2025-11-25 08:15,2.73,2.74,2.71,2.73,625,2.7261
2025-11-25 08:20,2.73,2.75,2.72,2.75,11222,2.7472
2025-11-25 08:25,2.74,2.76,2.74,2.76,12200,2.7534
2025-11-25 08:30,2.76,2.77,2.76,2.76,4899,2.7614
2025-11-25 08:35,2.76,2.77,2.76,2.76,1312,2.7631
2025-11-25 08:40,2.74,2.75,2.74,2.74,1732,2.7417
2025-11-25 08:45,2.75,2.75,2.74,2.75,2121,2.744
2025-11-25 08:50,2.75,2.75,2.75,2.75,169,2.75
2025-11-25 08:55,2.74,2.75,2.74,2.74,1598,2.7408
2025-11-25 09:00,2.74,2.75,2.74,2.74,2076,2.7415
2025-11-25 09:05,2.75,2.75,2.74,2.75,7332,2.7456
2025-11-25 09:10,2.75,2.76,2.74,2.76,4015,2.7469
2025-11-25 09:15,2.76,2.76,2.73,2.75,13278,2.7382
2025-11-25 09:20,2.77,2.77,2.76,2.77,2337,2.7679
2025-11-25 09:25,2.77,2.8,2.77,2.78,6951,2.7857
2025-11-25 09:30,2.78,2.78,2.77,2.78,5260,2.7743
2025-11-25 09:35,2.78,2.78,2.77,2.77,7396,2.7723
2025-11-25 09:40,2.77,2.77,2.75,2.76,2983,2.7639
2025-11-25 09:45,2.76,2.78,2.74,2.78,7925,2.7698
2025-11-25 09:50,2.78,2.78,2.77,2.77,10864,2.7749
2025-11-25 09:55,2.78,2.78,2.74,2.74,9042,2.7545
2025-11-25 10:00,2.76,2.77,2.74,2.77,2726,2.7557
2025-11-25 10:05,2.75,2.75,2.73,2.73,2516,2.7331
2025-11-25 10:10,2.75,2.77,2.73,2.75,2455,2.7504
2025-11-25 10:15,2.75,2.75,2.75,2.75,105,2.75
2025-11-25 10:20,2.75,2.75,2.75,2.75,205,2.75
2025-11-25 10:25,2.75,2.75,2.75,2.75,1282,2.7498
2025-11-25 10:30,2.74,2.74,2.74,2.74,368,2.742
2025-11-25 10:35,2.75,2.76,2.75,2.76,530,2.7572
2025-11-25 10:40,2.76,2.76,2.76,2.76,1844,2.7581
2025-11-25 10:45,2.75,2.76,2.75,2.76,782,2.758
2025-11-25 10:50,2.75,2.77,2.75,2.77,4617,2.7505
2025-11-25 10:55,2.75,2.75,2.74,2.74,1971,2.7474
2025-11-25 11:00,2.74,2.75,2.74,2.75,6745,2.7449
2025-11-25 11:05,2.74,2.74,2.74,2.74,534,2.74
2025-11-25 11:10,2.75,2.75,2.75,2.75,439,2.7466
2025-11-25 11:15,2.75,2.75,2.75,2.75,4538,2.7499
2025-11-25 11:20,2.75,2.75,2.73,2.73,3561,2.7381
2025-11-25 11:25,2.74,2.74,2.73,2.73,4618,2.7309
2025-11-25 11:30,2.73,2.75,2.72,2.75,14402,2.7395
2025-11-25 11:35,2.76,2.76,2.76,2.76,1325,2.759
2025-11-25 11:40,2.76,2.76,2.76,2.76,2027,2.7602
2025-11-25 11:50,2.77,2.78,2.77,2.78,3336,2.7734
2025-11-25 11:55,2.77,2.77,2.76,2.77,1049,2.7685
2025-11-25 12:00,2.77,2.77,2.76,2.76,1138,2.7609
2025-11-25 12:05,2.77,2.77,2.76,2.77,3649,2.7681
2025-11-25 12:10,2.77,2.77,2.76,2.76,370,2.7637
2025-11-25 12:15,2.78,2.78,2.77,2.77,3529,2.7747
2025-11-25 12:20,2.78,2.78,2.77,2.78,6621,2.7731
2025-11-25 12:25,2.78,2.78,2.77,2.78,5672,2.7755
2025-11-25 12:30,2.78,2.78,2.77,2.78,2070,2.7746
2025-11-25 12:35,2.77,2.78,2.77,2.78,1792,2.7748
2025-11-25 12:40,2.78,2.78,2.76,2.77,6678,2.7687
2025-11-25 12:45,2.76,2.77,2.75,2.76,12816,2.7579
2025-11-25 12:50,2.75,2.78,2.75,2.78,8497,2.7643
2025-11-25 12:55,2.77,2.78,2.76,2.76,9437,2.7696
2025-11-25 13:00,2.75,2.75,2.75,2.75,1020,2.7506
2025-11-25 13:20,2.75,2.75,2.75,2.75,1838,2.7501
2025-11-25 13:30,2.77,2.77,2.77,2.77,1285,2.7694
2025-11-25 13:35,2.75,2.75,2.75,2.75,550,2.7518
2025-11-25 13:40,2.77,2.77,2.75,2.75,703,2.7671
2025-11-25 13:45,2.75,2.75,2.75,2.75,406,2.75
2025-11-25 13:55,2.75,2.75,2.75,2.75,219,2.75
2025-11-25 14:20,2.75,2.75,2.75,2.75,100,2.75
2025-11-25 14:25,2.75,2.75,2.75,2.75,470,2.75
2025-11-25 14:35,2.75,2.75,2.75,2.75,502,2.75
2025-11-25 14:40,2.75,2.75,2.75,2.75,651,2.7498
2025-11-25 15:15,2.75,2.75,2.75,2.75,125,2.75
2025-11-25 15:30,2.75,2.75,2.75,2.75,100,2.75
2025-11-25 15:40,2.77,2.77,2.77,2.77,4000,2.77
2025-11-25 16:10,2.72,2.72,2.71,2.71,705,2.7171
2025-11-25 16:20,2.72,2.72,2.71,2.71,2900,2.7183
2025-11-25 16:30,2.71,2.71,2.71,2.71,1009,2.7112
2025-11-25 16:55,2.71,2.71,2.71,2.71,292,2.7114
2025-11-26 04:05,2.82,2.99,2.82,2.99,3592,2.8621
2025-11-26 04:10,2.79,2.79,2.79,2.79,1000,2.79
2025-11-26 05:00,2.81,2.81,2.81,2.81,237,2.813
2025-11-26 05:25,2.8,2.8,2.8,2.8,1000,2.8
2025-11-26 05:30,2.81,2.81,2.81,2.81,166,2.81
2025-11-26 05:55,2.8,2.8,2.8,2.8,100,2.8
2025-11-26 06:05,2.8,2.81,2.8,2.81,1526,2.8015
2025-11-26 06:30,2.78,2.8,2.77,2.77,28813,2.7794
2025-11-26 06:35,2.78,2.8,2.78,2.8,12884,2.7976
2025-11-26 06:40,2.81,2.82,2.79,2.79,3475,2.8112
2025-11-26 06:45,2.82,2.84,2.81,2.84,4813,2.8259
2025-11-26 06:50,2.85,2.86,2.85,2.85,11353,2.8541
2025-11-26 06:55,2.85,2.86,2.83,2.85,9667,2.8465
2025-11-26 07:00,2.85,2.86,2.85,2.85,14351,2.858
2025-11-26 07:05,2.86,2.86,2.85,2.86,12363,2.8552
2025-11-26 07:10,2.86,2.86,2.85,2.86,9624,2.8584
2025-11-26 07:15,2.86,2.86,2.85,2.86,2207,2.8552
2025-11-26 07:20,2.86,2.86,2.85,2.85,1596,2.8522
2025-11-26 07:25,2.85,2.86,2.85,2.86,1742,2.8536
2025-11-26 07:30,2.86,2.86,2.86,2.86,14060,2.8598
2025-11-26 07:35,2.86,2.87,2.85,2.87,20070,2.8611
2025-11-26 07:40,2.87,2.87,2.85,2.85,7436,2.8597
2025-11-26 07:45,2.85,2.88,2.85,2.88,3761,2.8567
2025-11-26 07:50,2.87,2.87,2.85,2.85,2406,2.8623
2025-11-26 07:55,2.85,2.88,2.85,2.88,451,2.8617
2025-11-26 08:00,2.88,2.88,2.85,2.87,2870,2.8681
2025-11-26 08:05,2.86,2.88,2.86,2.86,3016,2.8686
2025-11-26 08:10,2.86,2.88,2.86,2.88,4014,2.8726
2025-11-26 08:15,2.86,2.87,2.85,2.87,4155,2.8664
2025-11-26 08:20,2.86,2.87,2.86,2.87,2672,2.8666
2025-11-26 08:25,2.86,2.87,2.85,2.86,2475,2.86
2025-11-26 08:30,2.86,2.86,2.85,2.86,6260,2.8597
2025-11-26 08:35,2.87,2.87,2.86,2.87,2450,2.8684
2025-11-26 08:40,2.88,2.88,2.86,2.87,4175,2.8719
2025-11-26 08:45,2.86,2.88,2.86,2.88,2477,2.8766
2025-11-26 08:50,2.86,2.87,2.86,2.87,951,2.8626
2025-11-26 08:55,2.87,2.88,2.87,2.87,2634,2.876
2025-11-26 09:00,2.88,2.88,2.87,2.88,18952,2.8779
2025-11-26 09:05,2.88,2.88,2.87,2.87,4158,2.8733
2025-11-26 09:10,2.88,2.88,2.88,2.88,757,2.8787
2025-11-26 09:15,2.88,2.91,2.88,2.91,12315,2.9001
2025-11-26 09:20,2.9,2.91,2.89,2.89,2160,2.8938
2025-11-26 09:25,2.89,2.9,2.89,2.89,1757,2.8958
2025-11-26 09:30,2.88,2.9,2.87,2.9,12488,2.8935
2025-11-26 09:35,2.88,2.89,2.88,2.89,1097,2.8848
2025-11-26 09:40,2.88,2.89,2.88,2.89,3455,2.8859
2025-11-26 09:45,2.88,2.9,2.88,2.9,6973,2.8893
2025-11-26 09:50,2.9,2.91,2.89,2.9,5329,2.903
2025-11-26 09:55,2.9,2.91,2.9,2.91,3702,2.9032
2025-11-26 10:00,2.91,2.92,2.9,2.91,3790,2.9062
2025-11-26 10:05,2.91,2.95,2.91,2.91,15430,2.9371
2025-11-26 10:10,2.92,2.94,2.91,2.94,9886,2.9203
2025-11-26 10:15,2.94,2.94,2.93,2.94,3537,2.9357
2025-11-26 10:20,2.94,2.94,2.93,2.94,7765,2.9386
2025-11-26 10:25,2.94,2.94,2.91,2.91,4368,2.9281
2025-11-26 10:30,2.92,2.94,2.91,2.92,1275,2.9237
2025-11-26 10:35,2.91,2.93,2.91,2.93,10957,2.9177
2025-11-26 10:40,2.91,2.91,2.91,2.91,734,2.9113
2025-11-26 10:45,2.91,2.94,2.9,2.94,5290,2.9159
2025-11-26 10:50,2.93,2.94,2.91,2.92,2081,2.9257
2025-11-26 10:55,2.94,2.94,2.94,2.94,818,2.9359
2025-11-26 11:00,2.92,2.92,2.92,2.92,611,2.9191
2025-11-26 11:05,2.92,2.92,2.92,2.92,1979,2.9188
2025-11-26 11:10,2.91,2.92,2.91,2.92,2392,2.9156
2025-11-26 11:15,2.91,2.94,2.91,2.94,10532,2.9268
2025-11-26 11:20,2.94,2.94,2.92,2.94,17963,2.9342
2025-11-26 11:25,2.94,2.95,2.93,2.93,17105,2.9365
2025-11-26 11:30,2.94,2.94,2.93,2.93,8302,2.931
2025-11-26 11:35,2.92,2.94,2.92,2.94,2444,2.9373
2025-11-26 11:40,2.95,2.97,2.95,2.97,20074,2.9619
2025-11-26 11:45,2.98,3.03,2.97,3.03,28108,3.0061
2025-11-26 11:50,3.03,3.03,3.01,3.02,21968,3.0161
2025-11-26 11:55,3.02,3.03,3.01,3.02,10340,3.0197
2025-11-26 12:00,3.03,3.03,3.01,3.02,29215,3.0178
2025-11-26 12:05,3.02,3.02,3.01,3.01,41590,3.0112
2025-11-26 12:10,3,3.01,3,3,3965,3.0018
2025-11-26 12:15,3.01,3.02,3,3.01,15995,3.0044
2025-11-26 12:20,3.02,3.02,3,3.01,25685,3.0097
2025-11-26 12:25,3.02,3.02,3,3.01,13946,3.0105
2025-11-26 12:30,3.02,3.03,3.01,3.03,23827,3.0187
2025-11-26 12:35,3.02,3.03,3.01,3.02,8984,3.0214
2025-11-26 12:40,3.02,3.03,3.02,3.02,2695,3.0259
2025-11-26 12:45,3.01,3.02,3.01,3.02,7273,3.0119
2025-11-26 12:50,3.01,3.03,2.99,3.02,18937,3.0068
2025-11-26 12:55,3.02,3.02,2.95,2.95,20697,2.9838
2025-11-26 13:05,3.01,3.01,3.01,3.01,1054,3.01
2025-11-26 13:10,3.01,3.02,3.01,3.02,5801,3.0161
2025-11-26 13:15,3.01,3.01,3.01,3.01,10000,3.01
2025-11-26 13:20,3.01,3.01,3.01,3.01,241,3.01
2025-11-26 13:30,3.01,3.02,3.01,3.02,1411,3.0122
2025-11-26 13:35,3.01,3.01,2.97,2.97,7378,3.0084
2025-11-26 13:45,3.01,3.01,3.01,3.01,300,3.0133
2025-11-26 13:50,3.02,3.02,3.02,3.02,350,3.02
2025-11-26 14:00,3.02,3.02,3.02,3.02,389,3.02
2025-11-26 14:30,3.01,3.01,3.01,3.01,166,3.01
2025-11-26 14:50,3.01,3.01,3.01,3.01,353,3.01
2025-11-26 15:25,3.01,3.01,3.01,3.01,401,3.01
2025-11-26 15:30,3.01,3.01,3.01,3.01,100,3.01
2025-11-26 16:05,3,3,2.97,2.97,1085,2.974
2025-11-28 01:00,3.01,3.02,3.01,3.02,1320,3.015
2025-11-28 01:10,3.23,3.23,3.23,3.23,189,3.2284
2025-11-28 01:15,3.23,3.24,3.23,3.24,3476,3.2327
2025-11-28 01:25,3.19,3.19,3.19,3.19,205,3.19
2025-11-28 01:40,3.24,3.25,3.24,3.24,1373,3.2414
2025-11-28 01:45,3.25,3.25,3.25,3.25,311,3.25
2025-11-28 03:50,3.3,3.34,3.3,3.34,327,3.3264
2025-11-28 04:00,3.15,3.2,3.15,3.2,1059,3.1796
2025-11-28 04:05,3.15,3.34,3.15,3.25,4139,3.2381
2025-11-28 04:10,3.2,3.24,3.2,3.24,1230,3.2354
2025-11-28 04:15,3.24,3.24,3.2,3.2,2245,3.2293
2025-11-28 04:25,3.16,3.16,3.15,3.15,1735,3.1506
2025-11-28 04:30,3.13,3.15,3.13,3.15,575,3.1475
2025-11-28 04:35,3.1,3.1,3.1,3.1,328,3.1109
2025-11-28 05:00,3.28,3.28,3.15,3.19,12024,3.2021
2025-11-28 05:05,3.2,3.2,3.2,3.2,535,3.2
2025-11-28 05:10,3.2,3.2,3.2,3.2,400,3.2
2025-11-28 05:15,3.16,3.2,3.16,3.2,860,3.1693
2025-11-28 05:20,3.2,3.2,3.2,3.2,295,3.2
2025-11-28 05:25,3.19,3.19,3.19,3.19,105,3.1897
2025-11-28 05:35,3.19,3.19,3.19,3.19,4528,3.1898
2025-11-28 05:40,3.17,3.19,3.17,3.19,1022,3.1763
2025-11-28 05:45,3.17,3.19,3.17,3.19,400,3.175
2025-11-28 05:50,3.19,3.2,3.18,3.2,3772,3.1973
2025-11-28 05:55,3.19,3.19,3.17,3.17,452,3.1814
2025-11-28 06:00,3.2,3.2,3.2,3.2,4000,3.1993
2025-11-28 06:05,3.17,3.17,3.17,3.17,1355,3.1704
2025-11-28 06:10,3.17,3.2,3.17,3.2,1736,3.1964
2025-11-28 06:15,3.2,3.2,3.2,3.2,660,3.2
2025-11-28 06:20,3.2,3.2,3.2,3.2,1079,3.196
2025-11-28 06:25,3.2,3.2,3.17,3.17,2298,3.1974
2025-11-28 06:30,3.15,3.23,3.15,3.21,73446,3.1777
2025-11-28 06:35,3.2,3.34,3.2,3.34,201294,3.2599
2025-11-28 06:40,3.32,3.34,3.29,3.29,72447,3.3152
2025-11-28 06:45,3.29,3.31,3.28,3.3,43774,3.2928
2025-11-28 06:50,3.29,3.32,3.25,3.25,84047,3.2718
2025-11-28 06:55,3.25,3.28,3.25,3.27,13987,3.2693
2025-11-28 07:00,3.28,3.29,3.23,3.23,54830,3.2682
2025-11-28 07:05,3.26,3.26,3.19,3.19,33182,3.2174
2025-11-28 07:10,3.22,3.26,3.19,3.2,15000,3.2319
2025-11-28 07:15,3.2,3.23,3.19,3.23,32363,3.2016
2025-11-28 07:20,3.21,3.21,3.2,3.21,3142,3.2054
2025-11-28 07:25,3.21,3.22,3.2,3.22,10308,3.2098
2025-11-28 07:30,3.21,3.22,3.21,3.21,4651,3.2141
2025-11-28 07:35,3.22,3.22,3.13,3.13,28409,3.168
2025-11-28 07:40,3.14,3.15,3.14,3.15,5685,3.1473
2025-11-28 07:45,3.15,3.15,3.11,3.12,6459,3.126
2025-11-28 07:50,3.12,3.13,3.11,3.13,5874,3.1211
2025-11-28 07:55,3.12,3.17,3.12,3.17,4802,3.148
2025-11-28 08:00,3.17,3.18,3.15,3.15,11229,3.1594
2025-11-28 08:05,3.16,3.18,3.15,3.16,7278,3.167
2025-11-28 08:10,3.17,3.17,3.16,3.16,518,3.1643
2025-11-28 08:15,3.17,3.22,3.17,3.21,16072,3.1962
2025-11-28 08:20,3.22,3.25,3.21,3.22,10357,3.2202
2025-11-28 08:25,3.21,3.29,3.21,3.27,18914,3.2483
2025-11-28 08:30,3.29,3.3,3.27,3.3,32484,3.2929
2025-11-28 08:35,3.3,3.31,3.27,3.3,34737,3.2977
2025-11-28 08:40,3.29,3.29,3.25,3.26,26050,3.2771
2025-11-28 08:45,3.26,3.28,3.26,3.28,5430,3.2673
2025-11-28 08:50,3.29,3.31,3.29,3.3,23703,3.2964
2025-11-28 08:55,3.3,3.3,3.29,3.3,18818,3.2909
2025-11-28 09:00,3.3,3.3,3.26,3.26,7836,3.2834
2025-11-28 09:05,3.26,3.29,3.26,3.27,7710,3.2761
2025-11-28 09:10,3.28,3.29,3.26,3.29,9629,3.2777
2025-11-28 09:15,3.3,3.3,3.29,3.29,31484,3.2982
2025-11-28 09:20,3.29,3.3,3.28,3.28,6124,3.2889
2025-11-28 09:25,3.27,3.3,3.27,3.29,4887,3.2858
2025-11-28 09:30,3.3,3.3,3.26,3.27,7160,3.2711
2025-11-28 09:35,3.27,3.3,3.27,3.3,5520,3.2941
2025-11-28 09:40,3.29,3.3,3.28,3.29,4543,3.2883
2025-11-28 09:45,3.3,3.3,3.27,3.27,18426,3.2973
2025-11-28 09:50,3.28,3.3,3.28,3.29,10039,3.2942
2025-11-28 09:55,3.29,3.34,3.29,3.34,25768,3.3101
2025-11-28 10:00,3.34,3.34,3.34,3.34,990,3.34
2025-11-28 13:00,3.54,3.59,3.54,3.59,5343,3.5723
2025-11-28 13:05,3.58,3.59,3.58,3.59,2189,3.5886
2025-11-28 13:10,3.6,3.66,3.6,3.66,12798,3.6138
2025-11-28 13:15,3.63,3.66,3.63,3.65,7850,3.6465
2025-11-28 13:20,3.65,3.65,3.59,3.59,2013,3.6407
2025-11-28 13:25,3.57,3.6,3.57,3.6,739,3.584
2025-11-28 13:30,3.64,3.65,3.55,3.65,1606,3.6198
2025-11-28 13:35,3.65,3.65,3.64,3.64,894,3.6434
2025-11-28 13:40,3.64,3.64,3.6,3.6,1283,3.6235
2025-11-28 13:45,3.64,3.64,3.64,3.64,1313,3.6395
2025-11-28 13:50,3.61,3.61,3.59,3.6,1911,3.6046
2025-11-28 13:55,3.55,3.55,3.55,3.55,208,3.5502
2025-12-01 01:00,3.65,3.65,3.65,3.65,157,3.6452
2025-12-01 01:40,3.26,3.26,3.26,3.26,100,3.26
2025-12-01 04:00,3.3,3.63,3.3,3.63,9798,3.5165
2025-12-01 04:10,3.49,3.54,3.49,3.54,564,3.5311
2025-12-01 04:15,3.54,3.54,3.54,3.54,100,3.54
2025-12-01 04:20,3.5,3.5,3.5,3.5,1200,3.5012
2025-12-01 04:40,3.37,3.37,3.37,3.37,600,3.37
2025-12-01 04:45,3.4,3.4,3.36,3.36,2474,3.3621
2025-12-01 04:50,3.37,3.37,3.35,3.35,505,3.368
2025-12-01 04:55,3.31,3.31,3.31,3.31,187,3.31
2025-12-01 05:00,3.54,3.6,3.29,3.29,9738,3.4214
2025-12-01 05:20,3.35,3.35,3.35,3.35,1263,3.3504
2025-12-01 05:30,3.4,3.4,3.4,3.4,7812,3.4
2025-12-01 05:35,3.43,3.43,3.43,3.43,2204,3.4298
2025-12-01 05:40,3.43,3.43,3.43,3.43,2825,3.43
2025-12-01 05:45,3.43,3.43,3.4,3.4,3206,3.405
2025-12-01 05:50,3.4,3.45,3.4,3.45,1216,3.4371
2025-12-01 05:55,3.35,3.35,3.35,3.35,5000,3.35
2025-12-01 06:10,3.4,3.45,3.4,3.45,274,3.4188
2025-12-01 06:20,3.4,3.4,3.35,3.35,487,3.3947
2025-12-01 06:25,3.34,3.34,3.34,3.34,183,3.3446
2025-12-01 06:30,3.29,3.42,3.27,3.34,76922,3.3154
2025-12-01 06:35,3.32,3.5,3.32,3.41,90304,3.4241
2025-12-01 06:40,3.42,3.55,3.42,3.48,94882,3.4923
2025-12-01 06:45,3.5,3.53,3.47,3.5,23562,3.4948
2025-12-01 06:50,3.5,3.5,3.45,3.45,48779,3.4806
2025-12-01 06:55,3.46,3.46,3.43,3.46,10521,3.4476
2025-12-01 07:00,3.46,3.48,3.41,3.44,15091,3.4487
2025-12-01 07:05,3.45,3.46,3.43,3.46,12241,3.455
2025-12-01 07:10,3.45,3.5,3.4,3.49,33662,3.4574
2025-12-01 07:15,3.5,3.5,3.44,3.46,21751,3.4649
2025-12-01 07:20,3.46,3.46,3.4,3.4,32397,3.4237
2025-12-01 07:25,3.4,3.4,3.36,3.39,18011,3.377
2025-12-01 07:30,3.36,3.42,3.35,3.41,5027,3.3619
2025-12-01 07:35,3.4,3.47,3.4,3.47,5586,3.4421
2025-12-01 07:40,3.47,3.49,3.46,3.48,6868,3.4745
2025-12-01 07:45,3.47,3.5,3.47,3.5,14150,3.4892
2025-12-01 07:50,3.5,3.5,3.48,3.5,33064,3.4955
2025-12-01 07:55,3.5,3.53,3.49,3.53,56117,3.5
2025-12-01 08:00,3.52,3.55,3.46,3.53,31851,3.5173
2025-12-01 08:05,3.53,3.53,3.49,3.5,16997,3.5017
2025-12-01 08:10,3.51,3.51,3.49,3.5,1920,3.5008
2025-12-01 08:15,3.5,3.55,3.49,3.54,48709,3.5208
2025-12-01 08:20,3.53,3.55,3.51,3.55,23729,3.5277
2025-12-01 08:25,3.54,3.58,3.54,3.57,27318,3.56
2025-12-01 08:30,3.56,3.58,3.56,3.57,19570,3.5662
2025-12-01 08:35,3.57,3.6,3.57,3.58,36196,3.5765
2025-12-01 08:40,3.59,3.6,3.58,3.59,40161,3.587
2025-12-01 08:45,3.59,3.6,3.58,3.59,38761,3.5855
2025-12-01 08:50,3.59,3.6,3.58,3.58,16705,3.5972
2025-12-01 08:55,3.6,3.6,3.58,3.59,7622,3.5963
2025-12-01 09:00,3.58,3.58,3.56,3.57,18878,3.5691
2025-12-01 09:05,3.57,3.59,3.57,3.57,11413,3.5723
2025-12-01 09:10,3.59,3.6,3.59,3.6,7241,3.5937
2025-12-01 09:15,3.59,3.6,3.57,3.57,7739,3.5899
2025-12-01 09:20,3.58,3.61,3.57,3.58,14775,3.5907
2025-12-01 09:25,3.58,3.6,3.58,3.6,17626,3.5985
2025-12-01 09:30,3.6,3.64,3.6,3.63,12074,3.6199
2025-12-01 09:35,3.63,3.68,3.62,3.65,21605,3.6492
2025-12-01 09:40,3.64,3.66,3.62,3.63,11726,3.6385
2025-12-01 09:45,3.62,3.67,3.58,3.67,31179,3.6279
2025-12-01 09:50,3.65,3.95,3.65,3.69,110366,3.7756
2025-12-01 09:55,3.68,3.75,3.65,3.73,20591,3.7024
2025-12-01 10:00,3.73,3.81,3.73,3.74,72158,3.7785
2025-12-01 10:05,3.74,3.75,3.7,3.73,31644,3.7299
2025-12-01 10:10,3.72,3.72,3.7,3.7,17523,3.7129
2025-12-01 10:15,3.7,3.72,3.7,3.7,11914,3.7118
2025-12-01 10:20,3.7,3.71,3.69,3.7,22862,3.7012
2025-12-01 10:25,3.71,3.72,3.7,3.71,9343,3.7105
2025-12-01 10:30,3.71,3.72,3.7,3.72,13531,3.7145
2025-12-01 10:35,3.72,3.73,3.7,3.7,17042,3.716
2025-12-01 10:40,3.69,3.72,3.69,3.7,10714,3.7026
2025-12-01 10:45,3.69,3.69,3.65,3.67,21347,3.6744
2025-12-01 10:50,3.68,3.68,3.67,3.68,5929,3.6793
2025-12-01 10:55,3.67,3.69,3.67,3.69,1652,3.6818
2025-12-01 11:00,3.68,3.68,3.65,3.65,18313,3.6661
2025-12-01 11:05,3.65,3.67,3.65,3.66,15306,3.653
2025-12-01 11:10,3.65,3.67,3.65,3.65,9262,3.6525
2025-12-01 11:15,3.64,3.65,3.59,3.59,13719,3.6237
2025-12-01 11:20,3.59,3.59,3.51,3.53,19446,3.5529
2025-12-01 11:25,3.53,3.61,3.53,3.6,12063,3.5709
2025-12-01 11:30,3.58,3.6,3.49,3.53,63963,3.5159
2025-12-01 11:35,3.54,3.57,3.53,3.55,7413,3.5506
2025-12-01 11:40,3.55,3.57,3.54,3.55,14331,3.5494
2025-12-01 11:45,3.55,3.58,3.51,3.52,8186,3.5432
2025-12-01 11:50,3.54,3.58,3.54,3.58,863,3.5454
2025-12-01 11:55,3.59,3.59,3.59,3.59,6623,3.5897
2025-12-01 12:00,3.57,3.59,3.56,3.59,8077,3.582
2025-12-01 12:05,3.59,3.61,3.59,3.6,6164,3.5986
2025-12-01 12:10,3.62,3.63,3.62,3.62,2094,3.6265
2025-12-01 12:15,3.62,3.63,3.6,3.62,8852,3.6164
2025-12-01 12:20,3.64,3.66,3.62,3.65,10440,3.6483
2025-12-01 12:25,3.65,3.72,3.65,3.7,18103,3.6731
2025-12-01 12:30,3.7,3.7,3.66,3.69,13302,3.6871
2025-12-01 12:35,3.68,3.7,3.67,3.67,4374,3.6899
2025-12-01 12:40,3.69,3.7,3.67,3.69,8771,3.6878
2025-12-01 12:45,3.7,3.7,3.64,3.64,38603,3.677
2025-12-01 12:50,3.62,3.67,3.62,3.65,4608,3.6603
2025-12-01 12:55,3.65,3.67,3.61,3.65,33274,3.6364
2025-12-01 13:00,3.6,3.6,3.6,3.6,1021,3.6004
2025-12-01 13:05,3.68,3.68,3.59,3.59,2261,3.5993
2025-12-01 13:10,3.61,3.61,3.61,3.61,985,3.61
2025-12-01 13:15,3.6,3.73,3.6,3.68,9665,3.6906
2025-12-01 13:25,3.73,3.75,3.73,3.75,1007,3.7282
2025-12-01 13:45,3.74,3.74,3.74,3.74,142,3.7394
2025-12-01 13:55,3.69,3.69,3.69,3.69,100,3.69
2025-12-01 14:15,3.69,3.69,3.69,3.69,100,3.69
2025-12-01 14:20,3.7,3.7,3.7,3.7,161,3.6978
2025-12-01 14:25,3.7,3.7,3.7,3.7,160,3.7
2025-12-01 14:35,3.67,3.67,3.67,3.67,780,3.674
2025-12-01 14:45,3.7,3.7,3.67,3.67,707,3.6926
2025-12-01 15:05,3.67,3.67,3.67,3.67,102,3.67
2025-12-01 15:10,3.67,3.67,3.67,3.67,275,3.67
2025-12-01 15:25,3.67,3.74,3.67,3.74,2000,3.7064
2025-12-01 15:40,3.74,3.74,3.74,3.74,105,3.74
2025-12-01 15:45,3.74,3.74,3.74,3.74,420,3.74
2025-12-01 16:05,3.74,3.74,3.74,3.74,690,3.7392
2025-12-01 16:10,3.74,3.74,3.74,3.74,100,3.7386
2025-12-01 16:55,3.73,3.74,3.73,3.74,969,3.7386
2025-12-02 01:30,3.9,3.9,3.9,3.9,425,3.9
2025-12-02 01:40,3.94,3.95,3.94,3.95,1000,3.948
2025-12-02 01:45,3.94,3.94,3.94,3.94,160,3.94
2025-12-02 02:05,3.72,3.72,3.72,3.72,365,3.7199
2025-12-02 02:50,3.95,3.95,3.95,3.95,208,3.9464
2025-12-02 03:10,3.9,3.9,3.9,3.9,100,3.9
2025-12-02 04:00,3.76,3.76,3.76,3.76,1201,3.76
2025-12-02 04:05,3.8,3.8,3.8,3.8,104,3.8
2025-12-02 04:10,3.8,3.8,3.8,3.8,4500,3.8
2025-12-02 04:15,3.8,3.8,3.8,3.8,396,3.8
2025-12-02 04:30,3.84,3.84,3.84,3.84,100,3.84
2025-12-02 04:35,3.81,3.81,3.81,3.81,4201,3.81
2025-12-02 04:40,3.8,3.8,3.8,3.8,1500,3.8
2025-12-02 04:55,3.81,3.81,3.81,3.81,676,3.81
2025-12-02 05:00,3.81,3.89,3.81,3.84,1317,3.8337
2025-12-02 05:05,3.84,3.84,3.84,3.84,234,3.84
2025-12-02 05:10,3.83,3.83,3.83,3.83,600,3.83
2025-12-02 05:15,3.8,3.8,3.76,3.76,7480,3.793
2025-12-02 05:25,3.84,3.84,3.8,3.8,1330,3.832
2025-12-02 05:30,3.83,3.84,3.83,3.84,738,3.8373
2025-12-02 05:35,3.82,3.82,3.82,3.82,2629,3.82
2025-12-02 05:40,3.82,3.82,3.82,3.82,2313,3.82
2025-12-02 05:45,3.81,3.82,3.81,3.82,875,3.8183
2025-12-02 05:55,3.83,3.84,3.83,3.84,820,3.8373
2025-12-02 06:00,3.84,3.84,3.84,3.84,1255,3.84
2025-12-02 06:05,3.81,3.81,3.81,3.81,347,3.812
2025-12-02 06:10,3.82,3.82,3.81,3.82,1942,3.8195
2025-12-02 06:15,3.82,3.82,3.82,3.82,3792,3.82
2025-12-02 06:20,3.82,3.82,3.82,3.82,2173,3.82
2025-12-02 06:25,3.82,3.85,3.82,3.85,1747,3.84
2025-12-02 06:30,3.82,3.89,3.68,3.68,101850,3.751
2025-12-02 06:35,3.71,3.8,3.7,3.76,43182,3.7589
2025-12-02 06:40,3.78,3.78,3.73,3.74,42352,3.7539
2025-12-02 06:45,3.76,3.76,3.68,3.71,54194,3.7138
2025-12-02 06:50,3.72,3.79,3.71,3.78,58315,3.7684
2025-12-02 06:55,3.78,3.81,3.77,3.78,25802,3.7917
2025-12-02 07:00,3.78,3.79,3.77,3.79,2772,3.7818
2025-12-02 07:05,3.79,3.81,3.78,3.81,11313,3.7969
2025-12-02 07:10,3.81,3.82,3.79,3.82,14022,3.8062
2025-12-02 07:15,3.83,3.84,3.78,3.8,20334,3.8079
2025-12-02 07:20,3.8,3.82,3.78,3.79,11533,3.804
2025-12-02 07:25,3.8,3.8,3.77,3.77,23590,3.7716
2025-12-02 07:30,3.78,3.8,3.77,3.8,8885,3.7844
2025-12-02 07:35,3.77,3.8,3.77,3.78,1639,3.7852
2025-12-02 07:40,3.79,3.79,3.78,3.78,6905,3.784
2025-12-02 07:45,3.78,3.79,3.78,3.78,14519,3.7802
2025-12-02 07:50,3.79,3.79,3.78,3.78,3152,3.7819
2025-12-02 07:55,3.79,3.79,3.78,3.78,4371,3.7843
2025-12-02 08:00,3.79,3.8,3.78,3.8,10453,3.7875
2025-12-02 08:05,3.79,3.8,3.79,3.8,10861,3.796
2025-12-02 08:10,3.8,3.8,3.79,3.79,11949,3.7938
2025-12-02 08:15,3.8,3.81,3.8,3.81,7489,3.8039
2025-12-02 08:20,3.82,3.82,3.79,3.79,1555,3.8011
2025-12-02 08:25,3.8,3.8,3.79,3.79,7867,3.7915
2025-12-02 08:30,3.8,3.8,3.79,3.79,8625,3.7942
2025-12-02 08:35,3.79,3.81,3.79,3.81,7242,3.7946
2025-12-02 08:40,3.8,3.81,3.79,3.79,21520,3.794
2025-12-02 08:45,3.8,3.8,3.78,3.79,10514,3.7828
2025-12-02 08:50,3.79,3.8,3.78,3.79,5453,3.7931
2025-12-02 08:55,3.8,3.8,3.79,3.8,11175,3.7985
2025-12-02 09:00,3.8,3.8,3.8,3.8,5940,3.7998
2025-12-02 09:05,3.8,3.9,3.8,3.88,23740,3.8532
2025-12-02 09:10,3.88,3.89,3.87,3.89,25741,3.8832
2025-12-02 09:15,3.89,3.95,3.88,3.95,29412,3.926
2025-12-02 09:20,3.95,4.02,3.94,4.01,70105,3.9736
2025-12-02 09:25,4.02,4.03,3.97,3.99,61358,4.001
2025-12-02 09:30,4,4.03,3.91,3.95,68551,3.9734
2025-12-02 09:35,3.96,3.96,3.91,3.94,23475,3.9359
2025-12-02 09:40,3.95,3.96,3.84,3.9,35277,3.8854
2025-12-02 09:45,3.91,3.92,3.86,3.91,20196,3.891
2025-12-02 09:50,3.91,3.95,3.88,3.95,12997,3.9062
2025-12-02 09:55,3.94,3.96,3.92,3.95,31178,3.9485
2025-12-02 10:00,3.95,4,3.91,3.97,44599,3.9543
2025-12-02 10:05,3.97,4.03,3.97,4.01,46612,3.9967
2025-12-02 10:10,4.02,4.02,3.93,4.01,34598,3.9827
2025-12-02 10:15,4.01,4.03,3.97,3.99,31350,4.0076
2025-12-02 10:20,3.99,4,3.93,3.95,20233,3.9703
2025-12-02 10:25,3.94,3.96,3.93,3.96,17091,3.9378
2025-12-02 10:30,3.96,3.96,3.88,3.91,34054,3.918
2025-12-02 10:35,3.9,3.94,3.9,3.93,15096,3.9233
2025-12-02 10:40,3.94,3.99,3.93,3.98,4340,3.9675
2025-12-02 10:45,3.98,3.99,3.97,3.99,6768,3.9767
2025-12-02 10:50,4,4,3.99,4,9403,3.9927
2025-12-02 10:55,4.01,4.03,3.97,4,15373,4.0009
2025-12-02 11:00,4.01,4.02,4,4.01,9656,4.008
2025-12-02 11:05,4.02,4.03,4,4.03,12642,4.0164
2025-12-02 11:10,4.02,4.04,4,4.04,19620,4.0189
2025-12-02 11:15,4.03,4.04,4.01,4.01,6289,4.0285
2025-12-02 11:20,4,4.01,3.97,4,24686,3.986
2025-12-02 11:25,4,4,3.98,3.98,10277,3.993
2025-12-02 11:30,3.98,4.01,3.98,4.01,8691,3.9954
2025-12-02 11:35,4.01,4.01,3.96,3.98,5335,3.9799
2025-12-02 11:40,3.96,4,3.96,4,30811,3.9645
2025-12-02 11:45,4,4,3.99,4,15243,3.9939
2025-12-02 11:50,4,4.01,3.96,3.96,58292,3.9781
2025-12-02 11:55,3.95,3.96,3.92,3.93,10947,3.9369
2025-12-02 12:00,3.92,3.94,3.92,3.92,1876,3.9257
2025-12-02 12:05,3.94,3.95,3.92,3.92,7496,3.928
2025-12-02 12:10,3.92,3.93,3.91,3.92,21238,3.9228
2025-12-02 12:15,3.93,3.93,3.9,3.92,19529,3.9198
2025-12-02 12:20,3.9,3.93,3.9,3.92,11208,3.9209
2025-12-02 12:25,3.91,3.95,3.89,3.93,23684,3.9171
2025-12-02 12:30,3.91,3.96,3.91,3.93,11584,3.9368
2025-12-02 12:35,3.93,3.95,3.92,3.93,21691,3.932
2025-12-02 12:40,3.92,3.95,3.92,3.93,9360,3.9297
2025-12-02 12:45,3.93,3.94,3.92,3.93,19998,3.9296
2025-12-02 12:50,3.94,3.96,3.93,3.96,14154,3.9438
2025-12-02 12:55,3.94,3.97,3.93,3.93,33468,3.9479
2025-12-02 13:00,3.96,3.96,3.93,3.93,2671,3.9319
2025-12-02 13:05,3.93,3.93,3.93,3.93,1203,3.93
2025-12-02 13:10,3.95,3.95,3.95,3.95,137,3.95
2025-12-02 13:15,3.95,3.95,3.95,3.95,180,3.95
2025-12-02 13:20,3.95,3.98,3.95,3.98,868,3.9559
2025-12-02 13:30,3.98,3.99,3.98,3.98,5061,3.9826
2025-12-02 13:35,3.98,3.98,3.98,3.98,450,3.9819
2025-12-02 13:50,3.97,3.97,3.97,3.97,100,3.97
2025-12-02 13:55,3.93,3.93,3.93,3.93,403,3.93
2025-12-02 14:05,3.93,3.93,3.93,3.93,504,3.9334
2025-12-02 14:25,3.93,3.93,3.93,3.93,10000,3.93
2025-12-02 14:30,3.93,3.97,3.93,3.93,20207,3.9304
2025-12-02 14:35,3.97,3.99,3.97,3.97,2718,3.9736
2025-12-02 14:45,3.95,3.95,3.93,3.95,1043,3.9463
2025-12-02 14:50,3.95,4,3.94,4,6943,3.975
2025-12-02 14:55,4,4,3.99,3.99,2386,3.9961
2025-12-02 15:00,3.93,3.93,3.93,3.93,238,3.9308
2025-12-02 15:05,3.93,3.93,3.93,3.93,500,3.93
2025-12-02 15:15,3.96,3.96,3.96,3.96,100,3.96
2025-12-02 15:20,3.93,3.96,3.93,3.93,1611,3.9486
2025-12-02 15:40,3.99,3.99,3.99,3.99,114,3.9891
2025-12-02 16:00,3.93,3.99,3.93,3.99,486,3.9695
2025-12-02 16:10,3.99,3.99,3.97,3.97,591,3.9721
2025-12-02 16:15,3.99,4.02,3.99,4.02,3502,4.0077
2025-12-02 16:20,4.03,4.04,4.03,4.04,9139,4.0377
2025-12-02 16:25,4.04,4.05,4.04,4.05,593,4.0424
2025-12-02 16:30,4.05,4.05,4.05,4.05,2750,4.05
2025-12-02 16:35,4,4.06,4,4.06,936,4.039
2025-12-02 16:40,3.94,3.94,3.94,3.94,3171,3.9433
2025-12-02 16:45,4.05,4.13,3.95,4.13,7540,4.0476
2025-12-02 16:50,4.07,4.07,4.07,4.07,1246,4.0697
2025-12-02 16:55,4.12,4.12,4.08,4.09,2066,4.1006
2025-12-03 03:25,4.08,4.08,4.08,4.08,227,4.0826
2025-12-03 04:00,4.3,4.44,4.3,4.43,10215,4.3464
2025-12-03 04:05,4.44,4.45,4.35,4.44,7235,4.4305
2025-12-03 04:10,4.44,4.44,4.39,4.39,4010,4.4359
2025-12-03 04:15,4.4,4.4,4.4,4.4,1016,4.396
2025-12-03 04:20,4.35,4.35,4.35,4.35,607,4.3501
2025-12-03 04:25,4.32,4.32,4.25,4.25,3091,4.2897
2025-12-03 04:30,4.28,4.28,4.28,4.28,101,4.2795
2025-12-03 04:40,4.26,4.26,4.26,4.26,392,4.2597
2025-12-03 04:45,4.2,4.2,4.2,4.2,1003,4.2
2025-12-03 04:50,4.27,4.27,4.27,4.27,1400,4.27
2025-12-03 04:55,4.3,4.31,4.29,4.31,655,4.3025
2025-12-03 05:00,4.38,4.44,4.26,4.35,17376,4.3501
2025-12-03 05:05,4.35,4.35,4.26,4.26,6627,4.3133
2025-12-03 05:10,4.34,4.37,4.26,4.26,5157,4.3238
2025-12-03 05:15,4.26,4.34,4.26,4.34,6518,4.3048
2025-12-03 05:20,4.34,4.34,4.34,4.34,503,4.3396
2025-12-03 05:25,4.26,4.34,4.26,4.34,1322,4.3212
2025-12-03 05:30,4.34,4.34,4.26,4.26,652,4.304
2025-12-03 05:35,4.34,4.34,4.3,4.33,1645,4.3253
2025-12-03 05:40,4.34,4.34,4.3,4.34,1366,4.3202
2025-12-03 05:45,4.3,4.34,4.3,4.34,2558,4.3054
2025-12-03 05:50,4.27,4.34,4.27,4.27,9047,4.3285
2025-12-03 05:55,4.26,4.26,4.26,4.26,436,4.2601
2025-12-03 06:00,4.26,4.26,4.25,4.26,3633,4.2515
2025-12-03 06:05,4.26,4.33,4.22,4.26,1933,4.2904
2025-12-03 06:10,4.21,4.26,4.21,4.26,3305,4.2295
2025-12-03 06:15,4.22,4.22,4.16,4.2,8474,4.1855
2025-12-03 06:20,4.2,4.24,4.2,4.24,2088,4.2144
2025-12-03 06:25,4.24,4.24,4.23,4.24,1285,4.2348
2025-12-03 06:30,4.16,4.24,4.16,4.24,52551,4.2062
2025-12-03 06:35,4.24,4.4,4.04,4.16,120363,4.2747
2025-12-03 06:40,4.2,4.26,4.11,4.18,48951,4.1799
2025-12-03 06:45,4.18,4.19,4.09,4.18,39502,4.1715
2025-12-03 06:50,4.18,4.3,4,4.08,109967,4.1354
2025-12-03 06:55,4.09,4.2,4.09,4.19,12874,4.1609
2025-12-03 07:00,4.19,4.27,4.16,4.25,13364,4.2023
2025-12-03 07:05,4.26,4.27,4.21,4.27,20298,4.2515
2025-12-03 07:10,4.26,4.26,4.21,4.24,15725,4.2454
2025-12-03 07:15,4.25,4.3,4.22,4.27,38752,4.2764
2025-12-03 07:20,4.27,4.27,4.2,4.23,38675,4.2174
2025-12-03 07:25,4.21,4.26,4.21,4.23,8928,4.2354
2025-12-03 07:30,4.23,4.24,4.15,4.16,13630,4.1838
2025-12-03 07:35,4.17,4.17,4.15,4.16,8411,4.1581
2025-12-03 07:40,4.17,4.17,4.12,4.16,13631,4.1454
2025-12-03 07:45,4.13,4.14,4.08,4.08,12054,4.1091
2025-12-03 07:50,4.09,4.09,4.05,4.06,26413,4.065
2025-12-03 07:55,4.06,4.13,4.05,4.12,12884,4.1031
2025-12-03 08:00,4.12,4.23,4.12,4.17,14880,4.1647
2025-12-03 08:05,4.18,4.22,4.15,4.2,47201,4.1987
2025-12-03 08:10,4.18,4.2,4.16,4.16,20088,4.1861
2025-12-03 08:15,4.16,4.2,4.16,4.2,19815,4.1684
2025-12-03 08:20,4.21,4.26,4.15,4.2,22840,4.2019
2025-12-03 08:25,4.19,4.24,4.18,4.24,5306,4.2063
2025-12-03 08:30,4.2,4.22,4.2,4.22,4810,4.2105
2025-12-03 08:35,4.22,4.23,4.2,4.2,18447,4.2173
2025-12-03 08:40,4.21,4.25,4.2,4.2,12355,4.2127
2025-12-03 08:45,4.23,4.23,4.2,4.2,8122,4.2032
2025-12-03 08:50,4.21,4.26,4.21,4.26,8109,4.2417
2025-12-03 08:55,4.27,4.27,4.21,4.21,12131,4.2368
2025-12-03 09:00,4.23,4.23,4.22,4.22,16992,4.2254
2025-12-03 09:05,4.23,4.24,4.23,4.23,3370,4.2302
2025-12-03 09:10,4.23,4.24,4.23,4.23,8532,4.2311
2025-12-03 09:15,4.24,4.24,4.23,4.23,5966,4.235
2025-12-03 09:20,4.24,4.24,4.23,4.23,4594,4.2326
2025-12-03 09:25,4.24,4.24,4.23,4.24,3131,4.2352
2025-12-03 09:30,4.24,4.24,4.23,4.24,4268,4.2348
2025-12-03 09:35,4.24,4.26,4.23,4.25,17955,4.2395
2025-12-03 09:40,4.26,4.27,4.24,4.25,22909,4.2479
2025-12-03 09:45,4.25,4.27,4.24,4.26,24099,4.2549
2025-12-03 09:50,4.25,4.25,4.23,4.24,5322,4.2384
2025-12-03 09:55,4.23,4.24,4.23,4.23,8819,4.2338
2025-12-03 10:00,4.23,4.24,4.21,4.24,10098,4.2263
2025-12-03 10:05,4.23,4.23,4.21,4.23,6028,4.2229
2025-12-03 10:10,4.23,4.23,4.21,4.22,18143,4.2225
2025-12-03 10:15,4.22,4.22,4.17,4.2,23564,4.1989
2025-12-03 10:20,4.2,4.21,4.19,4.2,65249,4.2
2025-12-03 10:25,4.18,4.2,4.1,4.12,53949,4.1762
2025-12-03 10:30,4.15,4.17,4.05,4.16,84000,4.1124
2025-12-03 10:35,4.16,4.19,4.16,4.17,28408,4.1701
2025-12-03 10:40,4.16,4.18,4.15,4.15,28907,4.1598
2025-12-03 10:45,4.17,4.17,4.13,4.15,17753,4.1541
2025-12-03 10:50,4.16,4.16,4.11,4.12,28301,4.1286
2025-12-03 10:55,4.12,4.15,4.12,4.14,11407,4.1298
2025-12-03 11:00,4.14,4.15,4.14,4.14,9514,4.141
2025-12-03 11:05,4.15,4.15,4.14,4.14,6840,4.1444
2025-12-03 11:10,4.15,4.17,4.14,4.16,9245,4.1535
2025-12-03 11:15,4.16,4.16,4.14,4.14,12637,4.1455
2025-12-03 11:20,4.15,4.15,4.1,4.15,14189,4.1246
2025-12-03 11:25,4.15,4.17,4.15,4.17,6867,4.1662
2025-12-03 11:30,4.18,4.19,4.17,4.18,2985,4.183
2025-12-03 11:35,4.19,4.19,4.17,4.17,13120,4.175
2025-12-03 11:40,4.18,4.19,4.18,4.19,2598,4.1821
2025-12-03 11:45,4.19,4.19,4.18,4.19,14221,4.187
2025-12-03 11:50,4.19,4.21,4.18,4.2,21338,4.1935
2025-12-03 11:55,4.2,4.22,4.2,4.2,12341,4.2056
2025-12-03 12:00,4.2,4.21,4.19,4.2,21220,4.2003
2025-12-03 12:05,4.19,4.21,4.19,4.21,6996,4.2004
2025-12-03 12:10,4.21,4.21,4.17,4.17,22882,4.1942
2025-12-03 12:15,4.17,4.17,4.15,4.17,6953,4.1647
2025-12-03 12:20,4.17,4.17,4.16,4.17,7715,4.1666
2025-12-03 12:25,4.17,4.17,4.16,4.17,3787,4.1657
2025-12-03 12:30,4.17,4.17,4.16,4.17,8702,4.1642
2025-12-03 12:35,4.17,4.17,4.16,4.17,18201,4.1624
2025-12-03 12:40,4.17,4.2,4.16,4.19,13411,4.1745
2025-12-03 12:45,4.19,4.2,4.16,4.19,13304,4.1717
2025-12-03 12:50,4.18,4.19,4.17,4.18,8878,4.1767
2025-12-03 12:55,4.17,4.2,4.17,4.19,13662,4.1793
2025-12-03 13:00,4.21,4.27,4.2,4.2,2660,4.2348
2025-12-03 13:10,4.2,4.29,4.2,4.29,2989,4.2407
2025-12-03 13:15,4.29,4.3,4.29,4.3,4679,4.2932
2025-12-03 13:20,4.27,4.27,4.27,4.27,250,4.27
2025-12-03 13:25,4.28,4.28,4.28,4.28,174,4.281
2025-12-03 13:30,4.27,4.3,4.21,4.29,3627,4.2242
2025-12-03 13:35,4.25,4.3,4.25,4.28,2229,4.2798
2025-12-03 13:45,4.3,4.3,4.3,4.3,5122,4.299
2025-12-03 13:50,4.3,4.3,4.3,4.3,374,4.3
2025-12-03 13:55,4.3,4.3,4.3,4.3,170,4.2976
2025-12-03 14:00,4.3,4.3,4.24,4.24,1771,4.2486
2025-12-03 14:05,4.3,4.3,4.3,4.3,1322,4.2993
2025-12-03 14:15,4.29,4.29,4.29,4.29,230,4.29
2025-12-03 14:25,4.29,4.3,4.29,4.3,572,4.294
2025-12-03 14:30,4.29,4.29,4.29,4.29,831,4.29
2025-12-03 14:35,4.29,4.3,4.26,4.26,2888,4.2945
2025-12-03 14:40,4.3,4.3,4.21,4.21,1130,4.2609
2025-12-03 14:45,4.3,4.3,4.29,4.29,1113,4.299
2025-12-03 14:50,4.29,4.29,4.29,4.29,205,4.29
2025-12-03 14:55,4.3,4.3,4.3,4.3,114,4.2999
2025-12-03 15:00,4.3,4.3,4.3,4.3,228,4.3
2025-12-03 15:15,4.3,4.3,4.3,4.3,100,4.3
2025-12-03 15:20,4.3,4.3,4.3,4.3,750,4.3
2025-12-03 15:25,4.28,4.28,4.28,4.28,201,4.28
2025-12-03 15:35,4.29,4.29,4.21,4.21,11403,4.2119
2025-12-03 15:40,4.21,4.21,4.21,4.21,2435,4.21
2025-12-03 15:50,4.25,4.25,4.18,4.18,438,4.1975
2025-12-03 16:05,4.25,4.25,4.25,4.25,600,4.25
2025-12-03 16:20,4.24,4.24,4.24,4.24,567,4.2392
2025-12-03 16:25,4.16,4.16,4.16,4.16,167,4.1969
2025-12-03 16:30,4.21,4.21,4.21,4.21,200,4.2105
2025-12-03 16:40,4.25,4.25,4.25,4.25,210,4.2498
2025-12-03 16:45,4.25,4.25,4.25,4.25,700,4.25
2025-12-03 16:50,4.25,4.26,4.25,4.26,1388,4.2519
2025-12-03 16:55,4.26,4.26,4.26,4.26,500,4.26
2025-12-04 01:00,4.4,4.4,4.4,4.4,118,4.4
2025-12-04 01:05,4.4,4.47,4.4,4.46,327,4.445
2025-12-04 01:45,4.46,4.46,4.46,4.46,926,4.46
2025-12-04 04:00,4.5,4.63,4.25,4.4,4110,4.4566
2025-12-04 04:05,4.4,4.4,4.4,4.4,100,4.4
2025-12-04 04:10,4.38,4.38,4.38,4.38,1031,4.3785
2025-12-04 04:15,4.35,4.35,4.35,4.35,100,4.35
2025-12-04 04:20,4.38,4.38,4.38,4.38,230,4.38
2025-12-04 04:25,4.38,4.38,4.38,4.38,2894,4.3799
2025-12-04 04:35,4.32,4.32,4.32,4.32,300,4.32
2025-12-04 04:40,4.32,4.32,4.32,4.32,120,4.32
2025-12-04 04:50,4.33,4.33,4.33,4.33,200,4.33
2025-12-04 05:00,4.38,4.38,4.25,4.32,14538,4.3648
2025-12-04 05:05,4.33,4.33,4.2,4.2,844,4.2686
2025-12-04 05:10,4.25,4.25,4.25,4.25,464,4.2468
2025-12-04 05:20,4.32,4.32,4.32,4.32,759,4.32
2025-12-04 05:25,4.32,4.32,4.32,4.32,1002,4.32
2025-12-04 05:35,4.32,4.32,4.32,4.32,378,4.3185
2025-12-04 05:40,4.32,4.32,4.32,4.32,200,4.32
2025-12-04 05:45,4.32,4.32,4.32,4.32,1488,4.32
2025-12-04 05:50,4.33,4.33,4.31,4.33,5291,4.3202
2025-12-04 05:55,4.33,4.35,4.33,4.35,664,4.3417
2025-12-04 06:00,4.35,4.36,4.35,4.36,1243,4.3586
2025-12-04 06:10,4.36,4.36,4.36,4.36,200,4.36
2025-12-04 06:15,4.36,4.36,4.36,4.36,400,4.36
2025-12-04 06:25,4.36,4.36,4.36,4.36,6891,4.36
2025-12-04 06:30,4.3,4.3,4.18,4.23,78859,4.2294
2025-12-04 06:35,4.22,4.25,4.2,4.22,18671,4.2181
2025-12-04 06:40,4.22,4.28,4.21,4.25,40976,4.2405
2025-12-04 06:45,4.25,4.49,4.2,4.21,81568,4.2927
2025-12-04 06:50,4.22,4.23,4.16,4.18,25184,4.1843
2025-12-04 06:55,4.18,4.23,4.18,4.23,12534,4.1984
2025-12-04 07:00,4.22,4.24,4.21,4.23,12132,4.2245
2025-12-04 07:05,4.23,4.24,4.22,4.22,8763,4.2266
2025-12-04 07:10,4.22,4.23,4.18,4.19,22521,4.1922
2025-12-04 07:15,4.19,4.22,4.19,4.22,19107,4.2129
2025-12-04 07:20,4.22,4.25,4.22,4.24,2939,4.2317
2025-12-04 07:25,4.23,4.25,4.22,4.24,12302,4.2266
2025-12-04 07:30,4.23,4.24,4.2,4.21,9055,4.2179
2025-12-04 07:35,4.21,4.29,4.19,4.23,24907,4.2299
2025-12-04 07:40,4.22,4.22,4.19,4.2,19687,4.2038
2025-12-04 07:45,4.2,4.22,4.19,4.21,7602,4.2017
2025-12-04 07:50,4.21,4.22,4.2,4.22,12666,4.2057
2025-12-04 07:55,4.21,4.21,4.19,4.2,14354,4.2022
2025-12-04 08:00,4.2,4.21,4.19,4.19,19897,4.1971
2025-12-04 08:05,4.19,4.2,4.19,4.19,26933,4.1951
2025-12-04 08:10,4.2,4.2,4.19,4.19,13765,4.1921
2025-12-04 08:15,4.19,4.2,4.18,4.18,9094,4.1899
2025-12-04 08:20,4.19,4.19,4.17,4.17,11044,4.1816
2025-12-04 08:25,4.17,4.17,4.15,4.16,45654,4.1557
2025-12-04 08:30,4.16,4.16,4.15,4.16,11852,4.1535
2025-12-04 08:35,4.15,4.16,4.09,4.09,27638,4.1141
2025-12-04 08:40,4.08,4.08,3.91,3.99,105472,4.0032
2025-12-04 08:45,3.95,3.99,3.81,3.93,91449,3.8905
2025-12-04 08:50,3.93,3.99,3.91,3.99,36582,3.93
2025-12-04 08:55,3.99,4.02,3.97,4,19866,3.9912
2025-12-04 09:00,3.98,4,3.94,3.94,17776,3.9709
2025-12-04 09:05,3.93,3.95,3.86,3.86,56277,3.8938
2025-12-04 09:10,3.86,3.87,3.81,3.86,70044,3.8369
2025-12-04 09:15,3.85,3.88,3.84,3.88,33499,3.8535
2025-12-04 09:20,3.87,3.91,3.86,3.86,24138,3.8861
2025-12-04 09:25,3.91,3.92,3.89,3.91,44829,3.9111
2025-12-04 09:30,3.9,3.9,3.85,3.89,37982,3.8825
2025-12-04 09:35,3.9,3.97,3.87,3.94,18657,3.9353
2025-12-04 09:40,3.91,3.91,3.89,3.91,11018,3.8919
2025-12-04 09:45,3.9,3.91,3.89,3.91,10845,3.9033
2025-12-04 09:50,3.91,3.94,3.91,3.94,19544,3.9193
2025-12-04 09:55,3.92,3.93,3.91,3.93,4527,3.9243
2025-12-04 10:00,3.93,3.99,3.93,3.98,22775,3.9753
2025-12-04 10:05,3.97,3.98,3.96,3.98,7629,3.9759
2025-12-04 10:10,3.98,3.99,3.96,3.96,5167,3.9715
2025-12-04 10:15,3.96,3.97,3.95,3.95,4897,3.961
2025-12-04 10:20,3.96,3.97,3.93,3.93,4776,3.9469
2025-12-04 10:25,3.95,3.95,3.92,3.92,7638,3.9437
2025-12-04 10:30,3.92,3.94,3.92,3.94,1526,3.9285
2025-12-04 10:35,3.93,3.94,3.93,3.94,3271,3.9316
2025-12-04 10:40,3.93,3.94,3.84,3.84,18706,3.8741
2025-12-04 10:45,3.84,3.84,3.56,3.56,114374,3.689
2025-12-04 10:50,3.56,3.67,3.31,3.67,241843,3.4976
2025-12-04 10:55,3.69,3.84,3.67,3.83,118977,3.7355
2025-12-04 11:00,3.83,3.85,3.79,3.81,26029,3.8158
2025-12-04 11:05,3.81,3.81,3.73,3.75,7861,3.7855
2025-12-04 11:10,3.74,3.78,3.74,3.78,10771,3.7565
2025-12-04 11:15,3.79,3.79,3.72,3.75,18639,3.751
2025-12-04 11:20,3.73,3.74,3.69,3.7,11522,3.7042
2025-12-04 11:25,3.7,3.75,3.7,3.74,8231,3.7315
2025-12-04 11:30,3.73,3.78,3.73,3.78,13650,3.7409
2025-12-04 11:35,3.78,3.78,3.72,3.75,13019,3.7519
2025-12-04 11:40,3.74,3.79,3.72,3.79,8007,3.7696
2025-12-04 11:45,3.78,3.79,3.74,3.74,3909,3.7609
2025-12-04 11:50,3.75,3.78,3.75,3.78,11635,3.7553
2025-12-04 11:55,3.78,3.83,3.78,3.83,11519,3.7934
2025-12-04 12:00,3.82,3.87,3.82,3.86,10124,3.8526
2025-12-04 12:05,3.85,3.85,3.83,3.84,14692,3.8426
2025-12-04 12:10,3.84,3.84,3.78,3.8,11927,3.7986
2025-12-04 12:15,3.82,3.82,3.77,3.79,2553,3.7806
2025-12-04 12:20,3.79,3.79,3.71,3.73,62362,3.7602
2025-12-04 12:25,3.72,3.72,3.7,3.7,9177,3.7099
2025-12-04 12:30,3.69,3.75,3.69,3.74,42018,3.7307
2025-12-04 12:35,3.74,3.75,3.71,3.75,102175,3.742
2025-12-04 12:40,3.76,3.8,3.76,3.78,8529,3.7819
2025-12-04 12:45,3.76,3.78,3.72,3.74,22063,3.7297
2025-12-04 12:50,3.75,3.78,3.75,3.75,21801,3.7736
2025-12-04 12:55,3.75,3.75,3.72,3.75,7211,3.7456
2025-12-04 13:00,3.69,3.76,3.69,3.76,428,3.7508
2025-12-04 13:05,3.83,3.89,3.83,3.88,1588,3.8812
2025-12-04 13:10,3.88,3.89,3.88,3.89,912,3.8829
2025-12-04 13:15,3.8,3.8,3.8,3.8,100,3.8
2025-12-04 13:20,3.78,3.78,3.78,3.78,799,3.78
2025-12-04 13:25,3.78,3.78,3.78,3.78,1000,3.78
2025-12-04 13:45,3.85,3.88,3.85,3.88,649,3.8733
2025-12-04 14:00,3.92,3.92,3.9,3.92,3241,3.9188
2025-12-04 14:10,3.92,3.93,3.92,3.93,3611,3.9271
2025-12-04 14:15,3.93,3.93,3.93,3.93,111,3.9292
2025-12-04 14:20,3.92,3.92,3.92,3.92,1885,3.92
2025-12-04 14:25,3.92,3.92,3.92,3.92,849,3.9208
2025-12-04 14:30,3.94,3.94,3.94,3.94,165,3.9358
2025-12-04 14:35,3.95,3.95,3.95,3.95,426,3.9495
2025-12-04 14:40,3.86,3.86,3.86,3.86,911,3.8582
2025-12-04 14:55,3.9,3.9,3.9,3.9,278,3.9
2025-12-04 15:00,3.9,3.95,3.9,3.95,600,3.9158
2025-12-04 15:15,3.9,3.95,3.9,3.9,796,3.9092
2025-12-04 15:35,3.85,3.85,3.85,3.85,108,3.8552
2025-12-04 15:40,3.85,3.85,3.84,3.84,900,3.8469
2025-12-04 15:50,3.9,3.9,3.9,3.9,252,3.9002
2025-12-04 15:55,3.91,3.91,3.91,3.91,141,3.9101
2025-12-04 16:00,3.91,3.91,3.86,3.86,821,3.8819
2025-12-04 16:15,3.88,3.88,3.88,3.88,100,3.88
2025-12-04 16:30,3.82,3.82,3.82,3.82,857,3.82
2025-12-04 16:40,3.85,3.85,3.85,3.85,110,3.8491
2025-12-04 16:45,3.84,3.84,3.84,3.84,1105,3.84
2025-12-04 16:50,3.84,3.84,3.84,3.84,218,3.84
2025-12-04 16:55,3.88,3.88,3.88,3.88,200,3.88
2025-12-05 04:00,3.84,3.87,3.84,3.87,372,3.8539
2025-12-05 04:20,3.88,3.88,3.88,3.88,150,3.88
2025-12-05 04:30,3.91,3.92,3.91,3.91,2966,3.9103
2025-12-05 04:40,3.91,3.91,3.91,3.91,168,3.91
2025-12-05 05:00,3.91,3.91,3.88,3.91,4919,3.9086
2025-12-05 05:05,3.91,3.91,3.91,3.91,491,3.9016
2025-12-05 05:15,3.87,3.87,3.87,3.87,499,3.8703
2025-12-05 05:25,3.87,3.87,3.87,3.87,677,3.8722
2025-12-05 05:30,3.9,3.9,3.84,3.84,260,3.8769
2025-12-05 05:35,3.88,3.9,3.84,3.84,1001,3.8806
2025-12-05 05:45,3.88,3.88,3.88,3.88,1339,3.8797
2025-12-05 05:50,3.88,3.88,3.88,3.88,296,3.88
2025-12-05 05:55,3.9,3.9,3.9,3.9,1800,3.8993
2025-12-05 06:00,3.85,3.85,3.85,3.85,100,3.85
2025-12-05 06:10,3.89,3.89,3.89,3.89,102,3.8902
2025-12-05 06:15,3.89,3.89,3.89,3.89,915,3.8909
2025-12-05 06:20,3.85,3.85,3.85,3.85,489,3.8573
2025-12-05 06:25,3.87,3.87,3.87,3.87,1632,3.8689
2025-12-05 06:30,4,4,3.82,3.82,18996,3.8498
2025-12-05 06:35,3.83,3.83,3.82,3.82,32753,3.825
2025-12-05 06:40,3.83,3.83,3.8,3.81,15304,3.8139
2025-12-05 06:45,3.81,3.81,3.8,3.81,3640,3.8058
2025-12-05 06:50,3.81,3.81,3.8,3.81,19260,3.8008
2025-12-05 06:55,3.8,3.81,3.8,3.81,9058,3.806
2025-12-05 07:00,3.8,3.81,3.78,3.78,9521,3.7984
2025-12-05 07:05,3.78,3.78,3.64,3.64,142684,3.6597
2025-12-05 07:10,3.64,3.68,3.64,3.66,31627,3.6569
2025-12-05 07:15,3.66,3.67,3.63,3.64,11530,3.6463
2025-12-05 07:20,3.64,3.64,3.63,3.64,13637,3.634
2025-12-05 07:25,3.64,3.66,3.63,3.66,5984,3.6477
2025-12-05 07:30,3.66,3.66,3.66,3.66,4551,3.6582
2025-12-05 07:35,3.66,3.66,3.65,3.65,2572,3.6516
2025-12-05 07:40,3.65,3.66,3.61,3.61,16707,3.6317
2025-12-05 07:45,3.61,3.61,3.58,3.59,57948,3.5905
2025-12-05 07:50,3.59,3.6,3.58,3.6,44105,3.5883
2025-12-05 07:55,3.61,3.69,3.59,3.67,47378,3.6247
2025-12-05 08:00,3.67,3.68,3.65,3.66,32818,3.6618
2025-12-05 08:05,3.66,3.66,3.61,3.61,12963,3.6432
2025-12-05 08:10,3.61,3.62,3.5,3.56,70515,3.5662
2025-12-05 08:15,3.57,3.58,3.53,3.54,24089,3.5585
2025-12-05 08:20,3.53,3.53,3.48,3.5,62333,3.5033
2025-12-05 08:25,3.5,3.65,3.48,3.58,51437,3.5354
2025-12-05 08:30,3.6,3.6,3.57,3.59,4276,3.5883
2025-12-05 08:35,3.59,3.61,3.57,3.59,8176,3.6006
2025-12-05 08:40,3.6,3.62,3.57,3.62,22679,3.6039
2025-12-05 08:45,3.61,3.75,3.61,3.63,14662,3.6612
2025-12-05 08:50,3.63,3.81,3.62,3.72,43014,3.7583
2025-12-05 08:55,3.71,3.71,3.68,3.71,18683,3.6978
2025-12-05 09:00,3.7,3.71,3.69,3.69,2403,3.7033
2025-12-05 09:05,3.7,3.72,3.69,3.71,7017,3.7033
2025-12-05 09:10,3.69,3.7,3.6,3.62,31860,3.6426
2025-12-05 09:15,3.62,3.67,3.6,3.63,30915,3.6151
2025-12-05 09:20,3.63,3.64,3.61,3.63,13542,3.6239
2025-12-05 09:25,3.63,3.69,3.62,3.66,16932,3.6491
2025-12-05 09:30,3.67,3.68,3.62,3.63,6293,3.6498
2025-12-05 09:35,3.65,3.65,3.64,3.64,4075,3.6481
2025-12-05 09:40,3.65,3.65,3.64,3.65,1550,3.6459
2025-12-05 09:45,3.66,3.67,3.64,3.65,14870,3.6563
2025-12-05 09:50,3.66,3.71,3.66,3.7,10958,3.68
2025-12-05 09:55,3.7,3.76,3.7,3.75,16337,3.7279
2025-12-05 10:00,3.75,3.76,3.75,3.76,1718,3.752
2025-12-05 10:05,3.76,3.81,3.75,3.81,19201,3.7927
2025-12-05 10:10,3.8,3.82,3.78,3.79,12915,3.7984
2025-12-05 10:15,3.78,3.78,3.75,3.75,2381,3.7685
2025-12-05 10:20,3.78,3.78,3.76,3.76,899,3.7743
2025-12-05 10:25,3.78,3.79,3.76,3.79,1950,3.7769
2025-12-05 10:30,3.79,3.82,3.79,3.82,3011,3.8008
2025-12-05 10:35,3.81,3.82,3.8,3.81,1371,3.8086
2025-12-05 10:40,3.8,3.82,3.8,3.81,12345,3.8074
2025-12-05 10:45,3.81,3.82,3.75,3.75,3481,3.7939
2025-12-05 10:50,3.76,3.78,3.76,3.78,4072,3.7676
2025-12-05 10:55,3.79,3.79,3.76,3.76,8291,3.7899
2025-12-05 11:00,3.76,3.77,3.75,3.77,800,3.7615
2025-12-05 11:05,3.77,3.78,3.76,3.76,979,3.766
2025-12-05 11:10,3.76,3.77,3.76,3.77,1594,3.7607
2025-12-05 11:15,3.78,3.78,3.77,3.78,3877,3.7806
2025-12-05 11:20,3.79,3.79,3.78,3.79,1903,3.7876
2025-12-05 11:25,3.79,3.8,3.79,3.8,3612,3.7984
2025-12-05 11:30,3.81,3.81,3.8,3.8,1953,3.8046
2025-12-05 11:35,3.77,3.77,3.77,3.77,3186,3.7711
2025-12-05 11:40,3.77,3.79,3.75,3.76,3240,3.7637
2025-12-05 11:45,3.76,3.76,3.73,3.73,6914,3.7441
2025-12-05 11:50,3.74,3.76,3.73,3.75,7308,3.74
2025-12-05 11:55,3.74,3.76,3.74,3.76,12883,3.7478
2025-12-05 12:00,3.76,3.77,3.73,3.77,5457,3.752
2025-12-05 12:05,3.76,3.76,3.67,3.7,24937,3.7017
2025-12-05 12:10,3.67,3.95,3.66,3.83,42652,3.7597
2025-12-05 12:15,3.82,3.82,3.75,3.75,10313,3.7737
2025-12-05 12:20,3.76,3.8,3.76,3.79,7809,3.7832
2025-12-05 12:25,3.8,3.8,3.79,3.8,13451,3.7988
2025-12-05 12:30,3.8,3.8,3.79,3.79,7703,3.7931
2025-12-05 12:35,3.8,3.81,3.79,3.81,6119,3.7981
2025-12-05 12:40,3.81,3.81,3.8,3.8,3469,3.8015
2025-12-05 12:45,3.81,3.81,3.77,3.78,9411,3.7807
2025-12-05 12:50,3.78,3.78,3.77,3.78,9231,3.7777
2025-12-05 12:55,3.78,3.79,3.75,3.79,31363,3.7739
2025-12-05 13:00,3.81,3.81,3.8,3.8,658,3.8076
2025-12-05 13:10,3.91,3.91,3.89,3.89,600,3.8933
2025-12-05 13:15,3.87,3.87,3.87,3.87,284,3.8693
2025-12-05 13:20,3.87,3.87,3.87,3.87,500,3.8695
2025-12-05 13:35,3.8,3.8,3.8,3.8,143,3.8
2025-12-05 13:50,3.8,3.8,3.8,3.8,102,3.8004
2025-12-05 13:55,3.8,3.8,3.8,3.8,980,3.8
2025-12-05 14:00,3.8,3.8,3.8,3.8,1400,3.8
2025-12-05 14:05,3.87,3.87,3.81,3.81,600,3.86
2025-12-05 14:25,3.8,3.8,3.8,3.8,100,3.8016
2025-12-05 14:45,3.83,3.83,3.8,3.8,1136,3.8288
2025-12-05 15:00,3.8,3.8,3.8,3.8,100,3.801
2025-12-05 15:15,3.82,3.82,3.82,3.82,400,3.82
2025-12-05 15:25,3.81,3.81,3.81,3.81,360,3.81
2025-12-05 15:30,3.81,3.86,3.81,3.81,3219,3.826
2025-12-05 15:35,3.87,3.87,3.87,3.87,103,3.8697
2025-12-05 15:40,3.87,3.87,3.87,3.87,422,3.87
2025-12-05 15:50,3.86,3.86,3.86,3.86,128,3.86
2025-12-05 16:00,3.87,3.87,3.87,3.87,250,3.8699
2025-12-05 16:10,3.87,3.87,3.87,3.87,480,3.87
2025-12-05 16:15,3.9,3.91,3.9,3.91,3001,3.9083
2025-12-05 16:20,3.9,3.9,3.9,3.9,303,3.907
2025-12-05 16:25,3.95,3.95,3.95,3.95,353,3.95
2025-12-05 16:30,3.9,3.9,3.9,3.9,509,3.901
2025-12-05 16:55,3.93,3.94,3.9,3.94,624,3.9226
2025-12-08 02:45,4.16,4.16,4.16,4.16,435,4.1603
2025-12-08 03:30,4.25,4.3,4.24,4.3,1697,4.2659
2025-12-08 03:35,4.3,4.34,4.3,4.34,532,4.3226
2025-12-08 03:40,4.27,4.27,4.27,4.27,200,4.27
2025-12-08 03:50,4.2,4.2,4.2,4.2,500,4.2
2025-12-08 03:55,4.2,4.2,4.2,4.2,330,4.2
2025-12-08 04:00,4.2,4.2,4.07,4.07,5200,4.1489
2025-12-08 04:05,4.07,4.07,3.88,3.88,3913,3.9505
2025-12-08 04:20,4.1,4.1,4.1,4.1,298,4.0923
2025-12-08 04:35,4.06,4.06,4.06,4.06,623,4.0601
2025-12-08 04:40,4.07,4.07,4.06,4.06,510,4.0622
2025-12-08 04:45,4.06,4.06,4.06,4.06,200,4.06
2025-12-08 05:00,4.06,4.16,4.06,4.09,1645,4.0833
2025-12-08 05:10,4.01,4.01,4.01,4.01,141,4.01
2025-12-08 05:15,4.1,4.1,4,4,3025,4.0668
2025-12-08 05:20,4.1,4.1,4.1,4.1,582,4.1003
2025-12-08 05:30,4.1,4.1,4.1,4.1,240,4.083
2025-12-08 05:35,4.09,4.09,4.09,4.09,722,4.0897
2025-12-08 05:40,4.1,4.1,4.1,4.1,250,4.1
2025-12-08 05:45,4.1,4.1,4.1,4.1,450,4.1
2025-12-08 05:50,4.09,4.09,4.09,4.09,205,4.09
2025-12-08 06:05,4,4.07,4,4.07,2083,4.0045
2025-12-08 06:10,4,4,4,4,250,4
2025-12-08 06:15,3.99,3.99,3.95,3.95,1645,3.9529
2025-12-08 06:20,3.99,3.99,3.99,3.99,149,3.99
2025-12-08 06:25,4,4,3.96,3.96,623,3.9681
2025-12-08 06:30,4,4,3.77,3.83,46073,3.8554
2025-12-08 06:35,3.83,3.95,3.76,3.85,38779,3.8326
2025-12-08 06:40,3.85,3.85,3.8,3.83,6149,3.8269
2025-12-08 06:45,3.83,3.85,3.83,3.84,28129,3.8474
2025-12-08 06:50,3.84,3.9,3.84,3.86,31220,3.8659
2025-12-08 06:55,3.86,4.08,3.85,3.85,100364,3.9645
2025-12-08 07:00,3.85,3.89,3.84,3.87,11514,3.8542
2025-12-08 07:05,3.87,3.89,3.86,3.89,12253,3.8758
2025-12-08 07:10,3.89,3.93,3.87,3.88,19538,3.9006
2025-12-08 07:15,3.88,3.93,3.88,3.9,22228,3.9088
2025-12-08 07:20,3.89,3.89,3.88,3.89,7803,3.8897
2025-12-08 07:25,3.87,3.89,3.87,3.87,1721,3.8791
2025-12-08 07:30,3.88,3.94,3.88,3.93,8999,3.9102
2025-12-08 07:35,3.93,3.94,3.91,3.93,7177,3.9298
2025-12-08 07:40,3.94,4.01,3.94,3.97,32750,3.9802
2025-12-08 07:45,3.98,4.03,3.98,4.02,8570,4.0074
2025-12-08 07:50,4.03,4.04,4.01,4.03,11262,4.0247
2025-12-08 07:55,4.04,4.04,4.03,4.04,14631,4.0334
2025-12-08 08:00,4.04,4.06,4.03,4.05,36600,4.0444
2025-12-08 08:05,4.06,4.09,4.05,4.08,34872,4.077
2025-12-08 08:10,4.09,4.09,4.06,4.07,19013,4.0791
2025-12-08 08:15,4.08,4.1,4.05,4.05,20697,4.0732
2025-12-08 08:20,4.05,4.08,4.05,4.05,9931,4.0634
2025-12-08 08:25,4.05,4.05,3.99,4.02,18304,4.0242
2025-12-08 08:30,4.02,4.02,4.01,4.02,1525,4.0133
2025-12-08 08:35,4.01,4.04,3.96,4.04,31722,4.0026
2025-12-08 08:40,4.03,4.03,3.99,4,26620,3.991
2025-12-08 08:45,3.99,4.02,3.98,3.98,10863,3.9986
2025-12-08 08:50,3.99,3.99,3.97,3.99,2555,3.9803
2025-12-08 08:55,3.99,3.99,3.98,3.98,2004,3.986
2025-12-08 09:00,3.98,3.99,3.97,3.97,2987,3.9809
2025-12-08 09:05,3.97,3.98,3.96,3.97,1787,3.9707
2025-12-08 09:10,3.97,3.98,3.97,3.97,2575,3.9721
2025-12-08 09:15,3.98,4.01,3.97,3.99,20124,3.996
2025-12-08 09:20,3.99,4,3.97,3.97,4755,3.9778
2025-12-08 09:25,3.98,3.99,3.96,3.98,1949,3.9778
2025-12-08 09:30,3.98,4,3.98,4,9181,3.9897
2025-12-08 09:35,4,4.01,3.97,3.97,8425,3.9981
2025-12-08 09:40,3.99,4.01,3.99,4,1911,3.9953
2025-12-08 09:45,4,4.01,4,4,13506,4.0057
2025-12-08 09:50,4,4.02,3.98,4.02,32138,3.9971
2025-12-08 09:55,4.02,4.03,4,4,10168,4.0175
2025-12-08 10:00,3.98,3.98,3.96,3.97,12398,3.97
2025-12-08 10:05,3.97,3.97,3.91,3.94,8371,3.9271
2025-12-08 10:10,3.94,3.94,3.94,3.94,1290,3.9404
2025-12-08 10:15,3.93,3.93,3.82,3.93,41222,3.8608
2025-12-08 10:20,3.92,3.94,3.89,3.92,6745,3.9224
2025-12-08 10:25,3.92,3.92,3.85,3.86,12529,3.8638
2025-12-08 10:30,3.87,3.87,3.87,3.87,11490,3.8661
2025-12-08 10:35,3.87,3.91,3.87,3.91,7103,3.886
2025-12-08 10:40,3.95,3.96,3.93,3.94,10483,3.9529
2025-12-08 10:45,3.93,3.95,3.91,3.94,1994,3.9267
2025-12-08 10:50,3.92,3.92,3.9,3.9,2344,3.9079
2025-12-08 10:55,3.9,3.9,3.89,3.9,7441,3.896
2025-12-08 11:00,3.93,3.93,3.91,3.91,3514,3.9159
2025-12-08 11:05,3.92,3.92,3.9,3.9,4433,3.909
2025-12-08 11:10,3.89,3.92,3.89,3.92,4058,3.9112
2025-12-08 11:15,3.9,3.91,3.9,3.9,2374,3.9048
2025-12-08 11:20,3.92,3.95,3.91,3.95,4580,3.9287
2025-12-08 11:25,3.96,4.02,3.96,4,13701,3.9922
2025-12-08 11:30,4.01,4.01,3.96,3.96,35211,3.9972
2025-12-08 11:35,3.96,3.97,3.95,3.95,9431,3.9579
2025-12-08 11:40,3.95,3.96,3.95,3.96,1123,3.954
2025-12-08 11:45,3.96,3.96,3.88,3.89,11227,3.9153
2025-12-08 11:50,3.88,3.89,3.86,3.86,8828,3.8716
2025-12-08 11:55,3.86,3.88,3.86,3.88,8963,3.8669
2025-12-08 12:00,3.87,3.9,3.87,3.89,6401,3.8905
2025-12-08 12:05,3.88,3.9,3.88,3.9,15510,3.8931
2025-12-08 12:10,3.9,3.91,3.87,3.88,45428,3.8922
2025-12-08 12:15,3.88,3.89,3.87,3.89,4809,3.8757
2025-12-08 12:20,3.9,3.92,3.89,3.9,20248,3.9057
2025-12-08 12:25,3.91,3.91,3.9,3.91,7516,3.9013
2025-12-08 12:30,3.9,3.9,3.9,3.9,275,3.9027
2025-12-08 12:35,3.9,3.9,3.87,3.87,3379,3.8802
2025-12-08 12:40,3.88,3.9,3.87,3.89,9324,3.8866
2025-12-08 12:45,3.89,3.96,3.89,3.96,17664,3.9284
2025-12-08 12:50,3.95,3.99,3.94,3.97,21439,3.9726
2025-12-08 12:55,3.98,4.02,3.98,3.98,49929,3.9996
2025-12-08 13:00,3.99,3.99,3.97,3.97,554,3.9755
2025-12-08 13:05,3.97,3.97,3.92,3.94,3121,3.955
2025-12-08 13:10,3.97,4,3.97,4,1525,3.9907
2025-12-08 13:30,4.06,4.1,4.06,4.1,1270,4.0612
2025-12-08 13:40,4.06,4.06,4.06,4.06,300,4.0606
2025-12-08 13:50,4.06,4.06,4.06,4.06,511,4.0604
2025-12-08 14:00,4.09,4.09,4.06,4.06,546,4.0735
2025-12-08 14:10,4.06,4.06,4.06,4.06,2457,4.0601
2025-12-08 14:15,4.08,4.1,4.08,4.1,1011,4.0896
2025-12-08 14:20,4.07,4.07,4.06,4.06,2000,4.0638
2025-12-08 14:25,4.1,4.1,4.06,4.1,2096,4.0898
2025-12-08 14:30,4.1,4.1,4.1,4.1,631,4.0999
2025-12-08 14:45,4.04,4.04,4.04,4.04,100,4.04
2025-12-08 15:05,4.1,4.1,4.1,4.1,245,4.0998
2025-12-08 15:25,4.05,4.1,4.03,4.1,926,4.0575
2025-12-08 15:50,4.05,4.05,4.05,4.05,300,4.05
2025-12-08 16:10,4.02,4.02,4.02,4.02,256,4.02
2025-12-08 16:25,4.02,4.02,4.02,4.02,165,4.0209
2025-12-08 16:45,4.02,4.02,4.02,4.02,483,4.02
2025-12-08 16:50,4,4,4,4,2343,4.0016
2025-12-08 16:55,4.04,4.04,4.04,4.04,101,4.0421
2025-12-09 01:00,4.05,4.05,4.05,4.05,297,4.05
2025-12-09 01:40,4.17,4.17,4.17,4.17,1117,4.17
2025-12-09 02:40,4.1,4.1,4.1,4.1,100,4.1
2025-12-09 03:25,4.1,4.19,4.1,4.19,1995,4.1526
2025-12-09 03:45,4.19,4.2,4.19,4.2,4187,4.1998
2025-12-09 04:00,4.2,4.2,4.12,4.12,1988,4.1424
2025-12-09 04:05,4.09,4.14,4.09,4.14,501,4.1
2025-12-09 04:10,4.13,4.13,4.13,4.13,300,4.13
2025-12-09 04:15,4.14,4.2,4.14,4.2,2798,4.1771
2025-12-09 04:50,4.14,4.15,4.1,4.15,2668,4.1214
2025-12-09 04:55,4.1,4.1,4.1,4.1,110,4.1
2025-12-09 05:00,4.15,4.16,4.07,4.07,3799,4.1436
2025-12-09 05:15,4.07,4.09,4.07,4.09,1714,4.0854
2025-12-09 05:20,4.08,4.08,4.08,4.08,100,4.08
2025-12-09 05:25,4.08,4.08,4.08,4.08,3105,4.08
2025-12-09 05:45,4.08,4.08,4.07,4.07,1004,4.0757
2025-12-09 05:55,4.08,4.09,4.08,4.09,639,4.0849
2025-12-09 06:00,4.05,4.05,4,4,294,4.033
2025-12-09 06:10,4.05,4.06,4.05,4.06,450,4.053
2025-12-09 06:15,4.06,4.07,4.06,4.07,2699,4.0664
2025-12-09 06:20,4.06,4.07,4.06,4.07,304,4.0625
2025-12-09 06:25,4.06,4.07,4.05,4.05,3206,4.0573
2025-12-09 06:30,4.05,4.07,4,4.04,19357,4.029
2025-12-09 06:35,4.07,4.07,4.02,4.04,15087,4.0434
2025-12-09 06:40,4.04,4.06,4.02,4.02,12159,4.0352
2025-12-09 06:45,4.01,4.04,4.01,4.03,3941,4.0305
2025-12-09 06:50,4.03,4.03,4.01,4.02,12969,4.0203
2025-12-09 06:55,4.01,4.02,3.99,4,40189,4.0084
2025-12-09 07:00,4.01,4.08,4.01,4.07,28966,4.0667
2025-12-09 07:05,4.06,4.09,4.05,4.07,23099,4.0684
2025-12-09 07:10,4.07,4.09,4.05,4.05,9721,4.0633
2025-12-09 07:15,4.05,4.06,4.02,4.02,9816,4.0358
2025-12-09 07:20,4.06,4.07,4.01,4.06,33164,4.0383
2025-12-09 07:25,4.06,4.06,4.04,4.06,8137,4.0571
2025-12-09 07:30,4.06,4.07,4.05,4.06,9591,4.0614
2025-12-09 07:35,4.06,4.08,4.06,4.08,18965,4.0659
2025-12-09 07:40,4.07,4.07,4.05,4.05,39185,4.0613
2025-12-09 07:45,4.05,4.06,4.05,4.06,17139,4.0574
2025-12-09 07:50,4.06,4.1,4.06,4.1,17259,4.0753
2025-12-09 07:55,4.1,4.1,4.06,4.06,9356,4.0754
2025-12-09 08:00,4.07,4.1,4.07,4.09,5975,4.0893
2025-12-09 08:05,4.1,4.1,4.06,4.07,17593,4.0859
2025-12-09 08:10,4.07,4.1,4.07,4.1,9371,4.0848
2025-12-09 08:15,4.08,4.1,4.07,4.09,14682,4.0845
2025-12-09 08:20,4.1,4.1,3.99,4.01,40755,4.0366
2025-12-09 08:25,4.02,4.03,3.99,4,37713,4.003
2025-12-09 08:30,4,4,3.99,4,19855,3.9976
2025-12-09 08:35,4,4.03,4,4.03,20660,4.0147
2025-12-09 08:40,4.03,4.03,3.98,3.99,9525,3.9961
2025-12-09 08:45,4,4,3.98,3.98,7152,3.9852
2025-12-09 08:50,4,4.01,3.99,4,9138,3.9993
2025-12-09 08:55,4.01,4.02,3.99,3.99,11969,4.0132
2025-12-09 09:00,4.01,4.02,4,4.01,5426,4.0117
2025-12-09 09:05,4.01,4.03,4.01,4.02,7311,4.0219
2025-12-09 09:10,4.02,4.03,4,4.01,5541,4.0076
2025-12-09 09:15,4.02,4.02,4,4,5056,4.004
2025-12-09 09:20,4.01,4.02,4.01,4.01,6914,4.014
2025-12-09 09:25,4,4.02,3.99,3.99,10284,4.0019
2025-12-09 09:30,3.99,4,3.96,3.98,8978,3.9758
2025-12-09 09:35,3.98,4,3.98,3.98,2907,3.9838
2025-12-09 09:40,3.97,3.98,3.91,3.93,7456,3.9484
2025-12-09 09:45,3.93,3.95,3.92,3.94,6570,3.9324
2025-12-09 09:50,3.93,3.95,3.93,3.95,4366,3.937
2025-12-09 09:55,3.95,3.99,3.94,3.99,8934,3.9674
2025-12-09 10:00,4,4,3.98,3.99,8998,3.9862
2025-12-09 10:05,3.98,3.99,3.96,3.99,8944,3.9833
2025-12-09 10:10,3.97,3.99,3.97,3.97,12165,3.984
2025-12-09 10:15,3.98,4.01,3.96,4.01,27565,3.9981
2025-12-09 10:20,4,4,3.98,3.98,3718,3.9897
2025-12-09 10:25,3.98,3.98,3.96,3.98,5195,3.9666
2025-12-09 10:30,3.98,3.98,3.97,3.98,11092,3.9795
2025-12-09 10:35,3.98,3.98,3.96,3.96,2461,3.9665
2025-12-09 10:40,3.97,3.97,3.93,3.94,12902,3.9501
2025-12-09 10:45,3.94,3.96,3.92,3.95,5143,3.9393
2025-12-09 10:50,3.95,3.96,3.94,3.95,2542,3.9467
2025-12-09 10:55,3.94,3.95,3.93,3.95,8542,3.9322
2025-12-09 11:00,3.96,3.97,3.93,3.94,7922,3.9439
2025-12-09 11:05,3.94,3.95,3.93,3.95,3591,3.9383
2025-12-09 11:10,3.94,3.95,3.93,3.94,3452,3.9392
2025-12-09 11:15,3.95,3.97,3.93,3.97,3769,3.9484
2025-12-09 11:20,3.96,3.96,3.93,3.94,8857,3.9465
2025-12-09 11:25,3.94,3.95,3.93,3.95,16976,3.9404
2025-12-09 11:30,3.96,3.96,3.95,3.95,2115,3.9556
2025-12-09 11:35,3.96,3.96,3.94,3.96,7390,3.9483
2025-12-09 11:40,3.95,3.96,3.94,3.95,6241,3.9525
2025-12-09 11:45,3.95,3.97,3.94,3.96,5747,3.9547
2025-12-09 11:50,3.95,4,3.95,3.99,19526,3.9768
2025-12-09 11:55,3.98,4,3.97,3.99,4545,3.9836
2025-12-09 12:00,3.98,3.98,3.95,3.98,4674,3.9644
2025-12-09 12:05,3.99,4,3.98,3.99,6008,3.9857
2025-12-09 12:10,3.97,3.99,3.97,3.98,8109,3.9822
2025-12-09 12:15,3.99,4,3.99,3.99,1890,3.9953
2025-12-09 12:20,3.98,3.99,3.98,3.98,9369,3.9821
2025-12-09 12:25,3.97,3.99,3.97,3.98,7556,3.9749
2025-12-09 12:30,3.98,4,3.98,4,15231,3.9961
2025-12-09 12:35,4,4,3.99,3.99,17870,3.9958
2025-12-09 12:40,4,4,3.98,3.98,43706,3.9922
2025-12-09 12:45,3.99,3.99,3.97,3.99,24869,3.9822
2025-12-09 12:50,3.98,4,3.98,3.98,22804,3.9854
2025-12-09 12:55,3.99,3.99,3.95,3.98,28391,3.9674
2025-12-09 13:00,4.06,4.06,3.85,3.91,5110,3.9511
2025-12-09 13:05,3.92,3.92,3.5,3.7,21137,3.6745
2025-12-09 13:10,3.7,3.73,3.67,3.73,21251,3.7126
2025-12-09 13:15,3.7,3.7,3.5,3.53,21722,3.5943
2025-12-09 13:20,3.53,3.55,3.4,3.4,24697,3.5053
2025-12-09 13:25,3.45,3.68,3.45,3.68,8139,3.5458
2025-12-09 13:30,3.65,3.65,3.56,3.56,8883,3.5791
2025-12-09 13:35,3.56,3.57,3.5,3.5,13424,3.554
2025-12-09 13:40,3.46,3.46,3.35,3.35,24109,3.3956
2025-12-09 13:45,3.39,3.39,3.25,3.25,16948,3.3013
2025-12-09 13:50,3.25,3.59,3.25,3.51,96171,3.3042
2025-12-09 13:55,3.45,3.51,3.4,3.4,3874,3.4651
2025-12-09 14:00,3.43,3.5,3.4,3.5,8554,3.4597
2025-12-09 14:05,3.5,3.5,3.3,3.5,3190,3.3973
2025-12-09 14:10,3.4,3.43,3.4,3.43,2638,3.4104
2025-12-09 14:15,3.43,3.45,3.41,3.42,18295,3.4429
2025-12-09 14:20,3.45,3.5,3.45,3.5,806,3.4637
2025-12-09 14:25,3.54,3.57,3.49,3.49,5802,3.5635
2025-12-09 14:30,3.55,3.55,3.52,3.52,1601,3.5392
2025-12-09 14:35,3.55,3.62,3.55,3.6,4139,3.5622
2025-12-09 14:40,3.6,3.6,3.6,3.6,256,3.6
2025-12-09 14:45,3.6,3.6,3.59,3.6,2463,3.5924
2025-12-09 14:50,3.6,3.67,3.6,3.67,735,3.6224
2025-12-09 15:00,3.55,3.55,3.55,3.55,245,3.5501
2025-12-09 15:15,3.66,3.66,3.66,3.66,1346,3.66
2025-12-09 15:25,3.6,3.6,3.56,3.56,1470,3.587
2025-12-09 15:30,3.6,3.6,3.56,3.56,2090,3.568
2025-12-09 15:35,3.55,3.55,3.45,3.47,8414,3.5141
2025-12-09 15:40,3.47,3.47,3.42,3.44,2246,3.4459
2025-12-09 15:45,3.56,3.56,3.56,3.56,780,3.5601
2025-12-09 15:50,3.6,3.6,3.6,3.6,693,3.6
2025-12-09 16:05,3.55,3.66,3.55,3.61,2714,3.6187
2025-12-09 16:10,3.61,3.61,3.55,3.55,3548,3.5588
2025-12-09 16:20,3.6,3.6,3.6,3.6,1150,3.6
2025-12-09 16:30,3.59,3.59,3.56,3.56,422,3.5782
2025-12-09 16:35,3.59,3.59,3.58,3.58,200,3.585
2025-12-09 16:45,3.55,3.55,3.55,3.55,1124,3.5508
2025-12-09 16:50,3.53,3.53,3.53,3.53,744,3.53
2025-12-09 16:55,3.5,3.59,3.5,3.55,1706,3.5348
2025-12-10 04:00,3.6,3.6,3.6,3.6,1021,3.6008
2025-12-10 04:20,3.66,3.66,3.66,3.66,100,3.66
2025-12-10 04:25,3.66,3.68,3.66,3.68,2738,3.6738
2025-12-10 04:30,3.65,3.67,3.65,3.67,1092,3.6682
2025-12-10 04:35,3.68,3.68,3.68,3.68,1433,3.68
2025-12-10 05:00,3.58,3.68,3.58,3.65,12039,3.6447
2025-12-10 05:05,3.62,3.62,3.61,3.61,908,3.6177
2025-12-10 05:10,3.66,3.66,3.64,3.64,5803,3.6406
2025-12-10 05:15,3.62,3.67,3.62,3.66,941,3.663
2025-12-10 05:20,3.65,3.65,3.65,3.65,500,3.65
2025-12-10 05:25,3.65,3.65,3.65,3.65,623,3.6508
2025-12-10 05:30,3.63,3.7,3.63,3.7,3102,3.662
2025-12-10 05:35,3.72,3.75,3.72,3.75,2200,3.7485
2025-12-10 05:40,3.72,3.75,3.72,3.75,961,3.7445
2025-12-10 05:45,3.74,3.75,3.66,3.75,1117,3.7147
2025-12-10 05:50,3.75,3.75,3.75,3.75,181,3.7445
2025-12-10 05:55,3.75,3.75,3.68,3.7,2165,3.7151
2025-12-10 06:05,3.77,3.77,3.67,3.67,2104,3.6841
2025-12-10 06:10,3.7,3.7,3.63,3.65,828,3.6595
2025-12-10 06:15,3.62,3.62,3.62,3.62,601,3.6213
2025-12-10 06:20,3.6,3.6,3.6,3.6,250,3.6
2025-12-10 06:25,3.6,3.6,3.6,3.6,155,3.6
2025-12-10 06:30,3.55,3.66,3.5,3.6,92572,3.5249
2025-12-10 06:35,3.58,3.7,3.55,3.68,60923,3.5995
2025-12-10 06:40,3.65,3.85,3.65,3.76,49352,3.7832
2025-12-10 06:45,3.75,3.76,3.7,3.72,12267,3.7293
2025-12-10 06:50,3.72,3.72,3.71,3.72,6855,3.7133
2025-12-10 06:55,3.72,3.72,3.56,3.57,22023,3.6304
2025-12-10 07:00,3.57,3.6,3.57,3.58,34763,3.5776
2025-12-10 07:05,3.58,3.64,3.57,3.6,18335,3.5989
2025-12-10 07:10,3.61,3.63,3.6,3.61,11285,3.6129
2025-12-10 07:15,3.62,3.63,3.56,3.6,6122,3.5931
2025-12-10 07:20,3.57,3.57,3.51,3.52,25495,3.5288
2025-12-10 07:25,3.5,3.53,3.5,3.52,19765,3.5093
2025-12-10 07:30,3.52,3.52,3.44,3.48,22630,3.4755
2025-12-10 07:35,3.48,3.48,3.42,3.46,32094,3.4538
2025-12-10 07:40,3.46,3.51,3.46,3.5,41550,3.4977
2025-12-10 07:45,3.51,3.53,3.5,3.5,11463,3.5053
2025-12-10 07:50,3.5,3.5,3.46,3.47,10247,3.4806
2025-12-10 07:55,3.47,3.49,3.46,3.46,7168,3.4758
2025-12-10 08:00,3.48,3.5,3.48,3.5,4236,3.4831
2025-12-10 08:05,3.5,3.5,3.48,3.49,10074,3.4904
2025-12-10 08:10,3.49,3.5,3.48,3.49,9718,3.4946
2025-12-10 08:15,3.5,3.5,3.46,3.48,35345,3.4937
2025-12-10 08:20,3.48,3.53,3.46,3.51,28275,3.4818
2025-12-10 08:25,3.51,3.58,3.51,3.56,15569,3.5448
2025-12-10 08:30,3.56,3.67,3.56,3.66,17453,3.6027
2025-12-10 08:35,3.66,3.67,3.59,3.59,7824,3.631
2025-12-10 08:40,3.6,3.6,3.59,3.6,3246,3.5987
2025-12-10 08:45,3.6,3.63,3.57,3.63,8478,3.5998
2025-12-10 08:50,3.62,3.62,3.58,3.58,4727,3.6101
2025-12-10 08:55,3.58,3.58,3.52,3.53,5916,3.537
2025-12-10 09:00,3.53,3.53,3.51,3.52,1911,3.5176
2025-12-10 09:05,3.52,3.53,3.51,3.52,7516,3.5219
2025-12-10 09:10,3.52,3.52,3.5,3.52,9448,3.5085
2025-12-10 09:15,3.52,3.59,3.52,3.58,30458,3.5628
2025-12-10 09:20,3.59,3.67,3.59,3.66,38045,3.6245
2025-12-10 09:25,3.66,3.76,3.65,3.71,110885,3.712
2025-12-10 09:30,3.71,3.71,3.65,3.66,18660,3.6791
2025-12-10 09:35,3.66,3.73,3.66,3.72,2215,3.6803
2025-12-10 09:40,3.74,3.75,3.72,3.73,4893,3.7264
2025-12-10 09:45,3.73,3.78,3.73,3.76,18235,3.7451
2025-12-10 09:50,3.75,3.75,3.72,3.75,5736,3.7415
2025-12-10 09:55,3.73,3.76,3.73,3.75,5434,3.7457
2025-12-10 10:00,3.75,3.75,3.73,3.73,5965,3.7368
2025-12-10 10:05,3.73,3.74,3.67,3.67,6881,3.6959
2025-12-10 10:10,3.67,3.71,3.67,3.7,2320,3.6954
2025-12-10 10:15,3.67,3.69,3.67,3.67,3689,3.6753
2025-12-10 10:20,3.68,3.68,3.67,3.67,2694,3.6707
2025-12-10 10:25,3.66,3.67,3.66,3.67,1353,3.6688
2025-12-10 10:30,3.67,3.67,3.64,3.64,6005,3.6594
2025-12-10 10:35,3.65,3.65,3.61,3.62,8915,3.6298
2025-12-10 10:40,3.62,3.64,3.61,3.63,1563,3.6252
2025-12-10 10:45,3.65,3.65,3.64,3.64,397,3.6412
2025-12-10 10:50,3.65,3.68,3.65,3.67,2602,3.667
2025-12-10 10:55,3.67,3.68,3.65,3.65,2627,3.6719
2025-12-10 11:00,3.67,3.69,3.64,3.66,7656,3.6631
2025-12-10 11:05,3.68,3.68,3.67,3.67,4756,3.6745
2025-12-10 11:10,3.65,3.67,3.64,3.65,16161,3.6579
2025-12-10 11:15,3.65,3.65,3.65,3.65,1389,3.6499
2025-12-10 11:20,3.65,3.67,3.64,3.67,1960,3.6493
2025-12-10 11:25,3.67,3.67,3.59,3.61,9360,3.6135
2025-12-10 11:30,3.62,3.69,3.62,3.64,4807,3.6412
2025-12-10 11:35,3.66,3.77,3.66,3.7,44162,3.7354
2025-12-10 11:40,3.67,3.71,3.63,3.69,4111,3.6793
2025-12-10 11:45,3.69,3.7,3.68,3.7,3642,3.6907
2025-12-10 11:50,3.7,3.71,3.7,3.71,3521,3.7047
2025-12-10 11:55,3.71,3.72,3.68,3.68,9825,3.7045
2025-12-10 12:00,3.67,3.77,3.65,3.75,18955,3.704
2025-12-10 12:05,3.73,3.77,3.73,3.74,8631,3.7376
2025-12-10 12:10,3.72,3.73,3.69,3.7,21573,3.7073
2025-12-10 12:15,3.7,3.7,3.64,3.66,13800,3.6664
2025-12-10 12:20,3.66,3.68,3.65,3.67,25139,3.6618
2025-12-10 12:25,3.67,3.68,3.66,3.66,10609,3.6706
2025-12-10 12:30,3.67,3.68,3.65,3.66,7260,3.6632
2025-12-10 12:35,3.66,3.66,3.65,3.65,4984,3.6525
2025-12-10 12:40,3.65,3.65,3.58,3.59,16277,3.6081
2025-12-10 12:45,3.59,3.6,3.57,3.57,13808,3.5793
2025-12-10 12:50,3.56,3.59,3.55,3.56,14426,3.5675
2025-12-10 12:55,3.57,3.57,3.56,3.57,28772,3.5655
2025-12-10 13:00,3.64,3.64,3.56,3.56,201,3.5998
2025-12-10 13:05,3.55,3.55,3.55,3.55,400,3.55
2025-12-10 13:10,3.68,3.68,3.55,3.55,230,3.6065
2025-12-10 13:20,3.6,3.6,3.6,3.6,295,3.6003
2025-12-10 13:25,3.6,3.67,3.6,3.67,445,3.6394
2025-12-10 13:40,3.68,3.68,3.68,3.68,100,3.68
2025-12-10 14:25,3.65,3.65,3.65,3.65,1505,3.65
2025-12-10 14:45,3.62,3.62,3.62,3.62,105,3.6211
2025-12-10 14:50,3.68,3.68,3.68,3.68,629,3.68
2025-12-10 15:05,3.68,3.68,3.68,3.68,100,3.68
2025-12-10 15:10,3.68,3.68,3.68,3.68,200,3.6812
2025-12-10 15:15,3.68,3.74,3.68,3.74,1331,3.7292
2025-12-10 15:20,3.74,3.74,3.74,3.74,111,3.74
2025-12-10 15:25,3.72,3.72,3.72,3.72,282,3.72
2025-12-10 15:30,3.72,3.72,3.72,3.72,250,3.72
2025-12-10 15:45,3.68,3.68,3.68,3.68,232,3.68
2025-12-10 15:55,3.7,3.7,3.7,3.7,954,3.7
2025-12-10 16:00,3.68,3.68,3.68,3.68,126,3.68
2025-12-10 16:10,3.68,3.68,3.68,3.68,298,3.6803
2025-12-10 16:25,3.72,3.72,3.72,3.72,200,3.7181
2025-12-10 16:30,3.72,3.72,3.72,3.72,913,3.7198
2025-12-10 16:35,3.7,3.7,3.7,3.7,500,3.7
2025-12-10 16:40,3.72,3.72,3.72,3.72,250,3.72
2025-12-11 04:00,3.63,3.63,3.63,3.63,169,3.6359
2025-12-11 04:05,3.67,3.67,3.67,3.67,1000,3.6705
2025-12-11 04:25,3.68,3.68,3.68,3.68,300,3.6833
2025-12-11 05:00,3.7,3.7,3.67,3.67,2476,3.677
2025-12-11 05:45,3.74,3.77,3.7,3.7,1737,3.7276
2025-12-11 06:00,3.7,3.7,3.7,3.7,197,3.7
2025-12-11 06:05,3.68,3.68,3.68,3.68,1037,3.6807
2025-12-11 06:20,3.68,3.68,3.68,3.68,828,3.6807
2025-12-11 06:25,3.69,3.69,3.69,3.69,249,3.6898
2025-12-11 06:30,3.68,3.68,3.61,3.61,32125,3.6547
2025-12-11 06:35,3.61,3.83,3.6,3.63,26620,3.6989
2025-12-11 06:40,3.6,3.65,3.54,3.54,18865,3.5967
2025-12-11 06:45,3.55,3.6,3.55,3.58,25531,3.5707
2025-12-11 06:50,3.59,3.59,3.48,3.48,44794,3.5568
2025-12-11 06:55,3.49,3.53,3.49,3.5,13827,3.5068
2025-12-11 07:00,3.5,3.52,3.44,3.44,13697,3.466
2025-12-11 07:05,3.45,3.51,3.44,3.51,68641,3.4776
2025-12-11 07:10,3.51,3.52,3.48,3.5,11359,3.4967
2025-12-11 07:15,3.5,3.52,3.5,3.52,5821,3.5015
2025-12-11 07:20,3.5,3.54,3.5,3.51,23829,3.5191
2025-12-11 07:25,3.51,3.53,3.5,3.53,32975,3.5172
2025-12-11 07:30,3.52,3.54,3.5,3.54,16864,3.5278
2025-12-11 07:35,3.53,3.55,3.52,3.52,16159,3.5318
2025-12-11 07:40,3.51,3.51,3.5,3.51,2951,3.5096
2025-12-11 07:45,3.51,3.51,3.46,3.46,9498,3.4905
2025-12-11 07:50,3.47,3.51,3.47,3.51,5518,3.4786
2025-12-11 07:55,3.48,3.51,3.48,3.5,3211,3.4995
2025-12-11 08:00,3.5,3.5,3.48,3.48,21144,3.4847
2025-12-11 08:05,3.48,3.48,3.39,3.43,38030,3.4268
2025-12-11 08:10,3.42,3.44,3.41,3.43,7134,3.4267
2025-12-11 08:15,3.42,3.44,3.42,3.43,9051,3.4229
2025-12-11 08:20,3.42,3.47,3.42,3.45,55729,3.44
2025-12-11 08:25,3.47,3.47,3.45,3.46,10285,3.4615
2025-12-11 08:30,3.46,3.48,3.46,3.47,2208,3.464
2025-12-11 08:35,3.47,3.47,3.41,3.44,4881,3.4293
2025-12-11 08:40,3.45,3.46,3.42,3.45,6311,3.4395
2025-12-11 08:45,3.43,3.43,3.42,3.42,3913,3.4276
2025-12-11 08:50,3.42,3.42,3.38,3.39,10356,3.403
2025-12-11 08:55,3.37,3.39,3.37,3.39,11796,3.3823
2025-12-11 09:00,3.39,3.43,3.39,3.42,8098,3.4093
2025-12-11 09:05,3.42,3.43,3.41,3.42,7526,3.4248
2025-12-11 09:10,3.42,3.42,3.42,3.42,1330,3.4204
2025-12-11 09:15,3.43,3.46,3.42,3.45,11744,3.4312
2025-12-11 09:20,3.46,3.5,3.44,3.48,5124,3.4735
2025-12-11 09:25,3.48,3.5,3.48,3.48,594,3.4848
2025-12-11 09:30,3.49,3.49,3.48,3.48,5020,3.4868
2025-12-11 09:35,3.49,3.5,3.46,3.49,20708,3.4841
2025-12-11 09:40,3.48,3.49,3.47,3.47,2618,3.481
2025-12-11 09:45,3.48,3.48,3.47,3.47,1206,3.4715
2025-12-11 09:50,3.48,3.49,3.48,3.49,896,3.4803
2025-12-11 09:55,3.47,3.48,3.47,3.48,3315,3.4736
2025-12-11 10:00,3.49,3.49,3.49,3.49,731,3.4874
2025-12-11 10:05,3.48,3.49,3.48,3.48,3800,3.4788
2025-12-11 10:10,3.48,3.48,3.46,3.46,1460,3.4726
2025-12-11 10:15,3.47,3.47,3.45,3.45,9211,3.4559
2025-12-11 10:20,3.46,3.46,3.4,3.4,8923,3.4279
2025-12-11 10:25,3.41,3.43,3.4,3.42,1690,3.4141
2025-12-11 10:30,3.41,3.41,3.4,3.4,6974,3.401
2025-12-11 10:35,3.41,3.41,3.39,3.4,4794,3.3998
2025-12-11 10:40,3.41,3.43,3.41,3.43,4697,3.419
2025-12-11 10:45,3.47,3.48,3.47,3.48,2293,3.4748
2025-12-11 10:50,3.48,3.49,3.48,3.48,2233,3.4797
2025-12-11 10:55,3.47,3.47,3.46,3.47,1847,3.4679
2025-12-11 11:00,3.47,3.5,3.45,3.45,4427,3.4727
2025-12-11 11:05,3.42,3.42,3.4,3.41,4035,3.4123
2025-12-11 11:10,3.42,3.47,3.41,3.44,7180,3.4424
2025-12-11 11:15,3.46,3.46,3.44,3.44,7831,3.456
2025-12-11 11:20,3.44,3.45,3.42,3.44,13396,3.4372
2025-12-11 11:25,3.45,3.49,3.45,3.47,10025,3.4608
2025-12-11 11:30,3.49,3.49,3.46,3.48,19458,3.4781
2025-12-11 11:35,3.48,3.51,3.47,3.51,25945,3.4897
2025-12-11 11:40,3.5,3.51,3.47,3.47,2592,3.4805
2025-12-11 11:45,3.47,3.49,3.46,3.49,3082,3.4737
2025-12-11 11:50,3.47,3.48,3.47,3.48,5972,3.4764
2025-12-11 11:55,3.48,3.5,3.48,3.5,2385,3.4868
2025-12-11 12:00,3.5,3.52,3.5,3.52,3200,3.5116
2025-12-11 12:05,3.52,3.54,3.51,3.54,4673,3.5184
2025-12-11 12:10,3.54,3.55,3.53,3.54,11880,3.5403
2025-12-11 12:15,3.55,3.55,3.54,3.54,4654,3.5451
2025-12-11 12:20,3.54,3.55,3.54,3.55,2744,3.5427
2025-12-11 12:25,3.55,3.55,3.5,3.52,12795,3.5195
2025-12-11 12:30,3.51,3.53,3.5,3.52,7415,3.5113
2025-12-11 12:35,3.53,3.53,3.52,3.52,1259,3.5234
2025-12-11 12:40,3.52,3.53,3.51,3.51,5008,3.5185
2025-12-11 12:45,3.52,3.53,3.5,3.5,5397,3.5056
2025-12-11 12:50,3.5,3.53,3.5,3.51,11926,3.5138
2025-12-11 12:55,3.5,3.52,3.48,3.48,14067,3.5021
2025-12-11 13:00,3.54,3.55,3.54,3.55,800,3.5488
2025-12-11 13:15,3.54,3.54,3.54,3.54,820,3.54
2025-12-11 13:20,3.54,3.54,3.54,3.54,327,3.5428
2025-12-11 13:30,3.53,3.53,3.53,3.53,2013,3.5298
2025-12-11 13:35,3.5,3.5,3.5,3.5,4855,3.5012
2025-12-11 13:40,3.5,3.5,3.5,3.5,125,3.5
2025-12-11 13:45,3.5,3.5,3.5,3.5,212,3.5
2025-12-11 13:50,3.5,3.5,3.5,3.5,500,3.5
2025-12-11 14:05,3.51,3.51,3.51,3.51,300,3.51
2025-12-11 14:10,3.53,3.53,3.53,3.53,1000,3.53
2025-12-11 14:30,3.5,3.5,3.5,3.5,2500,3.5007
2025-12-11 14:35,3.5,3.5,3.45,3.45,1815,3.479
2025-12-11 15:20,3.48,3.48,3.48,3.48,102,3.4804
2025-12-11 15:30,3.48,3.48,3.48,3.48,250,3.48
2025-12-11 15:35,3.48,3.48,3.48,3.48,750,3.48
2025-12-11 16:00,3.48,3.48,3.48,3.48,100,3.48
2025-12-11 16:25,3.5,3.5,3.5,3.5,100,3.5
2025-12-11 16:45,3.48,3.48,3.48,3.48,150,3.48
2025-12-11 16:50,3.54,3.59,3.54,3.59,1746,3.557
2025-12-12 01:15,3.53,3.53,3.53,3.53,505,3.5287
2025-12-12 01:20,3.53,3.53,3.53,3.53,300,3.53
2025-12-12 02:55,3.6,3.6,3.6,3.6,300,3.6
2025-12-12 03:10,3.57,3.57,3.57,3.57,200,3.57
2025-12-12 04:00,3.48,3.48,3.44,3.44,790,3.4604
2025-12-12 04:15,3.52,3.52,3.46,3.46,2224,3.5143
2025-12-12 04:55,3.52,3.52,3.52,3.52,2959,3.52
2025-12-12 05:00,3.48,3.57,3.48,3.57,2798,3.532
2025-12-12 05:05,3.58,3.58,3.58,3.58,257,3.58
2025-12-12 05:15,3.59,3.59,3.59,3.59,538,3.59
2025-12-12 05:20,3.59,3.59,3.59,3.59,3000,3.59
2025-12-12 05:25,3.52,3.52,3.52,3.52,321,3.52
2025-12-12 06:00,3.56,3.56,3.56,3.56,2002,3.56
2025-12-12 06:20,3.52,3.52,3.52,3.52,166,3.512
2025-12-12 06:30,3.55,3.55,3.5,3.51,7462,3.5294
2025-12-12 06:35,3.52,3.55,3.51,3.54,4333,3.5164
2025-12-12 06:40,3.53,3.55,3.5,3.54,22341,3.5225
2025-12-12 06:45,3.54,3.54,3.54,3.54,2078,3.5399
2025-12-12 06:50,3.52,3.53,3.5,3.51,6803,3.5081
2025-12-12 06:55,3.52,3.53,3.5,3.5,5045,3.5076
2025-12-12 07:00,3.48,3.51,3.47,3.51,3172,3.4933
2025-12-12 07:05,3.51,3.54,3.44,3.44,34547,3.4908
2025-12-12 07:10,3.45,3.45,3.42,3.42,5873,3.44
2025-12-12 07:15,3.42,3.43,3.4,3.42,22929,3.4099
2025-12-12 07:20,3.42,3.44,3.38,3.38,22231,3.4134
2025-12-12 07:25,3.4,3.43,3.39,3.42,34508,3.4153
2025-12-12 07:30,3.42,3.43,3.4,3.4,7875,3.4153
2025-12-12 07:35,3.4,3.46,3.4,3.46,39842,3.4384
2025-12-12 07:40,3.45,3.46,3.42,3.43,19812,3.4396
2025-12-12 07:45,3.45,3.46,3.42,3.42,12124,3.4443
2025-12-12 07:50,3.43,3.44,3.41,3.42,11229,3.4224
2025-12-12 07:55,3.4,3.41,3.38,3.38,23411,3.3994
2025-12-12 08:00,3.38,3.4,3.37,3.37,32640,3.381
2025-12-12 08:05,3.38,3.38,3.33,3.37,55555,3.3633
2025-12-12 08:10,3.37,3.41,3.36,3.39,50257,3.3831
2025-12-12 08:15,3.39,3.41,3.37,3.38,24140,3.384
2025-12-12 08:20,3.38,3.39,3.36,3.38,18003,3.3741
2025-12-12 08:25,3.37,3.39,3.36,3.39,9407,3.3759
2025-12-12 08:30,3.38,3.39,3.36,3.36,13837,3.3794
2025-12-12 08:35,3.37,3.37,3.31,3.32,42036,3.335
2025-12-12 08:40,3.32,3.36,3.31,3.33,15444,3.3319
2025-12-12 08:45,3.34,3.35,3.31,3.32,8875,3.3323
2025-12-12 08:50,3.33,3.34,3.3,3.34,22601,3.3147
2025-12-12 08:55,3.34,3.34,3.31,3.33,7848,3.3283
2025-12-12 09:00,3.33,3.33,3.31,3.33,5284,3.3169
2025-12-12 09:05,3.33,3.39,3.33,3.36,31571,3.3629
2025-12-12 09:10,3.36,3.37,3.35,3.35,4048,3.3623
2025-12-12 09:15,3.36,3.36,3.34,3.36,4385,3.3478
2025-12-12 09:20,3.36,3.36,3.34,3.35,8471,3.3493
2025-12-12 09:25,3.34,3.37,3.33,3.34,8637,3.3392
2025-12-12 09:30,3.34,3.35,3.33,3.34,3230,3.3421
2025-12-12 09:35,3.35,3.37,3.35,3.35,4638,3.3504
2025-12-12 09:40,3.39,3.4,3.38,3.4,8247,3.3918
2025-12-12 09:45,3.4,3.4,3.37,3.37,5735,3.3894
2025-12-12 09:50,3.37,3.37,3.35,3.36,2061,3.3597
2025-12-12 09:55,3.35,3.38,3.35,3.37,5421,3.3673
2025-12-12 10:00,3.35,3.37,3.35,3.37,1986,3.3555
2025-12-12 10:05,3.37,3.37,3.37,3.37,100,3.3664
2025-12-12 10:10,3.36,3.38,3.34,3.36,3529,3.3555
2025-12-12 10:15,3.39,3.39,3.37,3.38,2168,3.3752
2025-12-12 10:20,3.39,3.39,3.38,3.38,580,3.3797
2025-12-12 10:25,3.39,3.39,3.37,3.37,13521,3.3802
2025-12-12 10:30,3.38,3.39,3.37,3.37,892,3.3769
2025-12-12 10:35,3.39,3.39,3.37,3.37,2467,3.3849
2025-12-12 10:40,3.39,3.39,3.37,3.39,2255,3.3771
2025-12-12 10:45,3.37,3.39,3.37,3.39,573,3.3818
2025-12-12 10:50,3.39,3.39,3.38,3.38,3107,3.3872
2025-12-12 10:55,3.4,3.4,3.38,3.38,5260,3.3872
2025-12-12 11:00,3.38,3.38,3.37,3.38,2116,3.3778
2025-12-12 11:05,3.37,3.37,3.35,3.35,2196,3.3607
2025-12-12 11:10,3.35,3.37,3.35,3.37,4000,3.3575
2025-12-12 11:15,3.37,3.37,3.35,3.36,2002,3.3627
2025-12-12 11:20,3.35,3.37,3.33,3.34,4407,3.3466
2025-12-12 11:25,3.35,3.35,3.35,3.35,599,3.3504
2025-12-12 11:30,3.36,3.37,3.35,3.36,5199,3.3551
2025-12-12 11:35,3.35,3.37,3.34,3.36,15869,3.3443
2025-12-12 11:40,3.35,3.36,3.34,3.34,6690,3.3569
2025-12-12 11:45,3.35,3.37,3.32,3.37,11449,3.3429
2025-12-12 11:50,3.36,3.38,3.35,3.35,10361,3.3554
2025-12-12 11:55,3.35,3.39,3.34,3.38,28333,3.3579
2025-12-12 12:00,3.38,3.38,3.35,3.36,8124,3.3587
2025-12-12 12:05,3.35,3.36,3.34,3.35,4398,3.3467
2025-12-12 12:10,3.33,3.34,3.33,3.34,3799,3.3323
2025-12-12 12:15,3.34,3.35,3.34,3.34,3346,3.3403
2025-12-12 12:20,3.34,3.37,3.34,3.35,7517,3.3582
2025-12-12 12:25,3.35,3.37,3.33,3.35,9952,3.3475
2025-12-12 12:30,3.35,3.35,3.33,3.34,14867,3.3347
2025-12-12 12:35,3.34,3.37,3.33,3.37,9776,3.3428
2025-12-12 12:40,3.34,3.37,3.33,3.35,10952,3.3407
2025-12-12 12:45,3.35,3.36,3.33,3.34,9516,3.3424
2025-12-12 12:50,3.35,3.36,3.33,3.36,12472,3.3404
2025-12-12 12:55,3.35,3.38,3.31,3.38,21036,3.3365
2025-12-12 13:20,3.32,3.33,3.3,3.3,20412,3.3007
2025-12-12 13:45,3.35,3.35,3.31,3.31,719,3.3382
2025-12-12 13:50,3.32,3.32,3.31,3.31,532,3.3138
2025-12-12 14:15,3.37,3.37,3.37,3.37,140,3.37
2025-12-12 14:35,3.42,3.42,3.3,3.3,1854,3.3203
2025-12-12 15:05,3.36,3.42,3.3,3.42,4607,3.3146
2025-12-12 15:10,3.42,3.42,3.42,3.42,1200,3.42
2025-12-12 15:35,3.45,3.45,3.45,3.45,124,3.45
2025-12-12 16:05,3.45,3.45,3.45,3.45,1599,3.45
2025-12-12 16:10,3.45,3.45,3.45,3.45,1065,3.45
2025-12-12 16:15,3.45,3.45,3.45,3.45,435,3.45
2025-12-12 16:20,3.45,3.45,3.45,3.45,564,3.4498
2025-12-12 16:40,3.4,3.4,3.4,3.4,100,3.4
2025-12-12 16:55,3.43,3.43,3.43,3.43,100,3.4288
2025-12-15 04:15,3.45,3.45,3.45,3.45,160,3.4251
2025-12-15 04:20,3.46,3.46,3.46,3.46,350,3.4486
2025-12-15 04:25,3.37,3.37,3.37,3.37,963,3.3701
2025-12-15 04:55,3.37,3.37,3.37,3.37,275,3.37
2025-12-15 05:00,3.37,3.43,3.36,3.36,2699,3.3933
2025-12-15 05:20,3.45,3.45,3.45,3.45,2069,3.45
2025-12-15 05:25,3.44,3.44,3.44,3.44,1000,3.44
2025-12-15 05:30,3.45,3.45,3.44,3.44,3897,3.4474
2025-12-15 05:50,3.44,3.44,3.44,3.44,413,3.44
2025-12-15 05:55,3.44,3.44,3.44,3.44,619,3.4395
2025-12-15 06:00,3.38,3.38,3.38,3.38,1250,3.3794
2025-12-15 06:05,3.36,3.36,3.36,3.36,320,3.3612
2025-12-15 06:15,3.38,3.44,3.38,3.44,1747,3.415
2025-12-15 06:20,3.44,3.45,3.44,3.45,4300,3.4406
2025-12-15 06:30,3.45,3.45,3.36,3.4,14047,3.3984
2025-12-15 06:35,3.38,3.47,3.38,3.45,31823,3.435
2025-12-15 06:40,3.45,3.47,3.44,3.46,16673,3.4526
2025-12-15 06:45,3.47,3.51,3.45,3.48,24755,3.4749
2025-12-15 06:50,3.5,3.5,3.37,3.37,23716,3.4127
2025-12-15 06:55,3.37,3.43,3.37,3.42,6710,3.4116
2025-12-15 07:00,3.39,3.42,3.39,3.42,6075,3.4013
2025-12-15 07:05,3.41,3.45,3.4,3.43,21634,3.4201
2025-12-15 07:10,3.4,3.45,3.4,3.45,10777,3.423
2025-12-15 07:15,3.48,3.48,3.4,3.42,7034,3.4442
2025-12-15 07:20,3.44,3.45,3.43,3.45,4080,3.4353
2025-12-15 07:25,3.45,3.45,3.41,3.43,5807,3.4361
2025-12-15 07:30,3.43,3.45,3.41,3.43,6597,3.4333
2025-12-15 07:35,3.44,3.48,3.43,3.46,39332,3.4549
2025-12-15 07:40,3.47,3.48,3.44,3.47,7361,3.4653
2025-12-15 07:45,3.48,3.5,3.45,3.49,41860,3.4823
2025-12-15 07:50,3.49,3.5,3.48,3.49,12500,3.49
2025-12-15 07:55,3.49,3.5,3.47,3.5,33190,3.4892
2025-12-15 08:00,3.5,3.51,3.47,3.5,42540,3.4987
2025-12-15 08:05,3.5,3.52,3.49,3.52,19082,3.4998
2025-12-15 08:10,3.54,3.57,3.45,3.55,46311,3.5284
2025-12-15 08:15,3.55,3.64,3.53,3.55,50645,3.572
2025-12-15 08:20,3.53,3.6,3.51,3.57,101006,3.5644
2025-12-15 08:25,3.57,3.63,3.57,3.61,46653,3.6155
2025-12-15 08:30,3.62,3.65,3.61,3.65,43437,3.6291
2025-12-15 08:35,3.64,3.64,3.6,3.64,19653,3.6085
2025-12-15 08:40,3.64,3.75,3.64,3.75,67119,3.6858
2025-12-15 08:45,3.73,3.74,3.7,3.71,21598,3.716
2025-12-15 08:50,3.68,3.7,3.65,3.67,9939,3.6638
2025-12-15 08:55,3.67,3.68,3.6,3.65,6031,3.6578
2025-12-15 09:00,3.65,3.69,3.64,3.67,5025,3.6621
2025-12-15 09:05,3.68,3.7,3.63,3.66,15853,3.6741
2025-12-15 09:10,3.65,3.66,3.6,3.62,10155,3.6401
2025-12-15 09:15,3.64,3.69,3.6,3.68,21065,3.6475
2025-12-15 09:20,3.68,3.71,3.67,3.68,8066,3.6899
2025-12-15 09:25,3.68,3.72,3.68,3.7,13163,3.6986
2025-12-15 09:30,3.71,3.71,3.65,3.68,14900,3.685
2025-12-15 09:35,3.68,3.71,3.68,3.71,8825,3.6996
2025-12-15 09:40,3.71,3.71,3.68,3.69,11731,3.6992
2025-12-15 09:45,3.7,3.7,3.64,3.64,8452,3.6766
2025-12-15 09:50,3.67,3.67,3.6,3.63,7279,3.6312
2025-12-15 09:55,3.64,3.67,3.62,3.66,11685,3.6466
2025-12-15 10:00,3.66,3.67,3.64,3.66,16140,3.6593
2025-12-15 10:05,3.65,3.67,3.65,3.67,32358,3.666
2025-12-15 10:10,3.67,3.69,3.66,3.68,55717,3.6705
2025-12-15 10:15,3.67,3.68,3.65,3.67,10887,3.659
2025-12-15 10:20,3.68,3.74,3.68,3.72,63132,3.7144
2025-12-15 10:25,3.71,3.72,3.64,3.64,12985,3.6717
2025-12-15 10:30,3.66,3.66,3.62,3.63,22932,3.6314
2025-12-15 10:35,3.63,3.65,3.63,3.64,4327,3.6384
2025-12-15 10:40,3.65,3.67,3.65,3.65,11422,3.6659
2025-12-15 10:45,3.65,3.67,3.62,3.62,3840,3.6495
2025-12-15 10:50,3.65,3.69,3.64,3.69,5073,3.6765
2025-12-15 10:55,3.69,3.73,3.69,3.69,18457,3.722
2025-12-15 11:00,3.71,3.72,3.67,3.7,24388,3.7113
2025-12-15 11:05,3.7,3.71,3.7,3.7,3181,3.7052
2025-12-15 11:10,3.68,3.71,3.66,3.7,22278,3.6857
2025-12-15 11:15,3.66,3.69,3.65,3.65,5659,3.6724
2025-12-15 11:20,3.66,3.68,3.64,3.66,14618,3.6662
2025-12-15 11:25,3.67,3.72,3.66,3.7,12651,3.6784
2025-12-15 11:30,3.71,3.72,3.71,3.71,6097,3.7111
2025-12-15 11:35,3.7,3.72,3.69,3.7,5201,3.704
2025-12-15 11:40,3.7,3.7,3.66,3.66,7075,3.6802
2025-12-15 11:45,3.66,3.68,3.66,3.66,3431,3.669
2025-12-15 11:50,3.66,3.67,3.65,3.65,8192,3.6618
2025-12-15 11:55,3.66,3.67,3.65,3.65,5259,3.6527
2025-12-15 12:00,3.65,3.67,3.63,3.65,6397,3.6489
2025-12-15 12:05,3.65,3.67,3.65,3.66,8588,3.6538
2025-12-15 12:10,3.67,3.67,3.56,3.56,16012,3.6196
2025-12-15 12:15,3.62,3.63,3.6,3.62,7780,3.6142
2025-12-15 12:20,3.61,3.62,3.56,3.58,5214,3.5936
2025-12-15 12:25,3.6,3.6,3.55,3.6,12913,3.5754
2025-12-15 12:30,3.57,3.58,3.51,3.51,7084,3.5469
2025-12-15 12:35,3.54,3.65,3.54,3.6,14921,3.6107
2025-12-15 12:40,3.58,3.6,3.57,3.57,5896,3.5771
2025-12-15 12:45,3.56,3.6,3.56,3.6,3521,3.5771
2025-12-15 12:50,3.55,3.58,3.55,3.55,3383,3.5529
2025-12-15 12:55,3.56,3.59,3.54,3.59,5806,3.5683
2025-12-15 13:00,3.66,3.66,3.66,3.66,501,3.66
2025-12-15 13:05,3.54,3.54,3.54,3.54,1194,3.5414
2025-12-15 13:10,3.54,3.54,3.54,3.54,396,3.5419
2025-12-15 13:20,3.53,3.53,3.53,3.53,101,3.5301
2025-12-15 13:30,3.6,3.6,3.6,3.6,1769,3.6
2025-12-15 13:45,3.6,3.6,3.6,3.6,184,3.6
2025-12-15 14:00,3.64,3.64,3.64,3.64,5300,3.6399
2025-12-15 14:10,3.62,3.62,3.62,3.62,530,3.6196
2025-12-15 14:15,3.64,3.64,3.64,3.64,981,3.6385
2025-12-15 14:20,3.64,3.64,3.64,3.64,3531,3.6398
2025-12-15 14:40,3.64,3.65,3.64,3.65,1129,3.6447
2025-12-15 14:50,3.66,3.66,3.66,3.66,120,3.66
2025-12-15 14:55,3.67,3.67,3.67,3.67,390,3.67
2025-12-15 15:00,3.64,3.69,3.64,3.69,5439,3.6883
2025-12-15 15:15,3.66,3.66,3.66,3.66,805,3.66
2025-12-15 15:20,3.66,3.66,3.66,3.66,1003,3.6587
2025-12-15 15:25,3.64,3.64,3.64,3.64,1740,3.64
2025-12-15 15:35,3.64,3.64,3.64,3.64,200,3.64
2025-12-15 15:50,3.64,3.64,3.64,3.64,460,3.64
2025-12-15 16:00,3.66,3.66,3.66,3.66,100,3.66
2025-12-15 16:05,3.64,3.64,3.59,3.59,978,3.6062
2025-12-15 16:10,3.57,3.57,3.57,3.57,231,3.5713
2025-12-15 16:30,3.59,3.59,3.59,3.59,200,3.59
2025-12-15 16:35,3.56,3.56,3.55,3.55,550,3.5518
2025-12-15 16:50,3.59,3.59,3.59,3.59,500,3.59
2025-12-15 16:55,3.56,3.56,3.56,3.56,103,3.56
2025-12-16 04:30,3.65,3.65,3.65,3.65,240,3.65
2025-12-16 04:45,3.65,3.65,3.65,3.65,100,3.65
2025-12-16 05:00,3.65,3.65,3.62,3.62,712,3.6437
2025-12-16 05:05,3.65,3.65,3.65,3.65,101,3.65
2025-12-16 05:30,3.65,3.65,3.65,3.65,4156,3.6499
2025-12-16 05:35,3.69,3.69,3.69,3.69,470,3.6899
2025-12-16 05:45,3.62,3.62,3.62,3.62,239,3.62
2025-12-16 05:55,3.62,3.62,3.62,3.62,314,3.62
2025-12-16 06:00,3.6,3.6,3.6,3.6,100,3.6
2025-12-16 06:15,3.6,3.6,3.6,3.6,1104,3.6
2025-12-16 06:30,3.66,3.67,3.6,3.62,7814,3.6463
2025-12-16 06:35,3.6,3.64,3.45,3.57,49154,3.5465
2025-12-16 06:40,3.57,3.58,3.52,3.53,11595,3.5496
2025-12-16 06:45,3.53,3.56,3.51,3.56,3126,3.5434
2025-12-16 06:50,3.57,3.58,3.55,3.56,1837,3.5634
2025-12-16 06:55,3.56,3.59,3.55,3.57,7282,3.5539
2025-12-16 07:00,3.56,3.56,3.56,3.56,185,3.5601
2025-12-16 07:05,3.58,3.6,3.56,3.6,3512,3.5857
2025-12-16 07:10,3.6,3.63,3.6,3.62,9131,3.6138
2025-12-16 07:15,3.59,3.62,3.59,3.61,3134,3.6034
2025-12-16 07:20,3.6,3.62,3.58,3.6,16629,3.6041
2025-12-16 07:25,3.61,3.63,3.58,3.62,53219,3.6032
2025-12-16 07:30,3.63,3.63,3.61,3.62,36147,3.6207
2025-12-16 07:35,3.63,3.63,3.58,3.59,13085,3.5946
2025-12-16 07:40,3.58,3.59,3.58,3.59,605,3.5883
2025-12-16 07:45,3.59,3.62,3.59,3.6,12559,3.5983
2025-12-16 07:50,3.6,3.62,3.6,3.62,18337,3.613
2025-12-16 07:55,3.61,3.62,3.6,3.61,22155,3.6104
2025-12-16 08:00,3.61,3.62,3.61,3.62,17780,3.6123
2025-12-16 08:05,3.61,3.61,3.6,3.6,13661,3.6088
2025-12-16 08:10,3.6,3.6,3.59,3.59,2551,3.59
2025-12-16 08:15,3.59,3.6,3.58,3.59,1995,3.5877
2025-12-16 08:20,3.61,3.63,3.61,3.63,1993,3.627
2025-12-16 08:25,3.63,3.63,3.61,3.61,1913,3.6188
2025-12-16 08:30,3.59,3.6,3.59,3.6,12668,3.5998
2025-12-16 08:35,3.61,3.61,3.6,3.6,2696,3.6076
2025-12-16 08:40,3.6,3.6,3.57,3.59,3602,3.591
2025-12-16 08:45,3.6,3.63,3.6,3.61,4137,3.6204
2025-12-16 08:50,3.63,3.63,3.6,3.6,9506,3.617
2025-12-16 08:55,3.6,3.6,3.57,3.58,4951,3.579
2025-12-16 09:00,3.58,3.62,3.57,3.6,3291,3.5947
2025-12-16 09:05,3.6,3.61,3.59,3.61,3615,3.5952
2025-12-16 09:10,3.6,3.62,3.59,3.62,7712,3.607
2025-12-16 09:15,3.6,3.62,3.6,3.6,4859,3.603
2025-12-16 09:20,3.59,3.6,3.58,3.58,4493,3.591
2025-12-16 09:25,3.57,3.6,3.56,3.58,10229,3.5774
2025-12-16 09:30,3.58,3.6,3.57,3.59,6783,3.5778
2025-12-16 09:35,3.59,3.6,3.57,3.57,4486,3.5802
2025-12-16 09:40,3.57,3.6,3.57,3.57,6836,3.5818
2025-12-16 09:45,3.6,3.6,3.57,3.57,4094,3.589
2025-12-16 09:50,3.57,3.57,3.56,3.57,2188,3.566
2025-12-16 09:55,3.55,3.57,3.54,3.54,6548,3.5507
2025-12-16 10:00,3.55,3.55,3.5,3.52,19551,3.5185
2025-12-16 10:05,3.53,3.55,3.51,3.54,4949,3.5318
2025-12-16 10:10,3.55,3.57,3.53,3.54,8814,3.5439
2025-12-16 10:15,3.55,3.56,3.51,3.51,10487,3.5309
2025-12-16 10:20,3.52,3.55,3.52,3.55,7493,3.5374
2025-12-16 10:25,3.55,3.55,3.52,3.54,9444,3.5383
2025-12-16 10:30,3.52,3.53,3.51,3.52,3537,3.5201
2025-12-16 10:35,3.53,3.53,3.5,3.5,4335,3.5142
2025-12-16 10:40,3.52,3.53,3.5,3.51,12078,3.5079
2025-12-16 10:45,3.51,3.52,3.5,3.52,5416,3.5064
2025-12-16 10:50,3.52,3.52,3.5,3.52,6509,3.5174
2025-12-16 10:55,3.5,3.5,3.47,3.47,9199,3.4855
2025-12-16 11:00,3.49,3.5,3.47,3.49,5848,3.4843
2025-12-16 11:05,3.49,3.5,3.48,3.5,3276,3.4942
2025-12-16 11:10,3.47,3.5,3.46,3.46,4665,3.475
2025-12-16 11:15,3.46,3.48,3.46,3.48,530,3.4689
2025-12-16 11:20,3.49,3.49,3.48,3.48,7953,3.4824
2025-12-16 11:25,3.48,3.5,3.46,3.49,6503,3.4805
2025-12-16 11:30,3.48,3.5,3.46,3.5,19527,3.4812
2025-12-16 11:35,3.48,3.53,3.47,3.51,21364,3.5031
2025-12-16 11:40,3.51,3.53,3.5,3.5,13019,3.5206
2025-12-16 11:45,3.51,3.51,3.49,3.5,3192,3.5023
2025-12-16 11:50,3.49,3.51,3.49,3.5,12967,3.5024
2025-12-16 11:55,3.5,3.52,3.47,3.48,4978,3.4971
2025-12-16 12:00,3.48,3.48,3.45,3.48,7035,3.4558
2025-12-16 12:05,3.47,3.48,3.47,3.48,4820,3.4763
2025-12-16 12:10,3.47,3.49,3.46,3.49,4852,3.4815
2025-12-16 12:15,3.5,3.5,3.48,3.5,8488,3.4901
2025-12-16 12:20,3.49,3.51,3.48,3.5,16362,3.4962
2025-12-16 12:25,3.5,3.51,3.47,3.5,19212,3.4883
2025-12-16 12:30,3.46,3.52,3.45,3.52,18156,3.4805
2025-12-16 12:35,3.49,3.53,3.48,3.48,21434,3.5056
2025-12-16 12:40,3.5,3.52,3.46,3.47,24873,3.4799
2025-12-16 12:45,3.48,3.52,3.46,3.52,26185,3.4795
2025-12-16 12:50,3.49,3.53,3.47,3.49,17738,3.4882
2025-12-16 12:55,3.49,3.53,3.47,3.48,18219,3.4992
2025-12-16 13:00,3.53,3.53,3.53,3.53,104,3.5279
2025-12-16 13:10,3.53,3.53,3.53,3.53,100,3.53
2025-12-16 13:15,3.53,3.53,3.53,3.53,141,3.53
2025-12-16 13:20,3.53,3.53,3.52,3.52,200,3.5246
2025-12-16 13:25,3.54,3.59,3.54,3.59,5266,3.5509
2025-12-16 13:50,3.51,3.51,3.51,3.51,115,3.51
2025-12-16 13:55,3.51,3.51,3.51,3.51,115,3.51
2025-12-16 15:40,3.58,3.58,3.53,3.53,11273,3.5313
2025-12-17 01:35,3.48,3.48,3.48,3.48,124,3.48
2025-12-17 04:55,3.54,3.54,3.54,3.54,501,3.54
2025-12-17 05:45,3.55,3.55,3.54,3.54,1002,3.545
2025-12-17 05:55,3.53,3.6,3.53,3.6,1511,3.549
2025-12-17 06:05,3.54,3.54,3.53,3.53,3890,3.535
2025-12-17 06:15,3.57,3.57,3.57,3.57,107,3.57
2025-12-17 06:30,3.55,3.64,3.53,3.64,9612,3.5947
2025-12-17 06:35,3.65,3.67,3.62,3.64,21084,3.6417
2025-12-17 06:40,3.64,3.7,3.64,3.7,30202,3.6758
2025-12-17 06:45,3.7,3.7,3.67,3.7,55200,3.6858
2025-12-17 06:50,3.7,3.74,3.7,3.73,56941,3.7191
2025-12-17 06:55,3.73,3.77,3.69,3.69,55164,3.7194
2025-12-17 07:00,3.69,3.74,3.69,3.73,28951,3.7257
2025-12-17 07:05,3.72,3.76,3.65,3.71,36179,3.6914
2025-12-17 07:10,3.7,3.72,3.69,3.72,30334,3.7101
2025-12-17 07:15,3.72,3.78,3.72,3.77,23576,3.7459
2025-12-17 07:20,3.78,3.81,3.77,3.8,11998,3.7922
2025-12-17 07:25,3.79,3.79,3.75,3.76,13078,3.7751
2025-12-17 07:30,3.75,3.79,3.75,3.76,5636,3.7661
2025-12-17 07:35,3.78,3.78,3.72,3.72,8770,3.7485
2025-12-17 07:40,3.75,3.75,3.71,3.73,16828,3.7151
2025-12-17 07:45,3.72,3.73,3.69,3.69,53158,3.7075
2025-12-17 07:50,3.7,3.7,3.66,3.68,24954,3.6793
2025-12-17 07:55,3.68,3.68,3.65,3.66,20443,3.6589
2025-12-17 08:00,3.66,3.67,3.65,3.67,24149,3.6575
2025-12-17 08:05,3.67,3.67,3.62,3.65,30335,3.6487
2025-12-17 08:10,3.64,3.64,3.63,3.64,12468,3.6345
2025-12-17 08:15,3.63,3.66,3.62,3.66,25811,3.6395
2025-12-17 08:20,3.67,3.7,3.66,3.69,24626,3.6894
2025-12-17 08:25,3.7,3.71,3.68,3.7,10535,3.6969
2025-12-17 08:30,3.7,3.71,3.64,3.67,32285,3.678
2025-12-17 08:35,3.67,3.68,3.63,3.64,22558,3.6556
2025-12-17 08:40,3.65,3.65,3.62,3.64,32053,3.6396
2025-12-17 08:45,3.63,3.66,3.61,3.63,23509,3.6329
2025-12-17 08:50,3.62,3.63,3.57,3.58,10570,3.6003
2025-12-17 08:55,3.55,3.59,3.55,3.58,8113,3.5641
2025-12-17 09:00,3.59,3.6,3.57,3.6,7462,3.5856
2025-12-17 09:05,3.59,3.61,3.58,3.6,18426,3.604
2025-12-17 09:10,3.6,3.61,3.57,3.61,19309,3.5948
2025-12-17 09:15,3.59,3.63,3.57,3.63,26825,3.6022
2025-12-17 09:20,3.61,3.67,3.61,3.65,53928,3.6311
2025-12-17 09:25,3.63,3.64,3.57,3.61,21568,3.6067
2025-12-17 09:30,3.61,3.65,3.58,3.65,12061,3.6189
2025-12-17 09:35,3.62,3.65,3.59,3.63,3784,3.6205
2025-12-17 09:40,3.63,3.63,3.59,3.63,15268,3.6169
2025-12-17 09:45,3.62,3.69,3.61,3.67,34072,3.6561
2025-12-17 09:50,3.68,3.68,3.62,3.63,12984,3.6608
2025-12-17 09:55,3.64,3.66,3.64,3.65,13758,3.6539
2025-12-17 10:00,3.64,3.66,3.63,3.63,4914,3.6452
2025-12-17 10:05,3.65,3.65,3.62,3.63,2310,3.6275
2025-12-17 10:10,3.65,3.65,3.6,3.63,11182,3.6386
2025-12-17 10:15,3.63,3.63,3.61,3.61,1297,3.6208
2025-12-17 10:20,3.61,3.62,3.61,3.61,10571,3.6103
2025-12-17 10:25,3.62,3.64,3.62,3.64,5925,3.6352
2025-12-17 10:30,3.64,3.65,3.62,3.63,2186,3.6367
2025-12-17 10:35,3.64,3.64,3.62,3.62,2194,3.6282
2025-12-17 10:40,3.62,3.62,3.6,3.61,2193,3.6103
2025-12-17 10:45,3.6,3.62,3.56,3.59,5789,3.5935
2025-12-17 10:50,3.59,3.62,3.56,3.58,3626,3.5763
2025-12-17 10:55,3.59,3.59,3.55,3.58,5572,3.5661
2025-12-17 11:00,3.58,3.59,3.56,3.56,7189,3.5734
2025-12-17 11:05,3.56,3.59,3.55,3.56,4392,3.5687
2025-12-17 11:10,3.59,3.59,3.55,3.58,13331,3.576
2025-12-17 11:15,3.59,3.59,3.55,3.57,5643,3.5715
2025-12-17 11:20,3.57,3.59,3.54,3.54,11324,3.557
2025-12-17 11:25,3.54,3.55,3.53,3.55,2381,3.5365
2025-12-17 11:30,3.56,3.56,3.52,3.56,2324,3.5448
2025-12-17 11:35,3.56,3.56,3.52,3.54,7261,3.5418
2025-12-17 11:40,3.52,3.56,3.52,3.54,10568,3.5394
2025-12-17 11:45,3.54,3.58,3.52,3.54,16183,3.5391
2025-12-17 11:50,3.53,3.57,3.53,3.57,11708,3.5517
2025-12-17 11:55,3.56,3.6,3.54,3.59,17788,3.5645
2025-12-17 12:00,3.58,3.6,3.58,3.6,13646,3.5833
2025-12-17 12:05,3.59,3.63,3.59,3.61,16217,3.6017
2025-12-17 12:10,3.61,3.64,3.61,3.63,14457,3.6267
2025-12-17 12:15,3.62,3.64,3.61,3.64,6832,3.6235
2025-12-17 12:20,3.62,3.65,3.61,3.65,6301,3.6335
2025-12-17 12:25,3.66,3.66,3.61,3.62,9607,3.6269
2025-12-17 12:30,3.62,3.66,3.62,3.66,6837,3.6418
2025-12-17 12:35,3.66,3.68,3.65,3.65,11608,3.6614
2025-12-17 12:40,3.65,3.71,3.65,3.68,13848,3.6842
2025-12-17 12:45,3.67,3.73,3.67,3.73,26914,3.7092
2025-12-17 12:50,3.72,3.73,3.68,3.7,13439,3.7038
2025-12-17 12:55,3.69,3.69,3.63,3.66,14686,3.6581
2025-12-17 13:00,3.68,3.68,3.68,3.68,230,3.6813
2025-12-17 13:05,3.68,3.68,3.65,3.65,2645,3.6746
2025-12-17 13:15,3.66,3.66,3.65,3.65,1372,3.6569
2025-12-17 13:20,3.61,3.61,3.61,3.61,100,3.61
2025-12-17 13:40,3.63,3.63,3.63,3.63,245,3.6285
2025-12-17 13:55,3.65,3.7,3.65,3.7,1821,3.6947
2025-12-17 15:25,3.62,3.62,3.62,3.62,995,3.6218
2025-12-17 16:00,3.69,3.69,3.68,3.68,4008,3.681
2025-12-17 16:05,3.7,3.7,3.7,3.7,121,3.7
2025-12-17 16:25,3.7,3.7,3.7,3.7,1000,3.6991
2025-12-17 16:40,3.68,3.68,3.68,3.68,1000,3.68
2025-12-17 16:55,3.7,3.7,3.69,3.7,1246,3.6973
2025-12-18 04:15,3.61,3.61,3.61,3.61,302,3.612
2025-12-18 04:20,3.61,3.61,3.61,3.61,724,3.61
2025-12-18 04:35,3.69,3.69,3.69,3.69,244,3.69
2025-12-18 04:40,3.7,3.7,3.7,3.7,544,3.7
2025-12-18 05:05,3.67,3.67,3.67,3.67,256,3.67
2025-12-18 05:20,3.65,3.65,3.65,3.65,250,3.6501
2025-12-18 05:30,3.66,3.66,3.65,3.65,1820,3.6536
2025-12-18 05:35,3.6,3.66,3.6,3.6,1496,3.6121
2025-12-18 05:40,3.66,3.73,3.66,3.73,2366,3.6672
2025-12-18 05:45,3.65,3.65,3.65,3.65,1005,3.6501
2025-12-18 06:00,3.68,3.68,3.66,3.66,1486,3.6646
2025-12-18 06:15,3.67,3.67,3.67,3.67,199,3.67
2025-12-18 06:25,3.69,3.69,3.66,3.66,518,3.6776
2025-12-18 06:30,3.7,3.72,3.6,3.65,22751,3.6526
2025-12-18 06:35,3.65,3.65,3.62,3.65,7208,3.6453
2025-12-18 06:40,3.65,3.65,3.6,3.6,10702,3.608
2025-12-18 06:45,3.57,3.62,3.55,3.56,11474,3.5732
2025-12-18 06:50,3.56,3.61,3.56,3.61,22080,3.5871
2025-12-18 06:55,3.62,3.67,3.6,3.66,9781,3.6532
2025-12-18 07:00,3.69,3.77,3.65,3.7,47323,3.7275
2025-12-18 07:05,3.72,3.72,3.66,3.66,17399,3.6855
2025-12-18 07:10,3.66,3.69,3.63,3.64,10904,3.6519
2025-12-18 07:15,3.66,3.67,3.64,3.67,8614,3.654
2025-12-18 07:20,3.66,3.66,3.63,3.64,3524,3.6501
2025-12-18 07:25,3.63,3.65,3.61,3.64,8568,3.6345
2025-12-18 07:30,3.66,3.66,3.62,3.65,4506,3.6457
2025-12-18 07:35,3.66,3.7,3.64,3.68,11552,3.6674
2025-12-18 07:40,3.68,3.68,3.64,3.64,1508,3.6662
2025-12-18 07:45,3.66,3.66,3.62,3.65,3961,3.645
2025-12-18 07:50,3.64,3.65,3.63,3.65,1972,3.6356
2025-12-18 07:55,3.64,3.64,3.63,3.63,832,3.6312
2025-12-18 08:00,3.64,3.65,3.64,3.65,2810,3.6413
2025-12-18 08:05,3.65,3.66,3.64,3.65,4688,3.6533
2025-12-18 08:10,3.64,3.65,3.64,3.65,1720,3.6437
2025-12-18 08:15,3.64,3.65,3.64,3.65,1180,3.6431
2025-12-18 08:20,3.64,3.65,3.64,3.64,1050,3.645
2025-12-18 08:25,3.65,3.65,3.64,3.65,1274,3.6437
2025-12-18 08:30,3.64,3.65,3.64,3.65,1198,3.646
2025-12-18 08:35,3.65,3.68,3.64,3.68,2316,3.6517
2025-12-18 08:40,3.68,3.68,3.64,3.66,5042,3.6574
2025-12-18 08:45,3.66,3.67,3.64,3.64,6368,3.6495
2025-12-18 08:50,3.66,3.66,3.59,3.6,9087,3.6178
2025-12-18 08:55,3.6,3.6,3.59,3.6,11353,3.5974
2025-12-18 09:00,3.59,3.6,3.49,3.55,36919,3.5302
2025-12-18 09:05,3.55,3.55,3.52,3.54,10593,3.5396
2025-12-18 09:10,3.55,3.57,3.54,3.57,10515,3.5505
2025-12-18 09:15,3.54,3.57,3.54,3.56,9379,3.5562
2025-12-18 09:20,3.56,3.61,3.55,3.61,8323,3.5899
2025-12-18 09:25,3.57,3.57,3.56,3.57,1080,3.5625
2025-12-18 09:30,3.57,3.59,3.57,3.57,10027,3.582
2025-12-18 09:35,3.57,3.59,3.57,3.58,14160,3.5799
2025-12-18 09:40,3.57,3.6,3.57,3.6,5411,3.584
2025-12-18 09:45,3.59,3.6,3.57,3.57,4098,3.5849
2025-12-18 09:50,3.57,3.59,3.57,3.58,2255,3.582
2025-12-18 10:00,3.59,3.59,3.57,3.57,1058,3.5738
2025-12-18 10:05,3.58,3.59,3.58,3.59,1445,3.5853
2025-12-18 10:10,3.59,3.59,3.58,3.58,1248,3.584
2025-12-18 10:15,3.59,3.59,3.59,3.59,1008,3.59
2025-12-18 10:20,3.6,3.65,3.6,3.63,22553,3.619
2025-12-18 10:25,3.62,3.62,3.61,3.61,362,3.6144
2025-12-18 10:30,3.63,3.63,3.59,3.61,3422,3.612
2025-12-18 10:35,3.6,3.62,3.6,3.62,3222,3.612
2025-12-18 10:40,3.64,3.64,3.55,3.57,51439,3.5627
2025-12-18 10:45,3.59,3.6,3.52,3.54,19770,3.5392
2025-12-18 10:50,3.52,3.55,3.52,3.54,7765,3.538
2025-12-18 10:55,3.55,3.55,3.53,3.55,6212,3.5466
2025-12-18 11:00,3.56,3.56,3.54,3.56,6808,3.5544
2025-12-18 11:05,3.55,3.55,3.52,3.52,1181,3.5383
2025-12-18 11:10,3.55,3.55,3.52,3.53,5063,3.5356
2025-12-18 11:15,3.52,3.53,3.52,3.52,1689,3.5238
2025-12-18 11:20,3.51,3.53,3.51,3.53,1165,3.5225
2025-12-18 11:25,3.52,3.55,3.51,3.55,5325,3.5322
2025-12-18 11:30,3.55,3.6,3.52,3.6,6258,3.5602
2025-12-18 11:35,3.57,3.6,3.52,3.56,2168,3.5761
2025-12-18 11:40,3.57,3.6,3.55,3.56,7076,3.585
2025-12-18 11:45,3.53,3.57,3.53,3.57,14377,3.5521
2025-12-18 11:50,3.55,3.57,3.54,3.57,4947,3.5626
2025-12-18 11:55,3.57,3.57,3.55,3.55,4789,3.5499
2025-12-18 12:00,3.54,3.57,3.54,3.55,8728,3.5444
2025-12-18 12:05,3.56,3.57,3.52,3.55,8105,3.5443
2025-12-18 12:10,3.54,3.54,3.52,3.54,28886,3.5391
2025-12-18 12:15,3.53,3.6,3.52,3.59,15343,3.5581
2025-12-18 12:20,3.59,3.6,3.58,3.58,14618,3.5893
2025-12-18 12:25,3.6,3.63,3.58,3.6,5544,3.6049
2025-12-18 12:30,3.59,3.63,3.59,3.61,5625,3.6124
2025-12-18 12:35,3.61,3.63,3.61,3.62,1630,3.6197
2025-12-18 12:40,3.61,3.64,3.61,3.64,3580,3.6271
2025-12-18 12:45,3.64,3.64,3.58,3.6,16737,3.6114
2025-12-18 12:50,3.62,3.62,3.58,3.59,15983,3.5968
2025-12-18 12:55,3.58,3.6,3.56,3.58,17584,3.5728
2025-12-18 13:00,3.56,3.56,3.56,3.56,100,3.5601
2025-12-18 13:10,3.55,3.55,3.55,3.55,130,3.55
2025-12-18 14:10,3.55,3.55,3.55,3.55,1540,3.55
2025-12-18 15:20,3.55,3.55,3.55,3.55,1000,3.5513
2025-12-18 15:40,3.55,3.55,3.55,3.55,400,3.55
2025-12-18 16:10,3.55,3.55,3.55,3.55,142,3.5502
2025-12-18 16:45,3.55,3.55,3.55,3.55,100,3.55
2025-12-19 02:50,4,4,4,4,353,3.9559
2025-12-19 04:20,3.68,3.68,3.68,3.68,100,3.68
2025-12-19 04:55,3.71,3.71,3.71,3.71,669,3.6949
2025-12-19 05:00,3.72,3.8,3.66,3.66,8767,3.7536
2025-12-19 05:20,3.7,3.73,3.7,3.73,541,3.7073
2025-12-19 05:25,3.63,3.63,3.63,3.63,131,3.63
2025-12-19 05:40,3.6,3.6,3.6,3.6,800,3.6
2025-12-19 05:45,3.66,3.66,3.66,3.66,200,3.66
2025-12-19 06:05,3.69,3.69,3.69,3.69,100,3.69
2025-12-19 06:10,3.61,3.61,3.61,3.61,252,3.6102
2025-12-19 06:15,3.65,3.65,3.65,3.65,264,3.6534
2025-12-19 06:30,3.6,3.6,3.55,3.55,21543,3.5673
2025-12-19 06:35,3.55,3.56,3.51,3.55,19331,3.5306
2025-12-19 06:40,3.57,3.57,3.5,3.54,9416,3.5212
2025-12-19 06:45,3.5,3.53,3.5,3.52,15030,3.5145
2025-12-19 06:50,3.53,3.57,3.52,3.55,4790,3.5477
2025-12-19 06:55,3.56,3.57,3.53,3.53,3412,3.5553
2025-12-19 07:00,3.57,3.57,3.55,3.57,6213,3.5669
2025-12-19 07:05,3.57,3.57,3.5,3.55,6596,3.5489
2025-12-19 07:10,3.52,3.55,3.51,3.52,12811,3.5259
2025-12-19 07:15,3.53,3.55,3.52,3.55,9211,3.5353
2025-12-19 07:20,3.54,3.55,3.53,3.53,10607,3.5354
2025-12-19 07:25,3.54,3.55,3.51,3.55,5902,3.532
2025-12-19 07:30,3.55,3.55,3.52,3.53,2168,3.532
2025-12-19 07:35,3.52,3.57,3.52,3.56,11623,3.546
2025-12-19 07:40,3.57,3.6,3.56,3.56,4235,3.5752
2025-12-19 07:45,3.58,3.6,3.56,3.56,5805,3.5776
2025-12-19 07:50,3.59,3.59,3.55,3.55,3493,3.558
2025-12-19 07:55,3.55,3.58,3.55,3.58,4372,3.5595
2025-12-19 08:00,3.58,3.59,3.56,3.59,5929,3.5802
2025-12-19 08:05,3.58,3.58,3.56,3.56,2591,3.5636
2025-12-19 08:10,3.57,3.59,3.55,3.57,5051,3.5707
2025-12-19 08:15,3.57,3.57,3.57,3.57,300,3.57
2025-12-19 08:20,3.59,3.59,3.57,3.57,1097,3.5748
2025-12-19 08:25,3.55,3.58,3.55,3.58,7623,3.5534
2025-12-19 08:30,3.55,3.57,3.55,3.57,1763,3.5562
2025-12-19 08:35,3.56,3.56,3.55,3.55,2288,3.5559
2025-12-19 08:40,3.56,3.57,3.56,3.56,517,3.5611
2025-12-19 08:45,3.55,3.55,3.53,3.55,1916,3.5452
2025-12-19 08:50,3.55,3.55,3.51,3.51,2365,3.5166
2025-12-19 08:55,3.52,3.55,3.51,3.55,7154,3.5203
2025-12-19 09:00,3.54,3.56,3.53,3.55,4239,3.5413
2025-12-19 09:05,3.52,3.52,3.51,3.52,2366,3.5197
2025-12-19 09:10,3.53,3.53,3.51,3.51,834,3.5223
2025-12-19 09:15,3.52,3.53,3.52,3.53,949,3.5268
2025-12-19 09:20,3.54,3.54,3.53,3.54,7873,3.5333
2025-12-19 09:25,3.56,3.56,3.53,3.54,8160,3.5503
2025-12-19 09:30,3.55,3.55,3.54,3.54,3484,3.5456
2025-12-19 09:35,3.54,3.57,3.53,3.54,3710,3.5477
2025-12-19 09:40,3.52,3.55,3.52,3.53,2099,3.5317
2025-12-19 09:45,3.53,3.54,3.51,3.52,12547,3.5193
2025-12-19 09:50,3.53,3.54,3.5,3.5,1588,3.5232
2025-12-19 09:55,3.52,3.54,3.5,3.51,9487,3.5099
2025-12-19 10:00,3.5,3.52,3.5,3.52,8193,3.506
2025-12-19 10:05,3.53,3.54,3.49,3.51,4011,3.5085
2025-12-19 10:10,3.5,3.52,3.5,3.52,6002,3.5056
2025-12-19 10:15,3.53,3.54,3.51,3.53,7008,3.5237
2025-12-19 10:20,3.53,3.54,3.52,3.53,2387,3.53
2025-12-19 10:25,3.53,3.54,3.52,3.54,3866,3.5307
2025-12-19 10:30,3.53,3.54,3.52,3.54,11977,3.5327
2025-12-19 10:35,3.52,3.54,3.52,3.53,9075,3.5242
2025-12-19 10:40,3.52,3.53,3.51,3.51,17864,3.5207
2025-12-19 10:45,3.52,3.53,3.5,3.52,5699,3.5115
2025-12-19 10:50,3.52,3.52,3.5,3.52,8927,3.5192
2025-12-19 10:55,3.53,3.53,3.53,3.53,1030,3.5343
2025-12-19 11:00,3.54,3.54,3.52,3.52,7451,3.5226
2025-12-19 11:05,3.52,3.54,3.52,3.53,5373,3.5234
2025-12-19 11:10,3.52,3.55,3.52,3.55,4669,3.5304
2025-12-19 11:15,3.52,3.54,3.52,3.53,4580,3.5297
2025-12-19 11:20,3.53,3.55,3.52,3.54,6869,3.5372
2025-12-19 11:25,3.55,3.55,3.52,3.55,730,3.5395
2025-12-19 11:30,3.54,3.54,3.52,3.52,6835,3.5209
2025-12-19 11:35,3.53,3.53,3.53,3.53,1257,3.525
2025-12-19 11:40,3.53,3.53,3.52,3.53,2373,3.5236
2025-12-19 11:45,3.53,3.54,3.52,3.53,9061,3.5286
2025-12-19 11:50,3.53,3.54,3.52,3.54,8077,3.5247
2025-12-19 11:55,3.53,3.54,3.52,3.53,10043,3.5267
2025-12-19 12:00,3.54,3.55,3.52,3.55,3636,3.5391
2025-12-19 12:05,3.53,3.55,3.53,3.55,12723,3.5442
2025-12-19 12:10,3.54,3.56,3.54,3.55,10218,3.5437
2025-12-19 12:15,3.54,3.55,3.54,3.54,4802,3.5436
2025-12-19 12:20,3.54,3.56,3.54,3.55,6132,3.5418
2025-12-19 12:25,3.56,3.56,3.54,3.55,2983,3.5513
2025-12-19 12:30,3.55,3.57,3.53,3.55,4756,3.5445
2025-12-19 12:35,3.54,3.55,3.52,3.52,21077,3.5366
2025-12-19 12:40,3.54,3.54,3.51,3.53,3724,3.5164
2025-12-19 12:45,3.54,3.54,3.5,3.53,2267,3.5217
2025-12-19 12:50,3.51,3.54,3.51,3.53,19534,3.5311
2025-12-19 12:55,3.52,3.56,3.5,3.56,18435,3.5245
2025-12-19 13:10,3.59,3.59,3.59,3.59,280,3.5899
2025-12-19 13:35,3.59,3.59,3.59,3.59,638,3.5897
2025-12-19 13:45,3.59,3.59,3.59,3.59,491,3.59
2025-12-19 13:55,3.52,3.52,3.52,3.52,120,3.52
2025-12-19 14:55,3.52,3.52,3.52,3.52,2715,3.52
2025-12-19 15:45,3.52,3.52,3.52,3.52,100,3.5201
2025-12-19 16:05,3.51,3.51,3.51,3.51,100,3.51
2025-12-19 16:25,3.5,3.5,3.5,3.5,154,3.5
2025-12-19 16:30,3.5,3.5,3.5,3.5,200,3.5
2025-12-19 16:55,3.54,3.54,3.54,3.54,700,3.5392
2025-12-22 04:05,3.54,3.54,3.54,3.54,251,3.54
2025-12-22 04:30,3.5,3.5,3.5,3.5,1224,3.5
2025-12-22 04:40,3.52,3.52,3.52,3.52,460,3.52
2025-12-22 05:00,3.51,3.53,3.5,3.52,2114,3.5151
2025-12-22 05:10,3.52,3.52,3.52,3.52,212,3.52
2025-12-22 05:25,3.52,3.52,3.52,3.52,250,3.52
2025-12-22 05:35,3.52,3.52,3.52,3.52,1701,3.5199
2025-12-22 06:20,3.52,3.52,3.52,3.52,551,3.5224
2025-12-22 06:25,3.58,3.58,3.58,3.58,100,3.58
2025-12-22 06:30,3.6,3.6,3.52,3.53,8553,3.5419
2025-12-22 06:35,3.58,3.58,3.53,3.55,2832,3.554
2025-12-22 06:40,3.56,3.57,3.45,3.48,22917,3.4703
2025-12-22 06:45,3.48,3.48,3.43,3.46,11981,3.4492
2025-12-22 06:50,3.47,3.47,3.44,3.44,8694,3.4484
2025-12-22 06:55,3.44,3.47,3.44,3.46,7392,3.4616
2025-12-22 07:00,3.45,3.45,3.37,3.38,27534,3.3895
2025-12-22 07:05,3.37,3.4,3.37,3.4,6729,3.3757
2025-12-22 07:10,3.38,3.4,3.38,3.39,8158,3.3847
2025-12-22 07:15,3.4,3.43,3.38,3.42,9441,3.4095
2025-12-22 07:20,3.42,3.43,3.4,3.4,5905,3.4079
2025-12-22 07:25,3.42,3.43,3.39,3.42,7662,3.4105
2025-12-22 07:30,3.42,3.45,3.4,3.44,13193,3.4189
2025-12-22 07:35,3.45,3.45,3.41,3.41,3321,3.4214
2025-12-22 07:40,3.43,3.43,3.42,3.42,4674,3.4216
2025-12-22 07:45,3.45,3.45,3.42,3.42,251,3.435
2025-12-22 07:50,3.42,3.43,3.39,3.43,5910,3.4087
2025-12-22 07:55,3.4,3.42,3.4,3.42,1334,3.4055
2025-12-22 08:00,3.42,3.43,3.41,3.43,6653,3.4257
2025-12-22 08:05,3.42,3.42,3.4,3.42,1383,3.4126
2025-12-22 08:10,3.41,3.42,3.4,3.42,14396,3.4028
2025-12-22 08:15,3.4,3.42,3.4,3.4,2656,3.3994
2025-12-22 08:20,3.39,3.42,3.38,3.4,6021,3.3901
2025-12-22 08:25,3.38,3.38,3.31,3.33,28239,3.3378
2025-12-22 08:30,3.33,3.33,3.32,3.32,12239,3.3239
2025-12-22 08:35,3.33,3.33,3.31,3.31,13243,3.3144
2025-12-22 08:40,3.3,3.31,3.25,3.26,16431,3.2793
2025-12-22 08:45,3.27,3.3,3.25,3.3,11078,3.2754
2025-12-22 08:50,3.3,3.31,3.28,3.28,3488,3.2986
2025-12-22 08:55,3.3,3.33,3.3,3.32,25062,3.3253
2025-12-22 09:00,3.33,3.33,3.31,3.31,2442,3.3143
2025-12-22 09:05,3.31,3.32,3.31,3.31,1850,3.3105
2025-12-22 09:10,3.31,3.32,3.31,3.31,8426,3.3115
2025-12-22 09:15,3.32,3.32,3.3,3.31,3410,3.3053
2025-12-22 09:20,3.31,3.32,3.29,3.3,3418,3.2996
2025-12-22 09:25,3.3,3.31,3.29,3.31,738,3.3007
2025-12-22 09:30,3.31,3.32,3.3,3.31,2940,3.3084
2025-12-22 09:35,3.32,3.33,3.32,3.32,26350,3.3287
2025-12-22 09:40,3.33,3.33,3.32,3.33,7949,3.3273
2025-12-22 09:45,3.33,3.33,3.3,3.32,17582,3.3269
2025-12-22 09:50,3.33,3.33,3.31,3.32,3568,3.3259
2025-12-22 09:55,3.3,3.3,3.28,3.28,5919,3.2993
2025-12-22 10:00,3.3,3.3,3.3,3.3,2741,3.2984
2025-12-22 10:05,3.28,3.3,3.26,3.27,34994,3.2668
2025-12-22 10:10,3.28,3.3,3.22,3.28,13118,3.2585
2025-12-22 10:15,3.25,3.3,3.25,3.27,5831,3.2733
2025-12-22 10:20,3.27,3.28,3.27,3.28,1183,3.2738
2025-12-22 10:25,3.27,3.28,3.27,3.27,7025,3.2721
2025-12-22 10:30,3.28,3.3,3.27,3.29,11978,3.2827
2025-12-22 10:35,3.29,3.3,3.25,3.28,5397,3.2815
2025-12-22 10:40,3.25,3.3,3.25,3.29,7042,3.2829
2025-12-22 10:45,3.29,3.3,3.28,3.3,10762,3.2955
2025-12-22 10:50,3.3,3.31,3.28,3.3,5780,3.2948
2025-12-22 10:55,3.29,3.3,3.28,3.28,3978,3.2926
2025-12-22 11:00,3.3,3.33,3.3,3.33,2383,3.3173
2025-12-22 11:05,3.31,3.33,3.3,3.3,3394,3.3091
2025-12-22 11:10,3.3,3.33,3.29,3.29,1070,3.3108
2025-12-22 11:15,3.33,3.33,3.28,3.31,7728,3.2905
2025-12-22 11:20,3.29,3.31,3.29,3.3,2354,3.3002
2025-12-22 11:25,3.3,3.3,3.29,3.29,1026,3.2992
2025-12-22 11:30,3.32,3.32,3.29,3.31,5804,3.2997
2025-12-22 11:35,3.31,3.31,3.28,3.28,5105,3.2909
2025-12-22 11:40,3.28,3.3,3.28,3.3,5588,3.2958
2025-12-22 11:45,3.28,3.3,3.27,3.3,2385,3.29
2025-12-22 11:50,3.29,3.29,3.25,3.26,12467,3.2657
2025-12-22 11:55,3.26,3.27,3.25,3.25,5652,3.2561
2025-12-22 12:00,3.26,3.26,3.24,3.24,11949,3.2541
2025-12-22 12:05,3.25,3.25,3.24,3.25,10737,3.2447
2025-12-22 12:10,3.24,3.25,3.23,3.24,7622,3.2424
2025-12-22 12:15,3.25,3.25,3.23,3.25,10156,3.2418
2025-12-22 12:20,3.24,3.25,3.23,3.24,5196,3.2398
2025-12-22 12:25,3.23,3.25,3.23,3.25,17866,3.2409
2025-12-22 12:30,3.25,3.25,3.22,3.23,20614,3.2288
2025-12-22 12:35,3.23,3.23,3.21,3.22,38979,3.2194
2025-12-22 12:40,3.22,3.23,3.22,3.22,26605,3.2252
2025-12-22 12:45,3.23,3.23,3.16,3.18,16519,3.2019
2025-12-22 12:50,3.17,3.18,3.14,3.15,29417,3.16
2025-12-22 12:55,3.16,3.19,3.15,3.18,37347,3.1682
2025-12-22 13:00,3.24,3.24,3.17,3.19,2109,3.2171
2025-12-22 13:05,3.19,3.34,3.19,3.26,7111,3.2811
2025-12-22 13:20,3.25,3.25,3.25,3.25,225,3.26
2025-12-22 13:25,3.25,3.25,3.25,3.25,100,3.25
2025-12-22 13:45,3.31,3.31,3.31,3.31,250,3.31
2025-12-22 13:50,3.22,3.22,3.15,3.15,1880,3.2011
2025-12-22 15:45,3.21,3.21,3.21,3.21,251,3.21
2025-12-22 15:50,3.27,3.27,3.27,3.27,497,3.27
2025-12-23 05:00,3.27,3.27,3.27,3.27,500,3.27
2025-12-23 05:20,3.31,3.31,3.31,3.31,517,3.3086
2025-12-23 05:25,3.27,3.27,3.27,3.27,193,3.2724
2025-12-23 05:55,3.3,3.3,3.3,3.3,100,3.3
2025-12-23 06:25,3.25,3.27,3.25,3.27,2208,3.2597
2025-12-23 06:30,3.25,3.3,3.06,3.16,114343,3.1346
2025-12-23 06:35,3.15,3.2,3.1,3.18,18325,3.1515
2025-12-23 06:40,3.18,3.2,3.15,3.17,5670,3.1848
2025-12-23 06:45,3.18,3.18,3.14,3.15,3053,3.1668
2025-12-23 06:50,3.17,3.17,3.17,3.17,2526,3.1671
2025-12-23 06:55,3.17,3.17,3.16,3.16,1298,3.1635
2025-12-23 07:00,3.16,3.16,3.15,3.15,1433,3.1519
2025-12-23 07:05,3.15,3.16,3.15,3.15,4117,3.154
2025-12-23 07:10,3.15,3.15,3.11,3.14,9736,3.1262
2025-12-23 07:15,3.14,3.18,3.13,3.18,3958,3.1583
2025-12-23 07:20,3.15,3.18,3.12,3.13,3775,3.146
2025-12-23 07:25,3.13,3.15,3.13,3.15,1239,3.1323
2025-12-23 07:30,3.13,3.15,3.11,3.15,13114,3.1256
2025-12-23 07:35,3.13,3.15,3.13,3.14,7131,3.1385
2025-12-23 07:40,3.15,3.15,3.14,3.14,1612,3.1442
2025-12-23 07:45,3.15,3.15,3.11,3.12,12059,3.1372
2025-12-23 07:50,3.11,3.13,3.1,3.11,3096,3.1174
2025-12-23 07:55,3.11,3.13,3.11,3.12,23054,3.1173
2025-12-23 08:00,3.13,3.13,3.12,3.13,9789,3.1237
2025-12-23 08:05,3.11,3.11,3.11,3.11,1858,3.1112
2025-12-23 08:10,3.13,3.13,3.1,3.11,13898,3.1119
2025-12-23 08:15,3.12,3.13,3.12,3.13,4973,3.1258
2025-12-23 08:20,3.12,3.15,3.11,3.14,17920,3.1309
2025-12-23 08:25,3.14,3.14,3.1,3.12,8903,3.1176
2025-12-23 08:30,3.12,3.12,3.1,3.1,8977,3.1077
2025-12-23 08:35,3.1,3.12,3.1,3.12,9567,3.1054
2025-12-23 08:40,3.1,3.1,3.09,3.1,11978,3.0965
2025-12-23 08:45,3.1,3.12,3.1,3.1,6056,3.1144
2025-12-23 08:50,3.12,3.14,3.1,3.14,19307,3.1345
2025-12-23 08:55,3.14,3.15,3.11,3.13,16008,3.1378
2025-12-23 09:00,3.14,3.14,3.1,3.1,2927,3.1151
2025-12-23 09:05,3.12,3.12,3.1,3.1,4383,3.1049
2025-12-23 09:10,3.08,3.11,3.08,3.11,4593,3.0947
2025-12-23 09:15,3.09,3.1,3.06,3.06,5107,3.0805
2025-12-23 09:20,3.08,3.09,3.06,3.07,4480,3.0704
2025-12-23 09:25,3.06,3.08,3.05,3.06,7732,3.0731
2025-12-23 09:30,3.05,3.07,3.03,3.05,4000,3.053
2025-12-23 09:35,3.05,3.07,3.03,3.04,3812,3.0531
2025-12-23 09:40,3.04,3.04,3.01,3.01,13042,3.0217
2025-12-23 09:45,3.04,3.05,3.01,3.04,7659,3.0404
2025-12-23 09:50,3.04,3.05,3.01,3.01,3759,3.0357
2025-12-23 09:55,3.04,3.04,3.01,3.01,18678,3.0233
2025-12-23 10:00,3.01,3.02,3.01,3.02,9856,3.0106
2025-12-23 10:05,3.02,3.02,2.99,3,94400,3.0038
2025-12-23 10:10,2.98,3,2.96,2.99,5440,2.9848
2025-12-23 10:15,2.97,2.99,2.95,2.96,7553,2.962
2025-12-23 10:20,2.96,2.96,2.92,2.94,10382,2.9381
2025-12-23 10:25,2.94,2.95,2.85,2.92,50179,2.8999
2025-12-23 10:30,2.91,2.95,2.9,2.94,10478,2.9207
2025-12-23 10:35,2.95,2.95,2.91,2.92,5557,2.9379
2025-12-23 10:40,2.91,2.95,2.91,2.94,29248,2.9375
2025-12-23 10:45,2.95,2.95,2.91,2.94,12888,2.9394
2025-12-23 10:50,2.94,2.94,2.9,2.92,15288,2.9196
2025-12-23 10:55,2.92,2.93,2.9,2.9,28055,2.9207
2025-12-23 11:00,2.91,2.93,2.9,2.92,21500,2.916
2025-12-23 11:05,2.91,2.93,2.9,2.9,13599,2.914
2025-12-23 11:10,2.89,2.92,2.89,2.92,13829,2.9031
2025-12-23 11:15,2.91,2.93,2.91,2.91,6356,2.9188
2025-12-23 11:20,2.92,2.92,2.91,2.92,1857,2.9193
2025-12-23 11:25,2.91,2.93,2.91,2.92,4189,2.9206
2025-12-23 11:30,2.92,2.93,2.9,2.9,20832,2.9114
2025-12-23 11:35,2.92,2.93,2.9,2.93,5705,2.915
2025-12-23 11:40,2.93,2.93,2.9,2.92,5204,2.9129
2025-12-23 11:45,2.92,2.92,2.9,2.91,9531,2.916
2025-12-23 11:50,2.91,2.92,2.89,2.9,9529,2.9078
2025-12-23 11:55,2.89,2.91,2.88,2.9,5336,2.9011
2025-12-23 12:00,2.9,2.91,2.9,2.9,3319,2.9018
2025-12-23 12:05,2.91,2.91,2.9,2.91,3951,2.9084
2025-12-23 12:10,2.9,2.91,2.89,2.91,5054,2.9053
2025-12-23 12:15,2.88,2.91,2.88,2.9,4879,2.8951
2025-12-23 12:20,2.9,2.9,2.87,2.89,10709,2.8854
2025-12-23 12:25,2.89,2.9,2.88,2.89,12701,2.8927
2025-12-23 12:30,2.9,2.92,2.9,2.92,6155,2.9119
2025-12-23 12:35,2.92,2.92,2.89,2.92,4198,2.9099
2025-12-23 12:40,2.93,2.97,2.92,2.97,6785,2.9492
2025-12-23 12:45,2.97,3,2.94,3,23120,2.9822
2025-12-23 12:50,2.98,3,2.92,2.96,9390,2.9703
2025-12-23 12:55,2.92,2.99,2.92,2.97,13666,2.9516
2025-12-23 13:00,2.95,2.95,2.95,2.95,107,2.95
2025-12-23 13:05,3,3,3,3,313,3
2025-12-23 13:15,2.99,2.99,2.99,2.99,2521,2.99
2025-12-23 13:40,3,3,3,3,1000,2.9988
2025-12-23 14:40,3,3,3,3,200,2.9979
2025-12-23 14:55,3,3,3,3,10000,3
2025-12-23 15:00,3,3,3,3,5943,2.9999
2025-12-23 15:05,3,3,3,3,3950,3.0001
2025-12-23 16:40,2.95,2.95,2.95,2.95,460,2.9609
2025-12-23 16:45,3,3,3,3,122,3
2025-12-24 04:50,3.06,3.06,3.06,3.06,100,3.06
2025-12-24 05:00,3.05,3.06,3,3,1460,3.0178
2025-12-24 05:10,3.09,3.09,3.06,3.06,1168,3.0643
2025-12-24 05:35,3.01,3.01,2.94,2.94,1282,2.9622
2025-12-24 05:50,2.9,2.9,2.9,2.9,1015,2.9
2025-12-24 05:55,2.9,2.9,2.9,2.9,7093,2.8999
2025-12-24 06:00,2.9,2.91,2.9,2.9,14549,2.9005
2025-12-24 06:10,2.9,2.9,2.9,2.9,925,2.8991
2025-12-24 06:15,2.9,2.9,2.9,2.9,2408,2.9
2025-12-24 06:20,2.9,2.9,2.9,2.9,2649,2.9
2025-12-24 06:30,2.97,2.97,2.91,2.94,14680,2.9425
2025-12-24 06:35,2.93,2.95,2.93,2.95,8381,2.9354
2025-12-24 06:40,2.96,2.99,2.96,2.97,5660,2.9757
2025-12-24 06:45,2.97,2.97,2.95,2.96,3182,2.9604
2025-12-24 06:50,2.96,2.97,2.95,2.97,3795,2.9573
2025-12-24 06:55,2.97,2.98,2.96,2.96,658,2.9727
2025-12-24 07:00,2.99,2.99,2.98,2.98,1369,2.9854
2025-12-24 07:05,2.99,3,2.98,3,5284,2.9849
2025-12-24 07:10,3,3.03,2.99,3.02,3351,3.0027
2025-12-24 07:15,3.03,3.05,3.03,3.03,11767,3.0331
2025-12-24 07:20,3.04,3.04,2.99,2.99,11491,3.0056
2025-12-24 07:25,2.99,3.04,2.99,3.03,8035,3.0012
2025-12-24 07:30,3.03,3.04,3.01,3.04,2636,3.0274
2025-12-24 07:35,3.04,3.06,3.04,3.05,1779,3.0515
2025-12-24 07:45,3.06,3.1,3.06,3.07,13754,3.0862
2025-12-24 07:50,3.09,3.09,3.06,3.06,7925,3.0749
2025-12-24 07:55,3.06,3.06,3.06,3.06,479,3.0618
2025-12-24 08:00,3.09,3.09,3.09,3.09,653,3.0891
2025-12-24 08:05,3.07,3.08,3.06,3.08,3777,3.0788
2025-12-24 08:10,3.06,3.07,3.06,3.07,3390,3.0652
2025-12-24 08:15,3.07,3.1,3.07,3.07,3488,3.0816
2025-12-24 08:20,3.08,3.11,3.08,3.11,11472,3.0992
2025-12-24 08:25,3.09,3.13,3.08,3.13,12499,3.1075
2025-12-24 08:30,3.12,3.12,3.07,3.07,38264,3.0898
2025-12-24 08:35,3.08,3.08,3.07,3.07,266,3.0785
2025-12-24 08:40,3.06,3.06,3.06,3.06,8803,3.0601
2025-12-24 08:45,3.06,3.09,3.05,3.05,4640,3.0644
2025-12-24 08:50,3.08,3.08,3.06,3.06,573,3.0709
2025-12-24 08:55,3.05,3.08,3.05,3.06,2344,3.0688
2025-12-24 09:00,3.08,3.09,3.07,3.08,2995,3.0815
2025-12-24 09:05,3.07,3.08,3.05,3.05,5565,3.0752
2025-12-24 09:10,3.05,3.05,3.03,3.03,981,3.0403
2025-12-24 09:15,3.05,3.05,3.05,3.05,6783,3.05
2025-12-24 09:20,3.06,3.09,3.06,3.08,2615,3.065
2025-12-24 09:25,3.07,3.09,3.07,3.07,1665,3.076
2025-12-24 09:30,3.08,3.09,3.08,3.08,2921,3.0801
2025-12-24 09:35,3.06,3.09,3.06,3.09,3501,3.0751
2025-12-24 09:40,3.08,3.09,3.08,3.08,9037,3.0871
2025-12-24 09:45,3.08,3.08,3.08,3.08,112,3.0752
2025-12-24 09:50,3.07,3.09,3.07,3.09,23911,3.0875
2025-12-24 09:55,3.09,3.1,3.06,3.09,13546,3.0855
2025-12-26 04:15,3.01,3.01,3.01,3.01,233,3.0127
2025-12-26 05:00,3.18,3.18,3.01,3.01,306,3.0666
2025-12-26 05:10,3.1,3.1,3.1,3.1,159,3.0666
2025-12-26 05:45,3.1,3.1,3.1,3.1,1799,3.1002
2025-12-26 06:15,3.1,3.1,3.08,3.08,521,3.0962
2025-12-26 06:25,3.09,3.09,3.09,3.09,100,3.09
2025-12-26 06:30,3.15,3.15,3.02,3.02,5249,3.0891
2025-12-26 06:35,3.04,3.08,3.04,3.06,2907,3.0552
2025-12-26 06:40,3.06,3.06,3.03,3.03,9920,3.0347
2025-12-26 06:45,3.06,3.08,3.06,3.08,1264,3.0645
2025-12-26 06:50,3.07,3.08,3.05,3.05,4664,3.0654
2025-12-26 06:55,3.06,3.06,3.04,3.05,2582,3.0484
2025-12-26 07:00,3.05,3.05,3.03,3.03,1047,3.0379
2025-12-26 07:05,3.04,3.04,3.01,3.02,10507,3.0324
2025-12-26 07:10,3.01,3.02,3.01,3.01,3470,3.0124
2025-12-26 07:15,3.01,3.01,2.99,2.99,17566,3.0031
2025-12-26 07:20,3,3.01,3,3,2170,2.9999
2025-12-26 07:25,3,3.01,2.99,3,9320,2.9989
2025-12-26 07:30,3,3,2.98,2.98,8795,2.9965
2025-12-26 07:35,2.98,2.99,2.98,2.99,1780,2.9821
2025-12-26 07:40,2.98,3,2.97,2.98,10543,2.9833
2025-12-26 07:45,3,3.01,2.99,2.99,7771,2.9946
2025-12-26 07:50,3.01,3.01,2.99,2.99,1762,2.9994
2025-12-26 07:55,2.98,3.01,2.98,3.01,5807,2.999
2025-12-26 08:00,3,3.01,3,3.01,2696,3.0006
2025-12-26 08:05,3,3,2.99,2.99,531,2.9992
2025-12-26 08:10,3.01,3.03,3.01,3.02,2572,3.0173
2025-12-26 08:15,3.01,3.03,3.01,3.02,2088,3.0247
2025-12-26 08:20,3.03,3.03,3.01,3.01,1889,3.0246
2025-12-26 08:25,3.02,3.04,3.02,3.02,1558,3.024
2025-12-26 08:30,3.01,3.01,3.01,3.01,285,3.0136
2025-12-26 08:35,3.01,3.04,3.01,3.04,1149,3.0245
2025-12-26 08:40,3.03,3.04,3.03,3.04,721,3.0386
2025-12-26 08:45,3.05,3.05,3.03,3.04,10111,3.0478
2025-12-26 08:50,3.03,3.04,3.03,3.04,418,3.0352
2025-12-26 08:55,3.04,3.04,3.04,3.04,1687,3.0394
2025-12-26 09:00,3.04,3.05,3.04,3.04,1417,3.0413
2025-12-26 09:05,3.04,3.04,3.03,3.03,1675,3.0339
2025-12-26 09:10,3.05,3.06,3.05,3.06,2783,3.0503
2025-12-26 09:15,3.06,3.06,3.06,3.06,601,3.0597
2025-12-26 09:20,3.05,3.08,3.05,3.08,15506,3.0765
2025-12-26 09:25,3.07,3.07,3.07,3.07,101,3.0699
2025-12-26 09:30,3.08,3.09,3.06,3.09,5416,3.0843
2025-12-26 09:35,3.09,3.1,3.09,3.1,1070,3.0959
2025-12-26 09:40,3.09,3.1,3.09,3.1,3272,3.0946
2025-12-26 09:45,3.08,3.09,3.07,3.08,3404,3.0827
2025-12-26 09:50,3.07,3.09,3.07,3.09,5314,3.0848
2025-12-26 09:55,3.09,3.09,3.08,3.09,2949,3.0888
2025-12-26 10:00,3.08,3.08,3.05,3.05,7180,3.0626
2025-12-26 10:05,3.07,3.07,3.07,3.07,1008,3.065
2025-12-26 10:10,3.08,3.08,3.08,3.08,1002,3.0799
2025-12-26 10:15,3.08,3.08,3.07,3.07,387,3.075
2025-12-26 10:20,3.08,3.09,3.08,3.09,2436,3.0836
2025-12-26 10:25,3.09,3.09,3.08,3.08,2641,3.0814
2025-12-26 10:30,3.1,3.1,3.1,3.1,989,3.0994
2025-12-26 10:35,3.1,3.1,3.09,3.09,688,3.0913
2025-12-26 10:40,3.09,3.09,3.09,3.09,2082,3.0933
2025-12-26 10:45,3.1,3.1,3.1,3.1,623,3.0958
2025-12-26 10:50,3.1,3.1,3.09,3.1,1819,3.0992
2025-12-26 10:55,3.09,3.09,3.08,3.09,9480,3.0895
2025-12-26 11:00,3.08,3.09,3.08,3.08,1357,3.0805
2025-12-26 11:05,3.08,3.08,3.07,3.07,1102,3.0722
2025-12-26 11:10,3.08,3.08,3.07,3.07,1865,3.0784
2025-12-26 11:15,3.08,3.09,3.08,3.09,928,3.0826
2025-12-26 11:20,3.08,3.1,3.08,3.1,2523,3.0886
2025-12-26 11:25,3.08,3.09,3.08,3.09,676,3.0836
2025-12-26 11:30,3.08,3.09,3.08,3.09,536,3.0839
2025-12-26 11:35,3.09,3.09,3.09,3.09,1165,3.0888
2025-12-26 11:40,3.08,3.08,3.08,3.08,1333,3.0799
2025-12-26 11:45,3.08,3.08,3.07,3.08,6967,3.0752
2025-12-26 11:50,3.08,3.08,3.08,3.08,1382,3.0762
2025-12-26 12:00,3.08,3.09,3.08,3.08,1342,3.0836
2025-12-26 12:05,3.09,3.09,3.08,3.08,694,3.0844
2025-12-26 12:10,3.09,3.09,3.09,3.09,3487,3.0886
2025-12-26 12:15,3.1,3.11,3.1,3.11,1053,3.1048
2025-12-26 12:20,3.12,3.12,3.1,3.12,8302,3.1037
2025-12-26 12:25,3.12,3.12,3.11,3.11,2855,3.1135
2025-12-26 12:30,3.1,3.1,3.08,3.08,2312,3.0942
2025-12-26 12:35,3.09,3.09,3.09,3.09,836,3.0899
2025-12-26 12:40,3.09,3.1,3.07,3.07,10796,3.0963
2025-12-26 12:45,3.07,3.08,3.05,3.05,6774,3.0717
2025-12-26 12:50,3.05,3.07,3.04,3.06,4877,3.0594
2025-12-26 12:55,3.05,3.1,3.05,3.09,9071,3.0721
2025-12-26 13:00,3.08,3.08,3.08,3.08,5338,3.0819
2025-12-26 13:30,3.12,3.12,3.12,3.12,192,3.12
2025-12-26 13:35,3.07,3.07,3.07,3.07,714,3.0703
2025-12-26 15:30,3.09,3.09,3.09,3.09,150,3.09
2025-12-26 15:35,3.02,3.02,3.02,3.02,1800,3.02
2025-12-26 15:45,3.08,3.08,3.08,3.08,105,3.08
2025-12-26 15:50,3.09,3.09,3.09,3.09,732,3.09
2025-12-26 16:00,3.09,3.09,3.09,3.09,118,3.09
2025-12-26 16:25,3.09,3.09,3.07,3.07,1000,3.0777
2025-12-26 16:30,3.09,3.09,3.09,3.09,100,3.0896
2025-12-26 16:45,3.06,3.06,3.06,3.06,495,3.0612
2025-12-26 16:55,3.11,3.15,3.11,3.15,439,3.1292
2025-12-29 02:10,3.48,3.48,3.48,3.48,323,3.48
2025-12-29 04:00,3.15,3.15,3.15,3.15,265,3.15
2025-12-29 04:55,3.18,3.18,3.18,3.18,100,3.18
2025-12-29 05:00,3.18,3.18,3.18,3.18,479,3.1774
2025-12-29 05:10,3.16,3.16,3.14,3.14,534,3.1463
2025-12-29 05:20,3.17,3.17,3.17,3.17,220,3.17
2025-12-29 05:45,3.1,3.1,3.1,3.1,360,3.1
2025-12-29 06:00,3.08,3.08,3.08,3.08,198,3.08
2025-12-29 06:30,3.18,3.18,3.04,3.04,27508,3.0957
2025-12-29 06:35,3.05,3.08,3,3.02,63039,3.0465
2025-12-29 06:40,3.01,3.02,3,3.01,24872,3.004
2025-12-29 06:45,3.01,3.03,2.99,3.03,27354,3.0054
2025-12-29 06:50,3.02,3.02,2.98,2.99,10315,2.9938
2025-12-29 06:55,2.98,2.99,2.94,2.99,5768,2.9668
2025-12-29 07:00,2.97,2.99,2.95,2.96,6421,2.967
2025-12-29 07:05,2.94,2.98,2.94,2.98,4076,2.9628
2025-12-29 07:10,2.98,2.98,2.95,2.98,12148,2.9626
2025-12-29 07:15,2.96,2.98,2.96,2.98,12457,2.9753
2025-12-29 07:20,2.98,3.03,2.98,3.03,10329,3.0123
2025-12-29 07:25,3.02,3.03,3.02,3.03,407,3.0214
2025-12-29 07:30,3.01,3.01,3.01,3.01,1171,3.0106
2025-12-29 07:35,2.99,3,2.99,2.99,7377,2.9963
2025-12-29 07:40,3,3,2.99,3,1850,2.9974
2025-12-29 07:45,3.01,3.03,3.01,3.02,8404,3.0232
2025-12-29 07:50,3.02,3.07,3.01,3.03,10217,3.0415
2025-12-29 07:55,3.04,3.06,3.04,3.06,6207,3.0515
2025-12-29 08:00,3.05,3.06,3.03,3.03,5832,3.047
2025-12-29 08:05,3.02,3.03,3.01,3.02,6811,3.0182
2025-12-29 08:10,3.01,3.07,3.01,3.04,3510,3.0305
2025-12-29 08:15,3.03,3.07,3.03,3.07,765,3.0579
2025-12-29 08:20,3.03,3.05,3.03,3.04,2149,3.0424
2025-12-29 08:25,3.04,3.04,3.03,3.03,704,3.035
2025-12-29 08:30,3.03,3.03,3.03,3.03,219,3.0343
2025-12-29 08:35,3.03,3.03,3.02,3.02,2494,3.0252
2025-12-29 08:40,3,3.02,3,3.02,9077,3.0015
2025-12-29 08:45,3.02,3.02,3,3.01,9597,3.0007
2025-12-29 08:50,3.02,3.03,3.01,3.01,4939,3.0157
2025-12-29 08:55,3.02,3.02,3.01,3.02,9041,3.0119
2025-12-29 09:00,3.02,3.02,3.01,3.01,7544,3.0114
2025-12-29 09:05,3,3,3,3,6451,3.0002
2025-12-29 09:10,3,3,2.98,3,19570,3.0001
2025-12-29 09:15,3,3,2.98,2.98,1338,2.9964
2025-12-29 09:20,2.98,2.98,2.95,2.97,18932,2.9685
2025-12-29 09:25,2.97,2.97,2.96,2.97,11814,2.9612
2025-12-29 09:30,2.97,2.97,2.97,2.97,3673,2.9677
2025-12-29 09:35,2.97,2.97,2.96,2.97,1906,2.9636
2025-12-29 09:40,2.97,2.97,2.97,2.97,4138,2.9662
2025-12-29 09:45,2.97,2.97,2.97,2.97,801,2.9658
2025-12-29 09:50,2.97,2.98,2.97,2.97,3517,2.9709
2025-12-29 09:55,2.97,2.98,2.97,2.98,1053,2.9784
2025-12-29 10:00,2.97,2.98,2.97,2.98,7770,2.9734
2025-12-29 10:05,2.97,2.97,2.97,2.97,303,2.9752
2025-12-29 10:10,2.97,2.98,2.96,2.97,14046,2.9726
2025-12-29 10:15,2.97,2.98,2.97,2.98,3910,2.9674
2025-12-29 10:20,2.98,2.98,2.98,2.98,593,2.9772
2025-12-29 10:25,2.98,2.98,2.97,2.98,3783,2.9765
2025-12-29 10:30,2.99,3.01,2.99,3,4575,2.9971
2025-12-29 10:35,3,3.03,3,3,2129,3.0226
2025-12-29 10:40,2.98,3.02,2.98,3.02,817,2.9928
2025-12-29 10:50,3,3,2.98,2.98,248,2.9889
2025-12-29 10:55,3,3,2.99,3,3153,2.9935
2025-12-29 11:00,3,3,2.98,2.98,2512,2.9841
2025-12-29 11:05,2.98,3,2.96,3,12362,2.9851
2025-12-29 11:10,2.98,2.98,2.96,2.96,2353,2.9641
2025-12-29 11:15,2.98,2.98,2.97,2.98,2780,2.9788
2025-12-29 11:20,2.97,2.98,2.96,2.96,12830,2.9634
2025-12-29 11:25,2.96,2.96,2.95,2.96,4799,2.9555
2025-12-29 11:30,2.96,2.97,2.96,2.97,2148,2.961
2025-12-29 11:35,2.96,2.97,2.94,2.95,13140,2.9548
2025-12-29 11:40,2.95,2.98,2.94,2.96,5651,2.959
2025-12-29 11:45,2.97,2.97,2.93,2.93,9332,2.9499
2025-12-29 11:50,2.94,2.96,2.92,2.93,3973,2.9313
2025-12-29 11:55,2.93,2.94,2.92,2.94,1448,2.9278
2025-12-29 12:00,2.93,2.94,2.92,2.93,8803,2.9298
2025-12-29 12:05,2.94,2.94,2.93,2.93,1851,2.933
2025-12-29 12:10,2.93,2.93,2.93,2.93,1277,2.9291
2025-12-29 12:15,2.93,2.94,2.93,2.94,7270,2.937
2025-12-29 12:20,2.95,2.96,2.95,2.95,3363,2.9559
2025-12-29 12:25,2.96,2.96,2.94,2.94,5447,2.9515
2025-12-29 12:30,2.96,2.96,2.96,2.96,3088,2.9603
2025-12-29 12:35,2.95,2.96,2.95,2.95,3222,2.9515
2025-12-29 12:40,2.96,2.97,2.96,2.96,1959,2.9602
2025-12-29 12:45,2.96,2.97,2.95,2.96,2558,2.9626
2025-12-29 12:50,2.97,2.98,2.97,2.97,5218,2.9706
2025-12-29 12:55,2.97,2.98,2.95,2.97,3121,2.9634
2025-12-29 13:10,2.95,2.95,2.95,2.95,228,2.9502
2025-12-29 13:45,2.97,2.98,2.97,2.98,550,2.9757
2025-12-29 13:50,2.95,2.98,2.95,2.98,350,2.9671
2025-12-29 13:55,2.98,2.98,2.98,2.98,100,2.98
2025-12-29 14:05,2.96,2.96,2.96,2.96,100,2.96
2025-12-29 14:10,2.98,2.98,2.98,2.98,100,2.98
2025-12-29 14:55,2.98,2.98,2.98,2.98,1700,2.98
2025-12-29 15:50,3.03,3.03,3.03,3.03,100,3.03
2025-12-29 16:05,3.05,3.05,3.03,3.03,1520,3.0459
2025-12-29 16:10,3.03,3.03,3.03,3.03,164,3.0274
2025-12-29 16:15,3.03,3.05,3.03,3.05,900,3.0411
2025-12-30 05:20,2.98,2.98,2.98,2.98,100,2.98
2025-12-30 05:40,2.98,2.98,2.98,2.98,133,2.98
2025-12-30 06:30,3.08,3.08,3,3.02,6398,3.0476
2025-12-30 06:35,3.01,3.05,3,3.01,6062,3.027
2025-12-30 06:40,3.03,3.03,3.03,3.03,161,3.0329
2025-12-30 06:45,2.98,2.98,2.92,2.92,12825,2.953
2025-12-30 06:50,2.94,2.97,2.93,2.93,4826,2.9485
2025-12-30 06:55,2.94,2.95,2.93,2.95,3886,2.943
2025-12-30 07:00,2.92,2.94,2.92,2.94,7673,2.9282
2025-12-30 07:05,2.93,2.94,2.92,2.94,22417,2.9279
2025-12-30 07:10,2.94,2.94,2.93,2.93,3745,2.9315
2025-12-30 07:15,2.93,2.94,2.93,2.94,1374,2.9331
2025-12-30 07:20,2.94,2.94,2.92,2.93,3956,2.9311
2025-12-30 07:25,2.94,2.95,2.93,2.94,32621,2.9318
2025-12-30 07:30,2.94,2.94,2.93,2.93,1606,2.9379
2025-12-30 07:35,2.94,2.95,2.93,2.94,3582,2.9468
2025-12-30 07:40,2.94,2.95,2.93,2.95,8494,2.9372
2025-12-30 07:45,2.95,2.97,2.95,2.97,3910,2.9666
2025-12-30 07:50,2.97,2.97,2.97,2.97,644,2.97
2025-12-30 07:55,2.98,2.98,2.97,2.98,5547,2.977
2025-12-30 08:00,2.98,2.99,2.97,2.99,12359,2.9825
2025-12-30 08:05,3,3.03,2.99,3.02,6884,3.0089
2025-12-30 08:10,3.01,3.03,3.01,3.03,4121,3.0272
2025-12-30 08:15,3.02,3.02,3,3.01,4705,3.0067
2025-12-30 08:20,3.04,3.04,3.01,3.01,2083,3.0155
2025-12-30 08:25,3,3.01,3,3.01,1254,3.0071
2025-12-30 08:30,3.02,3.02,3,3,8255,3.0168
2025-12-30 08:35,3,3.13,3,3.05,84149,3.0748
2025-12-30 08:40,3.07,3.07,3.05,3.06,1296,3.0555
2025-12-30 08:45,3.02,3.04,3.02,3.03,5199,3.0358
2025-12-30 08:50,3.03,3.06,3.03,3.04,7045,3.04
2025-12-30 08:55,3.06,3.06,3.04,3.05,5029,3.0458
2025-12-30 09:00,3.04,3.05,3.04,3.05,1444,3.0489
2025-12-30 09:05,3.05,3.05,3.05,3.05,558,3.0475
2025-12-30 09:10,3.05,3.05,3.02,3.02,3493,3.0381
2025-12-30 09:15,3.04,3.04,3.02,3.03,8403,3.0226
2025-12-30 09:20,3.02,3.02,3.01,3.02,3785,3.0125
2025-12-30 09:25,3.01,3.02,3.01,3.02,5391,3.0113
2025-12-30 09:30,3.01,3.02,3,3.02,3980,3.0111
2025-12-30 09:35,3,3.02,3,3,13213,3.0019
2025-12-30 09:40,3,3,2.97,2.99,20216,2.9832
2025-12-30 09:45,2.99,3,2.98,3,8051,2.992
2025-12-30 09:50,3,3.02,3,3.01,2327,3.0054
2025-12-30 10:00,3.02,3.02,3.01,3.01,1126,3.0186
2025-12-30 10:05,3,3,2.99,2.99,852,2.9994
2025-12-30 10:10,3,3,2.99,3,7871,2.999
2025-12-30 10:15,2.99,3.02,2.99,3.02,14161,3.0121
2025-12-30 10:20,3.01,3.01,3,3,523,3.0063
2025-12-30 10:25,3,3,3,3,300,3.0001
2025-12-30 10:30,3.01,3.01,2.98,2.98,1371,2.9996
2025-12-30 10:35,3,3.02,2.99,3.01,4807,3.0074
2025-12-30 10:40,3.01,3.01,3.01,3.01,6175,3.01
2025-12-30 10:45,3,3,3,3,1810,2.9993
2025-12-30 10:50,3.02,3.02,3,3,1491,3.0094
2025-12-30 10:55,3,3,3,3,108,3.0001
2025-12-30 11:00,3.02,3.02,3,3.02,4686,3.0156
2025-12-30 11:05,3.02,3.02,3,3.02,3259,3.0164
2025-12-30 11:10,3.02,3.03,3.01,3.01,2013,3.0176
2025-12-30 11:15,3.02,3.03,3.01,3.03,1938,3.021
2025-12-30 11:20,3.04,3.06,3.02,3.06,4996,3.0439
2025-12-30 11:25,3.06,3.06,3.06,3.06,103,3.0594
2025-12-30 11:30,3.04,3.05,3.03,3.03,877,3.0396
2025-12-30 11:35,3.06,3.06,3.06,3.06,301,3.0599
2025-12-30 11:40,3.03,3.06,3.03,3.03,13540,3.0415
2025-12-30 11:45,3.03,3.04,3.03,3.03,2744,3.0294
2025-12-30 11:50,3.02,3.03,3.02,3.02,1977,3.0222
2025-12-30 11:55,3.02,3.02,3.02,3.02,968,3.0148
2025-12-30 12:00,3.01,3.03,3.01,3.03,5384,3.0151
2025-12-30 12:05,3.03,3.04,3.03,3.04,915,3.0347
2025-12-30 12:10,3.04,3.04,3.04,3.04,3004,3.0393
2025-12-30 12:15,3.03,3.03,3.02,3.03,3994,3.027
2025-12-30 12:20,3.03,3.04,3.03,3.04,7529,3.0358
2025-12-30 12:25,3.04,3.04,3.03,3.04,1462,3.0376
2025-12-30 12:30,3.05,3.05,3.03,3.05,1803,3.0453
2025-12-30 12:35,3.04,3.04,3.04,3.04,302,3.0384
2025-12-30 12:40,3.03,3.04,3.02,3.03,5220,3.0302
2025-12-30 12:45,3.03,3.04,3.03,3.03,3260,3.0335
2025-12-30 12:50,3.03,3.04,3.03,3.04,768,3.0386
2025-12-30 12:55,3.03,3.06,3.03,3.06,4610,3.047
2025-12-30 13:00,3.05,3.05,3.05,3.05,4071,3.0483
2025-12-30 13:10,3.05,3.05,3.05,3.05,570,3.0499
2025-12-30 13:15,3.05,3.05,3.05,3.05,179,3.05
2025-12-30 13:50,3.01,3.01,3.01,3.01,100,3.009
2025-12-30 13:55,2.98,2.98,2.98,2.98,1443,2.98
2025-12-30 14:00,3.01,3.01,3.01,3.01,414,3.01
2025-12-30 15:50,2.96,2.96,2.96,2.96,200,2.96
2025-12-31 04:00,3.05,3.05,3.05,3.05,475,3.05
2025-12-31 05:00,3.05,3.05,3.05,3.05,1432,3.0478
2025-12-31 05:40,3.09,3.09,3.09,3.09,125,3.09
2025-12-31 05:45,3.09,3.09,3.09,3.09,176,3.0898
2025-12-31 05:55,3.08,3.08,3.08,3.08,100,3.08
2025-12-31 06:00,3.09,3.09,3.09,3.09,116,3.09
2025-12-31 06:05,3.09,3.09,3.05,3.05,460,3.063
2025-12-31 06:15,3.09,3.09,3.09,3.09,589,3.0886
2025-12-31 06:30,3.03,3.06,2.98,3,30422,3.0029
2025-12-31 06:35,2.99,3,2.95,3,17940,2.9594
2025-12-31 06:40,3.01,3.01,2.96,2.96,3524,3.0002
2025-12-31 06:45,2.97,2.97,2.95,2.95,1247,2.9545
2025-12-31 06:50,2.96,2.97,2.95,2.97,2527,2.9627
2025-12-31 06:55,2.96,2.96,2.92,2.92,12856,2.9347
2025-12-31 07:00,2.92,2.95,2.92,2.93,6680,2.9421
2025-12-31 07:05,2.94,2.95,2.93,2.94,2105,2.9392
2025-12-31 07:10,2.95,2.95,2.93,2.94,4776,2.9437
2025-12-31 07:15,2.95,2.96,2.94,2.95,7189,2.9493
2025-12-31 07:20,2.97,2.97,2.97,2.97,1350,2.97
2025-12-31 07:25,2.97,3,2.97,3,7239,2.9825
2025-12-31 07:30,3,3.02,2.99,2.99,5600,3.0028
2025-12-31 07:40,2.99,3,2.97,2.97,13531,2.9894
2025-12-31 07:45,2.99,2.99,2.97,2.97,3025,2.9812
2025-12-31 07:50,2.97,2.97,2.93,2.95,21250,2.9452
2025-12-31 07:55,2.94,2.94,2.93,2.93,7508,2.9342
2025-12-31 08:00,2.94,2.94,2.93,2.94,3115,2.9372
2025-12-31 08:05,2.95,2.95,2.93,2.94,10972,2.9441
2025-12-31 08:10,2.94,2.95,2.94,2.95,789,2.9448
2025-12-31 08:15,2.94,2.94,2.93,2.94,2626,2.9377
2025-12-31 08:20,2.94,2.95,2.93,2.93,8372,2.9313
2025-12-31 08:25,2.93,2.93,2.93,2.93,118,2.9331
2025-12-31 08:30,2.94,2.94,2.93,2.94,7464,2.9372
2025-12-31 08:35,2.94,2.94,2.94,2.94,902,2.9382
2025-12-31 08:40,2.92,2.94,2.92,2.94,1285,2.9239
2025-12-31 08:45,2.94,2.94,2.92,2.92,3677,2.9271
2025-12-31 08:50,2.92,2.94,2.92,2.94,474,2.9266
2025-12-31 08:55,2.92,2.94,2.92,2.94,1089,2.9323
2025-12-31 09:00,2.95,2.95,2.94,2.94,441,2.9436
2025-12-31 09:05,2.95,3,2.94,3,26729,2.9722
2025-12-31 09:10,2.97,2.98,2.96,2.98,11909,2.962
2025-12-31 09:15,2.97,2.99,2.97,2.99,944,2.9815
2025-12-31 09:20,2.99,3,2.99,2.99,8581,2.9983
2025-12-31 09:25,2.98,3,2.98,3,954,2.9856
2025-12-31 09:30,3,3,2.98,2.98,604,2.9839
2025-12-31 09:35,3,3,2.98,2.98,2150,2.9852
2025-12-31 09:40,2.98,2.99,2.95,2.96,3244,2.9839
2025-12-31 09:45,2.99,2.99,2.96,2.96,4116,2.9766
2025-12-31 09:50,2.99,2.99,2.97,2.97,6673,2.9751
2025-12-31 09:55,2.95,2.95,2.95,2.95,1569,2.9507
2025-12-31 10:00,2.96,2.96,2.95,2.95,6920,2.952
2025-12-31 10:05,2.94,2.94,2.94,2.94,260,2.94
2025-12-31 10:10,2.94,2.95,2.93,2.93,10252,2.9352
2025-12-31 10:15,2.95,2.96,2.94,2.96,5368,2.9468
2025-12-31 10:20,2.94,2.94,2.93,2.94,2367,2.9387
2025-12-31 10:25,2.96,2.96,2.94,2.96,13021,2.9427
2025-12-31 10:30,2.96,2.97,2.96,2.97,5635,2.9659
2025-12-31 10:35,2.97,2.98,2.97,2.98,813,2.977
2025-12-31 10:40,2.96,3,2.96,2.99,5814,2.9921
2025-12-31 10:45,2.99,2.99,2.97,2.98,2627,2.9784
2025-12-31 10:50,2.97,2.97,2.97,2.97,123,2.9662
2025-12-31 10:55,2.98,2.99,2.96,2.97,4292,2.9671
2025-12-31 11:00,2.98,3.01,2.98,2.99,14740,2.9912
2025-12-31 11:05,2.99,2.99,2.99,2.99,1024,2.9899
2025-12-31 11:10,3,3,2.99,3,3209,2.9979
2025-12-31 11:15,3.01,3.01,2.98,3,6099,2.9954
2025-12-31 11:20,2.99,2.99,2.98,2.99,9742,2.9832
2025-12-31 11:25,3,3,2.98,3,3892,2.9968
2025-12-31 11:30,3.02,3.02,3.01,3.01,402,3.0141
2025-12-31 11:35,3.01,3.01,3,3,588,3.0025
2025-12-31 11:40,3.01,3.02,3.01,3.02,1038,3.0132
2025-12-31 11:45,3.01,3.03,3.01,3.02,2990,3.0203
2025-12-31 11:50,3.02,3.03,3,3,3270,3.0184
2025-12-31 11:55,3.01,3.02,3.01,3.01,2370,3.012
2025-12-31 12:00,3.02,3.03,3.01,3.02,5323,3.0169
2025-12-31 12:05,3.02,3.03,3.01,3.02,2946,3.0177
2025-12-31 12:10,3.01,3.01,3.01,3.01,3279,3.0099
2025-12-31 12:15,3.01,3.03,3,3.03,16104,3.0184
2025-12-31 12:20,3.01,3.04,3,3.03,4069,3.0119
2025-12-31 12:25,3.02,3.02,3,3.01,2426,3.01
2025-12-31 12:30,3.01,3.02,3,3.02,4000,3.0067
2025-12-31 12:35,3.02,3.02,3,3,5083,3.0061
2025-12-31 12:40,3,3.02,3,3,2747,3.0087
2025-12-31 12:45,3,3.02,3,3,7662,3.0094
2025-12-31 12:50,3.01,3.01,3,3,4065,3.005
2025-12-31 12:55,3,3.01,2.98,3,25378,2.9965
2025-12-31 13:10,3.01,3.02,3.01,3.02,3040,3.0144
2025-12-31 13:45,3.02,3.02,3.02,3.02,1123,3.02
2025-12-31 13:50,3.03,3.05,3.03,3.05,5782,3.0327
2025-12-31 13:55,3.01,3.01,3.01,3.01,1829,3.0101
2025-12-31 15:15,3.09,3.09,3.09,3.09,402,3.09
2025-12-31 15:40,3.05,3.09,3.05,3.09,2776,3.0575
2025-12-31 16:00,3.09,3.09,3.09,3.09,100,3.09
2025-12-31 16:50,3.09,3.09,3.05,3.05,918,3.0835
2026-01-02 04:30,3.02,3.02,3.02,3.02,134,3.02
2026-01-02 04:50,3.02,3.02,3.02,3.02,582,3.02
2026-01-02 05:00,3.08,3.08,3.08,3.08,1199,3.08
2026-01-02 05:25,3.08,3.08,3.08,3.08,213,3.0818
2026-01-02 05:30,3.08,3.08,3.08,3.08,527,3.08
2026-01-02 05:50,3.02,3.02,3.02,3.02,294,3.0206
2026-01-02 06:05,3.02,3.02,3.02,3.02,491,3.02
2026-01-02 06:20,3.02,3.02,3.02,3.02,1110,3.02
2026-01-02 06:30,3.07,3.07,3.01,3.02,9583,3.0355
2026-01-02 06:35,3.01,3.01,2.97,2.98,15624,2.9903
2026-01-02 06:40,2.98,2.99,2.97,2.97,7762,2.9727
2026-01-02 06:45,2.99,2.99,2.98,2.99,6704,2.988
2026-01-02 06:50,3,3.02,2.99,3.02,21614,3.011
2026-01-02 06:55,3.02,3.05,3,3,69824,3.0384
2026-01-02 07:00,3.03,3.04,3.01,3.04,11663,3.0364
2026-01-02 07:05,3.04,3.05,3.02,3.05,4382,3.0459
2026-01-02 07:10,3.06,3.06,3.03,3.05,16094,3.044
2026-01-02 07:15,3.05,3.09,3.05,3.09,6020,3.0719
2026-01-02 07:20,3.07,3.08,3.06,3.06,1570,3.068
2026-01-02 07:25,3.06,3.09,3.06,3.09,5306,3.0579
2026-01-02 07:30,3.09,3.14,3.07,3.14,2323,3.1019
2026-01-02 07:35,3.13,3.13,3.08,3.09,23018,3.1148
2026-01-02 07:40,3.08,3.12,3.08,3.12,1469,3.113
2026-01-02 07:45,3.11,3.12,3.1,3.11,7990,3.1139
2026-01-02 07:50,3.11,3.11,3.08,3.09,9977,3.0825
2026-01-02 07:55,3.09,3.1,3.07,3.09,2248,3.0903
2026-01-02 08:00,3.1,3.12,3.08,3.11,5834,3.1074
2026-01-02 08:05,3.12,3.12,3.12,3.12,179,3.1186
2026-01-02 08:10,3.12,3.14,3.12,3.14,4110,3.1233
2026-01-02 08:15,3.14,3.16,3.13,3.14,16926,3.1464
2026-01-02 08:20,3.14,3.14,3.09,3.12,4741,3.1174
2026-01-02 08:25,3.12,3.14,3.1,3.1,5706,3.1195
2026-01-02 08:30,3.13,3.13,3.1,3.11,1171,3.1067
2026-01-02 08:35,3.1,3.11,3.08,3.09,10395,3.0924
2026-01-02 08:40,3.1,3.1,3.08,3.1,1413,3.0945
2026-01-02 08:45,3.1,3.1,3.09,3.09,767,3.0914
2026-01-02 08:50,3.08,3.08,3.08,3.08,445,3.075
2026-01-02 08:55,3.08,3.12,3.07,3.12,12656,3.0871
2026-01-02 09:00,3.12,3.12,3.1,3.1,806,3.1105
2026-01-02 09:05,3.1,3.12,3.1,3.12,12793,3.1094
2026-01-02 09:10,3.12,3.12,3.12,3.12,2168,3.1197
2026-01-02 09:15,3.13,3.15,3.12,3.14,8686,3.13
2026-01-02 09:20,3.17,3.18,3.15,3.17,3180,3.1666
2026-01-02 09:25,3.17,3.18,3.13,3.14,5644,3.1512
2026-01-02 09:30,3.15,3.15,3.15,3.15,246,3.146
2026-01-02 09:35,3.16,3.17,3.16,3.17,2340,3.1686
2026-01-02 09:40,3.16,3.21,3.16,3.21,14623,3.1917
2026-01-02 09:45,3.21,3.25,3.19,3.2,25914,3.2291
2026-01-02 09:50,3.2,3.28,3.2,3.25,20425,3.2491
2026-01-02 09:55,3.24,3.25,3.22,3.24,19134,3.2398
2026-01-02 10:00,3.24,3.25,3.23,3.24,3921,3.2387
2026-01-02 10:05,3.23,3.23,3.2,3.21,5475,3.214
2026-01-02 10:10,3.21,3.22,3.2,3.22,4362,3.2053
2026-01-02 10:15,3.23,3.24,3.23,3.23,5251,3.2299
2026-01-02 10:20,3.24,3.27,3.22,3.22,7051,3.2423
2026-01-02 10:25,3.23,3.23,3.22,3.23,15002,3.2228
2026-01-02 10:30,3.2,3.22,3.2,3.22,11657,3.2019
2026-01-02 10:35,3.21,3.22,3.21,3.22,3663,3.2117
2026-01-02 10:40,3.21,3.21,3.21,3.21,1649,3.2105
2026-01-02 10:45,3.22,3.23,3.21,3.22,7143,3.218
2026-01-02 10:50,3.21,3.22,3.19,3.2,5350,3.2017
2026-01-02 10:55,3.2,3.2,3.19,3.19,1281,3.1963
2026-01-02 11:00,3.21,3.21,3.21,3.21,1132,3.2098
2026-01-02 11:05,3.23,3.25,3.22,3.24,3163,3.2334
2026-01-02 11:10,3.24,3.27,3.24,3.27,9755,3.2604
2026-01-02 11:15,3.25,3.25,3.23,3.23,1784,3.2431
2026-01-02 11:20,3.24,3.24,3.24,3.24,235,3.2354
2026-01-02 11:25,3.22,3.22,3.22,3.22,1238,3.2197
2026-01-02 11:30,3.23,3.23,3.22,3.23,7007,3.2215
2026-01-02 11:35,3.23,3.23,3.23,3.23,100,3.23
2026-01-02 11:40,3.22,3.22,3.22,3.22,1178,3.2202
2026-01-02 11:45,3.23,3.23,3.22,3.23,325,3.225
2026-01-02 11:50,3.22,3.24,3.22,3.24,2936,3.2258
2026-01-02 11:55,3.24,3.25,3.23,3.25,605,3.2422
2026-01-02 12:00,3.24,3.24,3.22,3.22,3275,3.2246
2026-01-02 12:05,3.23,3.25,3.21,3.23,8802,3.2322
2026-01-02 12:10,3.23,3.23,3.22,3.22,1186,3.2263
2026-01-02 12:15,3.21,3.24,3.21,3.22,591,3.2204
2026-01-02 12:20,3.22,3.23,3.21,3.23,2231,3.2177
2026-01-02 12:25,3.21,3.21,3.19,3.19,13194,3.209
2026-01-02 12:30,3.19,3.24,3.19,3.24,6583,3.2334
2026-01-02 12:35,3.21,3.25,3.21,3.25,6923,3.2331
2026-01-02 12:40,3.24,3.24,3.24,3.24,124,3.2383
2026-01-02 12:45,3.24,3.27,3.23,3.27,5278,3.265
2026-01-02 12:50,3.26,3.26,3.24,3.25,4586,3.2511
2026-01-02 12:55,3.26,3.27,3.25,3.27,23814,3.2538
2026-01-02 13:00,3.26,3.26,3.24,3.24,766,3.2575
2026-01-02 13:05,3.24,3.27,3.23,3.23,2680,3.2606
2026-01-02 13:10,3.28,3.28,3.28,3.28,2500,3.279
2026-01-02 13:15,3.22,3.22,3.22,3.22,100,3.22
2026-01-02 13:20,3.27,3.27,3.22,3.22,2358,3.2306
2026-01-02 13:25,3.25,3.27,3.25,3.27,1000,3.2529
2026-01-02 13:30,3.23,3.23,3.22,3.22,2004,3.225
2026-01-02 13:40,3.26,3.26,3.26,3.26,300,3.26
2026-01-02 13:45,3.24,3.25,3.24,3.25,1250,3.2477
2026-01-02 13:55,3.25,3.25,3.25,3.25,800,3.25
2026-01-02 14:20,3.19,3.19,3.19,3.19,253,3.1922
2026-01-02 14:25,3.2,3.2,3.2,3.2,1000,3.2
2026-01-02 14:35,3.22,3.22,3.2,3.2,1610,3.2162
2026-01-02 14:40,3.2,3.2,3.2,3.2,120,3.21
2026-01-02 14:45,3.27,3.27,3.27,3.27,300,3.27
2026-01-02 14:50,3.27,3.27,3.27,3.27,100,3.27
2026-01-02 14:55,3.27,3.27,3.26,3.26,1500,3.2667
2026-01-02 15:30,3.26,3.26,3.26,3.26,1000,3.26
2026-01-02 16:30,3.25,3.25,3.25,3.25,1000,3.2503
2026-01-02 16:35,3.25,3.25,3.25,3.25,17033,3.25
2026-01-02 16:40,3.25,3.25,3.25,3.25,100,3.25
2026-01-02 16:45,3.25,3.25,3.25,3.25,1937,3.25
2026-01-02 16:55,3.25,3.25,3.25,3.25,1000,3.25
2026-01-05 04:00,3.25,3.25,3.23,3.23,1000,3.2427
2026-01-05 04:40,3.28,3.28,3.28,3.28,310,3.2799
2026-01-05 05:00,3.28,3.29,3,3.29,1384,3.1911
2026-01-05 05:10,3.29,3.29,3.29,3.29,2001,3.29
2026-01-05 05:30,3.23,3.23,3.23,3.23,125,3.242
2026-01-05 05:40,3.25,3.25,3.25,3.25,2000,3.25
2026-01-05 05:50,3.25,3.25,3.25,3.25,301,3.2499
2026-01-05 06:00,3.29,3.29,3.29,3.29,434,3.29
2026-01-05 06:15,3.29,3.29,3.29,3.29,124,3.29
2026-01-05 06:30,3.35,3.35,3.23,3.28,9306,3.2884
2026-01-05 06:35,3.28,3.28,3.19,3.19,20049,3.2335
2026-01-05 06:40,3.2,3.22,3.15,3.15,21097,3.1752
2026-01-05 06:45,3.18,3.18,3.03,3.07,43601,3.1218
2026-01-05 06:50,3.09,3.1,3.04,3.1,7644,3.0822
2026-01-05 06:55,3.1,3.13,3.07,3.07,19749,3.0904
2026-01-05 07:00,3.1,3.15,3.1,3.15,3615,3.1271
2026-01-05 07:05,3.12,3.13,3.12,3.13,670,3.1283
2026-01-05 07:10,3.1,3.11,3.07,3.08,8959,3.0801
2026-01-05 07:15,3.1,3.11,3.08,3.11,15547,3.0949
2026-01-05 07:20,3.11,3.13,3.08,3.08,4096,3.1143
2026-01-05 07:25,3.08,3.1,3.07,3.08,2944,3.0807
2026-01-05 07:30,3.08,3.08,3.08,3.08,723,3.0799
2026-01-05 07:35,3.09,3.1,3.08,3.1,1826,3.0906
2026-01-05 07:40,3.1,3.11,3.07,3.11,9895,3.0855
2026-01-05 07:45,3.06,3.08,3.06,3.08,4221,3.067
2026-01-05 07:50,3.08,3.12,3.07,3.12,8438,3.1038
2026-01-05 07:55,3.13,3.18,3.11,3.15,7103,3.1413
2026-01-05 08:00,3.15,3.15,3.1,3.13,11257,3.124
2026-01-05 08:05,3.12,3.12,3.1,3.1,8087,3.1033
2026-01-05 08:10,3.11,3.11,3.11,3.11,308,3.1068
2026-01-05 08:15,3.13,3.13,3.11,3.13,3721,3.1252
2026-01-05 08:20,3.15,3.15,3.15,3.15,1131,3.1497
2026-01-05 08:25,3.15,3.15,3.13,3.14,2603,3.14
2026-01-05 08:30,3.13,3.14,3.12,3.12,1967,3.1251
2026-01-05 08:35,3.13,3.17,3.12,3.13,26203,3.1363
2026-01-05 08:40,3.13,3.17,3.13,3.17,491,3.1384
2026-01-05 08:45,3.15,3.16,3.14,3.14,2142,3.1428
2026-01-05 08:50,3.13,3.14,3.13,3.14,769,3.1346
2026-01-05 08:55,3.14,3.16,3.13,3.14,2335,3.1444
2026-01-05 09:00,3.13,3.13,3.12,3.13,1947,3.1256
2026-01-05 09:05,3.13,3.13,3.13,3.13,2103,3.1277
2026-01-05 09:10,3.13,3.14,3.13,3.13,6905,3.1303
2026-01-05 09:15,3.13,3.14,3.13,3.13,1946,3.1329
2026-01-05 09:20,3.13,3.13,3.13,3.13,3900,3.1292
2026-01-05 09:25,3.13,3.13,3.12,3.12,1706,3.1277
2026-01-05 09:30,3.12,3.13,3.09,3.1,13225,3.1064
2026-01-05 09:35,3.1,3.13,3.09,3.09,2151,3.1094
2026-01-05 09:40,3.09,3.12,3.09,3.12,457,3.0981
2026-01-05 09:45,3.11,3.13,3.11,3.12,764,3.1148
2026-01-05 09:50,3.13,3.13,3.12,3.13,3422,3.1257
2026-01-05 09:55,3.12,3.13,3.08,3.08,3945,3.0896
2026-01-05 10:00,3.11,3.11,3.09,3.09,2104,3.1015
2026-01-05 10:05,3.09,3.11,3.09,3.11,1788,3.1035
2026-01-05 10:10,3.12,3.13,3.1,3.1,5134,3.1217
2026-01-05 10:15,3.1,3.1,3.1,3.1,510,3.1008
2026-01-05 10:20,3.09,3.11,3.09,3.1,8408,3.1003
2026-01-05 10:25,3.1,3.1,3.1,3.1,449,3.1
2026-01-05 10:30,3.11,3.12,3.11,3.12,954,3.1152
2026-01-05 10:35,3.11,3.13,3.1,3.12,6527,3.1169
2026-01-05 10:40,3.1,3.11,3.1,3.11,2172,3.1026
2026-01-05 10:45,3.12,3.13,3.12,3.13,2941,3.1224
2026-01-05 10:50,3.13,3.13,3.13,3.13,3561,3.1291
2026-01-05 10:55,3.11,3.13,3.11,3.13,8937,3.1199
2026-01-05 11:00,3.13,3.13,3.13,3.13,3531,3.13
2026-01-05 11:05,3.14,3.14,3.13,3.13,4710,3.133
2026-01-05 11:10,3.13,3.15,3.13,3.13,12221,3.1374
2026-01-05 11:15,3.16,3.16,3.16,3.16,502,3.1599
2026-01-05 11:20,3.16,3.16,3.15,3.16,1402,3.1586
2026-01-05 11:25,3.16,3.17,3.13,3.16,17391,3.1445
2026-01-05 11:30,3.16,3.18,3.11,3.11,10012,3.1345
2026-01-05 11:35,3.13,3.13,3.11,3.11,2363,3.1214
2026-01-05 11:40,3.13,3.14,3.1,3.14,14172,3.1347
2026-01-05 11:50,3.17,3.17,3.15,3.15,2750,3.1645
2026-01-05 11:55,3.18,3.2,3.18,3.19,7993,3.1897
2026-01-05 12:00,3.2,3.2,3.17,3.17,3653,3.1911
2026-01-05 12:05,3.22,3.22,3.22,3.22,566,3.22
2026-01-05 12:10,3.23,3.24,3.23,3.24,12072,3.2386
2026-01-05 12:15,3.25,3.25,3.23,3.23,26126,3.2498
2026-01-05 12:20,3.23,3.23,3.2,3.2,1947,3.2149
2026-01-05 12:25,3.22,3.22,3.2,3.22,657,3.2059
2026-01-05 12:30,3.22,3.24,3.2,3.2,2174,3.2199
2026-01-05 12:35,3.22,3.24,3.22,3.24,1379,3.2328
2026-01-05 12:40,3.23,3.25,3.22,3.24,8746,3.2322
2026-01-05 12:45,3.22,3.23,3.21,3.23,4578,3.2194
2026-01-05 12:50,3.23,3.25,3.22,3.23,2838,3.2304
2026-01-05 12:55,3.23,3.28,3.22,3.28,8526,3.2458
2026-01-05 13:00,3.23,3.25,3.23,3.25,531,3.2424
2026-01-05 13:35,3.28,3.28,3.28,3.28,1162,3.28
2026-01-05 13:40,3.28,3.28,3.28,3.28,867,3.28
2026-01-05 13:45,3.23,3.23,3.23,3.23,100,3.23
2026-01-05 14:20,3.23,3.23,3.23,3.23,100,3.23
2026-01-05 15:05,3.24,3.24,3.24,3.24,2471,3.24
2026-01-05 15:15,3.28,3.28,3.28,3.28,200,3.28
2026-01-05 15:20,3.28,3.28,3.28,3.28,200,3.28
2026-01-05 15:30,3.25,3.25,3.25,3.25,1072,3.25
2026-01-05 16:00,3.28,3.28,3.28,3.28,101,3.2794
2026-01-05 16:25,3.25,3.25,3.25,3.25,706,3.25
2026-01-05 16:30,3.22,3.22,3.22,3.22,200,3.22
2026-01-05 16:35,3.22,3.22,3.22,3.22,868,3.22
2026-01-05 16:40,3.21,3.21,3.21,3.21,251,3.21
2026-01-05 16:45,3.15,3.15,3.1,3.1,14607,3.1406
2026-01-06 03:15,3.24,3.24,3.24,3.24,156,3.24
2026-01-06 04:10,3.21,3.21,3.21,3.21,100,3.21
2026-01-06 05:00,3.21,3.25,3.21,3.25,370,3.2249
2026-01-06 06:05,3.22,3.22,3.22,3.22,146,3.2296
2026-01-06 06:25,3.28,3.28,3.28,3.28,405,3.2672
2026-01-06 06:30,3.27,3.27,3.03,3.14,28537,3.1126
2026-01-06 06:35,3.16,3.18,3.1,3.18,3185,3.1617
2026-01-06 06:40,3.17,3.2,3.17,3.2,7893,3.1949
2026-01-06 06:45,3.16,3.21,3.16,3.2,8028,3.1767
2026-01-06 06:50,3.19,3.2,3.17,3.17,1713,3.1886
2026-01-06 06:55,3.16,3.18,3.16,3.18,1726,3.1682
2026-01-06 07:00,3.18,3.19,3.18,3.18,5291,3.1802
2026-01-06 07:05,3.17,3.2,3.17,3.2,9077,3.1977
2026-01-06 07:10,3.19,3.21,3.19,3.2,8699,3.2023
2026-01-06 07:20,3.21,3.21,3.19,3.19,3194,3.2011
2026-01-06 07:25,3.2,3.21,3.2,3.2,2860,3.2024
2026-01-06 07:30,3.2,3.21,3.2,3.2,3337,3.2062
2026-01-06 07:35,3.2,3.2,3.19,3.19,1654,3.1886
2026-01-06 07:40,3.18,3.18,3.18,3.18,3280,3.1767
2026-01-06 07:45,3.18,3.21,3.18,3.19,7774,3.1993
2026-01-06 07:50,3.21,3.21,3.18,3.2,3106,3.2033
2026-01-06 07:55,3.21,3.21,3.2,3.21,1435,3.2026
2026-01-06 08:00,3.2,3.2,3.17,3.18,5263,3.1907
2026-01-06 08:05,3.19,3.19,3.18,3.18,618,3.1838
2026-01-06 08:10,3.19,3.21,3.19,3.2,1156,3.2037
2026-01-06 08:20,3.21,3.21,3.21,3.21,397,3.2092
2026-01-06 08:25,3.21,3.22,3.2,3.2,2925,3.204
2026-01-06 08:30,3.21,3.21,3.18,3.18,4374,3.1929
2026-01-06 08:35,3.19,3.19,3.18,3.18,823,3.1803
2026-01-06 08:40,3.19,3.19,3.16,3.17,3097,3.171
2026-01-06 08:45,3.18,3.19,3.18,3.19,5146,3.1896
2026-01-06 08:50,3.18,3.21,3.11,3.11,36454,3.1491
2026-01-06 08:55,3.15,3.17,3.15,3.17,2230,3.1611
2026-01-06 09:00,3.16,3.18,3.16,3.18,1127,3.1644
2026-01-06 09:05,3.18,3.18,3.15,3.18,717,3.172
2026-01-06 09:15,3.17,3.17,3.16,3.17,915,3.1642
2026-01-06 09:20,3.17,3.17,3.17,3.17,1186,3.1668
2026-01-06 09:25,3.16,3.16,3.16,3.16,209,3.1589
2026-01-06 09:30,3.15,3.16,3.15,3.16,2354,3.1585
2026-01-06 09:35,3.15,3.16,3.15,3.15,1602,3.1534
2026-01-06 09:40,3.16,3.17,3.16,3.17,406,3.1628
2026-01-06 09:45,3.14,3.14,3.14,3.14,2703,3.1398
2026-01-06 09:50,3.14,3.14,3.12,3.13,889,3.1326
2026-01-06 09:55,3.13,3.13,3.13,3.13,2902,3.1299
2026-01-06 10:00,3.13,3.17,3.13,3.15,7587,3.1541
2026-01-06 10:05,3.15,3.15,3.15,3.15,1160,3.1504
2026-01-06 10:10,3.15,3.15,3.14,3.14,623,3.1435
2026-01-06 10:15,3.14,3.16,3.13,3.13,2033,3.144
2026-01-06 10:20,3.13,3.14,3.13,3.14,1915,3.1331
2026-01-06 10:25,3.13,3.14,3.13,3.13,2917,3.1334
2026-01-06 10:30,3.14,3.14,3.14,3.14,1006,3.135
2026-01-06 10:35,3.13,3.13,3.12,3.12,7231,3.1253
2026-01-06 10:40,3.11,3.12,3.1,3.12,4382,3.1125
2026-01-06 10:45,3.1,3.12,3.09,3.1,7438,3.1027
2026-01-06 10:50,3.1,3.1,3.1,3.1,446,3.0995
2026-01-06 10:55,3.1,3.1,3.08,3.09,3148,3.0953
2026-01-06 11:00,3.08,3.13,3.08,3.13,7969,3.1145
2026-01-06 11:05,3.14,3.15,3.13,3.13,2778,3.1369
2026-01-06 11:10,3.11,3.14,3.11,3.14,227,3.1242
2026-01-06 11:15,3.13,3.13,3.12,3.12,2887,3.1283
2026-01-06 11:25,3.11,3.13,3.11,3.13,1004,3.1157
2026-01-06 11:30,3.12,3.13,3.12,3.13,827,3.1264
2026-01-06 11:35,3.12,3.12,3.1,3.1,1375,3.1094
2026-01-06 11:40,3.1,3.11,3.09,3.11,6648,3.1017
2026-01-06 11:45,3.11,3.13,3.09,3.13,8164,3.1055
2026-01-06 11:50,3.12,3.12,3.1,3.1,838,3.108
2026-01-06 11:55,3.12,3.12,3.12,3.12,502,3.1193
2026-01-06 12:00,3.12,3.13,3.12,3.13,5620,3.1203
2026-01-06 12:05,3.14,3.14,3.11,3.13,11527,3.1214
2026-01-06 12:20,3.13,3.15,3.13,3.15,1773,3.142
2026-01-06 12:25,3.14,3.15,3.14,3.15,4909,3.1432
2026-01-06 12:35,3.15,3.16,3.15,3.16,1978,3.1528
2026-01-06 12:40,3.16,3.18,3.16,3.16,2056,3.1717
2026-01-06 12:45,3.16,3.16,3.13,3.13,2574,3.1407
2026-01-06 12:50,3.14,3.15,3.05,3.06,63614,3.0653
2026-01-06 12:55,3.05,3.07,3.05,3.07,30170,3.057
2026-01-06 13:00,3.11,3.11,3.11,3.11,750,3.11
2026-01-06 13:05,3.07,3.09,3.07,3.09,300,3.0833
2026-01-06 13:25,3.09,3.09,3.09,3.09,553,3.0871
2026-01-06 13:30,3.05,3.09,3.05,3.09,414,3.0657
2026-01-06 14:00,3.09,3.09,3.09,3.09,160,3.0883
2026-01-06 14:20,3.09,3.09,3.09,3.09,200,3.09
2026-01-06 14:30,3.09,3.09,3.09,3.09,1001,3.09
2026-01-06 15:05,3.06,3.06,3.05,3.05,3475,3.0506
2026-01-06 15:10,3.09,3.09,3.09,3.09,200,3.09
2026-01-06 15:25,3.05,3.05,3.05,3.05,6502,3.05
2026-01-06 15:30,3.09,3.09,3.09,3.09,250,3.09
2026-01-06 15:40,3.09,3.09,3.09,3.09,100,3.09
2026-01-06 15:55,3.06,3.06,3.06,3.06,552,3.06
2026-01-06 16:20,3.09,3.09,3.09,3.09,436,3.09
2026-01-06 16:25,3.09,3.09,3.09,3.09,230,3.09
2026-01-06 16:30,3.09,3.09,3.09,3.09,300,3.09
2026-01-07 03:00,3.14,3.16,3.14,3.16,6200,3.1521
2026-01-07 03:05,3.14,3.17,3.14,3.15,500,3.1484
2026-01-07 03:15,3.15,3.23,3.15,3.23,5134,3.1632
2026-01-07 03:20,3.25,3.25,3.25,3.25,2008,3.25
2026-01-07 03:45,3.26,3.26,3.25,3.25,2858,3.2577
2026-01-07 04:00,3.2,3.2,3.2,3.2,1155,3.2001
2026-01-07 04:05,3.2,3.2,3.2,3.2,1058,3.2012
2026-01-07 04:10,3.2,3.2,3.2,3.2,10000,3.2
2026-01-07 04:15,3.2,3.2,3.18,3.18,1855,3.1989
2026-01-07 04:20,3.19,3.19,3.18,3.18,2130,3.1847
2026-01-07 04:25,3.18,3.18,3.15,3.15,723,3.1658
2026-01-07 04:35,3.18,3.18,3.18,3.18,316,3.18
2026-01-07 05:00,3.2,3.23,3.17,3.18,8150,3.1927
2026-01-07 05:05,3.18,3.18,3.18,3.18,120,3.18
2026-01-07 05:10,3.18,3.18,3.18,3.18,300,3.18
2026-01-07 05:15,3.18,3.18,3.18,3.18,1604,3.1798
2026-01-07 05:20,3.18,3.18,3.18,3.18,498,3.1786
2026-01-07 05:25,3.18,3.18,3.18,3.18,14304,3.18
2026-01-07 05:30,3.24,3.26,3.24,3.26,316,3.2459
2026-01-07 05:35,3.25,3.35,3.25,3.35,12203,3.3078
2026-01-07 05:40,3.36,3.39,3.3,3.38,20793,3.3843
2026-01-07 05:45,3.34,3.37,3.33,3.35,7517,3.3502
2026-01-07 05:50,3.3,3.35,3.3,3.3,2234,3.3112
2026-01-07 05:55,3.3,3.35,3.3,3.34,6771,3.3111
2026-01-07 06:00,3.34,3.35,3.34,3.35,1129,3.3487
2026-01-07 06:05,3.23,3.29,3.22,3.29,3516,3.2465
2026-01-07 06:10,3.28,3.29,3.28,3.29,1407,3.2893
2026-01-07 06:15,3.29,3.35,3.29,3.35,1428,3.3053
2026-01-07 06:20,3.29,3.29,3.29,3.29,1056,3.2894
2026-01-07 06:25,3.3,3.35,3.29,3.35,3328,3.3016
2026-01-07 06:30,3.32,3.37,3.21,3.3,70666,3.335
2026-01-07 06:35,3.31,3.34,3.25,3.28,35290,3.2891
2026-01-07 06:40,3.28,3.33,3.28,3.31,14175,3.3095
2026-01-07 06:45,3.29,3.34,3.29,3.29,19688,3.3127
2026-01-07 06:50,3.26,3.28,3.22,3.28,32727,3.2527
2026-01-07 06:55,3.29,3.38,3.29,3.29,63704,3.3613
2026-01-07 07:00,3.3,3.3,3.25,3.28,40797,3.2658
2026-01-07 07:05,3.28,3.3,3.25,3.28,12098,3.2832
2026-01-07 07:10,3.28,3.31,3.27,3.31,10214,3.2844
2026-01-07 07:15,3.3,3.3,3.26,3.29,7318,3.2882
2026-01-07 07:20,3.29,3.29,3.27,3.27,3938,3.2724
2026-01-07 07:25,3.29,3.31,3.25,3.31,2162,3.2848
2026-01-07 07:30,3.3,3.32,3.29,3.29,9729,3.3108
2026-01-07 07:35,3.3,3.32,3.3,3.3,16227,3.3148
2026-01-07 07:40,3.32,3.36,3.31,3.36,47238,3.3291
2026-01-07 07:45,3.36,3.37,3.32,3.37,35679,3.3519
2026-01-07 07:50,3.33,3.33,3.31,3.31,3170,3.3169
2026-01-07 07:55,3.32,3.34,3.31,3.31,26486,3.32
2026-01-07 08:00,3.32,3.35,3.32,3.32,6837,3.3386
2026-01-07 08:05,3.35,3.35,3.32,3.33,11675,3.3294
2026-01-07 08:10,3.33,3.33,3.31,3.31,3947,3.3215
2026-01-07 08:15,3.33,3.35,3.32,3.34,6091,3.3363
2026-01-07 08:20,3.35,3.35,3.31,3.31,6930,3.331
2026-01-07 08:25,3.3,3.32,3.29,3.3,12157,3.2927
2026-01-07 08:30,3.29,3.33,3.29,3.31,5694,3.3057
2026-01-07 08:35,3.29,3.3,3.27,3.28,6028,3.2879
2026-01-07 08:40,3.29,3.29,3.24,3.24,6877,3.2608
2026-01-07 08:45,3.25,3.27,3.24,3.27,6402,3.2569
2026-01-07 08:50,3.29,3.3,3.26,3.28,10093,3.2732
2026-01-07 08:55,3.28,3.29,3.26,3.29,1229,3.2695
2026-01-07 09:00,3.27,3.27,3.26,3.26,436,3.2664
2026-01-07 09:05,3.27,3.27,3.23,3.23,3193,3.2519
2026-01-07 09:10,3.25,3.25,3.23,3.24,10317,3.2372
2026-01-07 09:15,3.23,3.25,3.22,3.22,19999,3.221
2026-01-07 09:20,3.22,3.24,3.19,3.23,15663,3.2184
2026-01-07 09:25,3.22,3.23,3.22,3.23,768,3.2231
2026-01-07 09:30,3.23,3.25,3.23,3.23,2887,3.2443
2026-01-07 09:35,3.22,3.23,3.2,3.2,1474,3.2144
2026-01-07 09:40,3.2,3.21,3.2,3.21,665,3.2047
2026-01-07 09:45,3.22,3.22,3.22,3.22,101,3.22
2026-01-07 09:50,3.23,3.23,3.21,3.21,796,3.2147
2026-01-07 09:55,3.21,3.21,3.2,3.21,4129,3.2087
2026-01-07 10:00,3.19,3.19,3.18,3.18,468,3.1855
2026-01-07 10:05,3.2,3.2,3.19,3.2,1483,3.1959
2026-01-07 10:10,3.21,3.21,3.21,3.21,1203,3.21
2026-01-07 10:15,3.21,3.23,3.21,3.23,973,3.2243
2026-01-07 10:20,3.24,3.26,3.22,3.24,13802,3.2261
2026-01-07 10:25,3.22,3.26,3.21,3.21,5276,3.2258
2026-01-07 10:30,3.22,3.22,3.22,3.22,1171,3.2186
2026-01-07 10:35,3.21,3.22,3.21,3.21,5864,3.2118
2026-01-07 10:40,3.22,3.22,3.22,3.22,475,3.2185
2026-01-07 10:45,3.2,3.21,3.2,3.21,213,3.2045
2026-01-07 10:50,3.22,3.26,3.22,3.24,7362,3.2404
2026-01-07 10:55,3.26,3.26,3.26,3.26,2176,3.2598
2026-01-07 11:00,3.27,3.27,3.25,3.27,2272,3.2595
2026-01-07 11:05,3.26,3.26,3.23,3.24,1574,3.2482
2026-01-07 11:10,3.24,3.24,3.21,3.21,1052,3.2244
2026-01-07 11:15,3.22,3.23,3.21,3.23,945,3.2294
2026-01-07 11:20,3.23,3.24,3.21,3.22,12020,3.2299
2026-01-07 11:25,3.22,3.23,3.21,3.23,4389,3.2201
2026-01-07 11:30,3.23,3.24,3.22,3.23,1381,3.2302
2026-01-07 11:35,3.24,3.25,3.23,3.24,2616,3.2388
2026-01-07 11:40,3.23,3.24,3.21,3.21,8556,3.2261
2026-01-07 11:45,3.22,3.24,3.21,3.23,9111,3.2277
2026-01-07 11:50,3.24,3.24,3.21,3.22,5268,3.2287
2026-01-07 11:55,3.23,3.23,3.22,3.22,1264,3.2274
2026-01-07 12:00,3.23,3.24,3.23,3.23,3863,3.2336
2026-01-07 12:05,3.23,3.23,3.21,3.23,6612,3.2227
2026-01-07 12:10,3.22,3.24,3.21,3.22,7450,3.2216
2026-01-07 12:15,3.22,3.24,3.21,3.21,8613,3.2214
2026-01-07 12:20,3.22,3.23,3.2,3.2,12792,3.2155
2026-01-07 12:25,3.22,3.23,3.2,3.22,8862,3.2152
2026-01-07 12:30,3.22,3.28,3.21,3.26,13528,3.2476
2026-01-07 12:35,3.24,3.32,3.24,3.32,11359,3.2911
2026-01-07 12:40,3.28,3.32,3.28,3.3,4144,3.2958
2026-01-07 12:45,3.29,3.3,3.26,3.28,3749,3.2768
2026-01-07 12:50,3.27,3.3,3.23,3.28,2088,3.26
2026-01-07 12:55,3.26,3.3,3.23,3.23,5561,3.2596
2026-01-07 13:10,3.26,3.29,3.26,3.29,200,3.275
2026-01-07 13:25,3.29,3.32,3.29,3.32,1200,3.2973
2026-01-07 13:45,3.32,3.32,3.32,3.32,314,3.3194
2026-01-07 13:55,3.29,3.29,3.26,3.26,1248,3.27
2026-01-07 14:45,3.3,3.3,3.3,3.3,100,3.3
2026-01-07 15:00,3.26,3.26,3.26,3.26,760,3.26
2026-01-07 15:10,3.26,3.26,3.26,3.26,100,3.2616
2026-01-07 15:15,3.26,3.26,3.26,3.26,1000,3.26
2026-01-08 05:00,3.27,3.27,3.27,3.27,464,3.2712
2026-01-08 05:15,3.36,3.36,3.36,3.36,621,3.358
2026-01-08 05:50,3.28,3.28,3.28,3.28,598,3.28
2026-01-08 05:55,3.28,3.28,3.28,3.28,5000,3.28
2026-01-08 06:00,3.25,3.32,3.25,3.32,874,3.2508
2026-01-08 06:25,3.28,3.28,3.28,3.28,152,3.28
2026-01-08 06:30,3.31,3.31,3.2,3.25,14534,3.2552
2026-01-08 06:35,3.24,3.27,3.24,3.25,2042,3.2498
2026-01-08 06:40,3.24,3.28,3.24,3.27,7198,3.2596
2026-01-08 06:45,3.25,3.28,3.24,3.28,1750,3.2665
2026-01-08 06:50,3.27,3.27,3.25,3.25,748,3.265
2026-01-08 06:55,3.24,3.25,3.23,3.24,814,3.2363
2026-01-08 07:00,3.22,3.25,3.21,3.22,3804,3.2213
2026-01-08 07:05,3.22,3.24,3.22,3.23,3631,3.2308
2026-01-08 07:10,3.24,3.28,3.24,3.26,2177,3.2453
2026-01-08 07:15,3.27,3.3,3.26,3.3,6839,3.2721
2026-01-08 07:20,3.29,3.29,3.27,3.27,1183,3.2829
2026-01-08 07:25,3.26,3.3,3.26,3.3,606,3.2671
2026-01-08 07:30,3.29,3.3,3.28,3.28,2230,3.286
2026-01-08 07:35,3.28,3.3,3.28,3.3,815,3.2862
2026-01-08 07:45,3.27,3.27,3.22,3.22,5036,3.2436
2026-01-08 07:50,3.24,3.24,3.24,3.24,263,3.2396
2026-01-08 07:55,3.25,3.26,3.25,3.26,1200,3.2542
2026-01-08 08:00,3.25,3.25,3.25,3.25,547,3.25
2026-01-08 08:05,3.25,3.25,3.25,3.25,516,3.2503
2026-01-08 08:10,3.27,3.27,3.25,3.25,634,3.2631
2026-01-08 08:15,3.26,3.3,3.25,3.29,1688,3.2663
2026-01-08 08:20,3.3,3.3,3.3,3.3,2760,3.2953
2026-01-08 08:25,3.29,3.31,3.29,3.31,1767,3.3078
2026-01-08 08:30,3.34,3.34,3.31,3.31,908,3.3182
2026-01-08 08:35,3.31,3.32,3.3,3.3,513,3.305
2026-01-08 08:40,3.31,3.33,3.29,3.3,1492,3.3038
2026-01-08 08:50,3.33,3.33,3.33,3.33,618,3.328
2026-01-08 08:55,3.32,3.32,3.3,3.3,909,3.3029
2026-01-08 09:00,3.31,3.35,3.31,3.33,7742,3.3187
2026-01-08 09:05,3.33,3.34,3.33,3.33,1083,3.3347
2026-01-08 09:10,3.34,3.34,3.32,3.32,5118,3.3243
2026-01-08 09:15,3.32,3.32,3.32,3.32,356,3.3195
2026-01-08 09:20,3.31,3.31,3.28,3.28,3504,3.3041
2026-01-08 09:25,3.31,3.31,3.3,3.3,1154,3.2982
2026-01-08 09:30,3.3,3.3,3.3,3.3,217,3.2984
2026-01-08 09:40,3.3,3.3,3.3,3.3,503,3.2999
2026-01-08 09:45,3.29,3.3,3.28,3.28,2205,3.2934
2026-01-08 09:50,3.3,3.3,3.3,3.3,1001,3.3
2026-01-08 09:55,3.29,3.3,3.29,3.29,2289,3.2949
2026-01-08 10:00,3.29,3.29,3.29,3.29,1644,3.2901
2026-01-08 10:05,3.28,3.29,3.26,3.29,4673,3.2798
2026-01-08 10:10,3.26,3.27,3.26,3.27,1206,3.2617
2026-01-08 10:15,3.27,3.29,3.27,3.29,2812,3.2847
2026-01-08 10:20,3.27,3.27,3.27,3.27,225,3.2701
2026-01-08 10:25,3.29,3.3,3.29,3.3,4912,3.2936
2026-01-08 10:30,3.3,3.3,3.3,3.3,617,3.3
2026-01-08 10:35,3.3,3.3,3.3,3.3,232,3.2984
2026-01-08 10:40,3.31,3.31,3.31,3.31,262,3.3062
2026-01-08 10:45,3.32,3.33,3.32,3.33,618,3.3283
2026-01-08 10:50,3.33,3.35,3.33,3.33,398,3.3333
2026-01-08 10:55,3.34,3.34,3.3,3.33,1183,3.3266
2026-01-08 11:00,3.31,3.33,3.3,3.33,6331,3.3191
2026-01-08 11:05,3.32,3.33,3.31,3.33,8680,3.3208
2026-01-08 11:10,3.32,3.33,3.31,3.33,8451,3.3202
2026-01-08 11:15,3.32,3.33,3.29,3.33,16937,3.299
2026-01-08 11:20,3.29,3.33,3.29,3.31,3947,3.3141
2026-01-08 11:25,3.32,3.33,3.31,3.32,1938,3.3163
2026-01-08 11:30,3.33,3.33,3.3,3.32,5577,3.3164
2026-01-08 11:35,3.33,3.33,3.3,3.31,5437,3.3131
2026-01-08 11:40,3.31,3.32,3.3,3.32,6993,3.3115
2026-01-08 11:45,3.31,3.33,3.31,3.32,7950,3.3199
2026-01-08 11:50,3.32,3.34,3.3,3.34,9535,3.3282
2026-01-08 11:55,3.3,3.33,3.3,3.33,2450,3.3174
2026-01-08 12:00,3.3,3.33,3.3,3.33,5542,3.3168
2026-01-08 12:05,3.32,3.33,3.31,3.32,5889,3.3189
2026-01-08 12:10,3.33,3.34,3.31,3.33,8949,3.3247
2026-01-08 12:15,3.34,3.34,3.31,3.31,5076,3.3248
2026-01-08 12:20,3.32,3.33,3.3,3.31,10053,3.3131
2026-01-08 12:25,3.3,3.33,3.3,3.3,9375,3.3146
2026-01-08 12:30,3.32,3.33,3.3,3.32,9691,3.3149
2026-01-08 12:35,3.33,3.33,3.3,3.32,9583,3.3067
2026-01-08 12:40,3.32,3.32,3.31,3.31,1755,3.3178
2026-01-08 12:45,3.32,3.33,3.3,3.3,8555,3.3133
2026-01-08 12:50,3.31,3.31,3.29,3.31,14256,3.3031
2026-01-08 12:55,3.31,3.33,3.29,3.32,15721,3.3148
2026-01-08 15:05,3.34,3.34,3.34,3.34,1654,3.3402
2026-01-08 15:20,3.37,3.37,3.37,3.37,569,3.3682
2026-01-08 15:25,3.38,3.38,3.38,3.38,1189,3.3743
2026-01-08 15:35,3.26,3.26,3.22,3.22,201,3.2399
2026-01-08 16:15,3.37,3.37,3.37,3.37,188,3.3689
2026-01-08 16:20,3.35,3.35,3.29,3.29,4200,3.3462
2026-01-08 16:45,3.23,3.23,3.23,3.23,101,3.2309
2026-01-09 05:45,3.33,3.33,3.33,3.33,5126,3.3302
2026-01-09 05:50,3.37,3.37,3.37,3.37,1000,3.37
2026-01-09 06:15,3.37,3.37,3.33,3.33,246,3.3537
2026-01-09 06:30,3.35,3.35,3.29,3.29,4567,3.3073
2026-01-09 06:35,3.25,3.28,3.22,3.28,16880,3.2393
2026-01-09 06:40,3.27,3.3,3.27,3.29,6267,3.2887
2026-01-09 06:45,3.27,3.28,3.26,3.26,2392,3.2724
2026-01-09 06:50,3.26,3.26,3.23,3.25,3985,3.2338
2026-01-09 06:55,3.24,3.24,3.23,3.24,10326,3.2328
2026-01-09 07:00,3.27,3.27,3.22,3.22,4218,3.2388
2026-01-09 07:05,3.22,3.22,3.2,3.2,21803,3.2133
2026-01-09 07:10,3.21,3.22,3.21,3.22,3326,3.2084
2026-01-09 07:15,3.21,3.22,3.21,3.22,1366,3.2119
2026-01-09 07:20,3.22,3.25,3.22,3.24,2088,3.2333
2026-01-09 07:25,3.25,3.25,3.25,3.25,107,3.2492
2026-01-09 07:30,3.24,3.24,3.24,3.24,499,3.2396
2026-01-09 07:35,3.24,3.28,3.24,3.28,17665,3.2553
2026-01-09 07:40,3.27,3.27,3.27,3.27,1523,3.2703
2026-01-09 07:45,3.27,3.27,3.26,3.26,5548,3.2606
2026-01-09 07:50,3.25,3.25,3.23,3.23,5147,3.2345
2026-01-09 07:55,3.23,3.23,3.23,3.23,1643,3.2302
2026-01-09 08:00,3.25,3.25,3.25,3.25,189,3.2502
2026-01-09 08:05,3.26,3.27,3.26,3.27,1213,3.2644
2026-01-09 08:15,3.25,3.27,3.23,3.26,2439,3.2497
2026-01-09 08:20,3.25,3.27,3.25,3.27,1471,3.2621
2026-01-09 08:25,3.27,3.27,3.26,3.26,925,3.263
2026-01-09 08:30,3.27,3.27,3.25,3.25,4226,3.251
2026-01-09 08:35,3.23,3.27,3.23,3.27,2638,3.2557
2026-01-09 08:40,3.24,3.24,3.24,3.24,637,3.237
2026-01-09 08:45,3.25,3.25,3.22,3.22,1104,3.2398
2026-01-09 08:50,3.26,3.26,3.22,3.26,3496,3.2556
2026-01-09 08:55,3.25,3.27,3.23,3.27,6236,3.2492
2026-01-09 09:00,3.23,3.28,3.23,3.28,7953,3.2546
2026-01-09 09:05,3.26,3.27,3.23,3.23,2075,3.2487
2026-01-09 09:10,3.23,3.27,3.23,3.25,4258,3.2454
2026-01-09 09:15,3.24,3.26,3.22,3.26,9221,3.2378
2026-01-09 09:20,3.25,3.26,3.23,3.24,13252,3.2421
2026-01-09 09:25,3.23,3.24,3.22,3.24,5994,3.2384
2026-01-09 09:30,3.24,3.24,3.24,3.24,338,3.2372
2026-01-09 09:35,3.24,3.26,3.23,3.26,4529,3.2429
2026-01-09 09:40,3.26,3.33,3.23,3.33,21788,3.2855
2026-01-09 09:45,3.32,3.33,3.28,3.33,14329,3.3119
2026-01-09 09:50,3.33,3.35,3.3,3.33,24492,3.3272
2026-01-09 09:55,3.34,3.36,3.33,3.34,62500,3.3486
2026-01-09 10:00,3.33,3.34,3.28,3.31,2905,3.3135
2026-01-09 10:05,3.3,3.34,3.3,3.3,2513,3.3089
2026-01-09 10:10,3.33,3.33,3.33,3.33,1595,3.3303
2026-01-09 10:15,3.33,3.33,3.3,3.33,5109,3.3251
2026-01-09 10:20,3.33,3.33,3.29,3.31,9424,3.3101
2026-01-09 10:25,3.31,3.32,3.29,3.31,9220,3.309
2026-01-09 10:30,3.3,3.32,3.29,3.3,12226,3.3036
2026-01-09 10:35,3.3,3.32,3.29,3.31,10179,3.304
2026-01-09 10:40,3.32,3.32,3.29,3.3,15330,3.301
2026-01-09 10:45,3.31,3.31,3.29,3.3,8297,3.3007
2026-01-09 10:50,3.31,3.31,3.27,3.3,9215,3.2978
2026-01-09 10:55,3.29,3.31,3.29,3.3,9678,3.2998
2026-01-09 11:00,3.31,3.32,3.28,3.31,13014,3.3027
2026-01-09 11:05,3.32,3.33,3.3,3.33,5781,3.3155
2026-01-09 11:10,3.33,3.34,3.31,3.33,9413,3.3233
2026-01-09 11:15,3.33,3.34,3.29,3.29,7408,3.3166
2026-01-09 11:20,3.31,3.32,3.28,3.31,7363,3.3032
2026-01-09 11:25,3.3,3.34,3.3,3.31,9563,3.3185
2026-01-09 11:30,3.31,3.34,3.31,3.34,13677,3.3304
2026-01-09 11:35,3.31,3.34,3.31,3.32,8272,3.3261
2026-01-09 11:40,3.32,3.33,3.3,3.31,8350,3.3182
2026-01-09 11:45,3.31,3.32,3.3,3.31,8729,3.309
2026-01-09 11:50,3.32,3.32,3.28,3.28,3214,3.3001
2026-01-09 11:55,3.29,3.3,3.27,3.29,3097,3.2873
2026-01-09 12:00,3.29,3.3,3.27,3.28,6010,3.2883
2026-01-09 12:05,3.3,3.3,3.28,3.29,6231,3.2914
2026-01-09 12:10,3.28,3.29,3.25,3.26,6398,3.2684
2026-01-09 12:15,3.26,3.28,3.25,3.27,9629,3.2712
2026-01-09 12:20,3.26,3.28,3.26,3.27,3522,3.2616
2026-01-09 12:25,3.27,3.28,3.27,3.28,4005,3.2765
2026-01-09 12:30,3.29,3.29,3.26,3.27,11133,3.2759
2026-01-09 12:35,3.27,3.27,3.26,3.27,9252,3.2655
2026-01-09 12:40,3.26,3.27,3.25,3.26,9055,3.2605
2026-01-09 12:45,3.25,3.29,3.25,3.29,13456,3.2756
2026-01-09 12:50,3.29,3.3,3.27,3.28,9359,3.2872
2026-01-09 12:55,3.28,3.3,3.27,3.3,5319,3.2838
2026-01-09 13:00,3.3,3.3,3.3,3.3,150,3.3
2026-01-09 13:10,3.27,3.27,3.27,3.27,130,3.27
2026-01-09 13:35,3.26,3.38,3.26,3.38,3868,3.328
2026-01-09 13:45,3.32,3.32,3.32,3.32,140,3.32
2026-01-09 13:50,3.32,3.32,3.32,3.32,500,3.32
2026-01-09 14:35,3.32,3.34,3.32,3.34,312,3.3379
2026-01-09 15:20,3.35,3.35,3.35,3.35,1000,3.35
2026-01-09 15:55,3.34,3.34,3.34,3.34,100,3.34
2026-01-09 16:15,3.26,3.28,3.26,3.28,875,3.2626
2026-01-09 16:30,3.26,3.26,3.26,3.26,300,3.26
2026-01-12 04:10,3.32,3.32,3.32,3.32,179,3.3112
2026-01-12 04:35,3.25,3.25,3.25,3.25,189,3.25
2026-01-12 05:15,3.26,3.26,3.26,3.26,100,3.26
2026-01-12 05:20,3.26,3.26,3.26,3.26,155,3.26
2026-01-12 06:00,3.24,3.28,3.24,3.28,360,3.2682
2026-01-12 06:05,3.28,3.28,3.28,3.28,554,3.2762
2026-01-12 06:30,3.25,3.28,3.24,3.24,13481,3.2508
2026-01-12 06:35,3.25,3.25,3.18,3.25,9484,3.2109
2026-01-12 06:40,3.24,3.24,3.22,3.22,3251,3.2301
2026-01-12 06:45,3.21,3.21,3.2,3.2,7060,3.2078
2026-01-12 06:50,3.19,3.23,3.18,3.23,4688,3.195
2026-01-12 06:55,3.22,3.23,3.22,3.23,684,3.2241
2026-01-12 07:00,3.24,3.26,3.24,3.25,2294,3.2446
2026-01-12 07:05,3.28,3.29,3.26,3.26,3193,3.285
2026-01-12 07:10,3.27,3.27,3.27,3.27,682,3.274
2026-01-12 07:15,3.26,3.26,3.23,3.23,3081,3.2514
2026-01-12 07:20,3.23,3.25,3.22,3.22,5577,3.2387
2026-01-12 07:25,3.25,3.25,3.23,3.23,620,3.2395
2026-01-12 07:30,3.24,3.24,3.23,3.23,1086,3.235
2026-01-12 07:35,3.23,3.23,3.22,3.22,906,3.2271
2026-01-12 07:40,3.22,3.23,3.2,3.23,3188,3.2218
2026-01-12 07:45,3.2,3.2,3.2,3.2,527,3.2
2026-01-12 07:50,3.21,3.22,3.21,3.22,1430,3.2152
2026-01-12 07:55,3.22,3.22,3.22,3.22,574,3.2149
2026-01-12 08:00,3.21,3.24,3.21,3.23,1423,3.2297
2026-01-12 08:05,3.24,3.24,3.23,3.24,444,3.2383
2026-01-12 08:10,3.25,3.25,3.24,3.25,869,3.2442
2026-01-12 08:15,3.25,3.25,3.21,3.21,2489,3.2361
2026-01-12 08:20,3.22,3.23,3.2,3.23,1013,3.2205
2026-01-12 08:25,3.23,3.24,3.21,3.24,2267,3.2326
2026-01-12 08:30,3.22,3.24,3.22,3.23,3825,3.2243
2026-01-12 08:35,3.23,3.24,3.22,3.23,3092,3.2322
2026-01-12 08:40,3.22,3.25,3.22,3.24,7584,3.2335
2026-01-12 08:45,3.24,3.25,3.22,3.24,7058,3.2315
2026-01-12 08:50,3.24,3.26,3.22,3.26,14286,3.2329
2026-01-12 08:55,3.22,3.26,3.22,3.22,17098,3.2267
2026-01-12 09:00,3.22,3.26,3.21,3.25,11015,3.2365
2026-01-12 09:05,3.25,3.29,3.24,3.28,5274,3.2653
2026-01-12 09:10,3.27,3.28,3.26,3.27,952,3.2678
2026-01-12 09:20,3.26,3.26,3.26,3.26,338,3.257
2026-01-12 09:25,3.28,3.28,3.26,3.26,1962,3.2758
2026-01-12 09:30,3.29,3.29,3.29,3.29,101,3.2898
2026-01-12 09:35,3.26,3.29,3.25,3.28,1665,3.2661
2026-01-12 09:40,3.28,3.29,3.25,3.26,4242,3.264
2026-01-12 09:45,3.27,3.27,3.25,3.26,3625,3.2636
2026-01-12 09:50,3.27,3.27,3.26,3.27,4939,3.269
2026-01-12 09:55,3.27,3.29,3.25,3.27,3116,3.2647
2026-01-12 10:00,3.28,3.29,3.28,3.29,2113,3.2796
2026-01-12 10:05,3.28,3.29,3.28,3.29,545,3.2789
2026-01-12 10:10,3.27,3.28,3.25,3.25,636,3.2716
2026-01-12 10:15,3.27,3.28,3.27,3.28,900,3.2785
2026-01-12 10:25,3.27,3.28,3.26,3.26,955,3.2692
2026-01-12 10:30,3.28,3.28,3.28,3.28,9853,3.28
2026-01-12 10:35,3.29,3.29,3.25,3.25,2906,3.2758
2026-01-12 10:40,3.26,3.28,3.25,3.28,10678,3.2672
2026-01-12 10:45,3.28,3.28,3.26,3.28,10320,3.2658
2026-01-12 10:50,3.28,3.29,3.26,3.29,11189,3.2797
2026-01-12 10:55,3.28,3.29,3.26,3.29,11403,3.2781
2026-01-12 11:00,3.28,3.29,3.26,3.29,7839,3.2789
2026-01-12 11:05,3.26,3.26,3.25,3.26,5190,3.2542
2026-01-12 11:15,3.25,3.26,3.25,3.26,414,3.2497
2026-01-12 11:20,3.24,3.26,3.24,3.26,858,3.2453
2026-01-12 11:25,3.26,3.26,3.22,3.23,4848,3.2336
2026-01-12 11:30,3.22,3.23,3.22,3.23,937,3.2228
2026-01-12 11:40,3.25,3.25,3.22,3.24,3230,3.2486
2026-01-12 11:45,3.23,3.24,3.23,3.24,202,3.234
2026-01-12 11:55,3.22,3.24,3.2,3.24,20050,3.2192
2026-01-12 12:00,3.21,3.24,3.21,3.21,10889,3.225
2026-01-12 12:05,3.23,3.25,3.21,3.23,19907,3.2312
2026-01-12 12:10,3.25,3.25,3.23,3.24,9693,3.2421
2026-01-12 12:15,3.24,3.25,3.22,3.24,9142,3.2348
2026-01-12 12:20,3.22,3.25,3.22,3.23,10109,3.2304
2026-01-12 12:25,3.22,3.23,3.2,3.21,12419,3.2113
2026-01-12 12:30,3.22,3.22,3.2,3.22,9969,3.2126
2026-01-12 12:35,3.21,3.22,3.2,3.22,12332,3.2117
2026-01-12 12:40,3.21,3.22,3.2,3.21,9388,3.2055
2026-01-12 12:45,3.21,3.23,3.2,3.22,7754,3.2113
2026-01-12 12:50,3.2,3.23,3.2,3.23,18166,3.2195
2026-01-12 12:55,3.23,3.24,3.21,3.24,15473,3.2269
2026-01-12 13:00,3.2,3.2,3.2,3.2,101,3.2002
2026-01-12 13:05,3.26,3.26,3.26,3.26,307,3.26
2026-01-12 13:15,3.26,3.26,3.26,3.26,126,3.2595
2026-01-12 13:30,3.2,3.2,3.2,3.2,151,3.2003
2026-01-12 13:40,3.25,3.25,3.25,3.25,222,3.25
2026-01-12 13:45,3.19,3.19,3.19,3.19,102,3.19
2026-01-12 16:20,3.2,3.21,3.2,3.21,2251,3.2027
2026-01-12 16:30,3.24,3.25,3.24,3.25,1101,3.243
2026-01-13 03:40,3.25,3.25,3.25,3.25,520,3.25
2026-01-13 05:00,3.25,3.25,3.25,3.25,1633,3.25
2026-01-13 05:30,3.25,3.25,3.25,3.25,500,3.2498
2026-01-13 05:35,3.25,3.25,3.25,3.25,2000,3.25
2026-01-13 05:40,3.25,3.25,3.21,3.21,200,3.2303
2026-01-13 05:45,3.25,3.25,3.25,3.25,200,3.2492
2026-01-13 06:00,3.25,3.25,3.25,3.25,596,3.2498
2026-01-13 06:20,3.27,3.27,3.27,3.27,100,3.27
2026-01-13 06:25,3.23,3.23,3.23,3.23,100,3.23
2026-01-13 06:30,3.2,3.23,3.19,3.19,16901,3.202
2026-01-13 06:35,3.22,3.27,3.2,3.25,25164,3.246
2026-01-13 06:40,3.26,3.28,3.25,3.25,8319,3.2645
2026-01-13 06:45,3.27,3.31,3.27,3.28,13478,3.294
2026-01-13 06:50,3.28,3.28,3.25,3.25,11993,3.2516
2026-01-13 06:55,3.26,3.26,3.25,3.25,1378,3.2539
2026-01-13 07:00,3.24,3.25,3.24,3.25,1822,3.2413
2026-01-13 07:05,3.24,3.24,3.23,3.24,2463,3.2363
2026-01-13 07:10,3.23,3.24,3.23,3.23,2197,3.2324
2026-01-13 07:15,3.24,3.25,3.23,3.25,690,3.241
2026-01-13 07:20,3.24,3.24,3.21,3.23,3760,3.2232
2026-01-13 07:25,3.21,3.23,3.21,3.23,5979,3.2259
2026-01-13 07:30,3.24,3.24,3.22,3.22,795,3.2282
2026-01-13 07:35,3.24,3.25,3.23,3.25,4958,3.2423
2026-01-13 07:40,3.25,3.28,3.23,3.27,7299,3.2578
2026-01-13 07:45,3.26,3.27,3.22,3.26,16880,3.2545
2026-01-13 07:50,3.25,3.27,3.24,3.24,8030,3.2509
2026-01-13 07:55,3.26,3.27,3.23,3.23,8839,3.2523
2026-01-13 08:00,3.25,3.26,3.23,3.26,8983,3.244
2026-01-13 08:05,3.23,3.26,3.23,3.26,8633,3.2452
2026-01-13 08:10,3.25,3.27,3.23,3.26,8231,3.2438
2026-01-13 08:15,3.26,3.28,3.24,3.26,13713,3.2616
2026-01-13 08:20,3.28,3.28,3.25,3.28,10978,3.2687
2026-01-13 08:25,3.27,3.28,3.25,3.27,9215,3.2666
2026-01-13 08:30,3.26,3.28,3.26,3.27,6165,3.2713
2026-01-13 08:35,3.26,3.28,3.26,3.26,9519,3.2699
2026-01-13 08:40,3.27,3.29,3.26,3.28,10363,3.2752
2026-01-13 08:45,3.26,3.29,3.26,3.26,7269,3.275
2026-01-13 08:50,3.28,3.29,3.25,3.29,7548,3.2662
2026-01-13 08:55,3.28,3.28,3.25,3.25,7304,3.2601
2026-01-13 09:00,3.26,3.26,3.26,3.26,403,3.2605
2026-01-13 09:10,3.26,3.27,3.25,3.27,2643,3.259
2026-01-13 09:15,3.27,3.27,3.25,3.25,427,3.2645
2026-01-13 09:20,3.26,3.28,3.25,3.27,8005,3.2634
2026-01-13 09:25,3.26,3.27,3.25,3.27,10486,3.2603
2026-01-13 09:30,3.27,3.28,3.25,3.26,8636,3.2606
2026-01-13 09:35,3.27,3.27,3.25,3.25,979,3.255
2026-01-13 09:40,3.26,3.27,3.26,3.27,2892,3.2642
2026-01-13 09:45,3.27,3.27,3.25,3.26,8133,3.2571
2026-01-13 09:50,3.25,3.27,3.25,3.26,12099,3.2626
2026-01-13 09:55,3.26,3.27,3.25,3.26,9638,3.2622
2026-01-13 10:00,3.25,3.27,3.25,3.26,6934,3.2603
2026-01-13 10:05,3.26,3.27,3.25,3.26,5198,3.2553
2026-01-13 10:10,3.26,3.26,3.25,3.25,5756,3.255
2026-01-13 10:15,3.26,3.26,3.25,3.25,6459,3.2561
2026-01-13 10:20,3.26,3.27,3.25,3.27,4770,3.2597
2026-01-13 10:25,3.26,3.27,3.25,3.26,6006,3.259
2026-01-13 10:30,3.27,3.27,3.25,3.27,5324,3.2597
2026-01-13 10:35,3.27,3.27,3.25,3.27,6038,3.2601
2026-01-13 10:40,3.27,3.27,3.25,3.27,6965,3.2614
2026-01-13 10:45,3.26,3.27,3.25,3.27,8521,3.2608
2026-01-13 10:50,3.26,3.27,3.25,3.27,5870,3.2606
2026-01-13 10:55,3.26,3.27,3.25,3.27,2907,3.261
2026-01-13 11:00,3.25,3.27,3.25,3.26,7388,3.2606
2026-01-13 11:05,3.26,3.27,3.25,3.25,19562,3.2579
2026-01-13 11:10,3.26,3.27,3.25,3.26,7401,3.258
2026-01-13 11:15,3.26,3.26,3.25,3.25,6567,3.2558
2026-01-13 11:20,3.26,3.26,3.23,3.26,5447,3.2522
2026-01-13 11:25,3.23,3.26,3.22,3.24,5398,3.2415
2026-01-13 11:30,3.24,3.26,3.22,3.24,5427,3.2401
2026-01-13 11:35,3.23,3.25,3.23,3.24,6134,3.24
2026-01-13 11:40,3.23,3.25,3.23,3.25,4423,3.2436
2026-01-13 11:45,3.24,3.25,3.22,3.23,14740,3.2349
2026-01-13 11:50,3.24,3.25,3.21,3.25,5652,3.2276
2026-01-13 11:55,3.21,3.25,3.21,3.23,3300,3.233
2026-01-13 12:00,3.25,3.25,3.22,3.25,6232,3.2375
2026-01-13 12:05,3.24,3.26,3.23,3.23,7662,3.2414
2026-01-13 12:10,3.25,3.26,3.23,3.25,5334,3.2447
2026-01-13 12:15,3.25,3.26,3.23,3.23,7829,3.2367
2026-01-13 12:20,3.24,3.25,3.2,3.23,16753,3.2165
2026-01-13 12:25,3.22,3.23,3.2,3.21,4193,3.2099
2026-01-13 12:30,3.2,3.21,3.2,3.21,4786,3.2053
2026-01-13 12:35,3.2,3.21,3.2,3.2,6530,3.2048
2026-01-13 12:40,3.21,3.21,3.2,3.2,9886,3.2058
2026-01-13 12:45,3.21,3.21,3.2,3.21,10354,3.2043
2026-01-13 12:50,3.21,3.23,3.2,3.22,10157,3.2113
2026-01-13 13:00,3.23,3.23,3.23,3.23,300,3.23
2026-01-13 14:20,3.23,3.23,3.23,3.23,100,3.2269
2026-01-13 14:30,3.23,3.23,3.23,3.23,500,3.23
2026-01-13 14:40,3.23,3.23,3.23,3.23,300,3.23
2026-01-13 14:50,3.23,3.23,3.23,3.23,100,3.23
2026-01-13 14:55,3.21,3.21,3.21,3.21,1000,3.21
2026-01-13 16:45,3.21,3.21,3.21,3.21,616,3.21
2026-01-13 16:50,3.23,3.23,3.23,3.23,200,3.23
2026-01-14 04:05,3.26,3.26,3.26,3.26,419,3.26
2026-01-14 04:20,3.27,3.27,3.27,3.27,1250,3.2729
2026-01-14 04:45,3.29,3.29,3.29,3.29,120,3.29
2026-01-14 05:00,3.26,3.26,3.26,3.26,663,3.2588
2026-01-14 05:15,3.23,3.23,3.23,3.23,750,3.2323
2026-01-14 05:40,3.2,3.2,3.2,3.2,1000,3.2012
2026-01-14 06:05,3.22,3.22,3.2,3.2,2500,3.2104
2026-01-14 06:10,3.2,3.2,3.2,3.2,537,3.2
2026-01-14 06:20,3.21,3.21,3.21,3.21,1000,3.2099
2026-01-14 06:25,3.21,3.21,3.21,3.21,300,3.21
2026-01-14 06:30,3.23,3.23,3.19,3.19,10246,3.2125
2026-01-14 06:35,3.18,3.2,3.17,3.18,8321,3.1762
2026-01-14 06:40,3.21,3.22,3.19,3.19,9820,3.1985
2026-01-14 06:45,3.19,3.2,3.18,3.2,4094,3.192
2026-01-14 06:50,3.18,3.2,3.17,3.2,9465,3.1865
2026-01-14 06:55,3.19,3.19,3.17,3.18,4387,3.176
2026-01-14 07:00,3.17,3.18,3.16,3.17,11354,3.1656
2026-01-14 07:05,3.18,3.2,3.17,3.2,29915,3.1916
2026-01-14 07:10,3.19,3.19,3.19,3.19,2002,3.19
2026-01-14 07:15,3.17,3.17,3.16,3.16,2966,3.1628
2026-01-14 07:20,3.19,3.2,3.19,3.19,1240,3.1916
2026-01-14 07:25,3.19,3.19,3.17,3.17,1833,3.1798
2026-01-14 07:30,3.18,3.18,3.18,3.18,139,3.1764
2026-01-14 07:35,3.17,3.17,3.16,3.16,1781,3.1636
2026-01-14 07:40,3.16,3.16,3.15,3.16,6245,3.1576
2026-01-14 07:45,3.17,3.17,3.17,3.17,809,3.1691
2026-01-14 07:50,3.16,3.16,3.16,3.16,7242,3.1598
2026-01-14 07:55,3.17,3.17,3.16,3.17,1885,3.1672
2026-01-14 08:00,3.17,3.17,3.17,3.17,2007,3.17
2026-01-14 08:05,3.17,3.19,3.16,3.19,5017,3.1771
2026-01-14 08:10,3.18,3.19,3.17,3.17,8096,3.1786
2026-01-14 08:15,3.18,3.19,3.17,3.17,6522,3.1775
2026-01-14 08:20,3.17,3.19,3.17,3.17,9563,3.1761
2026-01-14 08:25,3.19,3.19,3.17,3.17,16241,3.1782
2026-01-14 08:30,3.19,3.19,3.15,3.15,34304,3.1713
2026-01-14 08:35,3.18,3.18,3.15,3.18,13253,3.1579
2026-01-14 08:40,3.15,3.18,3.15,3.16,9724,3.1603
2026-01-14 08:45,3.17,3.18,3.14,3.15,12335,3.1513
2026-01-14 08:50,3.14,3.16,3.13,3.14,11611,3.1484
2026-01-14 08:55,3.14,3.15,3.12,3.13,6324,3.1278
2026-01-14 09:00,3.13,3.15,3.11,3.14,11673,3.1263
2026-01-14 09:05,3.15,3.16,3.12,3.14,10848,3.135
2026-01-14 09:10,3.14,3.16,3.12,3.12,8379,3.1359
2026-01-14 09:15,3.14,3.15,3.11,3.11,5088,3.1341
2026-01-14 09:20,3.14,3.16,3.11,3.16,6573,3.1388
2026-01-14 09:25,3.15,3.16,3.12,3.14,5706,3.1381
2026-01-14 09:30,3.14,3.15,3.12,3.12,7943,3.1314
2026-01-14 09:35,3.13,3.15,3.12,3.15,5317,3.1352
2026-01-14 09:40,3.14,3.15,3.12,3.14,2000,3.1339
2026-01-14 09:45,3.14,3.15,3.13,3.15,7178,3.1458
2026-01-14 09:50,3.15,3.16,3.13,3.15,5902,3.1478
2026-01-14 09:55,3.15,3.17,3.14,3.16,5094,3.1522
2026-01-14 10:00,3.15,3.17,3.14,3.16,3796,3.1522
2026-01-14 10:05,3.14,3.17,3.14,3.16,4274,3.155
2026-01-14 10:10,3.14,3.17,3.14,3.17,7647,3.1615
2026-01-14 10:15,3.16,3.17,3.14,3.14,10318,3.1529
2026-01-14 10:20,3.15,3.17,3.14,3.16,5252,3.1507
2026-01-14 10:25,3.16,3.17,3.14,3.14,5118,3.1504
2026-01-14 10:30,3.14,3.17,3.14,3.15,6258,3.1512
2026-01-14 10:35,3.14,3.15,3.13,3.15,6800,3.1373
2026-01-14 10:40,3.15,3.16,3.13,3.15,11255,3.1431
2026-01-14 10:45,3.13,3.16,3.11,3.13,9011,3.1348
2026-01-14 10:50,3.14,3.15,3.11,3.13,8276,3.1327
2026-01-14 10:55,3.11,3.14,3.1,3.13,8571,3.1221
2026-01-14 11:00,3.13,3.14,3.11,3.13,13718,3.1236
2026-01-14 11:05,3.11,3.12,3.06,3.06,39206,3.0865
2026-01-14 11:10,3.07,3.11,3.05,3.1,16681,3.0793
2026-01-14 11:15,3.11,3.11,3.09,3.1,6644,3.1028
2026-01-14 11:20,3.1,3.12,3.08,3.08,15294,3.1034
2026-01-14 11:25,3.1,3.12,3.08,3.11,7369,3.1045
2026-01-14 11:30,3.11,3.12,3.09,3.12,9158,3.1114
2026-01-14 11:35,3.11,3.12,3.09,3.11,3196,3.1031
2026-01-14 11:40,3.11,3.12,3.1,3.11,1935,3.1097
2026-01-14 11:45,3.1,3.13,3.1,3.12,4409,3.1096
2026-01-14 11:50,3.1,3.12,3.09,3.09,8635,3.101
2026-01-14 11:55,3.09,3.1,3.07,3.09,18650,3.084
2026-01-14 12:00,3.1,3.1,3.07,3.09,3655,3.0911
2026-01-14 12:05,3.09,3.12,3.08,3.11,17496,3.0979
2026-01-14 12:10,3.13,3.19,3.1,3.16,44965,3.1573
2026-01-14 12:15,3.13,3.19,3.12,3.16,3015,3.1539
2026-01-14 12:20,3.18,3.18,3.11,3.11,2364,3.1376
2026-01-14 12:25,3.14,3.15,3.11,3.11,1436,3.1346
2026-01-14 12:30,3.14,3.15,3.11,3.11,6098,3.1274
2026-01-14 12:35,3.15,3.15,3.11,3.14,2275,3.1336
2026-01-14 12:40,3.15,3.15,3.12,3.12,1908,3.138
2026-01-14 12:45,3.11,3.11,3.1,3.11,9324,3.1066
2026-01-14 12:50,3.1,3.1,3.09,3.1,6153,3.0999
2026-01-14 12:55,3.13,3.15,3.13,3.14,5520,3.1327
2026-01-14 13:10,3.14,3.18,3.14,3.18,1000,3.1684
2026-01-14 13:20,3.12,3.12,3.12,3.12,120,3.12
2026-01-14 13:35,3.15,3.15,3.15,3.15,315,3.158
2026-01-14 13:45,3.13,3.13,3.13,3.13,778,3.1312
2026-01-14 13:55,3.19,3.19,3.19,3.19,300,3.1899
2026-01-14 14:55,3.12,3.12,3.12,3.12,942,3.1208
2026-01-14 15:25,3.19,3.19,3.19,3.19,1955,3.19
2026-01-14 15:40,3.2,3.2,3.2,3.2,412,3.1998
2026-01-14 15:55,3.19,3.19,3.19,3.19,8043,3.19
2026-01-14 16:00,3.19,3.19,3.19,3.19,100,3.1894
2026-01-14 16:45,3.16,3.16,3.16,3.16,100,3.1554
2026-01-14 16:50,3.13,3.13,3.13,3.13,1800,3.13
2026-01-14 16:55,3.17,3.17,3.13,3.13,711,3.1473
2026-01-15 04:05,3.17,3.17,3.17,3.17,500,3.17
2026-01-15 04:40,3.17,3.17,3.17,3.17,703,3.17
2026-01-15 04:45,3.17,3.17,3.17,3.17,225,3.17
2026-01-15 05:00,3.2,3.2,3.17,3.17,274,3.1815
2026-01-15 05:10,3.17,3.17,3.17,3.17,2678,3.17
2026-01-15 05:20,3.17,3.17,3.17,3.17,1116,3.1701
2026-01-15 05:40,3.19,3.19,3.19,3.19,151,3.1899
2026-01-15 05:55,3.17,3.17,3.17,3.17,500,3.17
2026-01-15 06:00,3.17,3.17,3.17,3.17,500,3.17
2026-01-15 06:10,3.17,3.17,3.17,3.17,3330,3.17
2026-01-15 06:30,3.18,3.18,3.16,3.16,29966,3.172
2026-01-15 06:35,3.16,3.16,3.14,3.15,12874,3.1511
2026-01-15 06:40,3.14,3.14,3.12,3.12,9426,3.1309
2026-01-15 06:45,3.15,3.15,3.12,3.12,897,3.1365
2026-01-15 06:50,3.14,3.15,3.13,3.14,2415,3.1372
2026-01-15 06:55,3.14,3.17,3.13,3.17,16841,3.1572
2026-01-15 07:00,3.17,3.19,3.16,3.17,12796,3.1699
2026-01-15 07:05,3.18,3.18,3.17,3.17,2992,3.1751
2026-01-15 07:10,3.19,3.2,3.18,3.2,8272,3.1948
2026-01-15 07:15,3.22,3.24,3.21,3.23,12815,3.2206
2026-01-15 07:20,3.21,3.24,3.21,3.24,8198,3.2286
2026-01-15 07:25,3.2,3.23,3.2,3.22,6397,3.2057
2026-01-15 07:30,3.21,3.23,3.2,3.23,4149,3.213
2026-01-15 07:35,3.21,3.24,3.2,3.2,6608,3.2227
2026-01-15 07:40,3.2,3.22,3.17,3.2,5549,3.188
2026-01-15 07:45,3.19,3.2,3.16,3.18,2929,3.1736
2026-01-15 07:50,3.18,3.2,3.15,3.18,5676,3.1677
2026-01-15 07:55,3.18,3.2,3.17,3.19,3516,3.1884
2026-01-15 08:00,3.18,3.22,3.17,3.22,1833,3.1908
2026-01-15 08:05,3.2,3.2,3.16,3.16,692,3.1738
2026-01-15 08:10,3.17,3.18,3.16,3.16,1071,3.1696
2026-01-15 08:15,3.17,3.18,3.14,3.17,12779,3.1541
2026-01-15 08:20,3.17,3.17,3.14,3.17,3749,3.1621
2026-01-15 08:25,3.17,3.18,3.13,3.16,3512,3.1577
2026-01-15 08:30,3.17,3.17,3.14,3.14,12454,3.1609
2026-01-15 08:35,3.17,3.18,3.17,3.18,746,3.1706
2026-01-15 08:40,3.18,3.18,3.16,3.16,860,3.1743
2026-01-15 08:45,3.17,3.17,3.17,3.17,3002,3.17
2026-01-15 08:50,3.17,3.18,3.16,3.16,1388,3.1692
2026-01-15 08:55,3.17,3.18,3.16,3.18,4723,3.176
2026-01-15 09:00,3.16,3.18,3.15,3.15,2401,3.1619
2026-01-15 09:05,3.17,3.17,3.14,3.17,867,3.1584
2026-01-15 09:10,3.16,3.17,3.14,3.14,2203,3.1503
2026-01-15 09:15,3.14,3.16,3.14,3.16,3393,3.1472
2026-01-15 09:20,3.15,3.17,3.14,3.16,5790,3.1499
2026-01-15 09:25,3.17,3.17,3.16,3.16,860,3.1657
2026-01-15 09:30,3.15,3.17,3.14,3.16,4828,3.1528
2026-01-15 09:35,3.17,3.17,3.14,3.17,8050,3.1557
2026-01-15 09:40,3.17,3.17,3.14,3.14,5623,3.1491
2026-01-15 09:45,3.16,3.17,3.14,3.14,1401,3.1531
2026-01-15 09:50,3.15,3.16,3.14,3.14,6774,3.1447
2026-01-15 09:55,3.13,3.15,3.13,3.14,6526,3.147
2026-01-15 10:00,3.14,3.15,3.14,3.15,1325,3.1422
2026-01-15 10:05,3.16,3.16,3.13,3.13,1521,3.1392
2026-01-15 10:10,3.16,3.17,3.15,3.16,3305,3.1562
2026-01-15 10:15,3.16,3.16,3.14,3.14,5767,3.1417
2026-01-15 10:20,3.14,3.16,3.12,3.12,18277,3.1277
2026-01-15 10:25,3.13,3.15,3.1,3.1,7636,3.1284
2026-01-15 10:30,3.13,3.15,3.1,3.14,8342,3.1316
2026-01-15 10:35,3.14,3.16,3.1,3.1,8292,3.1123
2026-01-15 10:40,3.12,3.13,3.1,3.12,7397,3.11
2026-01-15 10:45,3.1,3.12,3.1,3.11,6068,3.113
2026-01-15 10:50,3.12,3.12,3.09,3.1,20197,3.1066
2026-01-15 10:55,3.12,3.12,3.1,3.12,5386,3.1139
2026-01-15 11:00,3.11,3.13,3.1,3.12,9080,3.1172
2026-01-15 11:05,3.12,3.16,3.11,3.16,7920,3.1311
2026-01-15 11:10,3.15,3.16,3.12,3.14,22598,3.1366
2026-01-15 11:15,3.12,3.16,3.12,3.12,7124,3.1412
2026-01-15 11:20,3.14,3.14,3.11,3.13,7403,3.1254
2026-01-15 11:25,3.13,3.14,3.11,3.11,7266,3.1194
2026-01-15 11:30,3.12,3.14,3.11,3.14,11852,3.1175
2026-01-15 11:35,3.13,3.14,3.11,3.13,2336,3.1242
2026-01-15 11:40,3.12,3.12,3.12,3.12,1614,3.12
2026-01-15 11:45,3.11,3.13,3.11,3.13,9130,3.1193
2026-01-15 11:50,3.12,3.14,3.11,3.13,8560,3.1235
2026-01-15 11:55,3.14,3.14,3.11,3.13,18996,3.1332
2026-01-15 12:00,3.12,3.14,3.11,3.12,10453,3.1292
2026-01-15 12:05,3.13,3.15,3.12,3.12,6482,3.1334
2026-01-15 12:10,3.13,3.15,3.11,3.15,7917,3.1274
2026-01-15 12:15,3.14,3.15,3.11,3.14,6728,3.1301
2026-01-15 12:20,3.11,3.14,3.11,3.13,7667,3.1271
2026-01-15 12:25,3.14,3.14,3.12,3.13,8893,3.1252
2026-01-15 12:30,3.13,3.13,3.1,3.1,29342,3.1102
2026-01-15 12:35,3.13,3.13,3.1,3.12,10874,3.1162
2026-01-15 12:40,3.13,3.13,3.1,3.12,14822,3.1188
2026-01-15 12:45,3.1,3.14,3.1,3.14,14452,3.1257
2026-01-15 12:50,3.13,3.17,3.13,3.17,21316,3.1491
2026-01-15 12:55,3.16,3.19,3.14,3.19,31324,3.1715
2026-01-15 13:00,3.19,3.19,3.19,3.19,273,3.1884
2026-01-15 13:05,3.19,3.19,3.19,3.19,175,3.1899
2026-01-15 13:15,3.18,3.18,3.16,3.16,465,3.1714
2026-01-15 13:35,3.18,3.18,3.18,3.18,165,3.18
2026-01-15 13:40,3.19,3.19,3.19,3.19,335,3.1897
2026-01-15 13:55,3.16,3.16,3.16,3.16,204,3.158
2026-01-15 14:40,3.19,3.19,3.19,3.19,1000,3.1891
2026-01-15 14:45,3.19,3.19,3.19,3.19,700,3.1896
2026-01-15 16:20,3.18,3.19,3.18,3.18,565,3.1819
2026-01-15 16:30,3.18,3.18,3.18,3.18,450,3.18
2026-01-15 16:50,3.18,3.18,3.18,3.18,100,3.1754
2026-01-16 04:05,3.15,3.15,3.15,3.15,841,3.15
2026-01-16 05:00,3.12,3.15,3.12,3.12,580,3.1391
2026-01-16 05:35,3.19,3.19,3.19,3.19,1263,3.19
2026-01-16 06:00,3.19,3.19,3.19,3.19,100,3.19
2026-01-16 06:25,3.19,3.19,3.19,3.19,1987,3.19
2026-01-16 06:30,3.18,3.18,3.15,3.18,48756,3.1784
2026-01-16 06:35,3.19,3.2,3.16,3.16,7161,3.1851
2026-01-16 06:40,3.18,3.18,3.14,3.15,6183,3.1588
2026-01-16 06:45,3.14,3.17,3.06,3.16,45962,3.1206
2026-01-16 06:50,3.14,3.17,3.12,3.14,23537,3.1501
2026-01-16 06:55,3.14,3.16,3.14,3.16,1510,3.1528
2026-01-16 07:00,3.16,3.17,3.15,3.15,3145,3.1599
2026-01-16 07:05,3.16,3.19,3.16,3.19,13653,3.1629
2026-01-16 07:10,3.18,3.18,3.15,3.15,2926,3.1656
2026-01-16 07:15,3.15,3.15,3.15,3.15,1999,3.1505
2026-01-16 07:20,3.15,3.16,3.15,3.16,1713,3.1548
2026-01-16 07:25,3.16,3.17,3.16,3.17,1424,3.1661
2026-01-16 07:30,3.17,3.17,3.15,3.16,1691,3.1531
2026-01-16 07:35,3.14,3.16,3.13,3.13,2225,3.1434
2026-01-16 07:40,3.13,3.16,3.13,3.16,7684,3.1427
2026-01-16 07:45,3.16,3.16,3.14,3.14,8198,3.1558
2026-01-16 07:50,3.14,3.14,3.14,3.14,1196,3.1407
2026-01-16 07:55,3.15,3.16,3.15,3.16,2656,3.1558
2026-01-16 08:00,3.17,3.18,3.16,3.18,602,3.1705
2026-01-16 08:05,3.17,3.18,3.15,3.15,12629,3.1624
2026-01-16 08:10,3.16,3.18,3.15,3.17,9426,3.1595
2026-01-16 08:15,3.17,3.18,3.15,3.17,14872,3.1667
2026-01-16 08:20,3.17,3.18,3.15,3.17,8645,3.1678
2026-01-16 08:25,3.17,3.19,3.15,3.18,12647,3.1731
2026-01-16 08:30,3.16,3.19,3.16,3.16,3996,3.1753
2026-01-16 08:35,3.17,3.18,3.16,3.17,7694,3.1684
2026-01-16 08:40,3.16,3.17,3.16,3.17,9464,3.1651
2026-01-16 08:45,3.17,3.17,3.14,3.15,12123,3.1573
2026-01-16 08:50,3.15,3.16,3.13,3.13,11852,3.144
2026-01-16 08:55,3.14,3.15,3.11,3.11,23708,3.1339
2026-01-16 09:00,3.14,3.15,3.12,3.14,2156,3.1311
2026-01-16 09:05,3.15,3.15,3.12,3.13,3914,3.1291
2026-01-16 09:10,3.12,3.13,3.11,3.13,6246,3.1215
2026-01-16 09:15,3.13,3.13,3.11,3.12,5868,3.1195
2026-01-16 09:20,3.12,3.12,3.12,3.12,514,3.1157
2026-01-16 09:25,3.11,3.12,3.11,3.12,2149,3.1111
2026-01-16 09:30,3.12,3.13,3.11,3.12,14723,3.12
2026-01-16 09:35,3.13,3.13,3.11,3.13,14556,3.1217
2026-01-16 09:40,3.11,3.15,3.11,3.14,11391,3.1335
2026-01-16 09:45,3.14,3.15,3.12,3.15,5307,3.1361
2026-01-16 09:50,3.14,3.16,3.13,3.16,14966,3.146
2026-01-16 09:55,3.16,3.17,3.15,3.15,7961,3.1564
2026-01-16 10:00,3.15,3.16,3.15,3.16,1027,3.1588
2026-01-16 10:05,3.17,3.18,3.14,3.18,14264,3.1637
2026-01-16 10:10,3.17,3.18,3.15,3.17,10688,3.1636
2026-01-16 10:15,3.16,3.18,3.15,3.18,17053,3.1586
2026-01-16 10:20,3.17,3.18,3.15,3.17,11255,3.1639
2026-01-16 10:25,3.15,3.17,3.15,3.16,16493,3.1596
2026-01-16 10:30,3.17,3.18,3.15,3.17,19832,3.1582
2026-01-16 10:35,3.18,3.18,3.15,3.17,12326,3.1661
2026-01-16 10:40,3.16,3.18,3.15,3.17,10126,3.1676
2026-01-16 10:45,3.16,3.18,3.15,3.16,12595,3.1622
2026-01-16 10:50,3.17,3.18,3.15,3.17,8337,3.1652
2026-01-16 10:55,3.17,3.17,3.12,3.15,18318,3.15
2026-01-16 11:00,3.13,3.15,3.13,3.14,3583,3.1375
2026-01-16 11:05,3.13,3.15,3.13,3.14,3833,3.1391
2026-01-16 11:10,3.14,3.15,3.12,3.13,9794,3.1338
2026-01-16 11:15,3.13,3.14,3.12,3.14,3592,3.1304
2026-01-16 11:20,3.14,3.14,3.12,3.13,11420,3.1259
2026-01-16 11:25,3.12,3.14,3.12,3.13,8668,3.128
2026-01-16 11:30,3.13,3.13,3.13,3.13,1162,3.1265
2026-01-16 11:35,3.13,3.14,3.11,3.11,6175,3.1204
2026-01-16 11:40,3.12,3.12,3.11,3.12,1423,3.117
2026-01-16 11:45,3.11,3.11,3.1,3.1,11158,3.1094
2026-01-16 11:50,3.11,3.11,3.1,3.1,1529,3.1059
2026-01-16 11:55,3.11,3.12,3.11,3.12,1352,3.116
2026-01-16 12:00,3.12,3.12,3.11,3.11,2323,3.1178
2026-01-16 12:05,3.12,3.13,3.11,3.13,3651,3.1214
2026-01-16 12:10,3.13,3.13,3.09,3.12,15542,3.1139
2026-01-16 12:15,3.09,3.12,3.09,3.11,4835,3.0982
2026-01-16 12:20,3.09,3.12,3.08,3.11,11173,3.1012
2026-01-16 12:25,3.1,3.1,3.06,3.09,17446,3.0783
2026-01-16 12:30,3.08,3.09,3.06,3.07,13893,3.0701
2026-01-16 12:35,3.08,3.1,3.06,3.07,21307,3.0693
2026-01-16 12:40,3.06,3.11,3.06,3.1,36752,3.0801
2026-01-16 12:45,3.1,3.12,3.08,3.11,25100,3.104
2026-01-16 12:50,3.1,3.12,3.1,3.11,20499,3.1077
2026-01-16 12:55,3.1,3.11,3.05,3.06,38259,3.0738
2026-01-16 13:00,3.12,3.12,3.11,3.11,1082,3.1108
2026-01-16 13:10,3.11,3.11,3.06,3.06,916,3.0777
2026-01-16 13:35,3.11,3.11,3.11,3.11,541,3.1091
2026-01-16 13:45,3.08,3.08,3.08,3.08,201,3.0799
2026-01-16 14:55,3.08,3.08,3.08,3.08,4000,3.08
2026-01-16 15:15,3.11,3.11,3.11,3.11,215,3.11
2026-01-16 15:20,3.11,3.11,3.11,3.11,147,3.11
2026-01-16 15:30,3.08,3.08,3.08,3.08,1000,3.08
2026-01-16 15:35,3.08,3.08,3.08,3.08,30773,3.0801
2026-01-16 15:45,3.11,3.11,3.11,3.11,2749,3.11
2026-01-16 15:50,3.11,3.14,3.11,3.14,521,3.1285
2026-01-20 03:00,3.06,3.06,3.06,3.06,353,3.06
2026-01-20 04:05,3.06,3.07,3.06,3.07,1129,3.0615
2026-01-20 04:10,3.09,3.09,3.09,3.09,1000,3.09
2026-01-20 04:40,3.06,3.06,3.06,3.06,2139,3.0619
2026-01-20 04:50,3.06,3.06,3.06,3.06,1049,3.0605
2026-01-20 05:00,3.06,3.06,3.06,3.06,2840,3.0601
2026-01-20 05:10,3.06,3.06,3.06,3.06,2493,3.06
2026-01-20 05:15,3.06,3.09,3.06,3.09,1562,3.0822
2026-01-20 05:25,3.06,3.06,3.06,3.06,571,3.06
2026-01-20 05:30,3.06,3.06,3.06,3.06,150,3.06
2026-01-20 05:35,3.08,3.08,3.08,3.08,125,3.08
2026-01-20 05:40,3.06,3.06,3.06,3.06,174,3.06
2026-01-20 05:55,3.06,3.06,3.06,3.06,300,3.06
2026-01-20 06:00,3.08,3.08,3.08,3.08,195,3.08
2026-01-20 06:05,3.06,3.06,3.06,3.06,5698,3.06
2026-01-20 06:30,3.09,3.09,3.05,3.06,17369,3.0752
2026-01-20 06:35,3.05,3.11,3.05,3.11,16385,3.0828
2026-01-20 06:40,3.09,3.12,3.08,3.1,5834,3.1082
2026-01-20 06:45,3.08,3.08,3.06,3.08,4543,3.0725
2026-01-20 06:50,3.07,3.07,3.06,3.07,3005,3.0672
2026-01-20 06:55,3.07,3.08,3.06,3.08,3254,3.0728
2026-01-20 07:00,3.08,3.1,3.08,3.1,895,3.0921
2026-01-20 07:05,3.1,3.1,3.09,3.09,5837,3.0911
2026-01-20 07:10,3.08,3.09,3.08,3.08,23139,3.0828
2026-01-20 07:15,3.08,3.09,3.06,3.09,8868,3.0791
2026-01-20 07:20,3.1,3.12,3.09,3.11,15738,3.1134
2026-01-20 07:25,3.11,3.13,3.11,3.13,4980,3.1281
2026-01-20 07:30,3.13,3.14,3.11,3.14,4140,3.1264
2026-01-20 07:35,3.12,3.13,3.11,3.13,3206,3.1229
2026-01-20 07:40,3.11,3.11,3.09,3.09,15013,3.1016
2026-01-20 07:45,3.1,3.11,3.1,3.11,4130,3.1059
2026-01-20 07:50,3.1,3.13,3.1,3.11,2512,3.1248
2026-01-20 07:55,3.09,3.1,3.09,3.1,2800,3.0967
2026-01-20 08:00,3.1,3.1,3.08,3.08,10490,3.0854
2026-01-20 08:05,3.06,3.06,3.06,3.06,656,3.0601
2026-01-20 08:10,3.09,3.09,3.07,3.07,5858,3.0744
2026-01-20 08:15,3.07,3.07,3.06,3.07,12228,3.0607
2026-01-20 08:20,3.08,3.08,3.07,3.07,267,3.073
2026-01-20 08:25,3.06,3.06,3.06,3.06,373,3.0617
2026-01-20 08:30,3.07,3.09,3.06,3.09,4110,3.0705
2026-01-20 08:35,3.09,3.09,3.06,3.07,2503,3.0763
2026-01-20 08:40,3.07,3.08,3.06,3.06,15600,3.0639
2026-01-20 08:45,3.06,3.07,3.06,3.07,7038,3.0598
2026-01-20 08:50,3.06,3.09,3.06,3.08,14647,3.0734
2026-01-20 08:55,3.09,3.11,3.07,3.11,8572,3.0954
2026-01-20 09:00,3.11,3.11,3.08,3.08,13204,3.0989
2026-01-20 09:05,3.09,3.1,3.07,3.08,14267,3.0879
2026-01-20 09:10,3.09,3.09,3.06,3.09,11340,3.0754
2026-01-20 09:15,3.08,3.1,3.08,3.09,17870,3.0894
2026-01-20 09:20,3.09,3.1,3.05,3.07,17404,3.0704
2026-01-20 09:25,3.07,3.07,3.05,3.06,15436,3.057
2026-01-20 09:30,3.06,3.07,3.05,3.05,7457,3.0527
2026-01-20 09:35,3.05,3.06,3.03,3.05,34006,3.0485
2026-01-20 09:40,3.05,3.06,3.03,3.05,15293,3.0523
2026-01-20 09:45,3.05,3.06,3.02,3.02,23879,3.0413
2026-01-20 09:50,3.04,3.04,3.01,3.02,13964,3.0209
2026-01-20 09:55,3.03,3.04,3.01,3.03,11065,3.0231
2026-01-20 10:00,3.02,3.04,3.02,3.02,15320,3.0266
2026-01-20 10:05,3.03,3.04,3.02,3.03,4450,3.0289
2026-01-20 10:15,3.04,3.05,3.03,3.03,9442,3.0369
2026-01-20 10:20,3.04,3.05,3.01,3.03,52476,3.0152
2026-01-20 10:25,3.02,3.03,3.01,3.02,14313,3.0168
2026-01-20 10:30,3.02,3.02,3.01,3.02,10952,3.0144
2026-01-20 10:35,3.01,3.02,3.01,3.02,10877,3.0141
2026-01-20 10:40,3.01,3.02,3.01,3.02,14509,3.0142
2026-01-20 10:45,3.01,3.02,3.01,3.02,1658,3.0145
2026-01-20 10:50,3.02,3.02,3.01,3.01,1364,3.0111
2026-01-20 10:55,3.01,3.02,3.01,3.01,1261,3.0122
2026-01-20 11:00,3.01,3.03,3.01,3.03,3252,3.0171
2026-01-20 11:05,3.03,3.03,3.03,3.03,12000,3.0297
2026-01-20 11:10,3.02,3.02,3.01,3.02,727,3.019
2026-01-20 11:15,3.02,3.02,3.02,3.02,415,3.0198
2026-01-20 11:20,3.02,3.02,3.01,3.02,4355,3.0157
2026-01-20 11:25,3.02,3.02,3.02,3.02,173,3.02
2026-01-20 11:30,3.03,3.03,3.01,3.01,2606,3.0125
2026-01-20 11:35,3.01,3.03,3.01,3.03,2864,3.0187
2026-01-20 11:40,3.02,3.06,3.02,3.06,8326,3.0324
2026-01-20 11:45,3.03,3.07,3.03,3.05,3572,3.0547
2026-01-20 11:50,3.05,3.07,3.05,3.07,4310,3.0646
2026-01-20 11:55,3.08,3.09,3.08,3.09,1920,3.0814
2026-01-20 12:00,3.08,3.11,3.07,3.09,15544,3.0843
2026-01-20 12:05,3.09,3.11,3.08,3.1,3681,3.0948
2026-01-20 12:10,3.1,3.11,3.07,3.09,9995,3.089
2026-01-20 12:15,3.1,3.11,3.07,3.1,14586,3.0896
2026-01-20 12:20,3.09,3.1,3.07,3.08,11433,3.0842
2026-01-20 12:25,3.08,3.1,3.07,3.09,11002,3.0843
2026-01-20 12:30,3.08,3.11,3.08,3.1,9434,3.0936
2026-01-20 12:35,3.1,3.1,3.09,3.1,11432,3.0934
2026-01-20 12:40,3.1,3.11,3.09,3.11,10016,3.1008
2026-01-20 12:45,3.11,3.11,3.08,3.1,17211,3.099
2026-01-20 12:50,3.08,3.1,3.08,3.1,10676,3.091
2026-01-20 12:55,3.1,3.11,3.09,3.1,12217,3.0989
2026-01-20 13:05,3.11,3.11,3.11,3.11,248,3.11
2026-01-20 13:10,3.11,3.11,3.11,3.11,100,3.1093
2026-01-20 13:35,3.11,3.16,3.11,3.16,9464,3.1221
2026-01-20 13:40,3.16,3.17,3.11,3.16,2717,3.1532
2026-01-20 13:45,3.15,3.2,3.15,3.19,28632,3.1715
2026-01-20 13:50,3.15,3.2,3.15,3.2,2081,3.1893
2026-01-20 13:55,3.2,3.2,3.14,3.19,3493,3.1745
2026-01-20 14:00,3.19,3.19,3.17,3.17,3510,3.1894
2026-01-20 14:05,3.18,3.19,3.18,3.18,10767,3.1802
2026-01-20 14:10,3.18,3.18,3.18,3.18,1250,3.1799
2026-01-20 14:15,3.18,3.18,3.18,3.18,1857,3.18
2026-01-20 14:20,3.18,3.18,3.18,3.18,6438,3.1799
2026-01-20 14:25,3.18,3.18,3.18,3.18,1178,3.18
2026-01-20 14:30,3.18,3.18,3.18,3.18,100,3.18
2026-01-20 14:35,3.18,3.18,3.18,3.18,1871,3.18
2026-01-20 14:50,3.17,3.17,3.17,3.17,300,3.17
2026-01-20 14:55,3.16,3.18,3.16,3.18,1310,3.1647
2026-01-20 15:15,3.16,3.16,3.15,3.15,327,3.1569
2026-01-20 15:30,3.17,3.17,3.17,3.17,521,3.1699
2026-01-20 15:35,3.17,3.17,3.17,3.17,200,3.1685
2026-01-20 15:40,3.17,3.18,3.17,3.18,7100,3.1741
2026-01-20 15:45,3.18,3.18,3.18,3.18,1000,3.18
2026-01-20 15:50,3.18,3.18,3.18,3.18,1414,3.1796
2026-01-20 16:00,3.18,3.18,3.18,3.18,300,3.18
2026-01-20 16:05,3.17,3.18,3.17,3.18,6863,3.1796
2026-01-20 16:10,3.19,3.2,3.19,3.2,210,3.1952
2026-01-20 16:15,3.19,3.19,3.19,3.19,129,3.1902
2026-01-20 16:45,3.2,3.2,3.2,3.2,550,3.1995
2026-01-20 16:55,3.2,3.2,3.2,3.2,1210,3.1998
2026-01-21 03:00,3.21,3.3,3.21,3.3,26804,3.2817
2026-01-21 03:05,3.43,3.49,3.43,3.49,802,3.4837
2026-01-21 03:25,3.32,3.32,3.3,3.32,370,3.3054
2026-01-21 04:00,3.3,3.3,3.3,3.3,3702,3.3
2026-01-21 04:10,3.29,3.29,3.29,3.29,303,3.29
2026-01-21 04:25,3.25,3.25,3.25,3.25,200,3.25
2026-01-21 04:30,3.28,3.28,3.28,3.28,200,3.28
2026-01-21 04:35,3.26,3.26,3.26,3.26,100,3.26
2026-01-21 04:45,3.24,3.24,3.22,3.22,1020,3.2259
2026-01-21 04:50,3.21,3.21,3.21,3.21,1350,3.21
2026-01-21 05:00,3.29,3.31,3.22,3.22,3114,3.2776
2026-01-21 05:30,3.25,3.25,3.25,3.25,300,3.2494
2026-01-21 05:45,3.22,3.22,3.22,3.22,100,3.22
2026-01-21 05:50,3.25,3.25,3.25,3.25,500,3.25
2026-01-21 06:00,3.2,3.2,3.2,3.2,283,3.2058
2026-01-21 06:15,3.25,3.25,3.25,3.25,5400,3.2478
2026-01-21 06:20,3.2,3.2,3.2,3.2,200,3.2019
2026-01-21 06:30,3.25,3.25,3.2,3.24,16151,3.239
2026-01-21 06:35,3.23,3.24,3.18,3.21,19442,3.2198
2026-01-21 06:40,3.2,3.21,3.15,3.16,9534,3.1729
2026-01-21 06:45,3.14,3.18,3.14,3.18,19413,3.1644
2026-01-21 06:50,3.19,3.22,3.19,3.22,3831,3.2119
2026-01-21 06:55,3.22,3.24,3.21,3.23,9497,3.2205
2026-01-21 07:00,3.23,3.25,3.21,3.25,15739,3.2333
2026-01-21 07:05,3.24,3.25,3.22,3.22,7989,3.2312
2026-01-21 07:10,3.22,3.23,3.22,3.23,8186,3.2304
2026-01-21 07:15,3.23,3.27,3.23,3.24,44949,3.2475
2026-01-21 07:20,3.24,3.25,3.23,3.24,3069,3.2386
2026-01-21 07:25,3.24,3.24,3.22,3.22,8907,3.224
2026-01-21 07:30,3.23,3.23,3.22,3.23,2420,3.2257
2026-01-21 07:35,3.25,3.25,3.23,3.24,1802,3.24
2026-01-21 07:40,3.23,3.25,3.23,3.23,8461,3.2338
2026-01-21 07:45,3.22,3.23,3.22,3.22,3298,3.2251
2026-01-21 07:50,3.21,3.23,3.21,3.23,9005,3.214
2026-01-21 07:55,3.23,3.26,3.22,3.26,4423,3.2363
2026-01-21 08:00,3.25,3.26,3.24,3.25,3232,3.2511
2026-01-21 08:05,3.25,3.25,3.22,3.24,14223,3.2275
2026-01-21 08:10,3.22,3.25,3.22,3.24,16382,3.2442
2026-01-21 08:15,3.25,3.25,3.23,3.23,10644,3.237
2026-01-21 08:20,3.25,3.25,3.21,3.25,40730,3.2335
2026-01-21 08:25,3.24,3.25,3.23,3.25,1374,3.2375
2026-01-21 08:30,3.24,3.24,3.2,3.2,3738,3.2298
2026-01-21 08:35,3.22,3.22,3.18,3.22,15730,3.2062
2026-01-21 08:40,3.21,3.22,3.19,3.22,12700,3.2076
2026-01-21 08:45,3.21,3.22,3.16,3.18,14987,3.1859
2026-01-21 08:50,3.19,3.21,3.18,3.18,14080,3.1927
2026-01-21 08:55,3.2,3.21,3.18,3.21,12139,3.1956
2026-01-21 09:00,3.21,3.23,3.19,3.21,16211,3.2089
2026-01-21 09:05,3.22,3.22,3.18,3.2,11706,3.2028
2026-01-21 09:10,3.18,3.21,3.17,3.2,19522,3.1867
2026-01-21 09:15,3.19,3.2,3.16,3.19,18498,3.1832
2026-01-21 09:20,3.2,3.2,3.17,3.2,8809,3.1927
2026-01-21 09:25,3.19,3.23,3.19,3.2,12055,3.2095
2026-01-21 09:30,3.22,3.23,3.2,3.21,8932,3.2152
2026-01-21 09:35,3.22,3.23,3.2,3.2,10500,3.2159
2026-01-21 09:40,3.21,3.22,3.18,3.2,19856,3.206
2026-01-21 09:45,3.2,3.2,3.18,3.18,2912,3.1938
2026-01-21 09:50,3.19,3.25,3.18,3.24,20360,3.2174
2026-01-21 09:55,3.23,3.26,3.23,3.24,18716,3.2471
2026-01-21 10:00,3.25,3.25,3.22,3.23,27783,3.2301
2026-01-21 10:05,3.21,3.25,3.21,3.22,10128,3.233
2026-01-21 10:10,3.23,3.25,3.2,3.23,10241,3.2279
2026-01-21 10:15,3.22,3.25,3.2,3.23,8140,3.2241
2026-01-21 10:20,3.24,3.24,3.2,3.21,5920,3.2177
2026-01-21 10:25,3.2,3.23,3.2,3.23,12037,3.2164
2026-01-21 10:30,3.23,3.24,3.22,3.23,11412,3.2287
2026-01-21 10:35,3.24,3.24,3.2,3.21,9155,3.2172
2026-01-21 10:40,3.21,3.22,3.2,3.21,10947,3.2071
2026-01-21 10:45,3.22,3.22,3.2,3.22,9349,3.2105
2026-01-21 10:50,3.21,3.23,3.2,3.2,10409,3.2122
2026-01-21 10:55,3.2,3.24,3.2,3.23,8420,3.2159
2026-01-21 11:00,3.23,3.24,3.2,3.22,14827,3.2237
2026-01-21 11:05,3.22,3.23,3.2,3.22,7492,3.219
2026-01-21 11:10,3.22,3.24,3.21,3.23,12656,3.2295
2026-01-21 11:15,3.24,3.25,3.24,3.24,1696,3.2408
2026-01-21 11:20,3.24,3.25,3.24,3.25,1377,3.242
2026-01-21 11:25,3.24,3.29,3.23,3.29,44033,3.2536
2026-01-21 11:30,3.26,3.29,3.25,3.27,8213,3.2695
2026-01-21 11:35,3.26,3.28,3.25,3.27,10256,3.2648
2026-01-21 11:40,3.25,3.28,3.25,3.27,5917,3.2633
2026-01-21 11:45,3.26,3.28,3.26,3.28,1197,3.28
2026-01-21 11:50,3.29,3.29,3.26,3.26,3196,3.2748
2026-01-21 11:55,3.27,3.29,3.25,3.26,4547,3.2647
2026-01-21 12:00,3.27,3.28,3.25,3.28,5432,3.2636
2026-01-21 12:05,3.28,3.28,3.25,3.25,7658,3.2678
2026-01-21 12:10,3.27,3.28,3.25,3.27,6516,3.2692
2026-01-21 12:15,3.27,3.28,3.23,3.26,6462,3.256
2026-01-21 12:20,3.23,3.26,3.23,3.25,1508,3.2461
2026-01-21 12:25,3.23,3.26,3.23,3.25,2230,3.2443
2026-01-21 12:30,3.24,3.25,3.22,3.23,3331,3.2391
2026-01-21 12:35,3.23,3.23,3.21,3.22,4303,3.221
2026-01-21 12:40,3.22,3.23,3.21,3.21,6728,3.2189
2026-01-21 12:45,3.22,3.25,3.2,3.25,8086,3.225
2026-01-21 12:50,3.23,3.25,3.21,3.22,4079,3.2364
2026-01-21 12:55,3.22,3.27,3.22,3.27,14922,3.2461
2026-01-21 13:00,3.29,3.36,3.29,3.36,4175,3.3328
2026-01-21 13:05,3.4,3.41,3.25,3.37,3510,3.3764
2026-01-21 13:10,3.33,3.39,3.33,3.38,6495,3.3646
2026-01-21 13:15,3.39,3.39,3.33,3.39,7705,3.3707
2026-01-21 13:20,3.39,3.4,3.31,3.4,1549,3.3493
2026-01-21 13:25,3.41,3.44,3.4,3.44,6531,3.4176
2026-01-21 13:30,3.44,3.48,3.44,3.44,4832,3.4508
2026-01-21 13:35,3.44,3.48,3.41,3.47,7892,3.4696
2026-01-21 13:40,3.47,3.47,3.39,3.4,7667,3.4153
2026-01-21 13:45,3.45,3.45,3.45,3.45,102,3.4498
2026-01-21 13:50,3.4,3.45,3.4,3.45,1153,3.4081
2026-01-21 13:55,3.45,3.45,3.45,3.45,314,3.4447
2026-01-21 14:05,3.4,3.41,3.32,3.32,1350,3.3754
2026-01-21 14:10,3.34,3.34,3.34,3.34,275,3.34
2026-01-21 14:25,3.4,3.4,3.4,3.4,267,3.4
2026-01-21 14:45,3.39,3.4,3.39,3.4,1406,3.3971
2026-01-21 14:50,3.4,3.4,3.39,3.39,1145,3.3927
2026-01-21 14:55,3.4,3.4,3.4,3.4,1400,3.4
2026-01-21 15:05,3.39,3.39,3.39,3.39,100,3.39
2026-01-21 15:10,3.39,3.39,3.39,3.39,400,3.3896
2026-01-21 15:20,3.4,3.4,3.4,3.4,151,3.4
2026-01-21 15:25,3.4,3.4,3.4,3.4,251,3.4
2026-01-21 15:35,3.4,3.4,3.4,3.4,729,3.4
2026-01-21 15:45,3.4,3.4,3.4,3.4,2010,3.3999
2026-01-21 16:00,3.4,3.4,3.4,3.4,1100,3.4
2026-01-21 16:15,3.39,3.4,3.39,3.4,480,3.3942
2026-01-21 16:20,3.39,3.39,3.39,3.39,400,3.39
2026-01-21 16:30,3.37,3.37,3.37,3.37,105,3.3708
2026-01-21 16:50,3.39,3.39,3.39,3.39,261,3.39
2026-01-22 01:10,3.35,3.35,3.35,3.35,181,3.35
2026-01-22 01:50,3.34,3.4,3.33,3.4,615,3.353
2026-01-22 03:30,3.45,3.45,3.4,3.4,521,3.424
2026-01-22 04:10,3.44,3.44,3.44,3.44,350,3.4539
2026-01-22 04:55,3.37,3.37,3.37,3.37,1794,3.3702
2026-01-22 05:00,3.44,3.44,3.37,3.44,6582,3.3889
2026-01-22 05:15,3.43,3.44,3.43,3.44,374,3.4307
2026-01-22 05:20,3.44,3.44,3.44,3.44,160,3.44
2026-01-22 05:30,3.36,3.4,3.36,3.36,4110,3.3768
2026-01-22 05:35,3.36,3.36,3.36,3.36,250,3.3638
2026-01-22 05:40,3.4,3.4,3.4,3.4,508,3.4001
2026-01-22 05:50,3.37,3.37,3.36,3.36,393,3.3625
2026-01-22 06:00,3.4,3.4,3.4,3.4,1000,3.4
2026-01-22 06:05,3.43,3.43,3.43,3.43,626,3.424
2026-01-22 06:15,3.37,3.37,3.37,3.37,1327,3.3785
2026-01-22 06:30,3.43,3.44,3.37,3.44,27242,3.4073
2026-01-22 06:35,3.44,3.46,3.4,3.4,23959,3.4318
2026-01-22 06:40,3.39,3.42,3.37,3.38,14000,3.3949
2026-01-22 06:45,3.4,3.4,3.39,3.4,32977,3.398
2026-01-22 06:50,3.39,3.41,3.38,3.39,20668,3.3962
2026-01-22 06:55,3.39,3.41,3.37,3.41,30225,3.3897
2026-01-22 07:00,3.41,3.47,3.4,3.47,18654,3.4481
2026-01-22 07:05,3.47,3.48,3.42,3.48,14570,3.4555
2026-01-22 07:10,3.49,3.6,3.49,3.59,34612,3.5548
2026-01-22 07:15,3.6,3.6,3.55,3.57,24534,3.5843
2026-01-22 07:20,3.54,3.63,3.52,3.6,26496,3.5948
2026-01-22 07:25,3.62,3.66,3.61,3.62,29195,3.6325
2026-01-22 07:30,3.62,3.67,3.59,3.65,11318,3.6304
2026-01-22 07:35,3.66,3.69,3.65,3.68,29345,3.6769
2026-01-22 07:40,3.68,3.69,3.6,3.6,40541,3.638
2026-01-22 07:45,3.62,3.63,3.59,3.59,6807,3.6037
2026-01-22 07:50,3.59,3.6,3.56,3.57,3252,3.5746
2026-01-22 07:55,3.59,3.65,3.59,3.63,11117,3.6136
2026-01-22 08:00,3.66,3.66,3.62,3.63,11713,3.6373
2026-01-22 08:05,3.64,3.64,3.62,3.62,19224,3.6323
2026-01-22 08:10,3.63,3.66,3.63,3.63,12331,3.6481
2026-01-22 08:15,3.65,3.65,3.6,3.61,8928,3.6167
2026-01-22 08:20,3.61,3.62,3.59,3.6,9046,3.6004
2026-01-22 08:25,3.59,3.66,3.59,3.66,12329,3.6309
2026-01-22 08:30,3.66,3.67,3.64,3.65,12010,3.654
2026-01-22 08:35,3.64,3.68,3.63,3.67,16395,3.6568
2026-01-22 08:40,3.67,3.69,3.64,3.64,13610,3.6736
2026-01-22 08:45,3.65,3.68,3.64,3.67,22842,3.6527
2026-01-22 08:50,3.68,3.68,3.64,3.66,5045,3.6493
2026-01-22 08:55,3.65,3.68,3.65,3.66,17403,3.6609
2026-01-22 09:00,3.68,3.69,3.65,3.66,9634,3.6714
2026-01-22 09:05,3.63,3.63,3.6,3.62,10921,3.6149
2026-01-22 09:10,3.63,3.66,3.63,3.66,17639,3.6424
2026-01-22 09:15,3.65,3.69,3.62,3.63,25237,3.6655
2026-01-22 09:20,3.65,3.67,3.63,3.67,10506,3.6526
2026-01-22 09:25,3.67,3.67,3.63,3.65,34350,3.6509
2026-01-22 09:30,3.66,3.7,3.65,3.69,27183,3.673
2026-01-22 09:35,3.68,3.69,3.62,3.62,19959,3.6543
2026-01-22 09:40,3.61,3.62,3.57,3.57,31863,3.6035
2026-01-22 09:45,3.59,3.59,3.57,3.57,12029,3.5812
2026-01-22 09:50,3.57,3.59,3.56,3.56,20206,3.5868
2026-01-22 09:55,3.58,3.59,3.56,3.57,5736,3.5742
2026-01-22 10:00,3.57,3.57,3.53,3.56,19729,3.551
2026-01-22 10:05,3.55,3.57,3.52,3.56,17716,3.5409
2026-01-22 10:10,3.55,3.57,3.52,3.56,19001,3.5463
2026-01-22 10:15,3.56,3.6,3.55,3.59,34665,3.58
2026-01-22 10:20,3.59,3.6,3.57,3.6,12357,3.5922
2026-01-22 10:25,3.6,3.6,3.57,3.58,12114,3.5913
2026-01-22 10:30,3.6,3.6,3.55,3.57,7090,3.5851
2026-01-22 10:35,3.56,3.58,3.55,3.57,3400,3.5654
2026-01-22 10:40,3.59,3.59,3.55,3.58,7357,3.5723
2026-01-22 10:45,3.58,3.59,3.55,3.55,19504,3.5654
2026-01-22 10:50,3.56,3.56,3.54,3.55,9612,3.5498
2026-01-22 10:55,3.54,3.56,3.54,3.56,37714,3.5459
2026-01-22 11:00,3.55,3.59,3.54,3.59,12396,3.5699
2026-01-22 11:05,3.59,3.6,3.56,3.59,14962,3.5853
2026-01-22 11:10,3.59,3.6,3.59,3.59,2144,3.5981
2026-01-22 11:15,3.59,3.6,3.56,3.57,4842,3.5796
2026-01-22 11:20,3.58,3.59,3.56,3.57,4666,3.5741
2026-01-22 11:25,3.58,3.6,3.57,3.59,12757,3.5861
2026-01-22 11:30,3.59,3.61,3.59,3.61,5672,3.6041
2026-01-22 11:35,3.61,3.65,3.6,3.65,24692,3.6085
2026-01-22 11:40,3.63,3.67,3.63,3.67,47603,3.6483
2026-01-22 11:45,3.67,3.68,3.65,3.67,12676,3.6719
2026-01-22 11:50,3.68,3.69,3.65,3.66,22543,3.6717
2026-01-22 11:55,3.66,3.73,3.65,3.73,43059,3.6932
2026-01-22 12:00,3.73,3.74,3.67,3.71,16173,3.6978
2026-01-22 12:05,3.71,3.73,3.69,3.69,14108,3.7102
2026-01-22 12:10,3.67,3.68,3.65,3.66,8570,3.6658
2026-01-22 12:15,3.66,3.66,3.6,3.63,13309,3.6348
2026-01-22 12:20,3.61,3.64,3.6,3.63,15687,3.6198
2026-01-22 12:25,3.64,3.65,3.62,3.62,15182,3.6358
2026-01-22 12:30,3.63,3.64,3.57,3.6,23589,3.6031
2026-01-22 12:35,3.58,3.61,3.56,3.61,19434,3.594
2026-01-22 12:40,3.6,3.61,3.58,3.6,15801,3.5964
2026-01-22 12:45,3.58,3.62,3.57,3.6,21173,3.5958
2026-01-22 12:50,3.61,3.62,3.6,3.62,18334,3.6124
2026-01-22 12:55,3.61,3.62,3.56,3.56,29164,3.5921
2026-01-22 13:00,3.6,3.69,3.6,3.69,4543,3.6581
2026-01-22 13:05,3.6,3.62,3.6,3.6,7160,3.6005
2026-01-22 13:10,3.61,3.61,3.61,3.61,750,3.61
2026-01-22 13:15,3.54,3.54,3.54,3.54,3105,3.54
2026-01-22 13:25,3.55,3.55,3.54,3.55,2436,3.5408
2026-01-22 13:30,3.54,3.54,3.45,3.45,10600,3.5017
2026-01-22 13:35,3.48,3.48,3.48,3.48,200,3.48
2026-01-22 13:40,3.48,3.48,3.48,3.48,306,3.48
2026-01-22 13:45,3.46,3.46,3.42,3.42,10287,3.4292
2026-01-22 13:50,3.46,3.46,3.46,3.46,5012,3.4602
2026-01-22 14:00,3.47,3.54,3.47,3.54,337,3.5115
2026-01-22 14:05,3.55,3.6,3.55,3.6,1833,3.5764
2026-01-22 14:10,3.5,3.5,3.5,3.5,1000,3.5
2026-01-22 14:15,3.47,3.47,3.47,3.47,910,3.47
2026-01-22 14:20,3.46,3.46,3.46,3.46,5016,3.4609
2026-01-22 14:25,3.52,3.52,3.47,3.47,1300,3.4814
2026-01-22 14:40,3.53,3.53,3.46,3.46,1000,3.509
2026-01-22 15:00,3.5,3.52,3.5,3.52,2200,3.5109
2026-01-22 15:05,3.53,3.53,3.53,3.53,500,3.5298
2026-01-22 15:15,3.46,3.46,3.46,3.46,297,3.46
2026-01-22 15:25,3.53,3.59,3.53,3.59,3723,3.5849
2026-01-22 15:45,3.55,3.55,3.55,3.55,400,3.5565
2026-01-22 15:55,3.58,3.58,3.58,3.58,100,3.58
2026-01-22 16:05,3.47,3.47,3.47,3.47,100,3.47
2026-01-22 16:20,3.51,3.51,3.46,3.46,215,3.4867
2026-01-22 16:45,3.46,3.46,3.44,3.44,294,3.452
2026-01-22 16:55,3.42,3.42,3.42,3.42,691,3.4249
2026-01-23 01:35,3.37,3.37,3.33,3.33,2893,3.348
2026-01-23 03:15,3.41,3.41,3.41,3.41,180,3.41
2026-01-23 04:05,3.49,3.49,3.49,3.49,1000,3.49
2026-01-23 04:10,3.56,3.56,3.56,3.56,326,3.5576
2026-01-23 04:30,3.5,3.55,3.5,3.55,350,3.5214
2026-01-23 05:00,3.51,3.53,3.51,3.53,968,3.5168
2026-01-23 05:15,3.56,3.56,3.56,3.56,132,3.56
2026-01-23 05:20,3.52,3.53,3.52,3.53,1012,3.524
2026-01-23 05:25,3.53,3.53,3.53,3.53,180,3.5299
2026-01-23 05:35,3.52,3.52,3.52,3.52,502,3.5202
2026-01-23 05:40,3.52,3.52,3.52,3.52,744,3.5201
2026-01-23 06:05,3.53,3.53,3.53,3.53,200,3.53
2026-01-23 06:10,3.53,3.53,3.48,3.48,1226,3.4899
2026-01-23 06:15,3.48,3.48,3.48,3.48,382,3.4833
2026-01-23 06:20,3.53,3.53,3.53,3.53,1748,3.53
2026-01-23 06:30,3.59,3.6,3.5,3.5,26729,3.5436
2026-01-23 06:35,3.5,3.54,3.42,3.49,3856,3.4798
2026-01-23 06:40,3.43,3.49,3.43,3.44,14069,3.4725
2026-01-23 06:45,3.43,3.44,3.4,3.42,23037,3.4191
2026-01-23 06:50,3.43,3.47,3.43,3.47,7480,3.4467
2026-01-23 06:55,3.48,3.49,3.45,3.49,6262,3.4743
2026-01-23 07:00,3.47,3.47,3.45,3.45,11294,3.4501
2026-01-23 07:05,3.44,3.44,3.41,3.41,18435,3.4187
2026-01-23 07:10,3.4,3.4,3.38,3.39,16582,3.3935
2026-01-23 07:15,3.39,3.39,3.33,3.36,19206,3.3527
2026-01-23 07:20,3.36,3.37,3.34,3.36,12232,3.3581
2026-01-23 07:25,3.37,3.39,3.37,3.39,9079,3.3805
2026-01-23 07:30,3.38,3.38,3.36,3.38,2966,3.3788
2026-01-23 07:35,3.37,3.38,3.33,3.36,2566,3.3529
2026-01-23 07:40,3.36,3.37,3.35,3.35,3366,3.3564
2026-01-23 07:45,3.36,3.37,3.34,3.34,20165,3.3597
2026-01-23 07:50,3.35,3.35,3.32,3.32,12059,3.3296
2026-01-23 07:55,3.31,3.36,3.31,3.35,5888,3.3447
2026-01-23 08:00,3.36,3.42,3.36,3.37,12036,3.3787
2026-01-23 08:05,3.38,3.4,3.35,3.38,11242,3.3758
2026-01-23 08:10,3.38,3.4,3.35,3.39,6064,3.3674
2026-01-23 08:15,3.4,3.42,3.36,3.39,10322,3.3852
2026-01-23 08:20,3.39,3.41,3.36,3.37,13734,3.39
2026-01-23 08:25,3.4,3.41,3.36,3.39,18911,3.3828
2026-01-23 08:30,3.38,3.4,3.37,3.4,9727,3.3855
2026-01-23 08:35,3.4,3.42,3.38,3.39,14712,3.4027
2026-01-23 08:40,3.41,3.45,3.4,3.44,14425,3.4244
2026-01-23 08:45,3.44,3.47,3.41,3.45,13822,3.4384
2026-01-23 08:50,3.45,3.47,3.34,3.38,25427,3.3734
2026-01-23 08:55,3.4,3.45,3.36,3.4,11391,3.4009
2026-01-23 09:00,3.43,3.5,3.4,3.48,15688,3.4523
2026-01-23 09:05,3.48,3.5,3.45,3.46,9473,3.4663
2026-01-23 09:10,3.48,3.49,3.45,3.45,8680,3.478
2026-01-23 09:15,3.48,3.48,3.45,3.46,15234,3.4622
2026-01-23 09:20,3.47,3.48,3.44,3.47,15374,3.4547
2026-01-23 09:25,3.47,3.48,3.44,3.48,4393,3.4708
2026-01-23 09:30,3.47,3.48,3.45,3.47,6607,3.4732
2026-01-23 09:35,3.48,3.5,3.47,3.48,8589,3.4817
2026-01-23 09:40,3.5,3.5,3.48,3.48,13148,3.488
2026-01-23 09:45,3.5,3.52,3.48,3.52,3124,3.5038
2026-01-23 09:50,3.52,3.52,3.47,3.47,2327,3.4872
2026-01-23 09:55,3.48,3.48,3.46,3.46,1670,3.4766
2026-01-23 10:00,3.48,3.48,3.45,3.46,1711,3.4666
2026-01-23 10:05,3.47,3.5,3.46,3.5,4151,3.4835
2026-01-23 10:10,3.49,3.5,3.49,3.5,2002,3.4944
2026-01-23 10:15,3.5,3.5,3.48,3.49,399,3.4934
2026-01-23 10:20,3.5,3.51,3.5,3.5,2893,3.5017
2026-01-23 10:25,3.48,3.52,3.48,3.52,843,3.503
2026-01-23 10:30,3.51,3.51,3.49,3.49,5022,3.5
2026-01-23 10:35,3.5,3.5,3.49,3.49,1729,3.4913
2026-01-23 10:40,3.5,3.52,3.5,3.52,11293,3.5107
2026-01-23 10:45,3.51,3.51,3.48,3.48,11446,3.5037
2026-01-23 10:50,3.5,3.5,3.49,3.5,1811,3.4974
2026-01-23 10:55,3.5,3.55,3.5,3.54,7812,3.5334
2026-01-23 11:00,3.53,3.53,3.5,3.51,2350,3.5144
2026-01-23 11:05,3.51,3.53,3.48,3.53,1943,3.5045
2026-01-23 11:10,3.55,3.55,3.52,3.52,310,3.5321
2026-01-23 11:15,3.55,3.55,3.49,3.52,2406,3.5175
2026-01-23 11:20,3.54,3.54,3.48,3.51,5554,3.5036
2026-01-23 11:25,3.52,3.54,3.48,3.53,9086,3.5119
2026-01-23 11:30,3.54,3.54,3.52,3.52,1690,3.5287
2026-01-23 11:35,3.52,3.53,3.5,3.51,3776,3.5263
2026-01-23 11:40,3.52,3.55,3.5,3.54,4575,3.536
2026-01-23 11:45,3.55,3.57,3.54,3.57,27182,3.5493
2026-01-23 11:50,3.57,3.59,3.55,3.57,8030,3.5741
2026-01-23 11:55,3.59,3.6,3.55,3.6,11718,3.5787
2026-01-23 12:00,3.6,3.6,3.56,3.59,3187,3.5833
2026-01-23 12:05,3.58,3.59,3.55,3.56,3248,3.5609
2026-01-23 12:10,3.56,3.59,3.55,3.58,2591,3.5749
2026-01-23 12:15,3.59,3.64,3.56,3.64,19974,3.6125
2026-01-23 12:20,3.64,3.64,3.6,3.6,21848,3.6223
2026-01-23 12:25,3.6,3.64,3.6,3.64,9506,3.6197
2026-01-23 12:30,3.63,3.64,3.55,3.61,24256,3.5962
2026-01-23 12:35,3.61,3.63,3.6,3.62,10207,3.6127
2026-01-23 12:40,3.62,3.64,3.6,3.63,28184,3.6228
2026-01-23 12:45,3.63,3.63,3.6,3.63,27590,3.6259
2026-01-23 12:50,3.6,3.63,3.56,3.56,28193,3.6122
2026-01-23 12:55,3.59,3.62,3.58,3.62,20550,3.5976
2026-01-23 13:00,3.56,3.56,3.56,3.56,518,3.5631
2026-01-23 13:05,3.64,3.64,3.56,3.56,2421,3.5709
2026-01-23 13:10,3.63,3.64,3.6,3.64,1238,3.625
2026-01-23 13:15,3.64,3.64,3.63,3.63,379,3.6329
2026-01-23 13:25,3.59,3.59,3.59,3.59,465,3.588
2026-01-23 13:30,3.57,3.57,3.57,3.57,227,3.57
2026-01-23 13:35,3.56,3.56,3.55,3.55,702,3.5572
2026-01-23 13:40,3.55,3.55,3.55,3.55,850,3.55
2026-01-23 13:45,3.54,3.59,3.54,3.59,500,3.55
2026-01-23 13:50,3.59,3.59,3.52,3.59,992,3.5756
2026-01-23 13:55,3.59,3.59,3.59,3.59,100,3.59
2026-01-23 14:00,3.59,3.59,3.59,3.59,501,3.59
2026-01-23 14:10,3.53,3.53,3.53,3.53,3500,3.5316
2026-01-23 14:20,3.59,3.59,3.59,3.59,100,3.59
2026-01-23 15:00,3.59,3.59,3.59,3.59,568,3.59
2026-01-23 15:05,3.59,3.59,3.59,3.59,172,3.59
2026-01-23 15:25,3.59,3.59,3.59,3.59,1100,3.59
2026-01-23 15:30,3.57,3.57,3.5,3.5,507,3.5486
2026-01-23 15:35,3.51,3.51,3.51,3.51,501,3.5101
2026-01-23 15:50,3.55,3.55,3.55,3.55,1000,3.55
2026-01-23 16:00,3.55,3.59,3.55,3.59,2500,3.5817
2026-01-23 16:05,3.59,3.6,3.59,3.6,2298,3.5943
2026-01-23 16:15,3.63,3.63,3.63,3.63,1100,3.6282
2026-01-23 16:20,3.63,3.64,3.63,3.64,2501,3.6288
2026-01-23 16:25,3.64,3.64,3.64,3.64,356,3.64
2026-01-23 16:30,3.62,3.63,3.62,3.63,602,3.6252
2026-01-23 16:35,3.64,3.66,3.63,3.66,3645,3.6433
2026-01-23 16:40,3.65,3.66,3.65,3.66,701,3.6526
2026-01-23 16:45,3.66,3.66,3.66,3.66,1604,3.6595
2026-01-23 16:50,3.66,3.75,3.66,3.7,8527,3.7124
2026-01-23 16:55,3.71,3.75,3.71,3.75,4618,3.7436
2026-01-26 01:40,3.75,3.75,3.7,3.7,2270,3.7289
2026-01-26 02:05,3.7,3.7,3.7,3.7,185,3.7
2026-01-26 04:00,3.74,3.76,3.74,3.76,2293,3.741
2026-01-26 04:05,3.74,3.74,3.74,3.74,100,3.74
2026-01-26 04:20,3.75,3.75,3.75,3.75,116,3.747
2026-01-26 04:40,3.72,3.72,3.72,3.72,135,3.72
2026-01-26 05:00,3.75,3.75,3.63,3.63,8022,3.7248
2026-01-26 05:05,3.63,3.65,3.63,3.65,465,3.638
2026-01-26 05:10,3.63,3.63,3.63,3.63,1182,3.63
2026-01-26 05:15,3.63,3.64,3.63,3.63,1223,3.6367
2026-01-26 05:20,3.64,3.65,3.64,3.65,1673,3.6453
2026-01-26 05:25,3.65,3.65,3.65,3.65,235,3.65
2026-01-26 05:35,3.69,3.69,3.69,3.69,378,3.6899
2026-01-26 05:40,3.69,3.75,3.68,3.68,844,3.6971
2026-01-26 05:45,3.67,3.67,3.67,3.67,585,3.6661
2026-01-26 05:50,3.67,3.67,3.67,3.67,2389,3.6699
2026-01-26 05:55,3.66,3.66,3.66,3.66,1460,3.66
2026-01-26 06:10,3.67,3.71,3.67,3.71,7977,3.6781
2026-01-26 06:15,3.71,3.74,3.71,3.74,1500,3.7119
2026-01-26 06:20,3.71,3.74,3.71,3.74,1718,3.7176
2026-01-26 06:25,3.72,3.74,3.67,3.67,1530,3.7194
2026-01-26 06:30,3.73,3.75,3.7,3.74,44252,3.7302
2026-01-26 06:35,3.74,3.85,3.74,3.81,39362,3.7909
2026-01-26 06:40,3.82,3.83,3.77,3.77,84985,3.8119
2026-01-26 06:45,3.76,3.76,3.73,3.74,21304,3.7525
2026-01-26 06:50,3.77,3.8,3.75,3.8,12465,3.777
2026-01-26 06:55,3.78,3.8,3.75,3.76,15111,3.7734
2026-01-26 07:00,3.74,3.74,3.67,3.67,12956,3.7208
2026-01-26 07:05,3.68,3.73,3.67,3.73,11409,3.7098
2026-01-26 07:10,3.71,3.74,3.7,3.71,7528,3.7206
2026-01-26 07:15,3.72,3.73,3.62,3.65,11675,3.6618
2026-01-26 07:20,3.66,3.69,3.66,3.69,13805,3.6729
2026-01-26 07:25,3.69,3.72,3.67,3.7,11896,3.7047
2026-01-26 07:30,3.69,3.71,3.67,3.7,12232,3.6864
2026-01-26 07:35,3.71,3.71,3.67,3.7,12198,3.6996
2026-01-26 07:40,3.7,3.72,3.69,3.72,41925,3.7054
2026-01-26 07:45,3.69,3.7,3.69,3.7,4147,3.6909
2026-01-26 07:50,3.7,3.75,3.7,3.71,5438,3.735
2026-01-26 07:55,3.72,3.75,3.69,3.7,2055,3.7153
2026-01-26 08:00,3.7,3.7,3.67,3.67,1644,3.6884
2026-01-26 08:05,3.69,3.7,3.62,3.66,11711,3.6684
2026-01-26 08:10,3.62,3.7,3.6,3.64,10515,3.6135
2026-01-26 08:15,3.62,3.63,3.6,3.6,6137,3.6172
2026-01-26 08:20,3.6,3.62,3.59,3.6,9303,3.6039
2026-01-26 08:25,3.6,3.64,3.59,3.61,53985,3.6035
2026-01-26 08:30,3.61,3.7,3.61,3.65,21563,3.6484
2026-01-26 08:35,3.65,3.69,3.65,3.69,18936,3.6762
2026-01-26 08:40,3.69,3.92,3.68,3.83,78293,3.8198
2026-01-26 08:45,3.77,3.93,3.77,3.92,51778,3.8567
2026-01-26 08:50,3.93,3.98,3.85,3.9,100841,3.9298
2026-01-26 08:55,3.91,3.97,3.82,3.94,69976,3.9117
2026-01-26 09:00,3.94,4.02,3.9,3.94,182818,3.9687
2026-01-26 09:05,3.92,4,3.89,3.97,46879,3.9647
2026-01-26 09:10,4,4.05,3.98,4.04,74313,4.0115
2026-01-26 09:15,4.04,4.06,3.9,3.98,80737,3.9829
2026-01-26 09:20,3.99,4,3.86,3.86,56026,3.9571
2026-01-26 09:25,3.9,3.93,3.83,3.9,47588,3.878
2026-01-26 09:30,3.88,3.95,3.85,3.92,38900,3.9197
2026-01-26 09:35,3.93,3.95,3.91,3.94,19228,3.9282
2026-01-26 09:40,3.95,4,3.92,3.96,38555,3.954
2026-01-26 09:45,3.95,4.03,3.93,4,49930,3.9911
2026-01-26 09:50,4.03,4.06,3.95,3.98,48882,4.0059
2026-01-26 09:55,3.99,3.99,3.92,3.97,31176,3.9622
2026-01-26 10:00,3.95,3.99,3.92,3.98,51114,3.959
2026-01-26 10:05,3.97,4.03,3.97,4.03,22095,3.9999
2026-01-26 10:10,4,4.03,4,4,36940,4.0152
2026-01-26 10:15,4.01,4.04,4,4.03,31026,4.02
2026-01-26 10:20,4.04,4.07,3.98,3.98,57094,4.0421
2026-01-26 10:25,4,4.01,3.92,3.95,34921,3.9404
2026-01-26 10:30,3.92,3.95,3.86,3.89,17367,3.9085
2026-01-26 10:35,3.89,3.89,3.81,3.83,23262,3.8504
2026-01-26 10:40,3.83,3.97,3.82,3.95,31530,3.8886
2026-01-26 10:45,3.97,3.98,3.9,3.95,21973,3.938
2026-01-26 10:50,3.95,3.99,3.94,3.94,20916,3.9678
2026-01-26 10:55,3.97,3.99,3.95,3.98,2611,3.9741
2026-01-26 11:00,3.96,3.98,3.9,3.93,11902,3.9397
2026-01-26 11:05,3.9,3.92,3.88,3.91,27380,3.9016
2026-01-26 11:10,3.93,3.96,3.86,3.86,13043,3.8924
2026-01-26 11:15,3.86,3.93,3.86,3.93,13642,3.9216
2026-01-26 11:20,3.9,3.9,3.8,3.81,20458,3.8414
2026-01-26 11:25,3.81,3.87,3.81,3.87,18871,3.8237
2026-01-26 11:30,3.88,3.91,3.87,3.91,17277,3.8931
2026-01-26 11:35,3.9,3.92,3.9,3.92,5844,3.9092
2026-01-26 11:40,3.94,3.94,3.92,3.93,6744,3.9339
2026-01-26 11:45,3.9,3.96,3.9,3.96,21398,3.9256
2026-01-26 11:50,3.94,3.96,3.91,3.91,11939,3.9412
2026-01-26 11:55,3.93,3.95,3.9,3.93,28832,3.9296
2026-01-26 12:00,3.93,3.95,3.84,3.84,23604,3.8658
2026-01-26 12:05,3.84,3.86,3.81,3.84,17159,3.8326
2026-01-26 12:10,3.81,3.86,3.8,3.82,27479,3.8172
2026-01-26 12:15,3.8,3.85,3.7,3.74,73806,3.7605
2026-01-26 12:20,3.72,3.85,3.67,3.78,41182,3.7637
2026-01-26 12:25,3.75,3.85,3.73,3.76,24180,3.7918
2026-01-26 12:30,3.77,3.89,3.73,3.87,36392,3.8347
2026-01-26 12:35,3.84,3.86,3.79,3.8,19762,3.8144
2026-01-26 12:40,3.79,3.85,3.74,3.79,42596,3.7964
2026-01-26 12:45,3.77,3.85,3.75,3.76,53400,3.8091
2026-01-26 12:50,3.8,3.85,3.76,3.81,23935,3.7876
2026-01-26 12:55,3.8,3.86,3.78,3.86,34369,3.8205
2026-01-26 13:00,3.88,3.88,3.86,3.87,1958,3.8684
2026-01-26 13:05,3.87,3.87,3.87,3.87,1407,3.87
2026-01-26 13:10,3.87,3.88,3.87,3.88,1820,3.8778
2026-01-26 13:15,3.88,3.88,3.85,3.85,908,3.8734
2026-01-26 13:20,3.88,3.9,3.88,3.9,460,3.8865
2026-01-26 13:50,3.86,3.86,3.86,3.86,218,3.8618
2026-01-26 14:00,3.86,3.86,3.86,3.86,500,3.8618
2026-01-26 14:40,3.9,3.9,3.9,3.9,150,3.9
2026-01-26 14:45,3.9,3.9,3.9,3.9,250,3.9
2026-01-26 14:50,3.9,3.9,3.9,3.9,1969,3.9
2026-01-26 15:15,3.85,3.85,3.85,3.85,501,3.8501
2026-01-26 15:20,3.94,3.94,3.94,3.94,321,3.9423
2026-01-26 15:25,3.95,3.95,3.95,3.95,111,3.95
2026-01-26 15:30,3.86,3.94,3.86,3.94,1110,3.9321
2026-01-26 15:35,3.94,3.94,3.94,3.94,100,3.94
2026-01-26 15:40,3.86,3.86,3.86,3.86,141,3.8696
2026-01-26 15:45,3.95,4.07,3.95,3.99,36212,4.0162
2026-01-26 15:50,4.01,4.01,4.01,4.01,102,4.0108
2026-01-26 15:55,4.07,4.07,4.05,4.05,1809,4.0511
2026-01-26 16:00,4.03,4.03,4.03,4.03,155,4.03
2026-01-26 16:20,3.97,3.97,3.97,3.97,700,3.97
2026-01-26 16:25,4.01,4.01,4.01,4.01,451,4.01
2026-01-26 16:30,4.01,4.01,4.01,4.01,341,4.0098
2026-01-26 16:35,3.99,4.01,3.99,4.01,1101,3.9918
2026-01-26 16:40,4.01,4.01,4.01,4.01,471,4.0093
2026-01-26 16:45,3.98,3.98,3.98,3.98,2055,3.9806
2026-01-26 16:50,4,4,4,4,130,3.9996
2026-01-26 16:55,4,4,3.99,4,3805,3.9991
2026-01-27 01:00,3.9,3.9,3.9,3.9,261,3.9
2026-01-27 01:05,3.98,3.98,3.98,3.98,1252,3.98
2026-01-27 01:55,3.98,3.98,3.98,3.98,1081,3.9797
2026-01-27 04:00,4,4,3.98,4,9853,3.9993
2026-01-27 04:05,3.86,3.86,3.86,3.86,1010,3.8604
2026-01-27 04:15,3.93,3.93,3.93,3.93,200,3.962
2026-01-27 04:30,3.92,3.92,3.92,3.92,112,3.92
2026-01-27 04:35,3.95,3.95,3.95,3.95,1100,3.95
2026-01-27 04:45,3.99,4,3.9,3.9,605,3.9531
2026-01-27 05:00,3.99,3.99,3.99,3.99,293,3.9924
2026-01-27 05:05,3.9,3.9,3.9,3.9,1038,3.9013
2026-01-27 05:10,3.9,3.9,3.9,3.9,1000,3.9
2026-01-27 05:15,3.92,3.92,3.92,3.92,100,3.92
2026-01-27 05:25,3.91,3.91,3.91,3.91,1005,3.9099
2026-01-27 05:30,3.91,3.91,3.91,3.91,250,3.9093
2026-01-27 05:35,3.91,3.91,3.91,3.91,174,3.91
2026-01-27 05:45,3.91,3.91,3.91,3.91,802,3.91
2026-01-27 05:50,3.9,3.9,3.9,3.9,603,3.9
2026-01-27 05:55,3.86,3.86,3.86,3.86,932,3.8601
2026-01-27 06:00,3.91,3.91,3.9,3.9,520,3.9019
2026-01-27 06:05,3.88,3.88,3.88,3.88,2203,3.88
2026-01-27 06:15,3.88,3.88,3.88,3.88,1804,3.8799
2026-01-27 06:20,3.91,3.91,3.91,3.91,856,3.9097
2026-01-27 06:25,3.86,3.86,3.86,3.86,100,3.8605
2026-01-27 06:30,3.97,3.97,3.75,3.8,62102,3.8028
2026-01-27 06:35,3.79,3.86,3.79,3.81,24493,3.8298
2026-01-27 06:40,3.8,3.84,3.77,3.8,14419,3.8139
2026-01-27 06:45,3.83,3.86,3.78,3.8,23000,3.8104
2026-01-27 06:50,3.77,3.77,3.72,3.74,27505,3.7424
2026-01-27 06:55,3.72,3.75,3.72,3.72,34391,3.7391
2026-01-27 07:00,3.73,3.86,3.72,3.81,119701,3.8336
2026-01-27 07:05,3.77,3.87,3.77,3.86,28670,3.817
2026-01-27 07:10,3.86,3.97,3.85,3.95,127695,3.9415
2026-01-27 07:15,3.91,4.02,3.9,4.02,133563,3.9966
2026-01-27 07:20,3.99,4.01,3.9,3.9,194391,3.9699
2026-01-27 07:25,3.9,3.92,3.82,3.83,52533,3.8815
2026-01-27 07:30,3.84,3.9,3.8,3.8,28275,3.868
2026-01-27 07:35,3.83,3.9,3.82,3.89,29023,3.8602
2026-01-27 07:40,3.88,3.9,3.82,3.89,42533,3.863
2026-01-27 07:45,3.88,3.98,3.88,3.96,34981,3.941
2026-01-27 07:50,3.96,4,3.93,3.99,116156,3.9763
2026-01-27 07:55,3.99,3.99,3.94,3.98,18128,3.9663
2026-01-27 08:00,3.98,4.05,3.96,3.98,80269,4.0154
2026-01-27 08:05,3.97,4.01,3.94,3.98,26830,3.9819
2026-01-27 08:10,3.95,4,3.86,3.91,18089,3.9321
2026-01-27 08:15,3.91,3.95,3.9,3.91,10983,3.9161
2026-01-27 08:20,3.92,3.93,3.83,3.83,12139,3.8809
2026-01-27 08:25,3.83,3.85,3.8,3.81,10278,3.8314
2026-01-27 08:30,3.82,3.91,3.82,3.9,29291,3.8805
2026-01-27 08:35,3.91,3.91,3.85,3.85,4719,3.8874
2026-01-27 08:40,3.88,3.91,3.83,3.91,14694,3.882
2026-01-27 08:45,3.92,3.97,3.91,3.94,15051,3.9335
2026-01-27 08:50,3.94,3.96,3.91,3.92,12218,3.9282
2026-01-27 08:55,3.93,3.94,3.88,3.88,14039,3.899
2026-01-27 09:00,3.91,3.91,3.88,3.9,8015,3.8987
2026-01-27 09:05,3.92,3.93,3.89,3.93,11205,3.9226
2026-01-27 09:10,3.92,3.93,3.9,3.9,3089,3.9074
2026-01-27 09:15,3.92,3.92,3.89,3.89,4859,3.899
2026-01-27 09:20,3.88,3.91,3.88,3.91,4637,3.8969
2026-01-27 09:25,3.9,3.9,3.89,3.9,3147,3.8965
2026-01-27 09:30,3.91,3.91,3.89,3.89,2880,3.9018
2026-01-27 09:35,3.89,3.89,3.88,3.89,1931,3.8868
2026-01-27 09:40,3.9,3.95,3.9,3.95,3054,3.9235
2026-01-27 09:45,3.97,4,3.97,3.98,8164,3.9896
2026-01-27 09:50,3.97,4.01,3.97,3.98,14980,3.9933
2026-01-27 09:55,4,4.04,4,4.02,27126,4.0125
2026-01-27 10:00,4.02,4.02,3.96,3.97,13431,3.9813
2026-01-27 10:05,3.96,3.98,3.95,3.97,11373,3.9583
2026-01-27 10:10,3.98,3.99,3.95,3.97,11590,3.9724
2026-01-27 10:15,3.97,3.99,3.95,3.97,10937,3.972
2026-01-27 10:20,3.97,3.99,3.96,3.99,10053,3.9763
2026-01-27 10:25,3.99,4,3.96,3.96,9640,3.9831
2026-01-27 10:30,3.97,4,3.95,3.99,12307,3.9734
2026-01-27 10:35,3.98,4,3.95,3.96,30879,3.9748
2026-01-27 10:40,3.95,3.98,3.92,3.95,14399,3.9478
2026-01-27 10:45,3.94,3.95,3.92,3.92,9194,3.934
2026-01-27 10:50,3.94,3.96,3.88,3.96,12501,3.921
2026-01-27 10:55,3.96,3.99,3.93,3.95,19239,3.9649
2026-01-27 11:00,3.96,4.05,3.93,4.02,32340,4.0074
2026-01-27 11:05,4.03,4.04,4.03,4.04,5492,4.0341
2026-01-27 11:10,4.04,4.07,4.02,4.06,16790,4.0477
2026-01-27 11:15,4.07,4.09,4.05,4.09,14989,4.0759
2026-01-27 11:20,4.07,4.09,4.02,4.03,23674,4.0686
2026-01-27 11:25,4.02,4.05,4.01,4.05,14881,4.0277
2026-01-27 11:30,4.04,4.06,4.02,4.05,13392,4.0391
2026-01-27 11:35,4.04,4.1,4.03,4.09,16906,4.078
2026-01-27 11:40,4.1,4.1,4.02,4.02,10998,4.0493
2026-01-27 11:45,4.03,4.05,4.02,4.04,10516,4.0294
2026-01-27 11:50,4.02,4.13,4.01,4.12,121458,4.0862
2026-01-27 11:55,4.1,4.16,4.1,4.12,74586,4.1481
2026-01-27 12:00,4.12,4.14,4.1,4.14,39283,4.1181
2026-01-27 12:05,4.13,4.14,4.11,4.12,12695,4.1245
2026-01-27 12:10,4.12,4.15,4.1,4.1,33259,4.1292
2026-01-27 12:15,4.09,4.11,4.06,4.09,21431,4.0953
2026-01-27 12:20,4.06,4.12,4.06,4.12,6047,4.0983
2026-01-27 12:25,4.12,4.12,4.09,4.11,8636,4.1094
2026-01-27 12:30,4.12,4.12,4.05,4.06,21121,4.085
2026-01-27 12:35,4.07,4.08,4.03,4.05,11753,4.0476
2026-01-27 12:40,4.05,4.11,4.05,4.1,12619,4.0761
2026-01-27 12:45,4.11,4.14,4.08,4.1,19648,4.1111
2026-01-27 12:50,4.09,4.12,4.08,4.11,36269,4.098
2026-01-27 12:55,4.11,4.13,4.09,4.12,67479,4.1095
2026-01-27 13:00,4.05,4.14,4.05,4.1,4116,4.0744
2026-01-27 13:05,4.05,4.05,4.05,4.05,120,4.05
2026-01-27 13:15,4.13,4.13,4.12,4.12,1298,4.1207
2026-01-27 13:20,4.05,4.05,4.05,4.05,535,4.05
2026-01-27 13:45,4.12,4.15,4.1,4.14,7089,4.1203
2026-01-27 13:50,4.15,4.15,4.15,4.15,2995,4.15
2026-01-27 13:55,4.15,4.15,4.15,4.15,1902,4.15
2026-01-27 14:00,4.15,4.15,4.15,4.15,781,4.151
2026-01-27 14:05,4.16,4.16,4.16,4.16,384,4.1599
2026-01-27 14:10,4.15,4.16,4.15,4.15,850,4.1512
2026-01-27 14:15,4.16,4.19,4.16,4.19,10456,4.1633
2026-01-27 14:25,4.19,4.2,4.17,4.19,4704,4.1896
2026-01-27 14:30,4.17,4.17,4.17,4.17,286,4.17
2026-01-27 14:35,4.15,4.15,4.15,4.15,800,4.15
2026-01-27 14:40,4.07,4.07,4.07,4.07,354,4.0701
2026-01-27 14:45,4.15,4.15,4.15,4.15,375,4.15
2026-01-27 15:10,4.17,4.17,4.17,4.17,230,4.1697
2026-01-27 15:25,4.16,4.16,4.16,4.16,200,4.16
2026-01-27 15:30,4.16,4.16,4.16,4.16,445,4.16
2026-01-27 15:35,4.15,4.15,4.15,4.15,1400,4.15
2026-01-27 15:50,4.15,4.15,4.15,4.15,100,4.15
2026-01-27 15:55,4.08,4.08,4.08,4.08,500,4.08
2026-01-27 16:00,4.16,4.16,4.16,4.16,2173,4.1598
2026-01-27 16:10,4.15,4.15,4.15,4.15,500,4.15
2026-01-27 16:15,4.17,4.17,4.17,4.17,6719,4.1695
2026-01-27 16:20,4.17,4.17,4.17,4.17,100,4.1681
2026-01-27 16:45,4.1,4.1,4.1,4.1,206,4.0973
2026-01-27 16:50,4.08,4.16,4.08,4.16,1288,4.1009
2026-01-27 16:55,4.16,4.16,4.16,4.16,265,4.16
2026-01-28 01:00,4.16,4.16,4.16,4.16,180,4.1597
2026-01-28 03:45,4.16,4.16,4.16,4.16,585,4.1581
2026-01-28 04:05,4.07,4.07,4.07,4.07,1000,4.07
2026-01-28 04:25,4.15,4.15,4.15,4.15,575,4.15
2026-01-28 04:30,4.1,4.1,4.05,4.05,7595,4.0789
2026-01-28 04:35,4,4,4,4,1031,4.0003
2026-01-28 04:40,4.13,4.13,4.13,4.13,276,4.13
2026-01-28 04:45,4.06,4.06,4.05,4.05,2101,4.0534
2026-01-28 04:50,3.92,3.92,3.86,3.86,14124,3.8682
2026-01-28 05:00,4.15,4.16,3.85,3.89,20174,3.9969
2026-01-28 05:05,3.89,3.96,3.89,3.96,7770,3.9511
2026-01-28 05:10,4.03,4.03,4.03,4.03,270,4.03
2026-01-28 05:20,4.11,4.11,4.11,4.11,400,4.11
2026-01-28 05:25,4.11,4.11,4.04,4.04,1009,4.0589
2026-01-28 05:30,4.04,4.04,4.04,4.04,224,4.0432
2026-01-28 05:40,4.02,4.05,4,4.05,1352,4.0168
2026-01-28 05:45,4.04,4.04,4.04,4.04,301,4.04
2026-01-28 05:50,4.09,4.09,4.09,4.09,400,4.09
2026-01-28 05:55,4.09,4.15,4.09,4.15,4105,4.1304
2026-01-28 06:00,4.16,4.16,4.16,4.16,5166,4.1598
2026-01-28 06:10,4.07,4.07,4.07,4.07,100,4.07
2026-01-28 06:15,4.1,4.1,4.1,4.1,112,4.0997
2026-01-28 06:20,4.07,4.1,4.07,4.1,773,4.0805
2026-01-28 06:30,4.1,4.1,3.96,4,26313,4.0214
2026-01-28 06:35,4,4,3.96,3.96,22380,3.9927
2026-01-28 06:40,3.99,3.99,3.93,3.93,20839,3.9598
2026-01-28 06:45,3.96,3.98,3.93,3.95,9339,3.9435
2026-01-28 06:50,3.95,3.95,3.9,3.9,8148,3.913
2026-01-28 06:55,3.94,3.96,3.93,3.95,3821,3.9406
2026-01-28 07:00,3.96,3.99,3.96,3.99,4255,3.9726
2026-01-28 07:05,3.98,4.01,3.98,3.99,27200,3.9985
2026-01-28 07:10,3.99,4,3.97,3.98,5241,3.9903
2026-01-28 07:15,3.99,4,3.97,3.98,7632,3.9844
2026-01-28 07:20,3.98,4,3.97,4,17275,3.998
2026-01-28 07:25,3.97,4,3.96,3.99,11125,3.9907
2026-01-28 07:30,3.99,3.99,3.93,3.93,4500,3.9545
2026-01-28 07:35,3.94,3.96,3.94,3.96,3851,3.9523
2026-01-28 07:40,3.95,3.96,3.95,3.95,3242,3.952
2026-01-28 07:45,3.96,3.96,3.93,3.93,7544,3.9332
2026-01-28 07:50,3.93,3.93,3.9,3.92,6310,3.9114
2026-01-28 07:55,3.91,3.92,3.87,3.9,16231,3.8929
2026-01-28 08:00,3.87,3.89,3.87,3.88,3748,3.8763
2026-01-28 08:05,3.88,3.88,3.81,3.81,34145,3.8396
2026-01-28 08:10,3.82,3.82,3.79,3.79,27933,3.8054
2026-01-28 08:15,3.8,3.82,3.77,3.82,47974,3.7852
2026-01-28 08:20,3.81,3.82,3.8,3.82,15048,3.8131
2026-01-28 08:25,3.83,3.86,3.8,3.85,10888,3.8323
2026-01-28 08:30,3.86,3.89,3.82,3.85,38754,3.8581
2026-01-28 08:35,3.86,3.89,3.84,3.86,11987,3.8655
2026-01-28 08:40,3.88,3.88,3.83,3.84,14892,3.8649
2026-01-28 08:45,3.86,3.89,3.83,3.87,14528,3.8609
2026-01-28 08:50,3.86,3.89,3.85,3.88,10840,3.8736
2026-01-28 08:55,3.89,3.92,3.88,3.9,20505,3.8991
2026-01-28 09:00,3.9,3.92,3.88,3.91,10947,3.9028
2026-01-28 09:05,3.9,3.91,3.89,3.91,3975,3.8995
2026-01-28 09:10,3.9,3.92,3.9,3.91,5021,3.904
2026-01-28 09:15,3.89,3.93,3.89,3.9,6727,3.9021
2026-01-28 09:20,3.9,3.91,3.85,3.89,21762,3.8701
2026-01-28 09:25,3.89,3.92,3.86,3.89,9211,3.8998
2026-01-28 09:30,3.86,3.88,3.85,3.85,8530,3.8651
2026-01-28 09:35,3.86,3.88,3.83,3.83,12447,3.8609
2026-01-28 09:40,3.84,3.86,3.82,3.84,9781,3.8414
2026-01-28 09:45,3.84,3.86,3.82,3.86,12654,3.8429
2026-01-28 09:50,3.86,3.87,3.85,3.85,2218,3.8593
2026-01-28 09:55,3.85,3.85,3.83,3.85,9665,3.8422
2026-01-28 10:00,3.85,3.85,3.83,3.85,13705,3.8411
2026-01-28 10:05,3.85,3.85,3.83,3.84,10515,3.8409
2026-01-28 10:10,3.85,3.87,3.84,3.87,12236,3.8591
2026-01-28 10:15,3.88,3.88,3.81,3.85,20109,3.8367
2026-01-28 10:20,3.83,3.86,3.82,3.85,11576,3.8473
2026-01-28 10:25,3.86,3.89,3.84,3.87,4925,3.8622
2026-01-28 10:30,3.87,3.87,3.86,3.87,908,3.8658
2026-01-28 10:35,3.89,3.89,3.88,3.88,822,3.8813
2026-01-28 10:40,3.88,3.89,3.88,3.89,1430,3.8858
2026-01-28 10:45,3.88,3.91,3.88,3.91,2667,3.9032
2026-01-28 10:50,3.9,3.9,3.87,3.88,2534,3.8774
2026-01-28 10:55,3.88,3.88,3.85,3.88,1015,3.8685
2026-01-28 11:00,3.89,3.9,3.83,3.85,8164,3.8478
2026-01-28 11:05,3.86,3.89,3.85,3.89,7986,3.8608
2026-01-28 11:10,3.89,3.9,3.85,3.9,840,3.88
2026-01-28 11:20,3.88,3.88,3.88,3.88,589,3.8757
2026-01-28 11:25,3.89,3.91,3.87,3.87,2865,3.8946
2026-01-28 11:30,3.85,3.92,3.84,3.85,11224,3.8607
2026-01-28 11:35,3.9,3.9,3.85,3.88,7675,3.8788
2026-01-28 11:40,3.9,3.9,3.83,3.86,17494,3.8518
2026-01-28 11:45,3.86,3.89,3.83,3.88,15572,3.8551
2026-01-28 11:50,3.88,3.89,3.85,3.89,12432,3.8705
2026-01-28 11:55,3.87,3.89,3.84,3.85,16367,3.8683
2026-01-28 12:00,3.84,3.86,3.84,3.85,11793,3.8505
2026-01-28 12:05,3.86,3.86,3.83,3.85,18688,3.8495
2026-01-28 12:10,3.85,3.86,3.83,3.86,11961,3.8523
2026-01-28 12:15,3.86,3.86,3.85,3.85,3401,3.8595
2026-01-28 12:20,3.85,3.89,3.85,3.86,6916,3.8716
2026-01-28 12:25,3.86,3.89,3.85,3.87,12239,3.868
2026-01-28 12:30,3.85,3.89,3.85,3.85,7921,3.8647
2026-01-28 12:35,3.87,3.91,3.85,3.89,11316,3.8871
2026-01-28 12:40,3.88,3.91,3.88,3.9,13121,3.8952
2026-01-28 12:45,3.91,3.91,3.87,3.91,33479,3.8918
2026-01-28 12:50,3.9,3.93,3.88,3.93,24756,3.9102
2026-01-28 12:55,3.92,3.95,3.9,3.94,23770,3.9267
2026-01-28 13:00,3.87,3.87,3.87,3.87,132,3.8704
2026-01-28 13:20,3.9,3.9,3.9,3.9,1315,3.9
2026-01-28 13:25,3.9,3.93,3.87,3.87,3488,3.8813
2026-01-28 13:35,3.9,3.9,3.9,3.9,5225,3.9002
2026-01-28 13:40,3.9,3.9,3.9,3.9,250,3.9
2026-01-28 13:45,3.91,3.96,3.91,3.96,15333,3.9567
2026-01-28 14:05,3.91,3.91,3.91,3.91,1540,3.9114
2026-01-28 14:10,3.96,3.96,3.96,3.96,111,3.9589
2026-01-28 14:20,3.92,3.92,3.92,3.92,350,3.9257
2026-01-28 14:25,3.91,3.91,3.91,3.91,2020,3.91
2026-01-28 14:45,3.95,3.95,3.95,3.95,222,3.95
2026-01-28 15:00,3.92,3.92,3.9,3.9,3669,3.9104
2026-01-28 15:10,3.9,3.9,3.9,3.9,2282,3.9006
2026-01-28 15:20,3.92,3.92,3.92,3.92,100,3.92
2026-01-28 15:50,3.92,3.92,3.92,3.92,112,3.92
2026-01-28 16:00,3.9,3.9,3.9,3.9,256,3.9
2026-01-28 16:15,3.9,3.9,3.87,3.87,1716,3.8974
2026-01-28 16:55,3.9,3.9,3.9,3.9,521,3.9
2026-01-29 04:00,3.96,3.96,3.96,3.96,667,3.96
2026-01-29 04:20,3.98,3.98,3.98,3.98,550,3.98
2026-01-29 04:55,3.92,3.92,3.92,3.92,329,3.9217
2026-01-29 05:00,3.92,3.92,3.92,3.92,551,3.92
2026-01-29 05:10,3.9,3.9,3.9,3.9,222,3.9
2026-01-29 05:15,3.96,3.97,3.96,3.96,2439,3.9605
2026-01-29 05:20,3.96,3.96,3.95,3.95,1137,3.9573
2026-01-29 05:30,3.96,3.96,3.96,3.96,400,3.96
2026-01-29 05:35,3.95,3.95,3.95,3.95,250,3.95
2026-01-29 05:50,3.95,3.95,3.95,3.95,460,3.95
2026-01-29 06:20,3.96,3.96,3.96,3.96,810,3.9588
2026-01-29 06:30,3.97,3.97,3.79,3.82,17165,3.8482
2026-01-29 06:35,3.85,3.92,3.82,3.91,16926,3.8844
2026-01-29 06:40,3.9,3.9,3.81,3.84,9728,3.8645
2026-01-29 06:45,3.84,3.84,3.8,3.83,7499,3.8204
2026-01-29 06:50,3.82,3.84,3.78,3.78,27239,3.8011
2026-01-29 06:55,3.77,3.78,3.75,3.76,17932,3.7602
2026-01-29 07:00,3.74,3.75,3.71,3.73,30489,3.7188
2026-01-29 07:05,3.72,3.76,3.71,3.71,23836,3.7322
2026-01-29 07:10,3.71,3.73,3.71,3.73,65666,3.7139
2026-01-29 07:15,3.74,3.74,3.71,3.72,9651,3.7303
2026-01-29 07:20,3.71,3.77,3.71,3.74,22952,3.7348
2026-01-29 07:25,3.75,3.77,3.74,3.74,9198,3.7631
2026-01-29 07:30,3.77,3.78,3.76,3.78,3094,3.7621
2026-01-29 07:35,3.78,3.78,3.74,3.75,6583,3.7423
2026-01-29 07:40,3.74,3.75,3.71,3.72,6243,3.7217
2026-01-29 07:45,3.72,3.72,3.7,3.71,21574,3.7108
2026-01-29 07:50,3.71,3.73,3.65,3.69,39874,3.6794
2026-01-29 07:55,3.67,3.73,3.67,3.72,14003,3.7063
2026-01-29 08:00,3.7,3.73,3.7,3.72,9478,3.7187
2026-01-29 08:05,3.71,3.73,3.7,3.71,12317,3.7068
2026-01-29 08:10,3.71,3.76,3.7,3.76,22444,3.7366
2026-01-29 08:15,3.76,3.81,3.75,3.8,8288,3.7783
2026-01-29 08:20,3.8,3.81,3.8,3.81,13697,3.8021
2026-01-29 08:25,3.81,3.85,3.8,3.84,30520,3.816
2026-01-29 08:30,3.83,3.86,3.83,3.85,21435,3.8463
2026-01-29 08:35,3.86,3.86,3.82,3.84,11717,3.8365
2026-01-29 08:40,3.83,3.86,3.82,3.84,10707,3.8438
2026-01-29 08:45,3.82,3.86,3.8,3.82,19964,3.8347
2026-01-29 08:50,3.82,3.84,3.77,3.8,9814,3.803
2026-01-29 08:55,3.82,3.82,3.75,3.76,9501,3.78
2026-01-29 09:00,3.76,3.8,3.76,3.77,3752,3.7851
2026-01-29 09:05,3.79,3.8,3.77,3.8,1630,3.7875
2026-01-29 09:10,3.77,3.8,3.77,3.79,3706,3.7855
2026-01-29 09:15,3.77,3.81,3.77,3.81,6381,3.7985
2026-01-29 09:20,3.83,3.83,3.83,3.83,636,3.8258
2026-01-29 09:25,3.81,3.84,3.81,3.84,3824,3.8169
2026-01-29 09:35,3.81,3.84,3.81,3.84,9278,3.8307
2026-01-29 09:40,3.83,3.84,3.81,3.81,10948,3.8296
2026-01-29 09:45,3.82,3.83,3.81,3.82,2050,3.8179
2026-01-29 09:50,3.81,3.82,3.79,3.8,6950,3.8085
2026-01-29 09:55,3.77,3.8,3.77,3.79,15199,3.7862
2026-01-29 10:00,3.79,3.8,3.78,3.79,3055,3.7877
2026-01-29 10:05,3.8,3.82,3.8,3.81,5558,3.8095
2026-01-29 10:10,3.83,3.84,3.81,3.82,1133,3.8281
2026-01-29 10:15,3.82,3.83,3.82,3.82,3056,3.8221
2026-01-29 10:20,3.82,3.82,3.8,3.81,842,3.8067
2026-01-29 10:25,3.83,3.83,3.8,3.8,430,3.8167
2026-01-29 10:30,3.8,3.81,3.78,3.78,10513,3.7974
2026-01-29 10:35,3.78,3.81,3.78,3.78,12318,3.7976
2026-01-29 10:40,3.79,3.81,3.78,3.81,13036,3.7994
2026-01-29 10:45,3.8,3.81,3.79,3.8,11413,3.8001
2026-01-29 10:50,3.8,3.81,3.78,3.78,17492,3.7894
2026-01-29 10:55,3.79,3.79,3.77,3.79,12471,3.7811
2026-01-29 11:00,3.78,3.79,3.77,3.78,12247,3.7791
2026-01-29 11:05,3.79,3.8,3.77,3.79,13079,3.7879
2026-01-29 11:10,3.8,3.8,3.78,3.79,8264,3.7903
2026-01-29 11:15,3.79,3.8,3.77,3.79,10507,3.7904
2026-01-29 11:20,3.8,3.8,3.78,3.8,11880,3.7944
2026-01-29 11:25,3.78,3.81,3.78,3.81,9613,3.7942
2026-01-29 11:30,3.8,3.81,3.77,3.78,10022,3.7838
2026-01-29 11:35,3.78,3.78,3.76,3.78,3608,3.7734
2026-01-29 11:40,3.78,3.81,3.77,3.8,8564,3.7889
2026-01-29 11:45,3.8,3.81,3.77,3.78,7146,3.7866
2026-01-29 11:50,3.77,3.78,3.77,3.78,3808,3.7747
2026-01-29 11:55,3.78,3.8,3.76,3.78,8826,3.7821
2026-01-29 12:00,3.76,3.79,3.73,3.76,22629,3.754
2026-01-29 12:05,3.75,3.78,3.73,3.77,14346,3.7553
2026-01-29 12:10,3.76,3.78,3.76,3.77,10258,3.7703
2026-01-29 12:15,3.77,3.78,3.75,3.75,11904,3.7628
2026-01-29 12:20,3.76,3.77,3.75,3.76,10358,3.7579
2026-01-29 12:25,3.76,3.77,3.73,3.73,9595,3.7558
2026-01-29 12:30,3.73,3.76,3.73,3.73,4334,3.7432
2026-01-29 12:35,3.73,3.76,3.72,3.75,17219,3.7574
2026-01-29 12:40,3.75,3.76,3.73,3.73,14788,3.7512
2026-01-29 12:45,3.75,3.79,3.74,3.75,12123,3.7634
2026-01-29 12:50,3.8,3.8,3.75,3.78,19257,3.7621
2026-01-29 12:55,3.77,3.91,3.76,3.9,68857,3.8483
2026-01-29 13:00,3.91,3.91,3.91,3.91,432,3.9081
2026-01-29 13:05,3.84,3.84,3.84,3.84,400,3.84
2026-01-29 13:10,3.88,3.88,3.8,3.8,2423,3.8271
2026-01-29 13:15,3.85,3.85,3.85,3.85,1060,3.8523
2026-01-29 13:20,3.89,3.89,3.89,3.89,877,3.89
2026-01-29 13:35,3.84,3.84,3.84,3.84,100,3.84
2026-01-29 14:05,3.84,3.89,3.84,3.87,2204,3.8594
2026-01-29 14:10,3.89,3.89,3.84,3.84,2120,3.86
2026-01-29 14:15,3.84,3.84,3.82,3.82,6040,3.8392
2026-01-29 14:20,3.82,3.82,3.8,3.8,3000,3.8074
2026-01-29 14:25,3.83,3.83,3.8,3.8,1288,3.8235
2026-01-29 14:45,3.85,3.85,3.85,3.85,6841,3.85
2026-01-29 14:50,3.88,3.88,3.85,3.85,2000,3.8515
2026-01-29 15:00,3.85,3.85,3.85,3.85,3200,3.8508
2026-01-29 15:05,3.86,3.86,3.86,3.86,1050,3.8595
2026-01-29 15:15,3.89,3.89,3.85,3.85,278,3.876
2026-01-29 15:20,3.85,3.89,3.85,3.89,5896,3.8513
2026-01-29 15:45,3.84,3.84,3.84,3.84,1007,3.8404
2026-01-29 16:05,3.9,3.9,3.9,3.9,100,3.9
2026-01-29 16:10,3.84,3.84,3.84,3.84,801,3.84
2026-01-29 16:25,3.9,3.9,3.9,3.9,400,3.9
2026-01-30 03:00,3.9,3.9,3.9,3.9,111,3.9
2026-01-30 03:55,3.9,3.9,3.9,3.9,680,3.9
2026-01-30 04:00,3.9,3.92,3.9,3.92,1025,3.9163
2026-01-30 04:05,3.94,3.94,3.94,3.94,261,3.94
2026-01-30 04:10,3.8,3.8,3.8,3.8,302,3.8003
2026-01-30 04:15,3.84,3.93,3.84,3.91,1168,3.8863
2026-01-30 04:45,3.94,3.94,3.94,3.94,883,3.94
2026-01-30 05:00,3.92,3.95,3.9,3.91,6510,3.9318
2026-01-30 05:05,3.94,3.94,3.94,3.94,5200,3.94
2026-01-30 05:10,3.94,3.94,3.94,3.94,100,3.94
2026-01-30 05:20,3.94,3.94,3.94,3.94,500,3.94
2026-01-30 05:25,3.92,3.94,3.92,3.94,1151,3.9313
2026-01-30 05:45,3.93,3.93,3.93,3.93,140,3.9326
2026-01-30 05:50,3.91,3.91,3.91,3.91,160,3.91
2026-01-30 05:55,3.92,3.92,3.9,3.9,1523,3.9059
2026-01-30 06:00,3.84,3.84,3.84,3.84,1831,3.8432
2026-01-30 06:05,3.84,3.86,3.8,3.86,1361,3.8172
2026-01-30 06:10,3.86,3.86,3.86,3.86,801,3.86
2026-01-30 06:25,3.9,3.9,3.9,3.9,340,3.8882
2026-01-30 06:30,3.95,3.99,3.9,3.99,34982,3.9474
2026-01-30 06:35,3.99,4.02,3.97,3.97,33574,3.9976
2026-01-30 06:40,3.97,4.01,3.95,3.99,31284,3.9713
2026-01-30 06:45,3.99,4.04,3.98,4,29156,4.0175
2026-01-30 06:50,3.99,4.05,3.99,4.03,21873,4.0357
2026-01-30 06:55,4.04,4.04,4,4.01,30467,4.0297
2026-01-30 07:00,4,4,3.99,3.99,6639,3.9963
2026-01-30 07:05,3.98,4.01,3.96,4.01,17966,3.9977
2026-01-30 07:10,4.01,4.02,3.91,3.91,10540,3.9793
2026-01-30 07:15,3.92,3.95,3.87,3.95,15207,3.9121
2026-01-30 07:20,3.96,3.97,3.92,3.92,4155,3.935
2026-01-30 07:25,3.92,3.96,3.92,3.96,4438,3.9216
2026-01-30 07:30,3.94,3.96,3.92,3.94,4819,3.9381
2026-01-30 07:35,3.94,3.99,3.94,3.96,3583,3.9565
2026-01-30 07:40,3.99,4.01,3.95,4,7753,3.9694
2026-01-30 07:45,3.95,4.04,3.95,4.02,8323,4.0188
2026-01-30 07:50,4.03,4.05,3.99,4,6191,4.0101
2026-01-30 07:55,4.02,4.02,3.98,3.98,4745,4.0023
2026-01-30 08:00,3.96,3.98,3.96,3.96,2920,3.9648
2026-01-30 08:05,3.96,4,3.92,3.92,16164,3.9468
2026-01-30 08:10,3.94,3.96,3.89,3.91,38197,3.9196
2026-01-30 08:15,3.92,3.95,3.88,3.95,13579,3.9043
2026-01-30 08:20,3.95,3.96,3.9,3.9,10432,3.9357
2026-01-30 08:25,3.93,3.95,3.9,3.94,9269,3.9216
2026-01-30 08:30,3.93,3.93,3.9,3.9,2781,3.9201
2026-01-30 08:35,3.9,3.96,3.88,3.96,29977,3.9031
2026-01-30 08:40,3.94,4,3.92,3.97,27660,3.9649
2026-01-30 08:45,3.97,3.97,3.9,3.9,26716,3.9212
2026-01-30 08:50,3.91,3.94,3.9,3.93,10016,3.9164
2026-01-30 08:55,3.93,3.95,3.92,3.93,8862,3.9419
2026-01-30 09:00,3.93,3.93,3.9,3.9,5699,3.9178
2026-01-30 09:05,3.88,3.91,3.88,3.9,6701,3.8942
2026-01-30 09:10,3.9,3.95,3.9,3.95,5231,3.9166
2026-01-30 09:15,3.91,3.93,3.89,3.93,6382,3.9052
2026-01-30 09:20,3.91,3.93,3.91,3.93,11148,3.9158
2026-01-30 09:25,3.93,3.93,3.9,3.91,4595,3.9161
2026-01-30 09:30,3.92,3.95,3.9,3.92,4338,3.9315
2026-01-30 09:35,3.9,3.93,3.9,3.92,2094,3.9214
2026-01-30 09:40,3.9,3.94,3.9,3.94,2878,3.9198
2026-01-30 09:45,3.92,3.92,3.88,3.89,8421,3.8965
2026-01-30 09:50,3.9,3.91,3.87,3.89,4806,3.8933
2026-01-30 09:55,3.87,3.91,3.87,3.88,6027,3.8847
2026-01-30 10:00,3.89,3.9,3.88,3.9,6059,3.8903
2026-01-30 10:05,3.9,3.91,3.86,3.88,2938,3.8921
2026-01-30 10:10,3.91,3.91,3.85,3.88,8984,3.881
2026-01-30 10:15,3.85,3.88,3.85,3.87,6097,3.8661
2026-01-30 10:20,3.85,3.88,3.81,3.88,15561,3.8455
2026-01-30 10:25,3.87,3.88,3.82,3.84,11994,3.8474
2026-01-30 10:30,3.84,3.86,3.8,3.84,33842,3.8187
2026-01-30 10:35,3.83,3.85,3.8,3.82,20784,3.8269
2026-01-30 10:40,3.83,3.84,3.78,3.82,27014,3.807
2026-01-30 10:45,3.82,3.83,3.77,3.83,16807,3.8072
2026-01-30 10:50,3.83,3.86,3.82,3.85,12686,3.8383
2026-01-30 10:55,3.86,3.91,3.86,3.91,5861,3.8807
2026-01-30 11:00,3.9,3.96,3.9,3.96,7606,3.9364
2026-01-30 11:05,3.97,3.98,3.94,3.98,4089,3.9677
2026-01-30 11:10,3.98,3.99,3.94,3.99,10270,3.9726
2026-01-30 11:15,3.94,3.95,3.92,3.92,5299,3.9427
2026-01-30 11:20,3.95,3.95,3.93,3.93,802,3.9431
2026-01-30 11:25,3.96,3.96,3.87,3.88,15862,3.9108
2026-01-30 11:30,3.88,3.88,3.75,3.79,45162,3.7957
2026-01-30 11:35,3.79,3.9,3.78,3.85,12430,3.8402
2026-01-30 11:40,3.86,3.89,3.85,3.88,14596,3.8696
2026-01-30 11:45,3.88,3.9,3.85,3.87,10321,3.8701
2026-01-30 11:50,3.88,3.89,3.85,3.87,17314,3.8763
2026-01-30 11:55,3.87,3.89,3.82,3.86,21615,3.861
2026-01-30 12:00,3.86,3.86,3.8,3.8,8968,3.8066
2026-01-30 12:05,3.81,3.84,3.79,3.83,8124,3.8167
2026-01-30 12:10,3.84,3.86,3.79,3.8,19370,3.8255
2026-01-30 12:15,3.79,3.82,3.78,3.81,20699,3.7974
2026-01-30 12:20,3.81,3.82,3.77,3.81,18165,3.8031
2026-01-30 12:25,3.8,3.85,3.8,3.85,18982,3.8192
2026-01-30 12:30,3.85,3.86,3.81,3.82,15640,3.8267
2026-01-30 12:35,3.82,3.85,3.8,3.84,7925,3.8312
2026-01-30 12:40,3.82,3.88,3.81,3.87,20872,3.836
2026-01-30 12:45,3.84,3.87,3.84,3.85,18027,3.8646
2026-01-30 12:50,3.85,3.87,3.82,3.83,15793,3.8409
2026-01-30 12:55,3.84,3.9,3.81,3.88,22413,3.8571
2026-01-30 13:00,3.96,3.98,3.7,3.7,17466,3.7979
2026-01-30 13:05,3.7,3.96,3.7,3.96,5160,3.8287
2026-01-30 13:10,3.89,3.89,3.89,3.89,286,3.89
2026-01-30 13:20,3.9,3.9,3.9,3.9,100,3.9
2026-01-30 13:25,3.92,3.94,3.92,3.94,2845,3.928
2026-01-30 13:30,3.96,4.13,3.96,4.1,10084,4.0435
2026-01-30 13:35,4.08,4.1,4.08,4.1,13376,4.0994
2026-01-30 13:40,4.14,4.14,4.09,4.1,7087,4.108
2026-01-30 13:45,4.1,4.11,4.1,4.1,11536,4.1003
2026-01-30 13:50,4.11,4.11,4.09,4.09,6200,4.0954
2026-01-30 13:55,4.06,4.11,4.06,4.11,737,4.0947
2026-01-30 14:00,4.1,4.1,4.08,4.08,1243,4.0919
2026-01-30 14:05,4.1,4.1,4.1,4.1,500,4.1
2026-01-30 14:10,4.06,4.06,4.05,4.05,1141,4.0531
2026-01-30 14:15,4.03,4.06,3.96,3.98,4047,4.0017
2026-01-30 14:20,4.05,4.05,4.05,4.05,101,4.05
2026-01-30 14:25,4.05,4.05,4.05,4.05,100,4.05
2026-01-30 14:30,4.05,4.05,4.05,4.05,2680,4.05
2026-01-30 14:35,4.04,4.05,3.8,3.8,13516,3.8628
2026-01-30 14:40,4.05,4.06,4,4.06,5744,4.051
2026-01-30 14:45,4,4.01,4,4.01,1728,4.0097
2026-01-30 14:50,4.01,4.01,3.95,3.95,910,3.9862
2026-01-30 14:55,4.04,4.06,4.04,4.06,8924,4.0533
2026-01-30 15:00,4.07,4.1,4.07,4.1,7215,4.0898
2026-01-30 15:05,4.1,4.11,4.1,4.11,10258,4.1075
2026-01-30 15:15,4.02,4.04,4.02,4.04,458,4.0334
2026-01-30 15:20,4.04,4.11,4.03,4.11,1863,4.0809
2026-01-30 15:25,4.1,4.15,4.05,4.09,6317,4.1222
2026-01-30 15:30,4.09,4.2,4.07,4.2,5252,4.1514
2026-01-30 15:35,4.2,4.2,4.1,4.18,10760,4.141
2026-01-30 15:40,4.19,4.2,4.19,4.2,1020,4.195
2026-01-30 15:45,4.2,4.24,4.2,4.24,2699,4.2157
2026-01-30 15:50,4.24,4.24,4.18,4.18,3991,4.2335
2026-01-30 15:55,4.2,4.2,4.19,4.19,2253,4.1911
2026-01-30 16:00,4.24,4.24,4.16,4.2,3314,4.2062
2026-01-30 16:05,4.24,4.28,4.2,4.2,7270,4.2432
2026-01-30 16:10,4.16,4.2,4.16,4.2,984,4.1841
2026-01-30 16:15,4.27,4.28,4.19,4.27,1248,4.2582
2026-01-30 16:20,4.25,4.25,4.25,4.25,1000,4.25
2026-01-30 16:25,4.2,4.2,4.2,4.2,1000,4.2
2026-01-30 16:30,4.2,4.25,4.2,4.25,1336,4.2122
2026-01-30 16:35,4.24,4.24,4.24,4.24,100,4.24
2026-01-30 16:40,4.16,4.16,4.16,4.16,300,4.16
2026-01-30 16:45,4.23,4.24,4.23,4.24,3801,4.2341
2026-01-30 16:50,4.19,4.24,4.19,4.24,5200,4.2359
2026-01-30 16:55,4.24,4.24,4.15,4.15,4220,4.2085
2026-02-02 01:05,4,4,4,4,607,4.0047
2026-02-02 02:10,4.2,4.2,4.2,4.2,100,4.2
2026-02-02 02:50,4.2,4.2,4.2,4.2,226,4.2
2026-02-02 03:15,4.2,4.2,4.2,4.2,500,4.2
2026-02-02 04:00,4.23,4.26,4.21,4.25,4372,4.2424
2026-02-02 04:05,4.2,4.28,4.2,4.2,9613,4.2059
2026-02-02 04:20,4.22,4.22,4.22,4.22,100,4.22
2026-02-02 04:25,4.21,4.21,4.21,4.21,200,4.21
2026-02-02 04:30,4.25,4.25,4.25,4.25,4903,4.25
2026-02-02 04:35,4.25,4.25,4.24,4.24,1396,4.2464
2026-02-02 04:40,4.24,4.25,4.24,4.25,922,4.2446
2026-02-02 04:45,4.28,4.35,4.24,4.24,4500,4.2961
2026-02-02 04:50,4.26,4.34,4.26,4.34,1115,4.2684
2026-02-02 04:55,4.3,4.31,4.3,4.31,720,4.3033
2026-02-02 05:00,4.3,4.35,4.21,4.3,9360,4.291
2026-02-02 05:05,4.28,4.3,4.27,4.28,3196,4.2808
2026-02-02 05:10,4.29,4.32,4.27,4.32,1214,4.2873
2026-02-02 05:15,4.31,4.31,4.3,4.3,735,4.3032
2026-02-02 05:20,4.31,4.36,4.31,4.36,4722,4.3363
2026-02-02 05:25,4.36,4.36,4.32,4.32,789,4.3345
2026-02-02 05:30,4.3,4.34,4.3,4.3,4620,4.3026
2026-02-02 05:35,4.31,4.31,4.28,4.29,1401,4.2877
2026-02-02 05:40,4.29,4.29,4.29,4.29,216,4.2903
2026-02-02 05:45,4.29,4.3,4.28,4.28,6444,4.2841
2026-02-02 05:50,4.3,4.3,4.2,4.2,4716,4.2351
2026-02-02 05:55,4.23,4.29,4.2,4.28,3431,4.2243
2026-02-02 06:00,4.25,4.25,4.25,4.25,810,4.2502
2026-02-02 06:05,4.27,4.28,4.2,4.28,3503,4.2301
2026-02-02 06:10,4.2,4.25,4.2,4.2,2407,4.2057
2026-02-02 06:15,4.25,4.25,4.2,4.2,1275,4.2419
2026-02-02 06:20,4.22,4.23,4.19,4.2,5359,4.2028
2026-02-02 06:25,4.23,4.23,4.23,4.23,272,4.23
2026-02-02 06:30,4.24,4.31,4.05,4.29,93152,4.2062
2026-02-02 06:35,4.29,4.37,4.25,4.35,61990,4.3141
2026-02-02 06:40,4.35,4.37,4.25,4.33,59425,4.3187
2026-02-02 06:45,4.33,4.4,4.29,4.4,88110,4.3452
2026-02-02 06:50,4.4,4.48,4.38,4.48,97839,4.4244
2026-02-02 06:55,4.49,4.49,4.36,4.38,57415,4.4125
2026-02-02 07:00,4.4,4.44,4.36,4.38,57791,4.3873
2026-02-02 07:05,4.39,4.46,4.38,4.38,34993,4.4138
2026-02-02 07:10,4.39,4.43,4.37,4.41,33994,4.4036
2026-02-02 07:15,4.39,4.4,4.36,4.36,38689,4.3742
2026-02-02 07:20,4.37,4.38,4.33,4.37,18556,4.3492
2026-02-02 07:25,4.33,4.4,4.3,4.36,16178,4.3392
2026-02-02 07:30,4.37,4.44,4.35,4.44,23397,4.3958
2026-02-02 07:35,4.43,4.51,4.43,4.49,42867,4.486
2026-02-02 07:40,4.47,4.52,4.44,4.5,30061,4.4743
2026-02-02 07:45,4.48,4.64,4.47,4.64,66296,4.574
2026-02-02 07:50,4.65,4.66,4.61,4.64,37660,4.6393
2026-02-02 07:55,4.64,4.67,4.61,4.64,24758,4.6305
2026-02-02 08:00,4.63,4.64,4.55,4.55,9660,4.5952
2026-02-02 08:05,4.58,4.58,4.54,4.56,8404,4.5537
2026-02-02 08:10,4.58,4.63,4.58,4.59,18252,4.6105
2026-02-02 08:15,4.6,4.62,4.58,4.59,33738,4.5896
2026-02-02 08:20,4.59,4.6,4.56,4.59,18403,4.5804
2026-02-02 08:25,4.58,4.58,4.51,4.51,12124,4.5427
2026-02-02 08:30,4.53,4.54,4.49,4.51,22516,4.5079
2026-02-02 08:35,4.52,4.54,4.47,4.48,55164,4.4946
2026-02-02 08:40,4.48,4.55,4.47,4.55,24664,4.5129
2026-02-02 08:45,4.55,4.56,4.54,4.55,23819,4.5529
2026-02-02 08:50,4.56,4.56,4.53,4.53,30436,4.5537
2026-02-02 08:55,4.54,4.56,4.51,4.55,35554,4.5453
2026-02-02 09:00,4.56,4.56,4.54,4.56,28128,4.5521
2026-02-02 09:05,4.56,4.56,4.51,4.53,54736,4.5475
2026-02-02 09:10,4.54,4.55,4.52,4.54,9003,4.5342
2026-02-02 09:15,4.54,4.54,4.5,4.5,14518,4.5184
2026-02-02 09:20,4.52,4.54,4.5,4.51,6872,4.5137
2026-02-02 09:25,4.51,4.51,4.47,4.49,17942,4.4927
2026-02-02 09:30,4.51,4.51,4.46,4.46,1834,4.4781
2026-02-02 09:35,4.47,4.47,4.45,4.46,26225,4.4576
2026-02-02 09:40,4.45,4.47,4.44,4.47,15074,4.4589
2026-02-02 09:45,4.48,4.51,4.46,4.5,18245,4.487
2026-02-02 09:50,4.51,4.54,4.5,4.52,14370,4.5253
2026-02-02 09:55,4.52,4.56,4.47,4.52,25994,4.515
2026-02-02 10:00,4.52,4.71,4.52,4.7,88206,4.6289
2026-02-02 10:05,4.71,4.71,4.65,4.66,11456,4.6749
2026-02-02 10:10,4.65,4.67,4.6,4.6,12858,4.6231
2026-02-02 10:15,4.61,4.67,4.6,4.65,13655,4.6263
2026-02-02 10:20,4.67,4.73,4.65,4.7,27267,4.6924
2026-02-02 10:25,4.71,4.71,4.65,4.67,34138,4.6843
2026-02-02 10:30,4.65,4.7,4.64,4.67,15109,4.6745
2026-02-02 10:35,4.68,4.69,4.66,4.68,10786,4.6723
2026-02-02 10:40,4.66,4.69,4.62,4.64,21259,4.6407
2026-02-02 10:45,4.62,4.65,4.6,4.65,30719,4.6307
2026-02-02 10:50,4.64,4.66,4.62,4.64,16911,4.6428
2026-02-02 10:55,4.66,4.69,4.62,4.68,9627,4.6618
2026-02-02 11:00,4.69,4.73,4.66,4.68,36080,4.6891
2026-02-02 11:05,4.66,4.69,4.63,4.65,12030,4.6691
2026-02-02 11:10,4.65,4.67,4.62,4.64,21842,4.6421
2026-02-02 11:15,4.64,4.69,4.62,4.64,17770,4.6492
2026-02-02 11:20,4.66,4.72,4.66,4.72,15012,4.6959
2026-02-02 11:25,4.71,4.73,4.66,4.66,29055,4.7067
2026-02-02 11:30,4.66,4.67,4.62,4.64,31228,4.6543
2026-02-02 11:35,4.65,4.67,4.6,4.6,27433,4.6392
2026-02-02 11:40,4.62,4.67,4.6,4.67,17926,4.6428
2026-02-02 11:45,4.67,4.69,4.63,4.64,25374,4.6574
2026-02-02 11:50,4.67,4.67,4.51,4.55,31321,4.6115
2026-02-02 11:55,4.55,4.65,4.51,4.6,29903,4.5878
2026-02-02 12:00,4.58,4.62,4.52,4.59,20621,4.5778
2026-02-02 12:05,4.6,4.62,4.58,4.62,3907,4.6066
2026-02-02 12:10,4.6,4.62,4.55,4.61,15672,4.5837
2026-02-02 12:15,4.58,4.64,4.56,4.62,24417,4.5981
2026-02-02 12:20,4.61,4.64,4.58,4.58,45327,4.6089
2026-02-02 12:25,4.6,4.62,4.52,4.54,13299,4.5761
2026-02-02 12:30,4.52,4.57,4.5,4.51,34925,4.5283
2026-02-02 12:35,4.52,4.54,4.47,4.54,23998,4.5085
2026-02-02 12:40,4.52,4.56,4.49,4.52,23778,4.5177
2026-02-02 12:45,4.5,4.54,4.47,4.51,59797,4.5048
2026-02-02 12:50,4.49,4.52,4.46,4.48,59962,4.4909
2026-02-02 12:55,4.48,4.49,4.31,4.36,85200,4.4455
2026-02-02 13:00,4.45,4.45,4.45,4.45,1178,4.4492
2026-02-02 13:05,4.45,4.45,4.45,4.45,541,4.4499
2026-02-02 13:10,4.4,4.4,4.37,4.37,4022,4.3886
2026-02-02 13:15,4.45,4.45,4.38,4.41,4752,4.3987
2026-02-02 13:20,4.39,4.41,4.39,4.41,1831,4.4062
2026-02-02 13:25,4.49,4.49,4.49,4.49,200,4.49
2026-02-02 13:30,4.55,4.55,4.5,4.5,741,4.5298
2026-02-02 13:35,4.45,4.45,4.4,4.4,9232,4.4018
2026-02-02 13:45,4.47,4.47,4.45,4.45,790,4.4669
2026-02-02 13:50,4.45,4.45,4.45,4.45,829,4.4483
2026-02-02 13:55,4.47,4.47,4.47,4.47,500,4.47
2026-02-02 14:00,4.49,4.49,4.47,4.47,615,4.4822
2026-02-02 14:10,4.5,4.5,4.5,4.5,415,4.4984
2026-02-02 14:20,4.5,4.5,4.5,4.5,200,4.5
2026-02-02 14:25,4.5,4.5,4.5,4.5,200,4.5
2026-02-02 14:30,4.46,4.46,4.46,4.46,100,4.46
2026-02-02 14:45,4.48,4.48,4.48,4.48,2001,4.48
2026-02-02 14:50,4.48,4.5,4.48,4.5,2680,4.4973
2026-02-02 14:55,4.5,4.5,4.46,4.46,389,4.4803
2026-02-02 15:15,4.46,4.46,4.46,4.46,278,4.46
2026-02-02 15:25,4.5,4.5,4.5,4.5,370,4.5
2026-02-02 15:30,4.5,4.5,4.5,4.5,595,4.5
2026-02-02 15:35,4.5,4.51,4.46,4.46,1067,4.4945
2026-02-02 15:45,4.51,4.51,4.51,4.51,100,4.51
2026-02-02 16:00,4.5,4.5,4.48,4.48,684,4.4854
2026-02-02 16:10,4.5,4.51,4.5,4.51,1997,4.5082
2026-02-02 16:25,4.51,4.51,4.51,4.51,1253,4.5091
2026-02-02 16:30,4.48,4.48,4.48,4.48,201,4.4803
2026-02-02 16:35,4.51,4.51,4.51,4.51,1949,4.5093
2026-02-02 16:40,4.52,4.53,4.52,4.53,2542,4.5283
2026-02-02 16:45,4.48,4.48,4.41,4.41,2530,4.4351
2026-02-02 16:50,4.41,4.49,4.41,4.49,5811,4.4114
2026-02-02 16:55,4.5,4.5,4.5,4.5,8159,4.5001
2026-02-03 01:05,4.42,4.42,4.42,4.42,690,4.4201
2026-02-03 04:00,4.54,4.58,4.45,4.45,21137,4.5462
2026-02-03 04:10,4.49,4.5,4.49,4.49,933,4.4954
2026-02-03 04:15,4.48,4.49,4.48,4.49,1200,4.4883
2026-02-03 04:20,4.5,4.53,4.5,4.53,789,4.519
2026-02-03 04:25,4.53,4.55,4.53,4.55,1050,4.5433
2026-02-03 04:30,4.55,4.55,4.55,4.55,479,4.55
2026-02-03 04:35,4.54,4.56,4.54,4.56,707,4.5522
2026-02-03 04:45,4.5,4.5,4.4,4.4,3888,4.4381
2026-02-03 04:50,4.42,4.44,4.41,4.44,1873,4.4257
2026-02-03 04:55,4.4,4.4,4.4,4.4,600,4.4
2026-02-03 05:00,4.49,4.58,4.32,4.4,24094,4.4334
2026-02-03 05:05,4.4,4.4,4.4,4.4,810,4.4008
2026-02-03 05:10,4.38,4.41,4.38,4.41,4180,4.4046
2026-02-03 05:15,4.43,4.48,4.43,4.48,1486,4.4341
2026-02-03 05:20,4.43,4.43,4.4,4.4,200,4.415
2026-02-03 05:25,4.4,4.45,4.4,4.45,885,4.4412
2026-02-03 05:30,4.41,4.41,4.39,4.4,3800,4.3999
2026-02-03 05:35,4.44,4.44,4.44,4.44,167,4.424
2026-02-03 05:40,4.4,4.44,4.38,4.38,2567,4.4106
2026-02-03 05:45,4.38,4.41,4.35,4.35,4215,4.3837
2026-02-03 05:50,4.38,4.38,4.38,4.38,300,4.38
2026-02-03 05:55,4.35,4.35,4.35,4.35,110,4.3527
2026-02-03 06:00,4.35,4.35,4.27,4.32,3472,4.3136
2026-02-03 06:05,4.32,4.32,4.14,4.14,16718,4.2506
2026-02-03 06:10,4.14,4.3,4.1,4.28,3379,4.1961
2026-02-03 06:15,4.28,4.28,4.25,4.26,400,4.2675
2026-02-03 06:20,4.26,4.28,4.26,4.28,1805,4.2688
2026-02-03 06:25,4.3,4.3,4.3,4.3,962,4.3
2026-02-03 06:30,4.27,4.29,4.05,4.2,87119,4.158
2026-02-03 06:35,4.22,4.25,4.17,4.22,51367,4.2206
2026-02-03 06:40,4.23,4.31,4.2,4.26,24022,4.2577
2026-02-03 06:45,4.25,4.26,4.15,4.18,29791,4.1831
2026-02-03 06:50,4.15,4.24,4.15,4.19,29794,4.1603
2026-02-03 06:55,4.15,4.19,4.14,4.14,25731,4.1609
2026-02-03 07:00,4.14,4.16,4.09,4.13,55850,4.1129
2026-02-03 07:05,4.15,4.15,4.1,4.11,13775,4.1165
2026-02-03 07:10,4.11,4.15,4.09,4.1,24769,4.1083
2026-02-03 07:15,4.09,4.12,4.08,4.12,56889,4.095
2026-02-03 07:20,4.12,4.2,4.12,4.15,44718,4.169
2026-02-03 07:25,4.13,4.2,4.13,4.17,9233,4.1717
2026-02-03 07:30,4.17,4.25,4.17,4.24,9077,4.2077
2026-02-03 07:35,4.24,4.25,4.2,4.23,11822,4.2328
2026-02-03 07:40,4.25,4.25,4.21,4.21,4243,4.228
2026-02-03 07:45,4.21,4.26,4.21,4.25,5097,4.2306
2026-02-03 07:50,4.23,4.26,4.23,4.24,4511,4.2403
2026-02-03 07:55,4.23,4.24,4.18,4.2,11897,4.2077
2026-02-03 08:00,4.21,4.23,4.2,4.2,11615,4.2062
2026-02-03 08:05,4.19,4.19,4.11,4.15,29152,4.1377
2026-02-03 08:10,4.15,4.16,4.12,4.15,23035,4.1374
2026-02-03 08:15,4.12,4.16,4.12,4.14,6335,4.1362
2026-02-03 08:20,4.13,4.13,4.1,4.1,12918,4.1163
2026-02-03 08:25,4.12,4.13,4.09,4.09,16049,4.1116
2026-02-03 08:30,4.1,4.12,4.08,4.1,7261,4.0977
2026-02-03 08:35,4.11,4.11,4.09,4.09,19143,4.1025
2026-02-03 08:40,4.1,4.12,4.1,4.12,10142,4.1103
2026-02-03 08:45,4.11,4.11,4.09,4.1,7412,4.0935
2026-02-03 08:50,4.1,4.1,4.09,4.1,3264,4.0921
2026-02-03 08:55,4.11,4.14,4.1,4.11,19669,4.1206
2026-02-03 09:00,4.12,4.14,4.11,4.14,3404,4.1238
2026-02-03 09:05,4.15,4.15,4.12,4.12,8732,4.1324
2026-02-03 09:10,4.12,4.15,4.12,4.14,9029,4.1346
2026-02-03 09:15,4.15,4.16,4.12,4.16,11153,4.1475
2026-02-03 09:20,4.15,4.2,4.12,4.17,24642,4.1659
2026-02-03 09:25,4.17,4.17,4.12,4.14,17865,4.1384
2026-02-03 09:30,4.12,4.16,4.12,4.15,12371,4.1323
2026-02-03 09:35,4.15,4.16,4.13,4.14,9773,4.1392
2026-02-03 09:40,4.13,4.15,4.1,4.1,25122,4.1232
2026-02-03 09:45,4.11,4.11,4.06,4.09,24044,4.0789
2026-02-03 09:50,4.06,4.1,4.05,4.06,14180,4.0717
2026-02-03 09:55,4.07,4.07,4.04,4.05,16420,4.0477
2026-02-03 10:00,4.05,4.05,4,4.03,43481,4.0222
2026-02-03 10:05,4.04,4.09,4.03,4.05,24584,4.0661
2026-02-03 10:10,4.07,4.08,4,4,16638,4.0408
2026-02-03 10:15,4.01,4.04,3.95,4.01,67339,3.9925
2026-02-03 10:20,4,4.01,3.95,3.95,19171,3.9918
2026-02-03 10:25,3.95,3.99,3.92,3.93,41460,3.9524
2026-02-03 10:30,3.92,3.96,3.9,3.94,43811,3.9327
2026-02-03 10:35,3.95,4.04,3.94,4.04,23650,3.9701
2026-02-03 10:40,4.02,4.04,3.97,3.99,24434,4.0001
2026-02-03 10:45,4,4,3.96,3.99,35184,3.9816
2026-02-03 10:50,3.99,4.04,3.98,4.04,11817,4.0022
2026-02-03 10:55,4.04,4.08,4.03,4.03,16748,4.0649
2026-02-03 11:00,4.03,4.05,4.02,4.04,1503,4.0328
2026-02-03 11:05,4.04,4.05,4.01,4.04,7808,4.0357
2026-02-03 11:10,4.05,4.15,4.03,4.07,39392,4.0939
2026-02-03 11:15,4.1,4.16,4.06,4.13,34220,4.116
2026-02-03 11:20,4.16,4.16,4.14,4.14,19289,4.1576
2026-02-03 11:25,4.15,4.17,4.14,4.16,12390,4.1483
2026-02-03 11:30,4.15,4.17,4.14,4.17,5398,4.1577
2026-02-03 11:35,4.17,4.2,4.16,4.16,22066,4.1785
2026-02-03 11:40,4.2,4.27,4.2,4.27,12606,4.2177
2026-02-03 11:45,4.27,4.27,4.16,4.19,22981,4.1956
2026-02-03 11:50,4.19,4.22,4.16,4.17,12983,4.1873
2026-02-03 11:55,4.19,4.2,4.17,4.17,4709,4.1827
2026-02-03 12:00,4.16,4.19,4.15,4.16,23383,4.1706
2026-02-03 12:05,4.16,4.18,4.1,4.12,21542,4.1248
2026-02-03 12:10,4.12,4.14,4.1,4.14,8447,4.116
2026-02-03 12:15,4.14,4.2,4.14,4.19,14700,4.1674
2026-02-03 12:20,4.19,4.24,4.18,4.23,14186,4.2078
2026-02-03 12:25,4.22,4.23,4.2,4.2,10314,4.2195
2026-02-03 12:30,4.19,4.22,4.14,4.17,11886,4.1731
2026-02-03 12:35,4.16,4.17,4.12,4.15,8626,4.1487
2026-02-03 12:40,4.15,4.15,4.12,4.15,14396,4.1413
2026-02-03 12:45,4.15,4.15,4.08,4.14,20465,4.1426
2026-02-03 12:50,4.11,4.15,4.08,4.14,20981,4.1267
2026-02-03 12:55,4.14,4.21,4.1,4.2,15686,4.1542
2026-02-03 13:00,4.24,4.24,4.24,4.24,2616,4.24
2026-02-03 13:05,4.2,4.2,4.2,4.2,229,4.1993
2026-02-03 13:10,4.14,4.14,4.14,4.14,1192,4.141
2026-02-03 13:15,4.16,4.2,4.16,4.2,725,4.1669
2026-02-03 13:25,4.19,4.19,4.19,4.19,326,4.1892
2026-02-03 13:35,4.19,4.19,4.19,4.19,258,4.19
2026-02-03 13:50,4.18,4.18,4.18,4.18,1995,4.18
2026-02-03 13:55,4.19,4.19,4.19,4.19,116,4.1886
2026-02-03 14:00,4.19,4.19,4.19,4.19,301,4.19
2026-02-03 14:05,4.18,4.18,4.18,4.18,101,4.18
2026-02-03 14:45,4.19,4.19,4.19,4.19,239,4.19
2026-02-03 14:50,4.18,4.18,4.18,4.18,2476,4.18
2026-02-03 15:15,4.19,4.19,4.18,4.18,588,4.1816
2026-02-03 15:25,4.19,4.19,4.18,4.18,2351,4.1823
2026-02-03 15:30,4.18,4.18,4.18,4.18,3723,4.1801
2026-02-03 15:35,4.2,4.2,4.2,4.2,5995,4.2
2026-02-03 15:50,4.17,4.17,4.17,4.17,1551,4.1743
2026-02-03 16:00,4.21,4.21,4.16,4.16,4001,4.1775
2026-02-03 16:10,4.17,4.17,4.17,4.17,100,4.17
2026-02-03 16:15,4.15,4.15,4.15,4.15,709,4.1505
2026-02-03 16:25,4.1,4.1,4.1,4.1,795,4.1
2026-02-03 16:45,4.1,4.1,4.1,4.1,103,4.1026
2026-02-03 16:55,4.21,4.21,4.21,4.21,468,4.21
2026-02-04 01:15,4.25,4.25,4.25,4.25,436,4.25
2026-02-04 04:00,4.25,4.25,4.2,4.2,639,4.2258
2026-02-04 04:20,4.2,4.2,4.2,4.2,201,4.2
2026-02-04 04:30,4.2,4.2,4.2,4.2,1217,4.2004
2026-02-04 04:35,4.17,4.17,4.17,4.17,400,4.1701
2026-02-04 04:40,4.17,4.17,4.17,4.17,400,4.17
2026-02-04 05:00,4.16,4.24,4.16,4.19,3335,4.1812
2026-02-04 05:10,4.19,4.23,4.19,4.23,2183,4.2103
2026-02-04 05:20,4.24,4.3,4.24,4.3,4468,4.2862
2026-02-04 05:25,4.3,4.37,4.28,4.37,6655,4.3084
2026-02-04 05:30,4.32,4.32,4.28,4.28,1473,4.3054
2026-02-04 05:35,4.3,4.3,4.28,4.28,875,4.288
2026-02-04 05:40,4.28,4.28,4.28,4.28,999,4.28
2026-02-04 05:45,4.28,4.28,4.28,4.28,300,4.28
2026-02-04 05:50,4.28,4.31,4.28,4.28,1601,4.2847
2026-02-04 05:55,4.28,4.28,4.28,4.28,1525,4.28
2026-02-04 06:00,4.25,4.25,4.25,4.25,200,4.25
2026-02-04 06:05,4.25,4.25,4.18,4.18,4070,4.2086
2026-02-04 06:15,4.22,4.22,4.22,4.22,215,4.22
2026-02-04 06:30,4.27,4.27,4.08,4.2,43164,4.1713
2026-02-04 06:35,4.16,4.19,4.11,4.13,5760,4.1613
2026-02-04 06:40,4.2,4.2,4.12,4.18,5200,4.1665
2026-02-04 06:45,4.15,4.26,4.15,4.22,9391,4.2232
2026-02-04 06:50,4.26,4.26,4.2,4.21,5852,4.242
2026-02-04 06:55,4.25,4.27,4.2,4.21,19684,4.225
2026-02-04 07:00,4.24,4.26,4.2,4.2,4758,4.2329
2026-02-04 07:05,4.21,4.33,4.2,4.29,29390,4.2743
2026-02-04 07:10,4.33,4.35,4.3,4.33,7632,4.3256
2026-02-04 07:15,4.3,4.35,4.3,4.3,11061,4.3116
2026-02-04 07:20,4.3,4.36,4.27,4.27,44133,4.3143
2026-02-04 07:25,4.33,4.34,4.26,4.28,43606,4.2912
2026-02-04 07:30,4.27,4.27,4.16,4.2,59007,4.2039
2026-02-04 07:35,4.21,4.25,4.2,4.22,8110,4.2238
2026-02-04 07:40,4.22,4.25,4.21,4.24,1577,4.2288
2026-02-04 07:45,4.26,4.33,4.26,4.31,18293,4.2878
2026-02-04 07:50,4.3,4.3,4.22,4.29,9264,4.2834
2026-02-04 07:55,4.3,4.32,4.28,4.29,1864,4.301
2026-02-04 08:00,4.29,4.29,4.23,4.23,9302,4.2647
2026-02-04 08:05,4.22,4.25,4.22,4.25,1976,4.2388
2026-02-04 08:10,4.23,4.23,4.22,4.22,2752,4.2252
2026-02-04 08:15,4.24,4.26,4.22,4.23,1809,4.2358
2026-02-04 08:20,4.23,4.23,4.2,4.23,4226,4.2184
2026-02-04 08:25,4.24,4.26,4.23,4.26,4865,4.2483
2026-02-04 08:30,4.25,4.25,4.21,4.22,1994,4.2449
2026-02-04 08:35,4.22,4.22,4.2,4.2,3689,4.2129
2026-02-04 08:40,4.2,4.2,4.18,4.18,1933,4.193
2026-02-04 08:45,4.17,4.18,4.1,4.13,18230,4.1425
2026-02-04 08:50,4.14,4.15,4.12,4.13,2366,4.1393
2026-02-04 08:55,4.13,4.16,4.13,4.15,4879,4.1515
2026-02-04 09:00,4.15,4.17,4.14,4.15,6300,4.1549
2026-02-04 09:05,4.16,4.16,4.15,4.16,4155,4.1547
2026-02-04 09:10,4.16,4.2,4.16,4.18,24372,4.1908
2026-02-04 09:15,4.18,4.18,4.16,4.16,625,4.17
2026-02-04 09:20,4.17,4.18,4.17,4.17,1171,4.1725
2026-02-04 09:25,4.16,4.17,4.12,4.13,6410,4.1514
2026-02-04 09:30,4.15,4.16,4.14,4.14,1940,4.1462
2026-02-04 09:35,4.15,4.15,4.11,4.12,8117,4.1357
2026-02-04 09:40,4.12,4.12,4.07,4.07,14296,4.0939
2026-02-04 09:45,4.09,4.12,4.06,4.11,21677,4.0845
2026-02-04 09:50,4.1,4.11,4.06,4.09,12506,4.0823
2026-02-04 09:55,4.09,4.12,4.09,4.12,11491,4.103
2026-02-04 10:00,4.13,4.13,4.09,4.09,3419,4.1085
2026-02-04 10:05,4.11,4.12,4.11,4.11,1313,4.1152
2026-02-04 10:10,4.11,4.12,4.06,4.06,8504,4.0911
2026-02-04 10:15,4.08,4.08,4.06,4.08,821,4.0739
2026-02-04 10:20,4.1,4.11,4.06,4.06,3734,4.0958
2026-02-04 10:25,4.08,4.12,4.08,4.12,6718,4.096
2026-02-04 10:30,4.12,4.13,4.11,4.13,971,4.1215
2026-02-04 10:35,4.13,4.13,4.1,4.1,2363,4.107
2026-02-04 10:40,4.11,4.14,4.11,4.14,307,4.1202
2026-02-04 10:45,4.14,4.15,4.14,4.15,714,4.1371
2026-02-04 10:50,4.13,4.15,4.12,4.15,2927,4.1337
2026-02-04 10:55,4.17,4.18,4.15,4.15,3515,4.1648
2026-02-04 11:00,4.16,4.17,4.1,4.15,10628,4.1419
2026-02-04 11:05,4.12,4.19,4.12,4.17,11202,4.1471
2026-02-04 11:10,4.14,4.21,4.13,4.18,7142,4.1713
2026-02-04 11:15,4.17,4.2,4.16,4.19,11828,4.1835
2026-02-04 11:20,4.17,4.25,4.17,4.24,18969,4.2233
2026-02-04 11:25,4.21,4.25,4.2,4.24,33304,4.2379
2026-02-04 11:30,4.24,4.25,4.21,4.25,19764,4.244
2026-02-04 11:35,4.25,4.25,4.23,4.23,14559,4.2436
2026-02-04 11:40,4.25,4.31,4.23,4.3,24361,4.2698
2026-02-04 11:45,4.3,4.3,4.22,4.28,17496,4.2547
2026-02-04 11:50,4.28,4.28,4.22,4.27,10287,4.2624
2026-02-04 11:55,4.28,4.34,4.24,4.34,14924,4.2924
2026-02-04 12:00,4.3,4.34,4.26,4.31,15642,4.3081
2026-02-04 12:05,4.32,4.34,4.25,4.31,16433,4.2995
2026-02-04 12:10,4.31,4.31,4.25,4.27,8637,4.2763
2026-02-04 12:15,4.28,4.3,4.27,4.27,19744,4.2822
2026-02-04 12:20,4.29,4.29,4.25,4.27,8189,4.2743
2026-02-04 12:25,4.26,4.29,4.25,4.25,10796,4.266
2026-02-04 12:30,4.25,4.28,4.24,4.28,11575,4.2568
2026-02-04 12:35,4.26,4.29,4.23,4.27,16284,4.2664
2026-02-04 12:40,4.26,4.28,4.17,4.21,71626,4.2075
2026-02-04 12:45,4.21,4.26,4.2,4.25,17904,4.229
2026-02-04 12:50,4.25,4.27,4.23,4.26,10404,4.2517
2026-02-04 12:55,4.25,4.25,4.2,4.22,10325,4.235
2026-02-04 13:00,4.3,4.3,4.3,4.3,207,4.2739
2026-02-04 13:20,4.26,4.26,4.26,4.26,493,4.2669
2026-02-04 13:25,4.29,4.29,4.29,4.29,486,4.289
2026-02-04 13:30,4.28,4.29,4.28,4.29,200,4.2869
2026-02-04 13:35,4.34,4.35,4.34,4.35,1000,4.334
2026-02-04 14:20,4.3,4.3,4.3,4.3,101,4.2999
2026-02-04 14:35,4.3,4.3,4.3,4.3,300,4.2975
2026-02-04 14:45,4.25,4.25,4.25,4.25,600,4.2501
2026-02-04 14:50,4.3,4.3,4.3,4.3,192,4.3
2026-02-04 15:00,4.3,4.3,4.3,4.3,150,4.3
2026-02-04 15:15,4.3,4.3,4.3,4.3,110,4.3
2026-02-04 15:20,4.3,4.3,4.3,4.3,253,4.2946
2026-02-04 15:35,4.3,4.3,4.3,4.3,200,4.2648
2026-02-04 16:00,4.24,4.33,4.24,4.33,791,4.3003
2026-02-04 16:10,4.3,4.3,4.3,4.3,750,4.3
2026-02-04 16:15,4.3,4.3,4.3,4.3,500,4.3
2026-02-04 16:20,4.3,4.32,4.3,4.3,2336,4.3009
2026-02-04 16:40,4.2,4.2,4.2,4.2,150,4.2003
2026-02-04 16:45,4.32,4.32,4.2,4.2,2641,4.3041
2026-02-05 04:00,4.26,4.26,4.26,4.26,500,4.26
2026-02-05 04:15,4.32,4.36,4.24,4.24,2773,4.318
2026-02-05 04:25,4.25,4.25,4.2,4.2,1589,4.2161
2026-02-05 04:35,4.2,4.2,4.2,4.2,500,4.2
2026-02-05 04:40,4.18,4.18,4.18,4.18,178,4.1839
2026-02-05 04:45,4.19,4.19,4.19,4.19,122,4.19
2026-02-05 04:50,4.19,4.2,4.19,4.2,2053,4.191
2026-02-05 05:00,4.25,4.25,4.15,4.19,1965,4.2087
2026-02-05 05:05,4.19,4.19,4.19,4.19,130,4.19
2026-02-05 05:25,4.15,4.15,4.15,4.15,300,4.15
2026-02-05 05:30,4.15,4.15,4.1,4.11,2789,4.1126
2026-02-05 05:40,4.16,4.18,4.1,4.11,4274,4.1432
2026-02-05 05:45,4.15,4.15,4.09,4.09,1208,4.1227
2026-02-05 05:50,4.11,4.11,4.11,4.11,205,4.112
2026-02-05 05:55,4.11,4.11,4.11,4.11,457,4.1137
2026-02-05 06:15,4.19,4.19,4.11,4.11,395,4.1394
2026-02-05 06:20,4.16,4.16,4.15,4.15,782,4.1585
2026-02-05 06:25,4.16,4.17,4.15,4.15,570,4.1638
2026-02-05 06:30,4.2,4.23,4.11,4.14,24026,4.1745
2026-02-05 06:35,4.16,4.26,4.14,4.24,49017,4.167
2026-02-05 06:40,4.23,4.34,4.23,4.3,13885,4.2815
2026-02-05 06:45,4.28,4.32,4.22,4.23,10248,4.251
2026-02-05 06:50,4.26,4.31,4.26,4.31,8987,4.2855
2026-02-05 06:55,4.3,4.4,4.28,4.36,34799,4.3597
2026-02-05 07:00,4.34,4.38,4.33,4.38,13125,4.3673
2026-02-05 07:05,4.4,4.42,4.37,4.42,23257,4.3948
2026-02-05 07:10,4.41,4.41,4.3,4.3,25003,4.3581
2026-02-05 07:15,4.3,4.34,4.3,4.34,31646,4.338
2026-02-05 07:20,4.33,4.34,4.31,4.31,6434,4.3239
2026-02-05 07:25,4.34,4.36,4.3,4.35,23993,4.3339
2026-02-05 07:30,4.36,4.37,4.28,4.29,11816,4.333
2026-02-05 07:35,4.29,4.3,4.23,4.27,27618,4.2589
2026-02-05 07:40,4.28,4.28,4.25,4.25,7476,4.2595
2026-02-05 07:45,4.25,4.26,4.2,4.25,13527,4.2267
2026-02-05 07:50,4.24,4.25,4.2,4.21,5615,4.2096
2026-02-05 07:55,4.22,4.29,4.2,4.29,7524,4.2295
2026-02-05 08:00,4.29,4.3,4.25,4.25,6925,4.2824
2026-02-05 08:05,4.26,4.27,4.22,4.24,3441,4.247
2026-02-05 08:10,4.25,4.28,4.25,4.27,3432,4.2625
2026-02-05 08:15,4.28,4.39,4.28,4.37,15166,4.3627
2026-02-05 08:20,4.38,4.4,4.33,4.38,19041,4.3781
2026-02-05 08:25,4.4,4.41,4.36,4.4,7307,4.3896
2026-02-05 08:30,4.4,4.4,4.31,4.36,21050,4.3653
2026-02-05 08:35,4.36,4.39,4.33,4.39,10019,4.3603
2026-02-05 08:40,4.36,4.42,4.35,4.37,8536,4.3761
2026-02-05 08:45,4.38,4.38,4.3,4.34,53905,4.3763
2026-02-05 08:50,4.34,4.38,4.33,4.36,5483,4.3589
2026-02-05 08:55,4.36,4.38,4.36,4.37,10849,4.3688
2026-02-05 09:00,4.36,4.36,4.34,4.34,4030,4.3535
2026-02-05 09:05,4.34,4.37,4.34,4.35,2989,4.3521
2026-02-05 09:10,4.33,4.35,4.3,4.32,2116,4.3353
2026-02-05 09:15,4.33,4.36,4.3,4.3,17473,4.3292
2026-02-05 09:20,4.31,4.34,4.26,4.3,12456,4.2955
2026-02-05 09:25,4.3,4.34,4.29,4.33,13915,4.313
2026-02-05 09:30,4.34,4.35,4.31,4.35,1831,4.3249
2026-02-05 09:35,4.35,4.36,4.34,4.36,2478,4.3499
2026-02-05 09:40,4.36,4.4,4.36,4.4,4224,4.3772
2026-02-05 09:45,4.4,4.4,4.39,4.39,4515,4.395
2026-02-05 09:50,4.38,4.41,4.37,4.39,3540,4.3941
2026-02-05 09:55,4.41,4.41,4.37,4.4,3192,4.3841
2026-02-05 10:00,4.36,4.4,4.31,4.34,18589,4.3605
2026-02-05 10:05,4.35,4.37,4.28,4.28,6752,4.3104
2026-02-05 10:10,4.28,4.33,4.27,4.31,3133,4.2959
2026-02-05 10:15,4.32,4.32,4.26,4.32,15065,4.2974
2026-02-05 10:20,4.29,4.32,4.25,4.28,12819,4.2811
2026-02-05 10:25,4.28,4.32,4.27,4.32,8870,4.3014
2026-02-05 10:30,4.3,4.32,4.26,4.3,9811,4.2942
2026-02-05 10:35,4.26,4.3,4.17,4.18,19702,4.2201
2026-02-05 10:40,4.17,4.19,4.15,4.17,31478,4.1676
2026-02-05 10:45,4.15,4.18,4.15,4.15,10808,4.1664
2026-02-05 10:50,4.17,4.2,4.15,4.19,17095,4.1685
2026-02-05 10:55,4.2,4.22,4.15,4.21,22416,4.1709
2026-02-05 11:00,4.19,4.22,4.18,4.19,12031,4.1955
2026-02-05 11:05,4.2,4.25,4.2,4.25,10051,4.2218
2026-02-05 11:10,4.25,4.26,4.21,4.25,5807,4.2298
2026-02-05 11:15,4.24,4.25,4.2,4.2,6357,4.2164
2026-02-05 11:20,4.23,4.24,4.2,4.24,6067,4.2203
2026-02-05 11:25,4.22,4.24,4.17,4.18,4085,4.1969
2026-02-05 11:30,4.17,4.21,4.16,4.2,8727,4.1759
2026-02-05 11:35,4.18,4.2,4.17,4.19,2269,4.1907
2026-02-05 11:40,4.19,4.19,4.16,4.16,6015,4.1774
2026-02-05 11:45,4.18,4.19,4.16,4.18,2182,4.1793
2026-02-05 11:50,4.18,4.19,4.16,4.16,2503,4.1705
2026-02-05 11:55,4.18,4.19,4.17,4.19,1974,4.1792
2026-02-05 12:00,4.18,4.21,4.15,4.17,16995,4.172
2026-02-05 12:05,4.21,4.24,4.18,4.21,14215,4.2098
2026-02-05 12:10,4.2,4.22,4.16,4.19,23003,4.2004
2026-02-05 12:15,4.18,4.19,4.12,4.12,22682,4.1568
2026-02-05 12:20,4.13,4.15,4.11,4.15,16466,4.1275
2026-02-05 12:25,4.15,4.18,4.11,4.15,15897,4.1447
2026-02-05 12:30,4.16,4.16,4.12,4.13,14349,4.1297
2026-02-05 12:35,4.12,4.16,4.11,4.15,23015,4.1281
2026-02-05 12:40,4.16,4.18,4.09,4.09,77847,4.1166
2026-02-05 12:45,4.09,4.14,4.08,4.1,32377,4.1035
2026-02-05 12:50,4.11,4.14,4.1,4.11,31083,4.1162
2026-02-05 12:55,4.1,4.11,4.07,4.08,15811,4.089
2026-02-05 13:00,4.12,4.12,4.12,4.12,328,4.1171
2026-02-05 13:05,4.08,4.08,4.08,4.08,332,4.0651
2026-02-05 13:10,4.08,4.08,4.02,4.03,1278,4.0381
2026-02-05 13:15,4.11,4.11,4.11,4.11,200,4.11
2026-02-05 13:20,4.12,4.12,4.12,4.12,100,4.12
2026-02-05 13:40,4.05,4.11,3.97,3.97,7233,4.0039
2026-02-05 13:45,3.9,3.9,3.89,3.89,1285,3.9013
2026-02-05 13:50,3.95,3.95,3.95,3.95,349,3.9591
2026-02-05 13:55,3.95,3.95,3.9,3.91,3127,3.9109
2026-02-05 14:00,3.93,3.93,3.77,3.84,8593,3.8506
2026-02-05 14:05,3.84,3.84,3.84,3.84,1058,3.838
2026-02-05 14:10,3.84,3.84,3.84,3.84,1955,3.84
2026-02-05 14:15,3.84,3.98,3.84,3.98,5382,3.8624
2026-02-05 14:25,3.9,3.9,3.89,3.89,1566,3.8919
2026-02-05 14:30,3.89,3.89,3.89,3.89,1046,3.89
2026-02-05 14:40,3.91,3.91,3.91,3.91,880,3.91
2026-02-05 15:00,3.91,3.91,3.91,3.91,1364,3.91
2026-02-05 15:10,3.93,3.93,3.93,3.93,252,3.93
2026-02-05 15:15,3.93,3.93,3.93,3.93,142,3.9298
2026-02-05 15:20,3.93,3.93,3.93,3.93,250,3.93
2026-02-05 15:35,3.93,3.93,3.93,3.93,2100,3.93
2026-02-05 16:10,3.91,3.91,3.9,3.9,2233,3.9026
2026-02-05 16:15,3.91,3.91,3.91,3.91,222,3.91
2026-02-05 16:20,3.93,3.93,3.93,3.93,675,3.9292
2026-02-05 16:25,3.98,3.98,3.98,3.98,600,3.98
2026-02-05 16:30,3.92,3.92,3.9,3.9,3053,3.9136
2026-02-05 16:40,4,4,4,4,100,4
2026-02-05 16:45,4,4,4,4,2025,4
2026-02-06 01:00,4,4,4,4,500,4
2026-02-06 01:35,4,4,3.8,3.8,3289,3.9607
2026-02-06 01:50,4,4.08,4,4.08,1300,4.0492
2026-02-06 03:05,4.05,4.05,4.05,4.05,334,4.05
2026-02-06 03:40,4,4,4,4,100,4
2026-02-06 04:05,4.07,4.07,4.07,4.07,350,4.07
2026-02-06 04:10,4.08,4.08,4.08,4.08,999,4.0805
2026-02-06 04:15,4.16,4.16,4.16,4.16,452,4.1578
2026-02-06 04:20,4.16,4.16,4.16,4.16,173,4.16
2026-02-06 04:25,4.14,4.14,4.14,4.14,400,4.14
2026-02-06 04:35,4.16,4.16,4.15,4.15,1436,4.157
2026-02-06 04:45,4.2,4.23,4.2,4.23,1676,4.2183
2026-02-06 04:50,4.24,4.25,4.24,4.25,1331,4.2455
2026-02-06 04:55,4.25,4.25,4.24,4.24,617,4.2426
2026-02-06 05:00,4.16,4.24,4.03,4.17,2603,4.163
2026-02-06 05:05,4.17,4.17,4.17,4.17,7204,4.17
2026-02-06 05:10,4.17,4.17,4.08,4.08,3431,4.1465
2026-02-06 05:15,4.18,4.2,4.18,4.2,615,4.187
2026-02-06 05:20,4.2,4.2,4.18,4.18,930,4.1978
2026-02-06 05:25,4.15,4.15,4.15,4.15,1070,4.1491
2026-02-06 05:35,4.19,4.19,4.19,4.19,100,4.19
2026-02-06 05:55,4.2,4.21,4.2,4.2,1160,4.206
2026-02-06 06:05,4.2,4.2,4.2,4.2,790,4.2
2026-02-06 06:10,4.19,4.19,4.19,4.19,100,4.19
2026-02-06 06:20,4.18,4.18,4.18,4.18,2227,4.18
2026-02-06 06:25,4.16,4.16,4.12,4.12,1018,4.1351
2026-02-06 06:30,4.16,4.28,4.16,4.28,46696,4.2169
2026-02-06 06:35,4.23,4.25,4.18,4.2,31534,4.2121
2026-02-06 06:40,4.19,4.25,4.17,4.19,13526,4.2087
2026-02-06 06:45,4.2,4.32,4.2,4.32,24011,4.2787
2026-02-06 06:50,4.32,4.36,4.25,4.25,16962,4.3201
2026-02-06 06:55,4.23,4.27,4.23,4.23,6220,4.2504
2026-02-06 07:00,4.2,4.23,4.2,4.22,2921,4.223
2026-02-06 07:05,4.23,4.23,4.16,4.16,12066,4.1984
2026-02-06 07:10,4.16,4.22,4.14,4.14,5585,4.1658
2026-02-06 07:15,4.15,4.16,4.1,4.14,5071,4.1291
2026-02-06 07:20,4.15,4.2,4.12,4.13,14515,4.1476
2026-02-06 07:25,4.15,4.19,4.13,4.19,6079,4.165
2026-02-06 07:30,4.2,4.2,4.14,4.17,3411,4.1794
2026-02-06 07:35,4.16,4.16,4.13,4.16,7584,4.145
2026-02-06 07:40,4.17,4.17,4.13,4.15,18735,4.1354
2026-02-06 07:45,4.16,4.17,4.16,4.17,3297,4.1586
2026-02-06 07:50,4.15,4.16,4.1,4.1,5835,4.1326
2026-02-06 07:55,4.11,4.15,4.1,4.12,5248,4.1232
2026-02-06 08:00,4.16,4.2,4.15,4.16,11522,4.163
2026-02-06 08:05,4.16,4.16,4.12,4.14,25555,4.1478
2026-02-06 08:10,4.13,4.14,4.1,4.12,3471,4.1192
2026-02-06 08:15,4.15,4.15,4.1,4.1,2417,4.1141
2026-02-06 08:20,4.1,4.15,4.05,4.06,17485,4.071
2026-02-06 08:25,4.07,4.09,4.07,4.09,2817,4.0796
2026-02-06 08:30,4.1,4.14,4.1,4.11,5671,4.1198
2026-02-06 08:35,4.15,4.16,4.12,4.16,5901,4.1352
2026-02-06 08:40,4.12,4.13,4.12,4.12,3323,4.1206
2026-02-06 08:45,4.13,4.13,4.13,4.13,205,4.13
2026-02-06 08:50,4.14,4.16,4.13,4.13,5555,4.1509
2026-02-06 08:55,4.14,4.14,4.14,4.14,549,4.1363
2026-02-06 09:00,4.13,4.13,4.13,4.13,2625,4.1301
2026-02-06 09:05,4.13,4.16,4.13,4.16,2273,4.1516
2026-02-06 09:10,4.17,4.17,4.14,4.16,1795,4.1516
2026-02-06 09:15,4.11,4.14,4.11,4.12,1891,4.1297
2026-02-06 09:20,4.14,4.16,4.14,4.16,4428,4.1495
2026-02-06 09:25,4.16,4.2,4.14,4.17,29471,4.168
2026-02-06 09:30,4.18,4.19,4.16,4.17,7329,4.1789
2026-02-06 09:35,4.18,4.19,4.18,4.18,7622,4.1802
2026-02-06 09:40,4.18,4.18,4.16,4.16,3325,4.1689
2026-02-06 09:45,4.18,4.19,4.17,4.18,1941,4.1756
2026-02-06 09:50,4.17,4.19,4.17,4.19,4524,4.182
2026-02-06 09:55,4.16,4.19,4.15,4.18,9672,4.1683
2026-02-06 10:00,4.17,4.19,4.16,4.19,3717,4.1744
2026-02-06 10:05,4.18,4.19,4.14,4.14,1301,4.1566
2026-02-06 10:10,4.14,4.17,4.13,4.13,6299,4.1419
2026-02-06 10:15,4.12,4.17,4.12,4.14,2134,4.1538
2026-02-06 10:20,4.16,4.17,4.12,4.12,13651,4.141
2026-02-06 10:25,4.14,4.16,4.08,4.12,14949,4.1191
2026-02-06 10:30,4.1,4.12,4.06,4.07,11446,4.089
2026-02-06 10:35,4.09,4.11,4.06,4.07,9425,4.0794
2026-02-06 10:40,4.1,4.12,4.05,4.07,22818,4.0711
2026-02-06 10:45,4.07,4.1,4.06,4.09,17212,4.0818
2026-02-06 10:50,4.07,4.1,4.07,4.09,6414,4.087
2026-02-06 10:55,4.1,4.11,4.07,4.11,9360,4.0875
2026-02-06 11:00,4.09,4.11,4.05,4.05,5820,4.077
2026-02-06 11:05,4.07,4.1,4.07,4.07,4992,4.0823
2026-02-06 11:10,4.09,4.18,4.07,4.14,14761,4.1411
2026-02-06 11:15,4.14,4.18,4.14,4.17,11761,4.1495
2026-02-06 11:20,4.15,4.19,4.13,4.19,2370,4.1599
2026-02-06 11:25,4.17,4.23,4.15,4.23,8243,4.1748
2026-02-06 11:30,4.21,4.23,4.17,4.18,7785,4.1922
2026-02-06 11:35,4.19,4.2,4.15,4.17,22597,4.1633
2026-02-06 11:40,4.19,4.19,4.15,4.17,3010,4.1665
2026-02-06 11:45,4.16,4.23,4.15,4.23,20330,4.1908
2026-02-06 11:50,4.23,4.23,4.18,4.2,6735,4.2134
2026-02-06 11:55,4.23,4.23,4.15,4.19,21728,4.1911
2026-02-06 12:00,4.17,4.2,4.15,4.2,9869,4.1833
2026-02-06 12:05,4.17,4.2,4.16,4.17,7092,4.1745
2026-02-06 12:10,4.17,4.19,4.15,4.16,6613,4.1625
2026-02-06 12:15,4.18,4.19,4.16,4.18,20571,4.1734
2026-02-06 12:20,4.18,4.23,4.17,4.23,13036,4.1975
2026-02-06 12:25,4.22,4.23,4.18,4.19,9918,4.2035
2026-02-06 12:30,4.19,4.2,4.17,4.18,12701,4.1894
2026-02-06 12:35,4.18,4.19,4.16,4.18,27438,4.1815
2026-02-06 12:40,4.16,4.21,4.16,4.2,13895,4.1856
2026-02-06 12:45,4.2,4.22,4.18,4.19,16683,4.1981
2026-02-06 12:50,4.18,4.23,4.18,4.22,45364,4.2059
2026-02-06 12:55,4.22,4.25,4.19,4.22,30980,4.2236
2026-02-06 13:00,4.13,4.17,4.05,4.14,8701,4.0878
2026-02-06 13:10,4.19,4.19,4.19,4.19,202,4.1903
2026-02-06 13:20,4.2,4.2,4.2,4.2,1063,4.2002
2026-02-06 13:25,4.2,4.2,4.2,4.2,100,4.2
2026-02-06 13:55,4.25,4.25,4.25,4.25,550,4.25
2026-02-06 14:00,4.26,4.26,4.26,4.26,311,4.26
2026-02-06 14:05,4.26,4.26,4.26,4.26,100,4.26
2026-02-06 14:10,4.23,4.23,4.23,4.23,128,4.23
2026-02-06 14:15,4.23,4.26,4.23,4.26,700,4.2557
2026-02-06 14:20,4.28,4.28,4.28,4.28,500,4.28
2026-02-06 14:25,4.27,4.32,4.27,4.27,5033,4.2903
2026-02-06 14:35,4.3,4.3,4.3,4.3,2086,4.299
2026-02-06 15:05,4.28,4.28,4.28,4.28,100,4.28
2026-02-06 15:10,4.27,4.28,4.27,4.27,931,4.2722
2026-02-06 15:15,4.27,4.27,4.27,4.27,180,4.27
2026-02-06 15:30,4.2,4.2,4.2,4.2,573,4.2047
2026-02-06 15:40,4.28,4.28,4.28,4.28,120,4.28
2026-02-06 15:50,4.28,4.28,4.28,4.28,512,4.28
2026-02-06 15:55,4.28,4.36,4.28,4.36,3046,4.3247
2026-02-06 16:15,4.22,4.25,4.22,4.25,305,4.2371
2026-02-06 16:20,4.24,4.24,4.22,4.22,840,4.2321
2026-02-06 16:35,4.22,4.22,4.22,4.22,204,4.22
2026-02-09 04:00,4.35,4.35,4.3,4.3,510,4.3206
2026-02-09 04:05,4.3,4.3,4.3,4.3,100,4.3
2026-02-09 04:10,4.3,4.3,4.3,4.3,100,4.3
2026-02-09 04:15,4.37,4.37,4.35,4.35,1502,4.3633
2026-02-09 04:35,4.3,4.3,4.3,4.3,291,4.3
2026-02-09 04:50,4.34,4.34,4.3,4.3,1340,4.3303
2026-02-09 04:55,4.27,4.27,4.27,4.27,689,4.2725
2026-02-09 05:00,4.3,4.37,4.25,4.25,788,4.2785
2026-02-09 05:10,4.33,4.33,4.33,4.33,135,4.33
2026-02-09 05:15,4.25,4.25,4.25,4.25,1040,4.25
2026-02-09 05:25,4.29,4.29,4.29,4.29,500,4.2923
2026-02-09 05:35,4.3,4.3,4.3,4.3,100,4.3
2026-02-09 05:40,4.3,4.3,4.3,4.3,100,4.3
2026-02-09 05:50,4.29,4.29,4.29,4.29,410,4.29
2026-02-09 05:55,4.3,4.3,4.3,4.3,130,4.3
2026-02-09 06:00,4.34,4.34,4.33,4.33,352,4.3349
2026-02-09 06:05,4.34,4.34,4.34,4.34,645,4.3351
2026-02-09 06:25,4.29,4.29,4.29,4.29,117,4.2901
2026-02-09 06:30,4.3,4.3,4.22,4.25,12126,4.2715
2026-02-09 06:35,4.24,4.24,4.22,4.22,6281,4.2308
2026-02-09 06:40,4.22,4.22,4.1,4.15,37608,4.1343
2026-02-09 06:45,4.14,4.16,4.11,4.12,11552,4.1347
2026-02-09 06:50,4.12,4.12,4.08,4.11,23129,4.0933
2026-02-09 06:55,4.16,4.19,4.14,4.16,18875,4.1737
2026-02-09 07:00,4.16,4.21,4.11,4.18,28892,4.1785
2026-02-09 07:05,4.17,4.2,4.17,4.19,8920,4.1814
2026-02-09 07:10,4.18,4.2,4.13,4.16,15128,4.1622
2026-02-09 07:15,4.17,4.17,4.16,4.16,395,4.1606
2026-02-09 07:20,4.18,4.2,4.18,4.18,27127,4.1845
2026-02-09 07:25,4.18,4.19,4.15,4.15,5164,4.1723
2026-02-09 07:30,4.16,4.18,4.15,4.18,7774,4.1645
2026-02-09 07:35,4.16,4.19,4.12,4.12,11730,4.1419
2026-02-09 07:40,4.17,4.17,4.11,4.11,18690,4.1173
2026-02-09 07:45,4.16,4.19,4.16,4.19,2604,4.1676
2026-02-09 07:50,4.19,4.2,4.14,4.18,24006,4.1817
2026-02-09 07:55,4.15,4.18,4.15,4.18,5550,4.1521
2026-02-09 08:00,4.18,4.21,4.16,4.16,5575,4.1744
2026-02-09 08:05,4.18,4.18,4.16,4.16,5931,4.1761
2026-02-09 08:10,4.18,4.24,4.18,4.23,3154,4.2069
2026-02-09 08:15,4.24,4.24,4.23,4.23,1803,4.2297
2026-02-09 08:20,4.25,4.25,4.2,4.2,55203,4.2021
2026-02-09 08:25,4.19,4.2,4.19,4.2,1250,4.1941
2026-02-09 08:30,4.2,4.21,4.2,4.21,901,4.2011
2026-02-09 08:35,4.2,4.2,4.19,4.19,1629,4.1944
2026-02-09 08:40,4.18,4.2,4.18,4.2,1419,4.1962
2026-02-09 08:45,4.19,4.2,4.18,4.2,4938,4.1908
2026-02-09 08:50,4.18,4.2,4.18,4.2,1096,4.1948
2026-02-09 08:55,4.2,4.21,4.2,4.21,1927,4.2067
2026-02-09 09:00,4.23,4.24,4.21,4.24,3501,4.2234
2026-02-09 09:05,4.22,4.22,4.19,4.19,5998,4.1939
2026-02-09 09:10,4.19,4.2,4.18,4.18,3041,4.1891
2026-02-09 09:15,4.18,4.19,4.13,4.15,14586,4.1635
2026-02-09 09:20,4.13,4.16,4.13,4.14,5041,4.1382
2026-02-09 09:25,4.15,4.16,4.15,4.16,1994,4.1545
2026-02-09 09:30,4.14,4.16,4.12,4.13,3693,4.1344
2026-02-09 09:35,4.14,4.16,4.14,4.15,4473,4.1499
2026-02-09 09:40,4.15,4.16,4.13,4.15,5575,4.1481
2026-02-09 09:45,4.16,4.2,4.13,4.18,11451,4.168
2026-02-09 09:50,4.17,4.2,4.17,4.19,8627,4.1934
2026-02-09 09:55,4.19,4.21,4.17,4.17,16731,4.1979
2026-02-09 10:00,4.19,4.2,4.15,4.17,7785,4.1697
2026-02-09 10:05,4.17,4.18,4.13,4.14,7771,4.1559
2026-02-09 10:10,4.13,4.17,4.13,4.14,10160,4.152
2026-02-09 10:15,4.14,4.16,4.13,4.15,4412,4.1438
2026-02-09 10:20,4.13,4.16,4.12,4.14,13290,4.1386
2026-02-09 10:25,4.15,4.15,4.12,4.15,4310,4.1407
2026-02-09 10:30,4.14,4.14,4.13,4.13,2773,4.1405
2026-02-09 10:35,4.13,4.15,4.11,4.14,9417,4.1265
2026-02-09 10:40,4.15,4.16,4.12,4.14,8181,4.1418
2026-02-09 10:45,4.13,4.16,4.13,4.14,15860,4.145
2026-02-09 10:50,4.14,4.17,4.14,4.16,11738,4.1563
2026-02-09 10:55,4.17,4.17,4.13,4.15,10671,4.1532
2026-02-09 11:00,4.15,4.15,4.15,4.15,465,4.1499
2026-02-09 11:05,4.15,4.15,4.14,4.15,3017,4.1464
2026-02-09 11:10,4.15,4.17,4.15,4.17,849,4.1659
2026-02-09 11:15,4.18,4.19,4.16,4.17,7020,4.1838
2026-02-09 11:25,4.19,4.19,4.16,4.16,809,4.1768
2026-02-09 11:30,4.17,4.19,4.17,4.19,2523,4.1793
2026-02-09 11:35,4.19,4.22,4.17,4.22,3245,4.197
2026-02-09 11:40,4.21,4.24,4.17,4.17,13941,4.207
2026-02-09 11:45,4.2,4.23,4.18,4.22,11096,4.204
2026-02-09 11:50,4.22,4.23,4.2,4.22,12253,4.2105
2026-02-09 11:55,4.21,4.23,4.19,4.21,13508,4.2131
2026-02-09 12:00,4.22,4.22,4.18,4.22,10779,4.2055
2026-02-09 12:05,4.21,4.23,4.19,4.22,7329,4.211
2026-02-09 12:10,4.2,4.21,4.18,4.19,7517,4.1974
2026-02-09 12:15,4.2,4.22,4.18,4.22,6897,4.2131
2026-02-09 12:20,4.2,4.25,4.2,4.24,10124,4.231
2026-02-09 12:25,4.23,4.25,4.21,4.24,12498,4.2315
2026-02-09 12:30,4.25,4.27,4.25,4.27,23544,4.2638
2026-02-09 12:35,4.27,4.29,4.27,4.27,17447,4.2814
2026-02-09 12:40,4.28,4.29,4.24,4.28,67536,4.2704
2026-02-09 12:45,4.28,4.28,4.24,4.27,10173,4.2588
2026-02-09 12:50,4.28,4.28,4.24,4.25,11348,4.2597
2026-02-09 12:55,4.24,4.26,4.21,4.24,12707,4.2314
2026-02-09 13:05,4.22,4.22,4.19,4.19,913,4.2067
2026-02-09 13:15,4.23,4.23,4.23,4.23,321,4.23
2026-02-09 13:30,4.22,4.22,4.22,4.22,100,4.22
2026-02-09 13:35,4.28,4.28,4.28,4.28,1007,4.2734
2026-02-09 14:00,4.22,4.26,4.22,4.26,330,4.2358
2026-02-09 14:20,4.26,4.26,4.26,4.26,100,4.26
2026-02-09 14:30,4.22,4.22,4.22,4.22,234,4.2207
2026-02-09 14:35,4.25,4.25,4.25,4.25,1150,4.25
2026-02-09 14:45,4.22,4.22,4.22,4.22,100,4.22
2026-02-09 15:00,4.25,4.25,4.25,4.25,100,4.25
2026-02-09 15:50,4.25,4.25,4.25,4.25,100,4.2497
2026-02-09 16:00,4.16,4.16,4.15,4.15,3400,4.1523
2026-02-09 16:15,4.15,4.15,4.15,4.15,1134,4.15
2026-02-09 16:20,4.16,4.17,4.16,4.17,1500,4.1633
2026-02-09 16:30,4.17,4.17,4.17,4.17,240,4.17
2026-02-09 16:55,4.17,4.18,4.17,4.18,403,4.1735
2026-02-10 02:30,4.29,4.29,4.29,4.29,1100,4.2905
2026-02-10 04:05,4.21,4.21,4.21,4.21,227,4.21
2026-02-10 04:10,4.2,4.2,4.2,4.2,500,4.2
2026-02-10 04:20,4.21,4.25,4.21,4.25,549,4.23
2026-02-10 05:10,4.24,4.24,4.24,4.24,200,4.24
2026-02-10 05:45,4.21,4.21,4.21,4.21,205,4.21
2026-02-10 05:55,4.21,4.21,4.21,4.21,201,4.21
2026-02-10 06:05,4.2,4.21,4.2,4.21,481,4.2036
2026-02-10 06:15,4.18,4.18,4.18,4.18,728,4.18
2026-02-10 06:20,4.21,4.21,4.18,4.18,551,4.2046
2026-02-10 06:25,4.24,4.24,4.18,4.18,3448,4.2208
2026-02-10 06:30,4.17,4.2,4.15,4.15,24441,4.1546
2026-02-10 06:35,4.15,4.18,4.1,4.18,43788,4.1208
2026-02-10 06:40,4.17,4.18,4.11,4.18,9525,4.1415
2026-02-10 06:45,4.21,4.24,4.2,4.22,5688,4.2216
2026-02-10 06:50,4.25,4.27,4.22,4.25,10085,4.2504
2026-02-10 06:55,4.24,4.27,4.23,4.26,18436,4.2535
2026-02-10 07:00,4.27,4.28,4.25,4.26,21480,4.2652
2026-02-10 07:05,4.28,4.31,4.24,4.29,13287,4.2815
2026-02-10 07:10,4.3,4.3,4.24,4.27,4752,4.2701
2026-02-10 07:15,4.25,4.27,4.25,4.27,7600,4.2615
2026-02-10 07:20,4.28,4.31,4.28,4.3,13464,4.3
2026-02-10 07:25,4.31,4.35,4.29,4.34,16394,4.3164
2026-02-10 07:30,4.33,4.35,4.31,4.35,4966,4.3325
2026-02-10 07:35,4.35,4.37,4.31,4.32,13676,4.3433
2026-02-10 07:40,4.31,4.31,4.29,4.3,4442,4.3011
2026-02-10 07:45,4.3,4.31,4.3,4.31,3766,4.3048
2026-02-10 07:50,4.3,4.31,4.3,4.3,5263,4.3016
2026-02-10 07:55,4.3,4.3,4.25,4.29,12959,4.2782
2026-02-10 08:00,4.29,4.32,4.29,4.29,7817,4.3127
2026-02-10 08:05,4.3,4.3,4.25,4.25,1614,4.2756
2026-02-10 08:10,4.25,4.3,4.25,4.3,1994,4.2643
2026-02-10 08:15,4.28,4.28,4.28,4.28,104,4.2804
2026-02-10 08:20,4.29,4.29,4.25,4.25,11640,4.2758
2026-02-10 08:25,4.25,4.29,4.25,4.28,2715,4.2649
2026-02-10 08:30,4.28,4.28,4.27,4.28,6303,4.2801
2026-02-10 08:35,4.29,4.3,4.26,4.3,10018,4.2913
2026-02-10 08:40,4.28,4.28,4.25,4.27,7760,4.271
2026-02-10 08:45,4.25,4.25,4.25,4.25,972,4.2503
2026-02-10 08:50,4.26,4.26,4.25,4.26,6659,4.2597
2026-02-10 08:55,4.26,4.28,4.26,4.28,1466,4.2751
2026-02-10 09:00,4.28,4.3,4.26,4.3,571,4.279
2026-02-10 09:05,4.3,4.3,4.3,4.3,201,4.295
2026-02-10 09:10,4.26,4.31,4.26,4.28,1561,4.2915
2026-02-10 09:15,4.29,4.33,4.29,4.33,9710,4.317
2026-02-10 09:20,4.33,4.33,4.32,4.32,4313,4.3209
2026-02-10 09:25,4.33,4.33,4.32,4.32,14764,4.3228
2026-02-10 09:30,4.33,4.33,4.32,4.33,23536,4.3218
2026-02-10 09:35,4.33,4.35,4.32,4.35,13628,4.3331
2026-02-10 09:40,4.35,4.35,4.32,4.34,12739,4.3392
2026-02-10 09:45,4.35,4.36,4.32,4.34,18761,4.3486
2026-02-10 09:50,4.33,4.37,4.33,4.36,15153,4.3491
2026-02-10 09:55,4.36,4.37,4.36,4.37,10248,4.3666
2026-02-10 10:00,4.37,4.39,4.37,4.39,8673,4.3774
2026-02-10 10:05,4.38,4.39,4.36,4.37,68016,4.3799
2026-02-10 10:10,4.36,4.38,4.35,4.37,4266,4.3703
2026-02-10 10:15,4.35,4.38,4.32,4.35,4912,4.3434
2026-02-10 10:20,4.35,4.36,4.32,4.33,4804,4.3356
2026-02-10 10:25,4.32,4.34,4.3,4.31,4772,4.321
2026-02-10 10:30,4.32,4.34,4.3,4.32,8768,4.3182
2026-02-10 10:35,4.34,4.34,4.31,4.31,6211,4.3303
2026-02-10 10:40,4.34,4.35,4.31,4.34,6575,4.3301
2026-02-10 10:45,4.32,4.32,4.32,4.32,100,4.32
2026-02-10 10:50,4.31,4.31,4.3,4.3,1682,4.3046
2026-02-10 10:55,4.31,4.32,4.3,4.31,1655,4.3125
2026-02-10 11:00,4.32,4.33,4.3,4.32,5310,4.3169
2026-02-10 11:05,4.3,4.33,4.3,4.31,10492,4.3144
2026-02-10 11:10,4.32,4.35,4.3,4.33,24471,4.3311
2026-02-10 11:15,4.35,4.35,4.32,4.33,5952,4.3359
2026-02-10 11:20,4.34,4.35,4.32,4.34,6075,4.3316
2026-02-10 11:25,4.35,4.37,4.33,4.36,17187,4.3516
2026-02-10 11:30,4.35,4.37,4.35,4.36,13280,4.3592
2026-02-10 11:35,4.35,4.37,4.34,4.36,11347,4.3587
2026-02-10 11:40,4.36,4.37,4.33,4.34,3992,4.3496
2026-02-10 11:45,4.35,4.36,4.32,4.34,12700,4.3452
2026-02-10 11:50,4.33,4.36,4.26,4.34,28641,4.3216
2026-02-10 11:55,4.31,4.33,4.27,4.3,18058,4.2953
2026-02-10 12:00,4.28,4.31,4.27,4.3,16028,4.2897
2026-02-10 12:05,4.3,4.31,4.27,4.3,8432,4.2889
2026-02-10 12:10,4.28,4.29,4.28,4.28,1241,4.281
2026-02-10 12:15,4.28,4.3,4.27,4.27,10431,4.2856
2026-02-10 12:20,4.28,4.3,4.27,4.27,6418,4.2852
2026-02-10 12:25,4.27,4.3,4.27,4.29,6368,4.2868
2026-02-10 12:30,4.3,4.3,4.27,4.29,5609,4.2833
2026-02-10 12:35,4.27,4.31,4.27,4.29,10722,4.2901
2026-02-10 12:40,4.27,4.31,4.27,4.29,11891,4.2867
2026-02-10 12:45,4.31,4.33,4.28,4.33,11668,4.3167
2026-02-10 12:50,4.33,4.34,4.29,4.31,13257,4.3218
2026-02-10 12:55,4.33,4.33,4.28,4.3,16305,4.3036
2026-02-10 13:10,4.28,4.28,4.28,4.28,1342,4.28
2026-02-10 13:15,4.29,4.29,4.29,4.29,150,4.29
2026-02-10 13:20,4.28,4.28,4.21,4.21,3597,4.2387
2026-02-10 13:35,4.21,4.21,4.21,4.21,200,4.21
2026-02-10 13:50,4.21,4.21,4.21,4.21,800,4.21
2026-02-10 14:25,4.25,4.25,4.25,4.25,161,4.2528
2026-02-10 14:45,4.27,4.27,4.27,4.27,252,4.27
2026-02-10 15:30,4.27,4.28,4.27,4.28,1200,4.2745
2026-02-10 15:50,4.28,4.28,4.28,4.28,450,4.28
2026-02-10 16:00,4.28,4.28,4.28,4.28,100,4.28
2026-02-10 16:05,4.29,4.29,4.29,4.29,403,4.29
2026-02-10 16:45,4.21,4.21,4.21,4.21,2653,4.21
2026-02-10 16:50,4.21,4.21,4.2,4.2,1454,4.2006
2026-02-10 16:55,4.3,4.3,4.3,4.3,161,4.3
2026-02-11 04:20,4.35,4.35,4.35,4.35,200,4.35
2026-02-11 04:35,4.3,4.3,4.3,4.3,199,4.3
2026-02-11 04:50,4.35,4.35,4.35,4.35,500,4.35
2026-02-11 05:00,4.35,4.35,4.28,4.28,4321,4.3442
2026-02-11 05:05,4.34,4.34,4.34,4.34,100,4.34
2026-02-11 05:15,4.35,4.35,4.35,4.35,600,4.35
2026-02-11 05:20,4.28,4.28,4.28,4.28,100,4.28
2026-02-11 05:25,4.35,4.36,4.35,4.36,1211,4.3576
2026-02-11 05:30,4.38,4.38,4.36,4.38,2037,4.3712
2026-02-11 05:40,4.39,4.39,4.39,4.39,180,4.39
2026-02-11 06:05,4.36,4.36,4.36,4.36,590,4.36
2026-02-11 06:10,4.35,4.36,4.35,4.36,1400,4.3507
2026-02-11 06:15,4.35,4.35,4.29,4.29,257,4.3268
2026-02-11 06:25,4.37,4.38,4.37,4.38,2191,4.3706
2026-02-11 06:30,4.41,4.41,4.31,4.33,7770,4.3637
2026-02-11 06:35,4.33,4.34,4.28,4.32,9376,4.3102
2026-02-11 06:40,4.28,4.29,4.22,4.29,9110,4.2623
2026-02-11 06:45,4.28,4.3,4.25,4.25,1820,4.2744
2026-02-11 06:50,4.24,4.25,4.23,4.25,7241,4.2423
2026-02-11 06:55,4.26,4.27,4.26,4.27,358,4.2672
2026-02-11 07:00,4.27,4.27,4.25,4.25,8755,4.2502
2026-02-11 07:05,4.25,4.25,4.2,4.2,2612,4.2233
2026-02-11 07:10,4.22,4.22,4.2,4.2,11635,4.2011
2026-02-11 07:15,4.2,4.2,4.15,4.15,20359,4.1617
2026-02-11 07:20,4.13,4.16,4.13,4.13,5166,4.1408
2026-02-11 07:25,4.14,4.2,4.14,4.18,7660,4.165
2026-02-11 07:30,4.16,4.17,4.15,4.16,3957,4.1584
2026-02-11 07:35,4.18,4.19,4.18,4.19,1662,4.186
2026-02-11 07:40,4.21,4.23,4.21,4.22,2130,4.2148
2026-02-11 07:45,4.21,4.21,4.18,4.18,4075,4.1865
2026-02-11 07:50,4.17,4.2,4.17,4.2,591,4.1832
2026-02-11 07:55,4.2,4.22,4.2,4.22,6913,4.2136
2026-02-11 08:00,4.22,4.22,4.22,4.22,287,4.2169
2026-02-11 08:05,4.23,4.23,4.18,4.19,4476,4.2106
2026-02-11 08:10,4.19,4.19,4.17,4.17,1424,4.1802
2026-02-11 08:15,4.19,4.2,4.18,4.2,2255,4.1958
2026-02-11 08:20,4.2,4.22,4.2,4.2,4139,4.204
2026-02-11 08:25,4.22,4.24,4.22,4.23,2254,4.2233
2026-02-11 08:30,4.22,4.22,4.2,4.2,1317,4.2032
2026-02-11 08:35,4.23,4.23,4.19,4.23,6340,4.209
2026-02-11 08:40,4.21,4.22,4.2,4.2,319,4.2072
2026-02-11 08:45,4.22,4.23,4.22,4.23,1021,4.2225
2026-02-11 08:50,4.22,4.25,4.2,4.23,1936,4.2223
2026-02-11 08:55,4.21,4.21,4.21,4.21,526,4.214
2026-02-11 09:00,4.2,4.2,4.19,4.19,5157,4.1998
2026-02-11 09:05,4.19,4.21,4.18,4.2,12714,4.1997
2026-02-11 09:10,4.2,4.21,4.18,4.2,11520,4.2007
2026-02-11 09:15,4.19,4.21,4.17,4.2,4927,4.1913
2026-02-11 09:20,4.21,4.21,4.21,4.21,600,4.21
2026-02-11 09:25,4.23,4.23,4.2,4.2,5147,4.204
2026-02-11 09:30,4.2,4.2,4.19,4.19,2482,4.1994
2026-02-11 09:35,4.2,4.22,4.19,4.21,8078,4.2014
2026-02-11 09:40,4.2,4.22,4.19,4.21,15522,4.2064
2026-02-11 09:45,4.22,4.23,4.2,4.2,12412,4.2144
2026-02-11 09:50,4.22,4.23,4.2,4.21,8314,4.2147
2026-02-11 09:55,4.22,4.23,4.18,4.2,22164,4.2086
2026-02-11 10:00,4.21,4.21,4.17,4.18,13543,4.1856
2026-02-11 10:05,4.19,4.2,4.15,4.18,16506,4.171
2026-02-11 10:10,4.16,4.18,4.15,4.17,7672,4.1692
2026-02-11 10:15,4.2,4.2,4.18,4.2,6030,4.1946
2026-02-11 10:20,4.19,4.21,4.17,4.21,4536,4.1931
2026-02-11 10:25,4.21,4.21,4.17,4.2,7486,4.179
2026-02-11 10:30,4.2,4.22,4.2,4.21,5043,4.206
2026-02-11 10:35,4.21,4.22,4.19,4.22,6864,4.2096
2026-02-11 10:40,4.22,4.25,4.2,4.23,4539,4.2224
2026-02-11 10:45,4.25,4.25,4.21,4.24,845,4.2299
2026-02-11 10:50,4.23,4.25,4.21,4.24,6504,4.2337
2026-02-11 10:55,4.24,4.25,4.24,4.25,2971,4.2463
2026-02-11 11:00,4.26,4.28,4.23,4.27,6483,4.2597
2026-02-11 11:05,4.28,4.28,4.25,4.27,5042,4.2657
2026-02-11 11:10,4.26,4.28,4.24,4.28,12206,4.2576
2026-02-11 11:15,4.26,4.29,4.24,4.26,9768,4.266
2026-02-11 11:20,4.29,4.3,4.26,4.29,10446,4.2837
2026-02-11 11:25,4.3,4.3,4.25,4.29,19054,4.2653
2026-02-11 11:30,4.28,4.29,4.25,4.27,9937,4.2703
2026-02-11 11:35,4.27,4.29,4.25,4.26,8374,4.272
2026-02-11 11:40,4.26,4.29,4.25,4.27,8646,4.271
2026-02-11 11:45,4.27,4.29,4.25,4.28,15503,4.2713
2026-02-11 11:50,4.28,4.28,4.25,4.26,3832,4.2627
2026-02-11 11:55,4.27,4.27,4.26,4.27,1435,4.2643
2026-02-11 12:00,4.26,4.29,4.26,4.29,7493,4.273
2026-02-11 12:05,4.28,4.29,4.25,4.27,9964,4.2689
2026-02-11 12:10,4.26,4.27,4.22,4.23,9882,4.246
2026-02-11 12:15,4.23,4.25,4.22,4.24,9324,4.2351
2026-02-11 12:20,4.22,4.26,4.22,4.25,8474,4.2412
2026-02-11 12:25,4.24,4.26,4.22,4.22,21454,4.2441
2026-02-11 12:30,4.23,4.25,4.2,4.22,11288,4.2175
2026-02-11 12:35,4.22,4.26,4.2,4.24,10160,4.225
2026-02-11 12:40,4.24,4.27,4.22,4.25,11198,4.2466
2026-02-11 12:45,4.25,4.26,4.22,4.24,10579,4.2467
2026-02-11 12:50,4.26,4.26,4.2,4.23,13327,4.2242
2026-02-11 12:55,4.21,4.25,4.2,4.24,16841,4.2281
2026-02-11 13:10,4.23,4.23,4.2,4.2,325,4.2115
2026-02-11 13:15,4.24,4.24,4.24,4.24,101,4.2406
2026-02-11 13:20,4.2,4.2,4.2,4.2,3067,4.2005
2026-02-11 13:35,4.3,4.3,4.22,4.22,300,4.2429
2026-02-11 13:50,4.22,4.22,4.22,4.22,500,4.22
2026-02-11 13:55,4.27,4.27,4.27,4.27,100,4.27
2026-02-11 14:15,4.2,4.2,4.2,4.2,1195,4.2
2026-02-11 14:25,4.2,4.2,4.2,4.2,2000,4.2
2026-02-11 14:45,4.24,4.27,4.24,4.27,1000,4.2654
2026-02-11 14:55,4.2,4.2,4.2,4.2,200,4.2
2026-02-11 15:05,4.27,4.27,4.27,4.27,248,4.2658
2026-02-11 15:25,4.26,4.26,4.26,4.26,200,4.2623
2026-02-11 15:35,4.2,4.2,4.2,4.2,250,4.2115
2026-02-11 16:40,4.2,4.2,4.2,4.2,100,4.2004
2026-02-11 16:55,4.2,4.2,4.2,4.2,250,4.2017
2026-02-12 04:00,4.31,4.31,4.31,4.31,313,4.31
2026-02-12 04:25,4.25,4.25,4.25,4.25,200,4.25
2026-02-12 04:45,4.25,4.31,4.25,4.31,1485,4.2792
2026-02-12 05:00,4.31,4.31,4.2,4.2,920,4.2398
2026-02-12 05:30,4.32,4.32,4.32,4.32,1163,4.3199
2026-02-12 06:00,4.23,4.23,4.21,4.21,13033,4.2103
2026-02-12 06:20,4.21,4.21,4.21,4.21,102,4.2116
2026-02-12 06:30,4.21,4.3,4.21,4.25,4088,4.2558
2026-02-12 06:35,4.25,4.26,4.18,4.24,14509,4.2003
2026-02-12 06:40,4.23,4.25,4.18,4.18,1248,4.2134
2026-02-12 06:45,4.18,4.19,4.06,4.09,34579,4.1185
2026-02-12 06:50,4.08,4.15,4.08,4.13,24413,4.101
2026-02-12 06:55,4.14,4.15,4.13,4.15,7091,4.1417
2026-02-12 07:00,4.14,4.15,4.14,4.15,1074,4.1436
2026-02-12 07:05,4.15,4.17,4.14,4.16,2722,4.1511
2026-02-12 07:10,4.15,4.15,4.13,4.14,5938,4.1328
2026-02-12 07:15,4.16,4.17,4.13,4.15,1765,4.1504
2026-02-12 07:20,4.15,4.15,4.13,4.13,1302,4.138
2026-02-12 07:25,4.13,4.14,4.12,4.14,3334,4.1293
2026-02-12 07:30,4.12,4.12,4.12,4.12,1003,4.1201
2026-02-12 07:35,4.12,4.13,4.1,4.11,10968,4.1126
2026-02-12 07:40,4.11,4.12,4.1,4.1,10484,4.1054
2026-02-12 07:45,4.11,4.12,4.1,4.1,6430,4.1057
2026-02-12 07:50,4.11,4.11,4.08,4.09,2762,4.1003
2026-02-12 07:55,4.09,4.09,4.07,4.08,2660,4.0828
2026-02-12 08:00,4.07,4.08,4.05,4.08,17190,4.062
2026-02-12 08:05,4.07,4.12,4.06,4.12,9271,4.1029
2026-02-12 08:10,4.09,4.09,4.08,4.08,894,4.0794
2026-02-12 08:15,4.08,4.1,4.06,4.08,16423,4.0724
2026-02-12 08:20,4.07,4.08,4.05,4.06,10178,4.0637
2026-02-12 08:25,4.08,4.08,4.06,4.06,7862,4.0656
2026-02-12 08:30,4.05,4.07,4.05,4.06,3911,4.0576
2026-02-12 08:35,4.09,4.11,4.09,4.11,3530,4.1025
2026-02-12 08:40,4.11,4.13,4.08,4.12,11765,4.1144
2026-02-12 08:45,4.12,4.12,4.09,4.09,6294,4.1019
2026-02-12 08:50,4.09,4.09,4.05,4.07,4300,4.0706
2026-02-12 08:55,4.07,4.09,4.04,4.06,16964,4.0524
2026-02-12 09:00,4.06,4.09,4.06,4.06,5067,4.0767
2026-02-12 09:05,4.07,4.07,4.07,4.07,362,4.0784
2026-02-12 09:10,4.08,4.12,4.08,4.12,2212,4.1044
2026-02-12 09:15,4.12,4.15,4.07,4.07,14478,4.1136
2026-02-12 09:20,4.08,4.15,4.08,4.15,5570,4.1208
2026-02-12 09:25,4.15,4.18,4.14,4.18,7235,4.1621
2026-02-12 09:30,4.18,4.18,4.12,4.15,7364,4.1556
2026-02-12 09:35,4.18,4.18,4.15,4.16,2446,4.1719
2026-02-12 09:40,4.18,4.19,4.15,4.17,4079,4.1708
2026-02-12 09:45,4.15,4.18,4.12,4.13,9215,4.1479
2026-02-12 09:50,4.13,4.16,4.12,4.16,2971,4.1375
2026-02-12 09:55,4.14,4.16,4.14,4.15,10129,4.15
2026-02-12 10:00,4.15,4.15,4.13,4.14,5302,4.1462
2026-02-12 10:05,4.13,4.15,4.13,4.13,904,4.1417
2026-02-12 10:10,4.15,4.15,4.13,4.13,2437,4.1357
2026-02-12 10:15,4.14,4.18,4.13,4.17,21911,4.1584
2026-02-12 10:20,4.17,4.24,4.15,4.2,20475,4.1882
2026-02-12 10:25,4.21,4.26,4.17,4.18,18271,4.2258
2026-02-12 10:30,4.18,4.22,4.15,4.21,7294,4.1888
2026-02-12 10:35,4.22,4.22,4.19,4.19,7260,4.2051
2026-02-12 10:40,4.22,4.22,4.18,4.2,15126,4.2028
2026-02-12 10:45,4.19,4.21,4.17,4.21,9602,4.1921
2026-02-12 10:50,4.18,4.21,4.17,4.21,16457,4.1942
2026-02-12 10:55,4.2,4.21,4.15,4.17,15893,4.174
2026-02-12 11:00,4.16,4.2,4.16,4.17,13124,4.1791
2026-02-12 11:05,4.15,4.18,4.15,4.17,15911,4.1664
2026-02-12 11:10,4.17,4.19,4.15,4.19,18460,4.1677
2026-02-12 11:15,4.18,4.19,4.16,4.19,19012,4.1746
2026-02-12 11:20,4.19,4.2,4.15,4.17,20224,4.1735
2026-02-12 11:25,4.19,4.2,4.15,4.16,16321,4.1674
2026-02-12 11:30,4.16,4.18,4.14,4.15,6452,4.1558
2026-02-12 11:35,4.15,4.15,4.13,4.14,4784,4.141
2026-02-12 11:40,4.15,4.15,4.11,4.12,3104,4.1312
2026-02-12 11:45,4.12,4.12,4.12,4.12,2000,4.12
2026-02-12 11:50,4.13,4.15,4.12,4.15,11478,4.1434
2026-02-12 11:55,4.12,4.14,4.1,4.1,7670,4.1139
2026-02-12 12:00,4.1,4.13,4.1,4.1,14434,4.1127
2026-02-12 12:05,4.12,4.13,4,4,119808,4.0462
2026-02-12 12:10,3.99,4,3.98,3.98,19446,3.994
2026-02-12 12:15,3.99,4,3.9,3.92,50412,3.9423
2026-02-12 12:20,3.92,3.93,3.82,3.84,48970,3.8624
2026-02-12 12:25,3.86,3.94,3.85,3.93,20764,3.8962
2026-02-12 12:30,3.93,3.94,3.91,3.93,13299,3.9202
2026-02-12 12:35,3.94,3.94,3.89,3.91,25161,3.9126
2026-02-12 12:40,3.89,3.92,3.89,3.9,29128,3.9023
2026-02-12 12:45,3.9,3.9,3.8,3.82,89323,3.8401
2026-02-12 12:50,3.81,3.88,3.8,3.84,78023,3.8333
2026-02-12 12:55,3.84,3.88,3.83,3.86,45547,3.857
2026-02-12 13:00,3.82,3.95,3.82,3.95,7947,3.9343
2026-02-12 13:05,3.85,3.94,3.85,3.94,2262,3.8992
2026-02-12 13:10,3.93,3.93,3.93,3.93,438,3.9273
2026-02-12 13:15,3.93,3.93,3.88,3.88,625,3.9014
2026-02-12 13:20,3.9,3.9,3.9,3.9,585,3.9
2026-02-12 13:25,3.88,3.93,3.88,3.93,1114,3.9011
2026-02-12 13:30,3.9,3.9,3.9,3.9,110,3.9
2026-02-12 13:35,3.88,3.93,3.88,3.93,290,3.9059
2026-02-12 13:40,3.9,3.95,3.9,3.95,3923,3.9445
2026-02-12 13:45,3.92,3.92,3.91,3.91,371,3.913
2026-02-12 13:50,3.88,3.88,3.88,3.88,295,3.88
2026-02-12 13:55,3.9,3.9,3.86,3.9,2070,3.8908
2026-02-12 14:00,3.98,3.98,3.86,3.86,2820,3.8693
2026-02-12 14:05,3.85,3.85,3.84,3.84,1400,3.8407
2026-02-12 14:10,3.93,3.93,3.85,3.85,302,3.8771
2026-02-12 14:15,3.83,3.84,3.83,3.84,450,3.8344
2026-02-12 14:20,3.82,3.87,3.82,3.82,1646,3.8314
2026-02-12 14:25,3.81,3.98,3.81,3.81,5307,3.926
2026-02-12 14:40,3.9,3.9,3.9,3.9,1000,3.9
2026-02-12 14:45,3.9,3.97,3.9,3.97,1351,3.9441
2026-02-12 14:55,3.88,3.88,3.88,3.88,200,3.88
2026-02-12 15:00,3.89,3.89,3.89,3.89,200,3.8939
2026-02-12 15:05,3.97,3.97,3.97,3.97,150,3.97
2026-02-12 15:15,3.88,3.88,3.88,3.88,1487,3.88
2026-02-12 15:25,3.81,3.81,3.81,3.81,200,3.812
2026-02-12 15:40,3.85,3.85,3.85,3.85,300,3.85
2026-02-12 15:50,3.82,3.82,3.82,3.82,1750,3.82
2026-02-12 16:35,3.88,3.88,3.88,3.88,205,3.88
2026-02-12 16:40,3.85,3.9,3.85,3.9,1270,3.8887
2026-02-12 16:45,3.85,3.85,3.85,3.85,275,3.85
2026-02-12 16:50,3.85,3.85,3.85,3.85,244,3.8538
2026-02-13 04:05,3.9,3.9,3.9,3.9,765,3.9
2026-02-13 04:55,3.92,3.92,3.92,3.92,351,3.923
2026-02-13 05:00,3.86,3.86,3.86,3.86,334,3.869
2026-02-13 05:15,3.87,3.87,3.87,3.87,256,3.8857
2026-02-13 05:20,4,4,4,4,100,4
2026-02-13 05:25,4,4,4,4,598,3.999
2026-02-13 05:30,4.02,4.02,4.01,4.01,3423,4.0159
2026-02-13 05:35,4.01,4.02,4.01,4.01,978,4.0141
2026-02-13 05:40,4.01,4.01,4,4,1409,4.0041
2026-02-13 05:45,3.93,3.93,3.93,3.93,220,3.9283
2026-02-13 05:50,3.93,4.02,3.93,4.02,509,3.9489
2026-02-13 05:55,4.02,4.02,4.02,4.02,306,4.0103
2026-02-13 06:00,4.03,4.08,4.02,4.02,4400,4.0743
2026-02-13 06:10,4.04,4.04,4.04,4.04,3033,4.0392
2026-02-13 06:15,3.96,3.96,3.96,3.96,495,3.96
2026-02-13 06:25,3.98,3.98,3.96,3.98,907,3.9566
2026-02-13 06:30,3.96,4.05,3.96,4.02,57226,4.011
2026-02-13 06:35,4.02,4.05,4.01,4.01,8830,4.0282
2026-02-13 06:40,4.02,4.05,4.01,4.05,18839,4.0272
2026-02-13 06:45,4.06,4.13,4.05,4.11,20927,4.0935
2026-02-13 06:50,4.09,4.1,4.07,4.08,5056,4.0799
2026-02-13 06:55,4.05,4.06,4.05,4.05,2136,4.0535
2026-02-13 07:00,4.05,4.06,4.04,4.04,4319,4.0488
2026-02-13 07:05,4.05,4.05,4.03,4.03,933,4.0355
2026-02-13 07:10,4.03,4.04,4.02,4.02,3571,4.0315
2026-02-13 07:15,4.01,4.03,4.01,4.03,3999,4.0144
2026-02-13 07:20,4.03,4.03,4.03,4.03,154,4.028
2026-02-13 07:25,4,4.04,4,4.02,10046,4.0148
2026-02-13 07:30,4.02,4.05,4.02,4.05,1006,4.0367
2026-02-13 07:35,4.02,4.08,4.02,4.04,4210,4.0434
2026-02-13 07:40,4.05,4.06,4,4.02,3568,4.0372
2026-02-13 07:45,4.03,4.03,4.01,4.03,1453,4.0254
2026-02-13 07:50,4.03,4.03,4.01,4.02,4091,4.024
2026-02-13 07:55,4.02,4.03,4,4,4439,4.0171
2026-02-13 08:00,4.03,4.03,4.01,4.02,2274,4.0179
2026-02-13 08:05,4.01,4.03,4,4,2630,4.0191
2026-02-13 08:10,4.02,4.03,4.01,4.03,5651,4.0209
2026-02-13 08:15,4.02,4.03,4.02,4.03,2431,4.0294
2026-02-13 08:20,4.04,4.05,4.03,4.04,6799,4.0396
2026-02-13 08:25,4.05,4.12,4.05,4.12,54977,4.0627
2026-02-13 08:30,4.12,4.14,4.1,4.13,12070,4.1224
2026-02-13 08:35,4.11,4.12,4.08,4.1,5907,4.0981
2026-02-13 08:40,4.08,4.12,4.06,4.08,3716,4.0713
2026-02-13 08:45,4.06,4.1,4.06,4.08,13871,4.0802
2026-02-13 08:50,4.06,4.14,4.06,4.11,19075,4.092
2026-02-13 08:55,4.1,4.11,4.06,4.07,12851,4.0894
2026-02-13 09:00,4.09,4.1,4.07,4.08,8035,4.0876
2026-02-13 09:05,4.07,4.13,4.07,4.13,7236,4.1116
2026-02-13 09:10,4.12,4.16,4.12,4.15,3675,4.1408
2026-02-13 09:15,4.14,4.14,4.09,4.11,6294,4.1175
2026-02-13 09:20,4.09,4.12,4.09,4.09,13463,4.1046
2026-02-13 09:25,4.1,4.13,4.1,4.13,5117,4.1089
2026-02-13 09:30,4.12,4.14,4.1,4.13,22325,4.1202
2026-02-13 09:35,4.12,4.15,4.11,4.14,18099,4.1308
2026-02-13 09:40,4.15,4.16,4.12,4.13,19940,4.1387
2026-02-13 09:45,4.14,4.14,4.11,4.13,6748,4.1279
2026-02-13 09:50,4.11,4.12,4.11,4.12,309,4.1163
2026-02-13 09:55,4.12,4.12,4.12,4.12,189,4.1156
2026-02-13 10:00,4.11,4.11,4.1,4.1,500,4.1097
2026-02-13 10:05,4.11,4.13,4.1,4.12,7716,4.1123
2026-02-13 10:10,4.1,4.14,4.1,4.13,9977,4.1138
2026-02-13 10:15,4.12,4.13,4.1,4.12,9101,4.1111
2026-02-13 10:20,4.11,4.13,4.11,4.11,4892,4.1112
2026-02-13 10:25,4.13,4.14,4.1,4.1,15204,4.1263
2026-02-13 10:30,4.12,4.14,4.09,4.14,8056,4.1118
2026-02-13 10:35,4.14,4.15,4.1,4.11,8052,4.1303
2026-02-13 10:40,4.12,4.13,4.08,4.09,8545,4.097
2026-02-13 10:45,4.09,4.1,4.08,4.1,8654,4.0903
2026-02-13 10:50,4.1,4.1,4.08,4.09,2343,4.0888
2026-02-13 10:55,4.1,4.12,4.08,4.11,15619,4.1069
2026-02-13 11:00,4.11,4.11,4.08,4.09,1605,4.0961
2026-02-13 11:05,4.06,4.07,4.04,4.06,9471,4.0624
2026-02-13 11:10,4.05,4.06,4.02,4.04,10505,4.034
2026-02-13 11:15,4.04,4.07,4.03,4.06,1688,4.0511
2026-02-13 11:20,4.07,4.11,4.03,4.11,36486,4.0735
2026-02-13 11:25,4.1,4.12,4.08,4.08,45669,4.1044
2026-02-13 11:30,4.07,4.11,4.06,4.11,16519,4.0916
2026-02-13 11:35,4.1,4.12,4.08,4.09,15572,4.1053
2026-02-13 11:40,4.09,4.12,4.08,4.08,20478,4.1022
2026-02-13 11:45,4.09,4.1,4.06,4.1,15285,4.0888
2026-02-13 11:50,4.09,4.12,4.08,4.09,12478,4.1029
2026-02-13 11:55,4.09,4.11,4.07,4.08,11016,4.0941
2026-02-13 12:00,4.09,4.09,4.09,4.09,675,4.09
2026-02-13 12:05,4.08,4.1,4.08,4.1,2501,4.0821
2026-02-13 12:10,4.09,4.09,4.07,4.07,5003,4.0765
2026-02-13 12:15,4.07,4.09,4.07,4.08,1967,4.0768
2026-02-13 12:20,4.08,4.09,4.05,4.08,9789,4.0751
2026-02-13 12:25,4.1,4.1,4.06,4.08,4721,4.0776
2026-02-13 12:30,4.09,4.09,4.04,4.09,14856,4.0664
2026-02-13 12:35,4.07,4.09,4.06,4.09,11710,4.0704
2026-02-13 12:40,4.08,4.1,4.07,4.09,16252,4.0847
2026-02-13 12:45,4.09,4.1,4.07,4.1,20714,4.091
2026-02-13 12:50,4.09,4.1,4.08,4.09,22418,4.087
2026-02-13 12:55,4.1,4.11,4.08,4.11,34111,4.0949
2026-02-13 13:00,4.03,4.09,4.03,4.09,1500,4.05
2026-02-13 13:05,4.13,4.16,4.13,4.16,200,4.1445
2026-02-13 13:10,4.14,4.14,4.14,4.14,200,4.14
2026-02-13 13:15,4.14,4.15,4.14,4.15,2452,4.1463
2026-02-13 13:20,4.15,4.17,4.15,4.17,865,4.1646
2026-02-13 13:25,4.17,4.17,4.17,4.17,1279,4.1705
2026-02-13 13:35,4.19,4.19,4.17,4.17,6845,4.1818
2026-02-13 14:00,4.15,4.17,4.15,4.17,235,4.1586
2026-02-13 14:15,4.19,4.19,4.17,4.19,760,4.1768
2026-02-13 14:25,4.15,4.15,4.15,4.15,105,4.15
2026-02-13 14:30,4.18,4.18,4.18,4.18,400,4.18
2026-02-13 14:50,4.13,4.13,4.13,4.13,1250,4.13
2026-02-13 14:55,4.19,4.19,4.19,4.19,1193,4.1893
2026-02-13 15:15,4.19,4.19,4.15,4.15,400,4.16
2026-02-13 15:55,4.15,4.15,4.07,4.07,1436,4.1077
2026-02-13 16:00,4.07,4.19,4.07,4.19,3097,4.0894
2026-02-13 16:30,4.18,4.18,4.18,4.18,1000,4.1845
2026-02-13 16:35,4.08,4.08,4.08,4.08,421,4.08
2026-02-13 16:50,4.08,4.08,4.08,4.08,105,4.0814
2026-02-17 04:05,4.06,4.06,4.06,4.06,600,4.06
2026-02-17 04:50,4.09,4.09,4.09,4.09,488,4.09
2026-02-17 05:00,4.1,4.1,4.1,4.1,530,4.0691
2026-02-17 05:25,4.09,4.09,4.09,4.09,225,4.09
2026-02-17 05:40,4.09,4.09,4.05,4.05,2500,4.0518
2026-02-17 05:45,4.1,4.1,4.1,4.1,683,4.1008
2026-02-17 05:50,4.1,4.1,4.1,4.1,870,4.1
2026-02-17 06:05,4.09,4.09,4.09,4.09,464,4.0915
2026-02-17 06:25,4.09,4.09,4.09,4.09,513,4.0907
2026-02-17 06:30,4.14,4.19,4.11,4.18,11732,4.1583
2026-02-17 06:35,4.15,4.2,4.15,4.2,19289,4.1884
2026-02-17 06:40,4.2,4.21,4.16,4.16,17665,4.1782
2026-02-17 06:45,4.18,4.18,4.14,4.14,15826,4.1537
2026-02-17 06:50,4.16,4.16,4.11,4.14,7808,4.1349
2026-02-17 06:55,4.11,4.13,4.11,4.11,2316,4.1153
2026-02-17 07:00,4.12,4.16,4.11,4.14,9801,4.1306
2026-02-17 07:05,4.13,4.16,4.11,4.11,3329,4.1257
2026-02-17 07:10,4.12,4.12,4.08,4.09,8630,4.1034
2026-02-17 07:15,4.09,4.11,4.07,4.11,7993,4.0892
2026-02-17 07:20,4.09,4.1,4.09,4.1,2883,4.0966
2026-02-17 07:25,4.09,4.09,4.06,4.07,3057,4.071
2026-02-17 07:30,4.07,4.07,4.04,4.05,3053,4.0538
2026-02-17 07:35,4.06,4.07,4.05,4.07,6195,4.0645
2026-02-17 07:40,4.06,4.09,4.06,4.09,3413,4.0844
2026-02-17 07:45,4.09,4.1,4.07,4.1,4060,4.0787
2026-02-17 07:50,4.1,4.11,4.04,4.05,9847,4.0938
2026-02-17 07:55,4.05,4.07,4.02,4.04,25520,4.051
2026-02-17 08:00,4.04,4.08,4.03,4.06,6308,4.0553
2026-02-17 08:05,4.05,4.09,4.05,4.09,6108,4.0731
2026-02-17 08:10,4.09,4.12,4.09,4.12,1233,4.1067
2026-02-17 08:15,4.08,4.08,4.06,4.06,2324,4.0774
2026-02-17 08:20,4.07,4.08,4.07,4.08,3363,4.0734
2026-02-17 08:25,4.1,4.12,4.08,4.12,1794,4.1062
2026-02-17 08:30,4.08,4.1,4.08,4.09,981,4.0921
2026-02-17 08:35,4.1,4.11,4.09,4.11,3228,4.1041
2026-02-17 08:40,4.11,4.12,4.1,4.1,1437,4.1075
2026-02-17 08:45,4.09,4.09,4.09,4.09,130,4.0883
2026-02-17 08:50,4.1,4.1,4.09,4.09,2511,4.0953
2026-02-17 08:55,4.1,4.11,4.1,4.11,1126,4.1023
2026-02-17 09:00,4.1,4.1,4.08,4.08,475,4.0883
2026-02-17 09:05,4.08,4.08,4.08,4.08,9390,4.0794
2026-02-17 09:10,4.07,4.07,4.05,4.07,10900,4.0643
2026-02-17 09:15,4.07,4.08,4.05,4.08,7603,4.0515
2026-02-17 09:30,4.07,4.07,4.05,4.06,4150,4.0621
2026-02-17 09:35,4.07,4.07,4.07,4.07,2001,4.07
2026-02-17 09:40,4.06,4.07,4.05,4.05,2334,4.0557
2026-02-17 09:45,4.07,4.07,4.06,4.06,330,4.0655
2026-02-17 09:50,4.06,4.08,4.06,4.06,11080,4.0754
2026-02-17 09:55,4.06,4.08,4.06,4.08,12108,4.0753
2026-02-17 10:00,4.09,4.09,4.07,4.08,3615,4.0886
2026-02-17 10:05,4.08,4.09,4.07,4.09,7285,4.086
2026-02-17 10:10,4.08,4.09,4.08,4.09,1961,4.0835
2026-02-17 10:15,4.07,4.07,4.07,4.07,102,4.0702
2026-02-17 10:20,4.06,4.09,4.05,4.09,8544,4.0735
2026-02-17 10:25,4.09,4.09,4.08,4.09,3547,4.086
2026-02-17 10:30,4.09,4.1,4.09,4.1,857,4.0977
2026-02-17 10:35,4.11,4.13,4.11,4.13,11143,4.1154
2026-02-17 10:40,4.11,4.13,4.11,4.13,6260,4.1109
2026-02-17 10:45,4.11,4.11,4.11,4.11,1805,4.1103
2026-02-17 10:50,4.11,4.13,4.11,4.12,1045,4.1203
2026-02-17 10:55,4.12,4.12,4.12,4.12,2462,4.1184
2026-02-17 11:00,4.13,4.13,4.11,4.12,3340,4.1171
2026-02-17 11:05,4.11,4.11,4.1,4.1,10230,4.1084
2026-02-17 11:10,4.1,4.12,4.09,4.12,2661,4.1112
2026-02-17 11:15,4.11,4.11,4.11,4.11,2833,4.11
2026-02-17 11:20,4.11,4.11,4.1,4.11,1063,4.1092
2026-02-17 11:25,4.11,4.11,4.09,4.1,11576,4.0981
2026-02-17 11:30,4.09,4.09,4.07,4.07,1796,4.0851
2026-02-17 11:35,4.06,4.07,4.05,4.05,14443,4.056
2026-02-17 11:40,4.07,4.09,4.05,4.09,615,4.0738
2026-02-17 11:45,4.06,4.06,4.06,4.06,337,4.0594
2026-02-17 11:50,4.08,4.08,4.08,4.08,1702,4.0779
2026-02-17 11:55,4.08,4.09,4.07,4.07,4041,4.0791
2026-02-17 12:00,4.06,4.08,4.06,4.07,4386,4.0695
2026-02-17 12:05,4.07,4.08,4.05,4.05,2291,4.0691
2026-02-17 12:10,4.08,4.08,4.05,4.07,1427,4.0744
2026-02-17 12:15,4.07,4.07,4.05,4.05,1244,4.053
2026-02-17 12:20,4.05,4.06,4.04,4.04,3028,4.0445
2026-02-17 12:25,4.05,4.05,4,4.01,16918,4.0225
2026-02-17 12:30,4.01,4.03,4.01,4.02,5342,4.0151
2026-02-17 12:35,4.03,4.04,4.01,4.01,6320,4.0152
2026-02-17 12:40,4.02,4.02,4,4.02,4779,4.0147
2026-02-17 12:45,4.03,4.03,4.02,4.02,2078,4.0229
2026-02-17 12:50,4.02,4.03,4.01,4.01,2902,4.0178
2026-02-17 12:55,4.01,4.05,4.01,4.05,7133,4.0222
2026-02-17 13:20,4.03,4.03,4.03,4.03,236,4.03
2026-02-17 13:30,4.03,4.03,4.03,4.03,110,4.0295
2026-02-17 13:45,4.03,4.1,4.03,4.05,600,4.0798
2026-02-17 14:10,4.05,4.07,4.05,4.07,200,4.06
2026-02-17 15:10,4.03,4.03,4.03,4.03,119,4.03
2026-02-17 16:30,4.04,4.04,4.04,4.04,100,4.04
2026-02-17 16:45,4.02,4.02,4.02,4.02,200,4.02
2026-02-18 04:15,4.16,4.16,4.16,4.16,971,4.16
2026-02-18 05:00,4.1,4.1,4.1,4.1,438,4.0687
2026-02-18 05:05,4.09,4.09,4.09,4.09,200,4.09
2026-02-18 05:15,4.08,4.08,4.08,4.08,100,4.0803
2026-02-18 06:05,4.09,4.09,4.09,4.09,100,4.09
2026-02-18 06:25,4.09,4.09,4.09,4.09,501,4.0899
2026-02-18 06:30,4.07,4.1,4.04,4.06,8539,4.0708
2026-02-18 06:35,4.05,4.08,4.02,4.04,13632,4.0413
2026-02-18 06:40,4.02,4.03,4,4.03,10073,4.0238
2026-02-18 06:45,4.02,4.05,4.02,4.04,4743,4.0306
2026-02-18 06:50,4.05,4.09,4.04,4.08,4812,4.0736
2026-02-18 06:55,4.09,4.09,4.07,4.08,8241,4.0791
2026-02-18 07:00,4.09,4.11,4.08,4.11,14474,4.0958
2026-02-18 07:05,4.11,4.11,4.07,4.07,28767,4.1084
2026-02-18 07:10,4.07,4.07,4.04,4.04,10403,4.0517
2026-02-18 07:15,4.04,4.06,4.04,4.05,7880,4.0405
2026-02-18 07:20,4.06,4.07,4.06,4.07,5113,4.0657
2026-02-18 07:25,4.07,4.1,4.07,4.09,2359,4.0774
2026-02-18 07:30,4.09,4.09,4.08,4.08,704,4.0927
2026-02-18 07:35,4.1,4.12,4.1,4.12,10363,4.11
2026-02-18 07:40,4.11,4.12,4.11,4.11,13110,4.111
2026-02-18 07:45,4.12,4.15,4.12,4.15,14566,4.1277
2026-02-18 07:50,4.14,4.14,4.1,4.13,4137,4.1254
2026-02-18 07:55,4.12,4.12,4.11,4.12,2206,4.1213
2026-02-18 08:00,4.1,4.11,4.09,4.11,4085,4.0983
2026-02-18 08:05,4.11,4.11,4.1,4.1,2721,4.1074
2026-02-18 08:10,4.09,4.11,4.09,4.1,8623,4.1041
2026-02-18 08:15,4.09,4.1,4.08,4.08,10606,4.0904
2026-02-18 08:20,4.09,4.12,4.08,4.11,24274,4.0969
2026-02-18 08:25,4.1,4.14,4.08,4.14,18182,4.1098
2026-02-18 08:30,4.14,4.2,4.13,4.17,31623,4.1719
2026-02-18 08:35,4.17,4.18,4.13,4.15,20961,4.1475
2026-02-18 08:40,4.15,4.15,4.13,4.15,1437,4.1466
2026-02-18 08:45,4.14,4.16,4.14,4.16,9573,4.158
2026-02-18 08:50,4.15,4.15,4.15,4.15,717,4.1487
2026-02-18 08:55,4.15,4.16,4.13,4.16,5824,4.1501
2026-02-18 09:00,4.16,4.16,4.13,4.16,2499,4.1513
2026-02-18 09:05,4.17,4.2,4.16,4.2,5068,4.1892
2026-02-18 09:10,4.16,4.16,4.16,4.16,684,4.1626
2026-02-18 09:15,4.18,4.18,4.18,4.18,198,4.1839
2026-02-18 09:20,4.17,4.17,4.16,4.16,376,4.1647
2026-02-18 09:25,4.16,4.17,4.16,4.17,894,4.1594
2026-02-18 09:35,4.17,4.2,4.17,4.2,11485,4.1879
2026-02-18 09:40,4.2,4.25,4.19,4.23,33611,4.211
2026-02-18 09:45,4.23,4.25,4.22,4.24,28736,4.2313
2026-02-18 09:50,4.24,4.27,4.23,4.26,31878,4.252
2026-02-18 09:55,4.27,4.27,4.2,4.23,45959,4.2453
2026-02-18 10:00,4.23,4.25,4.21,4.25,34844,4.2307
2026-02-18 10:05,4.24,4.25,4.22,4.22,15797,4.2352
2026-02-18 10:10,4.24,4.26,4.22,4.24,21221,4.2445
2026-02-18 10:15,4.26,4.28,4.23,4.27,24175,4.2561
2026-02-18 10:20,4.27,4.27,4.23,4.25,14893,4.2494
2026-02-18 10:25,4.25,4.26,4.2,4.22,18924,4.2262
2026-02-18 10:30,4.22,4.23,4.2,4.22,19186,4.2127
2026-02-18 10:35,4.22,4.24,4.2,4.21,15195,4.2199
2026-02-18 10:40,4.23,4.24,4.18,4.2,26634,4.2066
2026-02-18 10:45,4.18,4.2,4.18,4.19,17570,4.1893
2026-02-18 10:50,4.18,4.2,4.15,4.18,19674,4.1834
2026-02-18 10:55,4.19,4.2,4.17,4.17,8670,4.1884
2026-02-18 11:00,4.17,4.19,4.15,4.15,10334,4.1677
2026-02-18 11:05,4.16,4.19,4.15,4.18,5907,4.1665
2026-02-18 11:10,4.17,4.19,4.16,4.19,12145,4.1754
2026-02-18 11:15,4.19,4.19,4.15,4.17,13547,4.1742
2026-02-18 11:20,4.15,4.22,4.15,4.22,18718,4.1852
2026-02-18 11:25,4.22,4.25,4.15,4.22,9480,4.2174
2026-02-18 11:30,4.2,4.24,4.18,4.24,15282,4.2091
2026-02-18 11:35,4.23,4.25,4.22,4.24,16092,4.2376
2026-02-18 11:40,4.25,4.29,4.24,4.28,25395,4.2719
2026-02-18 11:45,4.29,4.29,4.27,4.28,5567,4.2814
2026-02-18 11:50,4.29,4.3,4.27,4.3,17073,4.2892
2026-02-18 11:55,4.28,4.29,4.19,4.19,33248,4.2383
2026-02-18 12:00,4.18,4.24,4.18,4.23,7311,4.2194
2026-02-18 12:05,4.22,4.29,4.2,4.27,29853,4.2461
2026-02-18 12:10,4.28,4.33,4.22,4.27,33706,4.2895
2026-02-18 12:15,4.28,4.29,4.26,4.28,6021,4.2775
2026-02-18 12:20,4.29,4.3,4.27,4.29,5730,4.2799
2026-02-18 12:25,4.28,4.29,4.2,4.21,58566,4.2533
2026-02-18 12:30,4.21,4.23,4.2,4.21,45002,4.2154
2026-02-18 12:35,4.21,4.23,4.2,4.23,23961,4.2125
2026-02-18 12:40,4.22,4.23,4.21,4.22,14862,4.2214
2026-02-18 12:45,4.23,4.25,4.21,4.24,23585,4.2221
2026-02-18 12:50,4.25,4.26,4.23,4.24,43265,4.2472
2026-02-18 12:55,4.24,4.24,4.19,4.21,19823,4.2197
2026-02-18 13:05,4.19,4.2,4.19,4.2,213,4.1953
2026-02-18 13:15,4.19,4.19,4.19,4.19,1000,4.19
2026-02-18 13:25,4.22,4.22,4.22,4.22,101,4.22
2026-02-18 13:30,4.19,4.19,4.19,4.19,237,4.1996
2026-02-18 14:20,4.22,4.22,4.22,4.22,425,4.2187
2026-02-18 14:25,4.22,4.22,4.22,4.22,100,4.22
2026-02-18 14:30,4.22,4.22,4.22,4.22,100,4.2154
2026-02-18 15:20,4.2,4.22,4.2,4.22,900,4.2033
2026-02-18 15:25,4.21,4.21,4.2,4.2,325,4.2062
2026-02-18 15:30,4.22,4.22,4.22,4.22,100,4.22
2026-02-18 15:40,4.22,4.22,4.22,4.22,252,4.2199
2026-02-18 16:00,4.22,4.22,4.22,4.22,200,4.22
2026-02-18 16:05,4.22,4.22,4.2,4.2,7252,4.2139
2026-02-18 16:40,4.19,4.19,4.19,4.19,200,4.1902
2026-02-18 16:45,4.19,4.2,4.19,4.2,400,4.195
2026-02-18 16:50,4.2,4.2,4.2,4.2,1225,4.2
2026-02-18 16:55,4.2,4.2,4.2,4.2,200,4.1998
2026-02-19 05:00,4.2,4.2,4.2,4.2,168,4.2
2026-02-19 05:05,4.2,4.2,4.2,4.2,108,4.1993
2026-02-19 05:10,4.2,4.2,4.2,4.2,618,4.2
2026-02-19 05:35,4.2,4.2,4.15,4.1999,2173,4.1936
2026-02-19 05:50,4.22,4.22,4.22,4.22,500,4.22
2026-02-19 06:00,4.2,4.2,4.2,4.2,1090,4.2
2026-02-19 06:20,4.1802,4.19,4.1802,4.19,467,4.1879
2026-02-19 06:25,4.1902,4.1905,4.19,4.1905,300,4.1903
2026-02-19 06:30,4.24,4.26,4.18,4.2,25358,4.2101
2026-02-19 06:35,4.22,4.26,4.195,4.26,22784,4.2292
2026-02-19 06:40,4.25,4.265,4.23,4.26,13615,4.2478
2026-02-19 06:45,4.2468,4.26,4.23,4.235,9501,4.2427
2026-02-19 06:50,4.24,4.2759,4.22,4.2759,19288,4.2499
2026-02-19 06:55,4.28,4.3,4.25,4.26,28233,4.2751
2026-02-19 07:00,4.26,4.26,4.2329,4.235,13813,4.2455
2026-02-19 07:05,4.24,4.24,4.22,4.22,2896,4.2356
2026-02-19 07:10,4.2461,4.2461,4.2,4.209,6202,4.2101
2026-02-19 07:15,4.21,4.2295,4.21,4.2295,2484,4.2189
2026-02-19 07:20,4.23,4.23,4.23,4.23,230,4.2295
2026-02-19 07:25,4.2493,4.2493,4.22,4.22,1828,4.2259
2026-02-19 07:30,4.25,4.271,4.2439,4.27,16553,4.254
2026-02-19 07:35,4.28,4.3,4.26,4.3,10534,4.2925
2026-02-19 07:40,4.2998,4.315,4.28,4.2845,17802,4.3013
2026-02-19 07:45,4.285,4.3,4.28,4.28,9137,4.2884
2026-02-19 07:50,4.26,4.26,4.23,4.23,11535,4.2369
2026-02-19 07:55,4.24,4.26,4.24,4.26,2100,4.2448
2026-02-19 08:00,4.265,4.28,4.25,4.26,11691,4.2656
2026-02-19 08:05,4.25,4.2541,4.24,4.245,2513,4.2476
2026-02-19 08:10,4.245,4.26,4.23,4.25,5272,4.2485
2026-02-19 08:15,4.242,4.26,4.242,4.26,4100,4.2557
2026-02-19 08:20,4.25,4.2599,4.24,4.25,5953,4.2485
2026-02-19 08:25,4.25,4.26,4.23,4.25,12492,4.2398
2026-02-19 08:30,4.24,4.25,4.23,4.24,9698,4.2404
2026-02-19 08:35,4.2499,4.25,4.22,4.24,6721,4.2379
2026-02-19 08:40,4.24,4.25,4.21,4.22,12266,4.2325
2026-02-19 08:45,4.22,4.24,4.2,4.2,20722,4.2129
2026-02-19 08:50,4.22,4.22,4.21,4.2145,5995,4.2144
2026-02-19 08:55,4.22,4.22,4.21,4.21,3156,4.2171
2026-02-19 09:00,4.2135,4.2135,4.2,4.2,1042,4.2094
2026-02-19 09:05,4.21,4.22,4.2,4.22,8536,4.2164
2026-02-19 09:10,4.2194,4.22,4.2,4.22,603,4.2132
2026-02-19 09:15,4.2087,4.2087,4.2087,4.2087,162,4.2087
2026-02-19 09:20,4.21,4.22,4.2,4.2199,3142,4.2098
2026-02-19 09:25,4.22,4.2299,4.22,4.2202,2818,4.2224
2026-02-19 09:30,4.22,4.22,4.2168,4.2168,1110,4.2195
2026-02-19 09:35,4.215,4.22,4.2,4.2,6242,4.2114
2026-02-19 09:40,4.2025,4.22,4.19,4.2099,35850,4.2053
2026-02-19 09:45,4.2,4.21,4.18,4.21,14921,4.2001
2026-02-19 09:50,4.21,4.22,4.21,4.211,8253,4.2137
2026-02-19 09:55,4.22,4.2299,4.21,4.21,2372,4.2198
2026-02-19 10:00,4.21,4.21,4.19,4.195,20498,4.1993
2026-02-19 10:05,4.2,4.2,4.19,4.195,6254,4.1972
2026-02-19 10:10,4.195,4.2,4.19,4.1999,2219,4.1966
2026-02-19 10:15,4.205,4.219,4.1901,4.205,2915,4.2033
2026-02-19 10:20,4.22,4.22,4.22,4.22,101,4.22
2026-02-19 10:25,4.209,4.22,4.209,4.21,1269,4.2129
2026-02-19 10:30,4.2231,4.24,4.22,4.2201,2820,4.2274
2026-02-19 10:35,4.225,4.225,4.225,4.225,100,4.225
2026-02-19 10:40,4.221,4.23,4.22,4.225,3225,4.2243
2026-02-19 10:45,4.225,4.23,4.22,4.22,1006,4.2256
2026-02-19 10:50,4.23,4.2499,4.23,4.23,1156,4.2422
2026-02-19 10:55,4.24,4.24,4.235,4.2368,753,4.2376
2026-02-19 11:00,4.2499,4.27,4.23,4.25,16176,4.2571
2026-02-19 11:05,4.265,4.28,4.25,4.28,10733,4.2649
2026-02-19 11:10,4.265,4.28,4.23,4.248,39897,4.263
2026-02-19 11:15,4.23,4.24,4.21,4.22,13289,4.228
2026-02-19 11:20,4.211,4.24,4.21,4.22,15343,4.2204
2026-02-19 11:25,4.22,4.24,4.19,4.2,15359,4.2071
2026-02-19 11:30,4.2,4.21,4.18,4.195,22812,4.2007
2026-02-19 11:35,4.195,4.21,4.18,4.18,18229,4.189
2026-02-19 11:40,4.19,4.2,4.17,4.19,20252,4.1872
2026-02-19 11:45,4.195,4.21,4.17,4.2,12035,4.1929
2026-02-19 11:50,4.2,4.21,4.19,4.2,13567,4.1993
2026-02-19 11:55,4.2099,4.21,4.18,4.19,18785,4.2014
2026-02-19 12:00,4.19,4.22,4.18,4.215,14728,4.2069
2026-02-19 12:05,4.2135,4.23,4.21,4.2298,13027,4.2231
2026-02-19 12:10,4.23,4.24,4.22,4.2365,14367,4.2293
2026-02-19 12:15,4.24,4.25,4.23,4.24,16675,4.2387
2026-02-19 12:20,4.2301,4.25,4.23,4.2401,15688,4.2383
2026-02-19 12:25,4.24,4.25,4.23,4.235,15253,4.2406
2026-02-19 12:30,4.235,4.25,4.22,4.235,36229,4.2415
2026-02-19 12:35,4.2335,4.24,4.21,4.215,20489,4.2234
2026-02-19 12:40,4.22,4.23,4.21,4.23,13791,4.2166
2026-02-19 12:45,4.22,4.23,4.1938,4.2,14779,4.2139
2026-02-19 12:50,4.17,4.22,4.17,4.2,29984,4.2039
2026-02-19 12:55,4.1931,4.2,4.18,4.19,25057,4.196
2026-02-19 13:05,4.1992,4.2085,4.1992,4.2085,3250,4.2007
2026-02-19 13:10,4.2,4.22,4.2,4.22,456,4.211
2026-02-19 13:25,4.2,4.22,4.17,4.1716,9943,4.1724
2026-02-19 13:55,4.2,4.2,4.2,4.2,100,4.2
2026-02-19 14:40,4.18,4.18,4.18,4.18,100,4.18
2026-02-19 15:15,4.2096,4.2096,4.2096,4.2096,100,4.2096
2026-02-19 15:20,4.2,4.2,4.2,4.2,100,4.2
2026-02-19 16:05,4.21,4.21,4.21,4.21,238,4.21
2026-02-19 16:25,4.1714,4.1714,4.1714,4.1714,2500,4.1715
2026-02-19 16:40,4.21,4.21,4.21,4.21,131,4.21
2026-02-19 16:45,4.1713,4.1713,4.1713,4.1713,2833,4.1713
2026-02-20 04:05,4.22,4.22,4.22,4.22,315,4.22
2026-02-20 05:10,4.21,4.21,4.2,4.2,911,4.2029
2026-02-20 05:15,4.1999,4.1999,4.1998,4.1998,2000,4.1998
2026-02-20 05:20,4.19,4.19,4.14,4.14,2215,4.1523
2026-02-20 05:25,4.1993,4.1993,4.1993,4.1993,1500,4.1993
2026-02-20 05:50,4.18,4.18,4.15,4.1799,800,4.1762
2026-02-20 05:55,4.17,4.2,4.17,4.2,10000,4.1806
2026-02-20 06:00,4.2,4.2,4.2,4.2,176,4.2
2026-02-20 06:05,4.16,4.1601,4.16,4.1601,2826,4.16
2026-02-20 06:10,4.2,4.2,4.18,4.18,300,4.1867
2026-02-20 06:20,4.17,4.17,4.17,4.17,2500,4.17
2026-02-20 06:25,4.17,4.17,4.15,4.15,6731,4.1516
2026-02-20 06:30,4.15,4.24,4.15,4.19,11413,4.1782
2026-02-20 06:35,4.191,4.22,4.18,4.205,21948,4.19
2026-02-20 06:40,4.21,4.21,4.1974,4.2,9033,4.2062
2026-02-20 06:45,4.2,4.2,4.17,4.1891,23277,4.1848
2026-02-20 06:50,4.18,4.2,4.17,4.17,9299,4.1821
2026-02-20 06:55,4.18,4.1895,4.17,4.17,5002,4.1741
2026-02-20 07:00,4.17,4.21,4.17,4.1829,9279,4.1906
2026-02-20 07:05,4.2,4.2062,4.16,4.185,56730,4.1858
2026-02-20 07:10,4.19,4.22,4.19,4.22,1006,4.2131
2026-02-20 07:15,4.18,4.22,4.16,4.2,27305,4.1853
2026-02-20 07:20,4.1904,4.21,4.19,4.2,23747,4.1907
2026-02-20 07:25,4.1965,4.205,4.18,4.19,4551,4.195
2026-02-20 07:30,4.2,4.22,4.19,4.201,20318,4.2099
2026-02-20 07:35,4.2096,4.26,4.19,4.24,15399,4.2256
2026-02-20 07:40,4.22,4.23,4.17,4.215,9397,4.2008
2026-02-20 07:45,4.23,4.23,4.19,4.2,12881,4.2056
2026-02-20 07:50,4.195,4.21,4.18,4.21,18213,4.1929
2026-02-20 07:55,4.2199,4.24,4.2173,4.2368,4311,4.2315
2026-02-20 08:00,4.225,4.225,4.22,4.225,1115,4.2222
2026-02-20 08:05,4.225,4.24,4.22,4.24,3548,4.2372
2026-02-20 08:10,4.24,4.24,4.2,4.2148,4391,4.2244
2026-02-20 08:15,4.2,4.21,4.2,4.205,335,4.2046
2026-02-20 08:20,4.19,4.2,4.18,4.19,3762,4.19
2026-02-20 08:25,4.19,4.1999,4.17,4.17,2830,4.1796
2026-02-20 08:30,4.1797,4.18,4.17,4.18,9221,4.1721
2026-02-20 08:35,4.16,4.1795,4.16,4.1784,7373,4.1619
2026-02-20 08:40,4.1798,4.1798,4.1798,4.1798,100,4.1798
2026-02-20 08:45,4.18,4.18,4.17,4.18,1345,4.176
2026-02-20 08:50,4.18,4.19,4.16,4.17,11381,4.1764
2026-02-20 08:55,4.1735,4.2,4.17,4.185,15059,4.185
2026-02-20 09:00,4.2,4.2,4.17,4.1804,19830,4.1916
2026-02-20 09:05,4.17,4.199,4.17,4.185,1856,4.1858
2026-02-20 09:10,4.199,4.2,4.16,4.1731,8807,4.1789
2026-02-20 09:15,4.165,4.17,4.15,4.17,14393,4.1612
2026-02-20 09:20,4.163,4.17,4.15,4.16,6803,4.1572
2026-02-20 09:25,4.1597,4.17,4.15,4.17,24552,4.159
2026-02-20 09:30,4.16,4.18,4.16,4.16,9224,4.1663
2026-02-20 09:35,4.17,4.18,4.16,4.16,14241,4.1691
2026-02-20 09:40,4.167,4.18,4.16,4.167,10889,4.1698
2026-02-20 09:45,4.16,4.19,4.16,4.19,18678,4.1786
2026-02-20 09:50,4.17,4.2,4.17,4.1799,1796,4.1811
2026-02-20 09:55,4.175,4.179,4.17,4.171,3729,4.1761
2026-02-20 10:05,4.175,4.175,4.175,4.175,134,4.175
2026-02-20 10:10,4.17,4.175,4.17,4.175,304,4.1717
2026-02-20 10:15,4.17,4.175,4.17,4.17,404,4.172
2026-02-20 10:20,4.17,4.1752,4.16,4.16,715,4.1672
2026-02-20 10:25,4.1669,4.18,4.16,4.16,7142,4.1677
2026-02-20 10:30,4.165,4.165,4.16,4.16,213,4.1627
2026-02-20 10:35,4.16,4.17,4.16,4.17,617,4.1623
2026-02-20 10:40,4.17,4.18,4.15,4.15,24693,4.1542
2026-02-20 10:45,4.17,4.18,4.15,4.18,10502,4.1668
2026-02-20 10:50,4.1696,4.2,4.15,4.18,35556,4.1869
2026-02-20 10:55,4.18,4.19,4.17,4.1782,12574,4.1809
2026-02-20 11:00,4.16,4.19,4.16,4.1731,10415,4.1786
2026-02-20 11:05,4.18,4.18,4.16,4.17,7783,4.1705
2026-02-20 11:10,4.18,4.18,4.16,4.16,11437,4.1654
2026-02-20 11:15,4.1601,4.18,4.16,4.17,7472,4.1704
2026-02-20 11:20,4.175,4.19,4.175,4.18,8460,4.1844
2026-02-20 11:25,4.185,4.1898,4.17,4.175,9032,4.1771
2026-02-20 11:30,4.1765,4.19,4.17,4.18,9304,4.1806
2026-02-20 11:35,4.18,4.18,4.17,4.1701,2143,4.175
2026-02-20 11:40,4.18,4.18,4.18,4.18,1047,4.18
2026-02-20 11:45,4.17,4.175,4.167,4.175,1457,4.1719
2026-02-20 11:50,4.17,4.1799,4.16,4.17,1605,4.1707
2026-02-20 11:55,4.18,4.18,4.1765,4.1765,1010,4.1785
2026-02-20 12:00,4.1745,4.19,4.17,4.1866,4639,4.1849
2026-02-20 12:05,4.185,4.19,4.17,4.17,27782,4.1811
2026-02-20 12:10,4.175,4.18,4.16,4.1799,5235,4.1768
2026-02-20 12:15,4.16,4.19,4.16,4.19,44421,4.1863
2026-02-20 12:20,4.1899,4.19,4.18,4.19,25734,4.188
2026-02-20 12:25,4.18,4.21,4.18,4.21,20974,4.1962
2026-02-20 12:30,4.19,4.21,4.18,4.19,14862,4.1907
2026-02-20 12:35,4.19,4.2,4.18,4.18,30759,4.1907
2026-02-20 12:40,4.19,4.23,4.18,4.23,30470,4.2059
2026-02-20 12:45,4.2299,4.24,4.2,4.22,42464,4.2299
2026-02-20 12:50,4.2231,4.24,4.2,4.2301,13376,4.219
2026-02-20 12:55,4.24,4.25,4.23,4.24,20966,4.235
2026-02-20 13:00,4.23,4.23,4.23,4.23,108,4.2315
2026-02-20 13:05,4.2593,4.2593,4.2593,4.2593,1513,4.259
2026-02-20 13:10,4.231,4.231,4.231,4.231,135,4.2321
2026-02-20 13:15,4.2331,4.2331,4.2331,4.2331,500,4.2331
2026-02-20 13:20,4.23,4.24,4.22,4.22,1715,4.2254
2026-02-20 13:35,4.24,4.24,4.24,4.24,499,4.241
2026-02-20 13:45,4.24,4.24,4.14,4.14,14000,4.1902
2026-02-20 13:50,4.19,4.2,4.17,4.17,2200,4.1783
2026-02-20 14:00,4.18,4.18,4.18,4.18,700,4.18
2026-02-20 14:05,4.18,4.18,4.18,4.18,299,4.18
2026-02-20 14:15,4.21,4.21,4.21,4.21,505,4.2104
2026-02-20 14:25,4.24,4.24,4.24,4.24,100,4.24
2026-02-20 15:15,4.18,4.18,4.18,4.18,717,4.18
2026-02-20 15:40,4.21,4.23,4.21,4.23,1121,4.2138
2026-02-20 16:25,4.2,4.2,4.2,4.2,500,4.2
2026-02-20 16:35,4.25,4.25,4.25,4.25,169,4.25
2026-02-20 16:40,4.2482,4.2482,4.2482,4.2482,800,4.248
2026-02-20 16:45,4.2,4.2,4.2,4.2,1000,4.2
2026-02-20 16:55,4.21,4.21,4.21,4.21,1000,4.21
