Datetime,Open,High,Low,Close,Volume
2025-11-13 09:30:00-05:00,680.5,680.7100219726562,679.780029296875,680.0599975585938,3099060
2025-11-13 09:35:00-05:00,680.0700073242188,680.2100219726562,678.760009765625,678.85498046875,1724491
2025-11-13 09:40:00-05:00,678.8446044921875,678.97998046875,677.6900024414062,677.77001953125,1545798
2025-11-13 09:45:00-05:00,677.780029296875,678.655029296875,677.530029296875,678.1799926757812,1380838
2025-11-13 09:50:00-05:00,678.1799926757812,679.2000122070312,678.1300048828125,678.52001953125,1091987
2025-11-13 09:55:00-05:00,678.5399780273438,679.3900146484375,678.4199829101562,678.7999877929688,690104
2025-11-13 10:00:00-05:00,678.780029296875,679.4500122070312,677.969970703125,678.1699829101562,1022388
2025-11-13 10:05:00-05:00,678.1699829101562,680.0101928710938,678.1400146484375,679.9500122070312,1053442
2025-11-13 10:10:00-05:00,679.969970703125,680.5999755859375,679.6199951171875,680.4299926757812,1077204
2025-11-13 10:15:00-05:00,680.4400024414062,680.8599853515625,680.001708984375,680.0499877929688,986323
2025-11-13 10:20:00-05:00,680.0499877929688,680.3499755859375,679.2899780273438,679.7244873046875,795660
2025-11-13 10:25:00-05:00,679.7100219726562,679.72998046875,678.760009765625,678.9400024414062,730479
2025-11-13 10:30:00-05:00,678.9500122070312,679.030029296875,677.72998046875,677.7899780273438,1042092
2025-11-13 10:35:00-05:00,677.7899780273438,678.1900024414062,677.2050170898438,677.7423095703125,1295034
2025-11-13 10:40:00-05:00,677.719970703125,678.010009765625,677.1300048828125,677.25,1078168
2025-11-13 10:45:00-05:00,677.260009765625,677.3099975585938,675.9749755859375,676.2100219726562,1474425
2025-11-13 10:50:00-05:00,676.2100219726562,676.3900146484375,675.47998046875,675.5900268554688,1112261
2025-11-13 10:55:00-05:00,675.5999755859375,676.5394897460938,675.3400268554688,676.47998046875,1660729
2025-11-13 11:00:00-05:00,676.47998046875,676.8099975585938,675.7899780273438,675.8300170898438,1035721
2025-11-13 11:05:00-05:00,675.8300170898438,676.0599975585938,675.25,676.010009765625,1010408
2025-11-13 11:10:00-05:00,676.010009765625,676.010009765625,675.4099731445312,675.8800048828125,815597
2025-11-13 11:15:00-05:00,675.8900146484375,676.2899780273438,675.0900268554688,675.5999755859375,769255
2025-11-13 11:20:00-05:00,675.6099853515625,676.2100219726562,675.2100219726562,675.25,857666
2025-11-13 11:25:00-05:00,675.25,675.969970703125,674.9600219726562,675.72998046875,918603
2025-11-13 11:30:00-05:00,675.719970703125,676.510009765625,675.4500122070312,676.3699951171875,804458
2025-11-13 11:35:00-05:00,676.375,676.6199951171875,674.77001953125,674.8200073242188,1151383
2025-11-13 11:40:00-05:00,674.8200073242188,674.989990234375,674.219970703125,674.510009765625,820757
2025-11-13 11:45:00-05:00,674.510009765625,675.0900268554688,674.3099975585938,674.9974975585938,695112
2025-11-13 11:50:00-05:00,674.989990234375,675.4000244140625,674.469970703125,674.7899780273438,667148
2025-11-13 11:55:00-05:00,674.7899780273438,675.4000244140625,674.3900146484375,675.1900024414062,651454
2025-11-13 12:00:00-05:00,675.1950073242188,675.60498046875,674.6400146484375,675.5700073242188,635928
2025-11-13 12:05:00-05:00,675.5700073242188,676.0,674.6500244140625,674.719970703125,845970
2025-11-13 12:10:00-05:00,674.72998046875,675.0599975585938,674.3300170898438,674.5800170898438,617684
2025-11-13 12:15:00-05:00,674.5499877929688,675.5900268554688,674.5499877929688,675.1199951171875,1988728
2025-11-13 12:20:00-05:00,675.1300048828125,675.9400024414062,675.0499877929688,675.72998046875,716116
2025-11-13 12:25:00-05:00,675.75,676.1699829101562,675.280029296875,675.9199829101562,815180
2025-11-13 12:30:00-05:00,675.9000244140625,676.5,675.8699951171875,676.1506958007812,752198
2025-11-13 12:35:00-05:00,676.1699829101562,676.219970703125,675.3699951171875,676.135009765625,598753
2025-11-13 12:40:00-05:00,676.1400146484375,676.1699829101562,675.0900268554688,675.1199951171875,491538
2025-11-13 12:45:00-05:00,675.1300048828125,675.1799926757812,674.3099975585938,674.844970703125,858758
2025-11-13 12:50:00-05:00,674.8543701171875,675.0900268554688,674.4600219726562,674.8099975585938,666891
2025-11-13 12:55:00-05:00,674.8300170898438,674.8400268554688,673.969970703125,674.1500244140625,663965
2025-11-13 13:00:00-05:00,674.1599731445312,674.530029296875,674.0800170898438,674.1799926757812,671714
2025-11-13 13:05:00-05:00,674.2000122070312,674.760009765625,673.969970703125,674.1400146484375,693852
2025-11-13 13:10:00-05:00,674.0999755859375,674.659912109375,673.77001953125,674.47998046875,525955
2025-11-13 13:15:00-05:00,674.489990234375,674.6099853515625,673.5900268554688,673.6400146484375,871467
2025-11-13 13:20:00-05:00,673.6500244140625,674.030029296875,673.3400268554688,673.52001953125,679250
2025-11-13 13:25:00-05:00,673.510009765625,673.5399780273438,672.594970703125,672.8300170898438,1701482
2025-11-13 13:30:00-05:00,672.8200073242188,672.8900146484375,672.4199829101562,672.4600219726562,937745
2025-11-13 13:35:00-05:00,672.4600219726562,672.6199951171875,671.6400146484375,671.8049926757812,1163785
2025-11-13 13:40:00-05:00,671.7899780273438,672.5599975585938,671.52001953125,672.5549926757812,1534988
2025-11-13 13:45:00-05:00,672.5399780273438,672.89501953125,672.1300048828125,672.489990234375,800167
2025-11-13 13:50:00-05:00,672.5,672.875,672.239990234375,672.3200073242188,1246672
2025-11-13 13:55:00-05:00,672.3300170898438,672.8098754882812,672.1500244140625,672.6900024414062,750757
2025-11-13 14:00:00-05:00,672.6799926757812,672.8699951171875,671.8099975585938,672.1099853515625,884987
2025-11-13 14:05:00-05:00,672.0800170898438,672.4600219726562,671.6859130859375,672.1500244140625,801830
2025-11-13 14:10:00-05:00,672.1500244140625,672.3499755859375,671.5900268554688,671.719970703125,662557
2025-11-13 14:15:00-05:00,671.739990234375,672.4299926757812,671.5800170898438,671.9400024414062,516761
2025-11-13 14:20:00-05:00,671.9500122070312,672.8699951171875,671.8499755859375,672.6699829101562,866836
2025-11-13 14:25:00-05:00,672.6699829101562,673.5499877929688,672.6500244140625,673.5399780273438,1863442
2025-11-13 14:30:00-05:00,673.510009765625,673.6300048828125,672.8800048828125,673.2999877929688,1206206
2025-11-13 14:35:00-05:00,673.2899780273438,673.5,672.3300170898438,672.760009765625,1247599
2025-11-13 14:40:00-05:00,672.760009765625,672.760009765625,671.8599853515625,672.4000244140625,700163
2025-11-13 14:45:00-05:00,672.4099731445312,672.6599731445312,671.6400146484375,671.8499755859375,741868
2025-11-13 14:50:00-05:00,671.8699951171875,672.47998046875,671.3699951171875,671.3800048828125,975377
2025-11-13 14:55:00-05:00,671.3900146484375,671.9500122070312,670.52001953125,671.6900024414062,1283917
2025-11-13 15:00:00-05:00,671.6799926757812,671.9600219726562,671.2249755859375,671.27001953125,1120119
2025-11-13 15:05:00-05:00,671.280029296875,671.9600219726562,670.969970703125,671.8699951171875,774276
2025-11-13 15:10:00-05:00,671.8800048828125,672.030029296875,671.2449951171875,671.6054077148438,879165
2025-11-13 15:15:00-05:00,671.6199951171875,672.0599975585938,671.1300048828125,671.1849975585938,1426879
2025-11-13 15:20:00-05:00,671.1699829101562,671.2899780273438,670.530029296875,671.22998046875,1448371
2025-11-13 15:25:00-05:00,671.239990234375,671.6699829101562,670.77001953125,671.6300048828125,1085599
2025-11-13 15:30:00-05:00,671.6199951171875,672.0855712890625,671.4000244140625,672.030029296875,1091802
2025-11-13 15:35:00-05:00,672.0,672.780029296875,671.9600219726562,672.635009765625,1315108
2025-11-13 15:40:00-05:00,672.6599731445312,673.02001953125,672.030029296875,672.3400268554688,2007851
2025-11-13 15:45:00-05:00,672.3350219726562,672.6199951171875,671.5449829101562,671.5449829101562,1974524
2025-11-13 15:50:00-05:00,671.5499877929688,672.4099731445312,670.760009765625,670.8200073242188,2728166
2025-11-13 15:55:00-05:00,670.8150024414062,672.0800170898438,670.8099975585938,672.0499877929688,6169634
2025-11-14 09:30:00-05:00,665.3800048828125,665.8800048828125,663.2650146484375,663.6099853515625,7262559
2025-11-14 09:35:00-05:00,663.60498046875,666.469970703125,663.5449829101562,665.97998046875,2822026
2025-11-14 09:40:00-05:00,665.969970703125,666.8599853515625,665.4550170898438,666.719970703125,1940179
2025-11-14 09:45:00-05:00,666.7000122070312,668.3699951171875,666.4500122070312,667.8499755859375,2257917
2025-11-14 09:50:00-05:00,667.8499755859375,668.47998046875,667.1799926757812,668.0599975585938,1850945
2025-11-14 09:55:00-05:00,668.0499877929688,668.844970703125,667.9000244140625,668.6900024414062,1669483
2025-11-14 10:00:00-05:00,668.6799926757812,668.75,667.4099731445312,667.5700073242188,1527760
2025-11-14 10:05:00-05:00,667.5900268554688,668.9199829101562,667.3099975585938,668.3800048828125,1222459
2025-11-14 10:10:00-05:00,668.3599853515625,668.780029296875,666.9199829101562,667.5499877929688,1576370
2025-11-14 10:15:00-05:00,667.52001953125,669.1699829101562,667.4299926757812,668.3900146484375,1317106
2025-11-14 10:20:00-05:00,668.4000244140625,669.1699829101562,667.9412231445312,668.2100219726562,1101448
2025-11-14 10:25:00-05:00,668.2100219726562,669.9600219726562,667.5399780273438,669.7899780273438,1395197
2025-11-14 10:30:00-05:00,669.780029296875,670.1099853515625,669.1599731445312,669.77001953125,1657069
2025-11-14 10:35:00-05:00,669.7550048828125,671.0,669.5,670.9199829101562,1447691
2025-11-14 10:40:00-05:00,670.9099731445312,671.2288818359375,670.5499877929688,671.0700073242188,1248441
2025-11-14 10:45:00-05:00,671.0399780273438,672.8200073242188,670.8699951171875,672.280029296875,1816854
2025-11-14 10:50:00-05:00,672.27001953125,672.780029296875,672.0319213867188,672.3099975585938,947001
2025-11-14 10:55:00-05:00,672.3099975585938,672.3499755859375,671.47998046875,672.239990234375,3277134
2025-11-14 11:00:00-05:00,672.25,672.5700073242188,671.1799926757812,671.340087890625,1219473
2025-11-14 11:05:00-05:00,671.3499755859375,671.72998046875,670.8900146484375,671.719970703125,1071988
2025-11-14 11:10:00-05:00,671.719970703125,672.5499877929688,671.510009765625,672.1199951171875,1214009
2025-11-14 11:15:00-05:00,672.1300048828125,673.1199951171875,672.1199951171875,672.969970703125,721320
2025-11-14 11:20:00-05:00,672.9600219726562,673.97998046875,672.469970703125,673.9400024414062,1015120
2025-11-14 11:25:00-05:00,673.9400024414062,674.8699951171875,673.8699951171875,674.39501953125,1256503
2025-11-14 11:30:00-05:00,674.4000244140625,674.47998046875,672.760009765625,673.7999877929688,988045
2025-11-14 11:35:00-05:00,673.8099975585938,674.8499755859375,673.6900024414062,674.7000122070312,654060
2025-11-14 11:40:00-05:00,674.72998046875,675.02001953125,673.75,673.9199829101562,722404
2025-11-14 11:45:00-05:00,673.9299926757812,674.1699829101562,673.1699829101562,674.1099853515625,746772
2025-11-14 11:50:00-05:00,674.10498046875,674.6300048828125,674.0800170898438,674.52001953125,645185
2025-11-14 11:55:00-05:00,674.52001953125,674.8200073242188,674.1912231445312,674.739990234375,823366
2025-11-14 12:00:00-05:00,674.7150268554688,674.8800048828125,674.2050170898438,674.8350219726562,573455
2025-11-14 12:05:00-05:00,674.8200073242188,675.0900268554688,674.4500122070312,674.9400024414062,536199
2025-11-14 12:10:00-05:00,674.9400024414062,675.6400146484375,674.9400024414062,675.260009765625,673438
2025-11-14 12:15:00-05:00,675.280029296875,675.4299926757812,674.719970703125,675.27001953125,511132
2025-11-14 12:20:00-05:00,675.2890014648438,675.4199829101562,674.9600219726562,675.0499877929688,528330
2025-11-14 12:25:00-05:00,675.030029296875,675.1699829101562,674.3400268554688,675.0499877929688,704267
2025-11-14 12:30:00-05:00,675.0549926757812,675.0900268554688,674.2000122070312,674.6900024414062,634524
2025-11-14 12:35:00-05:00,674.7000122070312,675.6599731445312,674.6900024414062,675.4849853515625,701489
2025-11-14 12:40:00-05:00,675.4849853515625,675.5,674.5700073242188,674.8099975585938,592327
2025-11-14 12:45:00-05:00,674.780029296875,675.219970703125,673.9199829101562,673.9500122070312,733352
2025-11-14 12:50:00-05:00,673.9600219726562,674.3300170898438,673.1300048828125,674.1701049804688,1279605
2025-11-14 12:55:00-05:00,674.1699829101562,674.3800048828125,673.7000122070312,674.0449829101562,797394
2025-11-14 13:00:00-05:00,674.0499877929688,674.0700073242188,672.4500122070312,672.5900268554688,1355745
2025-11-14 13:05:00-05:00,672.5900268554688,673.2899780273438,672.2100219726562,673.2899169921875,899033
2025-11-14 13:10:00-05:00,673.2899780273438,674.3599853515625,672.9400024414062,674.2899780273438,876837
2025-11-14 13:15:00-05:00,674.260009765625,674.2899780273438,672.8800048828125,673.0507202148438,559414
2025-11-14 13:20:00-05:00,673.0499877929688,673.1400146484375,672.1400146484375,672.6199951171875,722259
2025-11-14 13:25:00-05:00,672.6400146484375,673.1749877929688,672.2899780273438,673.1300048828125,593121
2025-11-14 13:30:00-05:00,673.1099853515625,673.64501953125,672.7949829101562,673.3699951171875,785497
2025-11-14 13:35:00-05:00,673.3499755859375,673.4500122070312,672.0709838867188,672.239990234375,637221
2025-11-14 13:40:00-05:00,672.22998046875,672.3099975585938,671.530029296875,671.6699829101562,1174282
2025-11-14 13:45:00-05:00,671.6599731445312,672.010009765625,671.489990234375,671.8499755859375,719415
2025-11-14 13:50:00-05:00,671.8800048828125,673.600830078125,671.8800048828125,673.5399780273438,860396
2025-11-14 13:55:00-05:00,673.5399780273438,673.780029296875,672.9400024414062,673.25,916539
2025-11-14 14:00:00-05:00,673.25,673.5700073242188,672.8400268554688,672.969970703125,703461
2025-11-14 14:05:00-05:00,672.989990234375,673.219970703125,672.27001953125,672.6300048828125,932551
2025-11-14 14:10:00-05:00,672.6199951171875,673.0999755859375,672.3699951171875,673.0499877929688,751840
2025-11-14 14:15:00-05:00,673.0999755859375,673.52001953125,672.9500122070312,673.1699829101562,672686
2025-11-14 14:20:00-05:00,673.1599731445312,674.4400024414062,673.1500244140625,674.3099975585938,783814
2025-11-14 14:25:00-05:00,674.3099975585938,674.3400268554688,673.5999755859375,674.0198974609375,725432
2025-11-14 14:30:00-05:00,674.02001953125,674.3499755859375,673.6199951171875,673.8499755859375,648949
2025-11-14 14:35:00-05:00,673.8499755859375,674.375,673.6900024414062,674.219970703125,463219
2025-11-14 14:40:00-05:00,674.22998046875,674.3300170898438,673.8400268554688,674.1199951171875,564329
2025-11-14 14:45:00-05:00,674.1400146484375,674.9000244140625,674.030029296875,674.2025756835938,658013
2025-11-14 14:50:00-05:00,674.2000122070312,674.72998046875,674.1099853515625,674.4749755859375,1267184
2025-11-14 14:55:00-05:00,674.489990234375,674.7999877929688,674.1649780273438,674.6500244140625,636322
2025-11-14 15:00:00-05:00,674.6400146484375,675.1199951171875,674.469970703125,674.8150024414062,735495
2025-11-14 15:05:00-05:00,674.8099975585938,674.8699951171875,673.739990234375,673.969970703125,978555
2025-11-14 15:10:00-05:00,673.989990234375,674.399169921875,673.5999755859375,673.7000122070312,596244
2025-11-14 15:15:00-05:00,673.7100219726562,673.8699951171875,672.8709716796875,673.0,778184
2025-11-14 15:20:00-05:00,673.010009765625,673.1500244140625,672.2100219726562,672.6500244140625,1210666
2025-11-14 15:25:00-05:00,672.6400146484375,672.9149780273438,672.3244018554688,672.64501953125,794247
2025-11-14 15:30:00-05:00,672.6400146484375,673.0599975585938,672.260009765625,672.8400268554688,754017
2025-11-14 15:35:00-05:00,672.8499755859375,673.1099853515625,672.3099975585938,672.5900268554688,920154
2025-11-14 15:40:00-05:00,672.5800170898438,672.5900268554688,671.9149780273438,672.0700073242188,1141265
2025-11-14 15:45:00-05:00,672.0599975585938,672.489990234375,671.2000122070312,671.219970703125,1717178
2025-11-14 15:50:00-05:00,671.2000122070312,672.1599731445312,671.2000122070312,671.6599731445312,1696648
2025-11-14 15:55:00-05:00,671.6699829101562,671.9600219726562,671.1699829101562,671.9500122070312,4346492
2025-11-17 09:30:00-05:00,669.7000122070312,671.1400146484375,668.9199829101562,671.1400146484375,3973464
2025-11-17 09:35:00-05:00,671.1400146484375,672.64501953125,671.0800170898438,672.6199951171875,1475572
2025-11-17 09:40:00-05:00,672.6099853515625,672.6699829101562,671.6699829101562,671.9849853515625,1214428
2025-11-17 09:45:00-05:00,671.989990234375,673.1300048828125,671.8400268554688,672.780029296875,1022219
2025-11-17 09:50:00-05:00,672.7999877929688,673.6699829101562,672.7999877929688,673.5,1033704
2025-11-17 09:55:00-05:00,673.5,673.7100219726562,672.5700073242188,672.760009765625,927576
2025-11-17 10:00:00-05:00,672.760009765625,673.1500244140625,671.3900146484375,671.5599975585938,929334
2025-11-17 10:05:00-05:00,671.5499877929688,672.25,670.469970703125,670.875,1131361
2025-11-17 10:10:00-05:00,670.8900146484375,672.0250244140625,670.8200073242188,671.739990234375,877362
2025-11-17 10:15:00-05:00,671.739990234375,672.1300048828125,670.5999755859375,670.7625732421875,798713
2025-11-17 10:20:00-05:00,670.760009765625,671.8499755859375,670.5499877929688,671.3300170898438,781758
2025-11-17 10:25:00-05:00,671.3300170898438,672.3200073242188,670.8300170898438,672.0599975585938,720021
2025-11-17 10:30:00-05:00,672.0399780273438,672.3699951171875,670.4299926757812,670.97998046875,786352
2025-11-17 10:35:00-05:00,670.969970703125,671.47998046875,670.5,670.5900268554688,820805
2025-11-17 10:40:00-05:00,670.5900268554688,671.7100219726562,670.1400146484375,671.7000122070312,1104919
2025-11-17 10:45:00-05:00,671.6900024414062,672.0900268554688,670.8699951171875,671.14501953125,760095
2025-11-17 10:50:00-05:00,671.1799926757812,671.4600219726562,670.6199951171875,671.1599731445312,629849
2025-11-17 10:55:00-05:00,671.1599731445312,671.47998046875,670.3300170898438,670.7050170898438,1311790
2025-11-17 11:00:00-05:00,670.7050170898438,670.97998046875,669.760009765625,670.27001953125,962620
2025-11-17 11:05:00-05:00,670.280029296875,670.3499755859375,668.9000244140625,669.2349853515625,994843
2025-11-17 11:10:00-05:00,669.22998046875,669.5700073242188,668.5250244140625,668.6699829101562,1185519
2025-11-17 11:15:00-05:00,668.6699829101562,668.6699829101562,667.77001953125,668.094970703125,1202987
2025-11-17 11:20:00-05:00,668.0999755859375,668.7365112304688,667.8150024414062,668.5999755859375,1104181
2025-11-17 11:25:00-05:00,668.6099853515625,670.530029296875,668.2999877929688,670.4749755859375,995318
2025-11-17 11:30:00-05:00,670.47998046875,671.27001953125,670.3720092773438,670.8400268554688,1257997
2025-11-17 11:35:00-05:00,670.8499755859375,671.3699951171875,670.469970703125,671.25,653790
2025-11-17 11:40:00-05:00,671.239990234375,672.0800170898438,671.1900024414062,671.719970703125,750926
2025-11-17 11:45:00-05:00,671.72998046875,672.2899780273438,671.5599975585938,672.0999755859375,555252
2025-11-17 11:50:00-05:00,672.0900268554688,672.719970703125,672.0900268554688,672.52001953125,522661
2025-11-17 11:55:00-05:00,672.5,672.97998046875,671.9949951171875,672.9500122070312,573822
2025-11-17 12:00:00-05:00,672.9400024414062,673.0,672.405029296875,672.5281982421875,435356
2025-11-17 12:05:00-05:00,672.530029296875,672.719970703125,672.0999755859375,672.5900268554688,398026
2025-11-17 12:10:00-05:00,672.5900268554688,672.655029296875,671.9749755859375,672.4199829101562,364153
2025-11-17 12:15:00-05:00,672.4299926757812,672.5499877929688,671.7050170898438,672.1199951171875,399254
2025-11-17 12:20:00-05:00,672.0999755859375,672.4500122070312,671.8099975585938,672.2100219726562,438097
2025-11-17 12:25:00-05:00,672.22998046875,672.344970703125,671.7999877929688,672.3101196289062,380098
2025-11-17 12:30:00-05:00,672.3300170898438,672.510009765625,671.864990234375,672.3350219726562,452374
2025-11-17 12:35:00-05:00,672.3300170898438,672.5900268554688,671.3699951171875,671.52001953125,471804
2025-11-17 12:40:00-05:00,671.5255126953125,671.530029296875,670.8400268554688,670.9199829101562,649658
2025-11-17 12:45:00-05:00,670.9199829101562,670.969970703125,670.0900268554688,670.77001953125,859810
2025-11-17 12:50:00-05:00,670.780029296875,670.8699951171875,669.6500244140625,669.72998046875,624968
2025-11-17 12:55:00-05:00,669.719970703125,669.8900146484375,669.1500244140625,669.219970703125,543733
2025-11-17 13:00:00-05:00,669.239990234375,669.280029296875,668.3499755859375,668.5599975585938,902884
2025-11-17 13:05:00-05:00,668.5599975585938,669.0079956054688,668.219970703125,668.5700073242188,614125
2025-11-17 13:10:00-05:00,668.5700073242188,669.47998046875,668.4400024414062,668.9954833984375,799661
2025-11-17 13:15:00-05:00,669.0,669.3300170898438,668.52001953125,669.0900268554688,463299
2025-11-17 13:20:00-05:00,669.0900268554688,669.4299926757812,668.6099853515625,668.780029296875,411005
2025-11-17 13:25:00-05:00,668.760009765625,669.0,668.4600219726562,668.7100219726562,330457
2025-11-17 13:30:00-05:00,668.7000122070312,668.739990234375,668.1500244140625,668.4000244140625,553961
2025-11-17 13:35:00-05:00,668.3900146484375,668.739990234375,668.1900024414062,668.4299926757812,448159
2025-11-17 13:40:00-05:00,668.4400024414062,668.8900146484375,668.0449829101562,668.8300170898438,475000
2025-11-17 13:45:00-05:00,668.8099975585938,669.9099731445312,668.7899780273438,669.1199951171875,825953
2025-11-17 13:50:00-05:00,669.1199951171875,669.4949951171875,668.10498046875,668.1348266601562,565536
2025-11-17 13:55:00-05:00,668.1400146484375,668.1400146484375,666.5,666.5599975585938,1314286
2025-11-17 14:00:00-05:00,666.5700073242188,666.9000244140625,665.5999755859375,666.1599731445312,1342145
2025-11-17 14:05:00-05:00,666.155029296875,666.6199951171875,665.77001953125,666.4099731445312,1235243
2025-11-17 14:10:00-05:00,666.4000244140625,666.72998046875,665.8099975585938,665.969970703125,1084827
2025-11-17 14:15:00-05:00,665.97998046875,666.1599731445312,665.4600219726562,665.72998046875,973056
2025-11-17 14:20:00-05:00,665.75,665.9500122070312,665.510009765625,665.739990234375,740153
2025-11-17 14:25:00-05:00,665.72998046875,665.9000244140625,664.969970703125,665.8394775390625,1042529
2025-11-17 14:30:00-05:00,665.8300170898438,666.1414794921875,664.6599731445312,664.9312744140625,1043037
2025-11-17 14:35:00-05:00,664.9199829101562,665.2999877929688,663.990478515625,664.030029296875,1167792
2025-11-17 14:40:00-05:00,664.030029296875,664.6400146484375,663.72998046875,664.5599975585938,1392940
2025-11-17 14:45:00-05:00,664.52001953125,664.6099853515625,663.510009765625,664.1300048828125,1022044
2025-11-17 14:50:00-05:00,664.1199951171875,664.4149780273438,663.75,663.8499755859375,932353
2025-11-17 14:55:00-05:00,663.8699951171875,663.9249877929688,662.72998046875,662.7899780273438,1393758
2025-11-17 15:00:00-05:00,662.77001953125,662.9199829101562,662.1699829101562,662.6900024414062,1538480
2025-11-17 15:05:00-05:00,662.6799926757812,663.3699951171875,662.5800170898438,662.8997802734375,1301341
2025-11-17 15:10:00-05:00,662.8699951171875,663.6500244140625,662.7045288085938,662.7550048828125,1402304
2025-11-17 15:15:00-05:00,662.77001953125,663.985595703125,662.5599975585938,663.1099853515625,1388697
2025-11-17 15:20:00-05:00,663.1099853515625,663.8400268554688,662.9500122070312,663.655029296875,1159385
2025-11-17 15:25:00-05:00,663.6599731445312,664.0499877929688,663.405029296875,663.739990234375,1423599
2025-11-17 15:30:00-05:00,663.760009765625,664.27001953125,663.094970703125,663.3099975585938,1403650
2025-11-17 15:35:00-05:00,663.3099975585938,664.1900024414062,663.1799926757812,663.3499755859375,1261186
2025-11-17 15:40:00-05:00,663.3400268554688,664.0549926757812,663.1400146484375,664.0349731445312,1311491
2025-11-17 15:45:00-05:00,664.030029296875,665.030029296875,663.9600830078125,664.8900146484375,2361299
2025-11-17 15:50:00-05:00,664.8900146484375,665.6199951171875,664.4000244140625,664.72998046875,2758053
2025-11-17 15:55:00-05:00,664.72998046875,665.77001953125,664.6699829101562,665.6900024414062,5375737
2025-11-18 09:30:00-05:00,662.094970703125,664.260009765625,660.9550170898438,662.9000244140625,6019238
2025-11-18 09:35:00-05:00,662.9000244140625,663.8300170898438,662.489990234375,663.1500244140625,2402248
2025-11-18 09:40:00-05:00,663.1400146484375,663.4550170898438,661.5399780273438,661.8499755859375,2045661
2025-11-18 09:45:00-05:00,661.8499755859375,663.4500122070312,660.7490234375,660.9600219726562,2661923
2025-11-18 09:50:00-05:00,660.969970703125,661.1400146484375,659.5599975585938,659.7899780273438,2646887
2025-11-18 09:55:00-05:00,659.7899780273438,659.8900146484375,658.6099853515625,658.6500854492188,2273380
2025-11-18 10:00:00-05:00,658.6500244140625,659.4500122070312,656.9600219726562,657.0599975585938,2432211
2025-11-18 10:05:00-05:00,657.0499877929688,659.1599731445312,656.7999877929688,658.8800048828125,2719306
2025-11-18 10:10:00-05:00,658.8699951171875,659.4600219726562,657.6099853515625,658.8150024414062,1950254
2025-11-18 10:15:00-05:00,658.7999877929688,658.8800048828125,657.0700073242188,658.010009765625,1775309
2025-11-18 10:20:00-05:00,657.969970703125,660.3099975585938,657.8699951171875,659.3099975585938,1962938
2025-11-18 10:25:00-05:00,659.3099975585938,660.2899780273438,658.969970703125,659.0850219726562,1193552
2025-11-18 10:30:00-05:00,659.0800170898438,660.2000122070312,658.3900146484375,658.6400146484375,3389452
2025-11-18 10:35:00-05:00,658.6900024414062,658.719970703125,657.4229736328125,658.3699951171875,1830589
2025-11-18 10:40:00-05:00,658.3599853515625,659.030029296875,657.5999755859375,658.239990234375,1221464
2025-11-18 10:45:00-05:00,658.219970703125,658.3300170898438,657.5999755859375,657.9199829101562,1032975
2025-11-18 10:50:00-05:00,657.9299926757812,658.510009765625,657.1199951171875,658.019775390625,1152133
2025-11-18 10:55:00-05:00,658.030029296875,658.739990234375,657.1599731445312,657.219970703125,1025182
2025-11-18 11:00:00-05:00,657.22998046875,657.6099853515625,655.8599853515625,656.6296997070312,2054159
2025-11-18 11:05:00-05:00,656.6300048828125,658.4199829101562,656.260009765625,658.3300170898438,1146649
2025-11-18 11:10:00-05:00,658.3400268554688,659.530029296875,658.219970703125,658.8200073242188,1452167
2025-11-18 11:15:00-05:00,658.8200073242188,659.5499877929688,658.0900268554688,659.3198852539062,1021278
2025-11-18 11:20:00-05:00,659.219970703125,660.4299926757812,659.1599731445312,660.2100219726562,1117322
2025-11-18 11:25:00-05:00,660.260009765625,661.8699951171875,660.2000122070312,661.5750122070312,1511723
2025-11-18 11:30:00-05:00,661.5599975585938,662.1513061523438,661.3699951171875,661.4199829101562,1433451
2025-11-18 11:35:00-05:00,661.4299926757812,662.3699951171875,661.1500244140625,661.239990234375,1296079
2025-11-18 11:40:00-05:00,661.219970703125,662.0499877929688,660.9500122070312,661.9000854492188,740616
2025-11-18 11:45:00-05:00,661.8900146484375,662.2899780273438,660.780029296875,661.4099731445312,970315
2025-11-18 11:50:00-05:00,661.4299926757812,661.8400268554688,660.719970703125,661.3300170898438,823103
2025-11-18 11:55:00-05:00,661.3319702148438,662.0399780273438,660.8800048828125,661.1699829101562,537634
2025-11-18 12:00:00-05:00,661.1400146484375,661.8599853515625,660.97998046875,661.1799926757812,553409
2025-11-18 12:05:00-05:00,661.1699829101562,661.2899780273438,660.25,660.5999755859375,861098
2025-11-18 12:10:00-05:00,660.5399780273438,661.0198974609375,659.8701782226562,659.9299926757812,605083
2025-11-18 12:15:00-05:00,659.9199829101562,660.6400146484375,659.5599975585938,660.0399780273438,954807
2025-11-18 12:20:00-05:00,660.0700073242188,660.8900146484375,659.6599731445312,659.739990234375,617714
2025-11-18 12:25:00-05:00,659.739990234375,660.19580078125,658.5599975585938,658.6199951171875,845764
2025-11-18 12:30:00-05:00,658.6099853515625,659.0499877929688,657.9099731445312,658.9400024414062,1003961
2025-11-18 12:35:00-05:00,658.9400024414062,661.2000122070312,658.7999877929688,661.14990234375,978964
2025-11-18 12:40:00-05:00,661.1300048828125,663.02001953125,661.1300048828125,662.7999877929688,1308836
2025-11-18 12:45:00-05:00,662.8099975585938,663.280029296875,661.739990234375,663.1300048828125,1136737
2025-11-18 12:50:00-05:00,663.1199951171875,663.6699829101562,662.3800048828125,663.5599975585938,868121
2025-11-18 12:55:00-05:00,663.530029296875,664.375,663.0499877929688,663.6699829101562,1060895
2025-11-18 13:00:00-05:00,663.719970703125,664.22998046875,663.3200073242188,663.739990234375,939871
2025-11-18 13:05:00-05:00,663.739990234375,664.4000244140625,663.5700073242188,663.9000244140625,911222
2025-11-18 13:10:00-05:00,663.9099731445312,664.4600219726562,663.6500244140625,663.8099975585938,723936
2025-11-18 13:15:00-05:00,663.8400268554688,664.0921630859375,663.25,664.0098876953125,814081
2025-11-18 13:20:00-05:00,663.97998046875,664.22998046875,663.0999755859375,664.0499267578125,1573053
2025-11-18 13:25:00-05:00,664.0800170898438,664.3800048828125,663.260009765625,663.3300170898438,563906
2025-11-18 13:30:00-05:00,663.3499755859375,664.6099853515625,663.3499755859375,664.3900146484375,559545
2025-11-18 13:35:00-05:00,664.3900146484375,664.6099853515625,663.0999755859375,664.02001953125,818933
2025-11-18 13:40:00-05:00,664.0399780273438,665.1199951171875,663.469970703125,663.8800048828125,1191035
2025-11-18 13:45:00-05:00,663.864990234375,664.4492797851562,663.5800170898438,664.3699951171875,828798
2025-11-18 13:50:00-05:00,664.3800048828125,664.9400024414062,664.0999755859375,664.4500122070312,515881
2025-11-18 13:55:00-05:00,664.4299926757812,664.4500122070312,662.7000122070312,663.010009765625,1159475
2025-11-18 14:00:00-05:00,663.0499877929688,664.22998046875,662.8499755859375,663.0250244140625,962536
2025-11-18 14:05:00-05:00,663.0399780273438,663.8400268554688,662.969970703125,663.7100219726562,619145
2025-11-18 14:10:00-05:00,663.72998046875,664.25,663.1900024414062,663.9600219726562,567225
2025-11-18 14:15:00-05:00,663.969970703125,664.0900268554688,662.9099731445312,664.0499877929688,662823
2025-11-18 14:20:00-05:00,664.0499877929688,664.239990234375,662.7000122070312,663.0700073242188,607387
2025-11-18 14:25:00-05:00,663.0700073242188,663.5599975585938,662.5700073242188,662.9299926757812,685928
2025-11-18 14:30:00-05:00,662.9299926757812,663.1799926757812,662.4340209960938,662.72998046875,684948
2025-11-18 14:35:00-05:00,662.760009765625,664.6799926757812,662.64501953125,664.6099853515625,891379
2025-11-18 14:40:00-05:00,664.5999755859375,664.9600219726562,663.2000122070312,663.4600219726562,1042801
2025-11-18 14:45:00-05:00,663.469970703125,664.8699951171875,663.4400024414062,664.1199951171875,859982
2025-11-18 14:50:00-05:00,664.1099853515625,664.239990234375,663.1950073242188,663.280029296875,902527
2025-11-18 14:55:00-05:00,663.25,664.47998046875,662.969970703125,664.4199829101562,837525
2025-11-18 15:00:00-05:00,664.4299926757812,664.9400024414062,663.6500244140625,663.7150268554688,1326251
2025-11-18 15:05:00-05:00,663.7000122070312,663.7899780273438,663.0499877929688,663.27001953125,820036
2025-11-18 15:10:00-05:00,663.239990234375,663.5,662.8099975585938,663.155517578125,836842
2025-11-18 15:15:00-05:00,663.1500244140625,663.52001953125,662.6599731445312,662.77001953125,980373
2025-11-18 15:20:00-05:00,662.77001953125,663.489990234375,662.3834228515625,662.5570068359375,776292
2025-11-18 15:25:00-05:00,662.5700073242188,662.5800170898438,661.5,662.4199829101562,1340225
2025-11-18 15:30:00-05:00,662.4199829101562,662.780029296875,661.6500244140625,661.780029296875,1040023
2025-11-18 15:35:00-05:00,661.7899780273438,662.719970703125,661.6400146484375,662.3900146484375,1268509
2025-11-18 15:40:00-05:00,662.389892578125,662.5399780273438,661.5900268554688,661.6500244140625,1133813
2025-11-18 15:45:00-05:00,661.6500244140625,661.9199829101562,660.875,660.9149780273438,1836587
2025-11-18 15:50:00-05:00,660.9199829101562,662.3599853515625,660.9149780273438,661.2899780273438,3208738
2025-11-18 15:55:00-05:00,661.2899780273438,661.6799926757812,660.0,660.1400146484375,7909475
2025-11-19 09:30:00-05:00,660.780029296875,661.6099853515625,660.1099853515625,661.4000244140625,3566783
2025-11-19 09:35:00-05:00,661.4000244140625,662.3900146484375,661.2999877929688,662.1994018554688,1829881
2025-11-19 09:40:00-05:00,662.1799926757812,663.3200073242188,661.719970703125,663.0150146484375,1276313
2025-11-19 09:45:00-05:00,663.0,663.780029296875,662.6799926757812,663.5399780273438,1447546
2025-11-19 09:50:00-05:00,663.5399780273438,664.5900268554688,662.989990234375,664.510009765625,1247397
2025-11-19 09:55:00-05:00,664.5,665.8400268554688,664.260009765625,665.6699829101562,1578627
2025-11-19 10:00:00-05:00,665.6699829101562,666.2150268554688,665.4199829101562,666.1400146484375,1630036
2025-11-19 10:05:00-05:00,666.1500244140625,666.4400024414062,665.9450073242188,666.1799926757812,1397604
2025-11-19 10:10:00-05:00,666.1799926757812,666.760009765625,665.6900024414062,666.5499877929688,1310881
2025-11-19 10:15:00-05:00,666.5549926757812,667.3400268554688,666.52001953125,666.6199951171875,1416274
2025-11-19 10:20:00-05:00,666.6099853515625,667.0399780273438,666.0900268554688,666.5858764648438,1017556
2025-11-19 10:25:00-05:00,666.5800170898438,666.6599731445312,665.9099731445312,666.25,1271444
2025-11-19 10:30:00-05:00,666.27001953125,666.5545043945312,665.85498046875,666.1599731445312,993735
2025-11-19 10:35:00-05:00,666.1599731445312,666.3200073242188,665.530029296875,665.6400146484375,813638
2025-11-19 10:40:00-05:00,665.6400146484375,665.75,665.0800170898438,665.52001953125,781159
2025-11-19 10:45:00-05:00,665.52001953125,665.52001953125,664.6900024414062,664.7100219726562,836253
2025-11-19 10:50:00-05:00,664.7100219726562,664.7100219726562,663.7000122070312,664.030029296875,1120609
2025-11-19 10:55:00-05:00,664.0399780273438,664.0599975585938,662.5999755859375,662.969970703125,1394212
2025-11-19 11:00:00-05:00,662.969970703125,663.530029296875,662.760009765625,663.0499877929688,1487432
2025-11-19 11:05:00-05:00,663.030029296875,663.280029296875,662.0479736328125,662.4199829101562,1238991
2025-11-19 11:10:00-05:00,662.4099731445312,662.530029296875,661.8800048828125,662.2899780273438,866139
2025-11-19 11:15:00-05:00,662.2899780273438,662.6699829101562,662.0399780273438,662.4194946289062,976545
2025-11-19 11:20:00-05:00,662.4000244140625,663.1300048828125,661.5700073242188,661.6500244140625,1208144
2025-11-19 11:25:00-05:00,661.6409912109375,662.4199829101562,661.280029296875,662.010009765625,1027012
2025-11-19 11:30:00-05:00,662.02001953125,662.2999877929688,661.6199951171875,662.0,633121
2025-11-19 11:35:00-05:00,661.989990234375,662.030029296875,660.989990234375,661.2399291992188,697373
2025-11-19 11:40:00-05:00,661.2249755859375,661.989990234375,660.780029296875,661.6199951171875,1030967
2025-11-19 11:45:00-05:00,661.6099853515625,662.0899047851562,661.030029296875,661.3499755859375,1042291
2025-11-19 11:50:00-05:00,661.3099975585938,662.0198974609375,661.0479736328125,661.8244018554688,683777
2025-11-19 11:55:00-05:00,661.8300170898438,662.5897216796875,661.3599853515625,662.5100708007812,861631
2025-11-19 12:00:00-05:00,662.5150146484375,662.97998046875,661.0599975585938,661.0700073242188,996929
2025-11-19 12:05:00-05:00,661.0800170898438,661.6055297851562,660.5850219726562,661.030029296875,956705
2025-11-19 12:10:00-05:00,661.0100708007812,661.27001953125,660.5,660.77001953125,617153
2025-11-19 12:15:00-05:00,660.760009765625,661.4600219726562,660.6199951171875,660.8400268554688,596033
2025-11-19 12:20:00-05:00,660.8400268554688,661.4400024414062,660.5800170898438,660.8900146484375,553481
2025-11-19 12:25:00-05:00,660.9199829101562,661.4600219726562,660.22998046875,661.1699829101562,962557
2025-11-19 12:30:00-05:00,661.1799926757812,661.3699951171875,660.010009765625,660.1599731445312,923229
2025-11-19 12:35:00-05:00,660.1599731445312,660.1699829101562,658.7449951171875,659.0999755859375,1580441
2025-11-19 12:40:00-05:00,659.0800170898438,661.5499877929688,658.760009765625,661.030029296875,1592858
2025-11-19 12:45:00-05:00,661.010009765625,661.260009765625,659.969970703125,660.5499877929688,862395
2025-11-19 12:50:00-05:00,660.52001953125,661.7000122070312,660.4099731445312,661.4199829101562,734183
2025-11-19 12:55:00-05:00,661.4099731445312,661.9299926757812,661.0399780273438,661.3599853515625,693298
2025-11-19 13:00:00-05:00,661.3400268554688,662.1500244140625,661.0599975585938,662.0800170898438,593550
2025-11-19 13:05:00-05:00,662.0499877929688,662.2100219726562,661.1400146484375,661.9949951171875,809179
2025-11-19 13:10:00-05:00,662.010009765625,662.6199951171875,661.5501098632812,662.260009765625,877397
2025-11-19 13:15:00-05:00,662.280029296875,662.4700927734375,661.1599731445312,661.5549926757812,716561
2025-11-19 13:20:00-05:00,661.5499877929688,662.5599975585938,661.52001953125,662.1950073242188,706014
2025-11-19 13:25:00-05:00,662.1950073242188,662.4722290039062,660.9400024414062,661.0200805664062,1047548
2025-11-19 13:30:00-05:00,661.010009765625,661.739990234375,660.8200073242188,661.6400146484375,777476
2025-11-19 13:35:00-05:00,661.6599731445312,663.3300170898438,661.530029296875,662.6199951171875,1179098
2025-11-19 13:40:00-05:00,662.6199951171875,662.780029296875,661.3099975585938,661.5900268554688,905983
2025-11-19 13:45:00-05:00,661.5999755859375,661.6699829101562,660.760009765625,661.02001953125,582887
2025-11-19 13:50:00-05:00,661.0499877929688,662.4099731445312,661.0399780273438,662.3200073242188,695642
2025-11-19 13:55:00-05:00,662.3099975585938,662.97998046875,662.1799926757812,662.5291748046875,737548
2025-11-19 14:00:00-05:00,662.5499877929688,662.7899780273438,661.6799926757812,661.9500122070312,1324065
2025-11-19 14:05:00-05:00,661.9299926757812,662.1699829101562,661.489990234375,661.77001953125,893345
2025-11-19 14:10:00-05:00,661.75,661.8499755859375,661.219970703125,661.8300170898438,637550
2025-11-19 14:15:00-05:00,661.7999877929688,662.0355834960938,660.969970703125,661.260009765625,540986
2025-11-19 14:20:00-05:00,661.2606201171875,661.3800048828125,660.6900024414062,660.9400024414062,493226
2025-11-19 14:25:00-05:00,660.9299926757812,660.9299926757812,659.47998046875,659.7999877929688,978295
2025-11-19 14:30:00-05:00,659.7899780273438,660.3099975585938,659.4500122070312,659.8300170898438,743424
2025-11-19 14:35:00-05:00,659.8800048828125,660.1790161132812,659.3699951171875,659.489990234375,590539
2025-11-19 14:40:00-05:00,659.489990234375,659.9500122070312,659.3300170898438,659.735595703125,608332
2025-11-19 14:45:00-05:00,659.739990234375,660.030029296875,659.3699951171875,659.9450073242188,851987
2025-11-19 14:50:00-05:00,659.9400024414062,661.510009765625,659.9299926757812,661.4498291015625,832415
2025-11-19 14:55:00-05:00,661.4199829101562,662.010009765625,660.780029296875,661.25,937959
2025-11-19 15:00:00-05:00,661.25,661.77001953125,661.0,661.6300048828125,712713
2025-11-19 15:05:00-05:00,661.5900268554688,661.8980102539062,661.469970703125,661.72998046875,600110
2025-11-19 15:10:00-05:00,661.75,662.4199829101562,661.6500244140625,662.3099975585938,774093
2025-11-19 15:15:00-05:00,662.3300170898438,664.2000122070312,662.3300170898438,664.02001953125,1371465
2025-11-19 15:20:00-05:00,664.02001953125,664.4000244140625,662.8599853515625,663.3900146484375,1719352
2025-11-19 15:25:00-05:00,663.4000244140625,663.739990234375,662.989990234375,663.5,810046
2025-11-19 15:30:00-05:00,663.5,663.6599731445312,662.9600219726562,663.4387817382812,1034652
2025-11-19 15:35:00-05:00,663.4400024414062,664.760009765625,663.4000244140625,663.989990234375,1469090
2025-11-19 15:40:00-05:00,664.010009765625,664.0700073242188,663.0665893554688,663.6099853515625,1118348
2025-11-19 15:45:00-05:00,663.625,663.6599731445312,662.0549926757812,662.0999755859375,1617278
2025-11-19 15:50:00-05:00,662.0999755859375,663.280029296875,661.739990234375,663.0,2224403
2025-11-19 15:55:00-05:00,663.010009765625,663.5800170898438,662.3499755859375,662.6500244140625,3104983
2025-11-20 09:30:00-05:00,672.9099731445312,673.864990234375,672.469970703125,673.3300170898438,6344913
2025-11-20 09:35:00-05:00,673.3499755859375,674.0,673.1099853515625,673.6599731445312,2187913
2025-11-20 09:40:00-05:00,673.6599731445312,674.1500244140625,672.6900024414062,673.635009765625,1988439
2025-11-20 09:45:00-05:00,673.6199951171875,674.7000122070312,672.9600219726562,674.0800170898438,1902151
2025-11-20 09:50:00-05:00,674.0900268554688,674.6199951171875,673.9199829101562,674.2000122070312,1388505
2025-11-20 09:55:00-05:00,674.239990234375,675.02001953125,674.0900268554688,674.9099731445312,1219358
2025-11-20 10:00:00-05:00,674.9199829101562,675.4099731445312,674.6599731445312,674.9573974609375,1335646
2025-11-20 10:05:00-05:00,674.9500122070312,674.969970703125,673.0999755859375,673.280029296875,1438249
2025-11-20 10:10:00-05:00,673.27001953125,673.8599853515625,672.7899780273438,673.1699829101562,1406651
2025-11-20 10:15:00-05:00,673.1799926757812,674.219970703125,672.81689453125,674.0,1306422
2025-11-20 10:20:00-05:00,674.030029296875,674.9199829101562,673.5900268554688,674.75,1061371
2025-11-20 10:25:00-05:00,674.7550048828125,675.0155029296875,674.3800048828125,674.8300170898438,1074454
2025-11-20 10:30:00-05:00,674.8300170898438,675.2000732421875,674.3099975585938,674.655029296875,933108
2025-11-20 10:35:00-05:00,674.6500244140625,675.5599975585938,674.5800170898438,675.2999267578125,901271
2025-11-20 10:40:00-05:00,675.2899780273438,675.4349975585938,674.8300170898438,675.2349853515625,647065
2025-11-20 10:45:00-05:00,675.22998046875,675.3200073242188,674.010009765625,674.0900268554688,1701870
2025-11-20 10:50:00-05:00,674.094970703125,674.3200073242188,673.3699951171875,673.3800048828125,816464
2025-11-20 10:55:00-05:00,673.3800048828125,673.6400146484375,672.739990234375,672.760009765625,1109628
2025-11-20 11:00:00-05:00,672.780029296875,672.8200073242188,671.6400146484375,671.7000122070312,1474205
2025-11-20 11:05:00-05:00,671.6799926757812,672.2000122070312,671.02001953125,671.0800170898438,1739174
2025-11-20 11:10:00-05:00,671.0700073242188,671.1649780273438,669.8499755859375,669.9400024414062,1374417
2025-11-20 11:15:00-05:00,669.9400024414062,669.969970703125,668.1400146484375,668.4550170898438,2817837
2025-11-20 11:20:00-05:00,668.4500122070312,669.1099853515625,667.5800170898438,668.0,2182861
2025-11-20 11:25:00-05:00,667.989990234375,669.3599853515625,667.4199829101562,667.9000244140625,2754770
2025-11-20 11:30:00-05:00,667.8900146484375,668.1699829101562,666.6699829101562,667.0,2052080
2025-11-20 11:35:00-05:00,667.010009765625,667.1699829101562,664.7899780273438,665.7999877929688,2342756
2025-11-20 11:40:00-05:00,665.7999877929688,665.8200073242188,664.1300048828125,664.4400024414062,2896856
2025-11-20 11:45:00-05:00,664.4199829101562,665.2650146484375,663.6300048828125,664.5399780273438,2775706
2025-11-20 11:50:00-05:00,664.5399780273438,665.7899780273438,662.5399780273438,662.9000244140625,3008001
2025-11-20 11:55:00-05:00,662.9299926757812,662.969970703125,659.3900146484375,660.2000122070312,3815751
2025-11-20 12:00:00-05:00,660.1900024414062,662.3800048828125,659.5599975585938,661.6199951171875,3953623
2025-11-20 12:05:00-05:00,661.5800170898438,661.8499755859375,659.0800170898438,660.219970703125,2573814
2025-11-20 12:10:00-05:00,660.25,660.3800048828125,658.030029296875,659.5,2914752
2025-11-20 12:15:00-05:00,659.47998046875,659.47998046875,657.1900024414062,657.9400024414062,3260900
2025-11-20 12:20:00-05:00,657.9450073242188,659.22998046875,656.5999755859375,658.1699829101562,3037101
2025-11-20 12:25:00-05:00,658.1300048828125,659.4099731445312,657.1199951171875,658.5700073242188,2727651
2025-11-20 12:30:00-05:00,658.5499877929688,659.5399780273438,657.1900024414062,657.4600219726562,2262211
2025-11-20 12:35:00-05:00,657.47998046875,658.4299926757812,655.4500122070312,658.1799926757812,2731302
2025-11-20 12:40:00-05:00,658.1799926757812,658.5499877929688,656.239990234375,656.280029296875,1850593
2025-11-20 12:45:00-05:00,656.280029296875,656.5999755859375,655.489990234375,655.8900146484375,1977369
2025-11-20 12:50:00-05:00,655.8800048828125,657.6599731445312,655.6699829101562,656.1500244140625,1823370
2025-11-20 12:55:00-05:00,656.1400146484375,657.8800048828125,655.9199829101562,657.260009765625,1606181
2025-11-20 13:00:00-05:00,657.2899780273438,658.780029296875,656.719970703125,658.4199829101562,2535532
2025-11-20 13:05:00-05:00,658.4500122070312,660.010009765625,658.1500244140625,659.9412231445312,2103258
2025-11-20 13:10:00-05:00,659.9500122070312,661.8499755859375,659.3200073242188,661.8200073242188,1836556
2025-11-20 13:15:00-05:00,661.8200073242188,661.969970703125,659.3153076171875,660.1699829101562,2151235
2025-11-20 13:20:00-05:00,660.1599731445312,660.8599853515625,658.9901123046875,659.0700073242188,1209251
2025-11-20 13:25:00-05:00,659.0800170898438,659.9500122070312,658.72998046875,659.5800170898438,950138
2025-11-20 13:30:00-05:00,659.5499877929688,660.0,657.7100219726562,658.72998046875,1093965
2025-11-20 13:35:00-05:00,658.75,658.8499755859375,656.8400268554688,657.1300048828125,1268128
2025-11-20 13:40:00-05:00,657.0999755859375,657.219970703125,656.239990234375,656.3300170898438,1020201
2025-11-20 13:45:00-05:00,656.3099975585938,656.4000244140625,655.510009765625,655.6300048828125,1139695
2025-11-20 13:50:00-05:00,655.6300048828125,655.6400146484375,654.1300048828125,654.3800048828125,1842457
2025-11-20 13:55:00-05:00,654.3599853515625,655.8599853515625,654.1199951171875,655.0599975585938,1650646
2025-11-20 14:00:00-05:00,655.0399780273438,655.5999755859375,654.2000122070312,654.4099731445312,1272174
2025-11-20 14:05:00-05:00,654.3900146484375,655.3699951171875,653.8599853515625,655.219970703125,1420522
2025-11-20 14:10:00-05:00,655.2100219726562,655.8499755859375,654.5499877929688,655.3599853515625,2449685
2025-11-20 14:15:00-05:00,655.3400268554688,656.5900268554688,654.8499755859375,655.7100219726562,948360
2025-11-20 14:20:00-05:00,655.719970703125,656.5700073242188,655.239990234375,655.3499755859375,841558
2025-11-20 14:25:00-05:00,655.3599853515625,657.5399780273438,655.219970703125,657.010009765625,1018639
2025-11-20 14:30:00-05:00,656.97998046875,656.989990234375,655.35498046875,655.8800048828125,1171072
2025-11-20 14:35:00-05:00,655.8800048828125,656.6400146484375,655.4600219726562,655.642822265625,1095838
2025-11-20 14:40:00-05:00,655.6500244140625,656.7899780273438,655.2100219726562,656.6199951171875,1473917
2025-11-20 14:45:00-05:00,656.5999755859375,656.7697143554688,655.2999877929688,655.72998046875,612430
2025-11-20 14:50:00-05:00,655.739990234375,657.0599975585938,655.6099853515625,656.7673950195312,824410
2025-11-20 14:55:00-05:00,656.760009765625,658.25,656.5499877929688,658.1099853515625,2839059
2025-11-20 15:00:00-05:00,658.1199951171875,658.1300048828125,656.0,656.2000122070312,1832864
2025-11-20 15:05:00-05:00,656.2000122070312,657.1099853515625,656.0499877929688,656.3049926757812,1243273
2025-11-20 15:10:00-05:00,656.3099975585938,656.52001953125,655.719970703125,656.2899780273438,1148047
2025-11-20 15:15:00-05:00,656.2899780273438,657.1300048828125,656.030029296875,656.6900024414062,1539140
2025-11-20 15:20:00-05:00,656.6799926757812,657.530029296875,655.9299926757812,656.0050048828125,1070598
2025-11-20 15:25:00-05:00,656.010009765625,656.3200073242188,655.3499755859375,656.2000122070312,1926855
2025-11-20 15:30:00-05:00,656.2000122070312,656.5599975585938,655.0900268554688,655.1400146484375,1582730
2025-11-20 15:35:00-05:00,655.1199951171875,655.22998046875,653.760009765625,653.9400024414062,2291485
2025-11-20 15:40:00-05:00,653.9500122070312,654.2899780273438,653.1300048828125,653.3599853515625,2591598
2025-11-20 15:45:00-05:00,653.3699951171875,653.6480102539062,651.97998046875,652.0,3757045
2025-11-20 15:50:00-05:00,652.0,653.7899780273438,651.969970703125,653.0,3525917
2025-11-20 15:55:00-05:00,653.0,653.9650268554688,651.8900146484375,652.530029296875,6592008
2025-11-21 09:30:00-05:00,655.0499877929688,656.4400024414062,654.3300170898438,655.4500122070312,7452033
2025-11-21 09:35:00-05:00,655.4550170898438,656.2100219726562,654.5399780273438,654.5999755859375,2294868
2025-11-21 09:40:00-05:00,654.6099853515625,656.010009765625,654.030029296875,654.3400268554688,1726131
2025-11-21 09:45:00-05:00,654.3499755859375,655.4500122070312,653.1300048828125,654.6599731445312,2133448
2025-11-21 09:50:00-05:00,654.6599731445312,656.469970703125,654.239990234375,656.1300048828125,1891106
2025-11-21 09:55:00-05:00,656.1400146484375,656.1799926757812,654.280029296875,654.52001953125,1198356
2025-11-21 10:00:00-05:00,654.5700073242188,655.7100219726562,653.1500244140625,653.8900146484375,1881223
2025-11-21 10:05:00-05:00,653.9199829101562,655.5700073242188,653.52001953125,654.3400268554688,1534471
2025-11-21 10:10:00-05:00,654.3099975585938,654.3200073242188,653.219970703125,653.760009765625,1451734
2025-11-21 10:15:00-05:00,653.719970703125,654.4600219726562,652.6300048828125,654.27001953125,1926750
2025-11-21 10:20:00-05:00,654.260009765625,655.1199951171875,652.3400268554688,655.0800170898438,2100026
2025-11-21 10:25:00-05:00,655.1099853515625,655.9400024414062,652.719970703125,653.0800170898438,1563824
2025-11-21 10:30:00-05:00,653.0900268554688,654.0599975585938,652.52001953125,652.7100219726562,1397782
2025-11-21 10:35:00-05:00,652.739990234375,652.75,650.8499755859375,651.4299926757812,2344265
2025-11-21 10:40:00-05:00,651.4099731445312,653.3200073242188,650.9400024414062,652.8499755859375,2073291
2025-11-21 10:45:00-05:00,652.8699951171875,654.1400146484375,652.3800048828125,653.6799926757812,1122573
2025-11-21 10:50:00-05:00,653.1799926757812,654.3900146484375,652.6300048828125,654.125,1325884
2025-11-21 10:55:00-05:00,654.1400146484375,654.3900146484375,652.7000122070312,652.77001953125,1420656
2025-11-21 11:00:00-05:00,652.719970703125,653.280029296875,651.4199829101562,651.8900146484375,830978
2025-11-21 11:05:00-05:00,651.8699951171875,652.9099731445312,651.0800170898438,652.8800048828125,1096031
2025-11-21 11:10:00-05:00,652.8699951171875,653.7999877929688,652.4199829101562,653.2899780273438,1216782
2025-11-21 11:15:00-05:00,653.2899780273438,654.0399780273438,651.97998046875,652.239990234375,768384
2025-11-21 11:20:00-05:00,652.239990234375,654.97998046875,652.0999755859375,654.7899780273438,1072429
2025-11-21 11:25:00-05:00,654.7899780273438,655.969970703125,654.52001953125,655.9299926757812,1200476
2025-11-21 11:30:00-05:00,655.9299926757812,656.3599853515625,655.219970703125,655.7999877929688,1575402
2025-11-21 11:35:00-05:00,655.7899780273438,657.3499755859375,655.6900024414062,656.9550170898438,1925207
2025-11-21 11:40:00-05:00,656.97998046875,657.6699829101562,656.927490234375,657.3499755859375,884013
2025-11-21 11:45:00-05:00,657.3499755859375,658.1400146484375,656.6699829101562,657.6199951171875,815134
2025-11-21 11:50:00-05:00,657.6300048828125,659.0999755859375,657.3400268554688,658.7100830078125,3618768
2025-11-21 11:55:00-05:00,658.719970703125,660.6950073242188,658.7000122070312,660.6400146484375,1814665
2025-11-21 12:00:00-05:00,660.6300048828125,660.864990234375,659.3599853515625,660.280029296875,1623098
2025-11-21 12:05:00-05:00,660.2899780273438,661.1500244140625,659.8699951171875,660.9500732421875,1105947
2025-11-21 12:10:00-05:00,660.9500122070312,661.1900024414062,660.2100219726562,660.5599975585938,1319579
2025-11-21 12:15:00-05:00,660.5700073242188,660.760009765625,659.77001953125,659.8900146484375,1003519
2025-11-21 12:20:00-05:00,659.8599853515625,660.9600219726562,659.4600219726562,660.7999877929688,1137290
2025-11-21 12:25:00-05:00,660.7899780273438,660.9924926757812,659.7650146484375,660.3800048828125,768075
2025-11-21 12:30:00-05:00,660.3825073242188,661.0800170898438,660.2899780273438,660.760009765625,718251
2025-11-21 12:35:00-05:00,660.780029296875,661.5117797851562,660.3800048828125,660.6599731445312,878408
2025-11-21 12:40:00-05:00,660.6599731445312,661.3212890625,660.1300048828125,661.1500244140625,663119
2025-11-21 12:45:00-05:00,661.1599731445312,661.47998046875,660.4299926757812,661.1500244140625,781666
2025-11-21 12:50:00-05:00,661.1300048828125,661.1599731445312,659.7100219726562,660.4796142578125,691259
2025-11-21 12:55:00-05:00,660.5,661.0499877929688,659.75,660.1599731445312,887269
2025-11-21 13:00:00-05:00,660.2100219726562,660.4600219726562,658.4849853515625,658.5599975585938,1080648
2025-11-21 13:05:00-05:00,658.5499877929688,658.8900146484375,657.97998046875,658.4099731445312,1385878
2025-11-21 13:10:00-05:00,658.4099731445312,658.4500122070312,657.4699096679688,657.5599975585938,1354723
2025-11-21 13:15:00-05:00,657.5499877929688,657.7379760742188,656.8800048828125,657.3900146484375,816773
2025-11-21 13:20:00-05:00,657.3800048828125,658.4199829101562,657.27001953125,657.655029296875,776085
2025-11-21 13:25:00-05:00,657.6500244140625,658.4299926757812,657.3900756835938,658.3599853515625,485323
2025-11-21 13:30:00-05:00,658.3499755859375,659.7899780273438,658.0,659.4400024414062,993595
2025-11-21 13:35:00-05:00,659.4550170898438,660.8012084960938,659.260009765625,660.5900268554688,1492557
2025-11-21 13:40:00-05:00,660.5800170898438,660.8699951171875,660.02001953125,660.7650146484375,636611
2025-11-21 13:45:00-05:00,660.77001953125,663.5800170898438,660.280029296875,663.0499877929688,2034506
2025-11-21 13:50:00-05:00,663.0399780273438,664.0900268554688,662.260009765625,662.4500122070312,1652876
2025-11-21 13:55:00-05:00,662.469970703125,663.1300048828125,661.6500244140625,662.25,948187
2025-11-21 14:00:00-05:00,662.2352294921875,663.25,662.1099853515625,663.1300048828125,909445
2025-11-21 14:05:00-05:00,663.1199951171875,663.9600219726562,662.8200073242188,663.6699829101562,1347835
2025-11-21 14:10:00-05:00,663.7000122070312,664.030029296875,662.97998046875,663.27001953125,1003521
2025-11-21 14:15:00-05:00,663.239990234375,663.8800048828125,662.9500122070312,663.6300048828125,822986
2025-11-21 14:20:00-05:00,663.614990234375,664.530029296875,663.47802734375,664.219970703125,1095859
2025-11-21 14:25:00-05:00,664.219970703125,664.5499877929688,663.9199829101562,664.22998046875,679227
2025-11-21 14:30:00-05:00,664.2100219726562,664.52001953125,662.8499755859375,663.02001953125,1759772
2025-11-21 14:35:00-05:00,663.0599975585938,664.2100219726562,662.97998046875,663.989990234375,877289
2025-11-21 14:40:00-05:00,663.969970703125,664.2899780273438,662.260009765625,662.5399780273438,876172
2025-11-21 14:45:00-05:00,662.5599975585938,663.010009765625,661.885009765625,662.3699951171875,934715
2025-11-21 14:50:00-05:00,662.4099731445312,662.8200073242188,660.9500122070312,661.5599975585938,902873
2025-11-21 14:55:00-05:00,661.5599975585938,661.989990234375,661.1099853515625,661.75,1131611
2025-11-21 15:00:00-05:00,661.72998046875,662.2000122070312,661.510009765625,661.7550048828125,1056407
2025-11-21 15:05:00-05:00,661.760009765625,661.9500122070312,661.3699951171875,661.7100219726562,743251
2025-11-21 15:10:00-05:00,661.72998046875,662.1599731445312,661.2849731445312,661.6900024414062,867170
2025-11-21 15:15:00-05:00,661.6799926757812,661.9600219726562,661.3800048828125,661.72998046875,1298056
2025-11-21 15:20:00-05:00,661.72998046875,661.9500122070312,660.469970703125,660.8200073242188,1118551
2025-11-21 15:25:00-05:00,660.7999877929688,661.1199951171875,659.6199951171875,659.6300048828125,1511646
2025-11-21 15:30:00-05:00,659.5999755859375,660.25,659.02001953125,659.989990234375,1595369
2025-11-21 15:35:00-05:00,659.97998046875,661.25,659.9199829101562,660.530029296875,1336667
2025-11-21 15:40:00-05:00,660.5,660.6799926757812,659.739990234375,660.010009765625,1340078
2025-11-21 15:45:00-05:00,660.02001953125,661.1400146484375,659.8800048828125,660.4600219726562,2029147
2025-11-21 15:50:00-05:00,660.4400024414062,660.8900146484375,658.9099731445312,658.9600219726562,3391977
2025-11-21 15:55:00-05:00,658.9600219726562,659.1799926757812,658.22998046875,659.0800170898438,5899581
2025-11-24 09:30:00-05:00,662.6900024414062,665.0700073242188,662.3900146484375,665.0258178710938,4095395
2025-11-24 09:35:00-05:00,665.0399780273438,665.530029296875,663.77001953125,663.8400268554688,1747726
2025-11-24 09:40:00-05:00,663.8599853515625,664.3800048828125,662.7100219726562,662.8900146484375,1367156
2025-11-24 09:45:00-05:00,662.8800048828125,663.9600219726562,662.2100219726562,662.3001708984375,1127743
2025-11-24 09:50:00-05:00,662.3099975585938,663.6630249023438,661.5900268554688,662.8599853515625,1104335
2025-11-24 09:55:00-05:00,662.8300170898438,664.0599975585938,662.5,664.0399780273438,1163417
2025-11-24 10:00:00-05:00,664.0399780273438,665.3499755859375,663.9299926757812,665.1900024414062,1507078
2025-11-24 10:05:00-05:00,665.2000122070312,665.760009765625,664.7100219726562,664.8499755859375,1074217
2025-11-24 10:10:00-05:00,664.8599853515625,665.5599975585938,663.989990234375,665.4000244140625,1255074
2025-11-24 10:15:00-05:00,665.4199829101562,665.7000122070312,664.8300170898438,664.989990234375,861908
2025-11-24 10:20:00-05:00,665.0,665.7100219726562,664.6199951171875,664.8800048828125,780456
2025-11-24 10:25:00-05:00,664.8651733398438,665.780029296875,664.3599853515625,665.5449829101562,898163
2025-11-24 10:30:00-05:00,665.510009765625,665.9600219726562,664.9500122070312,665.9299926757812,865945
2025-11-24 10:35:00-05:00,665.9400024414062,666.52001953125,665.6799926757812,666.4400024414062,711868
2025-11-24 10:40:00-05:00,666.4400024414062,666.8900146484375,666.0999755859375,666.780029296875,1572675
2025-11-24 10:45:00-05:00,666.7899780273438,667.2000122070312,666.719970703125,667.0399780273438,837562
2025-11-24 10:50:00-05:00,667.0499877929688,667.1799926757812,666.5800170898438,666.8049926757812,682393
2025-11-24 10:55:00-05:00,666.7899780273438,666.8200073242188,666.219970703125,666.530029296875,644682
2025-11-24 11:00:00-05:00,666.5399780273438,667.6199951171875,666.530029296875,667.5700073242188,664448
2025-11-24 11:05:00-05:00,667.5700073242188,668.219970703125,667.4149780273438,668.1417846679688,868749
2025-11-24 11:10:00-05:00,668.1411743164062,668.3900146484375,667.8400268554688,668.1099853515625,743408
2025-11-24 11:15:00-05:00,668.1300048828125,668.3699951171875,667.9099731445312,668.1851196289062,616521
2025-11-24 11:20:00-05:00,668.1799926757812,668.3599853515625,667.9849853515625,668.1199951171875,690101
2025-11-24 11:25:00-05:00,668.1199951171875,668.3300170898438,667.77001953125,667.969970703125,653973
2025-11-24 11:30:00-05:00,667.9600219726562,668.0999145507812,667.3900146484375,667.8699951171875,657519
2025-11-24 11:35:00-05:00,667.8800048828125,667.9600219726562,667.4500122070312,667.719970703125,431160
2025-11-24 11:40:00-05:00,667.75,668.2700805664062,667.5,668.130615234375,386871
2025-11-24 11:45:00-05:00,668.1400146484375,668.4896850585938,668.0800170898438,668.17919921875,487549
2025-11-24 11:50:00-05:00,668.1799926757812,668.2000122070312,667.7100219726562,668.02001953125,513072
2025-11-24 11:55:00-05:00,668.010009765625,668.02001953125,667.2000122070312,667.4650268554688,445386
2025-11-24 12:00:00-05:00,667.469970703125,667.9099731445312,667.0800170898438,667.27001953125,614868
2025-11-24 12:05:00-05:00,667.27001953125,667.60498046875,666.989990234375,667.10498046875,404063
2025-11-24 12:10:00-05:00,667.0800170898438,667.3599853515625,666.9000244140625,667.27001953125,329026
2025-11-24 12:15:00-05:00,667.27001953125,668.0700073242188,667.1500244140625,668.0250244140625,438925
2025-11-24 12:20:00-05:00,668.030029296875,668.3599243164062,667.8900146484375,668.010009765625,702945
2025-11-24 12:25:00-05:00,668.02001953125,668.3200073242188,667.760009765625,668.1856079101562,365424
2025-11-24 12:30:00-05:00,668.1799926757812,668.3900146484375,668.0399780273438,668.0700073242188,355119
2025-11-24 12:35:00-05:00,668.0900268554688,668.6199951171875,667.9400024414062,668.6199951171875,486088
2025-11-24 12:40:00-05:00,668.6300048828125,669.0,668.5549926757812,668.9000244140625,680962
2025-11-24 12:45:00-05:00,668.9199829101562,669.31982421875,668.8699951171875,669.269775390625,571440
2025-11-24 12:50:00-05:00,669.27001953125,669.3800048828125,668.9550170898438,669.1900024414062,541273
2025-11-24 12:55:00-05:00,669.1900024414062,669.1900024414062,668.8800048828125,669.0800170898438,386971
2025-11-24 13:00:00-05:00,669.0700073242188,669.4400024414062,669.0700073242188,669.363525390625,532815
2025-11-24 13:05:00-05:00,669.3599853515625,669.4400024414062,669.1199951171875,669.239990234375,437803
2025-11-24 13:10:00-05:00,669.239990234375,669.75,669.1900024414062,669.6400146484375,465494
2025-11-24 13:15:00-05:00,669.6400146484375,669.7399291992188,669.2301025390625,669.4600830078125,410781
2025-11-24 13:20:00-05:00,669.469970703125,669.6901245117188,669.3400268554688,669.594970703125,369643
2025-11-24 13:25:00-05:00,669.5800170898438,669.5850219726562,669.1599731445312,669.1900024414062,338952
2025-11-24 13:30:00-05:00,669.1799926757812,669.3599853515625,668.780029296875,669.0599975585938,473149
2025-11-24 13:35:00-05:00,669.0599975585938,669.3480834960938,668.8900146484375,669.2791137695312,367057
2025-11-24 13:40:00-05:00,669.280029296875,669.3499755859375,669.0,669.3099975585938,323517
2025-11-24 13:45:00-05:00,669.3200073242188,669.4500122070312,668.9600219726562,669.260009765625,316645
2025-11-24 13:50:00-05:00,669.2515258789062,669.469970703125,669.1799926757812,669.469970703125,256560
2025-11-24 13:55:00-05:00,669.469970703125,669.510009765625,669.1699829101562,669.2349853515625,353638
2025-11-24 14:00:00-05:00,669.239990234375,669.72998046875,669.2119750976562,669.5499877929688,499057
2025-11-24 14:05:00-05:00,669.5499877929688,669.8099975585938,669.52001953125,669.6204223632812,431443
2025-11-24 14:10:00-05:00,669.6199951171875,669.719970703125,669.3699951171875,669.4000244140625,395513
2025-11-24 14:15:00-05:00,669.4099731445312,669.5700073242188,669.02001953125,669.3400268554688,462324
2025-11-24 14:20:00-05:00,669.3300170898438,669.3300170898438,669.0,669.030029296875,403782
2025-11-24 14:25:00-05:00,669.02001953125,669.1400146484375,668.6900024414062,668.89990234375,579499
2025-11-24 14:30:00-05:00,668.9000244140625,669.0,668.3250122070312,668.469970703125,892689
2025-11-24 14:35:00-05:00,668.489990234375,668.8599853515625,668.1400146484375,668.760009765625,726630
2025-11-24 14:40:00-05:00,668.760009765625,668.989990234375,668.489990234375,668.489990234375,430516
2025-11-24 14:45:00-05:00,668.489990234375,668.5599975585938,668.2382202148438,668.2999877929688,393276
2025-11-24 14:50:00-05:00,668.2999877929688,668.6400146484375,667.8699951171875,668.27001953125,743441
2025-11-24 14:55:00-05:00,668.260009765625,668.6599731445312,668.1799926757812,668.2999877929688,884315
2025-11-24 15:00:00-05:00,668.2999877929688,669.219970703125,668.1900024414062,669.2150268554688,810072
2025-11-24 15:05:00-05:00,669.2100219726562,669.219970703125,669.0,669.0599975585938,565565
2025-11-24 15:10:00-05:00,669.0599975585938,669.3599853515625,668.8699951171875,669.1300048828125,613003
2025-11-24 15:15:00-05:00,669.1199951171875,669.489990234375,669.02001953125,669.239990234375,584479
2025-11-24 15:20:00-05:00,669.239990234375,669.280029296875,668.9400024414062,669.010009765625,456831
2025-11-24 15:25:00-05:00,669.010009765625,669.0355834960938,668.530029296875,668.9400024414062,609655
2025-11-24 15:30:00-05:00,668.9299926757812,669.3300170898438,668.7501220703125,669.2999877929688,798331
2025-11-24 15:35:00-05:00,669.3200073242188,669.4650268554688,669.0800170898438,669.280029296875,597582
2025-11-24 15:40:00-05:00,669.280029296875,669.4400024414062,668.9400024414062,669.3402709960938,856444
2025-11-24 15:45:00-05:00,669.3400268554688,669.5964965820312,668.6798706054688,668.8400268554688,1203900
2025-11-24 15:50:00-05:00,668.8699951171875,669.9099731445312,668.6099853515625,669.8200073242188,3410904
2025-11-24 15:55:00-05:00,669.8200073242188,670.0599975585938,668.739990234375,668.8099975585938,7295308
2025-11-25 09:30:00-05:00,668.6300048828125,669.739990234375,668.1799926757812,669.4749755859375,3235671
2025-11-25 09:35:00-05:00,669.4500122070312,669.97998046875,669.3150024414062,669.4400024414062,1398290
2025-11-25 09:40:00-05:00,669.4500122070312,669.4600219726562,667.1900024414062,667.3842163085938,1698932
2025-11-25 09:45:00-05:00,667.364990234375,667.3699951171875,664.8599243164062,664.9600219726562,2443714
2025-11-25 09:50:00-05:00,664.9600219726562,667.5999755859375,664.47998046875,667.4299926757812,2223772
2025-11-25 09:55:00-05:00,667.4400024414062,669.010009765625,667.239990234375,668.8699951171875,1401343
2025-11-25 10:00:00-05:00,668.8599853515625,668.9000244140625,665.9199829101562,666.469970703125,1779652
2025-11-25 10:05:00-05:00,666.4500122070312,668.760009765625,666.030029296875,668.4299926757812,1482485
2025-11-25 10:10:00-05:00,668.4450073242188,668.8800048828125,667.4000244140625,667.7100219726562,1454486
2025-11-25 10:15:00-05:00,667.719970703125,668.4500122070312,667.27001953125,668.1500244140625,967439
2025-11-25 10:20:00-05:00,668.1599731445312,668.4099731445312,666.780029296875,667.2899780273438,899906
2025-11-25 10:25:00-05:00,667.280029296875,668.6199951171875,667.2000122070312,668.5800170898438,873820
2025-11-25 10:30:00-05:00,668.5399780273438,669.7100219726562,668.4400024414062,669.5700073242188,1019804
2025-11-25 10:35:00-05:00,669.5700073242188,669.6099853515625,668.6300048828125,669.35009765625,825876
2025-11-25 10:40:00-05:00,669.3599853515625,670.4500122070312,669.0999755859375,670.4199829101562,1007044
2025-11-25 10:45:00-05:00,670.4299926757812,671.0700073242188,669.594970703125,669.9349975585938,1226587
2025-11-25 10:50:00-05:00,669.9299926757812,669.9299926757812,668.9600219726562,669.3099975585938,857763
2025-11-25 10:55:00-05:00,669.3599853515625,670.1300048828125,668.6400146484375,669.8049926757812,909123
2025-11-25 11:00:00-05:00,669.8049926757812,669.8800048828125,669.0599975585938,669.6649780273438,604070
2025-11-25 11:05:00-05:00,669.6599731445312,669.9199829101562,669.030029296875,669.189697265625,936657
2025-11-25 11:10:00-05:00,669.1900024414062,669.72998046875,669.0582885742188,669.0800170898438,657233
2025-11-25 11:15:00-05:00,669.0900268554688,670.239990234375,668.8599853515625,670.0499877929688,751448
2025-11-25 11:20:00-05:00,670.0499877929688,671.0,670.0499877929688,670.344482421875,926024
2025-11-25 11:25:00-05:00,670.3400268554688,670.5499877929688,669.8900146484375,670.4199829101562,595695
2025-11-25 11:30:00-05:00,670.4099731445312,670.8499755859375,670.3200073242188,670.6799926757812,731271
2025-11-25 11:35:00-05:00,670.6900024414062,670.905029296875,670.219970703125,670.8699951171875,786528
2025-11-25 11:40:00-05:00,670.8800048828125,671.469970703125,670.8800048828125,671.1099853515625,567323
2025-11-25 11:45:00-05:00,671.1099853515625,671.1400146484375,670.4600219726562,670.8800048828125,461348
2025-11-25 11:50:00-05:00,670.880126953125,671.72998046875,670.880126953125,671.6400146484375,595985
2025-11-25 11:55:00-05:00,671.6400146484375,671.9400024414062,671.47998046875,671.719970703125,600166
2025-11-25 12:00:00-05:00,671.719970703125,672.2999877929688,671.6900024414062,672.2249755859375,939288
2025-11-25 12:05:00-05:00,672.22998046875,672.5800170898438,672.22998046875,672.5599975585938,597998
2025-11-25 12:10:00-05:00,672.5700073242188,672.7000122070312,672.4000244140625,672.6649780273438,502886
2025-11-25 12:15:00-05:00,672.6799926757812,672.9400024414062,672.3900146484375,672.9000244140625,672155
2025-11-25 12:20:00-05:00,672.89501953125,673.75,672.89501953125,673.72998046875,967847
2025-11-25 12:25:00-05:00,673.739990234375,673.8800048828125,673.1400146484375,673.3200073242188,1179436
2025-11-25 12:30:00-05:00,673.3099975585938,674.1649780273438,673.3099975585938,674.1099853515625,665023
2025-11-25 12:35:00-05:00,674.1199951171875,674.375,673.8900146484375,674.02001953125,829033
2025-11-25 12:40:00-05:00,674.02001953125,674.1599731445312,673.75,673.8701171875,886243
2025-11-25 12:45:00-05:00,673.8699951171875,674.1849975585938,673.4299926757812,673.780029296875,1176083
2025-11-25 12:50:00-05:00,673.7999877929688,674.0,673.530029296875,673.7100219726562,606157
2025-11-25 12:55:00-05:00,673.719970703125,673.8397827148438,673.1500244140625,673.3098754882812,567534
2025-11-25 13:00:00-05:00,673.3099975585938,673.8099975585938,673.27001953125,673.5499877929688,462891
2025-11-25 13:05:00-05:00,673.5499877929688,673.6799926757812,673.239990234375,673.6799926757812,391184
2025-11-25 13:10:00-05:00,673.6950073242188,673.8200073242188,673.3099975585938,673.5,815380
2025-11-25 13:15:00-05:00,673.489990234375,673.719970703125,673.219970703125,673.5700073242188,471607
2025-11-25 13:20:00-05:00,673.5700073242188,674.0,673.3800048828125,673.9299926757812,688881
2025-11-25 13:25:00-05:00,673.9208984375,674.0349731445312,673.780029296875,674.0250244140625,688600
2025-11-25 13:30:00-05:00,674.030029296875,674.1699829101562,673.9000244140625,674.1400146484375,455471
2025-11-25 13:35:00-05:00,674.1300048828125,674.1400756835938,673.6199951171875,673.8599853515625,432972
2025-11-25 13:40:00-05:00,673.8499755859375,673.9400024414062,673.5700073242188,673.7349853515625,402321
2025-11-25 13:45:00-05:00,673.739990234375,674.4000244140625,673.739990234375,674.219970703125,535216
2025-11-25 13:50:00-05:00,674.2100219726562,674.280029296875,674.0599975585938,674.1599731445312,452620
2025-11-25 13:55:00-05:00,674.1500244140625,674.1500244140625,673.7999877929688,673.8699951171875,387284
2025-11-25 14:00:00-05:00,673.8699951171875,673.9949951171875,673.4799194335938,673.6365966796875,766371
2025-11-25 14:05:00-05:00,673.6400146484375,673.9500122070312,673.52001953125,673.719970703125,415099
2025-11-25 14:10:00-05:00,673.72998046875,673.8099975585938,673.5,673.6300048828125,431561
2025-11-25 14:15:00-05:00,673.6300048828125,673.7249755859375,672.7000122070312,673.0449829101562,807423
2025-11-25 14:20:00-05:00,673.0399780273438,673.3399047851562,672.77001953125,673.239990234375,747941
2025-11-25 14:25:00-05:00,673.22998046875,673.4099731445312,673.030029296875,673.3200073242188,454054
2025-11-25 14:30:00-05:00,673.3200073242188,673.4500122070312,673.1199951171875,673.2000122070312,522362
2025-11-25 14:35:00-05:00,673.1900024414062,673.22998046875,672.6799926757812,672.8099975585938,493960
2025-11-25 14:40:00-05:00,672.8099975585938,673.1300048828125,672.4400024414062,673.10498046875,697794
2025-11-25 14:45:00-05:00,673.0900268554688,673.2205810546875,672.9000244140625,673.0850219726562,469376
2025-11-25 14:50:00-05:00,673.0850219726562,673.8599853515625,673.0449829101562,673.72998046875,696555
2025-11-25 14:55:00-05:00,673.719970703125,674.1099853515625,673.5700073242188,673.9400024414062,780602
2025-11-25 15:00:00-05:00,673.9400024414062,674.5700073242188,673.9199829101562,674.52001953125,1054561
2025-11-25 15:05:00-05:00,674.510009765625,674.7899780273438,674.4099731445312,674.46240234375,760440
2025-11-25 15:10:00-05:00,674.469970703125,674.52001953125,674.2150268554688,674.3707275390625,748266
2025-11-25 15:15:00-05:00,674.3800048828125,674.5999755859375,674.280029296875,674.5499877929688,617142
2025-11-25 15:20:00-05:00,674.5499877929688,674.739990234375,674.4400024414062,674.6699829101562,752080
2025-11-25 15:25:00-05:00,674.6599731445312,674.6900024414062,674.4099731445312,674.5,842288
2025-11-25 15:30:00-05:00,674.510009765625,675.1699829101562,674.4550170898438,675.1199951171875,1012255
2025-11-25 15:35:00-05:00,675.1143798828125,675.3800048828125,675.094482421875,675.3699951171875,987168
2025-11-25 15:40:00-05:00,675.3800048828125,675.4500122070312,675.1300048828125,675.1900024414062,1343882
2025-11-25 15:45:00-05:00,675.1900024414062,675.719970703125,675.0399780273438,675.4600219726562,1249209
2025-11-25 15:50:00-05:00,675.4500122070312,676.2100219726562,675.4400024414062,675.739990234375,2490007
2025-11-25 15:55:00-05:00,675.739990234375,675.9400024414062,675.0,675.0,3639627
2025-11-26 09:30:00-05:00,677.6300048828125,678.5800170898438,677.4299926757812,678.2849731445312,3379407
2025-11-26 09:35:00-05:00,678.2899780273438,678.7943725585938,677.6699829101562,678.406982421875,1650889
2025-11-26 09:40:00-05:00,678.4199829101562,678.8300170898438,678.2050170898438,678.7899780273438,1057234
2025-11-26 09:45:00-05:00,678.7899780273438,679.3499755859375,678.7100219726562,679.3300170898438,1255355
2025-11-26 09:50:00-05:00,679.3400268554688,679.47998046875,678.2000122070312,678.3599853515625,985063
2025-11-26 09:55:00-05:00,678.3499755859375,678.4650268554688,677.1099853515625,677.3099975585938,1123107
2025-11-26 10:00:00-05:00,677.2999877929688,678.0700073242188,676.719970703125,677.655029296875,1453996
2025-11-26 10:05:00-05:00,677.6400146484375,678.5499877929688,677.239990234375,678.25,757517
2025-11-26 10:10:00-05:00,678.27001953125,678.2982788085938,677.4500122070312,677.5999755859375,950711
2025-11-26 10:15:00-05:00,677.5900268554688,678.1400146484375,677.27001953125,678.0,598977
2025-11-26 10:20:00-05:00,678.010009765625,678.25,677.3699951171875,677.385009765625,599816
2025-11-26 10:25:00-05:00,677.3800048828125,678.469970703125,677.2349853515625,678.1300048828125,793589
2025-11-26 10:30:00-05:00,678.1500244140625,678.8900146484375,678.1500244140625,678.8200073242188,562119
2025-11-26 10:35:00-05:00,678.7999877929688,679.1300048828125,678.6599731445312,679.0800170898438,1077916
2025-11-26 10:40:00-05:00,679.0900268554688,679.2000122070312,678.4400024414062,678.5999145507812,529388
2025-11-26 10:45:00-05:00,678.5999755859375,678.639892578125,678.0606079101562,678.52001953125,552955
2025-11-26 10:50:00-05:00,678.52001953125,679.0,678.280029296875,678.9600219726562,467486
2025-11-26 10:55:00-05:00,678.9600219726562,679.6199951171875,678.6599731445312,679.5599975585938,689377
2025-11-26 11:00:00-05:00,679.5599975585938,680.0,679.47998046875,679.9400024414062,925309
2025-11-26 11:05:00-05:00,679.9500122070312,680.22998046875,679.9199829101562,680.0399780273438,707282
2025-11-26 11:10:00-05:00,680.0449829101562,680.3599853515625,679.97998046875,680.1699829101562,569343
2025-11-26 11:15:00-05:00,680.1900024414062,680.4099731445312,680.02001953125,680.3825073242188,419609
2025-11-26 11:20:00-05:00,680.385009765625,680.8699951171875,680.3800048828125,680.8300170898438,737655
2025-11-26 11:25:00-05:00,680.8300170898438,680.856689453125,680.47998046875,680.530029296875,501923
2025-11-26 11:30:00-05:00,680.530029296875,680.8200073242188,680.2899780273438,680.7899780273438,630061
2025-11-26 11:35:00-05:00,680.7899780273438,681.1799926757812,680.7550048828125,681.1500244140625,791260
2025-11-26 11:40:00-05:00,681.14990234375,681.6900024414062,681.1300048828125,681.469970703125,1253537
2025-11-26 11:45:00-05:00,681.469970703125,681.5449829101562,681.1699829101562,681.2100219726562,584450
2025-11-26 11:50:00-05:00,681.2100219726562,681.4600219726562,680.969970703125,681.280029296875,446773
2025-11-26 11:55:00-05:00,681.2899780273438,681.5599975585938,681.2100219726562,681.3599243164062,517074
2025-11-26 12:00:00-05:00,681.35498046875,681.5599975585938,681.0700073242188,681.1400146484375,419581
2025-11-26 12:05:00-05:00,681.1400146484375,681.4199829101562,680.6799926757812,680.9000244140625,536731
2025-11-26 12:10:00-05:00,680.9000244140625,681.2550048828125,680.655029296875,680.739990234375,535033
2025-11-26 12:15:00-05:00,680.719970703125,680.909912109375,680.4600219726562,680.5101928710938,481526
2025-11-26 12:20:00-05:00,680.5,681.094970703125,680.4299926757812,681.010009765625,453061
2025-11-26 12:25:00-05:00,681.0,681.010009765625,680.7000122070312,680.9400024414062,322882
2025-11-26 12:30:00-05:00,680.9400024414062,681.3679809570312,680.9199829101562,681.3499755859375,496692
2025-11-26 12:35:00-05:00,681.3599853515625,681.4899291992188,680.8699951171875,681.1900024414062,590050
2025-11-26 12:40:00-05:00,681.1900024414062,681.5599975585938,681.0599975585938,681.510009765625,446223
2025-11-26 12:45:00-05:00,681.5,681.7000122070312,681.1699829101562,681.2337036132812,404663
2025-11-26 12:50:00-05:00,681.22998046875,681.4400024414062,681.0399780273438,681.1699829101562,310291
2025-11-26 12:55:00-05:00,681.1799926757812,681.344970703125,680.9349975585938,681.1099853515625,296469
2025-11-26 13:00:00-05:00,681.1199951171875,681.5599975585938,681.0750122070312,681.3499755859375,265330
2025-11-26 13:05:00-05:00,681.3488159179688,681.3800048828125,679.75,680.2999877929688,1339758
2025-11-26 13:10:00-05:00,680.3099975585938,680.97998046875,680.1400146484375,680.8800048828125,977805
2025-11-26 13:15:00-05:00,680.8599853515625,681.030029296875,680.35498046875,680.48291015625,413146
2025-11-26 13:20:00-05:00,680.5,681.2998046875,680.165283203125,681.0399780273438,525310
2025-11-26 13:25:00-05:00,681.0443725585938,681.47998046875,680.9249877929688,681.1099853515625,468554
2025-11-26 13:30:00-05:00,681.114990234375,681.1400146484375,680.2899780273438,680.3200073242188,571501
2025-11-26 13:35:00-05:00,680.3200073242188,680.5449829101562,680.010009765625,680.3709106445312,487871
2025-11-26 13:40:00-05:00,680.3499755859375,680.4498901367188,679.739990234375,679.77001953125,479924
2025-11-26 13:45:00-05:00,679.7553100585938,680.6199951171875,679.5900268554688,680.5800170898438,544094
2025-11-26 13:50:00-05:00,680.5800170898438,680.7650146484375,680.1300048828125,680.2449951171875,423460
2025-11-26 13:55:00-05:00,680.239990234375,680.5,679.85498046875,680.4000244140625,479324
2025-11-26 14:00:00-05:00,680.4000244140625,681.02001953125,680.280029296875,680.4199829101562,827559
2025-11-26 14:05:00-05:00,680.4199829101562,680.60498046875,680.219970703125,680.3200073242188,457674
2025-11-26 14:10:00-05:00,680.8599853515625,680.8800048828125,680.719970703125,680.719970703125,831120
2025-11-26 14:15:00-05:00,680.7000122070312,681.114990234375,680.6400146484375,680.9500122070312,772236
2025-11-26 14:20:00-05:00,680.9600219726562,681.239990234375,680.8099975585938,681.1799926757812,731722
2025-11-26 14:25:00-05:00,681.1900024414062,681.2899780273438,681.1099853515625,681.239990234375,572920
2025-11-26 14:30:00-05:00,681.25,681.4199829101562,681.114990234375,681.1199951171875,544437
2025-11-26 14:35:00-05:00,681.1099853515625,681.1599731445312,680.6199951171875,680.75,630599
2025-11-26 14:40:00-05:00,680.739990234375,681.3400268554688,680.52001953125,680.72021484375,784277
2025-11-26 14:45:00-05:00,680.72021484375,681.0800170898438,680.5800170898438,680.5819702148438,457201
2025-11-26 14:50:00-05:00,680.5800170898438,681.010009765625,680.489990234375,680.9000244140625,429302
2025-11-26 14:55:00-05:00,680.9000244140625,680.97998046875,680.6599731445312,680.8599853515625,593442
2025-11-26 15:00:00-05:00,680.8699951171875,681.1699829101562,680.7014770507812,681.0700073242188,552682
2025-11-26 15:05:00-05:00,681.0800170898438,681.0800170898438,680.5900268554688,680.9600219726562,692847
2025-11-26 15:10:00-05:00,680.9600219726562,681.4010009765625,680.9199829101562,681.4000244140625,929563
2025-11-26 15:15:00-05:00,681.4099731445312,681.5900268554688,681.1699829101562,681.1729736328125,919741
2025-11-26 15:20:00-05:00,681.1900024414062,681.469970703125,681.1900024414062,681.3082275390625,814621
2025-11-26 15:25:00-05:00,681.301025390625,681.4000244140625,681.1599731445312,681.2000122070312,1544000
2025-11-26 15:30:00-05:00,681.2000122070312,681.3599853515625,680.892578125,681.1699829101562,1041444
2025-11-26 15:35:00-05:00,681.1749877929688,681.22998046875,681.0067749023438,681.1199951171875,827323
2025-11-26 15:40:00-05:00,681.1199951171875,681.4000244140625,680.97998046875,681.1749877929688,1093133
2025-11-26 15:45:00-05:00,681.1749877929688,681.3800048828125,680.6500244140625,680.6799926757812,1697201
2025-11-26 15:50:00-05:00,680.6699829101562,681.02001953125,680.1900024414062,680.260009765625,3183062
2025-11-26 15:55:00-05:00,680.27001953125,680.4500122070312,679.6199951171875,679.6300048828125,4405092
2025-11-28 09:30:00-05:00,680.8599853515625,681.5700073242188,680.8099975585938,681.489990234375,2029255
2025-11-28 09:35:00-05:00,681.489990234375,681.8499755859375,681.0599975585938,681.0700073242188,1047023
2025-11-28 09:40:00-05:00,681.0700073242188,681.4500122070312,680.5,681.27001953125,915538
2025-11-28 09:45:00-05:00,681.260009765625,681.530029296875,680.8900146484375,681.530029296875,644942
2025-11-28 09:50:00-05:00,681.5399780273438,681.6395263671875,680.97998046875,681.3049926757812,577024
2025-11-28 09:55:00-05:00,681.2999877929688,681.4299926757812,681.1500244140625,681.2349853515625,529252
2025-11-28 10:00:00-05:00,681.239990234375,681.6500244140625,681.155029296875,681.2299194335938,788439
2025-11-28 10:05:00-05:00,681.22998046875,681.52001953125,681.030029296875,681.489990234375,513171
2025-11-28 10:10:00-05:00,681.4899291992188,681.7899780273438,681.2750244140625,681.6300048828125,681991
2025-11-28 10:15:00-05:00,681.6599731445312,682.0700073242188,681.6500854492188,682.0,709469
2025-11-28 10:20:00-05:00,681.989990234375,682.3200073242188,681.77001953125,681.8300170898438,749628
2025-11-28 10:25:00-05:00,681.8399047851562,682.0599975585938,681.4708862304688,681.6900024414062,585760
2025-11-28 10:30:00-05:00,681.6900024414062,682.239990234375,681.6099853515625,682.1099853515625,620864
2025-11-28 10:35:00-05:00,682.1004028320312,682.309814453125,681.780029296875,682.0698852539062,710936
2025-11-28 10:40:00-05:00,682.0650024414062,682.2150268554688,681.9400024414062,682.152099609375,511981
2025-11-28 10:45:00-05:00,682.155029296875,682.4199829101562,681.97998046875,682.4000244140625,527829
2025-11-28 10:50:00-05:00,682.3900146484375,682.6300048828125,682.3800048828125,682.52001953125,966483
2025-11-28 10:55:00-05:00,682.52001953125,682.5698852539062,682.219970703125,682.4600830078125,502913
2025-11-28 11:00:00-05:00,682.4600219726562,682.6599731445312,682.2949829101562,682.6181030273438,607247
2025-11-28 11:05:00-05:00,682.6099853515625,682.89990234375,682.5599975585938,682.7999877929688,564095
2025-11-28 11:10:00-05:00,682.8201293945312,682.8699951171875,682.5999755859375,682.7949829101562,408907
2025-11-28 11:15:00-05:00,682.7999877929688,682.9400024414062,682.7100219726562,682.8699951171875,423243
2025-11-28 11:20:00-05:00,682.8800048828125,682.905029296875,682.2100219726562,682.4099731445312,1562106
2025-11-28 11:25:00-05:00,682.4099731445312,682.4299926757812,681.6500244140625,682.1500244140625,968939
2025-11-28 11:30:00-05:00,682.1599731445312,682.5543823242188,681.7999877929688,682.4600219726562,603762
2025-11-28 11:35:00-05:00,682.469970703125,682.8300170898438,682.3099975585938,682.5900268554688,2162557
2025-11-28 11:40:00-05:00,682.5900268554688,682.6649780273438,682.135009765625,682.5900268554688,967639
2025-11-28 11:45:00-05:00,682.5800170898438,682.8300170898438,682.469970703125,682.6287231445312,688763
2025-11-28 11:50:00-05:00,682.6199951171875,682.9099731445312,682.489990234375,682.760009765625,577968
2025-11-28 11:55:00-05:00,682.760009765625,682.8900146484375,682.5800170898438,682.7550048828125,475298
2025-11-28 12:00:00-05:00,682.7550048828125,682.8099975585938,682.3900756835938,682.7999877929688,981254
2025-11-28 12:05:00-05:00,682.7999877929688,682.989990234375,682.719970703125,682.9099731445312,653009
2025-11-28 12:10:00-05:00,682.9099731445312,683.0,682.6400146484375,682.72998046875,602655
2025-11-28 12:15:00-05:00,682.739990234375,682.83837890625,682.4299926757812,682.4400024414062,602532
2025-11-28 12:20:00-05:00,682.4400024414062,682.635009765625,682.25,682.3499755859375,664501
2025-11-28 12:25:00-05:00,682.3499755859375,682.6500244140625,682.280029296875,682.3150024414062,634484
2025-11-28 12:30:00-05:00,682.3150024414062,682.3300170898438,682.0599975585938,682.2899780273438,668606
2025-11-28 12:35:00-05:00,682.2899780273438,682.5197143554688,682.010009765625,682.0399780273438,946234
2025-11-28 12:40:00-05:00,682.0407104492188,682.2899780273438,681.9000244140625,681.9304809570312,1017262
2025-11-28 12:45:00-05:00,681.9349975585938,682.0999755859375,681.8800048828125,682.02001953125,196072
2025-12-01 09:30:00-05:00,678.8099975585938,679.6699829101562,678.760009765625,679.6699829101562,3238688
2025-12-01 09:35:00-05:00,679.6799926757812,680.3099975585938,679.3900146484375,679.3900146484375,959173
2025-12-01 09:40:00-05:00,679.3699951171875,679.7999877929688,678.739990234375,679.25,968498
2025-12-01 09:45:00-05:00,679.260009765625,680.719970703125,679.0999755859375,680.1599731445312,979902
2025-12-01 09:50:00-05:00,680.1500244140625,681.2171020507812,680.0999755859375,681.2000122070312,843387
2025-12-01 09:55:00-05:00,681.2100219726562,681.8599853515625,681.1199951171875,681.4500122070312,1232155
2025-12-01 10:00:00-05:00,681.4550170898438,681.7899780273438,680.8099975585938,680.97998046875,1076130
2025-12-01 10:05:00-05:00,680.97998046875,681.3699951171875,680.6199951171875,680.9199829101562,671945
2025-12-01 10:10:00-05:00,680.9099731445312,681.280029296875,680.6320190429688,680.7999877929688,1740994
2025-12-01 10:15:00-05:00,680.8200073242188,681.0499877929688,680.489990234375,680.8250122070312,684763
2025-12-01 10:20:00-05:00,680.7899780273438,680.8900146484375,680.02001953125,680.1099853515625,862559
2025-12-01 10:25:00-05:00,680.094970703125,680.22998046875,679.5900268554688,679.8300170898438,647552
2025-12-01 10:30:00-05:00,679.8400268554688,679.969970703125,679.010009765625,679.1300048828125,711295
2025-12-01 10:35:00-05:00,679.1199951171875,680.1900024414062,678.8400268554688,680.1199951171875,682349
2025-12-01 10:40:00-05:00,680.1300048828125,680.4299926757812,679.780029296875,680.1300048828125,516819
2025-12-01 10:45:00-05:00,680.1400146484375,680.4641723632812,679.8599853515625,680.239990234375,294992
2025-12-01 10:50:00-05:00,680.25,681.760009765625,680.1300048828125,681.6500244140625,828619
2025-12-01 10:55:00-05:00,681.6599731445312,681.8300170898438,681.3900146484375,681.6400146484375,851401
2025-12-01 11:00:00-05:00,681.6500244140625,681.780029296875,681.4500122070312,681.6900024414062,341170
2025-12-01 11:05:00-05:00,681.6799926757812,681.7999267578125,680.3699951171875,680.9099731445312,529104
2025-12-01 11:10:00-05:00,680.9099731445312,681.1400146484375,680.4199829101562,680.5800170898438,372933
2025-12-01 11:15:00-05:00,680.5700073242188,680.8499755859375,680.1199951171875,680.6170043945312,354961
2025-12-01 11:20:00-05:00,680.6099853515625,681.219970703125,680.5900268554688,680.9199829101562,282732
2025-12-01 11:25:00-05:00,680.9500122070312,681.2800903320312,680.8099975585938,681.0798950195312,261738
2025-12-01 11:30:00-05:00,681.0800170898438,681.5399780273438,681.0700073242188,681.3900146484375,340639
2025-12-01 11:35:00-05:00,681.3800048828125,681.6500244140625,681.27001953125,681.4799194335938,262920
2025-12-01 11:40:00-05:00,681.469970703125,682.3099975585938,681.22998046875,682.0501098632812,581155
2025-12-01 11:45:00-05:00,682.0599975585938,682.4400024414062,681.969970703125,682.1900024414062,447491
2025-12-01 11:50:00-05:00,682.2000122070312,682.3099975585938,681.8400268554688,681.9500122070312,247424
2025-12-01 11:55:00-05:00,681.9099731445312,682.0999755859375,681.72998046875,681.9249877929688,296257
2025-12-01 12:00:00-05:00,681.9600219726562,682.3300170898438,681.8200073242188,682.2100219726562,248715
2025-12-01 12:05:00-05:00,682.2000122070312,682.510009765625,682.0900268554688,682.1300048828125,418037
2025-12-01 12:10:00-05:00,682.1400146484375,682.3400268554688,681.8400268554688,681.8599853515625,292402
2025-12-01 12:15:00-05:00,681.8499755859375,681.9199829101562,681.2949829101562,681.6699829101562,434834
2025-12-01 12:20:00-05:00,681.6599731445312,681.9598999023438,681.5,681.7891235351562,192942
2025-12-01 12:25:00-05:00,681.7999877929688,682.1699829101562,681.6290283203125,682.010009765625,206566
2025-12-01 12:30:00-05:00,682.0,682.177978515625,681.72998046875,681.969970703125,177575
2025-12-01 12:35:00-05:00,681.97998046875,682.22998046875,681.760009765625,681.8699951171875,205559
2025-12-01 12:40:00-05:00,681.8499755859375,682.5784301757812,681.8400268554688,682.5784301757812,379826
2025-12-01 12:45:00-05:00,682.5800170898438,682.7899780273438,682.4826049804688,682.5364990234375,333788
2025-12-01 12:50:00-05:00,682.530029296875,682.5399169921875,682.0599975585938,682.1500244140625,228963
2025-12-01 12:55:00-05:00,682.2000122070312,682.2899780273438,681.8699951171875,682.030029296875,246531
2025-12-01 13:00:00-05:00,682.0399780273438,682.4199829101562,681.9749755859375,682.3400268554688,297657
2025-12-01 13:05:00-05:00,682.3499755859375,682.510009765625,682.1799926757812,682.4099731445312,233157
2025-12-01 13:10:00-05:00,682.3900146484375,682.7100219726562,682.3300170898438,682.6300048828125,398522
2025-12-01 13:15:00-05:00,682.6199951171875,682.7899780273438,682.3499755859375,682.5280151367188,257949
2025-12-01 13:20:00-05:00,682.52001953125,682.5399780273438,682.3200073242188,682.5,218651
2025-12-01 13:25:00-05:00,682.5098876953125,682.6624755859375,682.4099731445312,682.47998046875,180615
2025-12-01 13:30:00-05:00,682.5,682.75,682.489990234375,682.719970703125,244038
2025-12-01 13:35:00-05:00,682.7100219726562,682.8499755859375,682.6500244140625,682.7750244140625,305493
2025-12-01 13:40:00-05:00,682.7750244140625,682.8300170898438,682.5999755859375,682.7899780273438,273084
2025-12-01 13:45:00-05:00,682.780029296875,682.9650268554688,682.6699829101562,682.72998046875,287468
2025-12-01 13:50:00-05:00,682.739990234375,682.989990234375,682.739990234375,682.8599853515625,286214
2025-12-01 13:55:00-05:00,682.8599853515625,682.9600219726562,682.8200073242188,682.8204956054688,401183
2025-12-01 14:00:00-05:00,682.8200073242188,682.8493041992188,682.0999755859375,682.2550048828125,745431
2025-12-01 14:05:00-05:00,682.25,682.25,681.8499755859375,681.980712890625,411886
2025-12-01 14:10:00-05:00,681.97998046875,682.02001953125,681.54638671875,681.97998046875,418098
2025-12-01 14:15:00-05:00,681.989990234375,681.989990234375,681.239990234375,681.5150146484375,548991
2025-12-01 14:20:00-05:00,681.52001953125,681.6699829101562,680.7150268554688,680.9099731445312,1175836
2025-12-01 14:25:00-05:00,680.9000244140625,681.0499877929688,680.47998046875,680.5999755859375,905353
2025-12-01 14:30:00-05:00,680.60498046875,680.6199951171875,679.8200073242188,680.4099731445312,941204
2025-12-01 14:35:00-05:00,680.4299926757812,681.094970703125,680.3699951171875,680.989990234375,830599
2025-12-01 14:40:00-05:00,681.0,681.030029296875,680.219970703125,680.260009765625,453055
2025-12-01 14:45:00-05:00,680.27001953125,680.5700073242188,680.1500244140625,680.239990234375,429537
2025-12-01 14:50:00-05:00,680.239990234375,680.6199951171875,679.989990234375,680.4400024414062,556590
2025-12-01 14:55:00-05:00,680.4199829101562,680.510009765625,680.094970703125,680.219970703125,405735
2025-12-01 15:00:00-05:00,680.2000122070312,680.510009765625,680.030029296875,680.3699951171875,483641
2025-12-01 15:05:00-05:00,680.3800048828125,680.6300048828125,680.25,680.4949951171875,527077
2025-12-01 15:10:00-05:00,680.4949951171875,681.0150146484375,680.4887084960938,680.9243774414062,486874
2025-12-01 15:15:00-05:00,680.9099731445312,680.969970703125,680.2899780273438,680.4600219726562,571628
2025-12-01 15:20:00-05:00,680.4550170898438,680.6699829101562,680.35009765625,680.469970703125,436439
2025-12-01 15:25:00-05:00,680.469970703125,680.760009765625,680.3699951171875,680.72998046875,324882
2025-12-01 15:30:00-05:00,680.719970703125,680.8599853515625,680.27001953125,680.52001953125,628280
2025-12-01 15:35:00-05:00,680.52001953125,680.989990234375,680.5100708007812,680.97998046875,621863
2025-12-01 15:40:00-05:00,680.9949951171875,681.0700073242188,680.56201171875,680.9749755859375,884265
2025-12-01 15:45:00-05:00,680.9749755859375,681.0599975585938,680.385009765625,680.5,938758
2025-12-01 15:50:00-05:00,680.510009765625,680.8200073242188,679.9000244140625,679.97998046875,2203481
2025-12-01 15:55:00-05:00,679.9600219726562,680.4199829101562,679.375,680.27001953125,9905367
2025-12-02 09:30:00-05:00,681.9199829101562,682.1900024414062,681.6300048828125,681.8200073242188,2215737
2025-12-02 09:35:00-05:00,681.8300170898438,682.9600219726562,681.780029296875,682.7150268554688,1167173
2025-12-02 09:40:00-05:00,682.719970703125,682.9100952148438,682.0399780273438,682.4099731445312,947411
2025-12-02 09:45:00-05:00,682.4400024414062,682.5900268554688,681.75,681.9600219726562,635440
2025-12-02 09:50:00-05:00,681.969970703125,682.3499755859375,681.530029296875,681.580078125,566277
2025-12-02 09:55:00-05:00,681.5800170898438,682.530029296875,681.489990234375,682.3300170898438,616122
2025-12-02 10:00:00-05:00,682.3300170898438,683.1099853515625,682.2319946289062,683.030029296875,871906
2025-12-02 10:05:00-05:00,683.0399780273438,683.280029296875,682.739990234375,683.0656127929688,725642
2025-12-02 10:10:00-05:00,683.0700073242188,683.094970703125,682.2999877929688,682.9949951171875,703139
2025-12-02 10:15:00-05:00,682.9949951171875,683.234619140625,682.8599853515625,683.0784912109375,496243
2025-12-02 10:20:00-05:00,683.0700073242188,683.1400146484375,682.5599975585938,683.10009765625,531957
2025-12-02 10:25:00-05:00,683.1099853515625,683.219970703125,681.4199829101562,681.5800170898438,879544
2025-12-02 10:30:00-05:00,681.5900268554688,681.8599853515625,680.8499755859375,681.2000122070312,1047767
2025-12-02 10:35:00-05:00,681.2000122070312,681.6998901367188,680.9149780273438,681.3900146484375,786677
2025-12-02 10:40:00-05:00,681.4000244140625,682.8499755859375,681.3200073242188,682.7100219726562,725421
2025-12-02 10:45:00-05:00,682.719970703125,683.3800048828125,682.5728149414062,683.2750244140625,850888
2025-12-02 10:50:00-05:00,683.2750244140625,683.6799926757812,683.2000122070312,683.3300170898438,759610
2025-12-02 10:55:00-05:00,683.3400268554688,683.6199951171875,683.27001953125,683.510009765625,639316
2025-12-02 11:00:00-05:00,683.510009765625,683.8200073242188,682.9949951171875,683.5800170898438,979255
2025-12-02 11:05:00-05:00,683.5900268554688,683.5900268554688,682.5700073242188,682.6699829101562,697036
2025-12-02 11:10:00-05:00,682.6799926757812,682.8800048828125,681.2100219726562,681.5399780273438,1308480
2025-12-02 11:15:00-05:00,681.5499877929688,681.8599853515625,681.030029296875,681.4400024414062,900555
2025-12-02 11:20:00-05:00,681.4400024414062,681.760009765625,680.030029296875,680.0999755859375,981187
2025-12-02 11:25:00-05:00,680.0800170898438,680.5671997070312,679.6699829101562,680.010009765625,1154286
2025-12-02 11:30:00-05:00,679.969970703125,680.4400024414062,679.3275146484375,680.030029296875,1023134
2025-12-02 11:35:00-05:00,680.030029296875,680.8699951171875,679.9500122070312,680.8604736328125,710143
2025-12-02 11:40:00-05:00,680.9000244140625,681.239990234375,680.4400024414062,680.4400024414062,702216
2025-12-02 11:45:00-05:00,680.4099731445312,680.8699951171875,680.1799926757812,680.5,514491
2025-12-02 11:50:00-05:00,680.530029296875,681.02001953125,680.4000244140625,680.8800048828125,417039
2025-12-02 11:55:00-05:00,680.9000244140625,681.27001953125,680.3800048828125,680.5599975585938,516737
2025-12-02 12:00:00-05:00,680.5800170898438,681.39501953125,680.47998046875,681.02001953125,394012
2025-12-02 12:05:00-05:00,681.0,681.219970703125,680.5499877929688,680.5744018554688,289026
2025-12-02 12:10:00-05:00,680.5499877929688,681.260009765625,680.5001220703125,681.2481079101562,325338
2025-12-02 12:15:00-05:00,681.239990234375,682.25,681.1900024414062,682.1599731445312,708040
2025-12-02 12:20:00-05:00,682.1799926757812,682.5150146484375,681.9199829101562,682.0599975585938,585594
2025-12-02 12:25:00-05:00,682.0650024414062,682.6500244140625,681.989990234375,682.4400024414062,352448
2025-12-02 12:30:00-05:00,682.4400024414062,682.8400268554688,682.4400024414062,682.5499877929688,494633
2025-12-02 12:35:00-05:00,682.5499877929688,682.5700073242188,682.0,682.1505126953125,353400
2025-12-02 12:40:00-05:00,682.1599731445312,682.4000244140625,681.9400024414062,682.27001953125,235762
2025-12-02 12:45:00-05:00,682.2750244140625,682.4509887695312,682.0573120117188,682.25,199357
2025-12-02 12:50:00-05:00,682.2550048828125,682.3499755859375,681.1400146484375,681.3250122070312,624674
2025-12-02 12:55:00-05:00,681.3300170898438,681.4000244140625,680.1300048828125,680.1400146484375,645315
2025-12-02 13:00:00-05:00,680.1300048828125,681.0499877929688,679.9299926757812,680.739990234375,616772
2025-12-02 13:05:00-05:00,680.739990234375,681.489990234375,680.6799926757812,681.0599975585938,390004
2025-12-02 13:10:00-05:00,681.030029296875,681.125,680.6199951171875,680.780029296875,636048
2025-12-02 13:15:00-05:00,680.780029296875,681.1199951171875,680.5349731445312,681.0399780273438,274383
2025-12-02 13:20:00-05:00,681.02001953125,681.5999755859375,680.9400024414062,681.2999877929688,286470
2025-12-02 13:25:00-05:00,681.2899780273438,681.3400268554688,680.6199951171875,681.0399780273438,348876
2025-12-02 13:30:00-05:00,681.030029296875,681.3699951171875,680.6087036132812,680.760009765625,310391
2025-12-02 13:35:00-05:00,680.739990234375,680.780029296875,680.2600708007812,680.3900146484375,469004
2025-12-02 13:40:00-05:00,680.3900146484375,680.8300170898438,680.219970703125,680.7150268554688,238648
2025-12-02 13:45:00-05:00,680.6900024414062,680.9400024414062,680.4000244140625,680.8699951171875,337535
2025-12-02 13:50:00-05:00,680.8599853515625,681.3200073242188,680.6500244140625,681.2899780273438,249296
2025-12-02 13:55:00-05:00,681.2899780273438,681.3300170898438,680.7100219726562,681.1099853515625,351621
2025-12-02 14:00:00-05:00,681.0999755859375,681.8095092773438,680.9500122070312,681.6599731445312,655852
2025-12-02 14:05:00-05:00,681.6599731445312,681.9400024414062,681.47998046875,681.5999755859375,623095
2025-12-02 14:10:00-05:00,681.6099853515625,681.8599853515625,681.4307861328125,681.6699829101562,587980
2025-12-02 14:15:00-05:00,681.6699829101562,681.8499755859375,681.4299926757812,681.5499877929688,505042
2025-12-02 14:20:00-05:00,681.5449829101562,681.6192016601562,680.760009765625,680.9600219726562,490161
2025-12-02 14:25:00-05:00,680.989990234375,681.4299926757812,680.8350219726562,681.3900146484375,478573
2025-12-02 14:30:00-05:00,681.3699951171875,681.8200073242188,681.3049926757812,681.75,438493
2025-12-02 14:35:00-05:00,681.75,681.8900146484375,681.510009765625,681.7899780273438,713892
2025-12-02 14:40:00-05:00,681.780029296875,681.8900146484375,681.2999877929688,681.5399780273438,736791
2025-12-02 14:45:00-05:00,681.5399780273438,682.0599975585938,681.4199829101562,681.8699951171875,559210
2025-12-02 14:50:00-05:00,681.8699951171875,682.5999755859375,681.77001953125,682.3400268554688,615658
2025-12-02 14:55:00-05:00,682.3300170898438,682.6099853515625,682.2100219726562,682.3499755859375,724730
2025-12-02 15:00:00-05:00,682.3599853515625,682.52001953125,682.010009765625,682.1900024414062,637304
2025-12-02 15:05:00-05:00,682.1900024414062,682.4199829101562,682.1154174804688,682.3900146484375,507637
2025-12-02 15:10:00-05:00,682.39501953125,682.6799926757812,682.2100219726562,682.4299926757812,809216
2025-12-02 15:15:00-05:00,682.4600219726562,682.6199951171875,682.3800048828125,682.530029296875,658373
2025-12-02 15:20:00-05:00,682.530029296875,682.7000122070312,682.4500122070312,682.5,512079
2025-12-02 15:25:00-05:00,682.5050048828125,682.6586303710938,682.35009765625,682.5050048828125,687018
2025-12-02 15:30:00-05:00,682.5,682.8800048828125,682.4000244140625,682.739990234375,668015
2025-12-02 15:35:00-05:00,682.7449951171875,682.8200073242188,682.3800048828125,682.4299926757812,890871
2025-12-02 15:40:00-05:00,682.4299926757812,682.6699829101562,682.239990234375,682.489990234375,742970
2025-12-02 15:45:00-05:00,682.47998046875,682.7999877929688,682.3099975585938,682.459228515625,1536361
2025-12-02 15:50:00-05:00,682.4500122070312,682.6300048828125,681.52001953125,681.5800170898438,2316875
2025-12-02 15:55:00-05:00,681.5800170898438,681.880126953125,681.3699951171875,681.47998046875,3322640
2025-12-03 09:30:00-05:00,680.5700073242188,681.3900146484375,679.9400024414062,680.5,3916657
2025-12-03 09:35:00-05:00,680.489990234375,681.3800048828125,680.380126953125,680.75,1324267
2025-12-03 09:40:00-05:00,680.75,681.47998046875,680.6900024414062,680.8809814453125,1052854
2025-12-03 09:45:00-05:00,680.9000244140625,681.1900024414062,680.3350219726562,680.389892578125,745325
2025-12-03 09:50:00-05:00,680.3800048828125,680.9000244140625,679.6900024414062,680.7449951171875,1106171
2025-12-03 09:55:00-05:00,680.7498779296875,680.9600219726562,680.489990234375,680.8699951171875,523714
2025-12-03 10:00:00-05:00,680.9400024414062,682.3400268554688,680.739990234375,682.2000122070312,1265223
2025-12-03 10:05:00-05:00,682.2050170898438,682.2999877929688,681.1699829101562,681.1799926757812,946342
2025-12-03 10:10:00-05:00,681.1699829101562,681.6199951171875,680.8400268554688,681.2100219726562,670022
2025-12-03 10:15:00-05:00,681.22998046875,681.969970703125,681.0999755859375,681.625,600959
2025-12-03 10:20:00-05:00,681.6199951171875,681.8800048828125,681.0399780273438,681.7999877929688,348650
2025-12-03 10:25:00-05:00,681.8400268554688,682.1099853515625,681.530029296875,681.6799926757812,369455
2025-12-03 10:30:00-05:00,681.6500244140625,682.6099853515625,681.3298950195312,682.5999755859375,1123966
2025-12-03 10:35:00-05:00,682.5999755859375,682.9400024414062,681.4600219726562,682.3499755859375,1151741
2025-12-03 10:40:00-05:00,682.3599853515625,682.7650146484375,682.1599731445312,682.635009765625,690556
2025-12-03 10:45:00-05:00,682.6400146484375,682.9099731445312,682.4500122070312,682.5599975585938,438937
2025-12-03 10:50:00-05:00,682.5399780273438,682.780029296875,682.251220703125,682.260009765625,334739
2025-12-03 10:55:00-05:00,682.2650146484375,682.5800170898438,682.0499877929688,682.3162841796875,293995
2025-12-03 11:00:00-05:00,682.3099975585938,682.989990234375,682.280029296875,682.9500122070312,399761
2025-12-03 11:05:00-05:00,682.9600219726562,682.9600219726562,682.2249755859375,682.280029296875,344600
2025-12-03 11:10:00-05:00,682.239990234375,682.3300170898438,681.6599731445312,682.0490112304688,527572
2025-12-03 11:15:00-05:00,682.0399780273438,682.7698974609375,681.9299926757812,682.7698974609375,622173
2025-12-03 11:20:00-05:00,682.77001953125,682.7999877929688,682.0700073242188,682.3143920898438,555993
2025-12-03 11:25:00-05:00,682.2899780273438,682.5670166015625,682.0900268554688,682.385009765625,370101
2025-12-03 11:30:00-05:00,682.385009765625,683.405029296875,682.27001953125,683.3800048828125,593316
2025-12-03 11:35:00-05:00,683.3699951171875,683.5499877929688,683.0700073242188,683.215087890625,512652
2025-12-03 11:40:00-05:00,683.219970703125,683.3150024414062,683.0399780273438,683.2000122070312,368756
2025-12-03 11:45:00-05:00,683.2100219726562,683.3300170898438,682.8699951171875,683.0349731445312,366224
2025-12-03 11:50:00-05:00,683.0349731445312,683.0349731445312,682.4099731445312,682.4249877929688,442814
2025-12-03 11:55:00-05:00,682.4299926757812,682.4400024414062,681.6099853515625,682.2100219726562,719148
2025-12-03 12:00:00-05:00,682.2100219726562,682.7999877929688,682.1799926757812,682.7503051757812,416984
2025-12-03 12:05:00-05:00,682.77001953125,682.8900146484375,682.0999755859375,682.3900146484375,496214
2025-12-03 12:10:00-05:00,682.3699951171875,683.0800170898438,682.239990234375,682.9949951171875,385144
2025-12-03 12:15:00-05:00,683.010009765625,683.219970703125,682.8300170898438,683.1400146484375,387812
2025-12-03 12:20:00-05:00,683.1400146484375,683.7000122070312,683.1300048828125,683.5250244140625,406059
2025-12-03 12:25:00-05:00,683.530029296875,683.6099853515625,683.3800048828125,683.5599975585938,324233
2025-12-03 12:30:00-05:00,683.5499877929688,683.7449951171875,683.419921875,683.4500122070312,425049
2025-12-03 12:35:00-05:00,683.4500122070312,683.6099853515625,683.25,683.5900268554688,556105
2025-12-03 12:40:00-05:00,683.594970703125,683.6649780273438,683.4500122070312,683.6599731445312,187884
2025-12-03 12:45:00-05:00,683.6699829101562,683.8900146484375,683.489990234375,683.8347778320312,660738
2025-12-03 12:50:00-05:00,683.8499755859375,683.8699951171875,683.419921875,683.719970703125,1733842
2025-12-03 12:55:00-05:00,683.719970703125,684.0999755859375,683.6199951171875,683.8900146484375,466640
2025-12-03 13:00:00-05:00,683.89501953125,684.1849975585938,683.8800048828125,683.9500122070312,362442
2025-12-03 13:05:00-05:00,683.9500122070312,684.0399780273438,683.75,683.7899780273438,325883
2025-12-03 13:10:00-05:00,683.780029296875,684.0499877929688,683.6900024414062,684.0250244140625,478589
2025-12-03 13:15:00-05:00,684.030029296875,684.0800170898438,683.7100219726562,683.7100219726562,249852
2025-12-03 13:20:00-05:00,683.719970703125,683.77001953125,683.4749755859375,683.7000122070312,173947
2025-12-03 13:25:00-05:00,683.719970703125,683.9199829101562,683.6300048828125,683.9099731445312,520615
2025-12-03 13:30:00-05:00,683.9299926757812,684.1699829101562,683.9149780273438,683.97998046875,336035
2025-12-03 13:35:00-05:00,683.9849853515625,684.1599731445312,683.9349975585938,684.1199951171875,274527
2025-12-03 13:40:00-05:00,684.1199951171875,684.5,684.094970703125,684.4381713867188,419875
2025-12-03 13:45:00-05:00,684.4400024414062,684.489990234375,684.2857055664062,684.3200073242188,367755
2025-12-03 13:50:00-05:00,684.3200073242188,684.4400024414062,684.1199951171875,684.2750244140625,310707
2025-12-03 13:55:00-05:00,684.280029296875,684.35498046875,683.78662109375,683.9149780273438,340525
2025-12-03 14:00:00-05:00,683.9099731445312,684.4199829101562,683.8499755859375,684.27001953125,419252
2025-12-03 14:05:00-05:00,684.27001953125,684.3800048828125,684.0999755859375,684.2999877929688,320137
2025-12-03 14:10:00-05:00,684.3099975585938,684.4298706054688,684.1599731445312,684.385009765625,277485
2025-12-03 14:15:00-05:00,684.3800048828125,684.4099731445312,684.0900268554688,684.2550048828125,366285
2025-12-03 14:20:00-05:00,684.2579956054688,684.4000244140625,684.1900024414062,684.364990234375,297309
2025-12-03 14:25:00-05:00,684.3699951171875,684.4400024414062,684.2550048828125,684.3300170898438,260248
2025-12-03 14:30:00-05:00,684.3300170898438,684.3699951171875,684.1649780273438,684.27001953125,335479
2025-12-03 14:35:00-05:00,684.27001953125,684.375,684.1900024414062,684.3300170898438,359451
2025-12-03 14:40:00-05:00,684.3200073242188,684.6099853515625,684.2999877929688,684.572021484375,582275
2025-12-03 14:45:00-05:00,684.5700073242188,684.5900268554688,684.4149780273438,684.5650024414062,283812
2025-12-03 14:50:00-05:00,684.5700073242188,684.739990234375,684.5599975585938,684.6500244140625,403228
2025-12-03 14:55:00-05:00,684.64501953125,684.72998046875,684.5599975585938,684.625,499923
2025-12-03 15:00:00-05:00,684.6300048828125,684.760009765625,684.5599975585938,684.5599975585938,460710
2025-12-03 15:05:00-05:00,684.5599975585938,684.6799926757812,684.4500122070312,684.6199951171875,522746
2025-12-03 15:10:00-05:00,684.6199951171875,684.9099731445312,684.6099853515625,684.719970703125,634402
2025-12-03 15:15:00-05:00,684.719970703125,684.8364868164062,684.5599975585938,684.5800170898438,458558
2025-12-03 15:20:00-05:00,684.5900268554688,684.6799926757812,684.4600219726562,684.52001953125,525186
2025-12-03 15:25:00-05:00,684.52001953125,684.5999145507812,684.1900024414062,684.522705078125,825965
2025-12-03 15:30:00-05:00,684.5250244140625,684.5700073242188,684.2550048828125,684.2550048828125,631059
2025-12-03 15:35:00-05:00,684.25,684.4099731445312,684.1900024414062,684.3499755859375,970643
2025-12-03 15:40:00-05:00,684.344970703125,684.510009765625,684.25,684.4749755859375,885691
2025-12-03 15:45:00-05:00,684.469970703125,684.6199951171875,684.260009765625,684.3599853515625,972930
2025-12-03 15:50:00-05:00,684.3499755859375,684.4099731445312,683.5499877929688,683.7249755859375,1956900
2025-12-03 15:55:00-05:00,683.719970703125,683.9400024414062,683.5700073242188,683.8099975585938,5226987
2025-12-04 09:30:00-05:00,685.2999877929688,685.3499755859375,683.7999877929688,683.9099731445312,2556468
2025-12-04 09:35:00-05:00,683.9199829101562,684.7598876953125,683.6300048828125,684.4500122070312,1182516
2025-12-04 09:40:00-05:00,684.4600219726562,684.9500122070312,683.7000122070312,683.8599243164062,1109274
2025-12-04 09:45:00-05:00,683.8400268554688,684.1300048828125,683.3499755859375,683.5,1055314
2025-12-04 09:50:00-05:00,683.489990234375,683.7100219726562,682.8599853515625,683.4000244140625,853814
2025-12-04 09:55:00-05:00,683.3900146484375,683.8499755859375,682.75,683.0449829101562,882475
2025-12-04 10:00:00-05:00,683.0599975585938,683.4600219726562,682.8699951171875,683.1849975585938,635451
2025-12-04 10:05:00-05:00,683.1799926757812,683.5399780273438,682.9600219726562,683.3499755859375,770420
2025-12-04 10:10:00-05:00,683.3099975585938,683.4099731445312,682.6671142578125,683.1699829101562,560250
2025-12-04 10:15:00-05:00,683.1599731445312,683.6799926757812,682.8900146484375,683.3800048828125,614266
2025-12-04 10:20:00-05:00,683.3800048828125,683.8099975585938,682.969970703125,683.010009765625,592097
2025-12-04 10:25:00-05:00,683.0,683.6500244140625,682.1699829101562,683.594970703125,778302
2025-12-04 10:30:00-05:00,683.5900268554688,683.9299926757812,683.3900146484375,683.8250122070312,1446744
2025-12-04 10:35:00-05:00,683.8300170898438,684.530029296875,683.7899780273438,684.4500122070312,750272
2025-12-04 10:40:00-05:00,684.4600219726562,684.5599975585938,684.02001953125,684.22998046875,853929
2025-12-04 10:45:00-05:00,684.239990234375,684.3200073242188,683.4099731445312,683.75,665618
2025-12-04 10:50:00-05:00,683.760009765625,683.7899780273438,683.1320190429688,683.4099731445312,802764
2025-12-04 10:55:00-05:00,683.4400024414062,683.5399780273438,683.22998046875,683.2899780273438,404335
2025-12-04 11:00:00-05:00,683.280029296875,683.5999755859375,682.5700073242188,682.7100219726562,684500
2025-12-04 11:05:00-05:00,682.6699829101562,683.1743774414062,682.2100219726562,683.1599731445312,892599
2025-12-04 11:10:00-05:00,683.1799926757812,683.280029296875,682.5599975585938,683.0499877929688,423557
2025-12-04 11:15:00-05:00,683.0499877929688,683.5499877929688,682.8400268554688,683.510009765625,312086
2025-12-04 11:20:00-05:00,683.510009765625,683.739990234375,683.3150024414062,683.6900024414062,500002
2025-12-04 11:25:00-05:00,683.6900024414062,683.760009765625,683.010009765625,683.351318359375,417801
2025-12-04 11:30:00-05:00,683.3099975585938,683.6400146484375,682.9650268554688,683.143310546875,419377
2025-12-04 11:35:00-05:00,683.14501953125,683.5999755859375,682.989990234375,683.219970703125,456692
2025-12-04 11:40:00-05:00,683.22998046875,683.2451782226562,682.8599853515625,683.010009765625,405017
2025-12-04 11:45:00-05:00,683.010009765625,684.0399780273438,683.010009765625,683.969970703125,682638
2025-12-04 11:50:00-05:00,683.97998046875,684.3900146484375,683.9000244140625,684.22998046875,557811
2025-12-04 11:55:00-05:00,684.219970703125,684.5599975585938,684.14501953125,684.4199829101562,442640
2025-12-04 12:00:00-05:00,684.4000244140625,684.5800170898438,684.1199951171875,684.1799926757812,571900
2025-12-04 12:05:00-05:00,684.1749877929688,684.1900024414062,683.510009765625,683.6799926757812,423251
2025-12-04 12:10:00-05:00,683.6900024414062,684.1400146484375,683.3699951171875,684.1199951171875,549328
2025-12-04 12:15:00-05:00,684.1199951171875,684.2100830078125,683.8200073242188,684.1207275390625,1343049
2025-12-04 12:20:00-05:00,684.125,684.3300170898438,683.8900146484375,684.0,1064182
2025-12-04 12:25:00-05:00,684.010009765625,684.2899780273438,683.969970703125,684.02001953125,437425
2025-12-04 12:30:00-05:00,684.030029296875,684.0599975585938,683.594970703125,683.9349975585938,385297
2025-12-04 12:35:00-05:00,683.9400024414062,684.3699951171875,683.9199829101562,683.9346923828125,432087
2025-12-04 12:40:00-05:00,683.9400024414062,684.2200927734375,683.7349853515625,684.1799926757812,309562
2025-12-04 12:45:00-05:00,684.1900024414062,684.3400268554688,684.0449829101562,684.0800170898438,309462
2025-12-04 12:50:00-05:00,684.0800170898438,684.4500122070312,684.0449829101562,684.4299926757812,214847
2025-12-04 12:55:00-05:00,684.4400024414062,684.4949951171875,684.22998046875,684.3049926757812,292690
2025-12-04 13:00:00-05:00,684.2899780273438,684.4099731445312,684.1199951171875,684.2000122070312,231259
2025-12-04 13:05:00-05:00,684.1799926757812,684.1900024414062,683.4650268554688,683.77001953125,612537
2025-12-04 13:10:00-05:00,683.780029296875,684.0650024414062,683.5,684.030029296875,564383
2025-12-04 13:15:00-05:00,684.0399780273438,684.4000244140625,683.9600219726562,684.0250244140625,312834
2025-12-04 13:20:00-05:00,684.030029296875,684.4199829101562,684.02001953125,684.4000244140625,257774
2025-12-04 13:25:00-05:00,684.3900146484375,684.77001953125,684.3099975585938,684.6774291992188,413368
2025-12-04 13:30:00-05:00,684.6699829101562,684.75,684.4099731445312,684.530029296875,372331
2025-12-04 13:35:00-05:00,684.530029296875,684.5798950195312,684.3049926757812,684.48828125,267975
2025-12-04 13:40:00-05:00,684.47998046875,684.5349731445312,683.9099731445312,684.0999755859375,521917
2025-12-04 13:45:00-05:00,684.1099853515625,684.3184814453125,684.030029296875,684.0999145507812,401288
2025-12-04 13:50:00-05:00,684.0900268554688,684.3599853515625,684.0698852539062,684.280029296875,561048
2025-12-04 13:55:00-05:00,684.2849731445312,684.3400268554688,684.0800170898438,684.1199951171875,215460
2025-12-04 14:00:00-05:00,684.1099853515625,684.22998046875,683.9199829101562,683.9398803710938,393796
2025-12-04 14:05:00-05:00,683.9249877929688,684.2180786132812,683.75,683.9526977539062,1110360
2025-12-04 14:10:00-05:00,683.9400024414062,683.9600219726562,683.4100952148438,683.6224975585938,568480
2025-12-04 14:15:00-05:00,683.6199951171875,683.6199951171875,682.510009765625,682.5650024414062,1127216
2025-12-04 14:20:00-05:00,682.5599975585938,682.635498046875,681.3400268554688,681.8668212890625,1707720
2025-12-04 14:25:00-05:00,681.8699951171875,682.6300048828125,681.8099975585938,682.1799926757812,822035
2025-12-04 14:30:00-05:00,682.1900024414062,683.0700073242188,681.989990234375,683.0579833984375,660079
2025-12-04 14:35:00-05:00,683.0650024414062,683.9600219726562,683.0599975585938,683.4299926757812,1298695
2025-12-04 14:40:00-05:00,683.4299926757812,683.5900268554688,683.0900268554688,683.4000244140625,710747
2025-12-04 14:45:00-05:00,683.4099731445312,683.7999877929688,683.3300170898438,683.530029296875,510965
2025-12-04 14:50:00-05:00,683.5499877929688,683.6699829101562,683.260009765625,683.469970703125,474273
2025-12-04 14:55:00-05:00,683.4600219726562,683.6900024414062,683.0399780273438,683.22998046875,920219
2025-12-04 15:00:00-05:00,683.239990234375,683.3800048828125,682.8300170898438,682.8400268554688,640804
2025-12-04 15:05:00-05:00,682.8200073242188,682.989990234375,682.3099975585938,682.9199829101562,909901
2025-12-04 15:10:00-05:00,682.9266967773438,683.4600219726562,682.8800048828125,683.2899780273438,750122
2025-12-04 15:15:00-05:00,683.2899780273438,683.3400268554688,682.9000244140625,683.25,591005
2025-12-04 15:20:00-05:00,683.2650146484375,683.3400268554688,682.97998046875,682.989990234375,552227
2025-12-04 15:25:00-05:00,682.9801025390625,683.1798706054688,682.75,682.7501220703125,631020
2025-12-04 15:30:00-05:00,682.760009765625,683.239990234375,682.7000122070312,683.114990234375,490760
2025-12-04 15:35:00-05:00,683.1290283203125,683.3099975585938,682.9099731445312,683.2550048828125,539789
2025-12-04 15:40:00-05:00,683.260009765625,683.3099975585938,682.875,682.9550170898438,585975
2025-12-04 15:45:00-05:00,682.9600219726562,683.1799926757812,682.77001953125,683.1099853515625,1192326
2025-12-04 15:50:00-05:00,683.1199951171875,683.97998046875,683.1199951171875,683.7050170898438,1731924
2025-12-04 15:55:00-05:00,683.7000122070312,684.5800170898438,683.6500244140625,684.4000244140625,3665511
2025-12-05 09:30:00-05:00,685.469970703125,686.5599975585938,685.3800048828125,686.0700073242188,3635955
2025-12-05 09:35:00-05:00,686.0599975585938,686.4299926757812,685.8400268554688,685.9901123046875,1117832
2025-12-05 09:40:00-05:00,686.010009765625,686.1900024414062,685.3200073242188,685.8300170898438,1146458
2025-12-05 09:45:00-05:00,685.8400268554688,686.5599975585938,685.8099975585938,686.5599975585938,777555
2025-12-05 09:50:00-05:00,686.5599975585938,687.030029296875,686.2100219726562,686.9299926757812,837147
2025-12-05 09:55:00-05:00,686.9299926757812,687.010009765625,686.5499877929688,686.89501953125,793237
2025-12-05 10:00:00-05:00,686.9199829101562,687.77001953125,686.7249755859375,687.6256103515625,1310515
2025-12-05 10:05:00-05:00,687.6199951171875,688.0050048828125,687.5501098632812,687.780029296875,1167599
2025-12-05 10:10:00-05:00,687.780029296875,688.25,687.77001953125,688.2128295898438,977861
2025-12-05 10:15:00-05:00,688.239990234375,688.2999877929688,687.8300170898438,687.9099731445312,768692
2025-12-05 10:20:00-05:00,687.9249877929688,688.2849731445312,687.760009765625,688.1671142578125,643976
2025-12-05 10:25:00-05:00,688.1799926757812,688.1799926757812,687.5809936523438,687.885009765625,661168
2025-12-05 10:30:00-05:00,687.8800048828125,688.3900146484375,687.8499755859375,688.2999877929688,673865
2025-12-05 10:35:00-05:00,688.3099975585938,688.3400268554688,687.8699951171875,687.9099731445312,579983
2025-12-05 10:40:00-05:00,687.9155883789062,687.98779296875,687.5800170898438,687.7100219726562,603415
2025-12-05 10:45:00-05:00,687.7000122070312,688.1599731445312,687.260009765625,687.969970703125,654407
2025-12-05 10:50:00-05:00,687.9600219726562,687.9749755859375,686.9400024414062,687.2000122070312,920448
2025-12-05 10:55:00-05:00,687.1799926757812,687.1967163085938,686.260009765625,686.6699829101562,1275822
2025-12-05 11:00:00-05:00,686.6699829101562,687.1199951171875,686.5167846679688,686.6400146484375,560035
2025-12-05 11:05:00-05:00,686.5999755859375,686.9849853515625,686.3499755859375,686.4349975585938,592457
2025-12-05 11:10:00-05:00,686.4349975585938,686.6199951171875,686.0700073242188,686.1199951171875,653638
2025-12-05 11:15:00-05:00,686.0999755859375,686.22998046875,685.7000122070312,685.9400024414062,1191382
2025-12-05 11:20:00-05:00,685.9299926757812,686.3099975585938,685.75,686.2000122070312,238732
2025-12-05 11:25:00-05:00,686.5499877929688,686.719970703125,685.8800048828125,685.9561767578125,850286
2025-12-05 11:30:00-05:00,685.9500122070312,685.9500122070312,685.0999755859375,685.510009765625,1220123
2025-12-05 11:35:00-05:00,685.510009765625,685.85498046875,685.1799926757812,685.3800048828125,478420
2025-12-05 11:40:00-05:00,685.3900146484375,685.6900024414062,685.02001953125,685.380126953125,520527
2025-12-05 11:45:00-05:00,685.3900146484375,685.7949829101562,685.3049926757812,685.7249755859375,453906
2025-12-05 11:50:00-05:00,685.719970703125,686.3099975585938,685.5,686.25,564793
2025-12-05 11:55:00-05:00,686.239990234375,686.6400146484375,686.010009765625,686.02001953125,731249
2025-12-05 12:00:00-05:00,686.02001953125,686.260009765625,685.5900268554688,685.9000244140625,506725
2025-12-05 12:05:00-05:00,685.8800048828125,685.97998046875,685.469970703125,685.7150268554688,307293
2025-12-05 12:10:00-05:00,685.72998046875,685.739990234375,685.25,685.340087890625,547264
2025-12-05 12:15:00-05:00,685.3400268554688,685.5900268554688,685.239990234375,685.4500122070312,340364
2025-12-05 12:20:00-05:00,685.469970703125,685.6500244140625,685.3200073242188,685.5999755859375,378189
2025-12-05 12:25:00-05:00,685.5999755859375,685.6900024414062,685.3499755859375,685.3900146484375,292121
2025-12-05 12:30:00-05:00,685.4099731445312,685.52001953125,684.969970703125,685.02001953125,452643
2025-12-05 12:35:00-05:00,685.010009765625,685.2999877929688,684.5800170898438,685.239990234375,637026
2025-12-05 12:40:00-05:00,685.2249755859375,685.3300170898438,684.8800048828125,685.260009765625,419245
2025-12-05 12:45:00-05:00,685.260009765625,685.6099853515625,685.0601196289062,685.4000244140625,387066
2025-12-05 12:50:00-05:00,685.4000244140625,686.405029296875,685.3400268554688,686.3599853515625,601164
2025-12-05 12:55:00-05:00,686.3699951171875,686.4299926757812,686.0050048828125,686.25,504475
2025-12-05 13:00:00-05:00,686.2449951171875,686.4400024414062,686.219970703125,686.4000244140625,410365
2025-12-05 13:05:00-05:00,686.4000244140625,686.7000122070312,686.3099975585938,686.6799926757812,440345
2025-12-05 13:10:00-05:00,686.6799926757812,686.7050170898438,686.25,686.280029296875,499785
2025-12-05 13:15:00-05:00,686.2855834960938,686.3314208984375,686.02001953125,686.1199951171875,365071
2025-12-05 13:20:00-05:00,686.1099853515625,686.1199951171875,685.52001953125,685.9367065429688,548023
2025-12-05 13:25:00-05:00,685.9400024414062,686.6500244140625,685.8499755859375,686.5499877929688,369458
2025-12-05 13:30:00-05:00,686.5599975585938,686.969970703125,686.510009765625,686.8599853515625,712152
2025-12-05 13:35:00-05:00,686.8599853515625,686.8900146484375,686.469970703125,686.6400146484375,386739
2025-12-05 13:40:00-05:00,686.6599731445312,686.6599731445312,686.0800170898438,686.4014892578125,466601
2025-12-05 13:45:00-05:00,686.4000244140625,686.530029296875,686.2249755859375,686.5150146484375,301472
2025-12-05 13:50:00-05:00,686.510009765625,686.5599975585938,686.0999755859375,686.3599853515625,234100
2025-12-05 13:55:00-05:00,686.3400268554688,686.4000244140625,686.1400146484375,686.1900024414062,163906
2025-12-05 14:00:00-05:00,686.1900024414062,686.239990234375,685.8200073242188,686.0206298828125,471203
2025-12-05 14:05:00-05:00,686.0,686.25,685.9400024414062,686.2000122070312,345265
2025-12-05 14:10:00-05:00,686.2100219726562,686.4000244140625,686.10498046875,686.3499755859375,208241
2025-12-05 14:15:00-05:00,686.3499755859375,686.3800048828125,685.7449951171875,685.9600219726562,311812
2025-12-05 14:20:00-05:00,685.9500122070312,686.1199951171875,685.639892578125,685.760009765625,359231
2025-12-05 14:25:00-05:00,685.760009765625,686.1799926757812,685.6699829101562,685.9299926757812,675154
2025-12-05 14:30:00-05:00,685.9400024414062,686.1148071289062,685.6420288085938,685.9600219726562,268509
2025-12-05 14:35:00-05:00,685.9299926757812,686.030029296875,685.7000122070312,686.030029296875,332139
2025-12-05 14:40:00-05:00,686.030029296875,686.1199951171875,685.5700073242188,685.7755737304688,435847
2025-12-05 14:45:00-05:00,685.77001953125,685.8099975585938,685.5800170898438,685.7349853515625,349513
2025-12-05 14:50:00-05:00,685.72998046875,686.1199951171875,685.6898803710938,686.0999755859375,915817
2025-12-05 14:55:00-05:00,686.1199951171875,686.3800048828125,686.0499877929688,686.25,467115
2025-12-05 15:00:00-05:00,686.260009765625,686.2999877929688,685.8900146484375,685.9400024414062,389353
2025-12-05 15:05:00-05:00,685.9199829101562,686.0499877929688,685.7899780273438,685.8499755859375,459641
2025-12-05 15:10:00-05:00,685.85498046875,686.030029296875,685.5800170898438,685.994384765625,406211
2025-12-05 15:15:00-05:00,685.989990234375,686.280029296875,685.9600219726562,686.219970703125,649061
2025-12-05 15:20:00-05:00,686.2150268554688,686.219970703125,685.9000244140625,685.97998046875,925265
2025-12-05 15:25:00-05:00,685.989990234375,686.0250244140625,685.75,686.0050048828125,458375
2025-12-05 15:30:00-05:00,686.0,686.010009765625,685.6799926757812,685.8900146484375,661537
2025-12-05 15:35:00-05:00,685.8829956054688,686.010009765625,685.75,685.780029296875,408415
2025-12-05 15:40:00-05:00,685.780029296875,685.89501953125,685.5,685.8599853515625,705588
2025-12-05 15:45:00-05:00,685.8599853515625,685.8800048828125,684.8900146484375,685.030029296875,2178545
2025-12-05 15:50:00-05:00,685.0399780273438,685.510009765625,684.5999755859375,685.0999755859375,2406732
2025-12-05 15:55:00-05:00,685.1099853515625,686.030029296875,685.0999755859375,685.6500244140625,4104568
2025-12-08 09:30:00-05:00,686.5900268554688,686.6400146484375,685.9199829101562,686.119873046875,2562066
2025-12-08 09:35:00-05:00,686.1199951171875,686.2299194335938,685.75,685.7999877929688,1099301
2025-12-08 09:40:00-05:00,685.8099975585938,686.02001953125,685.280029296875,685.9199829101562,1195242
2025-12-08 09:45:00-05:00,685.9199829101562,686.0999755859375,684.97998046875,685.530029296875,776197
2025-12-08 09:50:00-05:00,685.510009765625,685.9099731445312,685.4199829101562,685.8599853515625,572804
2025-12-08 09:55:00-05:00,685.8499755859375,685.9500122070312,685.344970703125,685.4400024414062,624729
2025-12-08 10:00:00-05:00,685.4199829101562,685.7750244140625,685.260009765625,685.6300048828125,568217
2025-12-08 10:05:00-05:00,685.6300048828125,685.6300048828125,685.0499877929688,685.22998046875,518020
2025-12-08 10:10:00-05:00,685.239990234375,685.239990234375,684.8300170898438,684.9199829101562,566909
2025-12-08 10:15:00-05:00,684.9299926757812,685.219970703125,684.6599731445312,685.010009765625,711762
2025-12-08 10:20:00-05:00,685.0180053710938,685.1599731445312,684.6900024414062,684.75,516943
2025-12-08 10:25:00-05:00,684.75,684.77001953125,683.8723754882812,684.5549926757812,829017
2025-12-08 10:30:00-05:00,684.5399780273438,684.989990234375,684.1599731445312,684.9000244140625,874846
2025-12-08 10:35:00-05:00,684.89501953125,685.0499877929688,684.5499877929688,684.6900024414062,515750
2025-12-08 10:40:00-05:00,684.6900024414062,684.77001953125,684.0440063476562,684.0750122070312,484130
2025-12-08 10:45:00-05:00,684.0750122070312,684.530029296875,684.0499877929688,684.4149780273438,551467
2025-12-08 10:50:00-05:00,684.4299926757812,684.4500122070312,683.9199829101562,684.0399780273438,676837
2025-12-08 10:55:00-05:00,684.030029296875,684.0850219726562,683.5700073242188,683.7050170898438,644466
2025-12-08 11:00:00-05:00,683.7000122070312,683.7000122070312,682.9099731445312,683.27001953125,887165
2025-12-08 11:05:00-05:00,683.2650146484375,683.7291259765625,683.2117919921875,683.6599731445312,466912
2025-12-08 11:10:00-05:00,683.6799926757812,683.9000244140625,683.3099975585938,683.4100952148438,562534
2025-12-08 11:15:00-05:00,683.4099731445312,683.5399780273438,683.27001953125,683.4799194335938,326993
2025-12-08 11:20:00-05:00,683.4600219726562,684.1099853515625,683.4299926757812,683.9000244140625,443565
2025-12-08 11:25:00-05:00,683.8900146484375,684.0999755859375,683.5499877929688,684.0900268554688,528661
2025-12-08 11:30:00-05:00,684.0800170898438,684.1199951171875,683.625,683.6599731445312,377807
2025-12-08 11:35:00-05:00,683.6599731445312,683.7999877929688,683.4600219726562,683.52001953125,384570
2025-12-08 11:40:00-05:00,683.5399780273438,683.8499145507812,683.4600219726562,683.8297729492188,261973
2025-12-08 11:45:00-05:00,683.8250122070312,683.8699951171875,683.375,683.3800048828125,268273
2025-12-08 11:50:00-05:00,683.3699951171875,683.6400146484375,683.02001953125,683.3599853515625,316597
2025-12-08 11:55:00-05:00,683.3599853515625,683.47998046875,683.2100219726562,683.38818359375,277333
2025-12-08 12:00:00-05:00,683.3900146484375,683.3900146484375,682.4949951171875,682.77001953125,495383
2025-12-08 12:05:00-05:00,682.739990234375,683.3599853515625,682.719970703125,683.214111328125,399090
2025-12-08 12:10:00-05:00,683.2100219726562,683.27001953125,682.760009765625,682.89501953125,350332
2025-12-08 12:15:00-05:00,682.8800048828125,683.1500244140625,682.8300170898438,683.0,426940
2025-12-08 12:20:00-05:00,682.97998046875,683.0150146484375,682.6400146484375,682.6900024414062,462426
2025-12-08 12:25:00-05:00,682.6900024414062,682.739990234375,682.1900024414062,682.6900024414062,528236
2025-12-08 12:30:00-05:00,682.6900024414062,682.9949951171875,682.6300048828125,682.7550048828125,333146
2025-12-08 12:35:00-05:00,682.75,682.8250122070312,682.5999755859375,682.7100219726562,294267
2025-12-08 12:40:00-05:00,682.6900024414062,683.1300048828125,682.6099853515625,682.8699951171875,362998
2025-12-08 12:45:00-05:00,682.8800048828125,683.2999877929688,682.6749877929688,683.2000122070312,460830
2025-12-08 12:50:00-05:00,683.1950073242188,683.5098876953125,683.14501953125,683.4600830078125,531833
2025-12-08 12:55:00-05:00,683.47998046875,684.3099975585938,683.2899780273438,684.1221923828125,954967
2025-12-08 13:00:00-05:00,684.1300048828125,684.4000244140625,683.5900268554688,683.760009765625,658343
2025-12-08 13:05:00-05:00,683.77001953125,684.0700073242188,683.7052001953125,684.02001953125,284703
2025-12-08 13:10:00-05:00,684.0399780273438,684.0999755859375,683.7598876953125,683.8200073242188,308528
2025-12-08 13:15:00-05:00,683.8300170898438,684.0499877929688,683.7000122070312,683.8800048828125,335381
2025-12-08 13:20:00-05:00,683.8699951171875,684.0,683.72998046875,683.8699951171875,207705
2025-12-08 13:25:00-05:00,683.8699951171875,683.8900146484375,682.8200073242188,682.8300170898438,527813
2025-12-08 13:30:00-05:00,682.8300170898438,682.9744873046875,682.4099731445312,682.52001953125,1099096
2025-12-08 13:35:00-05:00,682.52001953125,683.14501953125,682.2999877929688,683.0599975585938,502565
2025-12-08 13:40:00-05:00,683.0700073242188,683.1019287109375,682.7000732421875,682.97998046875,311136
2025-12-08 13:45:00-05:00,682.97998046875,683.0999755859375,682.6599731445312,682.6799926757812,666351
2025-12-08 13:50:00-05:00,682.6699829101562,682.7899780273438,682.469970703125,682.5900268554688,549428
2025-12-08 13:55:00-05:00,682.5800170898438,682.5900268554688,681.5700073242188,682.1099853515625,991640
2025-12-08 14:00:00-05:00,682.1300048828125,682.27001953125,681.6599731445312,682.0499877929688,642512
2025-12-08 14:05:00-05:00,682.0399780273438,682.2999877929688,681.9299926757812,682.1900024414062,288348
2025-12-08 14:10:00-05:00,682.1799926757812,682.2750244140625,681.8099975585938,681.9199829101562,334288
2025-12-08 14:15:00-05:00,681.9099731445312,682.4570922851562,681.9099731445312,682.4199829101562,535863
2025-12-08 14:20:00-05:00,682.4299926757812,682.5900268554688,682.2100219726562,682.25439453125,301170
2025-12-08 14:25:00-05:00,682.260009765625,682.4000244140625,682.0999755859375,682.2449951171875,277507
2025-12-08 14:30:00-05:00,682.22998046875,682.5499877929688,682.1749877929688,682.47998046875,271151
2025-12-08 14:35:00-05:00,682.469970703125,682.780029296875,682.4199829101562,682.5349731445312,375035
2025-12-08 14:40:00-05:00,682.5399780273438,682.75,682.4000244140625,682.639892578125,398513
2025-12-08 14:45:00-05:00,682.635009765625,682.6400146484375,682.3200073242188,682.510009765625,390447
2025-12-08 14:50:00-05:00,682.530029296875,682.8200073242188,682.47998046875,682.6820068359375,423258
2025-12-08 14:55:00-05:00,682.6849975585938,682.6900024414062,682.1500244140625,682.3300170898438,451763
2025-12-08 15:00:00-05:00,682.3400268554688,682.5499877929688,682.239990234375,682.2999877929688,504023
2025-12-08 15:05:00-05:00,682.3099975585938,682.530029296875,682.1799926757812,682.5,594685
2025-12-08 15:10:00-05:00,682.5,682.6300048828125,682.4299926757812,682.5800170898438,435240
2025-12-08 15:15:00-05:00,682.5900268554688,682.780029296875,682.4000244140625,682.6400146484375,723839
2025-12-08 15:20:00-05:00,682.6400146484375,682.77001953125,682.52001953125,682.5499877929688,452424
2025-12-08 15:25:00-05:00,682.5499877929688,682.6849975585938,682.3699951171875,682.6400146484375,536078
2025-12-08 15:30:00-05:00,682.6400146484375,682.6799926757812,682.2000122070312,682.260009765625,855727
2025-12-08 15:35:00-05:00,682.27001953125,682.4799194335938,682.0599975585938,682.3599853515625,752630
2025-12-08 15:40:00-05:00,682.3499755859375,682.7100219726562,682.2899780273438,682.6900024414062,712150
2025-12-08 15:45:00-05:00,682.6799926757812,682.72998046875,682.4000244140625,682.5499877929688,867445
2025-12-08 15:50:00-05:00,682.5499877929688,682.8900146484375,682.3300170898438,682.47998046875,1559570
2025-12-08 15:55:00-05:00,682.47998046875,683.760009765625,682.4199829101562,683.6500244140625,4896907
2025-12-09 09:30:00-05:00,683.1500244140625,683.6801147460938,682.8200073242188,683.4099731445312,2603428
2025-12-09 09:35:00-05:00,683.4199829101562,684.0399780273438,683.3200073242188,683.89501953125,1047813
2025-12-09 09:40:00-05:00,684.0800170898438,684.114990234375,683.3400268554688,683.7000122070312,982251
2025-12-09 09:45:00-05:00,683.7000122070312,684.1199951171875,683.469970703125,684.0598754882812,933129
2025-12-09 09:50:00-05:00,684.0599975585938,684.4299926757812,683.9500122070312,684.4000244140625,771954
2025-12-09 09:55:00-05:00,684.4099731445312,684.530029296875,684.10498046875,684.4199829101562,747421
2025-12-09 10:00:00-05:00,684.4400024414062,684.9400024414062,684.0499877929688,684.5599975585938,929894
2025-12-09 10:05:00-05:00,684.5599975585938,684.64501953125,683.969970703125,684.27001953125,652427
2025-12-09 10:10:00-05:00,684.280029296875,684.4600219726562,684.1300048828125,684.1799926757812,476274
2025-12-09 10:15:00-05:00,684.1900024414062,684.4343872070312,683.9650268554688,684.125,521360
2025-12-09 10:20:00-05:00,684.1500244140625,684.27001953125,683.8828735351562,684.1599731445312,494119
2025-12-09 10:25:00-05:00,684.1599731445312,684.2999267578125,683.760009765625,684.2150268554688,671337
2025-12-09 10:30:00-05:00,684.2000122070312,684.52001953125,683.989990234375,684.1998901367188,603487
2025-12-09 10:35:00-05:00,684.2000122070312,684.2100219726562,683.844970703125,684.030029296875,373235
2025-12-09 10:40:00-05:00,684.030029296875,684.47998046875,683.864990234375,684.469970703125,495887
2025-12-09 10:45:00-05:00,684.47998046875,684.4998168945312,683.5850219726562,683.8900146484375,727816
2025-12-09 10:50:00-05:00,683.8900146484375,684.4000244140625,683.8214111328125,684.280029296875,584347
2025-12-09 10:55:00-05:00,684.280029296875,684.5700073242188,684.27001953125,684.5050048828125,320234
2025-12-09 11:00:00-05:00,684.489990234375,684.8300170898438,684.4400024414062,684.6199951171875,587139
2025-12-09 11:05:00-05:00,684.6300048828125,684.8400268554688,684.47998046875,684.7000122070312,409318
2025-12-09 11:10:00-05:00,684.6901245117188,684.9000244140625,684.6400146484375,684.8499755859375,394233
2025-12-09 11:15:00-05:00,684.8499755859375,685.3400268554688,684.8400268554688,685.2800903320312,575052
2025-12-09 11:20:00-05:00,685.2899780273438,685.3300170898438,685.0399780273438,685.2050170898438,454792
2025-12-09 11:25:00-05:00,685.2100219726562,685.219970703125,684.77001953125,684.8099975585938,360234
2025-12-09 11:30:00-05:00,684.8099975585938,685.239990234375,684.77001953125,685.2399291992188,480315
2025-12-09 11:35:00-05:00,685.239990234375,685.385009765625,684.9299926757812,685.02001953125,552081
2025-12-09 11:40:00-05:00,685.030029296875,685.0449829101562,684.52001953125,684.6099853515625,448134
2025-12-09 11:45:00-05:00,684.5999755859375,685.0700073242188,684.5999755859375,684.9199829101562,402939
2025-12-09 11:50:00-05:00,684.9199829101562,685.280029296875,684.9199829101562,685.27001953125,468507
2025-12-09 11:55:00-05:00,685.280029296875,685.3099975585938,684.969970703125,684.97998046875,436074
2025-12-09 12:00:00-05:00,684.969970703125,685.219970703125,684.8099975585938,685.1400146484375,315366
2025-12-09 12:05:00-05:00,685.1400146484375,685.3400268554688,685.010009765625,685.0900268554688,527338
2025-12-09 12:10:00-05:00,685.080078125,685.1199951171875,684.8699951171875,684.9400024414062,349119
2025-12-09 12:15:00-05:00,684.9600219726562,684.969970703125,684.6099853515625,684.6400146484375,252255
2025-12-09 12:20:00-05:00,684.6400146484375,684.6795043945312,684.27001953125,684.6199951171875,527884
2025-12-09 12:25:00-05:00,684.6199951171875,684.8200073242188,684.5700073242188,684.6500244140625,354813
2025-12-09 12:30:00-05:00,684.6500244140625,684.8599243164062,684.2852172851562,684.3300170898438,430019
2025-12-09 12:35:00-05:00,684.3200073242188,684.469970703125,684.02001953125,684.1749877929688,680530
2025-12-09 12:40:00-05:00,684.1799926757812,684.280029296875,683.8955078125,684.080078125,691972
2025-12-09 12:45:00-05:00,684.0750122070312,684.0900268554688,683.6950073242188,683.75,502139
2025-12-09 12:50:00-05:00,683.72998046875,683.9849853515625,683.6199951171875,683.9600830078125,476150
2025-12-09 12:55:00-05:00,683.969970703125,684.3200073242188,683.9400024414062,684.2750244140625,504640
2025-12-09 13:00:00-05:00,684.27001953125,684.47998046875,684.098388671875,684.3599853515625,559162
2025-12-09 13:05:00-05:00,684.3599243164062,684.3800048828125,683.9600219726562,684.010009765625,421942
2025-12-09 13:10:00-05:00,684.02001953125,684.25,683.8800048828125,684.25,402905
2025-12-09 13:15:00-05:00,684.25,684.489990234375,684.1300048828125,684.3800048828125,367600
2025-12-09 13:20:00-05:00,684.3800048828125,684.3900146484375,684.1599731445312,684.3699951171875,206474
2025-12-09 13:25:00-05:00,684.3699951171875,684.3800048828125,684.1099853515625,684.239990234375,244552
2025-12-09 13:30:00-05:00,684.239990234375,684.344970703125,684.0700073242188,684.0999755859375,233273
2025-12-09 13:35:00-05:00,684.0999755859375,684.1065063476562,683.72998046875,683.8800048828125,336908
2025-12-09 13:40:00-05:00,683.8900146484375,683.9199829101562,683.6599731445312,683.6699829101562,341151
2025-12-09 13:45:00-05:00,683.6799926757812,683.989990234375,683.3499755859375,683.9400024414062,653625
2025-12-09 13:50:00-05:00,683.9299926757812,684.3300170898438,683.8099975585938,684.2100219726562,492962
2025-12-09 13:55:00-05:00,684.219970703125,684.3400268554688,684.0430297851562,684.0499877929688,378436
2025-12-09 14:00:00-05:00,684.0599975585938,684.139892578125,683.8400268554688,683.9299926757812,412597
2025-12-09 14:05:00-05:00,683.9400024414062,684.0349731445312,683.7200927734375,683.8201293945312,386856
2025-12-09 14:10:00-05:00,683.8200073242188,683.9199829101562,683.6400146484375,683.7999877929688,425745
2025-12-09 14:15:00-05:00,683.7999877929688,684.02001953125,683.719970703125,683.8350219726562,334390
2025-12-09 14:20:00-05:00,683.8300170898438,683.9349975585938,683.72998046875,683.760009765625,259544
2025-12-09 14:25:00-05:00,683.75,683.8900146484375,683.7000122070312,683.72998046875,285406
2025-12-09 14:30:00-05:00,683.72998046875,683.7999877929688,683.6199951171875,683.6400146484375,356012
2025-12-09 14:35:00-05:00,683.6400146484375,683.760009765625,683.4099731445312,683.6500244140625,434083
2025-12-09 14:40:00-05:00,683.6599731445312,683.6799926757812,683.2000122070312,683.3900146484375,437014
2025-12-09 14:45:00-05:00,683.3867797851562,683.5399780273438,683.3300170898438,683.4899291992188,503079
2025-12-09 14:50:00-05:00,683.489990234375,683.7896728515625,683.489990234375,683.72998046875,406753
2025-12-09 14:55:00-05:00,683.72998046875,683.8200073242188,683.5900268554688,683.6300048828125,317523
2025-12-09 15:00:00-05:00,683.6300048828125,683.6900024414062,683.52001953125,683.6799926757812,405963
2025-12-09 15:05:00-05:00,683.6749877929688,683.8526000976562,683.5609741210938,683.7100219726562,506119
2025-12-09 15:10:00-05:00,683.7100219726562,683.780029296875,683.489990234375,683.5,539236
2025-12-09 15:15:00-05:00,683.5001220703125,683.5900268554688,683.3703002929688,683.530029296875,549299
2025-12-09 15:20:00-05:00,683.530029296875,683.6749877929688,683.4099731445312,683.4099731445312,749876
2025-12-09 15:25:00-05:00,683.4099731445312,683.5,683.2999877929688,683.3250122070312,512971
2025-12-09 15:30:00-05:00,683.3200073242188,683.418212890625,683.0650024414062,683.1199951171875,706847
2025-12-09 15:35:00-05:00,683.1212768554688,683.4199829101562,683.0449829101562,683.3499755859375,856726
2025-12-09 15:40:00-05:00,683.3499755859375,683.4849853515625,683.1900024414062,683.3900146484375,749415
2025-12-09 15:45:00-05:00,683.3800048828125,683.4600219726562,683.1500244140625,683.3900146484375,1099987
2025-12-09 15:50:00-05:00,683.3900146484375,683.6099853515625,682.8400268554688,682.8900146484375,2229901
2025-12-09 15:55:00-05:00,682.8900146484375,683.1500244140625,682.5900268554688,683.0499877929688,5143552
2025-12-10 09:30:00-05:00,682.5599975585938,682.760009765625,682.0599975585938,682.1300048828125,2259364
2025-12-10 09:35:00-05:00,682.1300048828125,682.5800170898438,681.3099975585938,682.2999877929688,1506355
2025-12-10 09:40:00-05:00,682.3099975585938,683.0700073242188,682.0449829101562,682.666015625,871475
2025-12-10 09:45:00-05:00,682.6599731445312,683.315185546875,682.6500244140625,682.8699951171875,1054055
2025-12-10 09:50:00-05:00,682.8599853515625,683.3300170898438,682.52001953125,682.8629760742188,814143
2025-12-10 09:55:00-05:00,682.8900146484375,683.25,682.3099975585938,683.1243896484375,954728
2025-12-10 10:00:00-05:00,683.125,683.1500244140625,682.719970703125,682.9000244140625,646159
2025-12-10 10:05:00-05:00,682.905029296875,683.3699951171875,682.8300170898438,683.0764770507812,632715
2025-12-10 10:10:00-05:00,683.0650024414062,683.4349975585938,682.969970703125,683.0200805664062,613300
2025-12-10 10:15:00-05:00,683.030029296875,683.4600219726562,682.8699951171875,683.2999267578125,641892
2025-12-10 10:20:00-05:00,683.2899780273438,683.4099731445312,682.9799194335938,683.2100219726562,628961
2025-12-10 10:25:00-05:00,683.219970703125,683.239990234375,682.7760009765625,682.989990234375,504197
2025-12-10 10:30:00-05:00,682.989990234375,683.0670166015625,682.3499755859375,682.4500122070312,576901
2025-12-10 10:35:00-05:00,682.4600219726562,682.489990234375,681.7000122070312,682.0399780273438,1089690
2025-12-10 10:40:00-05:00,682.0399780273438,682.6400146484375,681.6699829101562,682.364990234375,743175
2025-12-10 10:45:00-05:00,682.360107421875,683.1699829101562,682.219970703125,683.14990234375,461299
2025-12-10 10:50:00-05:00,683.1400146484375,683.22998046875,682.2800903320312,682.3200073242188,546453
2025-12-10 10:55:00-05:00,682.3200073242188,682.510009765625,682.030029296875,682.25,487720
2025-12-10 11:00:00-05:00,682.25,682.2899780273438,681.4500122070312,681.9199829101562,785007
2025-12-10 11:05:00-05:00,681.9299926757812,682.6300048828125,681.8900146484375,682.47998046875,543305
2025-12-10 11:10:00-05:00,682.47119140625,683.125,682.3200073242188,683.1179809570312,570985
2025-12-10 11:15:00-05:00,683.1151733398438,683.6400146484375,683.010009765625,683.6199951171875,911374
2025-12-10 11:20:00-05:00,683.6199951171875,683.77001953125,683.3200073242188,683.5999755859375,587945
2025-12-10 11:25:00-05:00,683.5900268554688,683.8699951171875,683.375,683.719970703125,473732
2025-12-10 11:30:00-05:00,683.719970703125,683.8099975585938,683.5399780273438,683.8099975585938,424827
2025-12-10 11:35:00-05:00,683.8099975585938,683.8400268554688,683.510009765625,683.6849975585938,398801
2025-12-10 11:40:00-05:00,683.6900024414062,683.6900024414062,683.1649780273438,683.27001953125,407366
2025-12-10 11:45:00-05:00,683.280029296875,683.5100708007812,683.0098876953125,683.489990234375,547809
2025-12-10 11:50:00-05:00,683.4949951171875,683.6900024414062,683.3099975585938,683.6099853515625,324076
2025-12-10 11:55:00-05:00,683.6199951171875,683.72998046875,683.469970703125,683.5999755859375,360540
2025-12-10 12:00:00-05:00,683.5700073242188,683.7000122070312,683.4199829101562,683.4500122070312,382691
2025-12-10 12:05:00-05:00,683.4299926757812,683.5,683.27001953125,683.3099975585938,227114
2025-12-10 12:10:00-05:00,683.2999877929688,683.4400024414062,683.0700073242188,683.25,307216
2025-12-10 12:15:00-05:00,683.260009765625,683.4298706054688,683.1044921875,683.1300048828125,262445
2025-12-10 12:20:00-05:00,683.1199951171875,683.344970703125,682.9500122070312,683.3300170898438,333302
2025-12-10 12:25:00-05:00,683.3200073242188,683.4400024414062,683.0700073242188,683.1400146484375,321917
2025-12-10 12:30:00-05:00,683.1199951171875,683.2899780273438,683.010009765625,683.22998046875,221601
2025-12-10 12:35:00-05:00,683.22998046875,683.5399780273438,683.1199951171875,683.1201171875,223708
2025-12-10 12:40:00-05:00,683.1199951171875,683.27001953125,682.9201049804688,683.0800170898438,243297
2025-12-10 12:45:00-05:00,683.0700073242188,683.4600219726562,683.02001953125,683.4199829101562,354186
2025-12-10 12:50:00-05:00,683.4099731445312,683.9600219726562,683.3900146484375,683.8900146484375,396575
2025-12-10 12:55:00-05:00,683.9000244140625,684.219970703125,683.719970703125,683.8400268554688,455176
2025-12-10 13:00:00-05:00,683.8300170898438,683.9500122070312,683.6199951171875,683.77001953125,401731
2025-12-10 13:05:00-05:00,683.77001953125,684.0599975585938,683.6799926757812,683.9674072265625,380557
2025-12-10 13:10:00-05:00,683.969970703125,683.9949951171875,683.7899780273438,683.8300170898438,237287
2025-12-10 13:15:00-05:00,683.8250122070312,683.9400024414062,683.5800170898438,683.6400146484375,321868
2025-12-10 13:20:00-05:00,683.64501953125,683.6599731445312,683.1950073242188,683.2100219726562,303155
2025-12-10 13:25:00-05:00,683.2100219726562,683.219970703125,682.7000122070312,682.8900146484375,568591
2025-12-10 13:30:00-05:00,682.8800048828125,683.1699829101562,682.6799926757812,682.9949951171875,973511
2025-12-10 13:35:00-05:00,682.9949951171875,683.3800048828125,682.9299926757812,683.1849975585938,422383
2025-12-10 13:40:00-05:00,683.1900024414062,683.2000122070312,682.6799926757812,682.6950073242188,612991
2025-12-10 13:45:00-05:00,682.6900024414062,683.1099853515625,682.594970703125,683.0798950195312,408618
2025-12-10 13:50:00-05:00,683.0599975585938,683.0599975585938,682.719970703125,682.7849731445312,328687
2025-12-10 13:55:00-05:00,682.780029296875,682.9199829101562,682.4450073242188,682.8699951171875,534263
2025-12-10 14:00:00-05:00,682.8599853515625,685.22998046875,682.6699829101562,683.8599853515625,2299629
2025-12-10 14:05:00-05:00,683.8800048828125,685.6900024414062,683.760009765625,685.2899780273438,2089573
2025-12-10 14:10:00-05:00,685.3200073242188,685.739990234375,684.5805053710938,684.75,1138533
2025-12-10 14:15:00-05:00,684.760009765625,685.5700073242188,684.6099853515625,685.0349731445312,922983
2025-12-10 14:20:00-05:00,685.0599975585938,685.0701904296875,683.9349975585938,683.9998779296875,787654
2025-12-10 14:25:00-05:00,684.010009765625,684.4000244140625,683.239990234375,684.2100219726562,1210291
2025-12-10 14:30:00-05:00,684.2100219726562,686.2899780273438,684.02001953125,685.9893798828125,1761616
2025-12-10 14:35:00-05:00,685.9849853515625,686.8200073242188,684.9099731445312,686.02001953125,2818183
2025-12-10 14:40:00-05:00,685.9901123046875,686.27001953125,683.3599853515625,684.3499755859375,2243309
2025-12-10 14:45:00-05:00,684.3109741210938,685.8300170898438,684.239990234375,685.2550048828125,1293614
2025-12-10 14:50:00-05:00,685.239990234375,687.489990234375,685.010009765625,687.0485229492188,1596250
2025-12-10 14:55:00-05:00,687.0499877929688,688.0599975585938,687.010009765625,687.8800048828125,2885225
2025-12-10 15:00:00-05:00,687.8699951171875,688.4199829101562,687.0800170898438,688.2249755859375,1781687
2025-12-10 15:05:00-05:00,688.219970703125,688.489990234375,687.7000122070312,688.3099975585938,1679014
2025-12-10 15:10:00-05:00,688.3099975585938,688.6199951171875,687.9000244140625,688.47998046875,1469595
2025-12-10 15:15:00-05:00,688.4650268554688,688.5999755859375,687.969970703125,688.239990234375,1440517
2025-12-10 15:20:00-05:00,688.25,688.8300170898438,687.8699951171875,687.97998046875,1785978
2025-12-10 15:25:00-05:00,687.969970703125,688.5599975585938,687.7949829101562,688.1199951171875,1029553
2025-12-10 15:30:00-05:00,688.0999755859375,688.969970703125,687.9500122070312,688.6900024414062,1200643
2025-12-10 15:35:00-05:00,688.6900024414062,688.9299926757812,688.47998046875,688.6699829101562,1585039
2025-12-10 15:40:00-05:00,688.6699829101562,688.8300170898438,688.25,688.375,1106373
2025-12-10 15:45:00-05:00,688.364990234375,688.7000122070312,688.0900268554688,688.260009765625,2525505
2025-12-10 15:50:00-05:00,688.260009765625,688.6900024414062,687.7150268554688,688.0900268554688,2091569
2025-12-10 15:55:00-05:00,688.0900268554688,688.239990234375,687.219970703125,687.4600219726562,5402361
2025-12-11 09:30:00-05:00,685.1400146484375,685.3599853515625,684.47998046875,684.6801147460938,3277290
2025-12-11 09:35:00-05:00,684.7000122070312,685.8200073242188,684.5499877929688,685.3099975585938,1588130
2025-12-11 09:40:00-05:00,685.2999877929688,685.7000122070312,684.9099731445312,685.5850219726562,1289222
2025-12-11 09:45:00-05:00,685.594970703125,685.7000122070312,683.6400146484375,683.6699829101562,1539620
2025-12-11 09:50:00-05:00,683.6400146484375,683.8499755859375,682.6199951171875,682.655029296875,2213124
2025-12-11 09:55:00-05:00,682.655029296875,683.219970703125,682.2899780273438,682.6199951171875,1685853
2025-12-11 10:00:00-05:00,682.6500244140625,683.4199829101562,682.1649780273438,683.22998046875,1445987
2025-12-11 10:05:00-05:00,683.22998046875,684.739990234375,683.1300048828125,684.6900024414062,1540124
2025-12-11 10:10:00-05:00,684.7000122070312,685.3900146484375,684.1400756835938,685.030029296875,1533321
2025-12-11 10:15:00-05:00,685.0,685.4400024414062,684.5750122070312,685.4299926757812,856040
2025-12-11 10:20:00-05:00,685.4400024414062,686.5,685.3200073242188,686.4550170898438,1253167
2025-12-11 10:25:00-05:00,686.4400024414062,686.7994995117188,686.0599975585938,686.260009765625,1041403
2025-12-11 10:30:00-05:00,686.27001953125,686.4500122070312,685.9550170898438,685.97998046875,1017319
2025-12-11 10:35:00-05:00,685.989990234375,686.27001953125,685.469970703125,686.1900024414062,935159
2025-12-11 10:40:00-05:00,686.1699829101562,686.1799926757812,685.3699951171875,685.77001953125,614746
2025-12-11 10:45:00-05:00,685.7698974609375,686.1699829101562,684.75,684.8400268554688,924171
2025-12-11 10:50:00-05:00,684.8300170898438,685.1699829101562,684.0700073242188,685.0551147460938,1106231
2025-12-11 10:55:00-05:00,685.0599975585938,685.8599853515625,684.97998046875,685.739990234375,757360
2025-12-11 11:00:00-05:00,685.739990234375,686.1400146484375,685.0800170898438,685.739990234375,861276
2025-12-11 11:05:00-05:00,685.75,685.8800048828125,684.9199829101562,684.9949951171875,746170
2025-12-11 11:10:00-05:00,685.0,685.5599975585938,684.8900146484375,685.3699951171875,562183
2025-12-11 11:15:00-05:00,685.3699951171875,685.4099731445312,684.802001953125,685.094482421875,353358
2025-12-11 11:20:00-05:00,685.0800170898438,685.760009765625,684.8400268554688,685.719970703125,434887
2025-12-11 11:25:00-05:00,685.72998046875,685.780029296875,684.4000244140625,684.60498046875,664908
2025-12-11 11:30:00-05:00,684.6099853515625,685.3599853515625,684.5399780273438,685.3099975585938,642016
2025-12-11 11:35:00-05:00,685.3400268554688,685.739990234375,685.1599731445312,685.6300048828125,858184
2025-12-11 11:40:00-05:00,685.6199951171875,686.72998046875,685.510009765625,686.469970703125,1192260
2025-12-11 11:45:00-05:00,686.47998046875,686.969970703125,686.1599731445312,686.3699951171875,736335
2025-12-11 11:50:00-05:00,686.3800048828125,686.4500122070312,685.1799926757812,685.27001953125,907931
2025-12-11 11:55:00-05:00,685.2650146484375,685.530029296875,684.844970703125,685.5,967337
2025-12-11 12:00:00-05:00,685.52001953125,686.0800170898438,685.39501953125,685.969970703125,925386
2025-12-11 12:05:00-05:00,685.97998046875,686.0999755859375,685.77001953125,685.8699951171875,370271
2025-12-11 12:10:00-05:00,685.8900146484375,687.0,685.8900146484375,686.719970703125,734132
2025-12-11 12:15:00-05:00,686.719970703125,687.0599975585938,686.5900268554688,686.9199829101562,702425
2025-12-11 12:20:00-05:00,686.9199829101562,687.6599731445312,686.9199829101562,687.5599975585938,757448
2025-12-11 12:25:00-05:00,687.5499877929688,687.9099731445312,687.1849975585938,687.35498046875,958851
2025-12-11 12:30:00-05:00,687.3499755859375,687.760009765625,687.3400268554688,687.72998046875,559417
2025-12-11 12:35:00-05:00,687.739990234375,687.8499755859375,687.4000244140625,687.6950073242188,742513
2025-12-11 12:40:00-05:00,687.6900024414062,688.0350952148438,687.6199951171875,687.780029296875,576119
2025-12-11 12:45:00-05:00,687.7899780273438,687.9149780273438,687.3499755859375,687.3900146484375,533402
2025-12-11 12:50:00-05:00,687.3800048828125,687.5499877929688,687.14501953125,687.489990234375,673845
2025-12-11 12:55:00-05:00,687.4849853515625,687.52001953125,686.97998046875,687.2899780273438,608735
2025-12-11 13:00:00-05:00,687.280029296875,687.8699951171875,687.0900268554688,687.75,532670
2025-12-11 13:05:00-05:00,687.719970703125,687.9500122070312,687.6099853515625,687.905029296875,307433
2025-12-11 13:10:00-05:00,687.9000244140625,688.1900024414062,687.7650146484375,688.010009765625,418568
2025-12-11 13:15:00-05:00,688.02001953125,688.030029296875,687.7100219726562,687.7999877929688,335616
2025-12-11 13:20:00-05:00,687.7999877929688,688.1243896484375,687.6500244140625,687.9000244140625,710707
2025-12-11 13:25:00-05:00,687.9000244140625,688.010009765625,687.4099731445312,687.625,498963
2025-12-11 13:30:00-05:00,687.6199951171875,687.719970703125,687.2999877929688,687.5700073242188,444878
2025-12-11 13:35:00-05:00,687.5750122070312,688.3150024414062,687.5399780273438,688.260009765625,526274
2025-12-11 13:40:00-05:00,688.2550048828125,688.625,688.1799926757812,688.530029296875,655252
2025-12-11 13:45:00-05:00,688.5399780273438,688.619873046875,688.1799926757812,688.3300170898438,598992
2025-12-11 13:50:00-05:00,688.3400268554688,688.4500122070312,687.9600219726562,688.0050048828125,427658
2025-12-11 13:55:00-05:00,688.010009765625,688.1900024414062,687.760009765625,687.9600219726562,578875
2025-12-11 14:00:00-05:00,687.969970703125,688.4099731445312,687.9400024414062,688.239990234375,609835
2025-12-11 14:05:00-05:00,688.22998046875,688.260009765625,687.8499755859375,688.0964965820312,567781
2025-12-11 14:10:00-05:00,688.0999755859375,688.260009765625,687.9598999023438,688.25,607857
2025-12-11 14:15:00-05:00,688.260009765625,688.760009765625,688.239990234375,688.6799926757812,814663
2025-12-11 14:20:00-05:00,688.6699829101562,688.77001953125,688.4500122070312,688.6799926757812,570837
2025-12-11 14:25:00-05:00,688.6900024414062,688.7899780273438,688.5150146484375,688.6799926757812,554262
2025-12-11 14:30:00-05:00,688.6799926757812,688.8400268554688,688.5900268554688,688.6799926757812,647693
2025-12-11 14:35:00-05:00,688.6900024414062,689.0499877929688,688.6799926757812,688.7449951171875,886066
2025-12-11 14:40:00-05:00,688.75,689.0490112304688,688.72998046875,689.0150146484375,556563
2025-12-11 14:45:00-05:00,689.02001953125,689.1400146484375,688.8699951171875,689.0599975585938,744698
2025-12-11 14:50:00-05:00,689.0599975585938,689.25,688.8353271484375,688.85498046875,503146
2025-12-11 14:55:00-05:00,688.8499755859375,689.1199951171875,688.8200073242188,688.8300170898438,817777
2025-12-11 15:00:00-05:00,688.8300170898438,689.1599731445312,688.8200073242188,689.0449829101562,545691
2025-12-11 15:05:00-05:00,689.0399780273438,689.0499877929688,688.6599731445312,688.8800048828125,993403
2025-12-11 15:10:00-05:00,688.8900146484375,688.9299926757812,688.6900024414062,688.7100219726562,505394
2025-12-11 15:15:00-05:00,688.7100219726562,688.8599853515625,688.6099853515625,688.682373046875,462539
2025-12-11 15:20:00-05:00,688.6900024414062,688.9299926757812,688.6500244140625,688.7999877929688,592656
2025-12-11 15:25:00-05:00,688.7899780273438,688.8250122070312,688.4099731445312,688.4349975585938,833750
2025-12-11 15:30:00-05:00,688.4400024414062,688.52001953125,688.2000122070312,688.2999877929688,1211520
2025-12-11 15:35:00-05:00,688.2949829101562,688.3400268554688,687.989990234375,688.2055053710938,1654635
2025-12-11 15:40:00-05:00,688.2000122070312,688.5499877929688,688.1599731445312,688.4000244140625,1164620
2025-12-11 15:45:00-05:00,688.3900146484375,688.47998046875,688.0900268554688,688.3099975585938,919368
2025-12-11 15:50:00-05:00,688.3099975585938,689.1099853515625,688.3099975585938,688.6599731445312,2490047
2025-12-11 15:55:00-05:00,688.6500244140625,689.1799926757812,688.27001953125,689.1500244140625,5223171
2025-12-12 09:30:00-05:00,688.1699829101562,688.6849975585938,687.7000122070312,688.4149780273438,3232551
2025-12-12 09:35:00-05:00,688.4099731445312,688.8699951171875,688.2100219726562,688.77197265625,799743
2025-12-12 09:40:00-05:00,688.7899780273438,688.8800048828125,687.7899780273438,687.9400024414062,1236915
2025-12-12 09:45:00-05:00,687.9400024414062,688.1500244140625,687.364990234375,687.389892578125,1184345
2025-12-12 09:50:00-05:00,687.3800048828125,688.019775390625,687.1699829101562,687.8699951171875,1033771
2025-12-12 09:55:00-05:00,687.8599853515625,687.9849853515625,687.405029296875,687.489990234375,741627
2025-12-12 10:00:00-05:00,687.4600219726562,687.5399780273438,686.5800170898438,686.6900024414062,1476932
2025-12-12 10:05:00-05:00,686.7000122070312,686.8900146484375,685.5800170898438,685.9000244140625,1600624
2025-12-12 10:10:00-05:00,685.9000244140625,686.510009765625,685.7899780273438,685.9099731445312,2143554
2025-12-12 10:15:00-05:00,685.9099731445312,686.1300048828125,685.3599853515625,685.8699951171875,1373857
2025-12-12 10:20:00-05:00,685.8599853515625,686.0449829101562,684.719970703125,684.8200073242188,1722916
2025-12-12 10:25:00-05:00,684.7999877929688,684.909912109375,683.6300048828125,683.75,2728798
2025-12-12 10:30:00-05:00,683.75,684.7100219726562,683.3099975585938,684.3099975585938,2273897
2025-12-12 10:35:00-05:00,684.3300170898438,685.1500244140625,683.9600219726562,684.9400024414062,1344869
2025-12-12 10:40:00-05:00,684.9299926757812,685.2100219726562,684.3499755859375,685.2000122070312,1086450
2025-12-12 10:45:00-05:00,685.2000122070312,685.6099853515625,684.9149780273438,685.2000122070312,1148283
2025-12-12 10:50:00-05:00,685.2000122070312,685.4199829101562,683.8800048828125,683.885009765625,1413748
2025-12-12 10:55:00-05:00,683.8699951171875,683.8900146484375,681.3099975585938,681.739990234375,3173283
2025-12-12 11:00:00-05:00,681.72998046875,682.4600219726562,680.6199951171875,680.6199951171875,2893649
2025-12-12 11:05:00-05:00,680.6199951171875,681.780029296875,680.469970703125,680.9400024414062,2137638
2025-12-12 11:10:00-05:00,680.9600219726562,681.3800048828125,680.1799926757812,681.030029296875,2312493
2025-12-12 11:15:00-05:00,681.030029296875,681.7100219726562,680.510009765625,680.8200073242188,1331059
2025-12-12 11:20:00-05:00,680.8300170898438,681.219970703125,679.7000122070312,680.3699951171875,2490803
2025-12-12 11:25:00-05:00,680.3699951171875,681.3200073242188,680.0900268554688,681.27001953125,1140323
2025-12-12 11:30:00-05:00,681.27001953125,681.2899780273438,679.9299926757812,680.3200073242188,850718
2025-12-12 11:35:00-05:00,680.3150024414062,680.510009765625,679.1743774414062,679.6500244140625,1554954
2025-12-12 11:40:00-05:00,679.6599731445312,680.7100219726562,679.239990234375,680.7000122070312,1363276
2025-12-12 11:45:00-05:00,680.7000122070312,680.75,679.8800048828125,680.330078125,1299496
2025-12-12 11:50:00-05:00,680.3300170898438,680.3300170898438,679.760009765625,680.0499877929688,658398
2025-12-12 11:55:00-05:00,680.02001953125,680.6400146484375,679.6599731445312,680.5994262695312,1238408
2025-12-12 12:00:00-05:00,680.5900268554688,681.4500122070312,680.3300170898438,681.1900024414062,996424
2025-12-12 12:05:00-05:00,681.1900024414062,682.1199951171875,681.1300048828125,681.5599975585938,931591
2025-12-12 12:10:00-05:00,681.5399780273438,682.030029296875,681.5050048828125,681.8800048828125,597908
2025-12-12 12:15:00-05:00,681.8800048828125,682.9000244140625,681.8800048828125,682.8800048828125,694371
2025-12-12 12:20:00-05:00,682.8845825195312,683.02001953125,682.4099731445312,682.7000122070312,912670
2025-12-12 12:25:00-05:00,682.7000122070312,682.7000122070312,681.3800048828125,681.4600219726562,820167
2025-12-12 12:30:00-05:00,681.4400024414062,682.0,680.9450073242188,681.7579956054688,912901
2025-12-12 12:35:00-05:00,681.75,682.6599731445312,681.2899780273438,682.5999755859375,675334
2025-12-12 12:40:00-05:00,682.594970703125,682.8499755859375,682.3499755859375,682.469970703125,471477
2025-12-12 12:45:00-05:00,682.4600219726562,683.239990234375,682.4199829101562,683.030029296875,600726
2025-12-12 12:50:00-05:00,683.0499877929688,683.14990234375,682.3699951171875,682.6500244140625,454318
2025-12-12 12:55:00-05:00,682.6456298828125,683.0399780273438,682.52001953125,682.6699829101562,362787
2025-12-12 13:00:00-05:00,682.6799926757812,682.9600219726562,682.3800048828125,682.8250122070312,475030
2025-12-12 13:05:00-05:00,682.8400268554688,683.1900024414062,682.780029296875,682.8150024414062,513522
2025-12-12 13:10:00-05:00,682.8049926757812,684.2100219726562,682.77001953125,683.6500244140625,1918842
2025-12-12 13:15:00-05:00,683.6500244140625,684.3400268554688,683.5800170898438,683.8800048828125,759941
2025-12-12 13:20:00-05:00,683.8699951171875,683.9299926757812,683.0999755859375,683.3699951171875,655948
2025-12-12 13:25:00-05:00,683.3699951171875,683.8800048828125,683.3200073242188,683.8800048828125,484431
2025-12-12 13:30:00-05:00,683.8800048828125,683.9000244140625,683.4400024414062,683.6199951171875,405356
2025-12-12 13:35:00-05:00,683.6199951171875,683.75,683.0800170898438,683.6300048828125,520237
2025-12-12 13:40:00-05:00,683.6400146484375,683.7899780273438,682.7999877929688,682.97998046875,1951366
2025-12-12 13:45:00-05:00,682.989990234375,683.2000122070312,682.719970703125,683.1799926757812,556627
2025-12-12 13:50:00-05:00,683.1749877929688,683.5399780273438,683.02001953125,683.2949829101562,631637
2025-12-12 13:55:00-05:00,683.2999877929688,683.4400024414062,682.469970703125,682.5399780273438,565722
2025-12-12 14:00:00-05:00,682.5499877929688,682.6699829101562,681.9299926757812,682.4299926757812,1320720
2025-12-12 14:05:00-05:00,682.4199829101562,682.5900268554688,681.9400024414062,681.97998046875,761494
2025-12-12 14:10:00-05:00,681.97998046875,682.3400268554688,681.5499877929688,681.739990234375,831557
2025-12-12 14:15:00-05:00,681.72998046875,682.0700073242188,681.530029296875,681.6500244140625,684365
2025-12-12 14:20:00-05:00,681.6500244140625,681.8800048828125,681.219970703125,681.530029296875,869346
2025-12-12 14:25:00-05:00,681.5399780273438,681.6500244140625,681.2100219726562,681.4749755859375,658398
2025-12-12 14:30:00-05:00,681.489990234375,682.0499877929688,681.4600219726562,681.77001953125,678689
2025-12-12 14:35:00-05:00,681.77001953125,681.969970703125,681.5599975585938,681.60009765625,884236
2025-12-12 14:40:00-05:00,681.6400146484375,682.27001953125,681.6400146484375,681.7899780273438,764690
2025-12-12 14:45:00-05:00,681.780029296875,681.9099731445312,681.5499877929688,681.8255004882812,527977
2025-12-12 14:50:00-05:00,681.8099975585938,682.1199951171875,681.75,681.8400268554688,386601
2025-12-12 14:55:00-05:00,681.9849853515625,682.2100219726562,681.5800170898438,681.9699096679688,1060688
2025-12-12 15:00:00-05:00,681.9600219726562,682.1199951171875,681.4600219726562,681.7899780273438,922058
2025-12-12 15:05:00-05:00,681.780029296875,682.3800048828125,681.72998046875,682.3400268554688,927378
2025-12-12 15:10:00-05:00,682.3300170898438,682.5150146484375,681.8099975585938,681.8200073242188,1024326
2025-12-12 15:15:00-05:00,681.8200073242188,682.0656127929688,681.6900024414062,681.7999877929688,953577
2025-12-12 15:20:00-05:00,681.8049926757812,681.9949951171875,681.760009765625,681.9450073242188,820658
2025-12-12 15:25:00-05:00,681.9500122070312,681.97998046875,681.0999755859375,681.3599853515625,1457583
2025-12-12 15:30:00-05:00,681.369873046875,681.489990234375,680.3099975585938,681.02001953125,2245773
2025-12-12 15:35:00-05:00,681.02001953125,681.1300048828125,680.0700073242188,680.3350219726562,1645347
2025-12-12 15:40:00-05:00,680.3400268554688,681.1400146484375,680.3200073242188,680.8397216796875,1795690
2025-12-12 15:45:00-05:00,680.8400268554688,681.8699951171875,680.72998046875,681.3599853515625,2339018
2025-12-12 15:50:00-05:00,681.3599853515625,681.6900024414062,680.8400268554688,681.3610229492188,2555664
2025-12-12 15:55:00-05:00,681.3800048828125,681.8400268554688,681.2550048828125,681.72998046875,5148805
2025-12-15 09:30:00-05:00,685.739990234375,685.760009765625,683.9400024414062,683.9550170898438,3861868
2025-12-15 09:35:00-05:00,683.969970703125,684.7943725585938,683.5549926757812,683.5800170898438,1938426
2025-12-15 09:40:00-05:00,683.5900268554688,684.4749755859375,683.5599975585938,683.6199951171875,1496823
2025-12-15 09:45:00-05:00,683.6199951171875,683.8712158203125,683.219970703125,683.5800170898438,1560209
2025-12-15 09:50:00-05:00,683.5900268554688,683.72998046875,682.6400146484375,682.9149780273438,2063958
2025-12-15 09:55:00-05:00,682.8900146484375,683.0,682.2999877929688,682.4299926757812,1809310
2025-12-15 10:00:00-05:00,682.4299926757812,682.4500122070312,681.1799926757812,681.5,1936889
2025-12-15 10:05:00-05:00,681.5,682.5850219726562,681.4099731445312,681.8200073242188,1335859
2025-12-15 10:10:00-05:00,681.7999877929688,681.89501953125,681.1400146484375,681.364990234375,1338504
2025-12-15 10:15:00-05:00,681.3400268554688,681.5,680.6300048828125,680.6699829101562,1556880
2025-12-15 10:20:00-05:00,680.6799926757812,681.4600219726562,679.8300170898438,679.8400268554688,1560937
2025-12-15 10:25:00-05:00,679.8300170898438,680.1300048828125,679.25,679.8200073242188,1844777
2025-12-15 10:30:00-05:00,679.8200073242188,681.3200073242188,679.5900268554688,680.9000244140625,1824234
2025-12-15 10:35:00-05:00,680.9000244140625,681.2899780273438,680.1900024414062,680.4852294921875,1074133
2025-12-15 10:40:00-05:00,680.489990234375,681.8200073242188,680.052001953125,681.7999877929688,1313741
2025-12-15 10:45:00-05:00,681.7999877929688,682.1300048828125,681.4500122070312,682.0800170898438,1430395
2025-12-15 10:50:00-05:00,682.1099853515625,682.1599731445312,680.7349853515625,681.1500244140625,1101574
2025-12-15 10:55:00-05:00,681.1500244140625,681.39501953125,680.760009765625,681.1500244140625,706549
2025-12-15 11:00:00-05:00,681.1400146484375,681.405029296875,680.5599975585938,681.030029296875,916779
2025-12-15 11:05:00-05:00,681.0399780273438,681.7999877929688,680.969970703125,681.7849731445312,826470
2025-12-15 11:10:00-05:00,681.7899780273438,681.8892211914062,680.9099731445312,681.030029296875,648778
2025-12-15 11:15:00-05:00,681.0399780273438,682.6599731445312,680.969970703125,682.6300048828125,1081044
2025-12-15 11:20:00-05:00,682.6400146484375,682.8400268554688,682.280029296875,682.5599975585938,831473
2025-12-15 11:25:00-05:00,682.5700073242188,683.0599975585938,682.530029296875,682.7899780273438,728850
2025-12-15 11:30:00-05:00,682.7899780273438,682.9199829101562,681.405029296875,681.4299926757812,1232167
2025-12-15 11:35:00-05:00,681.4298095703125,681.5800170898438,680.5150146484375,680.8900146484375,1299863
2025-12-15 11:40:00-05:00,680.8800048828125,681.3499755859375,680.4099731445312,680.5499877929688,1072385
2025-12-15 11:45:00-05:00,680.5700073242188,680.739990234375,680.1400146484375,680.5499877929688,1034533
2025-12-15 11:50:00-05:00,680.5399780273438,681.52001953125,680.4500122070312,681.4600219726562,964369
2025-12-15 11:55:00-05:00,681.4500122070312,681.739990234375,680.5800170898438,680.8800048828125,945872
2025-12-15 12:00:00-05:00,680.8800048828125,681.219970703125,680.5700073242188,680.8200073242188,628134
2025-12-15 12:05:00-05:00,680.8250122070312,681.22998046875,680.6699829101562,681.0800170898438,535694
2025-12-15 12:10:00-05:00,681.0900268554688,681.3300170898438,680.7849731445312,680.8300170898438,643018
2025-12-15 12:15:00-05:00,680.8099975585938,680.8800048828125,680.2100219726562,680.4299926757812,682641
2025-12-15 12:20:00-05:00,680.4199829101562,680.9400024414062,680.3300170898438,680.5800170898438,651621
2025-12-15 12:25:00-05:00,680.5800170898438,681.0999755859375,680.510009765625,680.6500244140625,463752
2025-12-15 12:30:00-05:00,680.6500244140625,680.97998046875,680.0700073242188,680.239990234375,609797
2025-12-15 12:35:00-05:00,680.2349853515625,680.889892578125,680.2349853515625,680.8300170898438,497716
2025-12-15 12:40:00-05:00,680.8300170898438,681.4500122070312,680.7802124023438,681.1900024414062,975596
2025-12-15 12:45:00-05:00,681.1799926757812,681.4000244140625,680.3099975585938,680.35498046875,1065583
2025-12-15 12:50:00-05:00,680.3499755859375,680.3499755859375,679.4199829101562,679.9849853515625,1060232
2025-12-15 12:55:00-05:00,679.9912109375,680.5800170898438,679.8599853515625,680.50439453125,588267
2025-12-15 13:00:00-05:00,680.5,680.7999877929688,680.0050048828125,680.5700073242188,578566
2025-12-15 13:05:00-05:00,680.5800170898438,681.0999755859375,680.4600219726562,680.5999755859375,549603
2025-12-15 13:10:00-05:00,680.6199951171875,681.0599975585938,680.5900268554688,680.97998046875,380738
2025-12-15 13:15:00-05:00,680.97998046875,681.1900024414062,680.3499755859375,680.4298706054688,441399
2025-12-15 13:20:00-05:00,680.4199829101562,680.6500244140625,679.8499755859375,679.8499755859375,572870
2025-12-15 13:25:00-05:00,679.8400268554688,680.0800170898438,679.510009765625,679.97998046875,641025
2025-12-15 13:30:00-05:00,679.97998046875,680.3400268554688,679.6199951171875,679.8900146484375,608677
2025-12-15 13:35:00-05:00,679.8800048828125,680.3099975585938,679.6799926757812,679.9299926757812,495088
2025-12-15 13:40:00-05:00,679.8900146484375,680.4000244140625,679.8200073242188,680.280029296875,536983
2025-12-15 13:45:00-05:00,680.2899780273438,680.6300048828125,680.1900024414062,680.4199829101562,528117
2025-12-15 13:50:00-05:00,680.4199829101562,680.9356079101562,680.3195190429688,680.8200073242188,457319
2025-12-15 13:55:00-05:00,680.8300170898438,681.4000244140625,680.780029296875,681.02001953125,588472
2025-12-15 14:00:00-05:00,681.02001953125,681.52001953125,680.8900756835938,681.4299926757812,767308
2025-12-15 14:05:00-05:00,681.4400024414062,681.5496826171875,680.9808959960938,681.0275268554688,521414
2025-12-15 14:10:00-05:00,681.02001953125,681.2000122070312,680.7899780273438,680.7999877929688,668167
2025-12-15 14:15:00-05:00,680.7999877929688,681.02001953125,680.4400024414062,681.010009765625,727570
2025-12-15 14:20:00-05:00,681.010498046875,681.159912109375,680.5,680.7849731445312,822944
2025-12-15 14:25:00-05:00,680.77001953125,681.02001953125,680.6599731445312,680.8355102539062,487993
2025-12-15 14:30:00-05:00,680.8350219726562,681.0900268554688,680.5900268554688,680.8095092773438,539203
2025-12-15 14:35:00-05:00,680.8099975585938,680.9550170898438,680.5599975585938,680.719970703125,592028
2025-12-15 14:40:00-05:00,680.739990234375,681.0,680.510009765625,680.60498046875,463043
2025-12-15 14:45:00-05:00,680.5999755859375,680.6799926757812,680.4400024414062,680.6798095703125,692994
2025-12-15 14:50:00-05:00,680.6699829101562,681.0800170898438,680.5499877929688,681.0800170898438,912358
2025-12-15 14:55:00-05:00,681.0800170898438,681.780029296875,681.0549926757812,681.689697265625,718579
2025-12-15 15:00:00-05:00,681.6900024414062,681.6900024414062,681.02001953125,681.3200073242188,708537
2025-12-15 15:05:00-05:00,681.3099975585938,681.669921875,681.2849731445312,681.6199951171875,749207
2025-12-15 15:10:00-05:00,681.6199951171875,681.739990234375,681.280029296875,681.280029296875,815076
2025-12-15 15:15:00-05:00,681.280029296875,681.5850219726562,681.0700073242188,681.2000122070312,896944
2025-12-15 15:20:00-05:00,681.2100219726562,681.219970703125,680.6900024414062,680.9500122070312,1092406
2025-12-15 15:25:00-05:00,680.9500122070312,681.1900024414062,680.72998046875,681.0700073242188,1157007
2025-12-15 15:30:00-05:00,681.0900268554688,681.25,680.6099853515625,680.77001953125,1207185
2025-12-15 15:35:00-05:00,680.7750244140625,681.239990234375,680.6400146484375,681.219970703125,1082719
2025-12-15 15:40:00-05:00,681.2020263671875,681.3350219726562,680.5499877929688,680.6900024414062,1183800
2025-12-15 15:45:00-05:00,680.6898803710938,681.239990234375,680.6099853515625,681.1749877929688,1916303
2025-12-15 15:50:00-05:00,681.1799926757812,681.5999755859375,680.760009765625,680.8900146484375,2770420
2025-12-15 15:55:00-05:00,680.8900146484375,681.239990234375,680.6599731445312,680.7100219726562,5353622
2025-12-16 09:30:00-05:00,679.22998046875,680.5001220703125,678.8300170898438,679.5599975585938,4481887
2025-12-16 09:35:00-05:00,679.5599975585938,680.469970703125,679.280029296875,679.47998046875,1872282
2025-12-16 09:40:00-05:00,679.47998046875,679.5700073242188,678.1500244140625,678.6500854492188,1426856
2025-12-16 09:45:00-05:00,678.72998046875,680.0499877929688,677.6799926757812,679.6849975585938,1648073
2025-12-16 09:50:00-05:00,679.6900024414062,681.02001953125,679.5756225585938,679.885009765625,1674378
2025-12-16 09:55:00-05:00,679.8800048828125,681.0,679.6400146484375,680.7899780273438,1005371
2025-12-16 10:00:00-05:00,680.8200073242188,681.0800170898438,679.0599975585938,679.8400268554688,1321856
2025-12-16 10:05:00-05:00,679.9099731445312,680.8800048828125,679.489990234375,679.6699829101562,1003260
2025-12-16 10:10:00-05:00,679.6599731445312,679.8200073242188,678.97998046875,679.3150024414062,1041566
2025-12-16 10:15:00-05:00,679.280029296875,679.530029296875,678.030029296875,678.3599853515625,1123077
2025-12-16 10:20:00-05:00,678.3499755859375,678.469970703125,677.260009765625,677.309814453125,1335450
2025-12-16 10:25:00-05:00,677.3049926757812,677.8800048828125,676.4400024414062,677.6900024414062,2042679
2025-12-16 10:30:00-05:00,677.7100219726562,678.6900024414062,677.5499877929688,678.1599731445312,1353197
2025-12-16 10:35:00-05:00,678.1799926757812,678.5999755859375,677.0399780273438,677.8699951171875,1490874
2025-12-16 10:40:00-05:00,677.8699951171875,678.219970703125,677.02001953125,678.1099853515625,899067
2025-12-16 10:45:00-05:00,678.1400146484375,679.0,678.0800170898438,678.489990234375,1069645
2025-12-16 10:50:00-05:00,678.4600219726562,679.1400146484375,677.5800170898438,678.9400024414062,799087
2025-12-16 10:55:00-05:00,678.9199829101562,679.4149780273438,678.469970703125,679.0,812453
2025-12-16 11:00:00-05:00,678.989990234375,679.32177734375,678.5399780273438,678.6699829101562,586062
2025-12-16 11:05:00-05:00,678.6699829101562,678.8499755859375,677.9400024414062,678.22998046875,1597064
2025-12-16 11:10:00-05:00,678.239990234375,678.3900146484375,677.469970703125,677.739990234375,841231
2025-12-16 11:15:00-05:00,677.739990234375,677.8599853515625,676.8699951171875,677.510009765625,883278
2025-12-16 11:20:00-05:00,677.5,677.6699829101562,677.030029296875,677.1199951171875,612128
2025-12-16 11:25:00-05:00,677.1300048828125,677.2899780273438,676.8099975585938,677.135009765625,579283
2025-12-16 11:30:00-05:00,677.1400146484375,677.6500244140625,676.780029296875,677.5,718964
2025-12-16 11:35:00-05:00,677.510009765625,677.739990234375,676.6099853515625,677.280029296875,706119
2025-12-16 11:40:00-05:00,677.27001953125,677.4199829101562,676.6900024414062,677.375,515399
2025-12-16 11:45:00-05:00,677.364990234375,678.02001953125,677.0399780273438,678.0,730229
2025-12-16 11:50:00-05:00,678.0150146484375,678.489990234375,677.2150268554688,677.5330200195312,656225
2025-12-16 11:55:00-05:00,677.52001953125,678.4600219726562,677.4299926757812,678.280029296875,518254
2025-12-16 12:00:00-05:00,678.2999877929688,678.760009765625,677.989990234375,678.5800170898438,608568
2025-12-16 12:05:00-05:00,678.5599975585938,678.739990234375,677.989990234375,677.989990234375,615386
2025-12-16 12:10:00-05:00,677.989990234375,678.6400146484375,677.4600219726562,678.5800170898438,641206
2025-12-16 12:15:00-05:00,678.5800170898438,678.9400024414062,678.4500122070312,678.6199951171875,440310
2025-12-16 12:20:00-05:00,678.5999755859375,678.6900024414062,677.8800048828125,677.9400024414062,434630
2025-12-16 12:25:00-05:00,677.9299926757812,677.9531860351562,677.02001953125,677.3800048828125,705633
2025-12-16 12:30:00-05:00,677.3748168945312,678.0499877929688,677.2999877929688,678.010009765625,654486
2025-12-16 12:35:00-05:00,678.010009765625,678.280029296875,676.9500122070312,677.1799926757812,550580
2025-12-16 12:40:00-05:00,677.1699829101562,677.2000122070312,676.3049926757812,676.7100219726562,674400
2025-12-16 12:45:00-05:00,676.739990234375,677.1300048828125,676.5449829101562,676.6300048828125,540139
2025-12-16 12:50:00-05:00,676.635009765625,676.6420288085938,676.1300048828125,676.3699951171875,476523
2025-12-16 12:55:00-05:00,676.3900146484375,676.510009765625,675.4199829101562,675.5999755859375,1377426
2025-12-16 13:00:00-05:00,675.6099853515625,675.9600219726562,674.97998046875,675.885009765625,1554130
2025-12-16 13:05:00-05:00,675.864990234375,676.010009765625,675.0599975585938,675.7550048828125,1134995
2025-12-16 13:10:00-05:00,675.7487182617188,676.0700073242188,675.22998046875,676.0499877929688,797117
2025-12-16 13:15:00-05:00,676.0399780273438,676.0800170898438,675.3599243164062,675.530029296875,605670
2025-12-16 13:20:00-05:00,675.530029296875,676.0349731445312,675.3400268554688,676.0050048828125,569267
2025-12-16 13:25:00-05:00,676.010009765625,676.2000122070312,675.4349975585938,675.5900268554688,688581
2025-12-16 13:30:00-05:00,675.5900268554688,676.6099853515625,675.5599975585938,676.5599975585938,1067335
2025-12-16 13:35:00-05:00,676.5700073242188,677.2999877929688,676.469970703125,677.14501953125,969941
2025-12-16 13:40:00-05:00,677.1400146484375,677.9299926757812,677.1300048828125,677.8400268554688,810811
2025-12-16 13:45:00-05:00,677.8599853515625,678.3599853515625,677.780029296875,678.1799926757812,888677
2025-12-16 13:50:00-05:00,678.1699829101562,678.6099853515625,677.7050170898438,677.7999877929688,883508
2025-12-16 13:55:00-05:00,677.7999877929688,678.0382080078125,677.6400146484375,677.8599853515625,908451
2025-12-16 14:00:00-05:00,677.8499755859375,677.9000244140625,676.5,676.530029296875,1186600
2025-12-16 14:05:00-05:00,676.52001953125,676.8900146484375,676.3599853515625,676.75,1843044
2025-12-16 14:10:00-05:00,676.760009765625,676.8599853515625,676.010009765625,676.1500244140625,1117407
2025-12-16 14:15:00-05:00,676.155029296875,676.3099975585938,675.8800048828125,675.9299926757812,803968
2025-12-16 14:20:00-05:00,675.9299926757812,676.6599731445312,675.8599853515625,676.4099731445312,926803
2025-12-16 14:25:00-05:00,676.4000244140625,677.0800170898438,675.9199829101562,677.0499877929688,1106811
2025-12-16 14:30:00-05:00,677.0399780273438,677.5399780273438,676.9299926757812,677.4500122070312,856708
2025-12-16 14:35:00-05:00,677.4500122070312,677.8900146484375,677.280029296875,677.52001953125,623883
2025-12-16 14:40:00-05:00,677.5250244140625,678.1300048828125,677.22998046875,677.9349975585938,715885
2025-12-16 14:45:00-05:00,677.9500122070312,678.0899047851562,677.4901123046875,677.8350219726562,2103824
2025-12-16 14:50:00-05:00,677.8400268554688,678.5800170898438,677.7000122070312,678.1599731445312,825987
2025-12-16 14:55:00-05:00,678.1799926757812,678.2000122070312,677.8200073242188,677.9400024414062,1130280
2025-12-16 15:00:00-05:00,677.9400024414062,678.75,677.6300048828125,678.6950073242188,1761375
2025-12-16 15:05:00-05:00,678.7000122070312,678.97998046875,678.4099731445312,678.8099975585938,847178
2025-12-16 15:10:00-05:00,678.8099975585938,679.010009765625,678.2999877929688,678.3200073242188,1298503
2025-12-16 15:15:00-05:00,678.3300170898438,678.72998046875,678.260009765625,678.6699829101562,824270
2025-12-16 15:20:00-05:00,678.6649780273438,679.2550048828125,678.5750122070312,679.22998046875,901370
2025-12-16 15:25:00-05:00,679.22998046875,679.260009765625,678.97998046875,679.2000122070312,857253
2025-12-16 15:30:00-05:00,679.1950073242188,680.0,679.1699829101562,679.8098754882812,1609993
2025-12-16 15:35:00-05:00,679.7999877929688,680.5599975585938,679.7899780273438,680.0900268554688,1679542
2025-12-16 15:40:00-05:00,680.0850219726562,680.2999877929688,679.7899780273438,679.989990234375,2157198
2025-12-16 15:45:00-05:00,680.0,680.0900268554688,679.4500122070312,679.75,1385883
2025-12-16 15:50:00-05:00,679.75,680.3900146484375,679.6987915039062,679.9099731445312,2749116
2025-12-16 15:55:00-05:00,679.9000244140625,680.4099731445312,678.8200073242188,678.8599853515625,7519080
2025-12-17 09:30:00-05:00,679.8900146484375,680.4349975585938,679.1950073242188,679.7750244140625,3733321
2025-12-17 09:35:00-05:00,679.77001953125,680.0349731445312,678.7899780273438,678.7999877929688,2062901
2025-12-17 09:40:00-05:00,678.7949829101562,679.1849975585938,678.1099853515625,678.52001953125,1592042
2025-12-17 09:45:00-05:00,678.52001953125,678.8300170898438,677.5999755859375,678.5999755859375,1849526
2025-12-17 09:50:00-05:00,678.5999755859375,679.0499877929688,678.1699829101562,678.3200073242188,1166849
2025-12-17 09:55:00-05:00,678.3200073242188,679.52001953125,677.8699951171875,679.2650146484375,1013751
2025-12-17 10:00:00-05:00,679.260009765625,679.510009765625,678.5,679.0150146484375,1262146
2025-12-17 10:05:00-05:00,679.0150146484375,679.6799926757812,678.4199829101562,678.47998046875,856792
2025-12-17 10:10:00-05:00,678.489990234375,679.0399780273438,678.2100219726562,678.8699951171875,635713
2025-12-17 10:15:00-05:00,678.8800048828125,679.0599975585938,678.1500244140625,678.302001953125,556858
2025-12-17 10:20:00-05:00,678.3099975585938,679.3699951171875,678.1099853515625,678.77001953125,863666
2025-12-17 10:25:00-05:00,678.77001953125,679.3400268554688,678.1599731445312,678.9299926757812,831000
2025-12-17 10:30:00-05:00,678.9199829101562,679.1699829101562,677.9299926757812,677.9400024414062,902030
2025-12-17 10:35:00-05:00,677.9299926757812,678.0499877929688,676.780029296875,676.9500122070312,1737414
2025-12-17 10:40:00-05:00,676.9500122070312,677.2899780273438,675.594970703125,676.0399780273438,1555282
2025-12-17 10:45:00-05:00,676.030029296875,676.4199829101562,675.2100219726562,675.9349975585938,2401800
2025-12-17 10:50:00-05:00,675.9400024414062,676.1500244140625,674.5,674.7550048828125,1723372
2025-12-17 10:55:00-05:00,674.75,674.9299926757812,674.02001953125,674.5599975585938,1527204
2025-12-17 11:00:00-05:00,674.5499877929688,675.2150268554688,674.2100219726562,675.0499877929688,1371507
2025-12-17 11:05:00-05:00,675.0698852539062,675.7000122070312,674.8800048828125,675.1900024414062,1063873
2025-12-17 11:10:00-05:00,675.1799926757812,675.52001953125,673.6699829101562,673.7100219726562,1341786
2025-12-17 11:15:00-05:00,673.7000122070312,674.8800048828125,673.4299926757812,674.5698852539062,1399549
2025-12-17 11:20:00-05:00,674.5499877929688,675.2000122070312,674.0999755859375,674.72998046875,1275940
2025-12-17 11:25:00-05:00,674.719970703125,675.389892578125,674.5800170898438,674.635009765625,646202
2025-12-17 11:30:00-05:00,674.6300048828125,674.6300048828125,673.6199951171875,673.8699951171875,1113111
2025-12-17 11:35:00-05:00,673.8499755859375,674.760009765625,673.5045166015625,674.02001953125,1000862
2025-12-17 11:40:00-05:00,674.0399780273438,674.6699829101562,673.635009765625,674.3399047851562,747775
2025-12-17 11:45:00-05:00,674.3099975585938,674.739990234375,673.6199951171875,673.9600830078125,623511
2025-12-17 11:50:00-05:00,673.9600219726562,674.260009765625,673.0700073242188,673.7849731445312,1077952
2025-12-17 11:55:00-05:00,673.77001953125,674.2650146484375,673.1799926757812,674.22998046875,913041
2025-12-17 12:00:00-05:00,674.219970703125,674.489990234375,673.0800170898438,673.3400268554688,1389587
2025-12-17 12:05:00-05:00,673.3400268554688,674.0700073242188,673.3099975585938,673.3900146484375,766129
2025-12-17 12:10:00-05:00,673.3800048828125,674.239990234375,673.1900024414062,673.4000244140625,706962
2025-12-17 12:15:00-05:00,673.39501953125,674.594970703125,673.1799926757812,674.139892578125,780469
2025-12-17 12:20:00-05:00,674.1300048828125,675.0399780273438,674.0999755859375,674.99560546875,538930
2025-12-17 12:25:00-05:00,675.02001953125,675.0499877929688,674.030029296875,674.1500244140625,693677
2025-12-17 12:30:00-05:00,674.1599731445312,675.0700073242188,674.094970703125,674.4199829101562,530960
2025-12-17 12:35:00-05:00,674.4099731445312,674.7449951171875,673.8400268554688,673.853515625,419733
2025-12-17 12:40:00-05:00,673.8499755859375,674.4299926757812,673.469970703125,673.5999755859375,584632
2025-12-17 12:45:00-05:00,673.6099853515625,673.6699829101562,673.0,673.47998046875,847431
2025-12-17 12:50:00-05:00,673.47802734375,674.0999755859375,673.385009765625,673.5150146484375,709552
2025-12-17 12:55:00-05:00,673.510009765625,674.0599975585938,673.5050048828125,673.7999877929688,424543
2025-12-17 13:00:00-05:00,673.8099975585938,674.7617797851562,673.8099975585938,674.469970703125,496823
2025-12-17 13:05:00-05:00,674.469970703125,674.8765258789062,674.1900024414062,674.2000122070312,535474
2025-12-17 13:10:00-05:00,674.2100219726562,674.2100219726562,673.375,673.4398803710938,574331
2025-12-17 13:15:00-05:00,673.4199829101562,673.6300048828125,673.0800170898438,673.2050170898438,847461
2025-12-17 13:20:00-05:00,673.2100219726562,673.719970703125,673.02001953125,673.5900268554688,746893
2025-12-17 13:25:00-05:00,673.5750122070312,673.7664794921875,673.2100219726562,673.3699951171875,665732
2025-12-17 13:30:00-05:00,673.3599853515625,673.4099731445312,673.010009765625,673.3099975585938,535204
2025-12-17 13:35:00-05:00,673.3099975585938,673.6199951171875,672.8151245117188,672.8800048828125,901382
2025-12-17 13:40:00-05:00,672.8599853515625,672.97998046875,672.0800170898438,672.7100219726562,1696925
2025-12-17 13:45:00-05:00,672.7100219726562,673.010009765625,672.1998901367188,672.4749755859375,879811
2025-12-17 13:50:00-05:00,672.4600219726562,672.719970703125,672.1599731445312,672.3200073242188,865807
2025-12-17 13:55:00-05:00,672.3200073242188,672.6599731445312,672.2000122070312,672.5549926757812,1619051
2025-12-17 14:00:00-05:00,672.5549926757812,672.7550048828125,672.0549926757812,672.2899780273438,1032822
2025-12-17 14:05:00-05:00,672.2899780273438,672.6500244140625,672.239990234375,672.3900146484375,928433
2025-12-17 14:10:00-05:00,672.3900146484375,672.8699951171875,672.239990234375,672.6500244140625,948118
2025-12-17 14:15:00-05:00,672.6400146484375,673.0,672.5999755859375,672.7000122070312,994624
2025-12-17 14:20:00-05:00,672.6900024414062,672.9299926757812,672.3350219726562,672.75,900591
2025-12-17 14:25:00-05:00,672.75,672.8400268554688,672.3300170898438,672.469970703125,710351
2025-12-17 14:30:00-05:00,672.4600219726562,672.8699951171875,672.219970703125,672.2999877929688,1012054
2025-12-17 14:35:00-05:00,672.280029296875,672.780029296875,672.219970703125,672.7045288085938,706080
2025-12-17 14:40:00-05:00,672.7000122070312,672.9199829101562,672.489990234375,672.7100219726562,1063235
2025-12-17 14:45:00-05:00,672.7100219726562,672.9500122070312,672.5900268554688,672.8599853515625,653776
2025-12-17 14:50:00-05:00,672.8599853515625,673.219970703125,672.614990234375,673.1199951171875,1241300
2025-12-17 14:55:00-05:00,673.1199951171875,673.2977905273438,672.97998046875,673.1300048828125,886779
2025-12-17 15:00:00-05:00,673.1199951171875,673.3200073242188,672.5700073242188,672.6500244140625,971574
2025-12-17 15:05:00-05:00,672.6500244140625,672.8099975585938,672.4149780273438,672.5850219726562,1225475
2025-12-17 15:10:00-05:00,672.6099853515625,672.9400024414062,672.510009765625,672.7899780273438,847526
2025-12-17 15:15:00-05:00,672.760009765625,673.239990234375,672.75,672.9000244140625,1009873
2025-12-17 15:20:00-05:00,672.8900146484375,673.0250244140625,672.8099975585938,672.9500122070312,776117
2025-12-17 15:25:00-05:00,672.9500122070312,672.9500122070312,672.239990234375,672.52001953125,955933
2025-12-17 15:30:00-05:00,672.530029296875,672.780029296875,671.9500122070312,672.510009765625,1254687
2025-12-17 15:35:00-05:00,672.5,672.5599975585938,672.1749877929688,672.2349853515625,930021
2025-12-17 15:40:00-05:00,672.239990234375,672.9000244140625,672.1799926757812,672.7899780273438,1363198
2025-12-17 15:45:00-05:00,672.7899780273438,672.97998046875,672.47998046875,672.969970703125,1334256
2025-12-17 15:50:00-05:00,672.9500122070312,673.0,671.6099853515625,671.7949829101562,5848603
2025-12-17 15:55:00-05:00,671.7899780273438,671.7899780273438,671.1950073242188,671.2999877929688,6607758
2025-12-18 09:30:00-05:00,677.5,678.5900268554688,677.4500122070312,677.8099975585938,5984950
2025-12-18 09:35:00-05:00,677.8200073242188,677.8599853515625,676.5900268554688,676.9749755859375,1806034
2025-12-18 09:40:00-05:00,676.97998046875,677.2100219726562,676.0800170898438,676.280029296875,1670605
2025-12-18 09:45:00-05:00,676.280029296875,677.0499877929688,675.6900024414062,676.2000122070312,1830776
2025-12-18 09:50:00-05:00,676.2000122070312,677.7000122070312,675.9099731445312,677.5499877929688,1413634
2025-12-18 09:55:00-05:00,677.5599975585938,678.3099975585938,677.219970703125,678.0599975585938,1423928
2025-12-18 10:00:00-05:00,678.0599975585938,678.4401245117188,677.8499755859375,678.1400146484375,1359848
2025-12-18 10:05:00-05:00,678.1500244140625,678.24951171875,677.27001953125,677.469970703125,895910
2025-12-18 10:10:00-05:00,677.47998046875,677.5800170898438,676.2799072265625,676.739990234375,1294499
2025-12-18 10:15:00-05:00,676.739990234375,677.030029296875,676.1400146484375,676.5499877929688,949056
2025-12-18 10:20:00-05:00,676.5449829101562,678.3900146484375,676.1600952148438,678.3099975585938,1029204
2025-12-18 10:25:00-05:00,678.309814453125,679.1099853515625,678.1699829101562,679.010009765625,2212408
2025-12-18 10:30:00-05:00,679.010009765625,679.5800170898438,678.6799926757812,679.5599975585938,1269534
2025-12-18 10:35:00-05:00,679.5599975585938,680.5599975585938,679.1500244140625,680.22998046875,1722412
2025-12-18 10:40:00-05:00,680.25,680.5999755859375,679.9149780273438,680.4600219726562,1365874
2025-12-18 10:45:00-05:00,680.4600219726562,680.52001953125,679.875,680.0902709960938,1301666
2025-12-18 10:50:00-05:00,680.0999755859375,680.3499755859375,679.7100219726562,679.9500122070312,991549
2025-12-18 10:55:00-05:00,679.9500122070312,680.1199951171875,679.6649780273438,680.0300903320312,693753
2025-12-18 11:00:00-05:00,680.030029296875,680.3400268554688,679.8300170898438,680.27001953125,725686
2025-12-18 11:05:00-05:00,680.27001953125,680.5499877929688,680.2100219726562,680.460205078125,831968
2025-12-18 11:10:00-05:00,680.4600219726562,680.739990234375,679.9000244140625,679.9349975585938,772624
2025-12-18 11:15:00-05:00,679.9349975585938,680.3900146484375,679.8900146484375,680.0999755859375,902655
2025-12-18 11:20:00-05:00,680.10498046875,680.364990234375,679.969970703125,680.0900268554688,529512
2025-12-18 11:25:00-05:00,680.0900268554688,680.3800048828125,679.52001953125,679.7449951171875,640414
2025-12-18 11:30:00-05:00,679.739990234375,680.2000122070312,679.739990234375,680.0399780273438,640354
2025-12-18 11:35:00-05:00,680.0499877929688,680.7100219726562,680.0499877929688,680.3900146484375,1049974
2025-12-18 11:40:00-05:00,680.405029296875,680.5499877929688,680.260009765625,680.27001953125,921430
2025-12-18 11:45:00-05:00,680.260009765625,680.375,679.8099975585938,679.9500122070312,804364
2025-12-18 11:50:00-05:00,679.9400024414062,680.1799926757812,679.6649780273438,680.0,628710
2025-12-18 11:55:00-05:00,679.9849853515625,680.1400146484375,679.3250122070312,679.5599975585938,690255
2025-12-18 12:00:00-05:00,679.5499877929688,679.5706787109375,678.8099975585938,678.8400268554688,759320
2025-12-18 12:05:00-05:00,678.8400268554688,678.8900146484375,676.8300170898438,676.860107421875,2371094
2025-12-18 12:10:00-05:00,676.8499755859375,677.0900268554688,675.989990234375,676.4400024414062,2404940
2025-12-18 12:15:00-05:00,676.4199829101562,676.4400024414062,675.1900024414062,675.9299926757812,2184694
2025-12-18 12:20:00-05:00,675.9299926757812,676.5499877929688,675.1300048828125,675.260009765625,1856537
2025-12-18 12:25:00-05:00,675.27001953125,676.0,674.9000244140625,675.780029296875,1392643
2025-12-18 12:30:00-05:00,675.7899780273438,676.7849731445312,675.47998046875,676.6862182617188,1358412
2025-12-18 12:35:00-05:00,676.6900024414062,677.2899780273438,676.4299926757812,677.22998046875,932229
2025-12-18 12:40:00-05:00,677.239990234375,678.260009765625,677.239990234375,678.260009765625,1169438
2025-12-18 12:45:00-05:00,678.260009765625,678.6900024414062,677.6300048828125,677.8820190429688,1119150
2025-12-18 12:50:00-05:00,677.8510131835938,678.0700073242188,677.3201293945312,677.8599853515625,1188330
2025-12-18 12:55:00-05:00,677.8499755859375,678.3900146484375,677.4400024414062,678.3699951171875,769151
2025-12-18 13:00:00-05:00,678.3599853515625,678.3900146484375,677.5800170898438,677.6500244140625,916904
2025-12-18 13:05:00-05:00,677.6599731445312,678.4000244140625,677.6099853515625,678.3800048828125,594037
2025-12-18 13:10:00-05:00,678.3699951171875,678.8699951171875,678.1500244140625,678.3300170898438,701067
2025-12-18 13:15:00-05:00,678.3099975585938,678.6599731445312,678.2999877929688,678.510009765625,590022
2025-12-18 13:20:00-05:00,678.489990234375,678.9299926757812,678.4299926757812,678.909912109375,867804
2025-12-18 13:25:00-05:00,678.9000244140625,679.0900268554688,678.6649780273438,678.8250122070312,559437
2025-12-18 13:30:00-05:00,678.8300170898438,679.5900268554688,678.8300170898438,679.260009765625,640362
2025-12-18 13:35:00-05:00,679.260009765625,679.7000122070312,679.239990234375,679.4299926757812,587084
2025-12-18 13:40:00-05:00,679.4299926757812,679.5599975585938,678.8699951171875,678.8900146484375,466327
2025-12-18 13:45:00-05:00,678.8800048828125,678.9400024414062,678.27001953125,678.3599853515625,786432
2025-12-18 13:50:00-05:00,678.3699951171875,678.77001953125,678.0399780273438,678.22998046875,883646
2025-12-18 13:55:00-05:00,678.219970703125,678.6699829101562,678.094970703125,678.2750244140625,564768
2025-12-18 14:00:00-05:00,678.22998046875,678.3099975585938,676.719970703125,676.7999877929688,1393211
2025-12-18 14:05:00-05:00,676.77001953125,677.9000244140625,676.5900268554688,677.8300170898438,1473384
2025-12-18 14:10:00-05:00,677.8400268554688,678.2000122070312,677.280029296875,677.4650268554688,1088304
2025-12-18 14:15:00-05:00,677.469970703125,677.47998046875,676.8900146484375,677.0399780273438,752480
2025-12-18 14:20:00-05:00,677.0499877929688,677.3099975585938,676.739990234375,676.8900146484375,868576
2025-12-18 14:25:00-05:00,676.8900146484375,677.25,676.6699829101562,677.1500244140625,1256643
2025-12-18 14:30:00-05:00,677.1599731445312,677.2999877929688,676.3599853515625,676.4000244140625,802444
2025-12-18 14:35:00-05:00,676.3699951171875,676.780029296875,676.280029296875,676.6900024414062,950640
2025-12-18 14:40:00-05:00,676.6699829101562,676.989990234375,676.1900024414062,676.3200073242188,778943
2025-12-18 14:45:00-05:00,676.3150024414062,676.9600219726562,676.0800170898438,676.9600219726562,890716
2025-12-18 14:50:00-05:00,676.969970703125,677.3099975585938,676.1900024414062,676.3250122070312,1057055
2025-12-18 14:55:00-05:00,676.3300170898438,676.3400268554688,675.3200073242188,675.719970703125,1287568
2025-12-18 15:00:00-05:00,675.7100219726562,676.7999877929688,675.4500122070312,676.7899780273438,1207566
2025-12-18 15:05:00-05:00,676.7999877929688,677.1199951171875,676.4500122070312,676.6799926757812,1273461
2025-12-18 15:10:00-05:00,676.6900024414062,677.4199829101562,676.6300048828125,677.3699951171875,981353
2025-12-18 15:15:00-05:00,677.3699951171875,677.6298828125,676.8699951171875,677.5700073242188,1532001
2025-12-18 15:20:00-05:00,677.5756225585938,677.7899780273438,677.22998046875,677.72998046875,1041785
2025-12-18 15:25:00-05:00,677.72998046875,677.8499755859375,677.2999877929688,677.6300048828125,1140109
2025-12-18 15:30:00-05:00,677.6199951171875,678.219970703125,677.3900146484375,678.1900024414062,1222697
2025-12-18 15:35:00-05:00,678.2000122070312,678.3900146484375,677.6300048828125,677.77001953125,1261902
2025-12-18 15:40:00-05:00,677.760009765625,678.260009765625,677.52001953125,678.1699829101562,1789843
2025-12-18 15:45:00-05:00,678.1500244140625,678.5499877929688,677.9149780273438,678.3300170898438,3315231
2025-12-18 15:50:00-05:00,678.3300170898438,678.52001953125,677.1649780273438,677.3300170898438,3045642
2025-12-18 15:55:00-05:00,677.3200073242188,677.4400024414062,676.4099731445312,676.47998046875,5207235
2025-12-19 09:30:00-05:00,676.5900268554688,678.22998046875,676.469970703125,678.2199096679688,4258704
2025-12-19 09:35:00-05:00,678.22998046875,678.3300170898438,677.3400268554688,678.0700073242188,4218030
2025-12-19 09:40:00-05:00,678.0700073242188,679.4149780273438,677.760009765625,679.4099731445312,2081789
2025-12-19 09:45:00-05:00,679.4099731445312,679.6099853515625,678.7999877929688,679.0499877929688,2115927
2025-12-19 09:50:00-05:00,679.0499877929688,679.6900024414062,679.0349731445312,679.280029296875,1240600
2025-12-19 09:55:00-05:00,679.280029296875,679.9099731445312,679.030029296875,679.8200073242188,1241488
2025-12-19 10:00:00-05:00,679.8099975585938,680.52001953125,679.713623046875,680.110107421875,1783689
2025-12-19 10:05:00-05:00,680.1199951171875,680.1199951171875,679.2199096679688,679.7379760742188,1491258
2025-12-19 10:10:00-05:00,679.760009765625,679.7999877929688,679.2100219726562,679.5800170898438,1100529
2025-12-19 10:15:00-05:00,679.5900268554688,679.97998046875,679.2620239257812,679.5599975585938,988720
2025-12-19 10:20:00-05:00,679.5549926757812,679.6799926757812,679.010009765625,679.1099853515625,897983
2025-12-19 10:25:00-05:00,679.0999755859375,679.4500122070312,678.4500122070312,679.1900024414062,1268516
2025-12-19 10:30:00-05:00,679.1900024414062,679.9099731445312,678.7000122070312,679.530029296875,1234994
2025-12-19 10:35:00-05:00,679.530029296875,680.114990234375,679.52001953125,680.0700073242188,905164
2025-12-19 10:40:00-05:00,680.0700073242188,680.1099853515625,679.1599731445312,679.25,1419548
2025-12-19 10:45:00-05:00,679.27001953125,679.4400024414062,678.6599731445312,678.7301025390625,1192810
2025-12-19 10:50:00-05:00,678.739990234375,679.3599243164062,678.72998046875,679.1900024414062,1094626
2025-12-19 10:55:00-05:00,679.1799926757812,679.2449951171875,678.8250122070312,678.97998046875,835327
2025-12-19 11:00:00-05:00,678.969970703125,679.49951171875,678.5599975585938,679.4000244140625,5551193
2025-12-19 11:05:00-05:00,679.39501953125,679.969970703125,679.27001953125,679.719970703125,584743
2025-12-19 11:10:00-05:00,679.719970703125,680.2750244140625,679.510009765625,679.6500244140625,1293280
2025-12-19 11:15:00-05:00,679.6699829101562,680.114990234375,679.4500122070312,679.989990234375,594733
2025-12-19 11:20:00-05:00,679.989990234375,680.0599975585938,679.6799926757812,679.780029296875,743488
2025-12-19 11:25:00-05:00,679.780029296875,680.219970703125,679.780029296875,680.1699829101562,597447
2025-12-19 11:30:00-05:00,680.1900024414062,680.530029296875,680.114990234375,680.22998046875,884730
2025-12-19 11:35:00-05:00,680.22998046875,680.3099975585938,679.9199829101562,679.9400024414062,702135
2025-12-19 11:40:00-05:00,679.9400024414062,680.369873046875,679.7849731445312,679.7849731445312,571614
2025-12-19 11:45:00-05:00,679.7949829101562,679.9600219726562,679.3400268554688,679.4600219726562,758140
2025-12-19 11:50:00-05:00,679.4600219726562,680.1749877929688,679.3499755859375,680.010009765625,640445
2025-12-19 11:55:00-05:00,680.010009765625,680.1500244140625,679.5999755859375,679.6950073242188,454123
2025-12-19 12:00:00-05:00,679.7000122070312,680.2249755859375,679.6300048828125,680.0800170898438,751863
2025-12-19 12:05:00-05:00,680.0750122070312,680.1849975585938,679.9400024414062,680.1121215820312,520465
2025-12-19 12:10:00-05:00,680.114990234375,680.15869140625,679.9000244140625,680.1400146484375,405650
2025-12-19 12:15:00-05:00,680.1500244140625,680.739990234375,680.1500244140625,680.510009765625,999926
2025-12-19 12:20:00-05:00,680.5050048828125,680.8350219726562,680.489990234375,680.7999877929688,612053
2025-12-19 12:25:00-05:00,680.8099975585938,680.8200073242188,680.5999755859375,680.6799926757812,573306
2025-12-19 12:30:00-05:00,680.6900024414062,680.6900024414062,680.3800048828125,680.4749755859375,457098
2025-12-19 12:35:00-05:00,680.469970703125,680.8200073242188,680.3099975585938,680.77001953125,668996
2025-12-19 12:40:00-05:00,680.77001953125,680.8049926757812,680.405029296875,680.4749755859375,518215
2025-12-19 12:45:00-05:00,680.47998046875,680.6799926757812,680.3499755859375,680.5900268554688,423813
2025-12-19 12:50:00-05:00,680.5900268554688,680.989990234375,680.5850219726562,680.9600219726562,543916
2025-12-19 12:55:00-05:00,680.9500122070312,681.0579833984375,680.6400146484375,680.655029296875,579214
2025-12-19 13:00:00-05:00,680.655029296875,680.7999877929688,680.469970703125,680.739990234375,538433
2025-12-19 13:05:00-05:00,680.7349853515625,680.909912109375,680.6799926757812,680.760009765625,418026
2025-12-19 13:10:00-05:00,680.760009765625,680.9949951171875,680.760009765625,680.9199829101562,367390
2025-12-19 13:15:00-05:00,680.9249877929688,681.0900268554688,680.8900146484375,681.0399780273438,399533
2025-12-19 13:20:00-05:00,681.0399780273438,681.0449829101562,680.6400146484375,680.6500244140625,444316
2025-12-19 13:25:00-05:00,680.6500244140625,680.8699951171875,680.6400146484375,680.75,358265
2025-12-19 13:30:00-05:00,680.77001953125,680.8599853515625,680.5399780273438,680.5700073242188,469169
2025-12-19 13:35:00-05:00,680.5700073242188,680.719970703125,680.4299926757812,680.5650024414062,290285
2025-12-19 13:40:00-05:00,680.5700073242188,680.5700073242188,680.1799926757812,680.3599853515625,899703
2025-12-19 13:45:00-05:00,680.3790283203125,680.3900146484375,680.1699829101562,680.3049926757812,350382
2025-12-19 13:50:00-05:00,680.3084716796875,680.60498046875,680.239990234375,680.469970703125,364247
2025-12-19 13:55:00-05:00,680.4644165039062,680.5,680.1882934570312,680.2249755859375,348697
2025-12-19 14:00:00-05:00,680.219970703125,680.6799926757812,680.219970703125,680.5349731445312,539376
2025-12-19 14:05:00-05:00,680.5300903320312,680.6400146484375,680.3200073242188,680.4199829101562,765250
2025-12-19 14:10:00-05:00,680.4149780273438,680.760009765625,680.3900146484375,680.5899047851562,402080
2025-12-19 14:15:00-05:00,680.5900268554688,680.7349853515625,680.469970703125,680.6900024414062,399006
2025-12-19 14:20:00-05:00,680.6799926757812,680.7650146484375,680.5700073242188,680.7449951171875,349881
2025-12-19 14:25:00-05:00,680.75,680.7999877929688,680.5999755859375,680.6400146484375,370053
2025-12-19 14:30:00-05:00,680.6400146484375,680.8400268554688,680.52001953125,680.75,478772
2025-12-19 14:35:00-05:00,680.7449951171875,680.9398803710938,680.6799926757812,680.719970703125,642399
2025-12-19 14:40:00-05:00,680.7150268554688,680.885009765625,680.6264038085938,680.7901000976562,407314
2025-12-19 14:45:00-05:00,680.7999877929688,681.0,680.77001953125,680.8643798828125,555235
2025-12-19 14:50:00-05:00,680.864990234375,680.9500122070312,680.72998046875,680.8099975585938,943855
2025-12-19 14:55:00-05:00,680.7899780273438,680.9400024414062,680.5449829101562,680.5900268554688,629077
2025-12-19 15:00:00-05:00,680.5900268554688,680.8300170898438,680.4849853515625,680.5399780273438,891469
2025-12-19 15:05:00-05:00,680.5499877929688,680.655029296875,680.4739990234375,680.530029296875,682186
2025-12-19 15:10:00-05:00,680.530029296875,680.739990234375,680.3599853515625,680.4400024414062,948918
2025-12-19 15:15:00-05:00,680.4299926757812,680.5399780273438,680.3400268554688,680.4400024414062,711343
2025-12-19 15:20:00-05:00,680.4450073242188,680.72998046875,680.4199829101562,680.6799926757812,831034
2025-12-19 15:25:00-05:00,680.6799926757812,680.7449951171875,680.4133911132812,680.4849853515625,1180506
2025-12-19 15:30:00-05:00,680.489990234375,680.6649780273438,680.280029296875,680.385009765625,1029050
2025-12-19 15:35:00-05:00,680.3900146484375,680.5050048828125,680.260009765625,680.3200073242188,1326253
2025-12-19 15:40:00-05:00,680.3099975585938,680.385009765625,679.6099853515625,679.9400024414062,1410199
2025-12-19 15:45:00-05:00,679.9400024414062,680.1798706054688,679.8499755859375,679.969970703125,2616900
2025-12-19 15:50:00-05:00,679.9600219726562,680.719970703125,679.6799926757812,680.4998779296875,4090604
2025-12-19 15:55:00-05:00,680.47998046875,680.6900024414062,679.97998046875,680.5900268554688,8587700
2025-12-22 09:30:00-05:00,683.9400024414062,684.530029296875,683.3800048828125,683.6699829101562,3343280
2025-12-22 09:35:00-05:00,683.6699829101562,683.9299926757812,683.1599731445312,683.2899780273438,1403291
2025-12-22 09:40:00-05:00,683.2999877929688,683.5250244140625,682.9400024414062,683.22998046875,1314824
2025-12-22 09:45:00-05:00,683.219970703125,683.7299194335938,683.0800170898438,683.3599853515625,1012727
2025-12-22 09:50:00-05:00,683.3599853515625,684.0599975585938,683.2849731445312,684.0,930990
2025-12-22 09:55:00-05:00,684.0150146484375,684.135009765625,683.7999877929688,683.969970703125,895338
2025-12-22 10:00:00-05:00,683.9749755859375,684.1199951171875,683.4349975585938,683.469970703125,839445
2025-12-22 10:05:00-05:00,683.469970703125,683.7714233398438,683.2449951171875,683.5499877929688,581915
2025-12-22 10:10:00-05:00,683.5800170898438,683.6099853515625,682.8900146484375,682.969970703125,738861
2025-12-22 10:15:00-05:00,682.989990234375,683.5999755859375,682.9400024414062,683.4749755859375,775284
2025-12-22 10:20:00-05:00,683.47998046875,683.8800048828125,683.3699951171875,683.7799072265625,701073
2025-12-22 10:25:00-05:00,683.77001953125,683.9299926757812,683.6099853515625,683.77001953125,492817
2025-12-22 10:30:00-05:00,683.77001953125,683.989990234375,683.4600830078125,683.489990234375,564546
2025-12-22 10:35:00-05:00,683.489990234375,683.489990234375,682.6799926757812,682.8800048828125,1063103
2025-12-22 10:40:00-05:00,682.8900146484375,683.7899780273438,682.8543701171875,683.719970703125,844902
2025-12-22 10:45:00-05:00,683.719970703125,683.9099731445312,683.6699829101562,683.8200073242188,710531
2025-12-22 10:50:00-05:00,683.8200073242188,683.9400024414062,683.5800170898438,683.8200073242188,503782
2025-12-22 10:55:00-05:00,683.8300170898438,683.97998046875,683.6199951171875,683.6500244140625,519330
2025-12-22 11:00:00-05:00,683.6400146484375,683.9749755859375,683.6400146484375,683.8499755859375,374242
2025-12-22 11:05:00-05:00,683.85498046875,684.25,683.8300170898438,684.1900024414062,571661
2025-12-22 11:10:00-05:00,684.219970703125,684.6699829101562,684.1699829101562,684.64501953125,743755
2025-12-22 11:15:00-05:00,684.6400146484375,684.9149780273438,684.5700073242188,684.8400268554688,783228
2025-12-22 11:20:00-05:00,684.8499755859375,684.9749755859375,684.719970703125,684.75,922787
2025-12-22 11:25:00-05:00,684.760009765625,684.9199829101562,684.530029296875,684.6699829101562,660210
2025-12-22 11:30:00-05:00,684.6699829101562,684.780029296875,684.4400024414062,684.47998046875,563158
2025-12-22 11:35:00-05:00,684.489990234375,684.7399291992188,684.4500122070312,684.5001220703125,526042
2025-12-22 11:40:00-05:00,684.489990234375,684.719970703125,684.3599853515625,684.3699951171875,326217
2025-12-22 11:45:00-05:00,684.3699951171875,684.6500244140625,684.3599853515625,684.4901123046875,450514
2025-12-22 11:50:00-05:00,684.5,684.7449951171875,684.5,684.7100830078125,323934
2025-12-22 11:55:00-05:00,684.7100219726562,684.9500122070312,684.6799926757812,684.9500122070312,515604
2025-12-22 12:00:00-05:00,684.9600219726562,685.0800170898438,684.780029296875,684.864990234375,574312
2025-12-22 12:05:00-05:00,684.8699951171875,684.9199829101562,684.6749877929688,684.739990234375,467495
2025-12-22 12:10:00-05:00,684.7349853515625,684.9400024414062,684.6799926757812,684.8049926757812,471749
2025-12-22 12:15:00-05:00,684.8099975585938,684.9650268554688,684.7999877929688,684.8400268554688,441796
2025-12-22 12:20:00-05:00,684.8350219726562,684.8699951171875,684.6900024414062,684.6900024414062,349669
2025-12-22 12:25:00-05:00,684.6799926757812,684.7449951171875,684.52001953125,684.6500244140625,576636
2025-12-22 12:30:00-05:00,684.6500244140625,684.8300170898438,684.5599975585938,684.6099853515625,329043
2025-12-22 12:35:00-05:00,684.6099853515625,684.760009765625,684.5999755859375,684.6799926757812,348618
2025-12-22 12:40:00-05:00,684.6900024414062,684.9299926757812,684.594970703125,684.7899780273438,420541
2025-12-22 12:45:00-05:00,684.7899780273438,684.885009765625,684.6849975585938,684.780029296875,282408
2025-12-22 12:50:00-05:00,684.780029296875,685.2000122070312,684.760009765625,685.1199951171875,726728
2025-12-22 12:55:00-05:00,685.1199951171875,685.3599853515625,685.0999755859375,685.2100219726562,539962
2025-12-22 13:00:00-05:00,685.2100219726562,685.219970703125,685.02001953125,685.0250244140625,427115
2025-12-22 13:05:00-05:00,685.0250244140625,685.030029296875,684.8936157226562,684.919921875,540261
2025-12-22 13:10:00-05:00,684.919921875,684.9600219726562,684.780029296875,684.8099975585938,403989
2025-12-22 13:15:00-05:00,684.8099975585938,684.8400268554688,684.5999755859375,684.739990234375,546345
2025-12-22 13:20:00-05:00,684.72998046875,684.7498779296875,684.5399780273438,684.5499877929688,407870
2025-12-22 13:25:00-05:00,684.5435791015625,684.760009765625,684.3499755859375,684.7150268554688,651825
2025-12-22 13:30:00-05:00,684.7100219726562,684.9099731445312,684.7100219726562,684.72998046875,404529
2025-12-22 13:35:00-05:00,684.719970703125,684.8400268554688,684.6300048828125,684.7999877929688,238528
2025-12-22 13:40:00-05:00,684.7999877929688,684.9000244140625,684.6849975585938,684.75,250780
2025-12-22 13:45:00-05:00,684.739990234375,684.780029296875,684.6035766601562,684.655029296875,256658
2025-12-22 13:50:00-05:00,684.655029296875,684.6799926757812,684.3699951171875,684.39501953125,399166
2025-12-22 13:55:00-05:00,684.3900146484375,684.6599731445312,684.3800048828125,684.5050048828125,382072
2025-12-22 14:00:00-05:00,684.5,684.5700073242188,684.3300170898438,684.3800048828125,293878
2025-12-22 14:05:00-05:00,684.38037109375,684.469970703125,684.25,684.364990234375,500591
2025-12-22 14:10:00-05:00,684.3499755859375,684.364990234375,684.2150268554688,684.2999877929688,400141
2025-12-22 14:15:00-05:00,684.2999877929688,684.4400024414062,684.2050170898438,684.4299926757812,453749
2025-12-22 14:20:00-05:00,684.4299926757812,684.614990234375,684.3400268554688,684.5700073242188,656803
2025-12-22 14:25:00-05:00,684.5650024414062,684.75,684.530029296875,684.719970703125,437574
2025-12-22 14:30:00-05:00,684.72998046875,685.010009765625,684.719970703125,684.8099975585938,663922
2025-12-22 14:35:00-05:00,684.8099975585938,684.9998779296875,684.8049926757812,684.8400268554688,419541
2025-12-22 14:40:00-05:00,684.8499755859375,684.8865966796875,684.719970703125,684.739990234375,547583
2025-12-22 14:45:00-05:00,684.739990234375,684.8599853515625,684.6950073242188,684.739990234375,925171
2025-12-22 14:50:00-05:00,684.75,684.8400268554688,684.6799926757812,684.6799926757812,366142
2025-12-22 14:55:00-05:00,684.6799926757812,684.8099975585938,684.6649780273438,684.7899780273438,422098
2025-12-22 15:00:00-05:00,684.7899780273438,684.9600219726562,684.760009765625,684.8444213867188,510148
2025-12-22 15:05:00-05:00,684.844970703125,684.8798828125,684.6649780273438,684.6799926757812,503021
2025-12-22 15:10:00-05:00,684.6900024414062,684.9099731445312,684.6799926757812,684.760009765625,1128207
2025-12-22 15:15:00-05:00,684.760009765625,685.0399780273438,684.7100219726562,684.9949951171875,880831
2025-12-22 15:20:00-05:00,684.9949951171875,685.0399780273438,684.8499755859375,684.9149780273438,726788
2025-12-22 15:25:00-05:00,684.9149780273438,684.97998046875,684.8300170898438,684.9249877929688,775153
2025-12-22 15:30:00-05:00,684.9249877929688,685.0499877929688,684.9199829101562,685.0250244140625,825244
2025-12-22 15:35:00-05:00,685.030029296875,685.14990234375,684.9000244140625,685.0,1749955
2025-12-22 15:40:00-05:00,685.0050048828125,685.02001953125,684.875,684.9149780273438,799107
2025-12-22 15:45:00-05:00,684.915771484375,684.9600219726562,684.6900024414062,684.8099975585938,1583033
2025-12-22 15:50:00-05:00,684.7999877929688,685.0,684.6099853515625,685.0,2612096
2025-12-22 15:55:00-05:00,685.0,685.0449829101562,684.6900024414062,684.7899780273438,3218171
2025-12-23 09:30:00-05:00,683.9199829101562,685.6099853515625,683.8699951171875,685.02001953125,2540153
2025-12-23 09:35:00-05:00,685.02001953125,685.4600219726562,684.7899780273438,685.375,969469
2025-12-23 09:40:00-05:00,685.3800048828125,685.7999877929688,685.22998046875,685.7750244140625,832207
2025-12-23 09:45:00-05:00,685.780029296875,686.25,685.72998046875,685.9349975585938,1013931
2025-12-23 09:50:00-05:00,685.9199829101562,686.10498046875,685.5599975585938,685.6599731445312,728600
2025-12-23 09:55:00-05:00,685.6500244140625,685.7000122070312,685.0999755859375,685.4099731445312,883928
2025-12-23 10:00:00-05:00,685.4100952148438,685.489990234375,684.4600219726562,684.5499877929688,1259109
2025-12-23 10:05:00-05:00,684.5499877929688,684.89501953125,684.3599853515625,684.8599853515625,1018833
2025-12-23 10:10:00-05:00,684.8699951171875,685.0900268554688,684.3800048828125,684.760009765625,1102904
2025-12-23 10:15:00-05:00,684.75,685.3699951171875,684.739990234375,685.260009765625,689540
2025-12-23 10:20:00-05:00,685.260009765625,685.5650024414062,685.2399291992188,685.489990234375,598277
2025-12-23 10:25:00-05:00,685.489990234375,685.5499877929688,685.1300048828125,685.239990234375,550838
2025-12-23 10:30:00-05:00,685.239990234375,685.6500244140625,685.2302856445312,685.6361083984375,458146
2025-12-23 10:35:00-05:00,685.6400146484375,686.02001953125,685.6099853515625,685.9500122070312,775696
2025-12-23 10:40:00-05:00,685.9450073242188,686.1849975585938,685.905029296875,686.0999755859375,717601
2025-12-23 10:45:00-05:00,686.0999755859375,686.1987915039062,685.8599853515625,686.1497802734375,840680
2025-12-23 10:50:00-05:00,686.1436767578125,686.2449951171875,686.030029296875,686.1400146484375,603064
2025-12-23 10:55:00-05:00,686.135009765625,686.4849853515625,685.9699096679688,686.3200073242188,649444
2025-12-23 11:00:00-05:00,686.3300170898438,686.6300048828125,686.2550048828125,686.4299926757812,1179875
2025-12-23 11:05:00-05:00,686.4349975585938,686.5900268554688,686.3231811523438,686.3800048828125,508737
2025-12-23 11:10:00-05:00,686.3900146484375,686.5,686.27001953125,686.4500122070312,611812
2025-12-23 11:15:00-05:00,686.4500122070312,686.6900024414062,686.4500122070312,686.655029296875,606013
2025-12-23 11:20:00-05:00,686.6599731445312,686.6799926757812,686.47998046875,686.594970703125,451524
2025-12-23 11:25:00-05:00,686.5900268554688,686.739990234375,686.4600219726562,686.4920043945312,542343
2025-12-23 11:30:00-05:00,686.4949951171875,686.5499877929688,686.4199829101562,686.469970703125,499763
2025-12-23 11:35:00-05:00,686.4749755859375,686.5499877929688,686.3599853515625,686.5,400470
2025-12-23 11:40:00-05:00,686.5,686.7849731445312,686.469970703125,686.6900024414062,329747
2025-12-23 11:45:00-05:00,686.6950073242188,686.8200073242188,686.655029296875,686.75,362491
2025-12-23 11:50:00-05:00,686.760009765625,686.9650268554688,686.72998046875,686.89501953125,728986
2025-12-23 11:55:00-05:00,686.9000244140625,687.0087890625,686.7949829101562,686.8900146484375,452256
2025-12-23 12:00:00-05:00,686.9000244140625,686.969970703125,686.6599731445312,686.875,621575
2025-12-23 12:05:00-05:00,686.875,686.989990234375,686.844970703125,686.9550170898438,334508
2025-12-23 12:10:00-05:00,686.9600219726562,687.0200805664062,686.8900756835938,686.9400024414062,443655
2025-12-23 12:15:00-05:00,686.9450073242188,687.030029296875,686.8699951171875,686.9849853515625,508122
2025-12-23 12:20:00-05:00,686.989990234375,687.219970703125,686.9849853515625,687.1199951171875,554119
2025-12-23 12:25:00-05:00,687.1300048828125,687.1500244140625,687.0166015625,687.0700073242188,886440
2025-12-23 12:30:00-05:00,687.0599975585938,687.19970703125,686.8900146484375,687.0,577578
2025-12-23 12:35:00-05:00,687.0,687.1500244140625,686.9450073242188,687.0850219726562,448003
2025-12-23 12:40:00-05:00,687.0800170898438,687.094970703125,686.969970703125,687.0449829101562,335304
2025-12-23 12:45:00-05:00,687.0399780273438,687.1199951171875,686.9000244140625,686.9199829101562,859140
2025-12-23 12:50:00-05:00,686.9199829101562,687.04052734375,686.7899780273438,686.9749755859375,2110991
2025-12-23 12:55:00-05:00,686.969970703125,687.10498046875,686.9299926757812,686.9849853515625,401066
2025-12-23 13:00:00-05:00,686.989990234375,687.1199951171875,686.9199829101562,686.9500122070312,268591
2025-12-23 13:05:00-05:00,686.9500122070312,687.35498046875,686.9498291015625,687.2999267578125,689690
2025-12-23 13:10:00-05:00,687.2999877929688,687.3599853515625,687.1799926757812,687.3400268554688,447083
2025-12-23 13:15:00-05:00,687.3400268554688,687.4099731445312,687.2650146484375,687.3916015625,346623
2025-12-23 13:20:00-05:00,687.4000244140625,687.7299194335938,687.3900146484375,687.5999755859375,813937
2025-12-23 13:25:00-05:00,687.5999755859375,687.6500244140625,687.4600219726562,687.5449829101562,442002
2025-12-23 13:30:00-05:00,687.5499877929688,687.7000122070312,687.5250244140625,687.625,425216
2025-12-23 13:35:00-05:00,687.625,687.6500244140625,687.5399780273438,687.635009765625,443722
2025-12-23 13:40:00-05:00,687.6336059570312,687.6699829101562,687.5700073242188,687.6599731445312,384070
2025-12-23 13:45:00-05:00,687.6599731445312,687.7000122070312,687.5800170898438,687.6099853515625,684019
2025-12-23 13:50:00-05:00,687.6099853515625,687.6799926757812,687.530029296875,687.5850219726562,283854
2025-12-23 13:55:00-05:00,687.5900268554688,687.6199951171875,687.510009765625,687.530029296875,386637
2025-12-23 14:00:00-05:00,687.530029296875,687.72998046875,687.4949951171875,687.719970703125,553399
2025-12-23 14:05:00-05:00,687.719970703125,687.8250122070312,687.6500244140625,687.7412109375,497055
2025-12-23 14:10:00-05:00,687.739990234375,687.8200073242188,687.7000122070312,687.7097778320312,324652
2025-12-23 14:15:00-05:00,687.7050170898438,687.8499755859375,687.7000122070312,687.8400268554688,462937
2025-12-23 14:20:00-05:00,687.8400268554688,687.9099731445312,687.7899780273438,687.8198852539062,437980
2025-12-23 14:25:00-05:00,687.8099975585938,687.9199829101562,687.7700805664062,687.875,675147
2025-12-23 14:30:00-05:00,687.8699951171875,687.9149780273438,687.77001953125,687.8250122070312,454886
2025-12-23 14:35:00-05:00,687.8200073242188,687.8599853515625,687.760009765625,687.7750244140625,394592
2025-12-23 14:40:00-05:00,687.780029296875,687.8200073242188,687.7100219726562,687.8200073242188,394106
2025-12-23 14:45:00-05:00,687.8200073242188,687.885009765625,687.780029296875,687.8300170898438,387817
2025-12-23 14:50:00-05:00,687.8400268554688,687.9000244140625,687.760009765625,687.89501953125,527282
2025-12-23 14:55:00-05:00,687.9000244140625,687.9299926757812,687.8200073242188,687.8350219726562,536276
2025-12-23 15:00:00-05:00,687.8350219726562,688.030029296875,687.8200073242188,687.9550170898438,805535
2025-12-23 15:05:00-05:00,687.9600219726562,687.989990234375,687.8800048828125,687.9000854492188,475050
2025-12-23 15:10:00-05:00,687.905029296875,687.989990234375,687.8400268554688,687.885009765625,730843
2025-12-23 15:15:00-05:00,687.8900146484375,687.9600219726562,687.8300170898438,687.9400024414062,879346
2025-12-23 15:20:00-05:00,687.9400024414062,688.0,687.7750244140625,687.830078125,832157
2025-12-23 15:25:00-05:00,687.8350219726562,687.9299926757812,687.7899780273438,687.8499755859375,489742
2025-12-23 15:30:00-05:00,687.8400268554688,687.9400024414062,687.7949829101562,687.9249877929688,457680
2025-12-23 15:35:00-05:00,687.9249877929688,688.0,687.8499755859375,687.9299926757812,1088600
2025-12-23 15:40:00-05:00,687.9301147460938,687.969970703125,687.72998046875,687.7449951171875,668931
2025-12-23 15:45:00-05:00,687.739990234375,687.9550170898438,687.7000122070312,687.9299926757812,984560
2025-12-23 15:50:00-05:00,687.9299926757812,688.0,687.6400146484375,687.969970703125,2529938
2025-12-23 15:55:00-05:00,687.969970703125,688.2000122070312,687.8200073242188,687.9099731445312,3994159
2025-12-24 09:30:00-05:00,687.9500122070312,688.3350219726562,687.7999877929688,688.280029296875,1597428
2025-12-24 09:35:00-05:00,688.280029296875,688.4400024414062,688.0399780273438,688.0800170898438,697400
2025-12-24 09:40:00-05:00,688.0700073242188,688.6900024414062,688.030029296875,688.280029296875,759165
2025-12-24 09:45:00-05:00,688.2750244140625,688.5,688.219970703125,688.3699951171875,563838
2025-12-24 09:50:00-05:00,688.375,688.7100219726562,688.3599853515625,688.6849975585938,769631
2025-12-24 09:55:00-05:00,688.6799926757812,688.72998046875,688.4600219726562,688.5999755859375,451196
2025-12-24 10:00:00-05:00,688.5900268554688,688.7150268554688,688.510009765625,688.6699829101562,423895
2025-12-24 10:05:00-05:00,688.6799926757812,688.9099731445312,688.64501953125,688.8599853515625,594632
2025-12-24 10:10:00-05:00,688.864990234375,689.0800170898438,688.8350219726562,689.0349731445312,1017871
2025-12-24 10:15:00-05:00,689.0349731445312,689.2150268554688,689.0,689.0850219726562,782226
2025-12-24 10:20:00-05:00,689.0800170898438,689.1599731445312,688.8200073242188,688.9400024414062,524541
2025-12-24 10:25:00-05:00,688.9400024414062,689.1900024414062,688.875,689.1649780273438,495449
2025-12-24 10:30:00-05:00,689.1599731445312,689.22998046875,689.0125122070312,689.0999755859375,516209
2025-12-24 10:35:00-05:00,689.0999755859375,689.2000122070312,689.030029296875,689.1599731445312,515134
2025-12-24 10:40:00-05:00,689.1500244140625,689.280029296875,689.0999755859375,689.25,992715
2025-12-24 10:45:00-05:00,689.2249755859375,689.2999877929688,689.1900024414062,689.280029296875,400508
2025-12-24 10:50:00-05:00,689.280029296875,689.4099731445312,689.25,689.344970703125,412704
2025-12-24 10:55:00-05:00,689.3499755859375,689.489990234375,689.2999877929688,689.469970703125,640482
2025-12-24 11:00:00-05:00,689.4650268554688,689.530029296875,689.3800048828125,689.4500122070312,2005833
2025-12-24 11:05:00-05:00,689.4450073242188,689.6599731445312,689.3699951171875,689.5650024414062,478189
2025-12-24 11:10:00-05:00,689.5650024414062,689.9039916992188,689.5650024414062,689.8900146484375,969163
2025-12-24 11:15:00-05:00,689.89501953125,689.9099731445312,689.6500244140625,689.8499755859375,571618
2025-12-24 11:20:00-05:00,689.8499755859375,689.97998046875,689.8400268554688,689.9598999023438,517616
2025-12-24 11:25:00-05:00,689.9600219726562,689.97998046875,689.85009765625,689.9650268554688,440140
2025-12-24 11:30:00-05:00,689.9650268554688,690.1500244140625,689.8892211914062,690.1400146484375,798099
2025-12-24 11:35:00-05:00,690.1400146484375,690.47998046875,690.1099853515625,690.3300170898438,955842
2025-12-24 11:40:00-05:00,690.3350219726562,690.47998046875,690.3200073242188,690.47998046875,561853
2025-12-24 11:45:00-05:00,690.469970703125,690.4849853515625,690.3400268554688,690.3701171875,502962
2025-12-24 11:50:00-05:00,690.3800048828125,690.4349975585938,690.25,690.405029296875,406997
2025-12-24 11:55:00-05:00,690.4000854492188,690.4400024414062,690.3200073242188,690.3699951171875,301481
2025-12-24 12:00:00-05:00,690.3699951171875,690.5250244140625,690.3699951171875,690.4400024414062,678711
2025-12-24 12:05:00-05:00,690.4299926757812,690.6099853515625,690.4299926757812,690.5449829101562,1499321
2025-12-24 12:10:00-05:00,690.5499877929688,690.6400146484375,690.510009765625,690.5900268554688,439482
2025-12-24 12:15:00-05:00,690.5800170898438,690.6400146484375,690.27001953125,690.3699951171875,611794
2025-12-24 12:20:00-05:00,690.3800048828125,690.5200805664062,690.2750244140625,690.2999877929688,1661362
2025-12-24 12:25:00-05:00,690.2999877929688,690.5999755859375,690.27001953125,690.5349731445312,803176
2025-12-24 12:30:00-05:00,690.5349731445312,690.8300170898438,690.5250244140625,690.739990234375,839325
2025-12-24 12:35:00-05:00,690.7349853515625,690.8062133789062,690.5599975585938,690.594970703125,608162
2025-12-24 12:40:00-05:00,690.5900268554688,690.6950073242188,690.3300170898438,690.3499755859375,903591
2025-12-24 12:45:00-05:00,690.3599853515625,690.4749755859375,690.344970703125,690.4550170898438,209762
2025-12-26 09:30:00-05:00,690.6400146484375,691.0900268554688,690.27001953125,690.9450073242188,2058013
2025-12-26 09:35:00-05:00,690.9500122070312,691.3800048828125,690.8400268554688,691.3200073242188,899289
2025-12-26 09:40:00-05:00,691.3300170898438,691.5700073242188,691.2294921875,691.5499877929688,788027
2025-12-26 09:45:00-05:00,691.5499877929688,691.6599731445312,691.1599731445312,691.22998046875,773327
2025-12-26 09:50:00-05:00,691.25,691.260009765625,690.4550170898438,690.8150024414062,1046311
2025-12-26 09:55:00-05:00,690.8200073242188,691.0,690.5499877929688,690.7750244140625,536831
2025-12-26 10:00:00-05:00,690.77001953125,690.8200073242188,689.8800048828125,690.239990234375,892282
2025-12-26 10:05:00-05:00,690.25,690.5,690.2150268554688,690.3800048828125,540861
2025-12-26 10:10:00-05:00,690.3800048828125,690.39501953125,689.75,689.9099731445312,698292
2025-12-26 10:15:00-05:00,689.9099731445312,690.3400268554688,689.6500244140625,690.2999877929688,758743
2025-12-26 10:20:00-05:00,690.3049926757812,690.7100219726562,690.1699829101562,690.6099853515625,711379
2025-12-26 10:25:00-05:00,690.614990234375,690.760009765625,690.280029296875,690.7349853515625,542657
2025-12-26 10:30:00-05:00,690.72998046875,691.0001220703125,690.52001953125,690.9000244140625,605791
2025-12-26 10:35:00-05:00,690.9099731445312,690.9949951171875,690.6400146484375,690.7000122070312,356047
2025-12-26 10:40:00-05:00,690.7100219726562,690.760009765625,690.489990234375,690.510009765625,347357
2025-12-26 10:45:00-05:00,690.52001953125,690.7899780273438,690.4400024414062,690.7199096679688,250113
2025-12-26 10:50:00-05:00,690.7100830078125,690.75,690.4000244140625,690.6300048828125,409079
2025-12-26 10:55:00-05:00,690.6300048828125,690.8699951171875,690.5050048828125,690.8250122070312,346779
2025-12-26 11:00:00-05:00,690.8250122070312,690.9600219726562,690.7550048828125,690.8900146484375,342853
2025-12-26 11:05:00-05:00,690.8900146484375,690.9400024414062,690.5,690.530029296875,442922
2025-12-26 11:10:00-05:00,690.52001953125,690.5999755859375,689.9099731445312,689.9299926757812,532369
2025-12-26 11:15:00-05:00,689.9199829101562,690.1300048828125,689.77001953125,689.989990234375,672733
2025-12-26 11:20:00-05:00,689.989990234375,690.3800048828125,689.9298706054688,690.280029296875,363150
2025-12-26 11:25:00-05:00,690.280029296875,690.344970703125,690.0850219726562,690.2640991210938,302809
2025-12-26 11:30:00-05:00,690.27001953125,690.3250122070312,690.1099853515625,690.1300048828125,240637
2025-12-26 11:35:00-05:00,690.1199951171875,690.3200073242188,690.1199951171875,690.219970703125,868717
2025-12-26 11:40:00-05:00,690.2100219726562,690.3300170898438,690.1500244140625,690.2249755859375,278156
2025-12-26 11:45:00-05:00,690.239990234375,690.2899780273438,689.8699951171875,689.8900146484375,320491
2025-12-26 11:50:00-05:00,689.8900146484375,690.094970703125,689.77001953125,690.0700073242188,318366
2025-12-26 11:55:00-05:00,690.0700073242188,690.1500244140625,689.9400024414062,689.989990234375,406874
2025-12-26 12:00:00-05:00,689.97998046875,690.010009765625,689.6699829101562,689.8049926757812,306230
2025-12-26 12:05:00-05:00,689.7999877929688,689.8200073242188,689.5999755859375,689.6400146484375,268978
2025-12-26 12:10:00-05:00,689.6300048828125,689.6500244140625,689.4149780273438,689.489990234375,361892
2025-12-26 12:15:00-05:00,689.47998046875,689.6099853515625,689.4199829101562,689.5499877929688,366823
2025-12-26 12:20:00-05:00,689.5499877929688,689.6010131835938,689.3900146484375,689.5999755859375,253713
2025-12-26 12:25:00-05:00,689.6099853515625,690.1500244140625,689.6099853515625,690.1400146484375,572329
2025-12-26 12:30:00-05:00,690.1300048828125,690.2000122070312,689.7700805664062,689.7700805664062,279333
2025-12-26 12:35:00-05:00,689.7894897460938,689.8200073242188,689.510009765625,689.6500244140625,486385
2025-12-26 12:40:00-05:00,689.6500244140625,689.75,689.5449829101562,689.6300048828125,263419
2025-12-26 12:45:00-05:00,689.6300048828125,689.9100952148438,689.610107421875,689.8298950195312,339035
2025-12-26 12:50:00-05:00,689.8200073242188,689.8499755859375,689.5499877929688,689.760009765625,244459
2025-12-26 12:55:00-05:00,689.752197265625,689.8800048828125,689.75,689.7899780273438,223558
2025-12-26 13:00:00-05:00,689.7899780273438,689.9998779296875,689.780029296875,689.9600830078125,234459
2025-12-26 13:05:00-05:00,689.969970703125,690.0499877929688,689.8400268554688,689.8516845703125,248555
2025-12-26 13:10:00-05:00,689.844970703125,689.9550170898438,689.7990112304688,689.9000244140625,160084
2025-12-26 13:15:00-05:00,689.9000244140625,689.9000244140625,689.6599731445312,689.719970703125,212685
2025-12-26 13:20:00-05:00,689.719970703125,689.780029296875,689.27001953125,689.530029296875,494743
2025-12-26 13:25:00-05:00,689.5280151367188,689.7100219726562,689.4099731445312,689.6970825195312,250441
2025-12-26 13:30:00-05:00,689.6900024414062,689.9249877929688,689.6500244140625,689.844970703125,308977
2025-12-26 13:35:00-05:00,689.8499755859375,690.0449829101562,689.8400268554688,689.989990234375,306967
2025-12-26 13:40:00-05:00,689.989990234375,690.0999755859375,689.89501953125,689.9149780273438,227576
2025-12-26 13:45:00-05:00,689.9099731445312,690.2000122070312,689.8049926757812,690.1875,281554
2025-12-26 13:50:00-05:00,690.1900024414062,690.2849731445312,690.1300048828125,690.260009765625,241292
2025-12-26 13:55:00-05:00,690.2650146484375,690.2899780273438,690.1849975585938,690.2100219726562,234611
2025-12-26 14:00:00-05:00,690.2050170898438,690.4000244140625,690.0700073242188,690.4000244140625,323436
2025-12-26 14:05:00-05:00,690.4000244140625,690.4299926757812,690.260009765625,690.39501953125,318066
2025-12-26 14:10:00-05:00,690.3900146484375,690.4600219726562,690.2100219726562,690.239990234375,247446
2025-12-26 14:15:00-05:00,690.2349853515625,690.2999877929688,690.1199951171875,690.1300048828125,203315
2025-12-26 14:20:00-05:00,690.1300048828125,690.216796875,690.0599975585938,690.0881958007812,191021
2025-12-26 14:25:00-05:00,690.0900268554688,690.1199951171875,689.9749755859375,690.0418090820312,367364
2025-12-26 14:30:00-05:00,690.0399780273438,690.2449951171875,690.0374755859375,690.2000122070312,222819
2025-12-26 14:35:00-05:00,690.2000122070312,690.3200073242188,690.1649780273438,690.2050170898438,252008
2025-12-26 14:40:00-05:00,690.2100219726562,690.27001953125,690.1400146484375,690.1799926757812,291902
2025-12-26 14:45:00-05:00,690.1900024414062,690.219970703125,690.0800170898438,690.125,366948
2025-12-26 14:50:00-05:00,690.1400146484375,690.2100219726562,690.114990234375,690.1300048828125,196447
2025-12-26 14:55:00-05:00,690.1300048828125,690.219970703125,690.1212158203125,690.155029296875,329007
2025-12-26 15:00:00-05:00,690.1500244140625,690.3400268554688,690.0850219726562,690.1500244140625,389792
2025-12-26 15:05:00-05:00,690.1400146484375,690.2199096679688,690.0399780273438,690.1500244140625,261094
2025-12-26 15:10:00-05:00,690.14501953125,690.219970703125,690.0999755859375,690.1801147460938,317675
2025-12-26 15:15:00-05:00,690.1799926757812,690.219970703125,690.0900268554688,690.1599731445312,335960
2025-12-26 15:20:00-05:00,690.1599731445312,690.2100219726562,690.068603515625,690.2000122070312,354980
2025-12-26 15:25:00-05:00,690.2000122070312,690.2750244140625,690.1649780273438,690.2000122070312,344445
2025-12-26 15:30:00-05:00,690.2000122070312,690.280029296875,690.1699829101562,690.25,444611
2025-12-26 15:35:00-05:00,690.2550048828125,690.4199829101562,690.2349853515625,690.375,554844
2025-12-26 15:40:00-05:00,690.375,690.5,690.3150024414062,690.4500122070312,757596
2025-12-26 15:45:00-05:00,690.4500122070312,690.4600219726562,690.2999877929688,690.3099975585938,726325
2025-12-26 15:50:00-05:00,690.2899780273438,690.3200073242188,690.010009765625,690.0700073242188,1215585
2025-12-26 15:55:00-05:00,690.0750122070312,690.4199829101562,690.0050048828125,690.2449951171875,4096809
2025-12-29 09:30:00-05:00,687.5399780273438,688.0900268554688,687.1900024414062,688.0599975585938,2958189
2025-12-29 09:35:00-05:00,688.0499877929688,689.2000122070312,687.9199829101562,688.7899780273438,1459499
2025-12-29 09:40:00-05:00,688.7999877929688,688.7999877929688,688.22998046875,688.4299926757812,969638
2025-12-29 09:45:00-05:00,688.4400024414062,688.4400024414062,687.5700073242188,687.8599853515625,1301729
2025-12-29 09:50:00-05:00,687.8499755859375,688.25,687.4600219726562,687.7951049804688,913235
2025-12-29 09:55:00-05:00,687.7999877929688,687.9600219726562,687.3300170898438,687.5599975585938,667435
2025-12-29 10:00:00-05:00,687.5599975585938,687.8699951171875,687.2999267578125,687.3699951171875,523754
2025-12-29 10:05:00-05:00,687.3599853515625,687.5800170898438,687.0599975585938,687.0900268554688,857293
2025-12-29 10:10:00-05:00,687.0900268554688,687.219970703125,686.8200073242188,687.0996704101562,839757
2025-12-29 10:15:00-05:00,687.0999755859375,687.7698974609375,687.0900268554688,687.5150146484375,731537
2025-12-29 10:20:00-05:00,687.52001953125,687.8699951171875,687.3900146484375,687.844970703125,356499
2025-12-29 10:25:00-05:00,687.8400268554688,688.0599975585938,687.7550048828125,687.9500122070312,536076
2025-12-29 10:30:00-05:00,687.9400024414062,688.14501953125,687.6900024414062,688.1199951171875,412735
2025-12-29 10:35:00-05:00,688.1199951171875,688.4000244140625,687.780029296875,687.989990234375,551441
2025-12-29 10:40:00-05:00,687.989990234375,688.2899780273438,687.8699951171875,688.1900024414062,342519
2025-12-29 10:45:00-05:00,688.1900024414062,688.2296752929688,687.489990234375,687.5,517495
2025-12-29 10:50:00-05:00,687.5,687.510009765625,686.8900146484375,687.3150024414062,882891
2025-12-29 10:55:00-05:00,687.2999877929688,687.7294921875,687.1953125,687.3499755859375,470143
2025-12-29 11:00:00-05:00,687.3499755859375,687.530029296875,687.14501953125,687.1749877929688,461764
2025-12-29 11:05:00-05:00,687.1798706054688,687.47998046875,687.02001953125,687.1300048828125,784033
2025-12-29 11:10:00-05:00,687.1400146484375,687.6375732421875,687.0900268554688,687.47998046875,525497
2025-12-29 11:15:00-05:00,687.47998046875,687.489990234375,686.989990234375,687.1799926757812,392584
2025-12-29 11:20:00-05:00,687.1749877929688,687.3150024414062,686.9949951171875,687.219970703125,387517
2025-12-29 11:25:00-05:00,687.219970703125,687.27001953125,686.9450073242188,687.169921875,363569
2025-12-29 11:30:00-05:00,687.1599731445312,687.489990234375,686.9600219726562,686.97998046875,462373
2025-12-29 11:35:00-05:00,686.97998046875,687.22998046875,686.8400268554688,686.8900146484375,479745
2025-12-29 11:40:00-05:00,686.8800048828125,686.9149780273438,686.6900024414062,686.8743896484375,508667
2025-12-29 11:45:00-05:00,686.8800048828125,687.1199951171875,686.8400268554688,687.0750122070312,411677
2025-12-29 11:50:00-05:00,687.0700073242188,687.2899780273438,686.9400024414062,687.2100219726562,439476
2025-12-29 11:55:00-05:00,687.219970703125,687.3900146484375,687.0700073242188,687.0800170898438,313942
2025-12-29 12:00:00-05:00,687.0800170898438,687.22998046875,686.8900146484375,687.02001953125,218839
2025-12-29 12:05:00-05:00,687.0250244140625,687.0700073242188,686.77001953125,686.8206176757812,339292
2025-12-29 12:10:00-05:00,686.8200073242188,686.9000244140625,686.5999755859375,686.8400268554688,299501
2025-12-29 12:15:00-05:00,686.8300170898438,686.9299926757812,686.6300048828125,686.75,310158
2025-12-29 12:20:00-05:00,686.75,686.780029296875,686.4749755859375,686.5399780273438,282640
2025-12-29 12:25:00-05:00,686.530029296875,686.5399780273438,686.0700073242188,686.27001953125,515147
2025-12-29 12:30:00-05:00,686.27001953125,686.510009765625,686.1799926757812,686.3839111328125,413029
2025-12-29 12:35:00-05:00,686.3900146484375,686.5050048828125,686.260009765625,686.2949829101562,282600
2025-12-29 12:40:00-05:00,686.2999877929688,686.5650024414062,686.239990234375,686.5050048828125,435467
2025-12-29 12:45:00-05:00,686.5,686.6900024414062,686.469970703125,686.6300048828125,292180
2025-12-29 12:50:00-05:00,686.6300048828125,686.9849853515625,686.6099853515625,686.9550170898438,450862
2025-12-29 12:55:00-05:00,686.9600219726562,687.0955810546875,686.9199829101562,686.989990234375,352491
2025-12-29 13:00:00-05:00,686.989990234375,687.0098876953125,686.7899780273438,686.9500122070312,396602
2025-12-29 13:05:00-05:00,686.9500732421875,687.1300048828125,686.8900146484375,687.030029296875,319191
2025-12-29 13:10:00-05:00,687.030029296875,687.0399780273438,686.8099975585938,686.905029296875,293109
2025-12-29 13:15:00-05:00,686.9099731445312,687.22998046875,686.9000244140625,687.2139282226562,327963
2025-12-29 13:20:00-05:00,687.2100219726562,687.5449829101562,687.1599731445312,687.4924926757812,464799
2025-12-29 13:25:00-05:00,687.4949951171875,687.5050048828125,687.1900024414062,687.3300170898438,405426
2025-12-29 13:30:00-05:00,687.3300170898438,687.5900268554688,687.3167724609375,687.5800170898438,481220
2025-12-29 13:35:00-05:00,687.5900268554688,687.8900146484375,687.5900268554688,687.6950073242188,645330
2025-12-29 13:40:00-05:00,687.7100219726562,687.719970703125,687.4199829101562,687.4650268554688,486611
2025-12-29 13:45:00-05:00,687.4650268554688,687.5050048828125,687.280029296875,687.3250122070312,356285
2025-12-29 13:50:00-05:00,687.3200073242188,687.4199829101562,687.2150268554688,687.3150024414062,411817
2025-12-29 13:55:00-05:00,687.3099975585938,687.3151245117188,687.1699829101562,687.2249755859375,423712
2025-12-29 14:00:00-05:00,687.219970703125,687.2899780273438,686.9299926757812,687.0599975585938,1215460
2025-12-29 14:05:00-05:00,687.0650024414062,687.1284790039062,686.8699951171875,686.9650268554688,696291
2025-12-29 14:10:00-05:00,686.969970703125,687.0692138671875,686.8800048828125,687.0,442384
2025-12-29 14:15:00-05:00,687.0,687.1099853515625,686.9299926757812,687.0349731445312,400643
2025-12-29 14:20:00-05:00,687.0399780273438,687.3900146484375,687.0399780273438,687.3400268554688,547717
2025-12-29 14:25:00-05:00,687.3400268554688,687.469970703125,687.25,687.4600219726562,512382
2025-12-29 14:30:00-05:00,687.4500122070312,687.8300170898438,687.4299926757812,687.77001953125,732321
2025-12-29 14:35:00-05:00,687.7750244140625,687.8800048828125,687.7000122070312,687.8150024414062,487542
2025-12-29 14:40:00-05:00,687.8150024414062,688.0800170898438,687.7999877929688,687.9249877929688,989351
2025-12-29 14:45:00-05:00,687.9299926757812,688.280029296875,687.8599853515625,688.1099853515625,631486
2025-12-29 14:50:00-05:00,688.10498046875,688.2999877929688,688.0850219726562,688.22998046875,690363
2025-12-29 14:55:00-05:00,688.22998046875,688.4600219726562,688.22998046875,688.2999877929688,1180188
2025-12-29 15:00:00-05:00,688.2999877929688,688.3499755859375,688.1099853515625,688.27001953125,890426
2025-12-29 15:05:00-05:00,688.260009765625,688.3699951171875,688.2000122070312,688.3049926757812,619368
2025-12-29 15:10:00-05:00,688.3099975585938,688.4949951171875,688.2849731445312,688.47998046875,602574
2025-12-29 15:15:00-05:00,688.4868774414062,688.6199951171875,688.4031372070312,688.4500122070312,770502
2025-12-29 15:20:00-05:00,688.4550170898438,688.5499877929688,688.3101196289062,688.4450073242188,592315
2025-12-29 15:25:00-05:00,688.4450073242188,688.4849853515625,688.1599731445312,688.1799926757812,532211
2025-12-29 15:30:00-05:00,688.1799926757812,688.405029296875,688.1400146484375,688.22998046875,1345326
2025-12-29 15:35:00-05:00,688.219970703125,688.3699951171875,688.1199951171875,688.125,581131
2025-12-29 15:40:00-05:00,688.1199951171875,688.2050170898438,687.8400268554688,687.97998046875,1039491
2025-12-29 15:45:00-05:00,687.97998046875,688.1099853515625,687.89501953125,688.0,2089889
2025-12-29 15:50:00-05:00,688.010009765625,688.1900024414062,687.6300048828125,687.64501953125,1970360
2025-12-29 15:55:00-05:00,687.64501953125,687.989990234375,687.4000244140625,687.8400268554688,3907608
2025-12-30 09:30:00-05:00,687.4450073242188,687.8699951171875,687.248779296875,687.3400268554688,1798107
2025-12-30 09:35:00-05:00,687.3400268554688,687.5399780273438,687.1699829101562,687.3499755859375,672384
2025-12-30 09:40:00-05:00,687.3599853515625,687.3800048828125,687.0999755859375,687.1199951171875,459635
2025-12-30 09:45:00-05:00,687.1300048828125,688.0900268554688,686.8800048828125,688.010009765625,883966
2025-12-30 09:50:00-05:00,688.010009765625,688.2100219726562,687.8200073242188,688.003173828125,754610
2025-12-30 09:55:00-05:00,688.0599975585938,688.530029296875,688.0449829101562,688.0900268554688,664647
2025-12-30 10:00:00-05:00,688.0800170898438,688.1699829101562,687.760009765625,687.7999877929688,460721
2025-12-30 10:05:00-05:00,687.8099975585938,687.8400268554688,687.4500122070312,687.530029296875,465369
2025-12-30 10:10:00-05:00,687.52001953125,687.5599975585938,686.8099975585938,686.9201049804688,797507
2025-12-30 10:15:00-05:00,686.9299926757812,687.260009765625,686.75,686.9260864257812,604191
2025-12-30 10:20:00-05:00,686.9199829101562,687.419921875,686.8400268554688,687.0469970703125,782171
2025-12-30 10:25:00-05:00,687.0399780273438,687.1099853515625,686.8350219726562,686.9400024414062,262345
2025-12-30 10:30:00-05:00,686.9400024414062,687.0,686.75,686.8098754882812,379136
2025-12-30 10:35:00-05:00,686.8099975585938,686.989990234375,686.6799926757812,686.9400024414062,378043
2025-12-30 10:40:00-05:00,686.9299926757812,687.030029296875,686.5800170898438,686.780029296875,415107
2025-12-30 10:45:00-05:00,686.8099975585938,687.0599975585938,686.6900024414062,687.0599975585938,511548
2025-12-30 10:50:00-05:00,687.0599975585938,687.5449829101562,687.0,687.405029296875,554085
2025-12-30 10:55:00-05:00,687.4099731445312,687.72998046875,687.4099731445312,687.6104736328125,438691
2025-12-30 11:00:00-05:00,687.5999755859375,687.969970703125,687.510009765625,687.9099731445312,538275
2025-12-30 11:05:00-05:00,687.9099731445312,688.02001953125,687.7000732421875,687.75,472071
2025-12-30 11:10:00-05:00,687.75,687.9000244140625,687.6849975585938,687.7899780273438,330053
2025-12-30 11:15:00-05:00,687.7899780273438,688.010009765625,687.77001953125,687.9600219726562,385001
2025-12-30 11:20:00-05:00,687.969970703125,688.5549926757812,687.969970703125,688.3099975585938,682669
2025-12-30 11:25:00-05:00,688.3200073242188,688.3250122070312,688.114990234375,688.2471923828125,424056
2025-12-30 11:30:00-05:00,688.239990234375,688.27001953125,687.9600219726562,688.0225219726562,398837
2025-12-30 11:35:00-05:00,688.0250244140625,688.0988159179688,687.5422973632812,687.6199951171875,437549
2025-12-30 11:40:00-05:00,687.6199951171875,687.6599731445312,687.3900146484375,687.6298828125,513767
2025-12-30 11:45:00-05:00,687.6300048828125,687.6710815429688,687.5001220703125,687.530029296875,329363
2025-12-30 11:50:00-05:00,687.5449829101562,687.5549926757812,687.3099975585938,687.3900146484375,310842
2025-12-30 11:55:00-05:00,687.3956298828125,687.4378051757812,687.2000122070312,687.22998046875,311643
2025-12-30 12:00:00-05:00,687.219970703125,687.3099975585938,687.0499877929688,687.10498046875,465411
2025-12-30 12:05:00-05:00,687.1199951171875,687.2899780273438,687.1099853515625,687.2449951171875,278901
2025-12-30 12:10:00-05:00,687.25,687.3200073242188,687.030029296875,687.0599975585938,296022
2025-12-30 12:15:00-05:00,687.0599975585938,687.2899780273438,686.8699951171875,687.260009765625,760309
2025-12-30 12:20:00-05:00,687.260009765625,687.4199829101562,687.2000122070312,687.3200073242188,499630
2025-12-30 12:25:00-05:00,687.3300170898438,687.4299926757812,687.27001953125,687.3800048828125,205449
2025-12-30 12:30:00-05:00,687.3800048828125,687.6799926757812,687.35498046875,687.6199951171875,295384
2025-12-30 12:35:00-05:00,687.6300048828125,687.6900024414062,687.5599975585938,687.614990234375,289678
2025-12-30 12:40:00-05:00,687.6300048828125,687.7100219726562,687.3499755859375,687.4099731445312,351477
2025-12-30 12:45:00-05:00,687.4000244140625,687.4600219726562,687.1950073242188,687.4299926757812,297531
2025-12-30 12:50:00-05:00,687.4199829101562,687.6599731445312,687.385009765625,687.60498046875,215964
2025-12-30 12:55:00-05:00,687.5999755859375,687.6998901367188,687.5399780273438,687.635009765625,210430
2025-12-30 13:00:00-05:00,687.635009765625,687.635009765625,687.219970703125,687.5050048828125,310925
2025-12-30 13:05:00-05:00,687.510009765625,687.760009765625,687.510009765625,687.7319946289062,300175
2025-12-30 13:10:00-05:00,687.72998046875,687.7899780273438,687.6099853515625,687.7000122070312,247032
2025-12-30 13:15:00-05:00,687.7000122070312,687.760009765625,687.6199951171875,687.7050170898438,168022
2025-12-30 13:20:00-05:00,687.7000122070312,687.7150268554688,687.5349731445312,687.6298828125,138849
2025-12-30 13:25:00-05:00,687.62890625,687.7899780273438,687.5900268554688,687.7692260742188,215441
2025-12-30 13:30:00-05:00,687.760009765625,687.9299926757812,687.72998046875,687.8699951171875,381866
2025-12-30 13:35:00-05:00,687.8599853515625,687.8599853515625,687.5599975585938,687.6099243164062,195350
2025-12-30 13:40:00-05:00,687.6099853515625,687.6900024414062,687.469970703125,687.6599731445312,265632
2025-12-30 13:45:00-05:00,687.6599731445312,687.8800048828125,687.6179809570312,687.8598022460938,255251
2025-12-30 13:50:00-05:00,687.8599853515625,687.8800048828125,687.723876953125,687.760009765625,173440
2025-12-30 13:55:00-05:00,687.77001953125,687.8300170898438,687.7000122070312,687.7650146484375,194617
2025-12-30 14:00:00-05:00,687.760009765625,687.8499755859375,687.530029296875,687.530029296875,539847
2025-12-30 14:05:00-05:00,687.530029296875,687.7550048828125,687.4199829101562,687.6300048828125,488438
2025-12-30 14:10:00-05:00,687.6199951171875,687.8699951171875,687.5009765625,687.8599853515625,313733
2025-12-30 14:15:00-05:00,687.85498046875,687.8599853515625,687.6599731445312,687.8201293945312,345771
2025-12-30 14:20:00-05:00,687.8300170898438,687.8699951171875,687.719970703125,687.7849731445312,295866
2025-12-30 14:25:00-05:00,687.780029296875,687.8499755859375,687.7100219726562,687.8099975585938,378965
2025-12-30 14:30:00-05:00,687.8099975585938,687.9400024414062,687.7100219726562,687.8038940429688,513490
2025-12-30 14:35:00-05:00,687.7999877929688,687.8200073242188,687.6599731445312,687.780029296875,400832
2025-12-30 14:40:00-05:00,687.7899780273438,687.8876953125,687.739990234375,687.7899780273438,270776
2025-12-30 14:45:00-05:00,687.7899780273438,687.85498046875,687.6099853515625,687.6400146484375,381203
2025-12-30 14:50:00-05:00,687.6500244140625,687.6900024414062,687.4099731445312,687.5549926757812,409849
2025-12-30 14:55:00-05:00,687.5599975585938,687.6099853515625,687.4000244140625,687.5599975585938,367021
2025-12-30 15:00:00-05:00,687.5599975585938,687.6500244140625,687.5250244140625,687.60498046875,258734
2025-12-30 15:05:00-05:00,687.60498046875,687.635009765625,687.3049926757812,687.39501953125,557688
2025-12-30 15:10:00-05:00,687.3900146484375,687.447509765625,687.0399780273438,687.280029296875,661223
2025-12-30 15:15:00-05:00,687.27001953125,687.5349731445312,687.22998046875,687.489990234375,359695
2025-12-30 15:20:00-05:00,687.47998046875,687.6796875,687.469970703125,687.6649780273438,414623
2025-12-30 15:25:00-05:00,687.6699829101562,687.72998046875,687.489990234375,687.510009765625,678092
2025-12-30 15:30:00-05:00,687.510009765625,687.6900024414062,687.47998046875,687.6799926757812,423885
2025-12-30 15:35:00-05:00,687.6799926757812,687.7255249023438,687.6099853515625,687.719970703125,524556
2025-12-30 15:40:00-05:00,687.719970703125,687.8150024414062,687.6099853515625,687.6699829101562,1159884
2025-12-30 15:45:00-05:00,687.6799926757812,687.6900024414062,687.4099731445312,687.4774780273438,1114698
2025-12-30 15:50:00-05:00,687.47998046875,687.5900268554688,687.2449951171875,687.2650146484375,1781551
2025-12-30 15:55:00-05:00,687.260009765625,687.3499755859375,686.7000122070312,686.9400024414062,4620316
2025-12-31 09:30:00-05:00,687.1400146484375,687.3599853515625,686.60498046875,686.8150024414062,2269560
2025-12-31 09:35:00-05:00,686.8099975585938,686.989990234375,685.8699951171875,686.0900268554688,1459809
2025-12-31 09:40:00-05:00,686.0900268554688,686.1500244140625,685.7100219726562,685.85498046875,1016372
2025-12-31 09:45:00-05:00,685.8499755859375,685.9400024414062,685.280029296875,685.6500244140625,1434152
2025-12-31 09:50:00-05:00,685.6400146484375,686.4061279296875,685.5819702148438,686.3699951171875,1262923
2025-12-31 09:55:00-05:00,686.3699951171875,686.469970703125,685.8300170898438,685.9600219726562,767266
2025-12-31 10:00:00-05:00,685.9600219726562,686.0599975585938,685.614990234375,685.75,848723
2025-12-31 10:05:00-05:00,685.739990234375,685.8200073242188,685.530029296875,685.7100219726562,769231
2025-12-31 10:10:00-05:00,685.719970703125,685.780029296875,685.25,685.4450073242188,973064
2025-12-31 10:15:00-05:00,685.4500122070312,685.5399780273438,684.9149780273438,685.1500244140625,837786
2025-12-31 10:20:00-05:00,685.1400146484375,685.489990234375,685.0700073242188,685.280029296875,672135
2025-12-31 10:25:00-05:00,685.2899780273438,685.6500244140625,685.27001953125,685.5499877929688,492582
2025-12-31 10:30:00-05:00,685.5399780273438,685.655029296875,685.2100219726562,685.4000244140625,626237
2025-12-31 10:35:00-05:00,685.3900146484375,685.5499877929688,685.1099853515625,685.1300048828125,513291
2025-12-31 10:40:00-05:00,685.0999755859375,685.1900024414062,684.9400024414062,685.1199951171875,942650
2025-12-31 10:45:00-05:00,685.114990234375,685.1400146484375,684.7899780273438,684.875,705138
2025-12-31 10:50:00-05:00,684.8699951171875,684.8800048828125,684.52001953125,684.5798950195312,659420
2025-12-31 10:55:00-05:00,684.5750122070312,684.6099853515625,684.1799926757812,684.3300170898438,978883
2025-12-31 11:00:00-05:00,684.3200073242188,684.6500244140625,684.2999877929688,684.5399780273438,661755
2025-12-31 11:05:00-05:00,684.5399780273438,684.6099853515625,684.3900146484375,684.469970703125,784028
2025-12-31 11:10:00-05:00,684.469970703125,684.667724609375,684.3300170898438,684.5499877929688,721074
2025-12-31 11:15:00-05:00,684.5449829101562,684.8599853515625,684.5140991210938,684.8499755859375,1174564
2025-12-31 11:20:00-05:00,684.8499755859375,684.9600219726562,684.7000122070312,684.8699951171875,427320
2025-12-31 11:25:00-05:00,684.8699951171875,685.1300048828125,684.864990234375,685.1199951171875,458546
2025-12-31 11:30:00-05:00,685.125,685.1400146484375,684.75,684.8298950195312,491137
2025-12-31 11:35:00-05:00,684.8099975585938,685.1500244140625,684.739990234375,685.0999755859375,341795
2025-12-31 11:40:00-05:00,685.0900268554688,685.1199951171875,684.7750244140625,684.9199829101562,344524
2025-12-31 11:45:00-05:00,684.9299926757812,684.97998046875,684.785400390625,684.9299926757812,250812
2025-12-31 11:50:00-05:00,684.9299926757812,685.260009765625,684.9099731445312,685.1799926757812,372617
2025-12-31 11:55:00-05:00,685.1799926757812,685.4299926757812,685.1699829101562,685.3499755859375,340626
2025-12-31 12:00:00-05:00,685.35498046875,685.4299926757812,685.25,685.2899780273438,361474
2025-12-31 12:05:00-05:00,685.2949829101562,685.3400268554688,684.6300048828125,684.6500244140625,494860
2025-12-31 12:10:00-05:00,684.6599731445312,684.9849853515625,684.6099853515625,684.9600219726562,385200
2025-12-31 12:15:00-05:00,684.9609985351562,685.2150268554688,684.9099731445312,685.1401977539062,379567
2025-12-31 12:20:00-05:00,685.1400146484375,685.1749877929688,684.8599853515625,684.9199829101562,294945
2025-12-31 12:25:00-05:00,684.9199829101562,685.0946044921875,684.8408813476562,685.0,214038
2025-12-31 12:30:00-05:00,684.989990234375,685.27001953125,684.9122924804688,685.25,345169
2025-12-31 12:35:00-05:00,685.22998046875,685.3099975585938,685.030029296875,685.0399780273438,257231
2025-12-31 12:40:00-05:00,685.0399780273438,685.0900268554688,684.8900146484375,685.0883178710938,251777
2025-12-31 12:45:00-05:00,685.0900268554688,685.1500244140625,684.8800048828125,684.8900146484375,254575
2025-12-31 12:50:00-05:00,684.8900146484375,684.969970703125,684.75,684.8980102539062,322382
2025-12-31 12:55:00-05:00,684.8900146484375,684.9000244140625,684.6500244140625,684.8049926757812,233455
2025-12-31 13:00:00-05:00,684.7999877929688,684.9400024414062,684.75,684.9199829101562,306278
2025-12-31 13:05:00-05:00,684.9199829101562,685.114990234375,684.719970703125,685.0800170898438,323951
2025-12-31 13:10:00-05:00,685.0750122070312,685.3099975585938,685.0,685.3099975585938,319046
2025-12-31 13:15:00-05:00,685.3200073242188,685.3200073242188,684.9550170898438,684.9749755859375,377585
2025-12-31 13:20:00-05:00,684.9749755859375,685.1099243164062,684.9500122070312,685.0599975585938,233884
2025-12-31 13:25:00-05:00,685.0599975585938,685.3900146484375,685.030029296875,685.3698120117188,284827
2025-12-31 13:30:00-05:00,685.3687744140625,685.469970703125,685.25,685.4600219726562,426668
2025-12-31 13:35:00-05:00,685.4650268554688,685.530029296875,685.3499755859375,685.4000244140625,347357
2025-12-31 13:40:00-05:00,685.3980712890625,685.730712890625,685.3980712890625,685.72998046875,465765
2025-12-31 13:45:00-05:00,685.739990234375,685.969970703125,685.655029296875,685.7999877929688,527655
2025-12-31 13:50:00-05:00,685.8099975585938,685.9600219726562,685.739990234375,685.9400024414062,360419
2025-12-31 13:55:00-05:00,685.9400024414062,686.0499877929688,685.7612915039062,685.8400268554688,500605
2025-12-31 14:00:00-05:00,685.8300170898438,686.239990234375,685.8200073242188,686.0499877929688,643207
2025-12-31 14:05:00-05:00,686.0499877929688,686.0800170898438,685.9099731445312,686.0050048828125,416532
2025-12-31 14:10:00-05:00,686.0062255859375,686.0250244140625,685.8499755859375,685.905029296875,328576
2025-12-31 14:15:00-05:00,685.905029296875,685.9199829101562,685.4299926757812,685.469970703125,476523
2025-12-31 14:20:00-05:00,685.47998046875,685.5,685.1849975585938,685.4000244140625,557419
2025-12-31 14:25:00-05:00,685.4000244140625,685.4000244140625,685.010009765625,685.0349731445312,453736
2025-12-31 14:30:00-05:00,685.0399780273438,685.1400146484375,684.0900268554688,684.1400146484375,885151
2025-12-31 14:35:00-05:00,684.1500244140625,684.8400268554688,684.1500244140625,684.510009765625,936956
2025-12-31 14:40:00-05:00,684.510009765625,684.8200073242188,684.489990234375,684.5601196289062,816503
2025-12-31 14:45:00-05:00,684.5599975585938,684.639892578125,684.2999877929688,684.3800048828125,617365
2025-12-31 14:50:00-05:00,684.3699951171875,684.4400024414062,684.0399780273438,684.10498046875,568383
2025-12-31 14:55:00-05:00,684.0999755859375,684.2750244140625,684.0549926757812,684.1400146484375,812830
2025-12-31 15:00:00-05:00,684.1400146484375,684.2000122070312,683.4199829101562,683.6300048828125,1100831
2025-12-31 15:05:00-05:00,683.6300048828125,683.8800048828125,683.219970703125,683.3477172851562,943819
2025-12-31 15:10:00-05:00,683.3300170898438,683.3300170898438,682.9400024414062,683.239990234375,1174181
2025-12-31 15:15:00-05:00,683.239990234375,683.530029296875,683.1799926757812,683.4099731445312,1096718
2025-12-31 15:20:00-05:00,683.4099731445312,683.4099731445312,682.8137817382812,682.9299926757812,1325136
2025-12-31 15:25:00-05:00,682.9199829101562,683.030029296875,682.5449829101562,682.719970703125,1068776
2025-12-31 15:30:00-05:00,682.719970703125,683.4600219726562,682.530029296875,683.3150024414062,1607823
2025-12-31 15:35:00-05:00,683.3049926757812,683.719970703125,683.1799926757812,683.1950073242188,1417241
2025-12-31 15:40:00-05:00,683.2000122070312,683.4500122070312,683.030029296875,683.4199829101562,919328
2025-12-31 15:45:00-05:00,683.4199829101562,683.47998046875,682.760009765625,682.77001953125,1897695
2025-12-31 15:50:00-05:00,682.77001953125,682.97998046875,682.489990234375,682.5078735351562,2771946
2025-12-31 15:55:00-05:00,682.5,683.030029296875,681.7100219726562,681.8400268554688,6540678
2026-01-02 09:30:00-05:00,685.7100219726562,686.1500244140625,684.489990234375,684.77197265625,4208584
2026-01-02 09:35:00-05:00,684.780029296875,685.22998046875,684.2700805664062,684.5,1720972
2026-01-02 09:40:00-05:00,684.489990234375,685.0399780273438,684.1199951171875,684.93017578125,1318907
2026-01-02 09:45:00-05:00,684.9600219726562,686.3800048828125,684.760009765625,686.030029296875,1897194
2026-01-02 09:50:00-05:00,686.030029296875,686.8400268554688,685.9199829101562,686.2000122070312,1399226
2026-01-02 09:55:00-05:00,686.2100219726562,686.469970703125,685.9600219726562,686.1900024414062,889822
2026-01-02 10:00:00-05:00,686.2100219726562,686.8699951171875,686.1900024414062,686.4299926757812,1328003
2026-01-02 10:05:00-05:00,686.4299926757812,686.47998046875,685.7000122070312,685.7899780273438,1006041
2026-01-02 10:10:00-05:00,685.760009765625,685.9650268554688,684.1199951171875,684.3499755859375,1832272
2026-01-02 10:15:00-05:00,684.3400268554688,684.418701171875,683.4500122070312,683.8499755859375,2279176
2026-01-02 10:20:00-05:00,683.8599853515625,683.8800048828125,682.0,682.125,1821374
2026-01-02 10:25:00-05:00,682.1199951171875,682.6099853515625,681.5800170898438,682.4500122070312,2323241
2026-01-02 10:30:00-05:00,682.4500122070312,683.6199951171875,682.0999755859375,683.52001953125,1334214
2026-01-02 10:35:00-05:00,683.510009765625,683.9500122070312,682.969970703125,683.66748046875,1353304
2026-01-02 10:40:00-05:00,683.6699829101562,684.5900268554688,683.530029296875,684.125,1322587
2026-01-02 10:45:00-05:00,684.1500244140625,684.4299926757812,683.2899780273438,683.3200073242188,1034965
2026-01-02 10:50:00-05:00,683.3300170898438,683.5,681.97998046875,682.969970703125,1243205
2026-01-02 10:55:00-05:00,682.97998046875,683.3400268554688,681.0999755859375,681.4550170898438,1996246
2026-01-02 11:00:00-05:00,681.4600219726562,681.5700073242188,680.8099975585938,681.0449829101562,1856148
2026-01-02 11:05:00-05:00,681.030029296875,681.5349731445312,680.6799926757812,681.4400024414062,1290634
2026-01-02 11:10:00-05:00,681.4299926757812,681.8699951171875,680.4199829101562,681.8400268554688,1225594
2026-01-02 11:15:00-05:00,681.8300170898438,682.3400268554688,681.27001953125,681.5800170898438,999637
2026-01-02 11:20:00-05:00,681.5900268554688,682.3151245117188,681.1849975585938,682.1900024414062,695545
2026-01-02 11:25:00-05:00,682.1799926757812,682.4000244140625,681.780029296875,681.8099975585938,729214
2026-01-02 11:30:00-05:00,681.8099975585938,682.5900268554688,681.5399780273438,682.3900146484375,752516
2026-01-02 11:35:00-05:00,682.3900146484375,682.6500244140625,681.7803955078125,681.9000244140625,729596
2026-01-02 11:40:00-05:00,681.8800048828125,682.02001953125,681.4199829101562,681.4500122070312,938259
2026-01-02 11:45:00-05:00,681.4400024414062,681.6599731445312,681.1599731445312,681.3300170898438,1181209
2026-01-02 11:50:00-05:00,681.3300170898438,681.469970703125,680.280029296875,680.5700073242188,867107
2026-01-02 11:55:00-05:00,680.5599975585938,681.1849975585938,680.4450073242188,681.1580200195312,718077
2026-01-02 12:00:00-05:00,681.1500244140625,681.3099975585938,680.6400146484375,680.8880004882812,506303
2026-01-02 12:05:00-05:00,680.8699951171875,681.4650268554688,680.8699951171875,681.1599731445312,788926
2026-01-02 12:10:00-05:00,681.1599731445312,682.375,681.1400146484375,682.2999877929688,802484
2026-01-02 12:15:00-05:00,682.3049926757812,682.5,682.1199951171875,682.1599731445312,514596
2026-01-02 12:20:00-05:00,682.155029296875,682.4539794921875,682.0700073242188,682.1599731445312,313864
2026-01-02 12:25:00-05:00,682.1500244140625,682.4500122070312,681.8499755859375,682.4500122070312,1383278
2026-01-02 12:30:00-05:00,682.4500122070312,682.8009033203125,682.0999755859375,682.244384765625,571662
2026-01-02 12:35:00-05:00,682.239990234375,682.4000244140625,681.7943725585938,682.010009765625,433159
2026-01-02 12:40:00-05:00,682.0100708007812,682.2100219726562,681.7100219726562,682.0250244140625,356474
2026-01-02 12:45:00-05:00,682.030029296875,682.280029296875,681.0,681.1744995117188,535071
2026-01-02 12:50:00-05:00,681.1400146484375,681.469970703125,680.97998046875,681.3900146484375,688597
2026-01-02 12:55:00-05:00,681.3599853515625,681.6699829101562,681.010009765625,681.1799926757812,487219
2026-01-02 13:00:00-05:00,681.1799926757812,681.5800170898438,681.0800170898438,681.3319702148438,487282
2026-01-02 13:05:00-05:00,681.3400268554688,681.4249877929688,680.7849731445312,681.0,533005
2026-01-02 13:10:00-05:00,681.010009765625,681.3090209960938,680.760009765625,680.8300170898438,303239
2026-01-02 13:15:00-05:00,680.8300170898438,681.52001953125,680.6400146484375,681.4199829101562,581227
2026-01-02 13:20:00-05:00,681.4000244140625,681.78857421875,681.0800170898438,681.1599731445312,386336
2026-01-02 13:25:00-05:00,681.1599731445312,681.27001953125,680.8200073242188,680.97998046875,405231
2026-01-02 13:30:00-05:00,680.97998046875,681.0900268554688,680.7999877929688,680.9199829101562,353745
2026-01-02 13:35:00-05:00,680.9299926757812,681.3599853515625,680.75439453125,681.0800170898438,476297
2026-01-02 13:40:00-05:00,681.0599975585938,681.1599731445312,680.75830078125,681.125,429080
2026-01-02 13:45:00-05:00,681.130126953125,681.3499755859375,680.1500244140625,680.1801147460938,590337
2026-01-02 13:50:00-05:00,680.1849975585938,680.5800170898438,679.8200073242188,680.52197265625,1034117
2026-01-02 13:55:00-05:00,680.530029296875,680.5399780273438,680.0700073242188,680.5250244140625,523383
2026-01-02 14:00:00-05:00,680.5250244140625,681.0700073242188,680.3499755859375,681.0250244140625,930887
2026-01-02 14:05:00-05:00,681.0250244140625,681.6699829101562,681.010009765625,681.5999755859375,958561
2026-01-02 14:10:00-05:00,681.594970703125,682.5399780273438,681.3900146484375,682.3800048828125,1209636
2026-01-02 14:15:00-05:00,682.3699951171875,682.5900268554688,682.0679931640625,682.1699829101562,896562
2026-01-02 14:20:00-05:00,682.1599731445312,682.8900146484375,681.9000244140625,682.8699951171875,841756
2026-01-02 14:25:00-05:00,682.875,683.1199951171875,682.5999755859375,682.9500122070312,664533
2026-01-02 14:30:00-05:00,682.9400024414062,683.6599731445312,682.9000244140625,683.5700073242188,1308659
2026-01-02 14:35:00-05:00,683.5800170898438,683.8499755859375,683.260009765625,683.6199951171875,912296
2026-01-02 14:40:00-05:00,683.6199951171875,683.9500122070312,683.510009765625,683.5650024414062,800031
2026-01-02 14:45:00-05:00,683.5599975585938,683.760009765625,683.3499755859375,683.6500244140625,744461
2026-01-02 14:50:00-05:00,683.6699829101562,683.7100219726562,683.1699829101562,683.4749755859375,914399
2026-01-02 14:55:00-05:00,683.4749755859375,683.5599975585938,682.8900146484375,683.1300048828125,715808
2026-01-02 15:00:00-05:00,683.1300048828125,683.5900268554688,682.8499755859375,683.3599853515625,666884
2026-01-02 15:05:00-05:00,683.3599853515625,683.52001953125,683.1300048828125,683.344970703125,687361
2026-01-02 15:10:00-05:00,683.3499755859375,683.6799926757812,683.2000122070312,683.2100219726562,902470
2026-01-02 15:15:00-05:00,683.2100219726562,683.6610107421875,683.0999755859375,683.594970703125,709862
2026-01-02 15:20:00-05:00,683.5900268554688,683.7000122070312,683.260009765625,683.330078125,1024090
2026-01-02 15:25:00-05:00,683.3350219726562,683.469970703125,683.0,683.239990234375,705403
2026-01-02 15:30:00-05:00,683.239990234375,683.4199829101562,682.9400024414062,683.0349731445312,941385
2026-01-02 15:35:00-05:00,683.0399780273438,683.4199829101562,683.0,683.0399780273438,699813
2026-01-02 15:40:00-05:00,683.0399780273438,683.0900268554688,682.5701293945312,682.6298828125,930461
2026-01-02 15:45:00-05:00,682.6099853515625,682.72998046875,682.0700073242188,682.280029296875,1711780
2026-01-02 15:50:00-05:00,682.27001953125,683.0599975585938,682.1400146484375,682.4849853515625,2013803
2026-01-02 15:55:00-05:00,682.4849853515625,683.3499755859375,682.25,683.1699829101562,4625192
2026-01-05 09:30:00-05:00,687.2974853515625,687.6400146484375,686.9299926757812,687.0599975585938,4436260
2026-01-05 09:35:00-05:00,687.0599975585938,687.2550048828125,686.5599975585938,686.97998046875,1808955
2026-01-05 09:40:00-05:00,687.0,687.5449829101562,686.6799926757812,687.4000244140625,1987338
2026-01-05 09:45:00-05:00,687.4000244140625,687.8800048828125,686.8499755859375,687.1500244140625,1728142
2026-01-05 09:50:00-05:00,687.1400146484375,687.3099975585938,686.510009765625,686.9550170898438,1162079
2026-01-05 09:55:00-05:00,686.97998046875,687.3400268554688,686.6699829101562,687.0599975585938,903669
2026-01-05 10:00:00-05:00,687.0800170898438,687.7999267578125,686.6300048828125,687.6599731445312,1219778
2026-01-05 10:05:00-05:00,687.6599731445312,687.9500122070312,687.1950073242188,687.6799926757812,944541
2026-01-05 10:10:00-05:00,687.6898803710938,687.8250122070312,687.239990234375,687.6099853515625,713056
2026-01-05 10:15:00-05:00,687.6099853515625,687.9100952148438,687.280029296875,687.9000244140625,767563
2026-01-05 10:20:00-05:00,687.9000244140625,688.114990234375,687.6799926757812,688.0900268554688,800262
2026-01-05 10:25:00-05:00,688.0900268554688,688.6099853515625,687.6900024414062,688.5255737304688,1219104
2026-01-05 10:30:00-05:00,688.52001953125,688.8200073242188,688.405029296875,688.6400146484375,1054380
2026-01-05 10:35:00-05:00,688.6300048828125,688.6890258789062,687.9600219726562,688.0792846679688,1082911
2026-01-05 10:40:00-05:00,688.0780029296875,688.385009765625,687.969970703125,688.0499877929688,537531
2026-01-05 10:45:00-05:00,688.0499877929688,688.5,688.0399780273438,688.3800048828125,1220829
2026-01-05 10:50:00-05:00,688.3699951171875,688.4600219726562,688.0850219726562,688.1699829101562,634016
2026-01-05 10:55:00-05:00,688.1699829101562,688.5900268554688,688.0499877929688,688.3200073242188,585655
2026-01-05 11:00:00-05:00,688.3200073242188,688.3900146484375,687.9600219726562,688.1900024414062,757797
2026-01-05 11:05:00-05:00,688.2000122070312,688.5499877929688,688.0900268554688,688.5499877929688,584429
2026-01-05 11:10:00-05:00,688.530029296875,688.719970703125,688.3599853515625,688.3602294921875,708029
2026-01-05 11:15:00-05:00,688.364990234375,688.5599975585938,688.2249755859375,688.2650146484375,446038
2026-01-05 11:20:00-05:00,688.260009765625,688.8200073242188,688.260009765625,688.77001953125,475177
2026-01-05 11:25:00-05:00,688.760009765625,688.8699951171875,688.530029296875,688.6400146484375,794871
2026-01-05 11:30:00-05:00,688.6300048828125,688.8599853515625,688.4434204101562,688.4799194335938,885406
2026-01-05 11:35:00-05:00,688.47998046875,688.9500122070312,688.4249877929688,688.8499755859375,612146
2026-01-05 11:40:00-05:00,688.8599853515625,688.9155883789062,688.6500244140625,688.8599853515625,725074
2026-01-05 11:45:00-05:00,688.8699951171875,689.25,688.7999877929688,689.219970703125,903130
2026-01-05 11:50:00-05:00,689.219970703125,689.4299926757812,688.9949951171875,689.0650024414062,1046198
2026-01-05 11:55:00-05:00,689.0599975585938,689.1099853515625,688.781982421875,688.9099731445312,1200544
2026-01-05 12:00:00-05:00,688.9099731445312,689.1300048828125,688.9000244140625,689.0800170898438,1566965
2026-01-05 12:05:00-05:00,689.0700073242188,689.114990234375,688.8200073242188,688.8699951171875,496989
2026-01-05 12:10:00-05:00,688.8699951171875,689.0499877929688,688.7899780273438,688.97998046875,316241
2026-01-05 12:15:00-05:00,688.9849853515625,689.0399780273438,688.5999755859375,688.6900024414062,413896
2026-01-05 12:20:00-05:00,688.6699829101562,688.7000122070312,688.4199829101562,688.5150146484375,452042
2026-01-05 12:25:00-05:00,688.5,688.5499877929688,688.2100219726562,688.3499755859375,580300
2026-01-05 12:30:00-05:00,688.3599243164062,688.5499877929688,688.2030029296875,688.2750244140625,480407
2026-01-05 12:35:00-05:00,688.2899780273438,688.6099853515625,688.25,688.530029296875,405888
2026-01-05 12:40:00-05:00,688.52001953125,688.5999755859375,688.3049926757812,688.3599853515625,372797
2026-01-05 12:45:00-05:00,688.3599853515625,688.7899780273438,688.3350219726562,688.6699829101562,344990
2026-01-05 12:50:00-05:00,688.6599731445312,688.6799926757812,688.280029296875,688.4600219726562,347087
2026-01-05 12:55:00-05:00,688.4600219726562,688.6400146484375,688.3150024414062,688.5800170898438,407804
2026-01-05 13:00:00-05:00,688.5700073242188,688.75,688.489990234375,688.6500244140625,294820
2026-01-05 13:05:00-05:00,688.6599731445312,688.6699829101562,688.0999755859375,688.3800048828125,388842
2026-01-05 13:10:00-05:00,688.3900146484375,688.52001953125,688.3300170898438,688.4199829101562,340518
2026-01-05 13:15:00-05:00,688.4199829101562,688.4199829101562,687.6500244140625,688.010009765625,879558
2026-01-05 13:20:00-05:00,688.0098876953125,688.22998046875,687.7849731445312,688.2100219726562,578797
2026-01-05 13:25:00-05:00,688.2150268554688,688.4199829101562,688.0900268554688,688.3800048828125,516490
2026-01-05 13:30:00-05:00,688.3599853515625,688.5700073242188,688.3099975585938,688.5,405906
2026-01-05 13:35:00-05:00,688.510009765625,688.5599975585938,688.2999877929688,688.489990234375,376041
2026-01-05 13:40:00-05:00,688.489990234375,688.6699829101562,688.4735717773438,688.5900268554688,376566
2026-01-05 13:45:00-05:00,688.594970703125,688.7750244140625,688.594970703125,688.5999755859375,440518
2026-01-05 13:50:00-05:00,688.5999755859375,688.6649780273438,688.47998046875,688.6500244140625,283186
2026-01-05 13:55:00-05:00,688.6400146484375,688.6400146484375,688.4500122070312,688.5399780273438,253715
2026-01-05 14:00:00-05:00,688.5399780273438,688.7150268554688,688.5050048828125,688.5999755859375,344450
2026-01-05 14:05:00-05:00,688.5900268554688,688.594970703125,688.344970703125,688.4249877929688,412289
2026-01-05 14:10:00-05:00,688.4199829101562,688.4349975585938,688.1599731445312,688.27001953125,451674
2026-01-05 14:15:00-05:00,688.27880859375,688.3900146484375,688.1900024414062,688.3099975585938,352350
2026-01-05 14:20:00-05:00,688.3099975585938,688.3699951171875,688.1900024414062,688.2100830078125,411369
2026-01-05 14:25:00-05:00,688.219970703125,688.364990234375,688.1300048828125,688.1849975585938,497093
2026-01-05 14:30:00-05:00,688.1900024414062,688.2999267578125,688.1400146484375,688.1799926757812,626127
2026-01-05 14:35:00-05:00,688.1799926757812,688.2100219726562,687.7000122070312,687.844970703125,559211
2026-01-05 14:40:00-05:00,687.8400268554688,687.8400268554688,687.2899780273438,687.6599731445312,890578
2026-01-05 14:45:00-05:00,687.6500244140625,688.0,687.6500244140625,687.8049926757812,801341
2026-01-05 14:50:00-05:00,687.809814453125,687.809814453125,687.5599975585938,687.6099853515625,406955
2026-01-05 14:55:00-05:00,687.6199951171875,687.8599853515625,687.52001953125,687.6198120117188,512164
2026-01-05 15:00:00-05:00,687.614990234375,687.7449951171875,687.5100708007812,687.5999755859375,586412
2026-01-05 15:05:00-05:00,687.5999755859375,688.02001953125,687.5800170898438,687.9600219726562,604463
2026-01-05 15:10:00-05:00,687.9600219726562,688.239990234375,687.9400024414062,688.1300048828125,582134
2026-01-05 15:15:00-05:00,688.1300048828125,688.2249755859375,687.8900146484375,687.9600219726562,509564
2026-01-05 15:20:00-05:00,687.9500122070312,688.0,687.780029296875,687.9600219726562,803135
2026-01-05 15:25:00-05:00,687.9600219726562,688.02001953125,687.8599853515625,687.9660034179688,528343
2026-01-05 15:30:00-05:00,687.9650268554688,688.1199951171875,687.8200073242188,687.9249877929688,766750
2026-01-05 15:35:00-05:00,687.9299926757812,688.094970703125,687.9110107421875,688.010009765625,819664
2026-01-05 15:40:00-05:00,688.010009765625,688.0161743164062,687.7899780273438,687.8099975585938,745699
2026-01-05 15:45:00-05:00,687.8074951171875,688.0399780273438,687.77001953125,687.8499755859375,1323431
2026-01-05 15:50:00-05:00,687.8499755859375,687.97998046875,687.27001953125,687.3049926757812,2098763
2026-01-05 15:55:00-05:00,687.3099975585938,687.77001953125,687.1599731445312,687.72998046875,5872845
2026-01-06 09:30:00-05:00,688.4600219726562,688.6199951171875,688.0900268554688,688.5599975585938,2029870
2026-01-06 09:35:00-05:00,688.030029296875,688.4600219726562,688.02001953125,688.1699829101562,1811384
2026-01-06 09:40:00-05:00,688.1799926757812,688.5250244140625,687.780029296875,688.5,1153061
2026-01-06 09:45:00-05:00,688.5,689.3900146484375,688.47998046875,689.2349853515625,1393479
2026-01-06 09:50:00-05:00,689.239990234375,689.8800048828125,689.2100219726562,689.7249755859375,1560048
2026-01-06 09:55:00-05:00,689.719970703125,690.1599731445312,689.6500244140625,690.0750122070312,1351656
2026-01-06 10:00:00-05:00,690.0750122070312,690.3800048828125,689.989990234375,690.125,1351312
2026-01-06 10:05:00-05:00,690.1300048828125,690.5999755859375,690.0900268554688,690.1900024414062,1266746
2026-01-06 10:10:00-05:00,690.1900024414062,690.6400146484375,690.1099853515625,690.60498046875,1020559
2026-01-06 10:15:00-05:00,690.6099853515625,690.6900024414062,690.2750244140625,690.510009765625,1085119
2026-01-06 10:20:00-05:00,690.510009765625,690.6513061523438,690.1199951171875,690.610107421875,615468
2026-01-06 10:25:00-05:00,690.7849731445312,690.7999267578125,690.530029296875,690.5349731445312,789384
2026-01-06 10:30:00-05:00,690.5549926757812,690.5549926757812,690.0499877929688,690.1099853515625,940421
2026-01-06 10:35:00-05:00,690.0999755859375,690.1400146484375,689.8419799804688,690.0299072265625,1122049
2026-01-06 10:40:00-05:00,689.9099731445312,689.9400024414062,689.6799926757812,689.7899780273438,1034154
2026-01-06 10:45:00-05:00,689.780029296875,689.98876953125,689.7349853515625,689.8800048828125,971934
2026-01-06 10:50:00-05:00,689.8099975585938,689.8099975585938,689.1300048828125,689.239990234375,1132042
2026-01-06 10:55:00-05:00,689.239990234375,689.239990234375,688.8200073242188,689.1599731445312,1183781
2026-01-06 11:00:00-05:00,688.864990234375,689.0700073242188,688.8099975585938,688.8200073242188,903485
2026-01-06 11:05:00-05:00,688.6900024414062,688.7000122070312,688.4299926757812,688.60498046875,1236137
2026-01-06 11:10:00-05:00,688.9478149414062,688.97998046875,688.8300170898438,688.864990234375,854938
2026-01-06 11:15:00-05:00,688.864990234375,688.97998046875,688.8400268554688,688.9199829101562,484489
2026-01-06 11:20:00-05:00,688.864990234375,689.4450073242188,688.8250122070312,689.3900146484375,501770
2026-01-06 11:25:00-05:00,689.3800048828125,689.3900146484375,688.9099731445312,689.0449829101562,669864
2026-01-06 11:30:00-05:00,689.0499877929688,689.260009765625,688.97998046875,689.219970703125,204465
2026-01-06 11:35:00-05:00,689.2550048828125,689.2550048828125,688.969970703125,689.1799926757812,1314949
2026-01-06 11:40:00-05:00,689.1900024414062,689.2159423828125,688.7366943359375,688.75,521054
2026-01-06 11:45:00-05:00,688.8499755859375,689.2612915039062,688.7902221679688,689.22998046875,1627854
2026-01-06 11:50:00-05:00,689.280029296875,689.5260009765625,689.2750244140625,689.344970703125,489755
2026-01-06 11:55:00-05:00,689.3300170898438,689.4600219726562,689.1300048828125,689.4299926757812,479159
2026-01-06 12:00:00-05:00,689.4299926757812,689.4550170898438,689.2050170898438,689.2999877929688,254787
2026-01-06 12:05:00-05:00,689.52001953125,689.8699951171875,689.52001953125,689.8200073242188,541602
2026-01-06 12:10:00-05:00,689.8300170898438,689.9600219726562,689.75,689.9600219726562,246083
2026-01-06 12:15:00-05:00,689.9949951171875,690.13671875,689.9849853515625,690.0501098632812,448549
2026-01-06 12:20:00-05:00,690.3699951171875,690.5349731445312,690.364990234375,690.4000244140625,880012
2026-01-06 12:25:00-05:00,690.4000244140625,690.5700073242188,690.4000244140625,690.469970703125,550669
2026-01-06 12:30:00-05:00,690.6300048828125,690.7100219726562,690.5399780273438,690.6900024414062,640248
2026-01-06 12:35:00-05:00,690.8200073242188,690.9000244140625,690.719970703125,690.8900146484375,723445
2026-01-06 12:40:00-05:00,690.7899780273438,690.8499755859375,690.5999755859375,690.7872924804688,966851
2026-01-06 12:45:00-05:00,690.7899780273438,690.8049926757812,690.6699829101562,690.780029296875,439787
2026-01-06 12:50:00-05:00,690.780029296875,690.9099731445312,690.7249755859375,690.907470703125,346664
2026-01-06 12:55:00-05:00,690.9000244140625,690.9749755859375,690.8400268554688,690.9450073242188,374625
2026-01-06 13:00:00-05:00,690.9500122070312,690.97998046875,690.6599731445312,690.8200073242188,408635
2026-01-06 13:05:00-05:00,690.6500244140625,690.75,690.5499877929688,690.7432861328125,414025
2026-01-06 13:10:00-05:00,690.8099975585938,690.89501953125,690.760009765625,690.8699951171875,341351
2026-01-06 13:15:00-05:00,691.0250244140625,691.2000122070312,691.0250244140625,691.1199951171875,724313
2026-01-06 13:20:00-05:00,691.1199951171875,691.1599731445312,690.9249877929688,691.0449829101562,376239
2026-01-06 13:25:00-05:00,691.0399780273438,691.0800170898438,690.8300170898438,690.8701782226562,283929
2026-01-06 13:30:00-05:00,690.8800048828125,690.989990234375,690.6771850585938,690.760009765625,383672
2026-01-06 13:35:00-05:00,690.760009765625,691.0399780273438,690.760009765625,691.030029296875,216981
2026-01-06 13:40:00-05:00,691.0609741210938,691.385009765625,691.0499877929688,691.3699951171875,634071
2026-01-06 13:45:00-05:00,691.3699951171875,691.6849975585938,691.3599853515625,691.5875854492188,770893
2026-01-06 13:50:00-05:00,691.5900268554688,691.625,691.510009765625,691.6199951171875,379878
2026-01-06 13:55:00-05:00,691.530029296875,691.6400146484375,691.5050048828125,691.6099853515625,347128
2026-01-06 14:00:00-05:00,691.8400268554688,691.8699951171875,691.7100219726562,691.719970703125,870778
2026-01-06 14:05:00-05:00,691.719970703125,691.8400268554688,691.7050170898438,691.780029296875,441436
2026-01-06 14:10:00-05:00,691.7899780273438,692.0399780273438,691.7899780273438,692.0399780273438,433320
2026-01-06 14:15:00-05:00,692.02001953125,692.0556030273438,691.9500122070312,691.989990234375,559616
2026-01-06 14:20:00-05:00,692.0449829101562,692.1199951171875,691.9600219726562,692.094970703125,547371
2026-01-06 14:25:00-05:00,692.0958862304688,692.1199951171875,691.9349975585938,691.9400024414062,470795
2026-01-06 14:30:00-05:00,691.947998046875,692.0800170898438,691.927978515625,692.010009765625,435547
2026-01-06 14:35:00-05:00,691.9400024414062,691.9749755859375,691.9000244140625,691.9450073242188,452431
2026-01-06 14:40:00-05:00,692.0,692.1599731445312,692.0,692.0800170898438,754090
2026-01-06 14:45:00-05:00,692.0800170898438,692.125,691.989990234375,692.010009765625,341689
2026-01-06 14:50:00-05:00,692.0198974609375,692.030029296875,691.8200073242188,691.844970703125,514794
2026-01-06 14:55:00-05:00,691.840087890625,691.9199829101562,691.8200073242188,691.9000244140625,195651
2026-01-06 15:00:00-05:00,691.905029296875,692.1699829101562,691.905029296875,692.1099853515625,843206
2026-01-06 15:05:00-05:00,692.1099853515625,692.176025390625,692.0,692.0499877929688,424180
2026-01-06 15:10:00-05:00,691.93798828125,692.1099853515625,691.9299926757812,692.0599975585938,550654
2026-01-06 15:15:00-05:00,692.0599975585938,692.239990234375,691.989990234375,692.02001953125,859091
2026-01-06 15:20:00-05:00,692.030029296875,692.030029296875,691.969970703125,692.0200805664062,115920
2026-01-06 15:25:00-05:00,691.989990234375,692.0399780273438,691.969970703125,692.02001953125,787833
2026-01-06 15:30:00-05:00,691.9500122070312,691.9849853515625,691.9450073242188,691.9650268554688,495723
2026-01-06 15:35:00-05:00,691.9600219726562,692.219970703125,691.9600219726562,692.1799926757812,1991187
2026-01-06 15:40:00-05:00,692.1749877929688,692.22998046875,692.14501953125,692.2100219726562,186122
2026-01-06 15:45:00-05:00,692.0900268554688,692.1900024414062,692.0349731445312,692.0900268554688,1630862
2026-01-06 15:50:00-05:00,692.0800170898438,692.260009765625,692.0,692.2249755859375,2006932
2026-01-06 15:55:00-05:00,692.22998046875,692.3150024414062,692.030029296875,692.0499877929688,640046
2026-01-07 09:30:00-05:00,692.1900024414062,692.4299926757812,691.7100219726562,691.8643798828125,2538461
2026-01-07 09:35:00-05:00,691.8699951171875,692.4199829101562,691.8699951171875,692.4099731445312,1038888
2026-01-07 09:40:00-05:00,692.4199829101562,692.7949829101562,692.2512817382812,692.7412719726562,1161137
2026-01-07 09:45:00-05:00,692.7421264648438,693.0900268554688,692.6300048828125,692.6900024414062,1268921
2026-01-07 09:50:00-05:00,692.6900024414062,692.8499755859375,692.3800048828125,692.5599975585938,799412
2026-01-07 09:55:00-05:00,692.5700073242188,692.8350219726562,692.489990234375,692.5665283203125,630639
2026-01-07 10:00:00-05:00,692.5999755859375,692.77001953125,691.594970703125,691.9000244140625,1560072
2026-01-07 10:05:00-05:00,691.905029296875,692.2999877929688,691.75,691.969970703125,1015061
2026-01-07 10:10:00-05:00,691.969970703125,692.010009765625,691.530029296875,691.6199951171875,765345
2026-01-07 10:15:00-05:00,691.6199951171875,691.6400146484375,691.1199951171875,691.25,1197460
2026-01-07 10:20:00-05:00,691.239990234375,691.6799926757812,691.0999755859375,691.5700073242188,961396
2026-01-07 10:25:00-05:00,691.5800170898438,691.9395141601562,691.260009765625,691.6719970703125,716397
2026-01-07 10:30:00-05:00,691.6699829101562,692.1599731445312,691.4299926757812,692.1209716796875,963963
2026-01-07 10:35:00-05:00,692.1199951171875,692.52001953125,690.9600219726562,691.7999877929688,2083872
2026-01-07 10:40:00-05:00,691.8099975585938,692.25,691.530029296875,691.72998046875,1021749
2026-01-07 10:45:00-05:00,691.72998046875,692.4249877929688,691.6699829101562,692.3900146484375,696995
2026-01-07 10:50:00-05:00,692.4000244140625,692.510009765625,692.260009765625,692.4199829101562,605802
2026-01-07 10:55:00-05:00,692.4197998046875,692.5999755859375,692.3300170898438,692.5050048828125,496535
2026-01-07 11:00:00-05:00,692.510009765625,692.8250122070312,692.4400024414062,692.719970703125,629883
2026-01-07 11:05:00-05:00,692.719970703125,692.7550048828125,692.5460205078125,692.6199951171875,439854
2026-01-07 11:10:00-05:00,692.6400146484375,692.6599731445312,692.4199829101562,692.5850219726562,444848
2026-01-07 11:15:00-05:00,692.5850219726562,692.7050170898438,692.5349731445312,692.6199951171875,414803
2026-01-07 11:20:00-05:00,692.6099853515625,692.6099853515625,692.3099975585938,692.39501953125,535299
2026-01-07 11:25:00-05:00,692.3900146484375,692.4099731445312,691.9199829101562,692.25,656014
2026-01-07 11:30:00-05:00,692.25,692.530029296875,692.1682739257812,692.344970703125,750163
2026-01-07 11:35:00-05:00,692.3699951171875,692.4849853515625,692.27001953125,692.4299926757812,389044
2026-01-07 11:40:00-05:00,692.4299926757812,693.25,692.4249877929688,693.2000732421875,785401
2026-01-07 11:45:00-05:00,693.2100219726562,693.4299926757812,693.1099853515625,693.1799926757812,856358
2026-01-07 11:50:00-05:00,693.1749877929688,693.3300170898438,693.0399780273438,693.3300170898438,530227
2026-01-07 11:55:00-05:00,693.3400268554688,693.5599975585938,693.3300170898438,693.5050048828125,607796
2026-01-07 12:00:00-05:00,693.52001953125,693.72998046875,693.469970703125,693.6799926757812,580273
2026-01-07 12:05:00-05:00,693.6699829101562,693.9600219726562,693.6699829101562,693.8300170898438,600732
2026-01-07 12:10:00-05:00,693.8300170898438,693.8599853515625,693.6199951171875,693.710205078125,593861
2026-01-07 12:15:00-05:00,693.7150268554688,693.7849731445312,693.5599975585938,693.77001953125,414759
2026-01-07 12:20:00-05:00,693.7750244140625,693.9498901367188,693.77001953125,693.9000244140625,450502
2026-01-07 12:25:00-05:00,693.8944091796875,693.905029296875,693.5999755859375,693.6596069335938,473349
2026-01-07 12:30:00-05:00,693.6599731445312,693.7150268554688,693.405029296875,693.52001953125,543167
2026-01-07 12:35:00-05:00,693.510009765625,693.5700073242188,693.3400268554688,693.5698852539062,374305
2026-01-07 12:40:00-05:00,693.5650024414062,693.780029296875,693.4249877929688,693.75,492791
2026-01-07 12:45:00-05:00,693.75,693.7899780273438,693.3499755859375,693.39501953125,702694
2026-01-07 12:50:00-05:00,693.3900146484375,693.4000244140625,692.780029296875,693.0700073242188,1038554
2026-01-07 12:55:00-05:00,693.0700073242188,693.2150268554688,692.905029296875,692.989990234375,554737
2026-01-07 13:00:00-05:00,692.989990234375,693.010009765625,692.7650146484375,692.8699951171875,607399
2026-01-07 13:05:00-05:00,692.8599853515625,692.989990234375,692.8101196289062,692.8767700195312,415797
2026-01-07 13:10:00-05:00,692.875,692.875,692.5900268554688,692.7799072265625,594059
2026-01-07 13:15:00-05:00,692.780029296875,692.780029296875,692.2249755859375,692.4099731445312,896775
2026-01-07 13:20:00-05:00,692.405029296875,692.469970703125,692.1500244140625,692.3699951171875,561009
2026-01-07 13:25:00-05:00,692.3599853515625,692.4099731445312,692.0399780273438,692.1300048828125,633785
2026-01-07 13:30:00-05:00,692.1300048828125,692.5900268554688,692.1300048828125,692.5800170898438,632612
2026-01-07 13:35:00-05:00,692.5750122070312,692.5999755859375,692.392578125,692.510009765625,589532
2026-01-07 13:40:00-05:00,692.510009765625,692.8400268554688,692.510009765625,692.72998046875,554566
2026-01-07 13:45:00-05:00,692.72998046875,692.9500122070312,692.5823974609375,692.9450073242188,571008
2026-01-07 13:50:00-05:00,692.9450073242188,693.14501953125,692.9000244140625,693.0,624549
2026-01-07 13:55:00-05:00,693.0,693.0499877929688,692.614990234375,692.8250122070312,644397
2026-01-07 14:00:00-05:00,692.8300170898438,692.8900146484375,692.5999755859375,692.8900146484375,611745
2026-01-07 14:05:00-05:00,692.885009765625,692.8900146484375,692.280029296875,692.3599853515625,848516
2026-01-07 14:10:00-05:00,692.3599853515625,692.375,691.719970703125,691.9650268554688,1323713
2026-01-07 14:15:00-05:00,691.9650268554688,692.02001953125,691.4500122070312,691.9600219726562,1069947
2026-01-07 14:20:00-05:00,691.9500122070312,691.989990234375,691.6099853515625,691.6849975585938,555749
2026-01-07 14:25:00-05:00,691.7000122070312,691.739990234375,691.489990234375,691.6799926757812,530508
2026-01-07 14:30:00-05:00,691.6799926757812,692.0700073242188,691.5800170898438,692.030029296875,612412
2026-01-07 14:35:00-05:00,692.02001953125,692.1599731445312,691.9249877929688,692.0499877929688,607160
2026-01-07 14:40:00-05:00,692.0499877929688,692.0599975585938,691.7050170898438,691.9600219726562,498103
2026-01-07 14:45:00-05:00,691.9550170898438,692.02001953125,691.8200073242188,691.9099731445312,366404
2026-01-07 14:50:00-05:00,691.9099731445312,691.9749755859375,691.7249755859375,691.9450073242188,602287
2026-01-07 14:55:00-05:00,691.9400024414062,691.9550170898438,691.719970703125,691.739990234375,1597548
2026-01-07 15:00:00-05:00,691.75,691.8150024414062,691.5650024414062,691.72998046875,753245
2026-01-07 15:05:00-05:00,691.719970703125,691.760009765625,691.3499755859375,691.4375,732196
2026-01-07 15:10:00-05:00,691.4299926757812,691.4400024414062,690.7000122070312,690.780029296875,1366361
2026-01-07 15:15:00-05:00,690.780029296875,691.0999755859375,690.489990234375,691.0800170898438,1204047
2026-01-07 15:20:00-05:00,691.0700073242188,691.1199951171875,690.5700073242188,690.5906982421875,1236443
2026-01-07 15:25:00-05:00,690.5999755859375,690.6699829101562,690.1174926757812,690.3599853515625,1521638
2026-01-07 15:30:00-05:00,690.3599853515625,690.3699951171875,689.7249755859375,689.77001953125,1809505
2026-01-07 15:35:00-05:00,689.7650146484375,689.77001953125,689.3800048828125,689.4500122070312,1922433
2026-01-07 15:40:00-05:00,689.4600219726562,689.8380126953125,689.3200073242188,689.6500244140625,1478068
2026-01-07 15:45:00-05:00,689.6599731445312,689.780029296875,689.469970703125,689.64501953125,2125949
2026-01-07 15:50:00-05:00,689.64501953125,689.9600219726562,689.6199951171875,689.8300170898438,2046306
2026-01-07 15:55:00-05:00,689.8300170898438,689.8300170898438,689.3499755859375,689.5900268554688,4273252
2026-01-08 09:30:00-05:00,688.8200073242188,689.2999877929688,688.3150024414062,688.39501953125,3169431
2026-01-08 09:35:00-05:00,688.4000244140625,689.260009765625,688.3599853515625,688.4249877929688,1469376
2026-01-08 09:40:00-05:00,688.4299926757812,688.7999877929688,687.5800170898438,687.8250122070312,1780701
2026-01-08 09:45:00-05:00,687.8300170898438,689.010009765625,687.489990234375,688.6400146484375,1683079
2026-01-08 09:50:00-05:00,688.635009765625,689.1599731445312,688.219970703125,688.7999877929688,1220183
2026-01-08 09:55:00-05:00,688.7999877929688,688.9500122070312,688.219970703125,688.280029296875,988394
2026-01-08 10:00:00-05:00,688.280029296875,688.6500244140625,687.8499755859375,688.5399780273438,1638965
2026-01-08 10:05:00-05:00,688.5399780273438,689.8499755859375,688.3900146484375,689.7899780273438,1779001
2026-01-08 10:10:00-05:00,689.7999877929688,689.8150024414062,689.3099975585938,689.6799926757812,1237650
2026-01-08 10:15:00-05:00,689.6799926757812,690.02001953125,689.52001953125,689.7899780273438,860584
2026-01-08 10:20:00-05:00,689.7899780273438,689.969970703125,689.5,689.739990234375,651617
2026-01-08 10:25:00-05:00,689.72998046875,689.9299926757812,689.3980102539062,689.6300048828125,738825
2026-01-08 10:30:00-05:00,689.6500244140625,689.8499755859375,689.2000122070312,689.4299926757812,587401
2026-01-08 10:35:00-05:00,689.4249877929688,689.5599975585938,688.719970703125,689.4400024414062,1168648
2026-01-08 10:40:00-05:00,689.4349975585938,689.969970703125,689.260009765625,689.7100219726562,882840
2026-01-08 10:45:00-05:00,689.6950073242188,689.9299926757812,689.0499877929688,689.1900024414062,858560
2026-01-08 10:50:00-05:00,689.1799926757812,689.3499755859375,688.530029296875,688.5800170898438,810326
2026-01-08 10:55:00-05:00,688.5700073242188,689.8900146484375,688.510009765625,689.8400268554688,1265720
2026-01-08 11:00:00-05:00,689.8499755859375,689.9749755859375,689.6199951171875,689.9000244140625,876554
2026-01-08 11:05:00-05:00,689.89501953125,689.9194946289062,689.02001953125,689.119873046875,681026
2026-01-08 11:10:00-05:00,689.1199951171875,689.4600219726562,688.8499755859375,688.9099731445312,812471
2026-01-08 11:15:00-05:00,688.9099731445312,689.239990234375,688.6500244140625,689.10498046875,786486
2026-01-08 11:20:00-05:00,689.1199951171875,689.5650024414062,689.0,689.1500244140625,519121
2026-01-08 11:25:00-05:00,689.1400146484375,689.469970703125,688.8499755859375,689.0800170898438,489095
2026-01-08 11:30:00-05:00,689.0800170898438,689.489990234375,688.9199829101562,689.1500244140625,599092
2026-01-08 11:35:00-05:00,689.1400146484375,689.3699951171875,688.4400024414062,689.2249755859375,700030
2026-01-08 11:40:00-05:00,689.22998046875,689.7050170898438,689.1799926757812,689.5999755859375,659476
2026-01-08 11:45:00-05:00,689.6099853515625,690.0850219726562,689.5599975585938,689.8200073242188,641305
2026-01-08 11:50:00-05:00,689.8400268554688,689.8800048828125,689.1500244140625,689.2949829101562,613133
2026-01-08 11:55:00-05:00,689.2999877929688,689.969970703125,689.22998046875,689.9000244140625,596202
2026-01-08 12:00:00-05:00,689.8900146484375,689.9400024414062,689.4400024414062,689.5900268554688,453123
2026-01-08 12:05:00-05:00,689.5850219726562,689.7999267578125,689.4199829101562,689.5,378218
2026-01-08 12:10:00-05:00,689.47998046875,689.594970703125,689.260009765625,689.510009765625,442073
2026-01-08 12:15:00-05:00,689.5,689.9600219726562,689.3900146484375,689.9199829101562,298341
2026-01-08 12:20:00-05:00,689.9500122070312,690.0,689.530029296875,689.5349731445312,456568
2026-01-08 12:25:00-05:00,689.530029296875,689.530029296875,689.1199951171875,689.3499755859375,393061
2026-01-08 12:30:00-05:00,689.3499755859375,689.9849853515625,689.3242797851562,689.8800048828125,425971
2026-01-08 12:35:00-05:00,689.8599853515625,690.0399780273438,689.780029296875,689.9199829101562,336628
2026-01-08 12:40:00-05:00,689.9199829101562,690.219970703125,689.8574829101562,690.059326171875,477777
2026-01-08 12:45:00-05:00,690.0599975585938,690.25,689.9299926757812,690.1900024414062,379579
2026-01-08 12:50:00-05:00,690.1900024414062,690.614990234375,690.1900024414062,690.469970703125,667303
2026-01-08 12:55:00-05:00,690.47998046875,690.52001953125,690.0399780273438,690.0900268554688,392468
2026-01-08 13:00:00-05:00,690.0900268554688,690.1900024414062,689.77001953125,689.8599853515625,678147
2026-01-08 13:05:00-05:00,689.8499755859375,689.8499755859375,689.489990234375,689.6298828125,617149
2026-01-08 13:10:00-05:00,689.6300048828125,689.6699829101562,688.8300170898438,688.9349975585938,726453
2026-01-08 13:15:00-05:00,688.9249877929688,689.6400146484375,688.7899780273438,689.6300048828125,587732
2026-01-08 13:20:00-05:00,689.6500244140625,689.7265014648438,689.2308959960938,689.4099731445312,534535
2026-01-08 13:25:00-05:00,689.4099731445312,689.6300048828125,689.25,689.5,337278
2026-01-08 13:30:00-05:00,689.5,689.5599975585938,689.260009765625,689.2999877929688,399664
2026-01-08 13:35:00-05:00,689.2999877929688,689.5599975585938,689.25,689.280029296875,265166
2026-01-08 13:40:00-05:00,689.280029296875,689.4949951171875,689.2449951171875,689.4199829101562,297028
2026-01-08 13:45:00-05:00,689.4099731445312,689.8049926757812,689.2401123046875,689.635009765625,299867
2026-01-08 13:50:00-05:00,689.6400146484375,689.7000122070312,689.02001953125,689.030029296875,445751
2026-01-08 13:55:00-05:00,689.0,689.1500244140625,688.760009765625,688.8900146484375,416334
2026-01-08 14:00:00-05:00,688.8900146484375,689.3300170898438,688.7000122070312,689.1699829101562,579329
2026-01-08 14:05:00-05:00,689.1699829101562,689.3400268554688,689.0599975585938,689.0599975585938,366686
2026-01-08 14:10:00-05:00,689.0599975585938,689.10498046875,688.6099853515625,688.6699829101562,491165
2026-01-08 14:15:00-05:00,688.6699829101562,688.9949951171875,688.280029296875,688.969970703125,747620
2026-01-08 14:20:00-05:00,688.97998046875,689.2899780273438,688.8499755859375,688.9500122070312,543100
2026-01-08 14:25:00-05:00,688.9500122070312,688.97998046875,688.72998046875,688.9199829101562,280516
2026-01-08 14:30:00-05:00,688.9299926757812,689.3300170898438,688.885009765625,688.9949951171875,565299
2026-01-08 14:35:00-05:00,688.989990234375,689.0499877929688,688.719970703125,688.7550048828125,429584
2026-01-08 14:40:00-05:00,688.760009765625,688.927978515625,688.5899047851562,688.6900024414062,295561
2026-01-08 14:45:00-05:00,688.7000122070312,688.9099731445312,688.6500244140625,688.8800048828125,332843
2026-01-08 14:50:00-05:00,688.8599853515625,689.1400146484375,688.760009765625,688.8900146484375,302655
2026-01-08 14:55:00-05:00,688.8900146484375,688.8900146484375,688.5700073242188,688.8599853515625,708405
2026-01-08 15:00:00-05:00,688.8499755859375,689.0800170898438,688.7100219726562,688.9650268554688,426982
2026-01-08 15:05:00-05:00,688.9600219726562,689.010009765625,688.72998046875,688.8900146484375,456448
2026-01-08 15:10:00-05:00,688.8800048828125,689.3150024414062,688.8699951171875,689.2650146484375,646737
2026-01-08 15:15:00-05:00,689.27001953125,689.3200073242188,688.9359741210938,688.97998046875,477869
2026-01-08 15:20:00-05:00,688.97998046875,689.2999877929688,688.8499755859375,689.1099853515625,466439
2026-01-08 15:25:00-05:00,689.1199951171875,689.6500244140625,689.1199951171875,689.5750122070312,773314
2026-01-08 15:30:00-05:00,689.5700073242188,689.8800048828125,689.5549926757812,689.875,1079401
2026-01-08 15:35:00-05:00,689.8800048828125,690.0549926757812,689.489990234375,689.5349731445312,1240518
2026-01-08 15:40:00-05:00,689.5399780273438,689.7050170898438,689.2550048828125,689.4400024414062,896324
2026-01-08 15:45:00-05:00,689.4299926757812,689.655029296875,689.344970703125,689.5499877929688,895099
2026-01-08 15:50:00-05:00,689.5399780273438,689.8699951171875,689.280029296875,689.75,1283003
2026-01-08 15:55:00-05:00,689.75,689.8599853515625,689.3900146484375,689.4400024414062,3221785
2026-01-09 09:30:00-05:00,690.5,691.239990234375,690.4600219726562,690.9199829101562,3814712
2026-01-09 09:35:00-05:00,690.9249877929688,692.2949829101562,690.9000244140625,691.9598999023438,1849295
2026-01-09 09:40:00-05:00,691.9600219726562,692.2000122070312,691.2000122070312,691.3800048828125,1348483
2026-01-09 09:45:00-05:00,691.3699951171875,691.8699951171875,690.510009765625,691.010009765625,1454722
2026-01-09 09:50:00-05:00,690.989990234375,691.739990234375,690.6699829101562,691.4199829101562,1283994
2026-01-09 09:55:00-05:00,691.4099731445312,691.6400146484375,690.6699829101562,691.510009765625,911496
2026-01-09 10:00:00-05:00,691.5599975585938,691.97998046875,690.5599975585938,690.6199951171875,1515357
2026-01-09 10:05:00-05:00,690.5999755859375,690.7000122070312,689.1799926757812,689.5800170898438,2023485
2026-01-09 10:10:00-05:00,689.614990234375,691.3200073242188,689.469970703125,691.280029296875,1560416
2026-01-09 10:15:00-05:00,691.280029296875,691.6199951171875,690.8900146484375,691.530029296875,1064469
2026-01-09 10:20:00-05:00,691.5499877929688,692.5499877929688,691.22998046875,692.4650268554688,1175543
2026-01-09 10:25:00-05:00,692.47998046875,693.3400268554688,692.39501953125,693.125,1425700
2026-01-09 10:30:00-05:00,693.1300048828125,693.4500122070312,692.6199951171875,693.2000122070312,1684256
2026-01-09 10:35:00-05:00,693.2000122070312,693.2899780273438,692.760009765625,692.7626953125,1004232
2026-01-09 10:40:00-05:00,692.7650146484375,692.8699951171875,691.6400146484375,691.6699829101562,1131910
2026-01-09 10:45:00-05:00,691.6799926757812,692.1199951171875,691.280029296875,691.47998046875,1246369
2026-01-09 10:50:00-05:00,691.47998046875,692.1199951171875,691.4299926757812,691.510009765625,661479
2026-01-09 10:55:00-05:00,691.510009765625,692.0,691.2999877929688,691.9299926757812,682018
2026-01-09 11:00:00-05:00,691.9299926757812,692.72998046875,691.9299926757812,692.5999755859375,831694
2026-01-09 11:05:00-05:00,692.5999755859375,693.1900024414062,692.5250244140625,693.114990234375,846519
2026-01-09 11:10:00-05:00,693.10498046875,693.6500244140625,692.8400268554688,693.4550170898438,1289669
2026-01-09 11:15:00-05:00,693.4550170898438,693.5549926757812,693.239990234375,693.3900146484375,962538
2026-01-09 11:20:00-05:00,693.385009765625,693.5499877929688,693.155029296875,693.260009765625,585104
2026-01-09 11:25:00-05:00,693.2550048828125,693.260009765625,692.8200073242188,692.8599243164062,541179
2026-01-09 11:30:00-05:00,692.8499755859375,693.1199951171875,692.5750122070312,692.6784057617188,477963
2026-01-09 11:35:00-05:00,692.6699829101562,693.094970703125,692.5449829101562,692.97998046875,623884
2026-01-09 11:40:00-05:00,692.97998046875,693.25,692.6900024414062,693.1649780273438,410442
2026-01-09 11:45:00-05:00,693.1500244140625,693.7100219726562,693.1400146484375,693.6599731445312,653496
2026-01-09 11:50:00-05:00,693.6646118164062,694.030029296875,693.6599731445312,693.9500122070312,959912
2026-01-09 11:55:00-05:00,693.9500122070312,694.02001953125,693.780029296875,693.8900146484375,595902
2026-01-09 12:00:00-05:00,693.8800048828125,694.2150268554688,693.719970703125,694.2150268554688,571879
2026-01-09 12:05:00-05:00,694.219970703125,694.2750244140625,694.0599975585938,694.114990234375,533045
2026-01-09 12:10:00-05:00,694.1300048828125,694.1900024414062,693.8699951171875,694.1799926757812,447401
2026-01-09 12:15:00-05:00,694.1699829101562,694.1799926757812,693.760009765625,693.8200073242188,375537
2026-01-09 12:20:00-05:00,693.8150024414062,694.260009765625,693.7999877929688,694.22998046875,460900
2026-01-09 12:25:00-05:00,694.2301025390625,694.3800048828125,694.1649780273438,694.219970703125,422339
2026-01-09 12:30:00-05:00,694.22998046875,694.5,694.1599731445312,694.4299926757812,507773
2026-01-09 12:35:00-05:00,694.4299926757812,694.4500122070312,694.239990234375,694.3300170898438,427564
2026-01-09 12:40:00-05:00,694.3200073242188,694.3200073242188,694.010009765625,694.0900268554688,308135
2026-01-09 12:45:00-05:00,694.0850219726562,694.3099975585938,694.0050048828125,694.1500244140625,461274
2026-01-09 12:50:00-05:00,694.1599731445312,694.3900146484375,694.010009765625,694.0549926757812,464643
2026-01-09 12:55:00-05:00,694.0590209960938,694.219970703125,693.9500122070312,693.9749755859375,416745
2026-01-09 13:00:00-05:00,693.9600219726562,693.9600219726562,693.64501953125,693.7098999023438,539570
2026-01-09 13:05:00-05:00,693.7100219726562,694.0100708007812,693.469970703125,693.5,463509
2026-01-09 13:10:00-05:00,693.5,693.72998046875,693.4949951171875,693.6749877929688,428741
2026-01-09 13:15:00-05:00,693.6699829101562,693.8599853515625,693.5999755859375,693.6300048828125,277238
2026-01-09 13:20:00-05:00,693.6300048828125,693.739990234375,693.5399780273438,693.5900268554688,322846
2026-01-09 13:25:00-05:00,693.5900268554688,693.8900146484375,693.3599853515625,693.8699951171875,478477
2026-01-09 13:30:00-05:00,693.8699951171875,694.280029296875,693.85498046875,694.2510986328125,336422
2026-01-09 13:35:00-05:00,694.239990234375,694.7349853515625,694.22998046875,694.7050170898438,682647
2026-01-09 13:40:00-05:00,694.7100219726562,694.889892578125,694.49951171875,694.52001953125,693098
2026-01-09 13:45:00-05:00,694.52001953125,694.6649780273438,694.4400024414062,694.6099853515625,468387
2026-01-09 13:50:00-05:00,694.6099853515625,694.639892578125,694.4199829101562,694.5250244140625,410354
2026-01-09 13:55:00-05:00,694.530029296875,694.6699829101562,694.4400024414062,694.530029296875,375859
2026-01-09 14:00:00-05:00,694.52001953125,694.5750732421875,694.3599853515625,694.5,427402
2026-01-09 14:05:00-05:00,694.4949951171875,694.677978515625,694.4149780273438,694.6699829101562,311464
2026-01-09 14:10:00-05:00,694.6649780273438,694.77001953125,694.5050048828125,694.5700073242188,398493
2026-01-09 14:15:00-05:00,694.5700073242188,694.8200073242188,694.5700073242188,694.739990234375,352993
2026-01-09 14:20:00-05:00,694.739990234375,694.844970703125,694.6900024414062,694.780029296875,369206
2026-01-09 14:25:00-05:00,694.780029296875,694.8400268554688,694.6500244140625,694.8099975585938,330353
2026-01-09 14:30:00-05:00,694.8049926757812,694.8900146484375,694.7150268554688,694.75,549946
2026-01-09 14:35:00-05:00,694.75,694.8499755859375,694.7150268554688,694.77001953125,483066
2026-01-09 14:40:00-05:00,694.77001953125,694.8499755859375,694.7100219726562,694.8099975585938,389897
2026-01-09 14:45:00-05:00,694.8099975585938,695.0800170898438,694.7550048828125,695.02001953125,491244
2026-01-09 14:50:00-05:00,695.010009765625,695.22998046875,695.010009765625,695.0599975585938,607120
2026-01-09 14:55:00-05:00,695.0700073242188,695.0700073242188,694.8699951171875,694.89990234375,626420
2026-01-09 15:00:00-05:00,694.8900146484375,695.1500244140625,694.8101196289062,695.0,435233
2026-01-09 15:05:00-05:00,695.0,695.0700073242188,694.8900146484375,694.9259033203125,485655
2026-01-09 15:10:00-05:00,694.9299926757812,694.9600219726562,694.760009765625,694.8165283203125,470952
2026-01-09 15:15:00-05:00,694.8200073242188,694.989990234375,694.760009765625,694.9459838867188,531218
2026-01-09 15:20:00-05:00,694.9600219726562,695.2750244140625,694.9500122070312,695.219970703125,937770
2026-01-09 15:25:00-05:00,695.2150268554688,695.3099975585938,695.0,695.0250244140625,793215
2026-01-09 15:30:00-05:00,695.02001953125,695.1199951171875,694.9199829101562,695.1099243164062,787828
2026-01-09 15:35:00-05:00,695.0999755859375,695.1099853515625,694.8200073242188,694.8400268554688,1051279
2026-01-09 15:40:00-05:00,694.8499755859375,694.9000244140625,694.6799926757812,694.8200073242188,1536845
2026-01-09 15:45:00-05:00,694.8099975585938,694.9197998046875,694.6749877929688,694.7150268554688,1169125
2026-01-09 15:50:00-05:00,694.7100219726562,694.8250122070312,694.3599853515625,694.5499877929688,2926213
2026-01-09 15:55:00-05:00,694.5399780273438,694.5399780273438,693.9000244140625,693.989990234375,4151366
2026-01-12 09:30:00-05:00,691.3300170898438,692.260009765625,691.2100219726562,691.8800048828125,4038158
2026-01-12 09:35:00-05:00,691.8800048828125,692.75,691.6599731445312,692.6799926757812,1776852
2026-01-12 09:40:00-05:00,692.6799926757812,693.22998046875,692.4000854492188,692.7498779296875,1809282
2026-01-12 09:45:00-05:00,692.760009765625,693.1699829101562,692.5399780273438,693.0198974609375,1247481
2026-01-12 09:50:00-05:00,693.02001953125,693.75,692.8699951171875,693.4349975585938,1353833
2026-01-12 09:55:00-05:00,693.4099731445312,693.9000244140625,693.3800048828125,693.6300048828125,1097421
2026-01-12 10:00:00-05:00,693.6400146484375,693.7899780273438,693.1699829101562,693.3300170898438,1250485
2026-01-12 10:05:00-05:00,693.3300170898438,693.5499877929688,693.1699829101562,693.219970703125,759458
2026-01-12 10:10:00-05:00,693.2100219726562,693.4400024414062,693.0,693.3198852539062,1121045
2026-01-12 10:15:00-05:00,693.3200073242188,693.530029296875,693.0700073242188,693.4387817382812,932011
2026-01-12 10:20:00-05:00,693.4500122070312,693.8099975585938,693.1801147460938,693.5399780273438,890884
2026-01-12 10:25:00-05:00,693.5499877929688,693.6599731445312,693.3499755859375,693.5700073242188,656136
2026-01-12 10:30:00-05:00,693.5650024414062,693.6099853515625,692.989990234375,693.1400146484375,868765
2026-01-12 10:35:00-05:00,693.1300048828125,693.4349975585938,692.9600219726562,693.4000244140625,774299
2026-01-12 10:40:00-05:00,693.4099731445312,693.4949951171875,693.010009765625,693.39501953125,819167
2026-01-12 10:45:00-05:00,693.3900146484375,693.510009765625,693.0599975585938,693.4500122070312,567610
2026-01-12 10:50:00-05:00,693.4500122070312,693.8099975585938,693.2449951171875,693.7650146484375,591824
2026-01-12 10:55:00-05:00,693.77001953125,694.0599975585938,693.6649780273438,693.9099731445312,699091
2026-01-12 11:00:00-05:00,693.9149780273438,693.9600219726562,693.6599731445312,693.9000244140625,663378
2026-01-12 11:05:00-05:00,693.89501953125,694.1300048828125,693.8699951171875,694.0750122070312,632935
2026-01-12 11:10:00-05:00,694.0700073242188,694.47998046875,694.0599975585938,694.47998046875,750465
2026-01-12 11:15:00-05:00,694.469970703125,694.6799926757812,694.3800048828125,694.5599975585938,959555
2026-01-12 11:20:00-05:00,694.5499877929688,694.6699829101562,694.2000122070312,694.4199829101562,914240
2026-01-12 11:25:00-05:00,694.4199829101562,694.4500122070312,694.0,694.22998046875,587928
2026-01-12 11:30:00-05:00,694.239990234375,694.4099731445312,694.0700073242188,694.3699951171875,393294
2026-01-12 11:35:00-05:00,694.3699951171875,694.52001953125,694.3200073242188,694.4249877929688,430916
2026-01-12 11:40:00-05:00,694.4400024414062,694.5999755859375,694.27001953125,694.3350219726562,325886
2026-01-12 11:45:00-05:00,694.3400268554688,694.6900024414062,694.2000122070312,694.6500244140625,977584
2026-01-12 11:50:00-05:00,694.6599731445312,694.75,694.5499877929688,694.7000122070312,385969
2026-01-12 11:55:00-05:00,694.7100219726562,694.8599853515625,694.530029296875,694.5599975585938,467839
2026-01-12 12:00:00-05:00,694.5599975585938,694.8399047851562,694.4400024414062,694.6900024414062,431887
2026-01-12 12:05:00-05:00,694.7000122070312,694.7349853515625,694.3599853515625,694.405029296875,358030
2026-01-12 12:10:00-05:00,694.4000244140625,694.67822265625,694.4000244140625,694.5900268554688,356052
2026-01-12 12:15:00-05:00,694.5800170898438,694.5900268554688,694.25,694.3400268554688,387739
2026-01-12 12:20:00-05:00,694.3499755859375,694.6400146484375,694.2899780273438,694.4299926757812,641718
2026-01-12 12:25:00-05:00,694.4199829101562,694.5599975585938,694.2999877929688,694.5349731445312,423780
2026-01-12 12:30:00-05:00,694.530029296875,694.5499877929688,694.3099975585938,694.3800048828125,361669
2026-01-12 12:35:00-05:00,694.385009765625,694.4500122070312,694.1699829101562,694.1710815429688,363874
2026-01-12 12:40:00-05:00,694.172119140625,694.47998046875,694.0999755859375,694.4400024414062,344636
2026-01-12 12:45:00-05:00,694.4500122070312,694.6400146484375,694.4099731445312,694.5650024414062,319506
2026-01-12 12:50:00-05:00,694.5750122070312,694.75,694.4299926757812,694.72021484375,332947
2026-01-12 12:55:00-05:00,694.719970703125,694.760009765625,694.6300048828125,694.6600952148438,345568
2026-01-12 13:00:00-05:00,694.6699829101562,694.9450073242188,694.5850219726562,694.9349975585938,432278
2026-01-12 13:05:00-05:00,694.9299926757812,695.0549926757812,694.8800048828125,694.9949951171875,483345
2026-01-12 13:10:00-05:00,694.9949951171875,695.0250244140625,694.8900146484375,694.9450073242188,400548
2026-01-12 13:15:00-05:00,694.9500122070312,695.0,694.8099975585938,694.9400024414062,359340
2026-01-12 13:20:00-05:00,694.9450073242188,695.2000122070312,694.9299926757812,695.0999755859375,413447
2026-01-12 13:25:00-05:00,695.0999755859375,695.1699829101562,694.989990234375,695.125,483666
2026-01-12 13:30:00-05:00,695.125,695.1500244140625,694.9400024414062,695.010009765625,375588
2026-01-12 13:35:00-05:00,695.0150146484375,695.1400146484375,694.9299926757812,695.1099853515625,393191
2026-01-12 13:40:00-05:00,695.0999755859375,695.1599731445312,694.9949951171875,695.094970703125,501085
2026-01-12 13:45:00-05:00,695.0900268554688,695.35498046875,695.0850219726562,695.27001953125,484609
2026-01-12 13:50:00-05:00,695.27001953125,695.3900146484375,695.1500244140625,695.1500244140625,384803
2026-01-12 13:55:00-05:00,695.1599731445312,695.239990234375,695.1400146484375,695.2150268554688,349936
2026-01-12 14:00:00-05:00,695.2100219726562,695.2100219726562,694.989990234375,695.0250244140625,546245
2026-01-12 14:05:00-05:00,695.02001953125,695.239990234375,694.9450073242188,695.2257080078125,378190
2026-01-12 14:10:00-05:00,695.219970703125,695.280029296875,695.1799926757812,695.2650146484375,564400
2026-01-12 14:15:00-05:00,695.2550048828125,695.4400024414062,695.2224731445312,695.3599853515625,417893
2026-01-12 14:20:00-05:00,695.3699951171875,695.4600219726562,695.3001098632812,695.3900146484375,675896
2026-01-12 14:25:00-05:00,695.3900146484375,695.41650390625,695.2999877929688,695.3200073242188,454296
2026-01-12 14:30:00-05:00,695.3200073242188,695.864990234375,695.2949829101562,695.6699829101562,973136
2026-01-12 14:35:00-05:00,695.6699829101562,695.6799926757812,695.5250244140625,695.5700073242188,436299
2026-01-12 14:40:00-05:00,695.5599975585938,695.6799926757812,695.5250244140625,695.625,407732
2026-01-12 14:45:00-05:00,695.6300048828125,695.8099975585938,695.6199951171875,695.8099975585938,450644
2026-01-12 14:50:00-05:00,695.8099975585938,695.9199829101562,695.739990234375,695.8599853515625,462068
2026-01-12 14:55:00-05:00,695.8690185546875,696.030029296875,695.8250122070312,695.9450073242188,608990
2026-01-12 15:00:00-05:00,695.9450073242188,696.0900268554688,695.780029296875,695.8150024414062,731511
2026-01-12 15:05:00-05:00,695.8200073242188,695.9299926757812,695.780029296875,695.8400268554688,535850
2026-01-12 15:10:00-05:00,695.8300170898438,695.864990234375,695.530029296875,695.614990234375,775124
2026-01-12 15:15:00-05:00,695.6099853515625,695.6229248046875,695.4199829101562,695.489990234375,748120
2026-01-12 15:20:00-05:00,695.489990234375,695.5,695.1799926757812,695.280029296875,1019301
2026-01-12 15:25:00-05:00,695.280029296875,695.4299926757812,695.22998046875,695.3200073242188,860720
2026-01-12 15:30:00-05:00,695.3200073242188,695.4500122070312,695.2449951171875,695.3699951171875,857859
2026-01-12 15:35:00-05:00,695.3800048828125,695.3800048828125,695.22998046875,695.3200073242188,681766
2026-01-12 15:40:00-05:00,695.3099975585938,695.3699951171875,695.1799926757812,695.3250122070312,863737
2026-01-12 15:45:00-05:00,695.3200073242188,695.5499877929688,695.2750244140625,695.5250244140625,2279319
2026-01-12 15:50:00-05:00,695.52001953125,695.739990234375,695.1599731445312,695.6400146484375,1609172
2026-01-12 15:55:00-05:00,695.6300048828125,695.635009765625,695.1400146484375,695.1599731445312,2943505
2026-01-13 09:30:00-05:00,695.489990234375,695.9099731445312,695.2999877929688,695.8599243164062,4040603
2026-01-13 09:35:00-05:00,695.85498046875,696.0499877929688,695.3800048828125,695.7999877929688,1448743
2026-01-13 09:40:00-05:00,695.8099975585938,696.0900268554688,694.9000244140625,695.1500244140625,2040216
2026-01-13 09:45:00-05:00,695.1400146484375,695.2050170898438,694.4500122070312,694.8099975585938,2153395
2026-01-13 09:50:00-05:00,694.8200073242188,695.0999755859375,694.2750244140625,694.4149780273438,1399735
2026-01-13 09:55:00-05:00,694.4099731445312,694.9299926757812,694.22998046875,694.2449951171875,785764
2026-01-13 10:00:00-05:00,694.22998046875,694.510009765625,693.1699829101562,693.7750244140625,1518857
2026-01-13 10:05:00-05:00,693.780029296875,694.2199096679688,693.47998046875,693.5349731445312,898388
2026-01-13 10:10:00-05:00,693.530029296875,693.6699829101562,693.260009765625,693.4598999023438,794500
2026-01-13 10:15:00-05:00,693.4600219726562,693.4600219726562,692.739990234375,693.155029296875,957821
2026-01-13 10:20:00-05:00,693.1599731445312,693.2000122070312,692.27001953125,692.4400024414062,1154321
2026-01-13 10:25:00-05:00,692.4400024414062,692.7650146484375,692.0900268554688,692.72998046875,1490750
2026-01-13 10:30:00-05:00,692.719970703125,693.4299926757812,692.565185546875,693.1500244140625,1225072
2026-01-13 10:35:00-05:00,693.1500244140625,693.760009765625,693.010009765625,693.2050170898438,979128
2026-01-13 10:40:00-05:00,693.2000122070312,693.4099731445312,692.9600219726562,693.0850219726562,613637
2026-01-13 10:45:00-05:00,693.0850219726562,693.3900146484375,692.6400146484375,692.7100219726562,567429
2026-01-13 10:50:00-05:00,692.6799926757812,693.6500244140625,692.6500244140625,693.6300048828125,715456
2026-01-13 10:55:00-05:00,693.6199951171875,694.0399780273438,693.494384765625,693.760009765625,685064
2026-01-13 11:00:00-05:00,693.760009765625,693.9299926757812,693.5399780273438,693.6799926757812,621532
2026-01-13 11:05:00-05:00,693.6900024414062,693.9600219726562,693.5399780273438,693.7999877929688,407746
2026-01-13 11:10:00-05:00,693.8049926757812,693.989990234375,693.6900024414062,693.844970703125,370726
2026-01-13 11:15:00-05:00,693.8400268554688,694.2800903320312,693.8300170898438,693.989990234375,695701
2026-01-13 11:20:00-05:00,693.97998046875,694.0750122070312,693.6699829101562,693.760009765625,493829
2026-01-13 11:25:00-05:00,693.760009765625,693.77001953125,692.4099731445312,693.5,1092705
2026-01-13 11:30:00-05:00,693.4801025390625,694.1300048828125,693.25,694.0850219726562,724970
2026-01-13 11:35:00-05:00,694.0900268554688,694.22998046875,693.780029296875,694.1699829101562,616297
2026-01-13 11:40:00-05:00,694.1749877929688,694.8400268554688,694.0399780273438,694.594970703125,932077
2026-01-13 11:45:00-05:00,694.5900268554688,694.77001953125,694.3599853515625,694.739990234375,445931
2026-01-13 11:50:00-05:00,694.739990234375,695.125,694.7349853515625,695.0650024414062,918960
2026-01-13 11:55:00-05:00,695.0599975585938,695.2000122070312,694.8599853515625,694.9199829101562,830075
2026-01-13 12:00:00-05:00,694.9199829101562,695.1099853515625,694.7999877929688,695.0499877929688,525807
2026-01-13 12:05:00-05:00,695.0499877929688,695.1199951171875,694.6599731445312,694.6900024414062,424899
2026-01-13 12:10:00-05:00,694.6799926757812,694.9149780273438,694.5900268554688,694.8800048828125,310416
2026-01-13 12:15:00-05:00,694.8800048828125,694.9400024414062,693.9299926757812,694.25,677890
2026-01-13 12:20:00-05:00,694.22998046875,694.8198852539062,694.1400146484375,694.739990234375,473210
2026-01-13 12:25:00-05:00,694.72998046875,694.72998046875,694.239990234375,694.5599975585938,436505
2026-01-13 12:30:00-05:00,694.5499877929688,694.7150268554688,693.4500122070312,694.510009765625,1363767
2026-01-13 12:35:00-05:00,694.5,694.5499877929688,694.1400146484375,694.1400146484375,529260
2026-01-13 12:40:00-05:00,694.1500244140625,694.2000122070312,693.6099853515625,693.6900024414062,488532
2026-01-13 12:45:00-05:00,693.7000122070312,693.989990234375,693.5150146484375,693.9500122070312,644942
2026-01-13 12:50:00-05:00,693.9400024414062,694.0800170898438,693.1799926757812,693.3699951171875,632636
2026-01-13 12:55:00-05:00,693.3800048828125,693.3800048828125,692.5250244140625,692.9400024414062,754940
2026-01-13 13:00:00-05:00,692.9199829101562,692.989990234375,692.4199829101562,692.5999755859375,971390
2026-01-13 13:05:00-05:00,692.5999755859375,693.1699829101562,692.5900268554688,692.7150268554688,775135
2026-01-13 13:10:00-05:00,692.719970703125,693.3699951171875,692.52001953125,693.35009765625,644608
2026-01-13 13:15:00-05:00,693.3599853515625,693.489990234375,693.1199951171875,693.1599731445312,363418
2026-01-13 13:20:00-05:00,693.1599731445312,693.2100219726562,692.6799926757812,692.9099731445312,446073
2026-01-13 13:25:00-05:00,692.9199829101562,693.125,692.7249755859375,692.9199829101562,290471
2026-01-13 13:30:00-05:00,692.9099731445312,693.4299926757812,692.760009765625,693.2999877929688,468326
2026-01-13 13:35:00-05:00,693.2999877929688,693.6500244140625,693.280029296875,693.5800170898438,326307
2026-01-13 13:40:00-05:00,693.5700073242188,693.614990234375,693.0599975585938,693.1099853515625,560124
2026-01-13 13:45:00-05:00,693.125,693.3900146484375,692.9299926757812,693.0399780273438,446731
2026-01-13 13:50:00-05:00,693.0399780273438,693.0399780273438,692.5399780273438,692.969970703125,530543
2026-01-13 13:55:00-05:00,692.969970703125,693.0700073242188,692.5900268554688,692.7999877929688,460593
2026-01-13 14:00:00-05:00,692.7999877929688,693.0549926757812,692.3599853515625,692.4550170898438,671340
2026-01-13 14:05:00-05:00,692.469970703125,692.739990234375,692.27001953125,692.3599853515625,721728
2026-01-13 14:10:00-05:00,692.3499755859375,692.5599975585938,692.22998046875,692.3699951171875,613888
2026-01-13 14:15:00-05:00,692.3800048828125,693.0499877929688,692.3400268554688,692.75,974058
2026-01-13 14:20:00-05:00,692.739990234375,693.0800170898438,692.5900268554688,692.75,717190
2026-01-13 14:25:00-05:00,692.760009765625,693.0650024414062,692.52001953125,693.010009765625,443693
2026-01-13 14:30:00-05:00,693.0050048828125,693.1599731445312,692.8400268554688,692.8599853515625,500089
2026-01-13 14:35:00-05:00,692.8699951171875,693.010009765625,692.7100219726562,692.8800048828125,428207
2026-01-13 14:40:00-05:00,692.8900146484375,693.1400146484375,692.8200073242188,692.8599853515625,497340
2026-01-13 14:45:00-05:00,692.8599853515625,692.8900146484375,692.5700073242188,692.739990234375,769190
2026-01-13 14:50:00-05:00,692.739990234375,693.0549926757812,692.719970703125,693.0,471530
2026-01-13 14:55:00-05:00,692.9998779296875,693.2050170898438,692.780029296875,692.9199829101562,677505
2026-01-13 15:00:00-05:00,692.9199829101562,692.9199829101562,692.52001953125,692.6900024414062,879264
2026-01-13 15:05:00-05:00,692.6799926757812,692.85498046875,692.5501098632812,692.655029296875,616633
2026-01-13 15:10:00-05:00,692.6500244140625,692.6500244140625,692.3200073242188,692.375,811575
2026-01-13 15:15:00-05:00,692.3800048828125,692.5800170898438,692.3400268554688,692.510009765625,874012
2026-01-13 15:20:00-05:00,692.5,692.52001953125,692.1699829101562,692.3800048828125,832577
2026-01-13 15:25:00-05:00,692.3699951171875,692.3900146484375,691.9400024414062,692.0,751547
2026-01-13 15:30:00-05:00,692.0,692.0700073242188,691.3499755859375,691.594970703125,1482505
2026-01-13 15:35:00-05:00,691.5999755859375,692.0150146484375,691.4000244140625,691.9849853515625,1289395
2026-01-13 15:40:00-05:00,691.989990234375,692.3099975585938,691.989990234375,692.239990234375,1421167
2026-01-13 15:45:00-05:00,692.260009765625,692.469970703125,692.02001953125,692.3300170898438,1600551
2026-01-13 15:50:00-05:00,692.3400268554688,693.4349975585938,692.1099853515625,693.4299926757812,2785280
2026-01-13 15:55:00-05:00,693.4299926757812,693.9600219726562,693.219970703125,693.75,4428293
2026-01-14 09:30:00-05:00,691.0,691.7000122070312,689.8699951171875,691.5750122070312,4011495
2026-01-14 09:35:00-05:00,691.5800170898438,691.719970703125,690.3599853515625,690.6199951171875,1599956
2026-01-14 09:40:00-05:00,690.6300048828125,691.0499877929688,689.4500122070312,689.5700073242188,1891027
2026-01-14 09:45:00-05:00,689.5599975585938,690.489990234375,689.10498046875,690.1500244140625,1845725
2026-01-14 09:50:00-05:00,690.1400146484375,690.1799926757812,689.280029296875,689.7100219726562,1369342
2026-01-14 09:55:00-05:00,689.7105102539062,689.75,688.6599731445312,688.719970703125,1427850
2026-01-14 10:00:00-05:00,688.719970703125,688.739990234375,687.6799926757812,688.2899780273438,2397827
2026-01-14 10:05:00-05:00,688.260009765625,688.9299926757812,688.0499877929688,688.8800048828125,1146788
2026-01-14 10:10:00-05:00,688.8900146484375,690.6342163085938,688.4500122070312,690.5900268554688,1881053
2026-01-14 10:15:00-05:00,690.5900268554688,690.8499755859375,689.989990234375,690.1599731445312,1049773
2026-01-14 10:20:00-05:00,690.1699829101562,690.4000244140625,689.5900268554688,689.8599853515625,946290
2026-01-14 10:25:00-05:00,689.8699951171875,689.989990234375,688.72998046875,688.760009765625,815006
2026-01-14 10:30:00-05:00,688.75,688.75,687.989990234375,688.1199951171875,1162243
2026-01-14 10:35:00-05:00,688.1400146484375,688.7399291992188,687.9199829101562,688.7200927734375,1055473
2026-01-14 10:40:00-05:00,688.7100219726562,689.010009765625,687.6599731445312,687.8150024414062,930256
2026-01-14 10:45:00-05:00,687.8099975585938,688.02001953125,686.594970703125,686.6649780273438,1743354
2026-01-14 10:50:00-05:00,686.6699829101562,687.0700073242188,686.510009765625,687.0599975585938,1403916
2026-01-14 10:55:00-05:00,687.0650024414062,687.5050048828125,686.989990234375,687.1599731445312,1042235
2026-01-14 11:00:00-05:00,687.1599731445312,687.594970703125,687.0650024414062,687.5700073242188,631935
2026-01-14 11:05:00-05:00,687.5800170898438,687.6599731445312,687.010009765625,687.1799926757812,602558
2026-01-14 11:10:00-05:00,687.1799926757812,687.5800170898438,686.989990234375,687.3800048828125,608216
2026-01-14 11:15:00-05:00,687.3900146484375,687.7100219726562,687.2615966796875,687.6699829101562,585386
2026-01-14 11:20:00-05:00,687.6699829101562,688.8800048828125,687.6699829101562,688.8200073242188,1159506
2026-01-14 11:25:00-05:00,688.8200073242188,689.3300170898438,688.635009765625,689.1500244140625,990267
2026-01-14 11:30:00-05:00,689.1599731445312,689.469970703125,688.6199951171875,688.77001953125,1311431
2026-01-14 11:35:00-05:00,688.7750244140625,688.7750244140625,687.989990234375,688.3800048828125,639822
2026-01-14 11:40:00-05:00,688.3599853515625,688.3800048828125,687.52001953125,687.5255737304688,630998
2026-01-14 11:45:00-05:00,687.530029296875,687.530029296875,686.77001953125,686.8900146484375,998208
2026-01-14 11:50:00-05:00,686.885009765625,686.885009765625,686.2000122070312,686.4400024414062,1174105
2026-01-14 11:55:00-05:00,686.4299926757812,686.6599731445312,686.1300048828125,686.5999755859375,916803
2026-01-14 12:00:00-05:00,686.5900268554688,687.1300048828125,686.3300170898438,686.5999755859375,747388
2026-01-14 12:05:00-05:00,686.5900268554688,687.3400268554688,686.5599975585938,687.2999267578125,508017
2026-01-14 12:10:00-05:00,687.2899780273438,687.3499755859375,686.9600219726562,687.219970703125,442422
2026-01-14 12:15:00-05:00,687.219970703125,687.219970703125,686.0399780273438,686.5599975585938,657497
2026-01-14 12:20:00-05:00,686.5700073242188,686.8499755859375,686.239990234375,686.8300170898438,500222
2026-01-14 12:25:00-05:00,686.8499755859375,687.3150024414062,686.719970703125,687.0999145507812,675721
2026-01-14 12:30:00-05:00,687.0900268554688,687.0900268554688,686.25,686.3200073242188,674962
2026-01-14 12:35:00-05:00,686.3300170898438,686.7747802734375,686.2899780273438,686.5499877929688,464564
2026-01-14 12:40:00-05:00,686.5499877929688,686.9500122070312,686.510009765625,686.9199829101562,503830
2026-01-14 12:45:00-05:00,686.9149780273438,687.4500122070312,686.8800048828125,687.1799926757812,636711
2026-01-14 12:50:00-05:00,687.1699829101562,687.1799926757812,686.1900024414062,686.5150146484375,637662
2026-01-14 12:55:00-05:00,686.52001953125,686.72998046875,686.27001953125,686.6376953125,434253
2026-01-14 13:00:00-05:00,686.6300048828125,687.219970703125,686.510009765625,687.1300048828125,536452
2026-01-14 13:05:00-05:00,687.1199951171875,687.2598876953125,686.8400268554688,687.1400146484375,399553
2026-01-14 13:10:00-05:00,687.1199951171875,687.4349975585938,686.8499755859375,687.3200073242188,440292
2026-01-14 13:15:00-05:00,687.3200073242188,687.3900146484375,686.8599853515625,687.0800170898438,447183
2026-01-14 13:20:00-05:00,687.0800170898438,687.4199829101562,687.0499877929688,687.1849975585938,414098
2026-01-14 13:25:00-05:00,687.1799926757812,687.6500244140625,686.9400024414062,687.5999755859375,438323
2026-01-14 13:30:00-05:00,687.5900268554688,687.8300170898438,686.6099853515625,686.780029296875,704466
2026-01-14 13:35:00-05:00,686.7899780273438,686.9199829101562,686.260009765625,686.4600219726562,631791
2026-01-14 13:40:00-05:00,686.4500122070312,686.905029296875,686.4500122070312,686.89501953125,438839
2026-01-14 13:45:00-05:00,686.8900146484375,687.3599853515625,686.780029296875,687.094970703125,596262
2026-01-14 13:50:00-05:00,687.0999755859375,688.02001953125,687.0599975585938,687.780029296875,765371
2026-01-14 13:55:00-05:00,687.7899780273438,688.239990234375,687.5999755859375,688.1099853515625,581642
2026-01-14 14:00:00-05:00,688.1099853515625,688.2100219726562,687.8099975585938,687.9324951171875,920034
2026-01-14 14:05:00-05:00,687.9199829101562,688.010009765625,687.6300048828125,687.8400268554688,623082
2026-01-14 14:10:00-05:00,687.8400268554688,688.0457763671875,687.6099853515625,687.989990234375,474691
2026-01-14 14:15:00-05:00,687.989990234375,688.1699829101562,687.75,688.125,552145
2026-01-14 14:20:00-05:00,688.1400146484375,688.3150024414062,687.9000244140625,688.1099853515625,569263
2026-01-14 14:25:00-05:00,688.1099853515625,688.2100219726562,687.8800048828125,688.125,538909
2026-01-14 14:30:00-05:00,688.1300048828125,688.3699951171875,687.9199829101562,688.0,595882
2026-01-14 14:35:00-05:00,688.0,688.239990234375,687.6199951171875,688.1950073242188,458136
2026-01-14 14:40:00-05:00,688.2000122070312,688.364990234375,688.0,688.125,996167
2026-01-14 14:45:00-05:00,688.1300048828125,688.3800048828125,687.989990234375,688.27001953125,396461
2026-01-14 14:50:00-05:00,688.280029296875,688.5900268554688,688.1699829101562,688.2100219726562,490918
2026-01-14 14:55:00-05:00,688.219970703125,688.3062744140625,687.9299926757812,688.0700073242188,787727
2026-01-14 15:00:00-05:00,688.0599975585938,688.6900024414062,687.3200073242188,688.3350219726562,2039295
2026-01-14 15:05:00-05:00,688.3499755859375,689.6900024414062,688.2999877929688,689.1749877929688,1917056
2026-01-14 15:10:00-05:00,689.1699829101562,689.47998046875,688.6950073242188,688.75,2139937
2026-01-14 15:15:00-05:00,688.75,688.8699951171875,688.1799926757812,688.5999755859375,720856
2026-01-14 15:20:00-05:00,688.6500244140625,688.989990234375,688.3499755859375,688.9400024414062,925802
2026-01-14 15:25:00-05:00,688.9400024414062,689.1710205078125,688.6799926757812,689.1500244140625,1172075
2026-01-14 15:30:00-05:00,689.1500244140625,690.1699829101562,689.1199951171875,689.9349975585938,1951534
2026-01-14 15:35:00-05:00,689.9400024414062,690.4400024414062,689.8350219726562,690.1900024414062,1815977
2026-01-14 15:40:00-05:00,690.1799926757812,690.3599853515625,689.0999755859375,689.1400146484375,1796386
2026-01-14 15:45:00-05:00,689.155029296875,689.239990234375,688.6199951171875,688.6799926757812,1982750
2026-01-14 15:50:00-05:00,688.6799926757812,689.739990234375,688.6500244140625,689.64501953125,3108863
2026-01-14 15:55:00-05:00,689.64501953125,690.6400146484375,689.6400146484375,690.4400024414062,7190585
2026-01-15 09:30:00-05:00,694.5700073242188,694.6900024414062,693.9749755859375,694.2899780273438,4766919
2026-01-15 09:35:00-05:00,694.280029296875,694.4099731445312,693.7249755859375,694.030029296875,1535280
2026-01-15 09:40:00-05:00,694.0499877929688,694.469970703125,693.5399780273438,694.0599975585938,1458859
2026-01-15 09:45:00-05:00,694.0700073242188,694.5535278320312,693.7999877929688,694.239990234375,1281209
2026-01-15 09:50:00-05:00,694.22998046875,694.25,693.1799926757812,694.010009765625,1353592
2026-01-15 09:55:00-05:00,694.02001953125,694.260009765625,693.6099853515625,693.6099853515625,825499
2026-01-15 10:00:00-05:00,693.6099853515625,694.0399780273438,693.52001953125,693.655029296875,820251
2026-01-15 10:05:00-05:00,693.6599731445312,693.9099731445312,693.27001953125,693.8900146484375,953865
2026-01-15 10:10:00-05:00,693.8900756835938,694.2000122070312,693.530029296875,694.0,1000399
2026-01-15 10:15:00-05:00,694.0,694.3200073242188,693.6699829101562,694.030029296875,835047
2026-01-15 10:20:00-05:00,694.0399780273438,694.719970703125,693.8250122070312,694.4650268554688,848490
2026-01-15 10:25:00-05:00,694.469970703125,694.510009765625,693.614990234375,693.9400024414062,925559
2026-01-15 10:30:00-05:00,693.9400024414062,694.6199951171875,693.8699951171875,694.5900268554688,794425
2026-01-15 10:35:00-05:00,694.5800170898438,694.9000244140625,694.3699951171875,694.6300048828125,1323580
2026-01-15 10:40:00-05:00,694.6300048828125,694.8150024414062,693.864990234375,693.9099731445312,792222
2026-01-15 10:45:00-05:00,693.9099731445312,694.0399780273438,693.25,693.280029296875,1462908
2026-01-15 10:50:00-05:00,693.280029296875,693.6290893554688,692.989990234375,693.4000244140625,1152044
2026-01-15 10:55:00-05:00,693.39501953125,694.5900268554688,693.0499877929688,694.4500122070312,1537630
2026-01-15 11:00:00-05:00,694.4500122070312,694.8800048828125,694.3400268554688,694.7999877929688,1015599
2026-01-15 11:05:00-05:00,694.8200073242188,694.8400268554688,694.4349975585938,694.6749877929688,946461
2026-01-15 11:10:00-05:00,694.6699829101562,694.6799926757812,694.3499755859375,694.489990234375,531647
2026-01-15 11:15:00-05:00,694.47998046875,694.9299926757812,694.3599853515625,694.8699951171875,713421
2026-01-15 11:20:00-05:00,694.8699951171875,695.1599731445312,694.6300048828125,695.0599975585938,864752
2026-01-15 11:25:00-05:00,695.0499877929688,695.0499877929688,694.5499877929688,694.8150024414062,543517
2026-01-15 11:30:00-05:00,694.8099975585938,695.02001953125,694.5698852539062,694.5900268554688,539572
2026-01-15 11:35:00-05:00,694.5850219726562,694.9299926757812,694.47998046875,694.8800048828125,412887
2026-01-15 11:40:00-05:00,694.8900146484375,695.030029296875,694.739990234375,694.9550170898438,339887
2026-01-15 11:45:00-05:00,694.9600219726562,695.1950073242188,694.7249755859375,695.0999755859375,453640
2026-01-15 11:50:00-05:00,695.10498046875,695.344970703125,694.9199829101562,695.0850219726562,686754
2026-01-15 11:55:00-05:00,695.0750122070312,695.1400146484375,694.875,695.030029296875,435708
2026-01-15 12:00:00-05:00,695.0399169921875,695.4299926757812,694.89501953125,695.3699951171875,552089
2026-01-15 12:05:00-05:00,695.3699951171875,695.4500122070312,695.2000122070312,695.344970703125,519596
2026-01-15 12:10:00-05:00,695.3499755859375,695.3599853515625,694.9650268554688,695.010009765625,395399
2026-01-15 12:15:00-05:00,695.010009765625,695.0800170898438,694.7000122070312,695.0651245117188,454097
2026-01-15 12:20:00-05:00,695.0499877929688,695.094970703125,694.7999877929688,694.8599853515625,285234
2026-01-15 12:25:00-05:00,694.8599853515625,694.9099731445312,694.3900146484375,694.4500122070312,650035
2026-01-15 12:30:00-05:00,694.4500122070312,694.6599731445312,694.2100219726562,694.3900146484375,682430
2026-01-15 12:35:00-05:00,694.3900146484375,694.5999755859375,694.2000122070312,694.4849853515625,480058
2026-01-15 12:40:00-05:00,694.4849853515625,694.739990234375,694.3800048828125,694.7244873046875,370485
2026-01-15 12:45:00-05:00,694.719970703125,695.0198974609375,694.5499877929688,694.6199951171875,541704
2026-01-15 12:50:00-05:00,694.6099853515625,694.7999877929688,694.3800048828125,694.4199829101562,349599
2026-01-15 12:55:00-05:00,694.4199829101562,694.47998046875,693.905029296875,693.97998046875,619436
2026-01-15 13:00:00-05:00,693.97998046875,694.5399780273438,693.8800048828125,694.5250244140625,741428
2026-01-15 13:05:00-05:00,694.530029296875,694.780029296875,694.3699951171875,694.7100219726562,428508
2026-01-15 13:10:00-05:00,694.7050170898438,694.7999877929688,694.3800048828125,694.5700073242188,430518
2026-01-15 13:15:00-05:00,694.5700073242188,694.6300048828125,694.3699951171875,694.5700073242188,472754
2026-01-15 13:20:00-05:00,694.5800170898438,694.8200073242188,694.5399780273438,694.719970703125,390801
2026-01-15 13:25:00-05:00,694.72998046875,694.905029296875,694.5700073242188,694.885009765625,372705
2026-01-15 13:30:00-05:00,694.8800048828125,695.14501953125,694.8400268554688,695.0850219726562,500741
2026-01-15 13:35:00-05:00,695.0900268554688,695.25,694.7899780273438,694.9199829101562,420601
2026-01-15 13:40:00-05:00,694.9199829101562,695.0499877929688,694.8200073242188,694.97998046875,300309
2026-01-15 13:45:00-05:00,694.97998046875,695.0599975585938,694.8150024414062,694.8499755859375,326406
2026-01-15 13:50:00-05:00,694.8599853515625,694.9199829101562,694.614990234375,694.7650146484375,377055
2026-01-15 13:55:00-05:00,694.77001953125,694.8350219726562,694.6500244140625,694.7158203125,261268
2026-01-15 14:00:00-05:00,694.7100219726562,694.7100219726562,694.0700073242188,694.2000122070312,759390
2026-01-15 14:05:00-05:00,694.2000122070312,694.489990234375,693.7899780273438,694.47998046875,622060
2026-01-15 14:10:00-05:00,694.47998046875,694.6500244140625,694.2050170898438,694.35498046875,433690
2026-01-15 14:15:00-05:00,694.3599853515625,694.489990234375,694.1329956054688,694.2723999023438,525079
2026-01-15 14:20:00-05:00,694.27001953125,694.3800048828125,693.9920043945312,694.1699829101562,367625
2026-01-15 14:25:00-05:00,694.1699829101562,694.1799926757812,693.52001953125,693.6099853515625,862628
2026-01-15 14:30:00-05:00,693.6099853515625,693.614990234375,692.6300048828125,693.2100219726562,1573824
2026-01-15 14:35:00-05:00,693.219970703125,693.469970703125,692.969970703125,693.4299926757812,671351
2026-01-15 14:40:00-05:00,693.4199829101562,693.7376098632812,693.260009765625,693.3900146484375,892415
2026-01-15 14:45:00-05:00,693.3800048828125,693.5,693.1500244140625,693.4199829101562,698538
2026-01-15 14:50:00-05:00,693.4299926757812,693.6199951171875,693.1300048828125,693.1699829101562,655755
2026-01-15 14:55:00-05:00,693.1799926757812,693.1849975585938,692.5800170898438,692.780029296875,787932
2026-01-15 15:00:00-05:00,692.77001953125,693.0,692.3699951171875,692.8400268554688,953775
2026-01-15 15:05:00-05:00,692.8499755859375,693.030029296875,692.6099853515625,692.6900024414062,696818
2026-01-15 15:10:00-05:00,692.6799926757812,692.8900146484375,692.4099731445312,692.469970703125,764209
2026-01-15 15:15:00-05:00,692.4600219726562,692.489990234375,691.6599731445312,691.6900024414062,1538707
2026-01-15 15:20:00-05:00,691.6799926757812,692.02001953125,691.2907104492188,691.6599731445312,1555919
2026-01-15 15:25:00-05:00,691.6599731445312,691.9099731445312,691.4000244140625,691.8300170898438,1143851
2026-01-15 15:30:00-05:00,691.8350219726562,691.9600219726562,691.489990234375,691.8599853515625,1044459
2026-01-15 15:35:00-05:00,691.8599853515625,692.25,691.4099731445312,691.719970703125,1442092
2026-01-15 15:40:00-05:00,691.719970703125,692.0349731445312,691.5449829101562,691.6699829101562,1276673
2026-01-15 15:45:00-05:00,691.6699829101562,691.864990234375,691.3798828125,691.469970703125,1804487
2026-01-15 15:50:00-05:00,691.47998046875,691.9299926757812,691.25,691.9299926757812,2368775
2026-01-15 15:55:00-05:00,691.9299926757812,692.22998046875,691.5399780273438,692.1699829101562,3960041
2026-01-16 09:30:00-05:00,693.6599731445312,694.25,693.2899780273438,693.9580078125,3342322
2026-01-16 09:35:00-05:00,693.9500122070312,694.2100219726562,693.6400146484375,693.75,1054207
2026-01-16 09:40:00-05:00,693.77001953125,693.8201293945312,693.1099853515625,693.135009765625,1234556
2026-01-16 09:45:00-05:00,693.1400146484375,693.8599853515625,693.1400146484375,693.3900146484375,993292
2026-01-16 09:50:00-05:00,693.4099731445312,693.489990234375,692.6799926757812,692.8800048828125,932892
2026-01-16 09:55:00-05:00,692.8699951171875,692.885009765625,691.9299926757812,691.9600219726562,1519777
2026-01-16 10:00:00-05:00,691.9600219726562,692.3900146484375,691.5900268554688,692.10498046875,1829835
2026-01-16 10:05:00-05:00,692.1099853515625,692.8099975585938,692.1099853515625,692.7000122070312,1348840
2026-01-16 10:10:00-05:00,692.7000122070312,692.8049926757812,692.1400146484375,692.280029296875,876286
2026-01-16 10:15:00-05:00,692.27001953125,692.47998046875,691.5,691.6099853515625,1044271
2026-01-16 10:20:00-05:00,691.6099853515625,692.5750122070312,691.5900268554688,692.5557861328125,1073141
2026-01-16 10:25:00-05:00,692.5499877929688,692.5549926757812,691.594970703125,691.6500244140625,1020589
2026-01-16 10:30:00-05:00,691.6500244140625,691.739990234375,690.969970703125,691.0999755859375,1228984
2026-01-16 10:35:00-05:00,691.0900268554688,691.1300048828125,690.5999755859375,690.739990234375,1388801
2026-01-16 10:40:00-05:00,690.719970703125,690.739990234375,690.0999755859375,690.6900024414062,1634763
2026-01-16 10:45:00-05:00,690.7000122070312,691.2000122070312,690.4299926757812,691.1599731445312,5338069
2026-01-16 10:50:00-05:00,691.1500244140625,691.4000244140625,690.7916870117188,691.3499755859375,968436
2026-01-16 10:55:00-05:00,691.3599853515625,691.8800048828125,691.2100219726562,691.8599853515625,843468
2026-01-16 11:00:00-05:00,691.8499755859375,692.1199951171875,691.5549926757812,691.6799926757812,1042569
2026-01-16 11:05:00-05:00,691.7000122070312,692.4400024414062,691.6199951171875,692.4299926757812,937054
2026-01-16 11:10:00-05:00,692.4299926757812,692.6599731445312,692.0599975585938,692.2899780273438,1149498
2026-01-16 11:15:00-05:00,692.2899780273438,692.469970703125,692.1300048828125,692.4099731445312,1731317
2026-01-16 11:20:00-05:00,692.4099731445312,692.8200073242188,692.4099731445312,692.47998046875,640855
2026-01-16 11:25:00-05:00,692.47998046875,692.7999877929688,692.260009765625,692.7150268554688,795605
2026-01-16 11:30:00-05:00,692.719970703125,693.0900268554688,692.6649780273438,692.7218017578125,626700
2026-01-16 11:35:00-05:00,692.7100219726562,693.0700073242188,692.6900024414062,692.9100952148438,376922
2026-01-16 11:40:00-05:00,692.9149780273438,693.2100219726562,692.8300170898438,693.1500244140625,362203
2026-01-16 11:45:00-05:00,693.1599731445312,693.469970703125,692.9600830078125,693.0900268554688,1126158
2026-01-16 11:50:00-05:00,693.0850219726562,693.4199829101562,692.6500244140625,692.8499755859375,776191
2026-01-16 11:55:00-05:00,692.8499755859375,692.8699951171875,692.1300048828125,692.6649780273438,574022
2026-01-16 12:00:00-05:00,692.6500244140625,692.72998046875,692.4600219726562,692.6500244140625,433750
2026-01-16 12:05:00-05:00,692.6699829101562,692.9600219726562,692.52001953125,692.5999755859375,371673
2026-01-16 12:10:00-05:00,692.5800170898438,692.8200073242188,692.530029296875,692.739990234375,264319
2026-01-16 12:15:00-05:00,692.75,692.9199829101562,692.5780029296875,692.719970703125,295025
2026-01-16 12:20:00-05:00,692.7000122070312,692.9699096679688,692.6699829101562,692.6900024414062,565600
2026-01-16 12:25:00-05:00,692.6900024414062,692.7550048828125,692.4301147460938,692.52001953125,401924
2026-01-16 12:30:00-05:00,692.52001953125,692.6900024414062,692.25,692.6500244140625,500123
2026-01-16 12:35:00-05:00,692.6500244140625,692.9099731445312,692.5499877929688,692.5999755859375,381816
2026-01-16 12:40:00-05:00,692.5999755859375,692.739990234375,692.4349975585938,692.6749877929688,286853
2026-01-16 12:45:00-05:00,692.6699829101562,692.6699829101562,692.1799926757812,692.2899780273438,305451
2026-01-16 12:50:00-05:00,692.27001953125,692.4249877929688,692.0800170898438,692.3200073242188,390161
2026-01-16 12:55:00-05:00,692.3099975585938,692.5,691.8900146484375,691.9299926757812,366514
2026-01-16 13:00:00-05:00,691.9400024414062,692.421875,691.8200073242188,692.3350219726562,455786
2026-01-16 13:05:00-05:00,692.3300170898438,692.6950073242188,692.2899780273438,692.6849975585938,431247
2026-01-16 13:10:00-05:00,692.68408203125,692.719970703125,692.4500122070312,692.5650024414062,232317
2026-01-16 13:15:00-05:00,692.5650024414062,693.02001953125,692.5599975585938,692.969970703125,276880
2026-01-16 13:20:00-05:00,692.969970703125,693.1199951171875,692.8699951171875,693.0900268554688,277274
2026-01-16 13:25:00-05:00,693.0999755859375,693.2000122070312,692.9299926757812,693.0,382549
2026-01-16 13:30:00-05:00,693.0,693.25,692.9500122070312,693.1950073242188,613798
2026-01-16 13:35:00-05:00,693.1900024414062,693.1950073242188,692.9401245117188,692.9600219726562,305610
2026-01-16 13:40:00-05:00,692.9600219726562,693.0499877929688,692.7650146484375,692.864990234375,317389
2026-01-16 13:45:00-05:00,692.8699951171875,693.0050048828125,692.7100219726562,692.8099975585938,220141
2026-01-16 13:50:00-05:00,692.7999877929688,692.8900146484375,692.6199951171875,692.75,335229
2026-01-16 13:55:00-05:00,692.739990234375,692.7999877929688,692.584228515625,692.6400146484375,221904
2026-01-16 14:00:00-05:00,692.6300048828125,693.4600219726562,692.60498046875,693.4099731445312,921736
2026-01-16 14:05:00-05:00,693.4199829101562,693.7100219726562,693.2598876953125,693.3250122070312,850457
2026-01-16 14:10:00-05:00,693.3300170898438,693.3300170898438,692.4650268554688,692.5399780273438,631962
2026-01-16 14:15:00-05:00,692.5349731445312,692.6799926757812,692.0700073242188,692.1798706054688,691642
2026-01-16 14:20:00-05:00,692.1699829101562,692.4600219726562,692.0700073242188,692.3099975585938,495405
2026-01-16 14:25:00-05:00,692.3099975585938,692.3200073242188,691.9600219726562,692.0399780273438,653768
2026-01-16 14:30:00-05:00,692.0499877929688,692.5750122070312,692.010009765625,692.4400024414062,596944
2026-01-16 14:35:00-05:00,692.4400024414062,692.9149780273438,692.3300170898438,692.6849975585938,686346
2026-01-16 14:40:00-05:00,692.6849975585938,693.0,692.6199951171875,692.7000122070312,531832
2026-01-16 14:45:00-05:00,692.7100219726562,692.8978271484375,692.7100219726562,692.7849731445312,390401
2026-01-16 14:50:00-05:00,692.7899780273438,692.9650268554688,692.6799926757812,692.905029296875,472026
2026-01-16 14:55:00-05:00,692.905029296875,692.9299926757812,692.5900268554688,692.6799926757812,636688
2026-01-16 15:00:00-05:00,692.6699829101562,692.7899780273438,692.5,692.6500244140625,501553
2026-01-16 15:05:00-05:00,692.6500244140625,692.75,692.5,692.6900024414062,321803
2026-01-16 15:10:00-05:00,692.6925048828125,692.8699951171875,692.5999755859375,692.760009765625,484837
2026-01-16 15:15:00-05:00,692.760009765625,692.7899780273438,692.4713745117188,692.5819702148438,451576
2026-01-16 15:20:00-05:00,692.5800170898438,692.6898803710938,692.469970703125,692.5050048828125,744184
2026-01-16 15:25:00-05:00,692.5,692.5399780273438,692.155029296875,692.155029296875,616249
2026-01-16 15:30:00-05:00,692.1500244140625,692.2100219726562,691.7949829101562,692.030029296875,1118872
2026-01-16 15:35:00-05:00,692.02001953125,692.4099731445312,691.9099731445312,692.2899780273438,1023701
2026-01-16 15:40:00-05:00,692.2949829101562,692.2949829101562,692.0,692.0150146484375,822654
2026-01-16 15:45:00-05:00,692.010009765625,692.030029296875,691.5999755859375,691.9299926757812,1399026
2026-01-16 15:50:00-05:00,691.9299926757812,692.488525390625,691.77001953125,692.3400268554688,2373985
2026-01-16 15:55:00-05:00,692.3400268554688,692.3400268554688,691.469970703125,691.5800170898438,4666299
2026-01-20 09:30:00-05:00,681.489990234375,682.7100219726562,681.3900146484375,682.6300048828125,7881349
2026-01-20 09:35:00-05:00,682.6500244140625,682.9199829101562,681.8599853515625,682.469970703125,2593220
2026-01-20 09:40:00-05:00,682.47998046875,683.27001953125,681.5999755859375,683.1849975585938,2689956
2026-01-20 09:45:00-05:00,683.1900024414062,683.1900024414062,681.8200073242188,682.2999877929688,2114903
2026-01-20 09:50:00-05:00,682.2954711914062,683.3099975585938,682.0700073242188,682.3699951171875,1856764
2026-01-20 09:55:00-05:00,682.375,682.9199829101562,681.9749755859375,682.1799926757812,1841570
2026-01-20 10:00:00-05:00,682.1599731445312,682.27001953125,681.2000122070312,681.8900146484375,1883991
2026-01-20 10:05:00-05:00,681.8900146484375,682.2899780273438,680.9600219726562,681.1099853515625,2070026
2026-01-20 10:10:00-05:00,681.10498046875,681.6799926757812,680.9099731445312,681.6749877929688,1361020
2026-01-20 10:15:00-05:00,681.6699829101562,682.0499877929688,681.2000122070312,681.280029296875,1363940
2026-01-20 10:20:00-05:00,681.280029296875,683.385009765625,681.2000122070312,683.0549926757812,1655357
2026-01-20 10:25:00-05:00,683.0399780273438,684.010009765625,683.0399780273438,683.8787841796875,1577176
2026-01-20 10:30:00-05:00,683.8499755859375,684.6199951171875,683.6699829101562,684.52001953125,1381019
2026-01-20 10:35:00-05:00,684.52001953125,684.6199951171875,683.8599853515625,684.0800170898438,1062135
2026-01-20 10:40:00-05:00,684.0900268554688,684.77001953125,683.9600219726562,684.27001953125,1587515
2026-01-20 10:45:00-05:00,684.260009765625,684.3800048828125,683.5900268554688,683.7050170898438,1498044
2026-01-20 10:50:00-05:00,683.7100219726562,683.719970703125,683.135009765625,683.3018798828125,1581785
2026-01-20 10:55:00-05:00,683.2999877929688,683.8800048828125,682.9299926757812,683.7999877929688,1229868
2026-01-20 11:00:00-05:00,683.8099975585938,684.2100219726562,683.3599853515625,683.469970703125,1328860
2026-01-20 11:05:00-05:00,683.4600219726562,683.97998046875,682.9400024414062,683.760009765625,829613
2026-01-20 11:10:00-05:00,683.760009765625,684.5599975585938,683.739990234375,683.9299926757812,791013
2026-01-20 11:15:00-05:00,683.9199829101562,684.0,683.4600219726562,683.6900024414062,591408
2026-01-20 11:20:00-05:00,683.6900024414062,683.9299926757812,682.9766235351562,682.989990234375,555666
2026-01-20 11:25:00-05:00,682.969970703125,683.8900146484375,682.5800170898438,683.8400268554688,1119080
2026-01-20 11:30:00-05:00,683.8300170898438,683.8699951171875,683.2883911132812,683.8300170898438,271565
2026-01-20 11:35:00-05:00,683.8300170898438,684.2650146484375,683.6699829101562,684.2650146484375,526289
2026-01-20 11:40:00-05:00,684.25,684.344970703125,682.8900146484375,682.9600219726562,857567
2026-01-20 11:45:00-05:00,682.9600219726562,683.2999877929688,682.6599731445312,683.293701171875,678494
2026-01-20 11:50:00-05:00,683.2899780273438,683.8200073242188,682.3200073242188,682.489990234375,1125738
2026-01-20 11:55:00-05:00,682.47998046875,683.8699951171875,682.3699951171875,683.6900024414062,856903
2026-01-20 12:00:00-05:00,683.6699829101562,683.905029296875,683.3300170898438,683.4000244140625,614196
2026-01-20 12:05:00-05:00,683.3900146484375,683.6699829101562,682.8900146484375,682.9400024414062,970116
2026-01-20 12:10:00-05:00,682.9299926757812,683.3099975585938,682.5800170898438,683.010009765625,1046640
2026-01-20 12:15:00-05:00,683.0050048828125,683.2000122070312,682.5900268554688,682.719970703125,423757
2026-01-20 12:20:00-05:00,682.72998046875,682.780029296875,682.239990234375,682.2847900390625,588032
2026-01-20 12:25:00-05:00,682.280029296875,682.625,682.1199951171875,682.39501953125,616261
2026-01-20 12:30:00-05:00,682.3900146484375,682.3900146484375,681.5050048828125,681.5999755859375,820779
2026-01-20 12:35:00-05:00,681.5900268554688,682.010009765625,681.3699951171875,681.7100219726562,1397180
2026-01-20 12:40:00-05:00,681.7100219726562,682.2100219726562,681.2999877929688,681.3400268554688,1000865
2026-01-20 12:45:00-05:00,681.3400268554688,681.344970703125,680.6400146484375,680.7150268554688,1068955
2026-01-20 12:50:00-05:00,680.719970703125,681.1599731445312,680.4500122070312,680.9749755859375,911106
2026-01-20 12:55:00-05:00,680.9600219726562,681.239990234375,680.77001953125,681.0800170898438,843860
2026-01-20 13:00:00-05:00,681.0800170898438,681.47998046875,680.9299926757812,680.9849853515625,650421
2026-01-20 13:05:00-05:00,680.989990234375,681.25,680.8800048828125,680.8900146484375,336813
2026-01-20 13:10:00-05:00,680.9000244140625,681.4249877929688,680.8599853515625,681.135009765625,485589
2026-01-20 13:15:00-05:00,681.1300048828125,681.1500244140625,680.6699829101562,680.8499755859375,453342
2026-01-20 13:20:00-05:00,680.8499755859375,680.85498046875,680.3699951171875,680.4000244140625,529315
2026-01-20 13:25:00-05:00,680.4000244140625,680.6300048828125,680.2249755859375,680.2899780273438,451070
2026-01-20 13:30:00-05:00,680.280029296875,680.4199829101562,679.75,679.8499755859375,917792
2026-01-20 13:35:00-05:00,679.8300170898438,680.0549926757812,679.3599853515625,679.4199829101562,825416
2026-01-20 13:40:00-05:00,679.4299926757812,679.5900268554688,679.072998046875,679.1300048828125,729897
2026-01-20 13:45:00-05:00,679.1300048828125,679.280029296875,678.8900146484375,678.9000244140625,759689
2026-01-20 13:50:00-05:00,678.8900146484375,678.8900146484375,678.0250244140625,678.1057739257812,1123135
2026-01-20 13:55:00-05:00,678.1099853515625,679.2105102539062,678.1099853515625,678.719970703125,1350063
2026-01-20 14:00:00-05:00,678.72998046875,679.27001953125,678.6649780273438,678.7150268554688,1173711
2026-01-20 14:05:00-05:00,678.72998046875,679.02001953125,678.52001953125,678.6099853515625,873387
2026-01-20 14:10:00-05:00,678.594970703125,678.77001953125,678.1380004882812,678.469970703125,801865
2026-01-20 14:15:00-05:00,678.469970703125,678.469970703125,677.9000244140625,678.1199951171875,1361685
2026-01-20 14:20:00-05:00,678.135009765625,678.3099975585938,677.8400268554688,678.1199951171875,564552
2026-01-20 14:25:00-05:00,678.0999755859375,678.1199951171875,677.6900024414062,678.0399780273438,913820
2026-01-20 14:30:00-05:00,678.0399780273438,678.0599975585938,677.2899780273438,677.5050048828125,1041304
2026-01-20 14:35:00-05:00,677.5,678.1900024414062,677.3400268554688,678.0700073242188,778624
2026-01-20 14:40:00-05:00,678.0750122070312,678.47998046875,677.7401123046875,677.844970703125,896343
2026-01-20 14:45:00-05:00,677.8300170898438,677.97998046875,677.625,677.8255615234375,631556
2026-01-20 14:50:00-05:00,677.8400268554688,678.1395874023438,677.5701904296875,678.0900268554688,754058
2026-01-20 14:55:00-05:00,678.0999755859375,678.2000122070312,677.5499877929688,677.8300170898438,713612
2026-01-20 15:00:00-05:00,677.8499755859375,677.8499755859375,677.4400024414062,677.6199951171875,1087290
2026-01-20 15:05:00-05:00,677.6199951171875,677.836669921875,677.3800048828125,677.469970703125,817747
2026-01-20 15:10:00-05:00,677.469970703125,677.8900146484375,676.9528198242188,677.0399780273438,1319315
2026-01-20 15:15:00-05:00,677.0499877929688,678.1500244140625,676.969970703125,677.5599975585938,2487642
2026-01-20 15:20:00-05:00,677.5599975585938,677.5599975585938,676.9299926757812,677.1699829101562,1037764
2026-01-20 15:25:00-05:00,677.1699829101562,677.7899780273438,677.0599975585938,677.3900146484375,2026308
2026-01-20 15:30:00-05:00,677.4000244140625,677.739990234375,677.1199951171875,677.4400024414062,1404684
2026-01-20 15:35:00-05:00,677.4400024414062,677.5999755859375,676.9099731445312,677.0150146484375,1559154
2026-01-20 15:40:00-05:00,677.0050048828125,677.219970703125,676.6400146484375,676.9500122070312,1854288
2026-01-20 15:45:00-05:00,676.9600219726562,677.2750244140625,676.8599853515625,677.0800170898438,2431199
2026-01-20 15:50:00-05:00,677.0999755859375,677.4099731445312,676.5800170898438,676.7899780273438,2677095
2026-01-20 15:55:00-05:00,676.8090209960938,677.6599731445312,676.5700073242188,677.6099853515625,7290448
2026-01-21 09:30:00-05:00,680.2899780273438,680.4600219726562,679.1900024414062,679.5499877929688,7997744
2026-01-21 09:35:00-05:00,679.5499877929688,680.7000122070312,679.27001953125,680.1199951171875,2597071
2026-01-21 09:40:00-05:00,680.1300048828125,680.2349853515625,678.969970703125,680.0023193359375,2290529
2026-01-21 09:45:00-05:00,680.010009765625,681.27001953125,680.0,681.1599731445312,1622061
2026-01-21 09:50:00-05:00,681.1500244140625,681.72998046875,680.9000244140625,681.6099853515625,1563949
2026-01-21 09:55:00-05:00,681.5999755859375,682.6749877929688,681.5399780273438,682.489990234375,1339973
2026-01-21 10:00:00-05:00,682.47998046875,682.7999877929688,682.219970703125,682.25,1380805
2026-01-21 10:05:00-05:00,682.260009765625,682.8099975585938,682.0999755859375,682.1500244140625,1077437
2026-01-21 10:10:00-05:00,682.14501953125,682.3800048828125,681.6500244140625,682.2899780273438,1231217
2026-01-21 10:15:00-05:00,682.2999877929688,683.4199829101562,682.280029296875,682.760009765625,1299185
2026-01-21 10:20:00-05:00,682.760009765625,682.9099731445312,682.030029296875,682.72998046875,931874
2026-01-21 10:25:00-05:00,682.760009765625,683.1199951171875,682.25,683.02001953125,768714
2026-01-21 10:30:00-05:00,683.02001953125,683.97998046875,682.9400024414062,683.7849731445312,1344548
2026-01-21 10:35:00-05:00,683.7849731445312,684.4949951171875,683.72998046875,684.0911865234375,1199638
2026-01-21 10:40:00-05:00,684.0999755859375,684.60498046875,684.02001953125,684.47998046875,812683
2026-01-21 10:45:00-05:00,684.9249877929688,685.0750122070312,684.47998046875,684.6900024414062,1111294
2026-01-21 10:50:00-05:00,684.7100219726562,685.0999755859375,684.6199951171875,685.0800170898438,837545
2026-01-21 10:55:00-05:00,685.0700073242188,685.1300048828125,684.6699829101562,684.7321166992188,681547
2026-01-21 11:00:00-05:00,684.5999755859375,684.8200073242188,684.4000244140625,684.4000244140625,725213
2026-01-21 11:05:00-05:00,684.4099731445312,684.635009765625,684.0499877929688,684.1500244140625,1008500
2026-01-21 11:10:00-05:00,684.1654052734375,684.8400268554688,684.0599975585938,684.1799926757812,1005578
2026-01-21 11:15:00-05:00,684.1799926757812,684.6099853515625,684.02001953125,684.10009765625,667747
2026-01-21 11:20:00-05:00,684.1199951171875,684.27001953125,683.8400268554688,684.1199951171875,831559
2026-01-21 11:25:00-05:00,684.1298828125,684.5599975585938,683.8300170898438,684.22998046875,705856
2026-01-21 11:30:00-05:00,684.25,684.2999877929688,683.4099731445312,683.5700073242188,1409947
2026-01-21 11:35:00-05:00,683.5650024414062,683.6099853515625,681.7899780273438,681.8599853515625,1675907
2026-01-21 11:40:00-05:00,681.8499755859375,683.5399780273438,681.1799926757812,681.25,2422707
2026-01-21 11:45:00-05:00,681.25,681.9199829101562,680.9500122070312,681.6500244140625,1686611
2026-01-21 11:50:00-05:00,681.6500244140625,681.8150024414062,680.6699829101562,680.8800048828125,1113625
2026-01-21 11:55:00-05:00,680.8699951171875,680.9600219726562,679.9099731445312,680.0449829101562,1447097
2026-01-21 12:00:00-05:00,680.0499877929688,680.739990234375,679.9500122070312,679.989990234375,1268656
2026-01-21 12:05:00-05:00,679.969970703125,680.1500244140625,679.27001953125,679.5399780273438,1105929
2026-01-21 12:10:00-05:00,679.530029296875,679.8400268554688,678.1599731445312,678.3699951171875,1367953
2026-01-21 12:15:00-05:00,678.3800048828125,679.739990234375,678.1300048828125,679.3099975585938,1686905
2026-01-21 12:20:00-05:00,679.3200073242188,680.25,679.030029296875,680.0850219726562,1462494
2026-01-21 12:25:00-05:00,680.0700073242188,680.3300170898438,679.4000244140625,679.8499755859375,1009204
2026-01-21 12:30:00-05:00,679.864990234375,679.8699951171875,679.030029296875,679.4299926757812,916293
2026-01-21 12:35:00-05:00,679.4000244140625,679.9000244140625,679.010009765625,679.6400146484375,697080
2026-01-21 12:40:00-05:00,679.6300048828125,680.030029296875,679.280029296875,679.280029296875,715329
2026-01-21 12:45:00-05:00,679.2750244140625,679.72998046875,678.989990234375,679.6300048828125,733769
2026-01-21 12:50:00-05:00,679.6199951171875,680.6950073242188,679.3300170898438,680.5650024414062,936361
2026-01-21 12:55:00-05:00,680.5599975585938,680.969970703125,680.1599731445312,680.6300048828125,1022616
2026-01-21 13:00:00-05:00,680.6199951171875,680.77001953125,678.6300048828125,678.8300170898438,931635
2026-01-21 13:05:00-05:00,678.8300170898438,679.6199951171875,678.8300170898438,679.489990234375,836508
2026-01-21 13:10:00-05:00,679.489990234375,680.760009765625,679.4400024414062,680.2000122070312,845899
2026-01-21 13:15:00-05:00,680.2100219726562,680.4299926757812,679.905029296875,679.9650268554688,684218
2026-01-21 13:20:00-05:00,679.969970703125,680.2449951171875,679.510009765625,679.6400146484375,923700
2026-01-21 13:25:00-05:00,679.6500244140625,680.760009765625,679.5399780273438,680.5700073242188,587727
2026-01-21 13:30:00-05:00,680.5700073242188,680.8350219726562,680.3400268554688,680.6599731445312,760983
2026-01-21 13:35:00-05:00,680.6599731445312,680.8599853515625,679.780029296875,680.3049926757812,572957
2026-01-21 13:40:00-05:00,680.3099975585938,680.4450073242188,679.9299926757812,680.0499877929688,425924
2026-01-21 13:45:00-05:00,680.0499877929688,681.2000122070312,679.719970703125,681.1099853515625,862166
2026-01-21 13:50:00-05:00,681.1099853515625,681.5,680.9600219726562,681.0700073242188,672128
2026-01-21 13:55:00-05:00,680.875,681.1400146484375,680.47998046875,680.9949951171875,581577
2026-01-21 14:00:00-05:00,680.8800048828125,681.239990234375,680.4500122070312,680.530029296875,598677
2026-01-21 14:05:00-05:00,680.5214233398438,680.6199951171875,679.9299926757812,680.239990234375,553166
2026-01-21 14:10:00-05:00,680.25,680.719970703125,680.0700073242188,680.0700073242188,606098
2026-01-21 14:15:00-05:00,680.0700073242188,680.5399169921875,680.0399780273438,680.3699951171875,493657
2026-01-21 14:20:00-05:00,680.3800048828125,680.9500122070312,680.0700073242188,680.8400268554688,490008
2026-01-21 14:25:00-05:00,680.8200073242188,685.02001953125,680.3800048828125,684.4041137695312,4807970
2026-01-21 14:30:00-05:00,684.4099731445312,685.47998046875,684.3400268554688,685.4299926757812,3363924
2026-01-21 14:35:00-05:00,685.4299926757812,686.6799926757812,685.260009765625,686.3699951171875,2812937
2026-01-21 14:40:00-05:00,686.4500122070312,687.3300170898438,685.9500122070312,687.239990234375,3900649
2026-01-21 14:45:00-05:00,687.719970703125,688.280029296875,687.469970703125,688.219970703125,3162029
2026-01-21 14:50:00-05:00,688.2100219726562,688.7100219726562,687.1400146484375,687.6900024414062,2207943
2026-01-21 14:55:00-05:00,687.6799926757812,688.510009765625,687.5399780273438,688.4749755859375,1701946
2026-01-21 15:00:00-05:00,688.1099853515625,688.7349853515625,687.5800170898438,687.72998046875,1561216
2026-01-21 15:05:00-05:00,687.6649780273438,687.780029296875,686.9400024414062,687.3619995117188,1336512
2026-01-21 15:10:00-05:00,687.3599853515625,687.5700073242188,686.969970703125,687.1199951171875,1335187
2026-01-21 15:15:00-05:00,687.1199951171875,687.260009765625,686.1599731445312,686.3200073242188,2159692
2026-01-21 15:20:00-05:00,686.3200073242188,686.7000122070312,685.9600219726562,686.2100219726562,1417280
2026-01-21 15:25:00-05:00,686.2197265625,686.219970703125,685.3150024414062,685.35498046875,1319958
2026-01-21 15:30:00-05:00,685.0800170898438,685.9349975585938,684.75,685.77001953125,2520841
2026-01-21 15:35:00-05:00,685.760009765625,686.1599731445312,685.739990234375,685.7999877929688,1560488
2026-01-21 15:40:00-05:00,685.8099975585938,686.0800170898438,685.3200073242188,685.4500122070312,1322989
2026-01-21 15:45:00-05:00,685.4400024414062,685.6400146484375,685.1599731445312,685.530029296875,2236857
2026-01-21 15:50:00-05:00,685.530029296875,685.530029296875,684.6300048828125,685.2999877929688,3286162
2026-01-21 15:55:00-05:00,685.125,685.510009765625,684.8250122070312,685.3300170898438,5095748
2026-01-22 09:30:00-05:00,689.8499755859375,690.3499755859375,689.4400024414062,689.9400024414062,4395830
2026-01-22 09:35:00-05:00,689.9400024414062,690.530029296875,689.52001953125,690.3400268554688,2284585
2026-01-22 09:40:00-05:00,690.3400268554688,690.6699829101562,688.9199829101562,689.4000244140625,2193888
2026-01-22 09:45:00-05:00,689.4000244140625,689.5399780273438,687.6199951171875,687.8798828125,1991475
2026-01-22 09:50:00-05:00,687.8759765625,688.719970703125,687.6199951171875,688.4749755859375,1502601
2026-01-22 09:55:00-05:00,688.469970703125,688.60498046875,687.47998046875,687.8900146484375,1300222
2026-01-22 10:00:00-05:00,687.8900146484375,688.0150146484375,686.969970703125,687.3300170898438,1926441
2026-01-22 10:05:00-05:00,687.3200073242188,687.5549926757812,686.9199829101562,687.3300170898438,1001103
2026-01-22 10:10:00-05:00,687.3599853515625,687.8699951171875,687.0800170898438,687.3212890625,1049118
2026-01-22 10:15:00-05:00,687.3499755859375,688.030029296875,687.1300048828125,687.6799926757812,866108
2026-01-22 10:20:00-05:00,687.6649780273438,688.530029296875,687.4099731445312,687.4199829101562,1239723
2026-01-22 10:25:00-05:00,687.4099731445312,688.6099853515625,687.280029296875,688.4400024414062,792889
2026-01-22 10:30:00-05:00,688.5999755859375,688.9392700195312,688.0499877929688,688.8499755859375,929469
2026-01-22 10:35:00-05:00,688.8499755859375,689.119873046875,688.6599731445312,688.9650268554688,616338
2026-01-22 10:40:00-05:00,688.9849853515625,689.239990234375,688.6099853515625,689.2249755859375,446260
2026-01-22 10:45:00-05:00,689.219970703125,689.489990234375,689.094970703125,689.1950073242188,760165
2026-01-22 10:50:00-05:00,689.1400146484375,689.1799926757812,688.739990234375,688.8599853515625,587868
2026-01-22 10:55:00-05:00,688.8499755859375,688.998779296875,688.5800170898438,688.6300048828125,585224
2026-01-22 11:00:00-05:00,688.6199951171875,689.1799926757812,688.5800170898438,689.1199951171875,598742
2026-01-22 11:05:00-05:00,689.1199951171875,689.4600219726562,688.989990234375,689.3699951171875,588804
2026-01-22 11:10:00-05:00,689.3800048828125,689.72998046875,689.2039794921875,689.6699829101562,550088
2026-01-22 11:15:00-05:00,689.6699829101562,689.8499755859375,689.22998046875,689.5700073242188,547082
2026-01-22 11:20:00-05:00,689.5700073242188,689.8505249023438,689.5499877929688,689.8200073242188,418981
2026-01-22 11:25:00-05:00,689.8200073242188,690.046875,689.6950073242188,689.7999877929688,1105950
2026-01-22 11:30:00-05:00,689.7999877929688,689.9600219726562,689.6199951171875,689.8610229492188,407360
2026-01-22 11:35:00-05:00,689.8599853515625,689.969970703125,689.6699829101562,689.9072875976562,301661
2026-01-22 11:40:00-05:00,689.8800048828125,690.219970703125,689.8049926757812,690.0750122070312,411521
2026-01-22 11:45:00-05:00,690.0900268554688,690.3599853515625,690.0850219726562,690.2050170898438,406692
2026-01-22 11:50:00-05:00,690.2100219726562,690.5,690.1099853515625,690.219970703125,406770
2026-01-22 11:55:00-05:00,690.219970703125,690.219970703125,689.6500244140625,689.7150268554688,497918
2026-01-22 12:00:00-05:00,689.7100219726562,690.0499877929688,689.405029296875,690.0100708007812,483603
2026-01-22 12:05:00-05:00,690.02001953125,690.4199829101562,689.7899780273438,690.3300170898438,820700
2026-01-22 12:10:00-05:00,690.3499755859375,690.5579833984375,690.1500244140625,690.344970703125,497884
2026-01-22 12:15:00-05:00,690.3800048828125,690.4400024414062,689.9400024414062,690.1599731445312,455919
2026-01-22 12:20:00-05:00,690.155029296875,690.1849975585938,689.7949829101562,690.1599731445312,421341
2026-01-22 12:25:00-05:00,690.0250244140625,690.239990234375,689.9000244140625,690.22998046875,380102
2026-01-22 12:30:00-05:00,690.469970703125,690.8800048828125,690.239990234375,690.8150024414062,688156
2026-01-22 12:35:00-05:00,690.8300170898438,690.8300170898438,690.5499877929688,690.6099853515625,380909
2026-01-22 12:40:00-05:00,690.6099853515625,690.9199829101562,690.5999755859375,690.75,328939
2026-01-22 12:45:00-05:00,690.75,690.9099731445312,690.6699829101562,690.8049926757812,245394
2026-01-22 12:50:00-05:00,690.8099975585938,691.0800170898438,690.7849731445312,690.9199829101562,367407
2026-01-22 12:55:00-05:00,690.9299926757812,691.0800170898438,690.7150268554688,690.9550170898438,405392
2026-01-22 13:00:00-05:00,690.9500122070312,691.0999755859375,690.52001953125,690.9500732421875,682355
2026-01-22 13:05:00-05:00,690.9600219726562,691.125,690.780029296875,690.8800048828125,388692
2026-01-22 13:10:00-05:00,690.8800048828125,690.885009765625,690.3699951171875,690.4600219726562,445637
2026-01-22 13:15:00-05:00,690.469970703125,690.6500244140625,690.27001953125,690.4954223632812,393519
2026-01-22 13:20:00-05:00,690.5050048828125,690.760009765625,690.4500122070312,690.6500244140625,319735
2026-01-22 13:25:00-05:00,690.6599731445312,690.6699829101562,690.4099731445312,690.4500122070312,298913
2026-01-22 13:30:00-05:00,690.4400024414062,690.8400268554688,690.3900146484375,690.7011108398438,515056
2026-01-22 13:35:00-05:00,690.6849975585938,690.7899780273438,690.5800170898438,690.760009765625,199458
2026-01-22 13:40:00-05:00,690.760009765625,690.780029296875,690.2899780273438,690.3599853515625,467486
2026-01-22 13:45:00-05:00,690.3599853515625,690.6199951171875,690.35498046875,690.469970703125,331237
2026-01-22 13:50:00-05:00,690.47998046875,690.5383911132812,690.1400146484375,690.1950073242188,346968
2026-01-22 13:55:00-05:00,690.2100219726562,690.219970703125,689.8300170898438,690.0250244140625,481924
2026-01-22 14:00:00-05:00,690.2899780273438,690.6300048828125,690.114990234375,690.5800170898438,893791
2026-01-22 14:05:00-05:00,690.5850219726562,690.8400268554688,690.4949951171875,690.69189453125,703996
2026-01-22 14:10:00-05:00,690.7000122070312,690.9600219726562,690.5399780273438,690.7000122070312,531411
2026-01-22 14:15:00-05:00,690.7000122070312,690.760009765625,690.5,690.655029296875,952099
2026-01-22 14:20:00-05:00,690.6599731445312,690.8699951171875,690.5650024414062,690.8099975585938,507544
2026-01-22 14:25:00-05:00,690.8099975585938,690.8499755859375,690.5999755859375,690.6599731445312,356991
2026-01-22 14:30:00-05:00,690.6599731445312,690.7349853515625,690.3400268554688,690.3699951171875,527049
2026-01-22 14:35:00-05:00,690.3499755859375,690.4500122070312,689.8300170898438,689.9299926757812,877605
2026-01-22 14:40:00-05:00,689.9099731445312,690.1300048828125,689.6900024414062,689.7449951171875,931204
2026-01-22 14:45:00-05:00,689.75,689.8300170898438,689.5349731445312,689.6099853515625,715916
2026-01-22 14:50:00-05:00,689.6099853515625,689.8499755859375,689.3798828125,689.4299926757812,533303
2026-01-22 14:55:00-05:00,689.4299926757812,689.5499877929688,688.739990234375,688.77001953125,1262524
2026-01-22 15:00:00-05:00,688.760009765625,689.1500244140625,688.6099853515625,689.010009765625,1205967
2026-01-22 15:05:00-05:00,689.0,689.1950073242188,688.8200073242188,688.875,690551
2026-01-22 15:10:00-05:00,688.8800048828125,689.2249755859375,688.8599853515625,689.1900024414062,672358
2026-01-22 15:15:00-05:00,689.1900024414062,689.510009765625,689.0750122070312,689.2000122070312,1141879
2026-01-22 15:20:00-05:00,689.2000122070312,689.2999877929688,688.7999877929688,688.8499755859375,646571
2026-01-22 15:25:00-05:00,688.844970703125,688.8499755859375,688.1300048828125,688.1644897460938,996784
2026-01-22 15:30:00-05:00,688.1599731445312,688.260498046875,687.7249755859375,687.9099731445312,1464826
2026-01-22 15:35:00-05:00,687.9000244140625,688.0399780273438,687.594970703125,687.8400268554688,1476573
2026-01-22 15:40:00-05:00,687.8300170898438,688.2899780273438,687.6849975585938,688.1699829101562,1117001
2026-01-22 15:45:00-05:00,688.1699829101562,688.6099853515625,688.1699829101562,688.5900268554688,1087879
2026-01-22 15:50:00-05:00,688.5999755859375,688.9201049804688,688.4949951171875,688.8200073242188,1572172
2026-01-22 15:55:00-05:00,688.8099975585938,689.0449829101562,688.655029296875,688.9299926757812,3666159
2026-01-23 09:30:00-05:00,688.1500244140625,688.6799926757812,687.6199951171875,687.719970703125,3307027
2026-01-23 09:35:00-05:00,687.719970703125,688.125,687.2349853515625,687.4199829101562,1277617
2026-01-23 09:40:00-05:00,687.4249877929688,688.1950073242188,687.1599731445312,687.9409790039062,1342258
2026-01-23 09:45:00-05:00,688.0,688.4500122070312,687.2999877929688,687.3400268554688,930612
2026-01-23 09:50:00-05:00,687.3300170898438,688.1300048828125,687.27001953125,687.9459838867188,911338
2026-01-23 09:55:00-05:00,687.9400024414062,688.8099975585938,687.885009765625,688.77001953125,828180
2026-01-23 10:00:00-05:00,688.8300170898438,689.4400024414062,688.77001953125,689.2800903320312,961895
2026-01-23 10:05:00-05:00,689.2899780273438,689.3599853515625,688.9199829101562,689.1199951171875,836099
2026-01-23 10:10:00-05:00,689.1099853515625,689.2249755859375,688.489990234375,688.6300048828125,658820
2026-01-23 10:15:00-05:00,688.6300048828125,689.0,688.3499755859375,688.4249877929688,824781
2026-01-23 10:20:00-05:00,688.4199829101562,689.75,688.3099975585938,689.5549926757812,934941
2026-01-23 10:25:00-05:00,689.5499877929688,689.85009765625,689.134521484375,689.3250122070312,917493
2026-01-23 10:30:00-05:00,689.3200073242188,689.60498046875,689.2100219726562,689.530029296875,515926
2026-01-23 10:35:00-05:00,689.5250244140625,689.8200073242188,689.5,689.780029296875,561312
2026-01-23 10:40:00-05:00,689.77001953125,689.8870239257812,689.6300048828125,689.6900024414062,467746
2026-01-23 10:45:00-05:00,689.6900024414062,690.3900146484375,689.5302734375,690.3099975585938,731627
2026-01-23 10:50:00-05:00,690.3200073242188,690.47998046875,690.0800170898438,690.4500122070312,535755
2026-01-23 10:55:00-05:00,690.469970703125,690.7100219726562,690.3599853515625,690.47998046875,887424
2026-01-23 11:00:00-05:00,690.47998046875,690.9600219726562,690.469970703125,690.7999877929688,929642
2026-01-23 11:05:00-05:00,690.7999877929688,690.8400268554688,690.2100219726562,690.635009765625,822726
2026-01-23 11:10:00-05:00,690.6199951171875,690.72998046875,690.4600219726562,690.5800170898438,467710
2026-01-23 11:15:00-05:00,690.594970703125,690.8099975585938,690.35498046875,690.6699829101562,432035
2026-01-23 11:20:00-05:00,690.6649780273438,690.6649780273438,690.2249755859375,690.4299926757812,460799
2026-01-23 11:25:00-05:00,690.4199829101562,690.5499877929688,689.9199829101562,690.0700073242188,374479
2026-01-23 11:30:00-05:00,690.0599975585938,690.3099975585938,689.4199829101562,689.6500244140625,690823
2026-01-23 11:35:00-05:00,689.6599731445312,690.5689697265625,689.5150146484375,690.4400024414062,564991
2026-01-23 11:40:00-05:00,690.39501953125,690.60498046875,690.0,690.4202270507812,507699
2026-01-23 11:45:00-05:00,690.4199829101562,690.614990234375,690.010009765625,690.4500122070312,472262
2026-01-23 11:50:00-05:00,690.4500122070312,690.5399780273438,689.8800048828125,690.0700073242188,490234
2026-01-23 11:55:00-05:00,690.0800170898438,690.1099853515625,689.6599731445312,689.7481079101562,633093
2026-01-23 12:00:00-05:00,689.75,690.1599731445312,689.3499755859375,690.0399780273438,699343
2026-01-23 12:05:00-05:00,690.034423828125,690.125,689.72998046875,689.8800048828125,327331
2026-01-23 12:10:00-05:00,689.9000244140625,690.260009765625,689.8200073242188,690.2449951171875,360002
2026-01-23 12:15:00-05:00,690.2449951171875,690.2999877929688,689.7899780273438,690.030029296875,375351
2026-01-23 12:20:00-05:00,690.02001953125,690.1099853515625,689.75,689.780029296875,312269
2026-01-23 12:25:00-05:00,689.780029296875,690.3499755859375,689.774169921875,690.1900024414062,344545
2026-01-23 12:30:00-05:00,690.197998046875,690.280029296875,689.6500244140625,689.718505859375,526596
2026-01-23 12:35:00-05:00,689.7150268554688,690.0366821289062,689.7000122070312,689.8499755859375,300263
2026-01-23 12:40:00-05:00,689.8300170898438,689.8900146484375,688.719970703125,688.8049926757812,970185
2026-01-23 12:45:00-05:00,688.8099975585938,689.1799926757812,688.4500122070312,688.844970703125,855215
2026-01-23 12:50:00-05:00,688.8400268554688,688.9299926757812,687.9600219726562,688.1199951171875,906451
2026-01-23 12:55:00-05:00,688.1199951171875,688.4985961914062,687.72998046875,687.989990234375,777332
2026-01-23 13:00:00-05:00,687.97998046875,688.4600219726562,687.8599853515625,688.3400268554688,816906
2026-01-23 13:05:00-05:00,688.344970703125,688.8198852539062,687.9000244140625,688.8150024414062,620569
2026-01-23 13:10:00-05:00,688.8200073242188,689.0399780273438,688.4099731445312,688.469970703125,514736
2026-01-23 13:15:00-05:00,688.47998046875,689.030029296875,688.3900146484375,688.775390625,556763
2026-01-23 13:20:00-05:00,688.77001953125,689.0,688.4000244140625,688.7999877929688,354699
2026-01-23 13:25:00-05:00,688.7899780273438,689.135009765625,688.7650146484375,688.9199829101562,347299
2026-01-23 13:30:00-05:00,688.9400024414062,689.1300048828125,688.4180297851562,688.5499877929688,460143
2026-01-23 13:35:00-05:00,688.5449829101562,689.280029296875,688.52001953125,689.10498046875,394892
2026-01-23 13:40:00-05:00,689.1099853515625,689.1400146484375,688.6900024414062,688.739990234375,340531
2026-01-23 13:45:00-05:00,688.739990234375,688.9400024414062,688.3699951171875,688.8200073242188,337896
2026-01-23 13:50:00-05:00,688.7999877929688,689.010009765625,688.5599975585938,688.7899780273438,341494
2026-01-23 13:55:00-05:00,688.7999877929688,689.1300048828125,688.7138061523438,688.969970703125,282493
2026-01-23 14:00:00-05:00,688.969970703125,689.5900268554688,688.9099731445312,689.47998046875,478076
2026-01-23 14:05:00-05:00,689.489990234375,689.844970703125,689.410888671875,689.7150268554688,842022
2026-01-23 14:10:00-05:00,689.719970703125,689.8394775390625,689.3820190429688,689.5,599748
2026-01-23 14:15:00-05:00,689.510009765625,689.8099975585938,689.4500122070312,689.719970703125,279806
2026-01-23 14:20:00-05:00,689.7150268554688,690.1995239257812,689.6500244140625,690.02001953125,588241
2026-01-23 14:25:00-05:00,690.0250244140625,690.1500244140625,689.5399780273438,689.5479125976562,794318
2026-01-23 14:30:00-05:00,689.5499877929688,689.8599853515625,689.4400024414062,689.5900268554688,712842
2026-01-23 14:35:00-05:00,689.6099853515625,689.7971801757812,689.1500244140625,689.25,627296
2026-01-23 14:40:00-05:00,689.25,689.594970703125,688.9400024414062,689.4600219726562,646565
2026-01-23 14:45:00-05:00,689.469970703125,689.52001953125,689.1900024414062,689.1900024414062,320478
2026-01-23 14:50:00-05:00,689.1900024414062,689.5399780273438,689.135009765625,689.375,434353
2026-01-23 14:55:00-05:00,689.3699951171875,689.6599731445312,689.3499755859375,689.5399780273438,422694
2026-01-23 15:00:00-05:00,689.530029296875,689.5850219726562,689.2000122070312,689.2249755859375,960828
2026-01-23 15:05:00-05:00,689.22998046875,689.3900146484375,688.8400268554688,688.8499755859375,566344
2026-01-23 15:10:00-05:00,688.8400268554688,689.27001953125,688.510009765625,689.1500244140625,750144
2026-01-23 15:15:00-05:00,689.1599731445312,689.5499877929688,689.1400146484375,689.3599853515625,633294
2026-01-23 15:20:00-05:00,689.3499755859375,689.3800048828125,689.010009765625,689.0700073242188,476613
2026-01-23 15:25:00-05:00,689.0700073242188,689.1500244140625,688.8099975585938,688.844970703125,514426
2026-01-23 15:30:00-05:00,688.8400268554688,688.9190063476562,688.5499877929688,688.8599853515625,1409523
2026-01-23 15:35:00-05:00,688.844970703125,688.969970703125,688.5700073242188,688.9299926757812,1337583
2026-01-23 15:40:00-05:00,688.9296875,689.3499755859375,688.9199829101562,689.219970703125,764073
2026-01-23 15:45:00-05:00,689.2249755859375,689.4199829101562,689.1400146484375,689.4000854492188,897598
2026-01-23 15:50:00-05:00,689.3900146484375,689.4600219726562,688.8400268554688,689.0750122070312,1038398
2026-01-23 15:55:00-05:00,689.0700073242188,689.6099853515625,688.8400268554688,689.1799926757812,3327285
2026-01-26 09:30:00-05:00,690.489990234375,691.3250122070312,689.9199829101562,691.280029296875,3196235
2026-01-26 09:35:00-05:00,691.280029296875,691.97998046875,691.27001953125,691.7100219726562,1702511
2026-01-26 09:40:00-05:00,691.7100219726562,692.2899780273438,691.4000244140625,692.1849975585938,1485280
2026-01-26 09:45:00-05:00,692.1900024414062,692.5446166992188,692.1500244140625,692.2100219726562,1077276
2026-01-26 09:50:00-05:00,692.2100219726562,692.6300048828125,692.0700073242188,692.385009765625,1079571
2026-01-26 09:55:00-05:00,692.385009765625,692.6300048828125,692.219970703125,692.2650146484375,810172
2026-01-26 10:00:00-05:00,692.260009765625,692.3699951171875,691.97998046875,692.2100219726562,670028
2026-01-26 10:05:00-05:00,692.2100219726562,692.3900146484375,691.9400024414062,691.9600219726562,471973
2026-01-26 10:10:00-05:00,691.969970703125,692.6699829101562,691.75,692.5850219726562,698934
2026-01-26 10:15:00-05:00,692.5800170898438,693.1400146484375,692.489990234375,693.094970703125,905083
2026-01-26 10:20:00-05:00,693.0999755859375,693.4000244140625,693.0999755859375,693.3499755859375,991879
2026-01-26 10:25:00-05:00,693.3499755859375,693.3599853515625,692.510009765625,692.5499877929688,995740
2026-01-26 10:30:00-05:00,692.5399780273438,693.0700073242188,692.3800048828125,692.8499755859375,734766
2026-01-26 10:35:00-05:00,692.8300170898438,693.02001953125,692.6500244140625,692.780029296875,417925
2026-01-26 10:40:00-05:00,692.780029296875,692.8150024414062,692.22998046875,692.3099975585938,757789
2026-01-26 10:45:00-05:00,692.2999877929688,693.114990234375,692.2999877929688,692.9299926757812,524253
2026-01-26 10:50:00-05:00,692.9400024414062,693.3388061523438,692.8800048828125,693.1500244140625,734842
2026-01-26 10:55:00-05:00,693.1400146484375,693.3099975585938,692.8900146484375,692.9749755859375,712164
2026-01-26 11:00:00-05:00,692.97998046875,693.0800170898438,692.739990234375,692.9099731445312,561410
2026-01-26 11:05:00-05:00,692.9199829101562,692.969970703125,692.6199951171875,692.8499755859375,379683
2026-01-26 11:10:00-05:00,692.8499755859375,692.9375,692.64501953125,692.8300170898438,372614
2026-01-26 11:15:00-05:00,692.8200073242188,692.8880004882812,692.3900146484375,692.47998046875,379840
2026-01-26 11:20:00-05:00,692.469970703125,693.0349731445312,692.22998046875,692.9500122070312,645185
2026-01-26 11:25:00-05:00,692.9600219726562,693.280029296875,692.8699951171875,693.1099853515625,592197
2026-01-26 11:30:00-05:00,693.1099853515625,693.3599853515625,692.9600219726562,692.969970703125,498271
2026-01-26 11:35:00-05:00,692.969970703125,693.25,692.8400268554688,693.02001953125,509328
2026-01-26 11:40:00-05:00,693.02001953125,693.1199951171875,692.864990234375,692.9249877929688,249197
2026-01-26 11:45:00-05:00,692.9099731445312,693.1099853515625,692.7750244140625,692.969970703125,387537
2026-01-26 11:50:00-05:00,692.97998046875,693.2000122070312,692.9199829101562,693.0999755859375,311149
2026-01-26 11:55:00-05:00,693.1099853515625,693.22998046875,692.9849853515625,693.1199951171875,228297
2026-01-26 12:00:00-05:00,693.0999755859375,693.6799926757812,693.030029296875,693.5447998046875,484682
2026-01-26 12:05:00-05:00,693.5499877929688,693.7098999023438,693.4500732421875,693.4500732421875,464746
2026-01-26 12:10:00-05:00,693.4600219726562,693.5700073242188,693.2949829101562,693.4949951171875,251088
2026-01-26 12:15:00-05:00,693.4949951171875,693.6793823242188,693.4299926757812,693.5,257762
2026-01-26 12:20:00-05:00,693.5,693.6600952148438,693.45458984375,693.5499877929688,240106
2026-01-26 12:25:00-05:00,693.5499877929688,693.64501953125,693.489990234375,693.5068359375,390118
2026-01-26 12:30:00-05:00,693.5,693.5679931640625,693.239990234375,693.39990234375,619457
2026-01-26 12:35:00-05:00,693.4000244140625,693.52001953125,693.3079833984375,693.4400024414062,324054
2026-01-26 12:40:00-05:00,693.4400024414062,693.5800170898438,693.3300170898438,693.5599975585938,249716
2026-01-26 12:45:00-05:00,693.5599975585938,693.5599975585938,693.0999755859375,693.17578125,362191
2026-01-26 12:50:00-05:00,693.1799926757812,693.385009765625,693.030029296875,693.260009765625,299582
2026-01-26 12:55:00-05:00,693.27001953125,693.3775024414062,693.0900268554688,693.239990234375,271620
2026-01-26 13:00:00-05:00,693.239990234375,693.3599853515625,693.0499877929688,693.1900024414062,263572
2026-01-26 13:05:00-05:00,693.1900024414062,693.2249755859375,692.9000244140625,692.9949951171875,339579
2026-01-26 13:10:00-05:00,692.9949951171875,693.130126953125,692.9719848632812,693.0549926757812,242600
2026-01-26 13:15:00-05:00,693.0499877929688,693.4849853515625,692.9349975585938,693.4299926757812,360034
2026-01-26 13:20:00-05:00,693.4199829101562,693.72998046875,693.3720092773438,693.6749877929688,478920
2026-01-26 13:25:00-05:00,693.6799926757812,693.8699951171875,693.5150146484375,693.7899780273438,402029
2026-01-26 13:30:00-05:00,693.780029296875,694.1300048828125,693.739990234375,694.030029296875,519563
2026-01-26 13:35:00-05:00,694.0349731445312,694.0599975585938,693.6599731445312,693.6799926757812,376869
2026-01-26 13:40:00-05:00,693.6799926757812,693.739990234375,693.469970703125,693.5349731445312,431992
2026-01-26 13:45:00-05:00,693.530029296875,693.5599975585938,693.3300170898438,693.52001953125,356853
2026-01-26 13:50:00-05:00,693.5250244140625,693.6900024414062,693.4550170898438,693.6799926757812,307489
2026-01-26 13:55:00-05:00,693.6799926757812,693.6950073242188,693.469970703125,693.5900268554688,211394
2026-01-26 14:00:00-05:00,693.5800170898438,693.739990234375,693.47998046875,693.5850219726562,457482
2026-01-26 14:05:00-05:00,693.5900268554688,693.8699951171875,693.5,693.780029296875,446211
2026-01-26 14:10:00-05:00,693.7899780273438,693.97998046875,693.760009765625,693.81787109375,421959
2026-01-26 14:15:00-05:00,693.8099975585938,693.9099731445312,693.7100219726562,693.8099975585938,312741
2026-01-26 14:20:00-05:00,693.8099975585938,693.8200073242188,693.4600219726562,693.530029296875,321473
2026-01-26 14:25:00-05:00,693.5449829101562,693.8499755859375,693.47998046875,693.8200073242188,379006
2026-01-26 14:30:00-05:00,693.8250122070312,693.9249877929688,693.6599731445312,693.7150268554688,442048
2026-01-26 14:35:00-05:00,693.719970703125,693.8300170898438,693.5700073242188,693.75,319802
2026-01-26 14:40:00-05:00,693.75,694.0,693.6900024414062,693.8599853515625,403746
2026-01-26 14:45:00-05:00,693.8599853515625,693.9400024414062,693.6699829101562,693.7550048828125,534560
2026-01-26 14:50:00-05:00,693.75,693.840087890625,693.6099243164062,693.6400146484375,369143
2026-01-26 14:55:00-05:00,693.6400146484375,693.8350219726562,693.5399780273438,693.5900268554688,563224
2026-01-26 15:00:00-05:00,693.5999755859375,693.72998046875,693.4199829101562,693.7249755859375,530419
2026-01-26 15:05:00-05:00,693.7100219726562,693.75,693.6199951171875,693.6900024414062,594713
2026-01-26 15:10:00-05:00,693.6900024414062,693.739990234375,693.5499877929688,693.6500244140625,541621
2026-01-26 15:15:00-05:00,693.6500244140625,693.6799926757812,693.4400024414062,693.5399780273438,777054
2026-01-26 15:20:00-05:00,693.530029296875,693.739990234375,693.469970703125,693.6500244140625,900560
2026-01-26 15:25:00-05:00,693.6500244140625,693.6589965820312,693.5150146484375,693.5700073242188,458947
2026-01-26 15:30:00-05:00,693.5750122070312,693.8200073242188,693.5399780273438,693.7103271484375,798803
2026-01-26 15:35:00-05:00,693.7100219726562,693.8699951171875,693.6599731445312,693.6799926757812,869557
2026-01-26 15:40:00-05:00,693.6799926757812,693.719970703125,693.4299926757812,693.5800170898438,1214497
2026-01-26 15:45:00-05:00,693.5800170898438,693.7866821289062,693.52001953125,693.6599731445312,1289087
2026-01-26 15:50:00-05:00,693.6599731445312,693.6599731445312,692.9000244140625,693.0549926757812,3228268
2026-01-26 15:55:00-05:00,693.0499877929688,693.0999755859375,692.6199951171875,692.7100219726562,4800727
2026-01-27 09:30:00-05:00,694.1799926757812,694.3400268554688,693.8400268554688,694.2100219726562,2439606
2026-01-27 09:35:00-05:00,694.22998046875,694.364990234375,693.5750122070312,693.5750122070312,1003400
2026-01-27 09:40:00-05:00,693.5800170898438,694.4000244140625,693.5700073242188,694.0900268554688,913009
2026-01-27 09:45:00-05:00,694.0999755859375,694.5599975585938,694.0999755859375,694.47998046875,812949
2026-01-27 09:50:00-05:00,694.47998046875,695.3499755859375,694.47998046875,695.27001953125,1225816
2026-01-27 09:55:00-05:00,695.27001953125,695.47998046875,695.1400146484375,695.1699829101562,902773
2026-01-27 10:00:00-05:00,695.1799926757812,695.4400024414062,695.0599975585938,695.1199951171875,647196
2026-01-27 10:05:00-05:00,695.114990234375,695.27001953125,694.510009765625,695.2449951171875,1109559
2026-01-27 10:10:00-05:00,695.25,695.3800048828125,694.97998046875,695.1500244140625,743945
2026-01-27 10:15:00-05:00,695.1300048828125,695.2999877929688,694.9450073242188,695.2449951171875,539000
2026-01-27 10:20:00-05:00,695.2449951171875,695.4099731445312,694.9650268554688,695.1199951171875,433925
2026-01-27 10:25:00-05:00,695.1199951171875,695.1300048828125,694.77001953125,694.780029296875,432258
2026-01-27 10:30:00-05:00,694.77001953125,695.3099975585938,694.7150268554688,695.2849731445312,566420
2026-01-27 10:35:00-05:00,695.280029296875,695.7000122070312,695.260009765625,695.5399780273438,716511
2026-01-27 10:40:00-05:00,695.5399780273438,695.905029296875,695.5,695.8200073242188,705328
2026-01-27 10:45:00-05:00,695.8099975585938,696.1400146484375,695.7899780273438,696.0150146484375,728678
2026-01-27 10:50:00-05:00,696.010009765625,696.0250244140625,695.8150024414062,695.9099731445312,534936
2026-01-27 10:55:00-05:00,695.9000244140625,696.0050048828125,695.7412719726562,696.0,333539
2026-01-27 11:00:00-05:00,696.0,696.1599731445312,695.97998046875,696.0900268554688,502414
2026-01-27 11:05:00-05:00,696.0800170898438,696.22998046875,696.0050048828125,696.0900268554688,625280
2026-01-27 11:10:00-05:00,696.0900268554688,696.27001953125,696.0599975585938,696.2150268554688,957629
2026-01-27 11:15:00-05:00,696.2150268554688,696.4799194335938,696.10498046875,696.4299926757812,447944
2026-01-27 11:20:00-05:00,696.4400024414062,696.47998046875,696.27001953125,696.3900146484375,528061
2026-01-27 11:25:00-05:00,696.3800048828125,696.4099731445312,696.1799926757812,696.1900024414062,333471
2026-01-27 11:30:00-05:00,696.1900024414062,696.405029296875,696.135009765625,696.2501220703125,477023
2026-01-27 11:35:00-05:00,696.260009765625,696.47998046875,696.219970703125,696.4099731445312,449118
2026-01-27 11:40:00-05:00,696.4099731445312,696.530029296875,696.3292846679688,696.3292846679688,446483
2026-01-27 11:45:00-05:00,696.3300170898438,696.4199829101562,696.1900024414062,696.35498046875,658630
2026-01-27 11:50:00-05:00,696.3599853515625,696.3599853515625,696.1099853515625,696.1400146484375,353717
2026-01-27 11:55:00-05:00,696.1400146484375,696.2449951171875,696.010009765625,696.010009765625,839007
2026-01-27 12:00:00-05:00,696.010009765625,696.1400146484375,695.9500122070312,696.0449829101562,376359
2026-01-27 12:05:00-05:00,696.0499877929688,696.1099853515625,695.8599853515625,695.9650268554688,917306
2026-01-27 12:10:00-05:00,695.9600219726562,695.969970703125,695.75,695.77001953125,265879
2026-01-27 12:15:00-05:00,695.77001953125,695.7899780273438,695.3800048828125,695.5399780273438,904552
2026-01-27 12:20:00-05:00,695.5399780273438,695.77001953125,695.5,695.655029296875,536308
2026-01-27 12:25:00-05:00,695.655029296875,696.1199951171875,695.639892578125,695.9732055664062,357027
2026-01-27 12:30:00-05:00,695.9849853515625,696.0800170898438,695.7150268554688,695.7550048828125,383769
2026-01-27 12:35:00-05:00,695.72998046875,695.7999877929688,695.5599975585938,695.7199096679688,244109
2026-01-27 12:40:00-05:00,695.719970703125,695.9500122070312,695.594970703125,695.6699829101562,337501
2026-01-27 12:45:00-05:00,695.6699829101562,695.7899780273438,695.5700073242188,695.7000122070312,284357
2026-01-27 12:50:00-05:00,695.7000122070312,695.77001953125,695.5050048828125,695.5399780273438,323387
2026-01-27 12:55:00-05:00,695.5499877929688,695.5850219726562,695.3800048828125,695.4249877929688,242262
2026-01-27 13:00:00-05:00,695.4199829101562,695.4500122070312,694.9099731445312,695.0999755859375,547812
2026-01-27 13:05:00-05:00,695.0800170898438,695.1950073242188,694.9299926757812,695.0900268554688,920558
2026-01-27 13:10:00-05:00,695.0900268554688,695.4641723632812,694.969970703125,695.4299926757812,461129
2026-01-27 13:15:00-05:00,695.4199829101562,695.7000122070312,695.4000244140625,695.6900024414062,305073
2026-01-27 13:20:00-05:00,695.6912841796875,695.969970703125,695.6749877929688,695.9500122070312,317924
2026-01-27 13:25:00-05:00,695.9500122070312,695.958984375,695.6699829101562,695.7949829101562,236090
2026-01-27 13:30:00-05:00,695.7999877929688,696.1649780273438,695.7999877929688,696.010986328125,461758
2026-01-27 13:35:00-05:00,696.02001953125,696.0250244140625,695.8200073242188,695.8701171875,260078
2026-01-27 13:40:00-05:00,695.875,695.9149780273438,695.7100219726562,695.760009765625,233379
2026-01-27 13:45:00-05:00,695.760009765625,695.97998046875,695.719970703125,695.9099731445312,225352
2026-01-27 13:50:00-05:00,695.9149780273438,696.0599975585938,695.9099731445312,696.0050048828125,187645
2026-01-27 13:55:00-05:00,696.0050048828125,696.2100219726562,695.9600219726562,696.030029296875,340611
2026-01-27 14:00:00-05:00,696.02001953125,696.02001953125,695.7999877929688,695.909912109375,598905
2026-01-27 14:05:00-05:00,695.9249877929688,695.97998046875,695.739990234375,695.85498046875,378943
2026-01-27 14:10:00-05:00,695.8400268554688,696.0499877929688,695.760009765625,695.9650268554688,286670
2026-01-27 14:15:00-05:00,695.9600219726562,696.0599975585938,695.9199829101562,695.97998046875,233488
2026-01-27 14:20:00-05:00,695.969970703125,696.0999755859375,695.9600219726562,696.0800170898438,204862
2026-01-27 14:25:00-05:00,696.0800170898438,696.2000122070312,696.0250244140625,696.1699829101562,272549
2026-01-27 14:30:00-05:00,696.1699829101562,696.3599853515625,696.1699829101562,696.2100219726562,425285
2026-01-27 14:35:00-05:00,696.219970703125,696.219970703125,696.0999755859375,696.1849975585938,466207
2026-01-27 14:40:00-05:00,696.1799926757812,696.2000122070312,696.0349731445312,696.1599731445312,359082
2026-01-27 14:45:00-05:00,696.1599731445312,696.1699829101562,696.0,696.14501953125,199095
2026-01-27 14:50:00-05:00,696.1400146484375,696.1900024414062,696.030029296875,696.1500244140625,249113
2026-01-27 14:55:00-05:00,696.14501953125,696.1649780273438,696.0250244140625,696.0750122070312,294156
2026-01-27 15:00:00-05:00,696.0700073242188,696.1900024414062,696.0,696.1500854492188,281194
2026-01-27 15:05:00-05:00,696.1599731445312,696.1599731445312,696.0233154296875,696.1199951171875,310272
2026-01-27 15:10:00-05:00,696.125,696.4000244140625,696.1199951171875,696.3674926757812,749130
2026-01-27 15:15:00-05:00,696.3699951171875,696.3800048828125,696.1849975585938,696.280029296875,554638
2026-01-27 15:20:00-05:00,696.27001953125,696.35498046875,696.155029296875,696.15869140625,459176
2026-01-27 15:25:00-05:00,696.155029296875,696.1599731445312,695.9400024414062,695.9998779296875,614652
2026-01-27 15:30:00-05:00,695.989990234375,696.0900268554688,695.8099975585938,696.0900268554688,626403
2026-01-27 15:35:00-05:00,696.0900268554688,696.0900268554688,695.9199829101562,696.02001953125,430453
2026-01-27 15:40:00-05:00,696.0150146484375,696.0578002929688,695.8400268554688,695.9749755859375,665228
2026-01-27 15:45:00-05:00,695.9600219726562,696.1599731445312,695.8200073242188,696.1400146484375,1059212
2026-01-27 15:50:00-05:00,696.1400146484375,696.1799926757812,695.6400146484375,695.6799926757812,1772080
2026-01-27 15:55:00-05:00,695.6799926757812,695.780029296875,695.4000244140625,695.5399780273438,4258778
2026-01-28 09:30:00-05:00,697.0499877929688,697.7000122070312,697.010009765625,697.3499755859375,3184406
2026-01-28 09:35:00-05:00,697.3400268554688,697.530029296875,696.9500122070312,697.1300048828125,1490407
2026-01-28 09:40:00-05:00,697.135009765625,697.7000122070312,697.0750122070312,697.6500244140625,1228989
2026-01-28 09:45:00-05:00,697.64501953125,697.8400268554688,696.9000244140625,697.1649780273438,1298148
2026-01-28 09:50:00-05:00,697.1599731445312,697.7100219726562,697.1099243164062,697.6901245117188,742846
2026-01-28 09:55:00-05:00,697.6900024414062,697.6950073242188,697.0700073242188,697.1199951171875,791091
2026-01-28 10:00:00-05:00,697.1099853515625,697.3200073242188,696.7899780273438,697.02001953125,863938
2026-01-28 10:05:00-05:00,697.030029296875,697.0750122070312,696.4600219726562,696.6199951171875,1011335
2026-01-28 10:10:00-05:00,696.6099853515625,696.64501953125,696.103515625,696.1099853515625,964834
2026-01-28 10:15:00-05:00,696.1199951171875,696.7999877929688,696.030029296875,696.5299072265625,834420
2026-01-28 10:20:00-05:00,696.5299072265625,697.0999755859375,696.489990234375,696.9000244140625,572991
2026-01-28 10:25:00-05:00,696.9099731445312,696.9299926757812,696.4929809570312,696.513916015625,492115
2026-01-28 10:30:00-05:00,696.52001953125,696.7899780273438,696.1417236328125,696.155029296875,564434
2026-01-28 10:35:00-05:00,696.1599731445312,696.72998046875,696.1199951171875,696.6099853515625,470962
2026-01-28 10:40:00-05:00,696.6099853515625,696.6400146484375,695.780029296875,695.8201293945312,476343
2026-01-28 10:45:00-05:00,695.8200073242188,696.0601806640625,695.7100219726562,695.8499145507812,674269
2026-01-28 10:50:00-05:00,695.8400268554688,695.9000244140625,695.6199951171875,695.8200073242188,426002
2026-01-28 10:55:00-05:00,695.8099975585938,695.9600219726562,695.5399780273438,695.5549926757812,470230
2026-01-28 11:00:00-05:00,695.5599975585938,696.1300048828125,695.5499877929688,696.0700073242188,587893
2026-01-28 11:05:00-05:00,696.0700073242188,696.3300170898438,695.9149780273438,696.1201171875,439072
2026-01-28 11:10:00-05:00,696.1300048828125,696.3049926757812,695.8400268554688,696.010009765625,312149
2026-01-28 11:15:00-05:00,696.010009765625,696.1199951171875,695.72412109375,695.72998046875,320396
2026-01-28 11:20:00-05:00,695.739990234375,695.8900146484375,695.4500122070312,695.780029296875,509197
2026-01-28 11:25:00-05:00,695.7750244140625,696.1500244140625,695.6400146484375,696.1242065429688,437368
2026-01-28 11:30:00-05:00,696.1199951171875,696.1199951171875,695.3300170898438,695.385009765625,589262
2026-01-28 11:35:00-05:00,695.3900146484375,695.52001953125,695.219970703125,695.3699951171875,416533
2026-01-28 11:40:00-05:00,695.3599853515625,695.3800048828125,694.780029296875,694.8499755859375,549181
2026-01-28 11:45:00-05:00,694.8499755859375,695.1749877929688,694.8300170898438,695.0800170898438,627941
2026-01-28 11:50:00-05:00,695.0900268554688,695.0999755859375,694.4949951171875,694.5999755859375,593955
2026-01-28 11:55:00-05:00,694.60498046875,694.969970703125,694.5750122070312,694.7218017578125,554085
2026-01-28 12:00:00-05:00,694.719970703125,695.2197875976562,694.6900024414062,695.0599975585938,499523
2026-01-28 12:05:00-05:00,695.0599975585938,695.2100219726562,694.77001953125,695.052001953125,365679
2026-01-28 12:10:00-05:00,695.0599975585938,695.52001953125,695.0399780273438,695.4550170898438,441105
2026-01-28 12:15:00-05:00,695.4600219726562,695.6199951171875,695.219970703125,695.5997924804688,488669
2026-01-28 12:20:00-05:00,695.5800170898438,695.6799926757812,694.85498046875,694.864990234375,647276
2026-01-28 12:25:00-05:00,694.8629760742188,694.9149780273438,694.6799926757812,694.85498046875,333463
2026-01-28 12:30:00-05:00,694.8350219726562,694.8400268554688,694.52001953125,694.5599975585938,308036
2026-01-28 12:35:00-05:00,694.5700073242188,694.8200073242188,694.5700073242188,694.677978515625,462645
2026-01-28 12:40:00-05:00,694.6699829101562,695.0,694.52001953125,694.8599853515625,446260
2026-01-28 12:45:00-05:00,694.8400268554688,695.094970703125,694.7050170898438,694.9500122070312,351273
2026-01-28 12:50:00-05:00,694.9400024414062,695.4099731445312,694.9199829101562,695.4058227539062,337384
2026-01-28 12:55:00-05:00,695.4099731445312,695.4349975585938,694.8200073242188,694.8499755859375,326101
2026-01-28 13:00:00-05:00,694.8400268554688,695.0700073242188,694.5599975585938,695.0399780273438,365385
2026-01-28 13:05:00-05:00,695.0449829101562,695.260009765625,695.0,695.0850219726562,244679
2026-01-28 13:10:00-05:00,695.0800170898438,695.2000122070312,694.8099975585938,695.1799926757812,362788
2026-01-28 13:15:00-05:00,695.1799926757812,695.3599853515625,695.1099853515625,695.3150024414062,217283
2026-01-28 13:20:00-05:00,695.3150024414062,695.4299926757812,695.1799926757812,695.2598876953125,221951
2026-01-28 13:25:00-05:00,695.25,695.2999877929688,695.0800170898438,695.1500244140625,252677
2026-01-28 13:30:00-05:00,695.1599731445312,695.2706298828125,695.010009765625,695.0499877929688,233375
2026-01-28 13:35:00-05:00,695.0399780273438,695.3099975585938,694.8900146484375,694.8900146484375,207081
2026-01-28 13:40:00-05:00,694.9000244140625,695.1749877929688,694.8800048828125,695.0,224733
2026-01-28 13:45:00-05:00,695.010009765625,695.0399780273438,694.7650146484375,694.905029296875,259423
2026-01-28 13:50:00-05:00,694.905029296875,695.1699829101562,694.8599853515625,694.969970703125,329808
2026-01-28 13:55:00-05:00,694.97998046875,695.219970703125,694.8900146484375,695.1099853515625,510314
2026-01-28 14:00:00-05:00,695.0900268554688,695.64990234375,694.0460205078125,694.989990234375,1204432
2026-01-28 14:05:00-05:00,694.969970703125,695.27001953125,694.6699829101562,695.0700073242188,516458
2026-01-28 14:10:00-05:00,695.0599975585938,695.3300170898438,694.8099975585938,694.9149780273438,471448
2026-01-28 14:15:00-05:00,694.9080200195312,695.0700073242188,694.5800170898438,694.97998046875,411701
2026-01-28 14:20:00-05:00,694.969970703125,695.3099975585938,694.5499877929688,695.219970703125,371206
2026-01-28 14:25:00-05:00,695.22998046875,695.3599853515625,694.1300048828125,694.1799926757812,541017
2026-01-28 14:30:00-05:00,694.1799926757812,696.0700073242188,693.9400024414062,695.0999755859375,2414991
2026-01-28 14:35:00-05:00,695.0900268554688,695.52001953125,694.6699829101562,694.6900024414062,950503
2026-01-28 14:40:00-05:00,694.7100219726562,694.9500122070312,694.1699829101562,694.6900024414062,883305
2026-01-28 14:45:00-05:00,694.6799926757812,695.72998046875,694.5499877929688,695.4384765625,791903
2026-01-28 14:50:00-05:00,695.4299926757812,695.8400268554688,695.1799926757812,695.6699829101562,574865
2026-01-28 14:55:00-05:00,695.6599731445312,695.7000122070312,694.8699951171875,694.9099731445312,486146
2026-01-28 15:00:00-05:00,694.9099731445312,695.6799926757812,694.780029296875,695.52001953125,470043
2026-01-28 15:05:00-05:00,695.52001953125,696.010009765625,695.4849853515625,695.9400024414062,550517
2026-01-28 15:10:00-05:00,695.9500122070312,696.1900024414062,695.7449951171875,695.7899780273438,670271
2026-01-28 15:15:00-05:00,695.77001953125,695.969970703125,695.5349731445312,695.9199829101562,596248
2026-01-28 15:20:00-05:00,695.9299926757812,696.2849731445312,695.75,696.10498046875,679782
2026-01-28 15:25:00-05:00,696.0999755859375,696.10498046875,695.4099731445312,695.4500122070312,728315
2026-01-28 15:30:00-05:00,695.4400024414062,695.5900268554688,695.1199951171875,695.1199951171875,782537
2026-01-28 15:35:00-05:00,695.1199951171875,695.6649780273438,695.0800170898438,695.5250244140625,791794
2026-01-28 15:40:00-05:00,695.530029296875,695.5700073242188,695.0999755859375,695.1500244140625,797913
2026-01-28 15:45:00-05:00,695.1400146484375,695.52001953125,694.969970703125,695.010009765625,1340001
2026-01-28 15:50:00-05:00,695.010009765625,695.9600219726562,694.75,695.75,2501452
2026-01-28 15:55:00-05:00,695.760009765625,696.135009765625,695.0900268554688,695.4299926757812,4487499
2026-01-29 09:30:00-05:00,696.3900146484375,697.0599975585938,695.6599731445312,695.9149780273438,3595060
2026-01-29 09:35:00-05:00,695.9199829101562,695.9600219726562,694.8900146484375,695.3920288085938,1868443
2026-01-29 09:40:00-05:00,695.4000244140625,695.5700073242188,693.1699829101562,693.2050170898438,2077878
2026-01-29 09:45:00-05:00,693.2100219726562,694.02001953125,692.22998046875,693.6699829101562,2416504
2026-01-29 09:50:00-05:00,693.6799926757812,693.6799926757812,692.1500244140625,692.97998046875,1401235
2026-01-29 09:55:00-05:00,692.969970703125,693.3099975585938,691.469970703125,691.5599975585938,1482457
2026-01-29 10:00:00-05:00,691.5599975585938,691.6400146484375,689.6300048828125,690.39501953125,2478797
2026-01-29 10:05:00-05:00,690.3900146484375,690.8699951171875,689.9199829101562,690.0900268554688,1532264
2026-01-29 10:10:00-05:00,690.1099853515625,690.8800048828125,688.9600219726562,689.1699829101562,1795979
2026-01-29 10:15:00-05:00,689.1699829101562,690.1799926757812,689.1400146484375,689.510009765625,1325872
2026-01-29 10:20:00-05:00,689.5,690.780029296875,689.260009765625,690.1400146484375,1404524
2026-01-29 10:25:00-05:00,690.125,690.7899780273438,688.8599853515625,688.969970703125,1514034
2026-01-29 10:30:00-05:00,688.969970703125,689.3099975585938,687.8900146484375,688.0798950195312,1656134
2026-01-29 10:35:00-05:00,688.0800170898438,688.1400146484375,687.3499755859375,687.5800170898438,1801139
2026-01-29 10:40:00-05:00,687.5900268554688,687.6199951171875,686.2999877929688,686.5599975585938,1869362
2026-01-29 10:45:00-05:00,686.5599975585938,687.2899780273438,686.3300170898438,686.530029296875,1739902
2026-01-29 10:50:00-05:00,686.52001953125,686.530029296875,685.239990234375,685.3800048828125,1703741
2026-01-29 10:55:00-05:00,685.3800048828125,686.9199829101562,685.1934814453125,686.0499877929688,1691936
2026-01-29 11:00:00-05:00,686.0700073242188,686.3200073242188,685.1599731445312,685.2249755859375,1456482
2026-01-29 11:05:00-05:00,685.22998046875,685.8300170898438,684.8300170898438,685.72998046875,1432341
2026-01-29 11:10:00-05:00,685.75,687.6400146484375,685.280029296875,687.5999755859375,1747086
2026-01-29 11:15:00-05:00,687.5999755859375,688.1898803710938,687.3599853515625,688.02001953125,1574943
2026-01-29 11:20:00-05:00,688.030029296875,688.6500244140625,687.280029296875,687.8099975585938,1446666
2026-01-29 11:25:00-05:00,687.7999877929688,688.3400268554688,687.3900146484375,687.9099731445312,1199793
2026-01-29 11:30:00-05:00,687.9099731445312,688.6900024414062,687.8200073242188,688.1500244140625,824986
2026-01-29 11:35:00-05:00,688.1300048828125,688.6799926757812,687.8800048828125,688.39501953125,761309
2026-01-29 11:40:00-05:00,688.3800048828125,689.02001953125,688.1599731445312,688.469970703125,893067
2026-01-29 11:45:00-05:00,688.47998046875,689.0399780273438,688.1500244140625,688.739990234375,1074335
2026-01-29 11:50:00-05:00,688.7349853515625,688.989990234375,688.2100219726562,688.469970703125,1074103
2026-01-29 11:55:00-05:00,688.52001953125,688.8900146484375,688.2349853515625,688.7050170898438,526228
2026-01-29 12:00:00-05:00,688.7050170898438,689.8200073242188,688.6400146484375,689.52001953125,815753
2026-01-29 12:05:00-05:00,689.5,689.8900146484375,689.3699951171875,689.6199951171875,701437
2026-01-29 12:10:00-05:00,689.614990234375,690.8400268554688,689.5700073242188,690.5800170898438,751263
2026-01-29 12:15:00-05:00,690.5900268554688,690.9000244140625,690.3300170898438,690.8200073242188,804706
2026-01-29 12:20:00-05:00,690.8200073242188,691.3599853515625,690.6900024414062,691.1199951171875,1001819
2026-01-29 12:25:00-05:00,691.1300048828125,691.3400268554688,690.7100219726562,691.0300903320312,625692
2026-01-29 12:30:00-05:00,691.02001953125,691.3499755859375,690.8099975585938,691.0999755859375,606164
2026-01-29 12:35:00-05:00,691.0999755859375,691.6749877929688,691.031005859375,691.1799926757812,557977
2026-01-29 12:40:00-05:00,691.1599731445312,691.1599731445312,690.1599731445312,690.7100219726562,1196049
2026-01-29 12:45:00-05:00,690.7100219726562,690.739990234375,689.7000122070312,690.1400146484375,734736
2026-01-29 12:50:00-05:00,690.1400146484375,690.2100219726562,688.7380981445312,688.8499145507812,828071
2026-01-29 12:55:00-05:00,688.8499755859375,689.4400024414062,688.7100219726562,688.8900146484375,773871
2026-01-29 13:00:00-05:00,688.8900146484375,690.0150146484375,688.7100219726562,689.760009765625,754931
2026-01-29 13:05:00-05:00,689.780029296875,690.7449951171875,689.72998046875,690.3099975585938,721952
2026-01-29 13:10:00-05:00,690.2999877929688,691.1500244140625,690.2999877929688,690.8900146484375,958986
2026-01-29 13:15:00-05:00,690.8800048828125,690.9500122070312,690.375,690.530029296875,611288
2026-01-29 13:20:00-05:00,690.530029296875,690.8875122070312,690.22998046875,690.75,431147
2026-01-29 13:25:00-05:00,690.739990234375,691.030029296875,690.3099975585938,690.969970703125,464607
2026-01-29 13:30:00-05:00,690.97998046875,690.989990234375,690.1900024414062,690.7100219726562,748276
2026-01-29 13:35:00-05:00,690.7100219726562,691.3499755859375,690.5900268554688,691.3099975585938,660561
2026-01-29 13:40:00-05:00,691.2999877929688,691.8099975585938,691.1599731445312,691.3099975585938,760390
2026-01-29 13:45:00-05:00,691.3400268554688,691.4000244140625,690.9400024414062,691.3200073242188,410677
2026-01-29 13:50:00-05:00,691.314208984375,691.5499877929688,691.030029296875,691.1400146484375,435739
2026-01-29 13:55:00-05:00,691.1599731445312,691.4349975585938,690.5700073242188,690.5900268554688,597748
2026-01-29 14:00:00-05:00,690.5900268554688,691.2000122070312,690.2249755859375,691.0,1064644
2026-01-29 14:05:00-05:00,691.02001953125,691.7999877929688,690.969970703125,691.5250244140625,846674
2026-01-29 14:10:00-05:00,691.5349731445312,691.8599853515625,691.3699951171875,691.5800170898438,869443
2026-01-29 14:15:00-05:00,691.5700073242188,692.2100219726562,691.39501953125,691.8599853515625,849194
2026-01-29 14:20:00-05:00,691.8699951171875,692.0349731445312,691.719970703125,692.010009765625,484378
2026-01-29 14:25:00-05:00,692.02001953125,692.1400146484375,691.85498046875,692.0700073242188,479566
2026-01-29 14:30:00-05:00,692.0700073242188,692.2249755859375,691.2100219726562,691.3300170898438,1170239
2026-01-29 14:35:00-05:00,691.3400268554688,691.9299926757812,691.3049926757812,691.5200805664062,619980
2026-01-29 14:40:00-05:00,691.5499877929688,691.844970703125,691.530029296875,691.7349853515625,504441
2026-01-29 14:45:00-05:00,691.739990234375,691.9149780273438,691.219970703125,691.3150024414062,498872
2026-01-29 14:50:00-05:00,691.3200073242188,691.72998046875,691.3099975585938,691.6900024414062,464399
2026-01-29 14:55:00-05:00,691.7000122070312,691.864990234375,691.0800170898438,691.135009765625,878064
2026-01-29 15:00:00-05:00,691.1300048828125,691.6599731445312,691.0449829101562,691.4400024414062,592361
2026-01-29 15:05:00-05:00,691.4450073242188,691.9600219726562,691.375,691.8574829101562,568404
2026-01-29 15:10:00-05:00,691.8574829101562,691.9349975585938,691.5700073242188,691.5700073242188,593871
2026-01-29 15:15:00-05:00,691.5499877929688,691.7550048828125,691.4299926757812,691.739990234375,572759
2026-01-29 15:20:00-05:00,691.75,691.8800048828125,691.5599975585938,691.8400268554688,562890
2026-01-29 15:25:00-05:00,691.8400268554688,692.0499877929688,691.510009765625,691.5700073242188,960143
2026-01-29 15:30:00-05:00,691.5800170898438,691.9299926757812,691.3900146484375,691.9299926757812,745087
2026-01-29 15:35:00-05:00,691.9400024414062,692.875,691.8300170898438,692.625,1106862
2026-01-29 15:40:00-05:00,692.6300048828125,692.8300170898438,692.3800048828125,692.6300048828125,1602029
2026-01-29 15:45:00-05:00,692.6199951171875,692.8800048828125,692.4600219726562,692.8400268554688,1542658
2026-01-29 15:50:00-05:00,692.8599853515625,693.739990234375,692.8599853515625,693.7100219726562,2901243
2026-01-29 15:55:00-05:00,693.719970703125,694.7899780273438,693.5800170898438,693.969970703125,5478908
2026-01-30 09:30:00-05:00,691.7899780273438,693.3300170898438,691.3300170898438,693.0700073242188,4756987
2026-01-30 09:35:00-05:00,693.0700073242188,693.5399780273438,692.3599853515625,693.5399780273438,1115160
2026-01-30 09:40:00-05:00,693.530029296875,693.7100219726562,692.5900268554688,692.6400146484375,964709
2026-01-30 09:45:00-05:00,692.6400146484375,692.9500122070312,691.8300170898438,692.5900268554688,1232835
2026-01-30 09:50:00-05:00,692.6099853515625,693.2999877929688,691.9400024414062,692.3099975585938,1022269
2026-01-30 09:55:00-05:00,692.3150024414062,692.9299926757812,691.2219848632812,691.6900024414062,1128317
2026-01-30 10:00:00-05:00,691.6699829101562,692.6199951171875,691.6400146484375,691.72998046875,1016727
2026-01-30 10:05:00-05:00,691.7349853515625,693.489990234375,691.6950073242188,693.3250122070312,981385
2026-01-30 10:10:00-05:00,693.3300170898438,694.0499877929688,692.760009765625,693.4400024414062,1001503
2026-01-30 10:15:00-05:00,693.4500122070312,693.7999877929688,693.0900268554688,693.219970703125,611149
2026-01-30 10:20:00-05:00,693.219970703125,693.5900268554688,692.5599975585938,692.7100219726562,726530
2026-01-30 10:25:00-05:00,692.739990234375,692.760009765625,691.239990234375,691.385009765625,872007
2026-01-30 10:30:00-05:00,691.3800048828125,691.8400268554688,690.8900146484375,691.75,954400
2026-01-30 10:35:00-05:00,691.75,693.27001953125,691.75,693.02001953125,870961
2026-01-30 10:40:00-05:00,693.030029296875,693.780029296875,692.9400024414062,693.5001220703125,527726
2026-01-30 10:45:00-05:00,693.5,694.2100219726562,693.3699951171875,693.52001953125,1072889
2026-01-30 10:50:00-05:00,693.5250244140625,693.6500244140625,692.280029296875,692.6900024414062,634918
2026-01-30 10:55:00-05:00,692.719970703125,692.7899780273438,691.9299926757812,692.1199951171875,651403
2026-01-30 11:00:00-05:00,692.1201171875,692.3499755859375,691.7999877929688,691.9949951171875,495690
2026-01-30 11:05:00-05:00,692.0,692.6900024414062,691.6900024414062,691.885009765625,553149
2026-01-30 11:10:00-05:00,691.8900146484375,692.25,691.6300048828125,691.9699096679688,558486
2026-01-30 11:15:00-05:00,691.9600219726562,691.9749755859375,690.9400024414062,691.0750122070312,788546
2026-01-30 11:20:00-05:00,691.0750122070312,691.1699829101562,690.3200073242188,690.5,947859
2026-01-30 11:25:00-05:00,690.5,691.54248046875,690.2550048828125,691.0599975585938,864941
2026-01-30 11:30:00-05:00,691.0499877929688,691.8400268554688,690.8576049804688,690.9400024414062,641910
2026-01-30 11:35:00-05:00,690.969970703125,691.9400024414062,690.8599853515625,691.27001953125,485645
2026-01-30 11:40:00-05:00,691.260009765625,692.4299926757812,691.2349853515625,691.8900146484375,825995
2026-01-30 11:45:00-05:00,691.9000244140625,691.9299926757812,691.2000122070312,691.4099731445312,458015
2026-01-30 11:50:00-05:00,691.4299926757812,691.530029296875,690.7100219726562,691.3499755859375,527483
2026-01-30 11:55:00-05:00,691.3499755859375,691.3900146484375,690.3800048828125,690.6599731445312,471196
2026-01-30 12:00:00-05:00,690.6699829101562,690.77001953125,689.5900268554688,689.6400146484375,775947
2026-01-30 12:05:00-05:00,689.6400146484375,689.719970703125,688.72998046875,689.1300048828125,1021296
2026-01-30 12:10:00-05:00,689.1300048828125,689.719970703125,689.0250244140625,689.1099853515625,860606
2026-01-30 12:15:00-05:00,689.1199951171875,689.5399780273438,688.8900146484375,689.4500122070312,740286
2026-01-30 12:20:00-05:00,689.4400024414062,690.739990234375,689.260009765625,690.3300170898438,1190045
2026-01-30 12:25:00-05:00,690.3300170898438,691.1900024414062,690.1500244140625,691.0700073242188,648875
2026-01-30 12:30:00-05:00,691.0650024414062,691.530029296875,690.27001953125,690.3900146484375,772884
2026-01-30 12:35:00-05:00,690.35498046875,690.8400268554688,689.5700073242188,690.1599731445312,724819
2026-01-30 12:40:00-05:00,690.1400146484375,690.5499877929688,689.7449951171875,690.510009765625,457004
2026-01-30 12:45:00-05:00,690.52001953125,691.1400146484375,689.969970703125,690.4000244140625,750523
2026-01-30 12:50:00-05:00,690.3900146484375,690.7349853515625,689.77001953125,689.8400268554688,460853
2026-01-30 12:55:00-05:00,689.8300170898438,690.47998046875,689.1300048828125,689.1699829101562,478881
2026-01-30 13:00:00-05:00,689.1500244140625,689.7999877929688,688.8800048828125,689.6400146484375,561700
2026-01-30 13:05:00-05:00,689.6300048828125,690.280029296875,689.469970703125,689.5999755859375,490317
2026-01-30 13:10:00-05:00,689.5999755859375,689.6699829101562,689.1199951171875,689.2301025390625,431574
2026-01-30 13:15:00-05:00,689.22998046875,689.3800048828125,688.0800170898438,688.1199951171875,690894
2026-01-30 13:20:00-05:00,688.1199951171875,688.4299926757812,687.1199951171875,688.239990234375,1474656
2026-01-30 13:25:00-05:00,688.25,689.5394897460938,688.25,689.469970703125,796773
2026-01-30 13:30:00-05:00,689.469970703125,689.6699829101562,687.8499755859375,687.9500122070312,606162
2026-01-30 13:35:00-05:00,687.9600219726562,688.9299926757812,687.8800048828125,688.6300048828125,671275
2026-01-30 13:40:00-05:00,688.6400146484375,689.1500244140625,688.530029296875,688.8599853515625,589046
2026-01-30 13:45:00-05:00,688.8499755859375,690.030029296875,688.780029296875,690.0,752365
2026-01-30 13:50:00-05:00,690.010009765625,691.0900268554688,689.9299926757812,691.0399780273438,1176074
2026-01-30 13:55:00-05:00,691.0449829101562,692.0800170898438,690.8900146484375,691.3800048828125,764246
2026-01-30 14:00:00-05:00,691.3699951171875,692.1799926757812,691.3499755859375,691.8900146484375,1044874
2026-01-30 14:05:00-05:00,691.9000244140625,692.7000122070312,691.8099975585938,692.0900268554688,1071560
2026-01-30 14:10:00-05:00,692.0999755859375,692.3400268554688,691.47998046875,691.9650268554688,784081
2026-01-30 14:15:00-05:00,691.9500122070312,692.1649780273438,691.5900268554688,691.8300170898438,830025
2026-01-30 14:20:00-05:00,691.8300170898438,692.4299926757812,691.8200073242188,692.1300048828125,610157
2026-01-30 14:25:00-05:00,692.1199951171875,692.7000122070312,691.2999877929688,691.3400268554688,985706
2026-01-30 14:30:00-05:00,691.3200073242188,692.0499877929688,690.5599975585938,691.780029296875,1344613
2026-01-30 14:35:00-05:00,691.72998046875,692.02001953125,691.4066162109375,691.6099853515625,602618
2026-01-30 14:40:00-05:00,691.6300048828125,691.9199829101562,691.239990234375,691.2899780273438,549654
2026-01-30 14:45:00-05:00,691.27001953125,691.405029296875,690.760009765625,690.8499755859375,2175016
2026-01-30 14:50:00-05:00,690.8400268554688,692.010009765625,690.8400268554688,691.969970703125,1090296
2026-01-30 14:55:00-05:00,691.989990234375,692.280029296875,690.44580078125,690.5700073242188,675184
2026-01-30 15:00:00-05:00,690.5750122070312,691.2100219726562,690.47998046875,690.780029296875,638857
2026-01-30 15:05:00-05:00,690.7999877929688,690.8599853515625,689.9600219726562,690.489990234375,2244044
2026-01-30 15:10:00-05:00,690.489990234375,690.6799926757812,689.9600219726562,690.0150146484375,692868
2026-01-30 15:15:00-05:00,690.02001953125,690.030029296875,689.5700073242188,689.760009765625,771970
2026-01-30 15:20:00-05:00,689.739990234375,690.010009765625,689.2999877929688,689.989990234375,913605
2026-01-30 15:25:00-05:00,689.97998046875,690.4400024414062,689.5900268554688,690.0399780273438,1272934
2026-01-30 15:30:00-05:00,690.0700073242188,690.8099975585938,689.969970703125,690.5700073242188,1255212
2026-01-30 15:35:00-05:00,690.5599975585938,690.989990234375,690.0800170898438,690.5800170898438,1063730
2026-01-30 15:40:00-05:00,690.5900268554688,691.2999877929688,690.4400024414062,691.1599731445312,1023030
2026-01-30 15:45:00-05:00,691.1599731445312,692.5900268554688,691.0900268554688,692.5499877929688,2551365
2026-01-30 15:50:00-05:00,692.5599975585938,692.826171875,690.9600219726562,691.3099975585938,3728303
2026-01-30 15:55:00-05:00,691.3099975585938,692.0900268554688,690.8200073242188,691.9000244140625,10986674
2026-02-02 09:30:00-05:00,689.5800170898438,691.22998046875,689.4299926757812,691.22998046875,5229089
2026-02-02 09:35:00-05:00,691.22998046875,692.239990234375,690.9400024414062,691.9450073242188,2363365
2026-02-02 09:40:00-05:00,691.9500122070312,692.72998046875,691.5399780273438,692.5900268554688,1591184
2026-02-02 09:45:00-05:00,692.5900268554688,692.989990234375,692.3099975585938,692.8800048828125,1253137
2026-02-02 09:50:00-05:00,692.8699951171875,693.8400268554688,692.8699951171875,693.3699951171875,1761187
2026-02-02 09:55:00-05:00,693.3599853515625,693.5800170898438,692.0999755859375,692.7000122070312,1189409
2026-02-02 10:00:00-05:00,692.6199951171875,693.77197265625,692.3099975585938,693.7650146484375,1071915
2026-02-02 10:05:00-05:00,693.77001953125,694.5449829101562,693.6400146484375,694.5,1828625
2026-02-02 10:10:00-05:00,694.5,695.22998046875,694.239990234375,695.1199951171875,1760032
2026-02-02 10:15:00-05:00,695.1099853515625,695.5800170898438,694.760009765625,695.47998046875,1664148
2026-02-02 10:20:00-05:00,695.4749755859375,695.6699829101562,695.1099853515625,695.2100830078125,1093003
2026-02-02 10:25:00-05:00,695.219970703125,695.4000244140625,694.5700073242188,694.6849975585938,1167388
2026-02-02 10:30:00-05:00,694.6849975585938,695.219970703125,694.4598999023438,695.1500244140625,1032970
2026-02-02 10:35:00-05:00,695.14501953125,695.75,695.0399780273438,695.7000122070312,901983
2026-02-02 10:40:00-05:00,695.7100219726562,695.75,694.8800048828125,695.0999755859375,829155
2026-02-02 10:45:00-05:00,695.1099853515625,695.1400146484375,694.6799926757812,694.6799926757812,666224
2026-02-02 10:50:00-05:00,694.6799926757812,695.22998046875,694.469970703125,695.010009765625,810847
2026-02-02 10:55:00-05:00,695.0,695.0599975585938,694.35498046875,694.72998046875,781495
2026-02-02 11:00:00-05:00,694.719970703125,694.819580078125,694.1599731445312,694.2550048828125,745774
2026-02-02 11:05:00-05:00,694.2550048828125,694.8499755859375,693.9199829101562,694.8200073242188,790989
2026-02-02 11:10:00-05:00,694.8200073242188,695.1400146484375,694.6699829101562,695.0800170898438,643872
2026-02-02 11:15:00-05:00,695.0800170898438,695.469970703125,694.9149780273438,695.22998046875,667787
2026-02-02 11:20:00-05:00,695.2349853515625,695.6799926757812,695.1500244140625,695.4400024414062,754915
2026-02-02 11:25:00-05:00,695.4400024414062,695.5999755859375,695.0999755859375,695.5499877929688,620592
2026-02-02 11:30:00-05:00,695.5599975585938,695.5700073242188,695.0599975585938,695.4600219726562,493251
2026-02-02 11:35:00-05:00,695.4600219726562,695.5399780273438,695.2000122070312,695.239990234375,446625
2026-02-02 11:40:00-05:00,695.239990234375,695.27001953125,694.8900146484375,695.1400146484375,388248
2026-02-02 11:45:00-05:00,695.1500244140625,695.1699829101562,694.489990234375,694.9000244140625,492010
2026-02-02 11:50:00-05:00,694.9099731445312,695.3300170898438,694.719970703125,695.27001953125,364327
2026-02-02 11:55:00-05:00,695.260009765625,695.8599853515625,695.260009765625,695.75,691936
2026-02-02 12:00:00-05:00,695.75,696.3099975585938,695.6400146484375,696.2899780273438,954334
2026-02-02 12:05:00-05:00,696.2899780273438,696.35498046875,696.0050048828125,696.3198852539062,541676
2026-02-02 12:10:00-05:00,696.3200073242188,696.52001953125,696.1400146484375,696.1599731445312,685528
2026-02-02 12:15:00-05:00,696.1699829101562,696.4099731445312,696.010009765625,696.3300170898438,518379
2026-02-02 12:20:00-05:00,696.3300170898438,696.3599853515625,695.9400024414062,696.1270141601562,369220
2026-02-02 12:25:00-05:00,696.1300048828125,696.2650146484375,696.02001953125,696.2249755859375,224056
2026-02-02 12:30:00-05:00,696.2274780273438,696.5499877929688,696.1500244140625,696.4199829101562,433621
2026-02-02 12:35:00-05:00,696.4299926757812,696.6199951171875,696.2050170898438,696.3900146484375,391290
2026-02-02 12:40:00-05:00,696.3900146484375,696.405029296875,696.0499877929688,696.2899780273438,283469
2026-02-02 12:45:00-05:00,696.2899780273438,696.4199829101562,696.25,696.39501953125,215301
2026-02-02 12:50:00-05:00,696.4099731445312,696.719970703125,696.2550048828125,696.6799926757812,245202
2026-02-02 12:55:00-05:00,696.6799926757812,696.9299926757812,696.3599853515625,696.405029296875,595680
2026-02-02 13:00:00-05:00,696.4099731445312,696.7199096679688,696.4099731445312,696.614990234375,424149
2026-02-02 13:05:00-05:00,696.6199951171875,696.6500244140625,696.3800048828125,696.489990234375,364316
2026-02-02 13:10:00-05:00,696.5150146484375,696.5599975585938,696.2249755859375,696.2600708007812,487560
2026-02-02 13:15:00-05:00,696.260009765625,696.2999877929688,695.989990234375,696.0549926757812,395372
2026-02-02 13:20:00-05:00,696.0700073242188,696.1400146484375,695.6849975585938,696.0999755859375,577120
2026-02-02 13:25:00-05:00,696.1099853515625,696.25,695.9550170898438,696.0601196289062,271299
2026-02-02 13:30:00-05:00,696.0700073242188,696.219970703125,696.0250244140625,696.0900268554688,283485
2026-02-02 13:35:00-05:00,696.0900268554688,696.3499755859375,696.0700073242188,696.10498046875,289451
2026-02-02 13:40:00-05:00,696.1099853515625,696.510009765625,696.0599975585938,696.4299926757812,465311
2026-02-02 13:45:00-05:00,696.4199829101562,696.760009765625,696.4199829101562,696.6599731445312,304605
2026-02-02 13:50:00-05:00,696.6599731445312,696.6799926757812,696.489990234375,696.52001953125,313006
2026-02-02 13:55:00-05:00,696.52001953125,696.6699829101562,696.4299926757812,696.489990234375,436274
2026-02-02 14:00:00-05:00,696.489990234375,696.7000122070312,696.3599853515625,696.6799926757812,647747
2026-02-02 14:05:00-05:00,696.6699829101562,696.77001953125,696.625,696.7150268554688,377967
2026-02-02 14:10:00-05:00,696.719970703125,696.8800048828125,696.7150268554688,696.719970703125,532667
2026-02-02 14:15:00-05:00,696.7100219726562,696.85498046875,696.6400146484375,696.7150268554688,518879
2026-02-02 14:20:00-05:00,696.7150268554688,696.8400268554688,696.6199951171875,696.77001953125,356066
2026-02-02 14:25:00-05:00,696.7750244140625,696.8300170898438,696.635009765625,696.7899780273438,453374
2026-02-02 14:30:00-05:00,696.7849731445312,696.7899780273438,696.3099975585938,696.5499877929688,932349
2026-02-02 14:35:00-05:00,696.5449829101562,696.5499877929688,696.239990234375,696.2899780273438,454441
2026-02-02 14:40:00-05:00,696.280029296875,696.5700073242188,696.1649780273438,696.5499877929688,414023
2026-02-02 14:45:00-05:00,696.5499267578125,696.7200927734375,696.3416748046875,696.3524169921875,539125
2026-02-02 14:50:00-05:00,696.3599853515625,696.4199829101562,696.1500244140625,696.2799072265625,659580
2026-02-02 14:55:00-05:00,696.27001953125,696.780029296875,695.344970703125,695.52001953125,1457241
2026-02-02 15:00:00-05:00,695.52001953125,696.239990234375,695.0103149414062,695.989990234375,2457100
2026-02-02 15:05:00-05:00,695.989990234375,696.469970703125,695.9400024414062,696.2949829101562,983817
2026-02-02 15:10:00-05:00,696.3099975585938,696.469970703125,695.77001953125,695.79248046875,1190771
2026-02-02 15:15:00-05:00,695.7949829101562,696.1099853515625,695.4600219726562,695.8800048828125,1253387
2026-02-02 15:20:00-05:00,695.8900146484375,696.25,695.8400268554688,696.2150268554688,907202
2026-02-02 15:25:00-05:00,696.2100219726562,696.22998046875,695.7000122070312,695.80859375,915024
2026-02-02 15:30:00-05:00,695.8099975585938,695.9600219726562,695.6699829101562,695.6799926757812,846447
2026-02-02 15:35:00-05:00,695.6699829101562,695.739990234375,695.3699951171875,695.4650268554688,747699
2026-02-02 15:40:00-05:00,695.4600219726562,695.5700073242188,695.22998046875,695.3099975585938,1160215
2026-02-02 15:45:00-05:00,695.2999877929688,695.8099975585938,695.2100219726562,695.6300048828125,1781092
2026-02-02 15:50:00-05:00,695.6300048828125,695.75,695.0800170898438,695.3800048828125,2778969
2026-02-02 15:55:00-05:00,695.375,695.7249755859375,695.27001953125,695.4600219726562,5807164
2026-02-03 09:30:00-05:00,696.6412963867188,696.9600219726562,695.6599731445312,696.0900268554688,3880160
2026-02-03 09:35:00-05:00,696.0999755859375,696.51220703125,695.4199829101562,695.72998046875,1904910
2026-02-03 09:40:00-05:00,695.739990234375,696.3400268554688,694.905029296875,695.1900024414062,2152970
2026-02-03 09:45:00-05:00,695.2000122070312,696.1500244140625,695.0499877929688,696.0750122070312,1235763
2026-02-03 09:50:00-05:00,696.0499877929688,696.0999755859375,694.9299926757812,694.9400024414062,1163460
2026-02-03 09:55:00-05:00,694.9400024414062,695.0700073242188,693.3400268554688,693.47998046875,2194018
2026-02-03 10:00:00-05:00,693.510009765625,693.719970703125,692.1649780273438,692.8900146484375,2958985
2026-02-03 10:05:00-05:00,692.8699951171875,693.4049072265625,692.0549926757812,692.9600219726562,1805175
2026-02-03 10:10:00-05:00,692.969970703125,693.010009765625,691.6199951171875,691.9099731445312,1545865
2026-02-03 10:15:00-05:00,691.9299926757812,692.8350219726562,691.7899780273438,692.4500122070312,1078067
2026-02-03 10:20:00-05:00,692.4600219726562,692.9199829101562,690.9299926757812,690.9600219726562,1229758
2026-02-03 10:25:00-05:00,690.9600219726562,692.5,690.7999877929688,692.2050170898438,1557113
2026-02-03 10:30:00-05:00,692.1900024414062,692.5999755859375,691.5499877929688,691.614990234375,1172975
2026-02-03 10:35:00-05:00,691.614990234375,692.0900268554688,691.0599975585938,692.0900268554688,950917
2026-02-03 10:40:00-05:00,692.0800170898438,692.239990234375,691.3300170898438,691.3499755859375,836003
2026-02-03 10:45:00-05:00,691.3499755859375,692.7750244140625,690.9299926757812,692.75,1247648
2026-02-03 10:50:00-05:00,692.7498779296875,693.260009765625,692.010009765625,692.8350219726562,1472155
2026-02-03 10:55:00-05:00,692.8350219726562,693.4299926757812,692.760009765625,693.1400146484375,1085902
2026-02-03 11:00:00-05:00,693.1400146484375,693.1900024414062,692.28759765625,692.3200073242188,706695
2026-02-03 11:05:00-05:00,692.3200073242188,692.6699829101562,692.0900268554688,692.1699829101562,526795
2026-02-03 11:10:00-05:00,692.1599731445312,692.6558837890625,691.8699951171875,692.02001953125,649898
2026-02-03 11:15:00-05:00,692.02001953125,692.3900146484375,691.6900024414062,691.8499755859375,634031
2026-02-03 11:20:00-05:00,691.8400268554688,692.0499877929688,690.75,690.905029296875,853898
2026-02-03 11:25:00-05:00,690.9000244140625,691.64990234375,690.6699829101562,690.7999877929688,868057
2026-02-03 11:30:00-05:00,690.8099975585938,691.1799926757812,690.3900146484375,691.0800170898438,1262839
2026-02-03 11:35:00-05:00,691.0800170898438,691.4400024414062,690.5800170898438,690.89990234375,691510
2026-02-03 11:40:00-05:00,690.9000244140625,691.1699829101562,690.7000122070312,690.97998046875,703573
2026-02-03 11:45:00-05:00,690.969970703125,691.4498901367188,690.6400146484375,691.1500244140625,715630
2026-02-03 11:50:00-05:00,691.1500244140625,691.1500244140625,690.27001953125,690.77001953125,821482
2026-02-03 11:55:00-05:00,690.780029296875,691.0399780273438,690.5700073242188,690.6400146484375,650207
2026-02-03 12:00:00-05:00,690.6400146484375,690.739990234375,690.3099975585938,690.489990234375,758697
2026-02-03 12:05:00-05:00,690.489990234375,690.5900268554688,689.989990234375,690.5499877929688,808478
2026-02-03 12:10:00-05:00,690.5399780273438,690.6900024414062,688.6099853515625,689.1199951171875,2286699
2026-02-03 12:15:00-05:00,689.1199951171875,689.9299926757812,688.9400024414062,689.280029296875,1784500
2026-02-03 12:20:00-05:00,689.280029296875,689.9600219726562,689.010009765625,689.8350219726562,924098
2026-02-03 12:25:00-05:00,689.8300170898438,690.1199951171875,688.8250122070312,688.8300170898438,618152
2026-02-03 12:30:00-05:00,688.8200073242188,688.9400024414062,688.1400146484375,688.1500244140625,1090560
2026-02-03 12:35:00-05:00,688.1500244140625,688.4099731445312,687.9099731445312,688.1300048828125,979106
2026-02-03 12:40:00-05:00,688.1199951171875,688.1199951171875,687.3900146484375,687.6300048828125,1220124
2026-02-03 12:45:00-05:00,687.6199951171875,688.3400268554688,687.4500122070312,688.0900268554688,1008316
2026-02-03 12:50:00-05:00,688.0999755859375,688.72998046875,687.4650268554688,687.9299926757812,970723
2026-02-03 12:55:00-05:00,687.9299926757812,688.114990234375,687.6300048828125,687.7000122070312,643147
2026-02-03 13:00:00-05:00,687.6900024414062,688.0700073242188,687.469970703125,687.5050048828125,777311
2026-02-03 13:05:00-05:00,687.5,688.5499877929688,687.3900146484375,687.989990234375,1354219
2026-02-03 13:10:00-05:00,687.97998046875,687.97998046875,686.4199829101562,686.7100219726562,1221307
2026-02-03 13:15:00-05:00,686.7100219726562,687.27001953125,686.5700073242188,687.239990234375,909901
2026-02-03 13:20:00-05:00,687.22998046875,687.3699951171875,686.6599731445312,686.6799926757812,610096
2026-02-03 13:25:00-05:00,686.6799926757812,686.8200073242188,686.239990234375,686.3599853515625,1785427
2026-02-03 13:30:00-05:00,686.364990234375,686.4099731445312,685.719970703125,686.030029296875,908248
2026-02-03 13:35:00-05:00,686.030029296875,686.4099731445312,685.5700073242188,686.4099731445312,779259
2026-02-03 13:40:00-05:00,686.4000244140625,686.4000244140625,685.6699829101562,685.77001953125,581374
2026-02-03 13:45:00-05:00,685.760009765625,685.8800048828125,685.4099731445312,685.7496948242188,633131
2026-02-03 13:50:00-05:00,685.739990234375,685.739990234375,685.3599853515625,685.4299926757812,549860
2026-02-03 13:55:00-05:00,685.4500122070312,685.989990234375,684.8499755859375,684.8599853515625,994630
2026-02-03 14:00:00-05:00,684.8400268554688,685.2249755859375,684.3200073242188,684.5599975585938,1603067
2026-02-03 14:05:00-05:00,684.5399780273438,684.8099975585938,684.030029296875,684.25,1515533
2026-02-03 14:10:00-05:00,684.239990234375,686.4600219726562,684.139892578125,686.3900146484375,2113016
2026-02-03 14:15:00-05:00,686.4000244140625,686.9949951171875,686.1900024414062,686.760009765625,1904142
2026-02-03 14:20:00-05:00,686.7550048828125,687.219970703125,686.5999755859375,686.6749877929688,1143421
2026-02-03 14:25:00-05:00,686.6799926757812,686.8699951171875,685.719970703125,686.2135009765625,1427871
2026-02-03 14:30:00-05:00,686.2100219726562,686.8800048828125,685.8200073242188,685.9199829101562,1260106
2026-02-03 14:35:00-05:00,685.9099731445312,686.530029296875,685.8400268554688,686.344970703125,844892
2026-02-03 14:40:00-05:00,686.3400268554688,686.7150268554688,685.97998046875,686.1400146484375,1029046
2026-02-03 14:45:00-05:00,686.1356201171875,686.25,685.530029296875,685.5599975585938,837224
2026-02-03 14:50:00-05:00,685.5599975585938,686.22998046875,685.1300048828125,685.989990234375,1141464
2026-02-03 14:55:00-05:00,686.010009765625,687.0800170898438,685.969970703125,686.8300170898438,1278918
2026-02-03 15:00:00-05:00,686.8200073242188,687.0499877929688,686.2999877929688,686.3499755859375,763155
2026-02-03 15:05:00-05:00,686.3200073242188,686.739990234375,686.280029296875,686.7100219726562,584979
2026-02-03 15:10:00-05:00,686.7100219726562,687.0599975585938,686.3699951171875,687.0399780273438,901100
2026-02-03 15:15:00-05:00,687.030029296875,687.5999755859375,686.5900268554688,687.219970703125,1307144
2026-02-03 15:20:00-05:00,687.2150268554688,687.4849853515625,686.739990234375,687.469970703125,1591741
2026-02-03 15:25:00-05:00,687.469970703125,687.8049926757812,687.4500122070312,687.530029296875,967406
2026-02-03 15:30:00-05:00,687.530029296875,688.8599853515625,687.489990234375,688.7999877929688,1780688
2026-02-03 15:35:00-05:00,688.8099975585938,689.2000122070312,688.5399780273438,689.0499877929688,1662382
2026-02-03 15:40:00-05:00,689.0599975585938,689.0700073242188,688.2000122070312,688.5700073242188,1324752
2026-02-03 15:45:00-05:00,688.5800170898438,688.8800048828125,688.3900146484375,688.8400268554688,1312613
2026-02-03 15:50:00-05:00,688.8499755859375,689.4299926757812,688.8112182617188,689.3499755859375,2638409
2026-02-03 15:55:00-05:00,689.3400268554688,689.75,689.22998046875,689.4600219726562,4070546
2026-02-04 09:30:00-05:00,690.3499755859375,690.469970703125,689.0,689.5800170898438,3813736
2026-02-04 09:35:00-05:00,689.5900268554688,691.0599975585938,689.1300048828125,690.6199951171875,2090273
2026-02-04 09:40:00-05:00,690.6099853515625,691.2899780273438,689.7999877929688,690.6500244140625,1630618
2026-02-04 09:45:00-05:00,690.6599731445312,691.4500122070312,690.0499877929688,691.010009765625,1287127
2026-02-04 09:50:00-05:00,690.9949951171875,691.1400146484375,688.9500122070312,690.1799926757812,1458082
2026-02-04 09:55:00-05:00,690.2100219726562,690.3499755859375,687.8300170898438,688.1900024414062,1338081
2026-02-04 10:00:00-05:00,688.1699829101562,688.1900024414062,686.510009765625,687.280029296875,1844362
2026-02-04 10:05:00-05:00,687.280029296875,689.219970703125,687.280029296875,688.9600219726562,1743865
2026-02-04 10:10:00-05:00,688.9500122070312,689.6199951171875,688.4400024414062,688.8800048828125,1523911
2026-02-04 10:15:00-05:00,688.8900146484375,689.3300170898438,688.3350219726562,688.7050170898438,1060817
2026-02-04 10:20:00-05:00,688.6900024414062,690.3350219726562,688.5900268554688,689.97998046875,1594640
2026-02-04 10:25:00-05:00,689.97998046875,690.8499755859375,689.4151000976562,689.9000244140625,1290991
2026-02-04 10:30:00-05:00,689.9000244140625,690.0800170898438,688.1599731445312,688.2999877929688,1065392
2026-02-04 10:35:00-05:00,688.3099975585938,690.0800170898438,687.3200073242188,688.8400268554688,2463655
2026-02-04 10:40:00-05:00,688.8800048828125,690.27001953125,688.6099853515625,689.5900268554688,1840685
2026-02-04 10:45:00-05:00,689.5900268554688,689.780029296875,688.47998046875,688.6799926757812,1082375
2026-02-04 10:50:00-05:00,688.6699829101562,689.1699829101562,688.27001953125,688.8099975585938,890422
2026-02-04 10:55:00-05:00,688.7899780273438,689.3400268554688,688.2100219726562,688.5800170898438,741770
2026-02-04 11:00:00-05:00,688.5900268554688,688.9000244140625,687.0399780273438,687.0700073242188,1200684
2026-02-04 11:05:00-05:00,687.0700073242188,687.7050170898438,686.5750122070312,686.8200073242188,1382755
2026-02-04 11:10:00-05:00,686.8099975585938,688.3599853515625,686.5700073242188,687.8699951171875,1429987
2026-02-04 11:15:00-05:00,687.8699951171875,688.260009765625,686.530029296875,686.7899780273438,983281
2026-02-04 11:20:00-05:00,686.77001953125,687.8599853515625,686.3900146484375,687.77001953125,1144891
2026-02-04 11:25:00-05:00,687.77001953125,688.47998046875,687.4400024414062,688.3499145507812,1102434
2026-02-04 11:30:00-05:00,688.3499755859375,688.47998046875,687.1500244140625,687.1799926757812,959920
2026-02-04 11:35:00-05:00,687.1900024414062,687.5499877929688,686.75,686.7899780273438,766801
2026-02-04 11:40:00-05:00,686.7899780273438,686.905029296875,685.3699951171875,685.4199829101562,918798
2026-02-04 11:45:00-05:00,685.4199829101562,685.5250244140625,684.47998046875,684.8200073242188,1774865
2026-02-04 11:50:00-05:00,684.8200073242188,685.4400024414062,684.3350219726562,685.4299926757812,1482892
2026-02-04 11:55:00-05:00,685.4400024414062,686.77001953125,685.3499755859375,686.5900268554688,1250066
2026-02-04 12:00:00-05:00,686.5800170898438,687.0999755859375,686.2999877929688,686.780029296875,902053
2026-02-04 12:05:00-05:00,686.7899780273438,687.02001953125,686.239990234375,686.4650268554688,708256
2026-02-04 12:10:00-05:00,686.469970703125,686.8900146484375,685.8699951171875,686.780029296875,579116
2026-02-04 12:15:00-05:00,686.77001953125,686.9600219726562,685.7000122070312,685.719970703125,558247
2026-02-04 12:20:00-05:00,685.7100219726562,686.0499877929688,685.3900146484375,685.5250244140625,549853
2026-02-04 12:25:00-05:00,685.5399780273438,685.6699829101562,683.219970703125,683.7000122070312,1760231
2026-02-04 12:30:00-05:00,683.7000122070312,684.7999877929688,683.1900024414062,683.6500244140625,2102838
2026-02-04 12:35:00-05:00,683.6300048828125,683.6699829101562,682.4400024414062,682.4534912109375,1487841
2026-02-04 12:40:00-05:00,682.4500122070312,683.1699829101562,682.030029296875,683.0900268554688,1760561
2026-02-04 12:45:00-05:00,683.094970703125,683.280029296875,682.1099853515625,682.3499755859375,1469056
2026-02-04 12:50:00-05:00,682.3200073242188,683.25,681.760009765625,683.135009765625,1299056
2026-02-04 12:55:00-05:00,683.1300048828125,683.8599853515625,683.114990234375,683.6599731445312,951625
2026-02-04 13:00:00-05:00,683.6599731445312,683.8800048828125,682.6099853515625,683.2999877929688,796058
2026-02-04 13:05:00-05:00,683.3200073242188,684.0499877929688,682.3499755859375,682.3800048828125,902943
2026-02-04 13:10:00-05:00,682.3699951171875,683.1649780273438,682.3300170898438,682.8699951171875,930473
2026-02-04 13:15:00-05:00,682.8699951171875,683.1599731445312,682.3499755859375,682.489990234375,550424
2026-02-04 13:20:00-05:00,682.52001953125,683.5599975585938,682.3800048828125,683.5399780273438,1053315
2026-02-04 13:25:00-05:00,683.530029296875,685.010009765625,683.530029296875,684.7999877929688,1305210
2026-02-04 13:30:00-05:00,684.8099975585938,684.8699951171875,683.1099853515625,683.5399780273438,1142379
2026-02-04 13:35:00-05:00,683.5599975585938,684.1900024414062,683.4224243164062,684.010009765625,605737
2026-02-04 13:40:00-05:00,683.989990234375,685.0599975585938,683.760009765625,684.0599975585938,1005066
2026-02-04 13:45:00-05:00,684.0599975585938,684.4199829101562,683.6900024414062,683.7999877929688,564228
2026-02-04 13:50:00-05:00,683.7899780273438,684.5900268554688,683.1510009765625,684.4600219726562,665686
2026-02-04 13:55:00-05:00,684.469970703125,685.510009765625,684.4099731445312,684.6300048828125,1353979
2026-02-04 14:00:00-05:00,684.6199951171875,684.9000244140625,684.030029296875,684.0800170898438,987200
2026-02-04 14:05:00-05:00,684.0599975585938,684.47998046875,683.4000244140625,684.3400268554688,1144848
2026-02-04 14:10:00-05:00,684.3400268554688,684.6599731445312,684.1300048828125,684.2899780273438,671625
2026-02-04 14:15:00-05:00,684.239990234375,685.2999877929688,684.2000122070312,684.780029296875,623118
2026-02-04 14:20:00-05:00,684.77001953125,685.1749877929688,684.1400146484375,684.72998046875,842367
2026-02-04 14:25:00-05:00,684.7000122070312,685.405029296875,684.4600219726562,685.3400268554688,842179
2026-02-04 14:30:00-05:00,685.3400268554688,686.3400268554688,685.2999877929688,686.2000122070312,1318480
2026-02-04 14:35:00-05:00,686.2050170898438,686.4400024414062,685.7750244140625,686.030029296875,965958
2026-02-04 14:40:00-05:00,686.0399780273438,686.989990234375,685.989990234375,686.5800170898438,1037267
2026-02-04 14:45:00-05:00,686.5800170898438,688.3499755859375,686.3300170898438,687.27001953125,1835522
2026-02-04 14:50:00-05:00,687.27001953125,688.47998046875,687.0700073242188,687.6900024414062,1484401
2026-02-04 14:55:00-05:00,687.6849975585938,688.3099975585938,687.5,688.27001953125,1117590
2026-02-04 15:00:00-05:00,688.27001953125,688.489990234375,687.3900146484375,687.7899780273438,1170058
2026-02-04 15:05:00-05:00,687.7899780273438,688.0499877929688,687.6599731445312,687.9500122070312,673286
2026-02-04 15:10:00-05:00,687.969970703125,688.0999755859375,686.7449951171875,687.4849853515625,1095184
2026-02-04 15:15:00-05:00,687.489990234375,687.7050170898438,687.0900268554688,687.405029296875,881046
2026-02-04 15:20:00-05:00,687.405029296875,687.9600219726562,687.0999755859375,687.7999877929688,926065
2026-02-04 15:25:00-05:00,687.7949829101562,688.1699829101562,687.4550170898438,687.5399780273438,855926
2026-02-04 15:30:00-05:00,687.530029296875,688.0800170898438,687.2899780273438,687.8800048828125,935909
2026-02-04 15:35:00-05:00,687.8900146484375,688.27001953125,687.5900268554688,688.1950073242188,1073036
2026-02-04 15:40:00-05:00,688.1900024414062,688.2999877929688,687.760009765625,687.8200073242188,833204
2026-02-04 15:45:00-05:00,687.8099975585938,688.3200073242188,687.52001953125,688.1500244140625,1154439
2026-02-04 15:50:00-05:00,687.1849975585938,687.3400268554688,686.3499755859375,686.5,2991200
2026-02-04 15:55:00-05:00,686.489990234375,686.5499877929688,685.6409912109375,686.1199951171875,3963786
2026-02-05 09:30:00-05:00,680.9400024414062,680.9400024414062,678.760009765625,680.780029296875,6568606
2026-02-05 09:35:00-05:00,680.7999877929688,682.6400146484375,680.0599975585938,682.469970703125,2684187
2026-02-05 09:40:00-05:00,682.47998046875,683.3499755859375,681.2999877929688,682.9400024414062,2185328
2026-02-05 09:45:00-05:00,682.9400024414062,683.280029296875,682.1300048828125,682.9500122070312,1642090
2026-02-05 09:50:00-05:00,682.9299926757812,683.6900024414062,681.4400024414062,681.8699951171875,1255852
2026-02-05 09:55:00-05:00,681.8400268554688,682.219970703125,680.280029296875,680.6099853515625,1385793
2026-02-05 10:00:00-05:00,680.6099853515625,681.3800048828125,678.9400024414062,679.3800048828125,2029417
2026-02-05 10:05:00-05:00,679.3900146484375,679.5499877929688,678.3300170898438,678.8699951171875,1829372
2026-02-05 10:10:00-05:00,678.8599853515625,679.2000122070312,676.7999877929688,676.8599853515625,2512669
2026-02-05 10:15:00-05:00,676.8599853515625,678.5599975585938,676.7000122070312,678.1199951171875,2261152
2026-02-05 10:20:00-05:00,678.1199951171875,678.3900146484375,676.9000244140625,677.239990234375,1413429
2026-02-05 10:25:00-05:00,677.239990234375,678.260009765625,676.1749877929688,676.6400146484375,1633195
2026-02-05 10:30:00-05:00,676.6500244140625,677.4400024414062,675.9400024414062,676.1099853515625,1762762
2026-02-05 10:35:00-05:00,676.1300048828125,677.9199829101562,676.0,677.75,2217682
2026-02-05 10:40:00-05:00,677.7301025390625,678.489990234375,677.0800170898438,677.9000244140625,1625090
2026-02-05 10:45:00-05:00,677.8699951171875,678.2449951171875,676.135009765625,676.3900146484375,1512184
2026-02-05 10:50:00-05:00,676.3800048828125,677.7899780273438,676.3800048828125,676.72998046875,1569052
2026-02-05 10:55:00-05:00,676.739990234375,677.3499755859375,676.0579833984375,677.3300170898438,1131523
2026-02-05 11:00:00-05:00,677.3300170898438,677.6500244140625,676.4801025390625,676.5297241210938,1427236
2026-02-05 11:05:00-05:00,676.52001953125,676.8599853515625,675.9464721679688,676.0,961789
2026-02-05 11:10:00-05:00,675.97998046875,677.094970703125,675.7899780273438,675.9099731445312,1072719
2026-02-05 11:15:00-05:00,675.8900146484375,678.3400268554688,675.8599853515625,678.1400146484375,1432941
2026-02-05 11:20:00-05:00,678.1300048828125,679.260009765625,678.0499877929688,679.0999755859375,1615592
2026-02-05 11:25:00-05:00,679.1199951171875,679.7899780273438,678.719970703125,679.6599731445312,1342236
2026-02-05 11:30:00-05:00,679.6599731445312,680.4990234375,679.4500122070312,680.3499755859375,1682774
2026-02-05 11:35:00-05:00,680.3599853515625,680.72998046875,679.9299926757812,680.0900268554688,1211442
2026-02-05 11:40:00-05:00,680.0700073242188,680.6300048828125,679.6300048828125,679.97998046875,1236020
2026-02-05 11:45:00-05:00,679.9600219726562,680.0599975585938,678.9500122070312,680.030029296875,883456
2026-02-05 11:50:00-05:00,680.0399780273438,681.260009765625,680.030029296875,681.0449829101562,1128870
2026-02-05 11:55:00-05:00,681.0499877929688,681.5349731445312,680.364990234375,681.239990234375,931705
2026-02-05 12:00:00-05:00,681.219970703125,681.3400268554688,679.5499877929688,679.9550170898438,1096906
2026-02-05 12:05:00-05:00,679.9400024414062,680.5079956054688,679.739990234375,679.9500122070312,590661
2026-02-05 12:10:00-05:00,679.9600219726562,680.260009765625,679.280029296875,680.0098876953125,855609
2026-02-05 12:15:00-05:00,680.0,680.2000122070312,679.5999755859375,679.75,499196
2026-02-05 12:20:00-05:00,679.72998046875,681.0900268554688,678.97998046875,681.0900268554688,795691
2026-02-05 12:25:00-05:00,681.0999755859375,681.9400024414062,681.0800170898438,681.5,987750
2026-02-05 12:30:00-05:00,681.52001953125,681.9000244140625,680.780029296875,680.8300170898438,661315
2026-02-05 12:35:00-05:00,680.8400268554688,681.6799926757812,680.7100219726562,681.4299926757812,484692
2026-02-05 12:40:00-05:00,681.4000244140625,682.2899780273438,681.25,681.719970703125,669414
2026-02-05 12:45:00-05:00,681.719970703125,682.614990234375,680.9299926757812,681.0499877929688,855794
2026-02-05 12:50:00-05:00,681.0499877929688,681.7100219726562,680.530029296875,680.8699951171875,736695
2026-02-05 12:55:00-05:00,680.8400268554688,680.97998046875,680.1699829101562,680.4500122070312,552948
2026-02-05 13:00:00-05:00,680.4600219726562,681.3200073242188,680.3800048828125,680.6699829101562,632558
2026-02-05 13:05:00-05:00,680.6599731445312,680.6599731445312,680.0800170898438,680.260009765625,480236
2026-02-05 13:10:00-05:00,680.25,680.5999755859375,679.760009765625,680.1699829101562,741833
2026-02-05 13:15:00-05:00,680.1400146484375,680.4000244140625,679.6199951171875,679.760009765625,590901
2026-02-05 13:20:00-05:00,679.760009765625,679.9400024414062,678.8499755859375,679.1699829101562,730326
2026-02-05 13:25:00-05:00,679.1900024414062,679.5900268554688,678.9199829101562,679.1500244140625,662055
2026-02-05 13:30:00-05:00,679.1599731445312,680.010009765625,679.0700073242188,679.4299926757812,752170
2026-02-05 13:35:00-05:00,679.4199829101562,679.4600219726562,678.780029296875,678.969970703125,444061
2026-02-05 13:40:00-05:00,678.969970703125,679.3200073242188,678.510009765625,679.010009765625,694636
2026-02-05 13:45:00-05:00,679.0,679.260009765625,678.3699951171875,678.52001953125,598953
2026-02-05 13:50:00-05:00,678.5,678.5,677.7550048828125,678.02001953125,661438
2026-02-05 13:55:00-05:00,678.030029296875,678.614990234375,677.6849975585938,678.30029296875,700817
2026-02-05 14:00:00-05:00,678.3099975585938,679.37109375,678.030029296875,678.9500122070312,801765
2026-02-05 14:05:00-05:00,678.9600219726562,679.7100219726562,678.8699951171875,679.5999755859375,1875762
2026-02-05 14:10:00-05:00,679.6099853515625,680.8599853515625,679.5499877929688,680.5900268554688,1039034
2026-02-05 14:15:00-05:00,680.5900268554688,681.1500854492188,680.4199829101562,681.1300048828125,913160
2026-02-05 14:20:00-05:00,681.1599731445312,681.469970703125,680.9349975585938,681.2100219726562,1081664
2026-02-05 14:25:00-05:00,681.2100219726562,681.22998046875,680.0999755859375,680.2449951171875,807103
2026-02-05 14:30:00-05:00,680.239990234375,680.239990234375,678.54052734375,679.4500122070312,989169
2026-02-05 14:35:00-05:00,679.4400024414062,679.6998901367188,678.9099731445312,679.0499877929688,857889
2026-02-05 14:40:00-05:00,679.0399780273438,679.260009765625,678.6199951171875,678.8699951171875,825703
2026-02-05 14:45:00-05:00,678.8699951171875,679.239990234375,678.60498046875,678.8099975585938,627534
2026-02-05 14:50:00-05:00,678.8400268554688,679.1900024414062,678.3900146484375,678.7899780273438,631603
2026-02-05 14:55:00-05:00,678.8099975585938,679.1699829101562,678.6500244140625,679.0900268554688,700449
2026-02-05 15:00:00-05:00,679.0900268554688,679.5900268554688,678.6900024414062,679.4650268554688,760806
2026-02-05 15:05:00-05:00,679.469970703125,680.7750244140625,679.239990234375,680.64501953125,966799
2026-02-05 15:10:00-05:00,680.6300048828125,680.89501953125,679.72998046875,679.8699951171875,1105320
2026-02-05 15:15:00-05:00,679.8599853515625,679.9000244140625,678.6290283203125,678.75,1277270
2026-02-05 15:20:00-05:00,678.739990234375,678.8800048828125,677.780029296875,677.97998046875,1353316
2026-02-05 15:25:00-05:00,677.9600219726562,678.0900268554688,677.6400146484375,677.77001953125,1175619
2026-02-05 15:30:00-05:00,677.7899780273438,678.1799926757812,677.239990234375,677.3200073242188,1404131
2026-02-05 15:35:00-05:00,677.3200073242188,677.75,677.0900268554688,677.72998046875,1544432
2026-02-05 15:40:00-05:00,677.72998046875,678.3499145507812,676.9199829101562,677.1199951171875,1583013
2026-02-05 15:45:00-05:00,677.1300048828125,677.3200073242188,676.510009765625,676.969970703125,2686924
2026-02-05 15:50:00-05:00,676.97998046875,677.4400024414062,676.1854858398438,677.0800170898438,2211180
2026-02-05 15:55:00-05:00,677.0700073242188,678.0399780273438,676.9400024414062,677.4400024414062,4636144
2026-02-06 09:30:00-05:00,681.4600219726562,684.469970703125,680.8499755859375,683.7999877929688,6299749
2026-02-06 09:35:00-05:00,683.7999877929688,685.0399780273438,683.52001953125,684.7100219726562,3249556
2026-02-06 09:40:00-05:00,684.7000122070312,685.5700073242188,683.969970703125,685.5499877929688,2531770
2026-02-06 09:45:00-05:00,685.5599975585938,685.8699951171875,684.9500122070312,685.530029296875,2448637
2026-02-06 09:50:00-05:00,685.5399780273438,686.510009765625,685.3200073242188,685.3699951171875,1709333
2026-02-06 09:55:00-05:00,685.3699951171875,685.3699951171875,684.5800170898438,684.7449951171875,1325464
2026-02-06 10:00:00-05:00,684.7999877929688,685.1300048828125,683.6799926757812,684.0800170898438,1331696
2026-02-06 10:05:00-05:00,684.0800170898438,684.9298706054688,683.3599853515625,683.969970703125,1461989
2026-02-06 10:10:00-05:00,683.969970703125,685.489990234375,683.6699829101562,683.72998046875,1539529
2026-02-06 10:15:00-05:00,683.719970703125,685.0399780273438,683.1099853515625,684.7899780273438,1120118
2026-02-06 10:20:00-05:00,684.7999877929688,685.77001953125,683.8900146484375,684.3699951171875,1427611
2026-02-06 10:25:00-05:00,684.3699951171875,685.8099975585938,684.1199951171875,685.6500244140625,1004307
2026-02-06 10:30:00-05:00,685.6500244140625,686.3499755859375,684.9099731445312,686.1500244140625,1357598
2026-02-06 10:35:00-05:00,686.1599731445312,686.2949829101562,685.760009765625,686.1099853515625,1025690
2026-02-06 10:40:00-05:00,686.0999755859375,686.75,685.9299926757812,686.3499755859375,1034013
2026-02-06 10:45:00-05:00,686.3599853515625,687.0399780273438,685.8499755859375,685.9450073242188,1359533
2026-02-06 10:50:00-05:00,685.9299926757812,685.969970703125,684.3800048828125,684.5399780273438,1253199
2026-02-06 10:55:00-05:00,684.52001953125,685.9600219726562,684.3300170898438,685.7999877929688,1322811
2026-02-06 11:00:00-05:00,685.7899780273438,686.9000244140625,685.4299926757812,686.9000244140625,1060349
2026-02-06 11:05:00-05:00,686.9000244140625,687.2999877929688,686.5499877929688,687.1099853515625,1336451
2026-02-06 11:10:00-05:00,687.1099853515625,687.3900146484375,686.9099731445312,687.3599853515625,1093094
2026-02-06 11:15:00-05:00,687.3499755859375,687.52001953125,686.8150024414062,687.0800170898438,926708
2026-02-06 11:20:00-05:00,687.0900268554688,687.719970703125,687.0150146484375,687.260009765625,837141
2026-02-06 11:25:00-05:00,687.260009765625,687.3200073242188,686.5800170898438,687.10498046875,821734
2026-02-06 11:30:00-05:00,687.10498046875,687.7100219726562,687.0499877929688,687.6900024414062,779419
2026-02-06 11:35:00-05:00,687.68798828125,687.97998046875,687.530029296875,687.75,955282
2026-02-06 11:40:00-05:00,687.7498779296875,688.010009765625,687.4199829101562,687.7000122070312,691346
2026-02-06 11:45:00-05:00,687.7000122070312,687.9299926757812,687.530029296875,687.8200073242188,512846
2026-02-06 11:50:00-05:00,687.8098754882812,688.0,687.6749877929688,687.780029296875,434490
2026-02-06 11:55:00-05:00,687.77001953125,687.7750244140625,686.9400024414062,687.4600219726562,814507
2026-02-06 12:00:00-05:00,687.4550170898438,687.8200073242188,687.1400146484375,687.8150024414062,656282
2026-02-06 12:05:00-05:00,687.8099975585938,688.3800048828125,687.7999877929688,688.1500244140625,584421
2026-02-06 12:10:00-05:00,688.1500244140625,688.4000244140625,687.7000122070312,687.9400024414062,582219
2026-02-06 12:15:00-05:00,687.9400024414062,688.25,687.6099853515625,688.0250244140625,523229
2026-02-06 12:20:00-05:00,688.0399780273438,688.0700073242188,687.739990234375,687.97998046875,378858
2026-02-06 12:25:00-05:00,687.969970703125,688.510009765625,687.969970703125,688.47998046875,577813
2026-02-06 12:30:00-05:00,688.5,688.9099731445312,688.4710083007812,688.6799926757812,801665
2026-02-06 12:35:00-05:00,688.6799926757812,688.6900024414062,687.8524169921875,688.010009765625,555411
2026-02-06 12:40:00-05:00,688.0050048828125,688.510009765625,687.97998046875,688.5,428923
2026-02-06 12:45:00-05:00,688.5,688.9650268554688,688.4949951171875,688.905029296875,669698
2026-02-06 12:50:00-05:00,688.9000244140625,689.5399780273438,688.7498779296875,689.0700073242188,878612
2026-02-06 12:55:00-05:00,689.0599975585938,689.1950073242188,688.9349975585938,688.9500122070312,514905
2026-02-06 13:00:00-05:00,688.9600219726562,689.510009765625,688.9500122070312,689.469970703125,534592
2026-02-06 13:05:00-05:00,689.4650268554688,689.5,688.8900146484375,689.10498046875,597081
2026-02-06 13:10:00-05:00,689.0999755859375,689.3400268554688,688.9600219726562,689.0449829101562,400432
2026-02-06 13:15:00-05:00,689.0449829101562,689.2100219726562,688.6300048828125,689.1599731445312,407124
2026-02-06 13:20:00-05:00,689.1699829101562,689.4400024414062,688.8900146484375,688.9099731445312,487219
2026-02-06 13:25:00-05:00,688.905029296875,688.989990234375,688.5900268554688,688.9450073242188,588236
2026-02-06 13:30:00-05:00,688.9500122070312,689.218994140625,688.8800048828125,688.9500122070312,401038
2026-02-06 13:35:00-05:00,688.9500122070312,689.4099731445312,688.9401245117188,689.2999877929688,380514
2026-02-06 13:40:00-05:00,689.3049926757812,689.4600219726562,689.1799926757812,689.3049926757812,397152
2026-02-06 13:45:00-05:00,689.3099975585938,689.5549926757812,689.280029296875,689.5150146484375,421936
2026-02-06 13:50:00-05:00,689.52001953125,689.6599731445312,689.3400268554688,689.3699951171875,513742
2026-02-06 13:55:00-05:00,689.3499755859375,689.4299926757812,688.9500122070312,689.030029296875,439125
2026-02-06 14:00:00-05:00,689.030029296875,689.3900146484375,688.9400024414062,689.344970703125,705639
2026-02-06 14:05:00-05:00,689.3499755859375,689.4199829101562,689.0999755859375,689.2100219726562,548828
2026-02-06 14:10:00-05:00,689.2150268554688,689.3300170898438,688.9000244140625,688.909912109375,476932
2026-02-06 14:15:00-05:00,688.9099731445312,689.0800170898438,688.739990234375,688.9000244140625,418790
2026-02-06 14:20:00-05:00,688.8900146484375,689.530029296875,688.8800048828125,689.4099731445312,580530
2026-02-06 14:25:00-05:00,689.4099731445312,689.489990234375,689.2531127929688,689.47802734375,463894
2026-02-06 14:30:00-05:00,689.47998046875,689.5599975585938,689.1900024414062,689.2150268554688,628238
2026-02-06 14:35:00-05:00,689.2150268554688,689.3699951171875,689.1300048828125,689.2000732421875,463196
2026-02-06 14:40:00-05:00,689.2050170898438,689.2050170898438,688.9000244140625,688.9749755859375,502237
2026-02-06 14:45:00-05:00,688.97998046875,689.760009765625,688.969970703125,689.6400146484375,505910
2026-02-06 14:50:00-05:00,689.6300048828125,689.72998046875,689.4000244140625,689.5399780273438,529116
2026-02-06 14:55:00-05:00,689.5599975585938,689.5800170898438,689.27001953125,689.3499755859375,467827
2026-02-06 15:00:00-05:00,689.3400268554688,689.6599731445312,689.0999755859375,689.52001953125,591615
2026-02-06 15:05:00-05:00,689.52001953125,689.8099975585938,689.4600219726562,689.60498046875,710251
2026-02-06 15:10:00-05:00,689.5999755859375,689.625,689.4400024414062,689.4650268554688,749986
2026-02-06 15:15:00-05:00,689.469970703125,689.7899780273438,689.4425048828125,689.760009765625,684163
2026-02-06 15:20:00-05:00,689.760009765625,690.1400146484375,689.719970703125,690.0115966796875,980772
2026-02-06 15:25:00-05:00,690.010009765625,690.0999755859375,689.7100219726562,689.7750244140625,900421
2026-02-06 15:30:00-05:00,689.77001953125,690.0800170898438,689.5999755859375,689.8900146484375,925481
2026-02-06 15:35:00-05:00,689.8800048828125,690.0422973632812,689.721923828125,690.0349731445312,835058
2026-02-06 15:40:00-05:00,690.030029296875,690.7686767578125,690.0,690.75,1789076
2026-02-06 15:45:00-05:00,690.760009765625,691.1699829101562,690.7249755859375,691.0499877929688,1921868
2026-02-06 15:50:00-05:00,691.0499877929688,692.3099975585938,690.9199829101562,692.0,3494266
2026-02-06 15:55:00-05:00,691.989990234375,692.030029296875,690.5800170898438,690.5999755859375,5862684
2026-02-09 09:30:00-05:00,689.4199829101562,690.1699829101562,688.3400268554688,689.869873046875,4003478
2026-02-09 09:35:00-05:00,689.8699951171875,691.1500244140625,689.3900146484375,691.1300048828125,2129050
2026-02-09 09:40:00-05:00,691.1400146484375,691.5700073242188,690.8099975585938,691.1950073242188,1708395
2026-02-09 09:45:00-05:00,691.1950073242188,691.635009765625,690.5,691.2349853515625,1860692
2026-02-09 09:50:00-05:00,691.239990234375,691.2899780273438,689.780029296875,690.4600219726562,1528530
2026-02-09 09:55:00-05:00,690.47998046875,690.8699951171875,690.239990234375,690.4099731445312,995433
2026-02-09 10:00:00-05:00,690.4000244140625,691.2664794921875,690.219970703125,691.260009765625,1052119
2026-02-09 10:05:00-05:00,691.27001953125,691.9400024414062,691.1799926757812,691.5999755859375,1135473
2026-02-09 10:10:00-05:00,691.5999755859375,691.8300170898438,691.1599731445312,691.780029296875,795265
2026-02-09 10:15:00-05:00,691.7899780273438,692.6799926757812,691.780029296875,692.6699829101562,1250439
2026-02-09 10:20:00-05:00,692.6699829101562,692.9299926757812,692.219970703125,692.3400268554688,905390
2026-02-09 10:25:00-05:00,692.3300170898438,692.3900146484375,691.6900024414062,691.9400024414062,685791
2026-02-09 10:30:00-05:00,691.9600219726562,693.280029296875,691.938720703125,693.2449951171875,946435
2026-02-09 10:35:00-05:00,693.25,693.7650146484375,693.2000122070312,693.3699951171875,1261428
2026-02-09 10:40:00-05:00,693.3599853515625,693.5999755859375,693.3099975585938,693.5399780273438,604262
2026-02-09 10:45:00-05:00,693.5399780273438,693.7999877929688,693.2100219726562,693.780029296875,791235
2026-02-09 10:50:00-05:00,693.780029296875,694.0,693.5599975585938,693.8250122070312,1080551
2026-02-09 10:55:00-05:00,693.8300170898438,694.4600219726562,693.7899780273438,694.239990234375,955244
2026-02-09 11:00:00-05:00,694.22998046875,694.6199951171875,694.2100219726562,694.5499877929688,600586
2026-02-09 11:05:00-05:00,694.5399780273438,694.5700073242188,694.0900268554688,694.1799926757812,814881
2026-02-09 11:10:00-05:00,694.1900024414062,694.4600219726562,694.0599975585938,694.3049926757812,630968
2026-02-09 11:15:00-05:00,694.2999877929688,694.47998046875,694.0599975585938,694.0900268554688,631186
2026-02-09 11:20:00-05:00,694.0900268554688,694.52001953125,694.0700073242188,694.510009765625,1186044
2026-02-09 11:25:00-05:00,694.5,694.760009765625,694.3400268554688,694.689697265625,776919
2026-02-09 11:30:00-05:00,694.6799926757812,694.77001953125,694.4749755859375,694.5900268554688,583182
2026-02-09 11:35:00-05:00,694.5900268554688,694.60498046875,694.27001953125,694.5349731445312,466259
2026-02-09 11:40:00-05:00,694.5549926757812,695.0,694.543701171875,694.969970703125,559215
2026-02-09 11:45:00-05:00,694.969970703125,695.3300170898438,694.9600219726562,695.1950073242188,738408
2026-02-09 11:50:00-05:00,695.2000122070312,695.52001953125,695.0999755859375,695.385009765625,776066
2026-02-09 11:55:00-05:00,695.3800048828125,695.5900268554688,695.3300170898438,695.3900146484375,593369
2026-02-09 12:00:00-05:00,695.385009765625,695.6300048828125,695.2100219726562,695.510009765625,564581
2026-02-09 12:05:00-05:00,695.5050048828125,695.5599975585938,695.2999877929688,695.3800048828125,364782
2026-02-09 12:10:00-05:00,695.3800048828125,695.6599731445312,695.3400268554688,695.47998046875,500464
2026-02-09 12:15:00-05:00,695.469970703125,695.5900268554688,695.4099731445312,695.510009765625,360682
2026-02-09 12:20:00-05:00,695.510009765625,695.52001953125,695.219970703125,695.3150024414062,430052
2026-02-09 12:25:00-05:00,695.3200073242188,695.3699951171875,695.1199951171875,695.1400146484375,415465
2026-02-09 12:30:00-05:00,695.1500244140625,695.2999877929688,694.97998046875,695.1380004882812,369667
2026-02-09 12:35:00-05:00,695.1400146484375,695.510009765625,695.0250244140625,695.0650024414062,383067
2026-02-09 12:40:00-05:00,695.0650024414062,695.1199951171875,694.8200073242188,694.9299926757812,379656
2026-02-09 12:45:00-05:00,694.9400024414062,695.010009765625,694.72998046875,694.9550170898438,357004
2026-02-09 12:50:00-05:00,694.9600219726562,694.9600219726562,694.77001953125,694.8800048828125,251648
2026-02-09 12:55:00-05:00,694.8800048828125,694.8900146484375,694.47998046875,694.5800170898438,415350
2026-02-09 13:00:00-05:00,694.5700073242188,694.9520263671875,694.3599853515625,694.719970703125,629671
2026-02-09 13:05:00-05:00,694.72998046875,694.9398803710938,694.5399780273438,694.8699951171875,279773
2026-02-09 13:10:00-05:00,694.860107421875,694.9299926757812,694.6500244140625,694.864990234375,225449
2026-02-09 13:15:00-05:00,694.8699951171875,694.9199829101562,694.6799926757812,694.8400268554688,389211
2026-02-09 13:20:00-05:00,694.8400268554688,695.0,693.5499877929688,694.5800170898438,1537476
2026-02-09 13:25:00-05:00,694.5700073242188,694.6199951171875,694.0999755859375,694.22998046875,547685
2026-02-09 13:30:00-05:00,694.22998046875,694.8099975585938,694.0,694.6599731445312,572513
2026-02-09 13:35:00-05:00,694.6599731445312,694.8599853515625,694.5399780273438,694.8200073242188,286277
2026-02-09 13:40:00-05:00,694.8300170898438,695.1699829101562,694.719970703125,695.0001220703125,545412
2026-02-09 13:45:00-05:00,695.0,695.1900024414062,694.77001953125,694.7999877929688,401550
2026-02-09 13:50:00-05:00,694.8200073242188,694.9600219726562,694.6799926757812,694.75,321508
2026-02-09 13:55:00-05:00,694.7550048828125,694.8599853515625,694.489990234375,694.6699829101562,406765
2026-02-09 14:00:00-05:00,694.6699829101562,695.0999755859375,694.489990234375,695.0700073242188,527494
2026-02-09 14:05:00-05:00,695.0800170898438,695.0900268554688,694.6799926757812,694.7849731445312,348219
2026-02-09 14:10:00-05:00,694.780029296875,695.3400268554688,694.780029296875,695.260009765625,711351
2026-02-09 14:15:00-05:00,695.25,695.4000244140625,695.1799926757812,695.344970703125,517155
2026-02-09 14:20:00-05:00,695.344970703125,695.760009765625,695.3099975585938,695.6699829101562,595601
2026-02-09 14:25:00-05:00,695.6699829101562,695.8699951171875,695.6199951171875,695.739990234375,570320
2026-02-09 14:30:00-05:00,695.739990234375,695.8499755859375,695.5650024414062,695.6300048828125,524564
2026-02-09 14:35:00-05:00,695.6400146484375,695.780029296875,695.530029296875,695.6950073242188,386896
2026-02-09 14:40:00-05:00,695.6950073242188,695.6950073242188,695.489990234375,695.5900268554688,362419
2026-02-09 14:45:00-05:00,695.5900268554688,695.6799926757812,695.47998046875,695.635009765625,434485
2026-02-09 14:50:00-05:00,695.6400146484375,695.7000122070312,695.4199829101562,695.5349731445312,401910
2026-02-09 14:55:00-05:00,695.530029296875,695.6099853515625,695.3400268554688,695.4199829101562,356025
2026-02-09 15:00:00-05:00,695.4199829101562,695.6699829101562,695.3200073242188,695.5,961140
2026-02-09 15:05:00-05:00,695.489990234375,695.719970703125,695.4500122070312,695.4904174804688,451322
2026-02-09 15:10:00-05:00,695.5,695.5999755859375,695.4099731445312,695.4149780273438,334723
2026-02-09 15:15:00-05:00,695.4099731445312,695.4299926757812,695.0399780273438,695.114990234375,949017
2026-02-09 15:20:00-05:00,695.1099853515625,695.1599731445312,694.7849731445312,694.9099731445312,827009
2026-02-09 15:25:00-05:00,694.9099731445312,694.9550170898438,694.3300170898438,694.5750122070312,1082261
2026-02-09 15:30:00-05:00,694.5700073242188,694.581298828125,694.0996704101562,694.0999755859375,1205776
2026-02-09 15:35:00-05:00,694.0999755859375,694.5900268554688,693.8800048828125,694.5599975585938,1404112
2026-02-09 15:40:00-05:00,694.5650024414062,694.844970703125,694.280029296875,694.6099853515625,1641566
2026-02-09 15:45:00-05:00,694.5999755859375,694.8699951171875,694.594970703125,694.7999877929688,1509833
2026-02-09 15:50:00-05:00,694.7899780273438,695.02001953125,694.0800170898438,694.3099975585938,1776430
2026-02-09 15:55:00-05:00,694.3099975585938,694.8400268554688,693.9099731445312,693.9099731445312,4030423
2026-02-10 09:30:00-05:00,694.9500122070312,695.5499877929688,694.7999877929688,695.0499877929688,3304085
2026-02-10 09:35:00-05:00,695.0499877929688,695.1400146484375,693.760009765625,694.3699951171875,1814694
2026-02-10 09:40:00-05:00,694.3800048828125,694.4500122070312,693.4550170898438,693.9849853515625,1439492
2026-02-10 09:45:00-05:00,694.0,694.239990234375,693.6400146484375,693.9400024414062,1056665
2026-02-10 09:50:00-05:00,693.9409790039062,695.3699951171875,693.9199829101562,695.3699951171875,1237653
2026-02-10 09:55:00-05:00,695.3800048828125,696.1599731445312,695.2130737304688,695.75,1193210
2026-02-10 10:00:00-05:00,695.739990234375,695.8300170898438,695.5,695.8099975585938,698186
2026-02-10 10:05:00-05:00,695.8099975585938,696.4349975585938,695.5650024414062,696.2000122070312,870407
2026-02-10 10:10:00-05:00,696.2098999023438,696.3699951171875,694.7100219726562,695.4099731445312,1094862
2026-02-10 10:15:00-05:00,695.4099731445312,696.0599975585938,694.9600219726562,696.02001953125,902776
2026-02-10 10:20:00-05:00,696.030029296875,696.3900146484375,695.4299926757812,695.469970703125,824927
2026-02-10 10:25:00-05:00,695.469970703125,696.0599975585938,695.3099975585938,695.9199829101562,614738
2026-02-10 10:30:00-05:00,695.905029296875,696.5399780273438,695.6500244140625,695.9213256835938,868891
2026-02-10 10:35:00-05:00,695.9299926757812,695.9450073242188,695.3499755859375,695.6099853515625,575610
2026-02-10 10:40:00-05:00,695.6099853515625,696.1699829101562,695.5800170898438,696.0650024414062,496121
2026-02-10 10:45:00-05:00,696.0700073242188,696.2100219726562,695.4600219726562,695.719970703125,465677
2026-02-10 10:50:00-05:00,695.6900024414062,695.8300170898438,695.2899780273438,695.6699829101562,412789
2026-02-10 10:55:00-05:00,695.6599731445312,695.739990234375,694.9099731445312,695.39501953125,633028
2026-02-10 11:00:00-05:00,695.4000244140625,695.6699829101562,695.1300048828125,695.3800048828125,428940
2026-02-10 11:05:00-05:00,695.3699951171875,695.4349975585938,694.6199951171875,694.6199951171875,617633
2026-02-10 11:10:00-05:00,694.6300048828125,695.1699829101562,694.6199951171875,694.9000244140625,533632
2026-02-10 11:15:00-05:00,694.8900146484375,695.3200073242188,694.2999877929688,694.9600219726562,799879
2026-02-10 11:20:00-05:00,694.969970703125,695.0698852539062,694.0900268554688,694.5280151367188,884960
2026-02-10 11:25:00-05:00,694.530029296875,695.1099853515625,694.3900146484375,694.780029296875,536208
2026-02-10 11:30:00-05:00,694.77001953125,694.8800048828125,694.4500122070312,694.5700073242188,452444
2026-02-10 11:35:00-05:00,694.5700073242188,694.9199829101562,694.5399780273438,694.8233032226562,359551
2026-02-10 11:40:00-05:00,694.8200073242188,695.1199951171875,694.5999755859375,694.64501953125,420208
2026-02-10 11:45:00-05:00,694.6500244140625,695.4000244140625,694.5800170898438,694.6400146484375,486911
2026-02-10 11:50:00-05:00,694.6400146484375,694.9199829101562,694.3200073242188,694.864990234375,428908
2026-02-10 11:55:00-05:00,694.8599853515625,695.0900268554688,694.6500244140625,694.77001953125,271090
2026-02-10 12:00:00-05:00,694.7550048828125,694.864990234375,694.2000122070312,694.47998046875,396879
2026-02-10 12:05:00-05:00,694.47998046875,695.1500244140625,694.4550170898438,695.1199951171875,747084
2026-02-10 12:10:00-05:00,695.1099853515625,695.5399780273438,695.1099853515625,695.4749755859375,618752
2026-02-10 12:15:00-05:00,695.469970703125,695.6701049804688,695.3250122070312,695.60498046875,409513
2026-02-10 12:20:00-05:00,695.6096801757812,695.6300048828125,694.9600219726562,695.1400146484375,810136
2026-02-10 12:25:00-05:00,695.1300048828125,695.4299926757812,695.0700073242188,695.25,317630
2026-02-10 12:30:00-05:00,695.25,695.3800048828125,695.0499877929688,695.2000122070312,283878
2026-02-10 12:35:00-05:00,695.1900024414062,695.27001953125,694.8250122070312,695.1099853515625,270261
2026-02-10 12:40:00-05:00,695.1099853515625,695.5700073242188,695.1099853515625,695.489990234375,313906
2026-02-10 12:45:00-05:00,695.4849853515625,695.7999877929688,695.47998046875,695.5050048828125,304080
2026-02-10 12:50:00-05:00,695.510009765625,695.7449951171875,695.3900146484375,695.5499877929688,260725
2026-02-10 12:55:00-05:00,695.5599975585938,695.5900268554688,695.3400268554688,695.4412841796875,253641
2026-02-10 13:00:00-05:00,695.4500122070312,695.469970703125,695.0700073242188,695.22998046875,241491
2026-02-10 13:05:00-05:00,695.22998046875,695.239990234375,694.7681274414062,694.8400268554688,385594
2026-02-10 13:10:00-05:00,694.8300170898438,694.9400024414062,694.5399780273438,694.594970703125,363944
2026-02-10 13:15:00-05:00,694.5800170898438,694.6699829101562,693.8400268554688,694.1199951171875,761942
2026-02-10 13:20:00-05:00,694.0999755859375,694.4199829101562,693.6699829101562,694.1500244140625,799495
2026-02-10 13:25:00-05:00,694.1649780273438,694.1749877929688,693.3699951171875,693.4400024414062,715472
2026-02-10 13:30:00-05:00,693.4299926757812,693.6699829101562,693.0,693.27001953125,1040651
2026-02-10 13:35:00-05:00,693.260009765625,693.8599853515625,693.1699829101562,693.7020263671875,849972
2026-02-10 13:40:00-05:00,693.7000122070312,693.8200073242188,693.530029296875,693.614990234375,356119
2026-02-10 13:45:00-05:00,693.594970703125,693.6300048828125,693.02001953125,693.125,607065
2026-02-10 13:50:00-05:00,693.125,693.3200073242188,692.8499755859375,692.907470703125,532681
2026-02-10 13:55:00-05:00,692.9099731445312,693.8200073242188,692.8499755859375,693.6400146484375,696019
2026-02-10 14:00:00-05:00,693.6500244140625,693.8800048828125,693.4000244140625,693.4749755859375,637580
2026-02-10 14:05:00-05:00,693.4749755859375,693.72998046875,693.239990234375,693.4400024414062,612758
2026-02-10 14:10:00-05:00,693.4400024414062,693.77001953125,693.3400268554688,693.659912109375,505979
2026-02-10 14:15:00-05:00,693.6619873046875,693.6799926757812,693.1300048828125,693.3099975585938,375352
2026-02-10 14:20:00-05:00,693.2999877929688,693.8200073242188,693.280029296875,693.781005859375,532299
2026-02-10 14:25:00-05:00,693.780029296875,693.905029296875,693.52001953125,693.8699951171875,344807
2026-02-10 14:30:00-05:00,693.8699951171875,694.1300048828125,693.6649780273438,693.7249755859375,493631
2026-02-10 14:35:00-05:00,693.7249755859375,693.97998046875,693.6900024414062,693.8900146484375,409540
2026-02-10 14:40:00-05:00,693.8900146484375,693.97998046875,693.3599853515625,693.510009765625,381588
2026-02-10 14:45:00-05:00,693.52001953125,693.8099975585938,693.4600219726562,693.760009765625,300649
2026-02-10 14:50:00-05:00,693.75,693.760009765625,693.364990234375,693.469970703125,335018
2026-02-10 14:55:00-05:00,693.47998046875,693.9000244140625,693.4500122070312,693.77001953125,371678
2026-02-10 15:00:00-05:00,693.760009765625,693.9929809570312,693.3900146484375,693.4500122070312,533522
2026-02-10 15:05:00-05:00,693.4550170898438,693.6099853515625,693.260009765625,693.4849853515625,417596
2026-02-10 15:10:00-05:00,693.47998046875,693.530029296875,693.1099853515625,693.2100219726562,550833
2026-02-10 15:15:00-05:00,693.2000122070312,693.7449951171875,693.1799926757812,693.6300048828125,472544
2026-02-10 15:20:00-05:00,693.6199951171875,693.8400268554688,693.3599853515625,693.3699951171875,562860
2026-02-10 15:25:00-05:00,693.3599853515625,693.5399780273438,693.1099853515625,693.2974853515625,653107
2026-02-10 15:30:00-05:00,693.2999877929688,693.5399780273438,693.0399780273438,693.1362915039062,909946
2026-02-10 15:35:00-05:00,693.1400146484375,693.25,692.8699951171875,692.9500122070312,1034446
2026-02-10 15:40:00-05:00,692.9500122070312,693.2199096679688,692.8900146484375,693.0599975585938,946447
2026-02-10 15:45:00-05:00,693.0599975585938,693.4349975585938,692.969970703125,693.4000244140625,1319568
2026-02-10 15:50:00-05:00,693.4000244140625,693.4299926757812,692.2000122070312,692.3300170898438,3146718
2026-02-10 15:55:00-05:00,692.3300170898438,692.4299926757812,691.6599731445312,692.1099853515625,6413617
